specimen_code,genus,split,view,image_path,width,height,mask_px,mask_area_fraction,bbox,n_components,n_components_30px,mask_touches_border,border_edges,card_residue_px,card_residue_frac,pin_residue_px,pin_residue_frac,border_rgb,scalebar_status,scalebar_box,flags,rembg_s,post_s
casent0005965,Anochetus,train,p,data/images/Anochetus/casent0005965_p.jpg,1024,716,252565,0.34448,"0,63,997,665",2,1,True,left,4776,0.01891,0,0.0,"127,126,119",found,"410,665,614,716",,0.779,1.104
casent0005966,Anochetus,train,p,data/images/Anochetus/casent0005966_p.jpg,1024,696,171543,0.24069,"19,96,1002,681",1,1,False,,1053,0.00614,0,0.0,"137,135,125",found,"410,646,614,696",,0.213,1.128
casent0007734,Anochetus,train,p,data/images/Anochetus/casent0007734_p.jpg,1024,669,187746,0.27406,"30,111,992,642",1,1,False,,4495,0.02394,0,0.0,"152,151,146",found,"73,584,378,650",,0.213,1.113
casent0033463,Anochetus,train,p,data/images/Anochetus/casent0033463_p.jpg,1024,752,171077,0.22216,"35,59,990,735",3,1,False,,4966,0.02903,0,0.0,"145,142,138",found,"150,686,358,752",,0.212,1.274
casent0101574,Anochetus,train,p,data/images/Anochetus/casent0101574_p.jpg,1024,581,203125,0.34142,"51,33,989,511",2,1,False,,2850,0.01403,0,0.0,"156,148,128",found,"820,506,1023,572",,0.215,0.961
casent0101579,Anochetus,train,p,data/images/Anochetus/casent0101579_p.jpg,1024,771,230927,0.2925,"82,123,944,771",2,1,True,bottom,3081,0.01334,0,0.0,"151,148,123",found,"799,696,1023,762",,0.216,1.284
casent0101587,Anochetus,test,p,data/images/Anochetus/casent0101587_p.jpg,1024,545,148898,0.2668,"29,39,994,502",1,1,False,,1209,0.00812,0,0.0,"161,154,131",found,"800,458,982,523",,0.215,0.941
casent0101609,Anochetus,train,p,data/images/Anochetus/casent0101609_p.jpg,1024,491,137456,0.27339,"26,123,1024,463",1,1,True,right,29543,0.21493,0,0.0,"144,142,141",found,"70,405,360,471",,0.216,0.855
casent0101651,Anochetus,train,p,data/images/Anochetus/casent0101651_p.jpg,1280,740,199462,0.21058,"17,34,1241,644",1,1,False,,4062,0.02036,0,0.0,"135,128,109",found,"689,591,906,673",,0.178,2.159
casent0101663,Anochetus,train,p,data/images/Anochetus/casent0101663_p.jpg,1024,637,194043,0.29748,"38,40,1024,538",6,1,True,right,7528,0.0388,0,0.0,"145,142,120",found,"498,535,723,600",,0.217,1.029
casent0101674,Anochetus,test,p,data/images/Anochetus/casent0101674_p.jpg,1024,568,141429,0.24316,"29,19,1024,542",1,1,True,right,347,0.00245,0,0.0,"137,130,111",found,"509,433,676,498",,0.171,0.961
casent0101712,Anochetus,train,p,data/images/Anochetus/casent0101712_p.jpg,1024,319,95478,0.29229,"26,37,1008,287",1,1,False,,13,0.00014,0,0.0,"158,149,133",found,"154,240,328,305",,0.172,0.525
casent0101729,Anochetus,train,p,data/images/Anochetus/casent0101729_p.jpg,1024,561,196049,0.34127,"28,16,1010,534",1,1,False,,18570,0.09472,0,0.0,"157,151,138",found,"862,498,1024,561",,0.174,0.907
casent0101756,Anochetus,train,p,data/images/Anochetus/casent0101756_p.jpg,1024,697,159053,0.22285,"33,20,975,669",7,2,False,,0,0.0,0,0.0,"134,130,112",found,"117,593,325,658",,0.168,1.131
casent0101819,Anochetus,test,p,data/images/Anochetus/casent0101819_p.jpg,1280,795,393606,0.3868,"40,129,1215,717",1,1,False,,6607,0.01679,0,0.0,"141,138,116",found,"578,595,841,677",,0.172,2.21
casent0101957,Anochetus,train,p,data/images/Anochetus/casent0101957_p.jpg,1280,572,265745,0.36296,"42,189,1280,567",1,1,True,right,5224,0.01966,0,0.0,"132,122,108",found,"877,467,1100,549",,0.168,1.64
casent0102931,Anochetus,train,p,data/images/Anochetus/casent0102931_p.jpg,1024,682,229621,0.3288,"0,99,984,657",6,3,True,left,7169,0.03122,0,0.0,"143,141,140",found,"587,616,796,681",,0.169,1.105
casent0102932,Anochetus,train,p,data/images/Anochetus/casent0102932_p.jpg,1024,711,188409,0.25878,"35,91,1005,613",4,1,False,,13062,0.06933,0,0.0,"148,148,144",found,"144,635,386,700",,0.174,1.172
casent0102933,Anochetus,test,p,data/images/Anochetus/casent0102933_p.jpg,1024,687,162537,0.23104,"17,18,981,661",1,1,False,,6928,0.04262,0,0.0,"173,173,171",found,"91,620,296,686",,0.165,1.14
casent0104542,Anochetus,train,p,data/images/Anochetus/casent0104542_p.jpg,1024,1024,228694,0.2181,"0,151,991,949",2,2,True,left,9560,0.0418,0,0.0,"162,164,157",found,"377,935,619,1002",,0.173,1.679
casent0104543,Anochetus,train,p,data/images/Anochetus/casent0104543_p.jpg,1024,710,201056,0.27654,"31,94,991,636",1,1,False,,2674,0.0133,0,0.0,"156,157,154",found,"418,647,606,710",,0.175,1.16
casent0104547,Anochetus,test,p,data/images/Anochetus/casent0104547_p.jpg,1024,771,245070,0.31041,"50,52,982,771",1,1,True,bottom,6462,0.02637,0,0.0,"145,145,142",found,"125,711,366,771",,0.171,1.213
casent0104548,Anochetus,test,p,data/images/Anochetus/casent0104548_p.jpg,1024,771,248325,0.31453,"37,57,985,722",1,1,False,,8915,0.0359,0,0.0,"153,153,150",found,"146,705,351,771",,0.171,1.217
casent0104554,Anochetus,train,p,data/images/Anochetus/casent0104554_p.jpg,1024,705,154459,0.21396,"10,59,1005,694",1,1,False,,10272,0.0665,0,0.0,"167,167,164",found,"767,638,973,703",,0.177,1.171
casent0416368,Anochetus,train,p,data/images/Anochetus/casent0416368_p.jpg,1024,676,137699,0.19892,"15,73,1024,660",2,2,True,right,4856,0.03527,0,0.0,"155,153,155",found,"287,616,454,676",,0.179,1.138
casent0447670,Anochetus,train,p,data/images/Anochetus/casent0447670_p.jpg,1024,796,215996,0.26499,"39,35,972,781",1,1,False,,4741,0.02195,0,0.0,"156,156,155",found,"404,720,652,785",,0.171,1.288
casent0497580,Anochetus,train,p,data/images/Anochetus/casent0497580_p.jpg,1024,771,268274,0.3398,"31,65,973,754",1,1,False,,3935,0.01467,0,0.0,"146,142,140",found,"574,709,759,771",,0.173,1.228
casent0498309,Anochetus,train,p,data/images/Anochetus/casent0498309_p.jpg,1024,771,229898,0.29119,"48,0,996,677",1,1,True,top,3041,0.01323,0,0.0,"154,154,145",found,"503,708,709,771",,0.168,1.232
casent0498593,Anochetus,train,p,data/images/Anochetus/casent0498593_p.jpg,1024,771,258370,0.32726,"56,85,1004,714",2,1,False,,1969,0.00762,0,0.0,"212,212,210",found,"784,702,1024,768",,0.166,1.23
casent0001385,Aphaenogaster,train,p,data/images/Aphaenogaster/casent0001385_p.jpg,1071,808,227528,0.26293,"40,24,1068,751",7,4,False,,10573,0.04647,0,0.0,"157,156,150",found,"369,755,700,808",,0.167,1.438
casent0017663,Aphaenogaster,train,p,data/images/Aphaenogaster/casent0017663_p.jpg,1024,773,171368,0.2165,"0,27,984,773",2,2,True,bottom;left,9882,0.05767,0,0.0,"178,178,179",found,"421,722,603,773",,0.166,1.292
casent0101053,Aphaenogaster,test,p,data/images/Aphaenogaster/casent0101053_p.jpg,1024,705,198997,0.27565,"37,30,1010,646",4,3,False,,1552,0.0078,0,0.0,"172,165,143",found,"843,642,1024,705",,0.165,1.131
casent0101054,Aphaenogaster,train,p,data/images/Aphaenogaster/casent0101054_p.jpg,1024,550,276744,0.49138,"49,37,986,550",3,1,True,bottom,41386,0.14955,0,0.0,"154,144,136",found,"837,484,1024,550",,0.166,0.829
casent0101065,Aphaenogaster,train,p,data/images/Aphaenogaster/casent0101065_p.jpg,1024,726,261734,0.35207,"0,0,1024,650",8,2,True,top;left;right,19746,0.07544,0,0.0,"248,242,219",found,"801,659,1023,725",,0.166,1.174
casent0101066,Aphaenogaster,train,p,data/images/Aphaenogaster/casent0101066_p.jpg,1024,672,179172,0.26038,"0,26,1024,651",2,1,True,left;right,2625,0.01465,0,0.0,"224,217,204",found,"598,603,801,669",,0.164,1.104
casent0101068,Aphaenogaster,train,p,data/images/Aphaenogaster/casent0101068_p.jpg,1024,652,227201,0.3403,"0,107,1024,594",6,4,True,left;right,11930,0.05251,0,0.0,"237,230,219",found,"811,595,1024,652",,0.166,1.05
casent0101069,Aphaenogaster,test,p,data/images/Aphaenogaster/casent0101069_p.jpg,1024,734,116723,0.1553,"0,72,1005,698",10,6,True,left,1323,0.01133,0,0.0,"230,219,202",found,"523,669,739,734",,0.184,1.235
casent0101070,Aphaenogaster,train,p,data/images/Aphaenogaster/casent0101070_p.jpg,1024,771,73443,0.09302,"15,36,999,764",3,3,False,,453,0.00617,0,0.0,"231,222,204",found,"853,711,1024,771",,0.168,1.343
casent0101071,Aphaenogaster,train,p,data/images/Aphaenogaster/casent0101071_p.jpg,1024,718,156931,0.21344,"0,71,1024,606",4,1,True,left;right,5123,0.03264,0,0.0,"212,213,211",found,"828,658,1024,718",,0.166,1.18
casent0101072,Aphaenogaster,train,p,data/images/Aphaenogaster/casent0101072_p.jpg,1024,676,79634,0.11504,"231,195,1024,412",2,2,True,right,3288,0.04129,0,0.0,"222,223,221",found,"858,613,1024,676",,0.185,1.147
casent0101073,Aphaenogaster,train,p,data/images/Aphaenogaster/casent0101073_p.jpg,1024,771,316934,0.40143,"0,0,1024,759",8,3,True,top;left;right,10459,0.033,0,0.0,"243,235,219",found,"578,706,758,770",,0.166,1.189
casent0101074,Aphaenogaster,test,p,data/images/Aphaenogaster/casent0101074_p.jpg,1024,768,190001,0.2416,"0,19,1024,711",15,8,True,left;right,2885,0.01518,0,0.0,"242,236,223",found,"850,708,1024,768",,0.165,1.254
casent0101075,Aphaenogaster,train,p,data/images/Aphaenogaster/casent0101075_p.jpg,1024,771,199961,0.25327,"29,38,926,733",3,2,False,,4658,0.02329,0,0.0,"171,151,128",found,"866,711,1024,771",,0.165,1.264
casent0101086,Aphaenogaster,train,p,data/images/Aphaenogaster/casent0101086_p.jpg,1024,771,212579,0.26926,"0,157,1024,771",2,2,True,bottom;left;right,9030,0.04248,0,0.0,"151,150,144",found,"785,707,1024,771",,0.169,1.247
casent0101087,Aphaenogaster,train,p,data/images/Aphaenogaster/casent0101087_p.jpg,1024,1024,119305,0.11378,"0,57,1008,681",3,2,True,left,2953,0.02475,0,0.0,"167,164,161",truncated,"852,946,1024,1013",,0.172,1.727
casent0101482,Aphaenogaster,train,p,data/images/Aphaenogaster/casent0101482_p.jpg,1024,793,132774,0.16351,"160,46,1009,793",2,2,True,bottom,11238,0.08464,0,0.0,"130,130,119",found,"860,606,998,672",,0.171,1.329
casent0101899,Aphaenogaster,train,p,data/images/Aphaenogaster/casent0101899_p.jpg,1024,771,145996,0.18492,"20,43,1024,719",3,1,True,right,2684,0.01838,0,0.0,"181,176,151",found,"807,644,954,709",,0.164,1.297
casent0102038,Aphaenogaster,train,p,data/images/Aphaenogaster/casent0102038_p.jpg,1024,671,144064,0.20967,"59,0,985,650",2,2,True,top,980,0.0068,0,0.0,"131,127,118",found,"749,598,991,664",,0.172,1.112
casent0102039,Aphaenogaster,test,p,data/images/Aphaenogaster/casent0102039_p.jpg,963,808,156367,0.20096,"96,0,913,801",5,4,True,top,3424,0.0219,0,0.0,"184,170,149",found,"717,725,947,788",,0.165,1.187
casent0102040,Aphaenogaster,train,p,data/images/Aphaenogaster/casent0102040_p.jpg,1024,723,225904,0.30513,"0,25,1024,723",9,7,True,bottom;left;right,686,0.00304,0,0.0,"214,183,155",found,"758,656,1024,722",,0.167,1.147
casent0107566,Aphaenogaster,test,p,data/images/Aphaenogaster/casent0107566_p.jpg,1024,771,70904,0.08981,"388,136,1024,649",8,5,True,right,463,0.00653,5024,0.07086,"212,214,210",found,"735,705,1024,770",,0.167,1.336
casent0178196,Aphaenogaster,train,p,data/images/Aphaenogaster/casent0178196_p.jpg,1024,771,269125,0.34088,"0,37,1024,771",10,4,True,bottom;left;right,6181,0.02297,17725,0.06586,"215,215,214",found,"829,716,1009,771",,0.166,1.229
casent0421554,Aphaenogaster,train,p,data/images/Aphaenogaster/casent0421554_p.jpg,1024,771,223855,0.28354,"37,19,1024,771",3,1,True,bottom;right,4154,0.01856,0,0.0,"216,216,213",found,"739,704,1024,769",,0.166,1.237
casent0489647,Aphaenogaster,train,p,data/images/Aphaenogaster/casent0489647_p.jpg,1024,712,173430,0.23787,"36,72,999,680",4,1,False,,6368,0.03672,0,0.0,"170,176,176",found,"404,660,617,712",,0.171,1.164
casent0498428,Aphaenogaster,train,p,data/images/Aphaenogaster/casent0498428_p.jpg,1024,771,230631,0.29212,"0,0,995,771",1,1,True,top;bottom;left,3149,0.01365,0,0.0,"224,224,223",found,"775,702,1024,768",,0.168,1.227
casent0822320,Aphaenogaster,train,p,data/images/Aphaenogaster/casent0822320_p.jpg,1024,1024,183789,0.17527,"0,86,1024,1024",1,1,True,bottom;left;right,19574,0.1065,0,0.0,"188,187,193",truncated,"886,974,1024,1024",,0.171,1.651
casent0027983,Bothroponera,test,p,data/images/Bothroponera/casent0027983_p.jpg,1024,771,306323,0.38799,"21,61,962,765",1,1,False,,3295,0.01076,0,0.0,"166,164,156",found,"127,700,317,766",,0.169,1.199
casent0029098,Bothroponera,train,p,data/images/Bothroponera/casent0029098_p.jpg,1024,771,289544,0.36674,"0,46,996,771",1,1,True,bottom;left,6277,0.02168,0,0.0,"182,180,175",found,"2,698,292,763",,0.164,1.198
casent0031004,Bothroponera,train,p,data/images/Bothroponera/casent0031004_p.jpg,1024,771,307850,0.38993,"25,54,986,771",9,6,True,bottom,3616,0.01175,0,0.0,"172,170,163",found,"3,698,192,763",,0.173,1.197
casent0031384,Bothroponera,train,p,data/images/Bothroponera/casent0031384_p.jpg,1024,728,229332,0.30763,"22,87,993,728",1,1,True,bottom,5472,0.02386,0,0.0,"181,182,183",found,"735,667,981,728",,0.166,1.177
casent0034270,Bothroponera,train,p,data/images/Bothroponera/casent0034270_p.jpg,1024,771,267858,0.33927,"13,60,997,771",1,1,True,bottom,4868,0.01817,0,0.0,"175,174,167",found,"2,698,292,763",,0.166,1.202
casent0034493,Bothroponera,train,p,data/images/Bothroponera/casent0034493_p.jpg,1280,761,363079,0.37274,"10,29,1238,728",1,1,False,,47692,0.13135,0,0.0,"222,223,231",found,"65,687,324,761",,0.171,2.125
casent0034571,Bothroponera,train,p,data/images/Bothroponera/casent0034571_p.jpg,1024,771,325754,0.41261,"38,32,994,771",2,1,True,bottom,3676,0.01128,0,0.0,"175,173,165",found,"3,698,192,763",,0.167,1.17
casent0076787,Bothroponera,train,p,data/images/Bothroponera/casent0076787_p.jpg,1024,771,283812,0.35948,"71,31,1024,771",2,1,True,bottom;right,5342,0.01882,0,0.0,"230,230,229",found,"120,705,409,770",,0.168,1.199
casent0101039,Bothroponera,test,p,data/images/Bothroponera/casent0101039_p.jpg,1024,771,272955,0.34573,"33,18,989,761",1,1,False,,6501,0.02382,0,0.0,"187,187,180",found,"845,711,1024,771",,0.174,1.233
casent0101040,Bothroponera,train,p,data/images/Bothroponera/casent0101040_p.jpg,1024,770,303384,0.38477,"14,88,993,717",1,1,False,,33910,0.11177,0,0.0,"187,186,175",found,"832,707,1024,770",,0.167,1.205
casent0101041,Bothroponera,test,p,data/images/Bothroponera/casent0101041_p.jpg,1024,683,168155,0.24043,"11,62,1011,508",1,1,False,,8956,0.05326,0,0.0,"186,182,176",found,"807,619,1024,683",,0.17,1.136
casent0101404,Bothroponera,train,p,data/images/Bothroponera/casent0101404_p.jpg,1024,689,215196,0.30501,"19,51,981,683",1,1,False,,11777,0.05473,0,0.0,"178,176,163",found,"392,468,551,533",,0.166,1.131
casent0101406,Bothroponera,test,p,data/images/Bothroponera/casent0101406_p.jpg,1024,507,160907,0.30993,"17,49,996,507",3,2,True,bottom,2659,0.01653,0,0.0,"162,160,147",found,"288,417,637,483",,0.165,0.84
casent0101407,Bothroponera,train,p,data/images/Bothroponera/casent0101407_p.jpg,1024,574,118904,0.20229,"25,49,1001,552",4,2,False,,2570,0.02161,0,0.0,"179,176,164",found,"561,454,861,519",,0.166,0.967
casent0101553,Bothroponera,test,p,data/images/Bothroponera/casent0101553_p.jpg,1024,732,240009,0.3202,"29,0,1011,720",3,2,True,top,3691,0.01538,0,0.0,"169,169,169",found,"400,601,742,667",,0.171,1.171
casent0101770,Bothroponera,train,p,data/images/Bothroponera/casent0101770_p.jpg,1280,681,250212,0.28705,"38,133,1246,646",3,1,False,,34918,0.13955,0,0.0,"195,193,188",found,"201,585,508,667",,0.168,1.936
casent0102011,Bothroponera,train,p,data/images/Bothroponera/casent0102011_p.jpg,1024,690,223040,0.31567,"40,103,999,632",2,1,False,,215,0.00096,0,0.0,"162,159,155",found,"879,611,1000,676",,0.169,1.104
casent0102407,Bothroponera,train,p,data/images/Bothroponera/casent0102407_p.jpg,1021,808,280220,0.33967,"51,38,982,752",4,2,False,,5021,0.01792,0,0.0,"177,174,165",found,"785,714,986,779",,0.186,1.274
casent0102408,Bothroponera,train,p,data/images/Bothroponera/casent0102408_p.jpg,1024,748,291732,0.38088,"43,28,975,748",5,1,True,bottom,5449,0.01868,0,0.0,"166,162,158",found,"718,667,936,732",,0.167,1.177
casent0102409,Bothroponera,train,p,data/images/Bothroponera/casent0102409_p.jpg,1024,768,206862,0.26304,"36,66,989,760",4,2,False,,3333,0.01611,0,0.0,"163,159,150",found,"126,686,346,751",,0.164,1.239
casent0102410,Bothroponera,train,p,data/images/Bothroponera/casent0102410_p.jpg,1024,761,304723,0.39104,"22,61,986,761",1,1,True,bottom,13231,0.04342,0,0.0,"163,164,155",found,"108,673,297,738",,0.164,1.195
casent0102411,Bothroponera,train,p,data/images/Bothroponera/casent0102411_p.jpg,1024,708,243060,0.33526,"22,80,966,685",4,1,False,,11679,0.04805,0,0.0,"169,169,165",found,"104,647,327,708",,0.168,1.114
casent0410131,Bothroponera,train,p,data/images/Bothroponera/casent0410131_p.jpg,1024,732,305317,0.40732,"13,38,1000,726",1,1,False,,25892,0.0848,0,0.0,"212,213,215",found,"66,675,254,732",,0.169,1.126
casent0410152,Bothroponera,train,p,data/images/Bothroponera/casent0410152_p.jpg,1024,753,286896,0.37207,"18,12,1001,753",4,1,True,bottom,11993,0.0418,0,0.0,"204,201,198",found,"6,674,230,740",,0.169,1.154
casent0410164,Bothroponera,train,p,data/images/Bothroponera/casent0410164_p.jpg,1024,765,336789,0.42993,"11,6,1004,701",6,3,False,,9468,0.02811,0,0.0,"168,166,161",found,"0,683,215,749",,0.168,1.176
casent0451572,Bothroponera,train,p,data/images/Bothroponera/casent0451572_p.jpg,1024,704,261067,0.36214,"35,62,990,617",2,1,False,,6171,0.02364,0,0.0,"191,190,188",found,"816,644,1021,704",,0.173,1.121
casent0495513,Bothroponera,train,p,data/images/Bothroponera/casent0495513_p.jpg,1024,745,367256,0.48141,"15,20,1003,745",2,1,True,bottom,12435,0.03386,0,0.0,"179,181,183",found,"92,675,303,740",,0.17,1.117
casent0101095,Camponotus,train,p,data/images/Camponotus/casent0101095_p.jpg,1024,750,215186,0.28019,"38,160,923,750",2,1,True,bottom,4101,0.01906,0,0.0,"148,140,123",found,"871,688,1024,750",,0.17,1.219
casent0101096,Camponotus,test,p,data/images/Camponotus/casent0101096_p.jpg,1024,639,259631,0.39679,"19,93,997,618",3,2,False,,2830,0.0109,0,0.0,"157,149,128",found,"895,572,1023,637",,0.166,1.0
casent0101100,Camponotus,train,p,data/images/Camponotus/casent0101100_p.jpg,1024,771,230839,0.29238,"183,153,1024,701",34,11,True,right,73,0.00032,0,0.0,"150,143,116",found,"852,708,1024,771",,0.168,1.254
casent0101101,Camponotus,train,p,data/images/Camponotus/casent0101101_p.jpg,1024,694,257116,0.3618,"29,70,985,620",1,1,False,,1206,0.00469,0,0.0,"178,172,163",found,"814,634,978,694",,0.166,1.098
casent0101102,Camponotus,train,p,data/images/Camponotus/casent0101102_p.jpg,1280,774,301280,0.3041,"55,134,1246,661",2,2,False,,1499,0.00498,0,0.0,"127,121,112",found,"981,693,1280,774",,0.168,2.17
casent0101103,Camponotus,test,p,data/images/Camponotus/casent0101103_p.jpg,1024,1024,295034,0.28137,"0,88,1024,854",4,3,True,left;right,10223,0.03465,0,0.0,"155,145,121",truncated,"906,787,1024,854",,0.171,1.675
casent0101104,Camponotus,train,p,data/images/Camponotus/casent0101104_p.jpg,1024,1024,341738,0.32591,"0,94,1024,693",7,3,True,left;right,1335,0.00391,0,0.0,"144,138,114",found,"746,773,981,842",,0.169,1.675
casent0101105,Camponotus,train,p,data/images/Camponotus/casent0101105_p.jpg,1024,646,192072,0.29036,"47,96,1024,603",5,3,True,right,10657,0.05548,0,0.0,"180,182,186",found,"778,577,1024,643",,0.171,1.044
casent0101106,Camponotus,train,p,data/images/Camponotus/casent0101106_p.jpg,1024,612,245600,0.3919,"45,109,1001,584",3,1,False,,12158,0.0495,0,0.0,"193,194,197",found,"815,544,1023,608",,0.167,0.952
casent0101107,Camponotus,train,p,data/images/Camponotus/casent0101107_p.jpg,1024,593,151133,0.24889,"42,70,1024,593",8,6,True,bottom;right,3577,0.02367,0,0.0,"166,156,135",found,"570,498,737,564",,0.165,0.979
casent0101109,Camponotus,test,p,data/images/Camponotus/casent0101109_p.jpg,1024,1024,349349,0.33317,"0,112,1024,886",2,2,True,left;right,28265,0.08091,0,0.0,"181,173,145",found,"529,719,708,786",,0.169,1.704
casent0101110,Camponotus,test,p,data/images/Camponotus/casent0101110_p.jpg,1024,1024,339016,0.32331,"0,110,1024,720",1,1,True,left;right,1962,0.00579,0,0.0,"169,160,133",found,"607,872,847,939",,0.175,1.683
casent0101112,Camponotus,train,p,data/images/Camponotus/casent0101112_p.jpg,1024,660,188211,0.27848,"65,96,996,608",10,3,False,,4982,0.02647,0,0.0,"185,215,210",found,"158,510,348,575",,0.167,1.097
casent0101113,Camponotus,test,p,data/images/Camponotus/casent0101113_p.jpg,1024,771,222667,0.28203,"20,100,1024,630",9,3,True,right,4739,0.02128,0,0.0,"137,131,110",found,"529,629,696,695",,0.168,1.287
casent0101114,Camponotus,train,p,data/images/Camponotus/casent0101114_p.jpg,1024,609,195279,0.31314,"13,88,998,592",2,1,False,,3566,0.01826,0,0.0,"158,149,128",found,"508,481,689,546",,0.168,1.008
casent0101115,Camponotus,train,p,data/images/Camponotus/casent0101115_p.jpg,1024,771,315314,0.39938,"43,95,978,771",3,2,True,bottom,1804,0.00572,0,0.0,"174,132,105",found,"423,699,633,764",,0.166,1.234
casent0101116,Camponotus,train,p,data/images/Camponotus/casent0101116_p.jpg,1024,771,213303,0.27017,"37,51,992,753",1,1,False,,4514,0.02116,0,0.0,"139,132,111",found,"220,661,394,726",,0.172,1.26
casent0101117,Camponotus,train,p,data/images/Camponotus/casent0101117_p.jpg,1024,740,175084,0.23105,"0,166,1024,571",3,2,True,left;right,2251,0.01286,0,0.0,"151,144,131",found,"854,672,1024,737",,0.17,1.243
casent0101118,Camponotus,test,p,data/images/Camponotus/casent0101118_p.jpg,1024,771,161456,0.2045,"99,87,1024,741",3,3,True,right,6122,0.03792,0,0.0,"136,141,128",found,"865,711,1024,771",,0.173,1.309
casent0101119,Camponotus,test,p,data/images/Camponotus/casent0101119_p.jpg,1024,771,154340,0.19549,"30,93,1024,484",3,2,True,right,2961,0.01918,0,0.0,"137,142,130",found,"860,714,1024,771",,0.17,1.31
casent0101120,Camponotus,train,p,data/images/Camponotus/casent0101120_p.jpg,1280,754,473784,0.49091,"27,73,1257,678",2,2,False,,16913,0.0357,0,0.0,"158,150,130",found,"994,585,1217,667",,0.172,2.066
casent0101121,Camponotus,train,p,data/images/Camponotus/casent0101121_p.jpg,1024,660,262890,0.38898,"46,96,1024,586",6,4,True,right,7503,0.02854,0,0.0,"154,148,125",found,"575,455,824,520",,0.166,1.073
casent0101122,Camponotus,train,p,data/images/Camponotus/casent0101122_p.jpg,1024,717,251012,0.34188,"33,65,1022,717",7,1,True,bottom,2833,0.01129,0,0.0,"136,129,108",found,"844,650,1024,717",,0.168,1.174
casent0101123,Camponotus,train,p,data/images/Camponotus/casent0101123_p.jpg,1024,669,257337,0.37564,"29,117,1024,645",5,5,True,right,2414,0.00938,0,0.0,"135,128,108",found,"436,511,633,576",,0.173,1.089
casent0101175,Camponotus,train,p,data/images/Camponotus/casent0101175_p.jpg,1024,564,173246,0.29997,"57,125,1002,496",2,1,False,,4934,0.02848,0,0.0,"146,142,120",found,"174,438,356,503",,0.17,0.935
casent0101176,Camponotus,train,p,data/images/Camponotus/casent0101176_p.jpg,1280,798,300447,0.29414,"16,100,1269,717",11,4,False,,6369,0.0212,0,0.0,"137,131,113",found,"288,686,457,767",,0.172,2.303
casent0101178,Camponotus,train,p,data/images/Camponotus/casent0101178_p.jpg,1024,771,190547,0.24135,"34,154,943,569",9,5,False,,3877,0.02035,0,0.0,"143,137,115",found,"415,598,542,663",,0.168,1.333
casent0101179,Camponotus,train,p,data/images/Camponotus/casent0101179_p.jpg,1024,688,242974,0.34488,"0,72,989,631",3,3,True,left,458,0.00188,0,0.0,"137,131,110",found,"766,587,902,652",,0.184,1.136
casent0101180,Camponotus,train,p,data/images/Camponotus/casent0101180_p.jpg,1024,771,216129,0.27375,"18,264,997,714",2,2,False,,2932,0.01357,0,0.0,"127,122,111",found,"890,712,1024,771",,0.168,1.301
casent0101181,Camponotus,train,p,data/images/Camponotus/casent0101181_p.jpg,1024,726,195179,0.26254,"59,60,941,682",11,6,False,,3475,0.0178,0,0.0,"192,186,156",found,"149,555,287,620",,0.172,1.25
casent0101186,Camponotus,train,p,data/images/Camponotus/casent0101186_p.jpg,1024,725,339824,0.45774,"0,59,1024,721",6,5,True,left;right,6263,0.01843,2954,0.00869,"157,154,131",found,"820,650,1023,716",,0.168,1.178
casent0101193,Camponotus,train,p,data/images/Camponotus/casent0101193_p.jpg,1024,771,304602,0.38581,"70,39,1024,728",3,1,True,right,2024,0.00664,0,0.0,"163,157,131",found,"473,589,677,654",,0.167,1.274
casent0101194,Camponotus,test,p,data/images/Camponotus/casent0101194_p.jpg,1024,771,263967,0.33435,"39,155,1024,611",4,2,True,right,5696,0.02158,0,0.0,"180,171,145",found,"301,625,476,689",,0.189,1.277
casent0101195,Camponotus,train,p,data/images/Camponotus/casent0101195_p.jpg,1024,751,213061,0.27705,"70,61,1024,615",2,2,True,right,470,0.00221,0,0.0,"140,135,119",found,"191,566,341,631",,0.175,1.276
casent0101196,Camponotus,test,p,data/images/Camponotus/casent0101196_p.jpg,1024,596,262182,0.42959,"32,28,1008,573",5,2,False,,20300,0.07743,0,0.0,"174,167,157",found,"857,532,1024,596",,0.165,0.953
casent0101197,Camponotus,train,p,data/images/Camponotus/casent0101197_p.jpg,1024,670,241706,0.3523,"34,44,1010,490",3,2,False,,4218,0.01745,0,0.0,"174,167,144",found,"169,528,345,593",,0.168,1.121
casent0101198,Camponotus,train,p,data/images/Camponotus/casent0101198_p.jpg,1024,771,295613,0.37443,"22,52,1019,744",19,7,False,,11255,0.03807,0,0.0,"195,190,165",found,"827,631,953,696",,0.172,1.233
casent0101202,Camponotus,test,p,data/images/Camponotus/casent0101202_p.jpg,1024,1024,15536,0.01482,"573,508,710,780",1,1,False,,322,0.02073,0,0.0,"160,154,136",not_found,,no_scalebar,0.175,1.844
casent0101205,Camponotus,test,p,data/images/Camponotus/casent0101205_p.jpg,1024,676,214371,0.30968,"50,48,985,491",7,3,False,,1351,0.0063,0,0.0,"126,121,100",found,"521,540,682,605",,0.171,1.114
casent0101206,Camponotus,train,p,data/images/Camponotus/casent0101206_p.jpg,1280,685,226116,0.25789,"137,72,1154,657",3,1,False,,4145,0.01833,0,0.0,"151,145,122",found,"218,555,445,636",,0.178,1.994
casent0101334,Camponotus,train,p,data/images/Camponotus/casent0101334_p.jpg,1280,758,297509,0.30663,"65,172,1278,678",2,2,False,,7194,0.02418,0,0.0,"162,156,140",found,"1105,680,1278,758",,0.173,2.182
casent0101335,Camponotus,train,p,data/images/Camponotus/casent0101335_p.jpg,1024,692,131903,0.18614,"77,108,843,434",4,1,False,,2829,0.02145,0,0.0,"165,159,142",found,"825,612,972,677",,0.17,1.215
casent0101336,Camponotus,train,p,data/images/Camponotus/casent0101336_p.jpg,1024,635,212150,0.32626,"18,22,1024,590",5,2,True,right,5481,0.02584,0,0.0,"154,149,131",found,"663,574,810,635",,0.173,1.052
casent0101337,Camponotus,train,p,data/images/Camponotus/casent0101337_p.jpg,1024,693,219198,0.30889,"55,29,1024,656",1,1,True,right,10551,0.04813,0,0.0,"156,152,133",found,"849,626,1023,691",,0.171,1.156
casent0101338,Camponotus,test,p,data/images/Camponotus/casent0101338_p.jpg,1024,668,209445,0.30619,"52,19,970,636",4,4,False,,4154,0.01983,0,0.0,"170,164,141",found,"391,609,520,668",,0.171,1.109
casent0101339,Camponotus,train,p,data/images/Camponotus/casent0101339_p.jpg,1024,771,216933,0.27477,"68,37,976,570",1,1,False,,5867,0.02705,0,0.0,"178,172,153",found,"352,678,488,743",,0.171,1.297
casent0101342,Camponotus,train,p,data/images/Camponotus/casent0101342_p.jpg,1024,653,226321,0.33846,"34,42,1024,635",5,2,True,right,594,0.00262,0,0.0,"185,186,186",found,"693,592,1024,653",,0.176,1.093
casent0101343,Camponotus,train,p,data/images/Camponotus/casent0101343_p.jpg,1024,755,253335,0.32768,"31,13,1024,575",7,2,True,right,9582,0.03782,0,0.0,"181,181,179",found,"785,691,1024,755",,0.17,1.261
casent0101346,Camponotus,test,p,data/images/Camponotus/casent0101346_p.jpg,1024,771,227648,0.28834,"90,94,986,674",3,2,False,,25985,0.11415,0,0.0,"214,213,212",found,"733,697,1023,762",,0.172,1.307
casent0101347,Camponotus,test,p,data/images/Camponotus/casent0101347_p.jpg,1024,755,238995,0.30913,"32,14,995,755",1,1,True,bottom,23959,0.10025,0,0.0,"212,212,213",found,"713,693,919,755",,0.172,1.273
casent0101348,Camponotus,train,p,data/images/Camponotus/casent0101348_p.jpg,1280,783,281078,0.28045,"25,115,1280,753",1,1,True,right,15713,0.0559,0,0.0,"151,152,155",found,"949,705,1143,783",,0.177,2.315
casent0101349,Camponotus,train,p,data/images/Camponotus/casent0101349_p.jpg,1024,670,300830,0.43848,"62,71,1024,650",1,1,True,right,49495,0.16453,0,0.0,"146,147,149",found,"786,603,1024,668",,0.174,1.078
casent0101350,Camponotus,train,p,data/images/Camponotus/casent0101350_p.jpg,1024,771,229732,0.29098,"43,19,1000,771",1,1,True,bottom,347,0.00151,0,0.0,"145,147,145",found,"841,710,1024,771",,0.171,1.307
casent0101351,Camponotus,test,p,data/images/Camponotus/casent0101351_p.jpg,1024,682,159872,0.22892,"17,67,1024,650",3,3,True,right,7434,0.0465,0,0.0,"149,150,146",found,"880,625,1024,682",,0.173,1.165
casent0101352,Camponotus,train,p,data/images/Camponotus/casent0101352_p.jpg,1024,705,285715,0.39577,"30,81,1024,705",3,1,True,bottom;right,15496,0.05424,0,0.0,"205,205,200",found,"749,642,1015,705",,0.178,1.154
casent0101353,Camponotus,train,p,data/images/Camponotus/casent0101353_p.jpg,1024,662,174641,0.25763,"0,128,1011,662",1,1,True,bottom;left,15231,0.08721,0,0.0,"129,130,128",found,"324,526,475,591",,0.174,1.142
casent0101354,Camponotus,train,p,data/images/Camponotus/casent0101354_p.jpg,1024,625,254587,0.39779,"34,83,979,625",3,2,True,bottom,14325,0.05627,0,0.0,"142,142,135",found,"265,531,408,597",,0.172,1.024
casent0101356,Camponotus,train,p,data/images/Camponotus/casent0101356_p.jpg,1024,771,222144,0.28137,"26,55,1005,735",2,1,False,,19777,0.08903,0,0.0,"205,204,200",found,"801,705,1006,770",,0.173,1.301
casent0101357,Camponotus,train,p,data/images/Camponotus/casent0101357_p.jpg,1024,665,275001,0.40384,"28,25,1024,641",3,2,True,right,11120,0.04044,0,0.0,"221,221,212",found,"775,601,1024,665",,0.169,1.061
casent0101358,Camponotus,test,p,data/images/Camponotus/casent0101358_p.jpg,1024,726,221658,0.29816,"30,23,982,612",5,2,False,,1609,0.00726,0,0.0,"218,218,211",found,"763,653,1021,718",,0.174,1.224
casent0101359,Camponotus,train,p,data/images/Camponotus/casent0101359_p.jpg,1024,664,198339,0.2917,"74,92,1000,641",5,2,False,,3389,0.01709,0,0.0,"204,207,201",found,"804,539,975,605",,0.173,1.113
casent0101360,Camponotus,train,p,data/images/Camponotus/casent0101360_p.jpg,1006,808,288110,0.35445,"40,0,980,759",12,3,True,top,6934,0.02407,0,0.0,"220,218,204",found,"561,746,840,808",,0.172,1.3
casent0101362,Camponotus,train,p,data/images/Camponotus/casent0101362_p.jpg,1024,733,331714,0.44194,"29,11,1024,733",2,2,True,bottom;right,13245,0.03993,10302,0.03106,"215,213,207",found,"348,602,542,667",,0.178,1.178
casent0101363,Camponotus,train,p,data/images/Camponotus/casent0101363_p.jpg,1280,769,395487,0.40179,"68,53,1280,769",4,2,True,bottom;right,19500,0.04931,10459,0.02645,"206,203,197",found,"221,678,465,760",,0.171,2.222
casent0101364,Camponotus,train,p,data/images/Camponotus/casent0101364_p.jpg,1024,771,359706,0.45561,"33,0,1008,771",18,5,True,top;bottom,33350,0.09271,16659,0.04631,"204,207,199",found,"810,714,1024,771",,0.173,1.204
casent0101365,Camponotus,train,p,data/images/Camponotus/casent0101365_p.jpg,1024,771,222210,0.28146,"38,75,988,771",4,1,True,bottom,14740,0.06633,0,0.0,"210,211,208",found,"735,704,1024,769",,0.189,1.319
casent0101366,Camponotus,train,p,data/images/Camponotus/casent0101366_p.jpg,1024,771,177723,0.22511,"26,95,940,583",5,1,False,,26332,0.14816,0,0.0,"215,216,215",found,"777,697,1023,762",,0.172,1.339
casent0101367,Camponotus,train,p,data/images/Camponotus/casent0101367_p.jpg,1014,808,239245,0.29201,"53,94,1014,591",3,3,True,right,30243,0.12641,0,0.0,"214,214,213",found,"721,732,1014,796",,0.169,1.368
casent0101368,Camponotus,train,p,data/images/Camponotus/casent0101368_p.jpg,1024,675,267475,0.38697,"57,15,977,675",4,1,True,bottom,6823,0.02551,0,0.0,"234,235,230",found,"815,606,1002,671",,0.172,1.12
casent0101369,Camponotus,train,p,data/images/Camponotus/casent0101369_p.jpg,1024,675,285231,0.41266,"27,0,999,626",4,2,True,top,27784,0.09741,0,0.0,"213,214,214",found,"811,602,978,667",,0.18,1.114
casent0101370,Camponotus,train,p,data/images/Camponotus/casent0101370_p.jpg,1024,771,330881,0.4191,"19,0,996,748",1,1,True,top,24259,0.07332,0,0.0,"220,221,221",found,"801,697,1024,762",,0.17,1.276
casent0101373,Camponotus,train,p,data/images/Camponotus/casent0101373_p.jpg,1024,716,325893,0.44449,"16,0,1009,716",6,2,True,top;bottom,11055,0.03392,0,0.0,"225,223,216",found,"26,633,223,698",,0.174,1.153
casent0101374,Camponotus,train,p,data/images/Camponotus/casent0101374_p.jpg,1024,799,341489,0.41738,"29,4,978,792",8,2,False,,6936,0.02031,0,0.0,"229,229,223",found,"835,727,1024,792",,0.179,1.289
casent0101375,Camponotus,test,p,data/images/Camponotus/casent0101375_p.jpg,1024,771,371213,0.47019,"16,20,1020,771",10,3,True,bottom,7172,0.01932,0,0.0,"198,199,195",found,"645,710,856,771",,0.184,1.229
casent0101376,Camponotus,test,p,data/images/Camponotus/casent0101376_p.jpg,1024,704,284948,0.39527,"0,42,1024,667",1,1,True,left;right,28911,0.10146,0,0.0,"211,211,209",found,"562,634,768,699",,0.173,1.168
casent0101377,Camponotus,train,p,data/images/Camponotus/casent0101377_p.jpg,1024,651,172676,0.25903,"118,35,1015,636",5,4,False,,12345,0.07149,0,0.0,"178,178,176",found,"430,540,728,605",,0.172,1.106
casent0101378,Camponotus,train,p,data/images/Camponotus/casent0101378_p.jpg,1024,676,245703,0.35495,"26,93,970,632",4,2,False,,9787,0.03983,0,0.0,"218,214,212",found,"493,605,759,670",,0.173,1.13
casent0101379,Camponotus,train,p,data/images/Camponotus/casent0101379_p.jpg,1024,685,304850,0.43461,"16,16,1024,643",4,1,True,right,24772,0.08126,8050,0.02641,"206,207,204",found,"810,625,1021,685",,0.173,1.114
casent0101380,Camponotus,train,p,data/images/Camponotus/casent0101380_p.jpg,1024,751,212472,0.27629,"22,104,976,495",2,1,False,,12534,0.05899,0,0.0,"213,213,212",found,"131,687,391,751",,0.176,1.28
casent0101381,Camponotus,test,p,data/images/Camponotus/casent0101381_p.jpg,1024,655,308577,0.46007,"22,25,1005,646",5,3,False,,26429,0.08565,0,0.0,"199,199,192",found,"596,578,893,643",,0.172,1.061
casent0101382,Camponotus,train,p,data/images/Camponotus/casent0101382_p.jpg,1280,718,342780,0.37298,"20,35,1280,642",3,3,True,right,6854,0.02,983,0.00287,"209,206,201",found,"405,598,753,680",,0.177,2.078
casent0101383,Camponotus,train,p,data/images/Camponotus/casent0101383_p.jpg,1024,748,216109,0.28214,"40,155,1024,748",3,2,True,bottom;right,9703,0.0449,20006,0.09257,"157,160,160",found,"827,686,1024,748",,0.177,1.261
casent0101384,Camponotus,train,p,data/images/Camponotus/casent0101384_p.jpg,1024,560,168803,0.29437,"61,51,1024,529",3,1,True,right,122,0.00072,0,0.0,"202,202,200",found,"755,492,985,556",,0.169,0.947
casent0101386,Camponotus,train,p,data/images/Camponotus/casent0101386_p.jpg,1024,719,304572,0.41368,"27,24,1008,569",5,2,False,,19607,0.06438,0,0.0,"188,186,183",found,"122,632,420,697",,0.171,1.185
casent0101388,Camponotus,train,p,data/images/Camponotus/casent0101388_p.jpg,1024,771,239904,0.30387,"0,108,1020,635",1,1,True,left,1846,0.00769,474,0.00198,"215,215,213",found,"741,706,1024,771",,0.171,1.308
casent0101389,Camponotus,train,p,data/images/Camponotus/casent0101389_p.jpg,1024,771,268700,0.34034,"41,22,1024,677",5,3,True,right,6134,0.02283,5405,0.02012,"221,222,220",found,"532,718,798,771",,0.171,1.298
casent0101390,Camponotus,test,p,data/images/Camponotus/casent0101390_p.jpg,1024,741,306029,0.40332,"0,0,1013,741",2,2,True,top;bottom;left,16710,0.0546,4972,0.01625,"221,217,215",found,"877,686,1024,741",,0.169,1.233
casent0101391,Camponotus,train,p,data/images/Camponotus/casent0101391_p.jpg,1024,635,309502,0.47598,"36,0,1019,621",9,4,True,top,16030,0.05179,0,0.0,"201,200,196",found,"115,553,326,618",,0.171,1.017
casent0101392,Camponotus,train,p,data/images/Camponotus/casent0101392_p.jpg,1024,660,269163,0.39826,"56,55,1010,620",5,1,False,,24777,0.09205,0,0.0,"213,214,212",found,"880,608,1024,660",,0.173,1.092
casent0101393,Camponotus,test,p,data/images/Camponotus/casent0101393_p.jpg,998,808,369770,0.45855,"45,0,978,798",9,4,True,top,23960,0.0648,0,0.0,"215,218,218",found,"49,731,214,796",,0.172,1.19
casent0101413,Camponotus,train,p,data/images/Camponotus/casent0101413_p.jpg,1024,717,192476,0.26215,"31,0,1024,717",3,2,True,top;bottom;right,5925,0.03078,12866,0.06684,"201,200,188",found,"686,656,1024,717",,0.179,1.233
casent0101421,Camponotus,train,p,data/images/Camponotus/casent0101421_p.jpg,1024,1024,282187,0.26911,"0,124,1024,596",4,3,True,left;right,2661,0.00943,0,0.0,"172,171,155",found,"648,825,863,891",,0.185,1.774
casent0101423,Camponotus,train,p,data/images/Camponotus/casent0101423_p.jpg,1024,771,242267,0.30686,"18,74,967,733",5,5,False,,17173,0.07088,0,0.0,"167,170,159",found,"481,589,653,654",,0.176,1.296
casent0101424,Camponotus,train,p,data/images/Camponotus/casent0101424_p.jpg,1024,771,344663,0.43656,"64,74,972,623",2,2,False,,2101,0.0061,0,0.0,"162,159,143",found,"835,704,1020,769",,0.172,1.276
casent0101425,Camponotus,train,p,data/images/Camponotus/casent0101425_p.jpg,1024,771,371286,0.47028,"61,0,1024,600",5,3,True,top;right,14954,0.04028,0,0.0,"202,202,188",found,"604,604,763,669",,0.176,1.265
casent0101426,Camponotus,train,p,data/images/Camponotus/casent0101426_p.jpg,1024,1024,346853,0.33078,"0,203,1024,1024",6,3,True,bottom;left;right,10230,0.02949,0,0.0,"144,142,131",truncated,"925,937,1024,1004",,0.175,1.761
casent0101427,Camponotus,train,p,data/images/Camponotus/casent0101427_p.jpg,1024,1024,441622,0.42116,"0,31,1024,995",1,1,True,left;right,3733,0.00845,0,0.0,"168,166,151",found,"789,845,1021,911",,0.177,1.667
casent0101429,Camponotus,train,p,data/images/Camponotus/casent0101429_p.jpg,1024,1024,371761,0.35454,"0,110,1024,756",1,1,True,left;right,11807,0.03176,0,0.0,"147,141,131",found,"557,813,810,881",,0.175,1.773
casent0101430,Camponotus,train,p,data/images/Camponotus/casent0101430_p.jpg,1024,741,258123,0.34018,"16,0,992,741",8,7,True,top;bottom,14174,0.05491,28361,0.10987,"176,177,167",found,"866,666,1024,731",,0.173,1.302
casent0101431,Camponotus,test,p,data/images/Camponotus/casent0101431_p.jpg,1024,753,341049,0.4423,"57,93,960,732",5,3,False,,10566,0.03098,0,0.0,"171,172,158",found,"864,683,1024,748",,0.176,1.281
casent0101432,Camponotus,test,p,data/images/Camponotus/casent0101432_p.jpg,1024,644,246731,0.37414,"113,117,966,644",2,1,True,bottom,24550,0.0995,0,0.0,"162,161,151",found,"854,581,1024,644",,0.183,1.148
casent0101435,Camponotus,train,p,data/images/Camponotus/casent0101435_p.jpg,1024,685,221125,0.31524,"37,0,1024,630",5,2,True,top;right,1748,0.00791,0,0.0,"157,153,145",found,"777,618,1023,683",,0.176,1.22
casent0101436,Camponotus,train,p,data/images/Camponotus/casent0101436_p.jpg,1024,685,233324,0.33264,"106,47,968,658",3,2,False,,3212,0.01377,0,0.0,"144,142,129",found,"788,603,1023,669",,0.173,1.184
casent0101437,Camponotus,test,p,data/images/Camponotus/casent0101437_p.jpg,1024,771,300431,0.38053,"57,22,978,763",4,2,False,,16973,0.0565,0,0.0,"175,180,179",found,"759,696,1024,762",,0.204,1.291
casent0101438,Camponotus,test,p,data/images/Camponotus/casent0101438_p.jpg,1024,686,174096,0.24784,"0,79,1024,639",3,2,True,left;right,3227,0.01854,0,0.0,"169,168,159",found,"388,437,634,502",,0.177,1.206
casent0101439,Camponotus,test,p,data/images/Camponotus/casent0101439_p.jpg,1024,771,188256,0.23845,"39,0,978,756",4,3,True,top,9116,0.04842,0,0.0,"166,169,162",found,"592,568,763,634",,0.184,1.361
casent0101440,Camponotus,train,p,data/images/Camponotus/casent0101440_p.jpg,1024,660,241555,0.35741,"70,0,1000,660",7,4,True,top;bottom,12084,0.05003,5665,0.02345,"187,185,172",found,"856,591,1024,656",,0.176,1.137
casent0101441,Camponotus,train,p,data/images/Camponotus/casent0101441_p.jpg,1024,655,201148,0.2999,"7,174,988,655",11,1,True,bottom,2688,0.01336,0,0.0,"156,152,142",found,"770,588,1020,654",,0.178,1.158
casent0101477,Camponotus,train,p,data/images/Camponotus/casent0101477_p.jpg,1024,715,296258,0.40464,"35,0,976,715",2,1,True,top;bottom,4698,0.01586,0,0.0,"211,211,199",found,"486,592,708,657",,0.178,1.197
casent0101478,Camponotus,train,p,data/images/Camponotus/casent0101478_p.jpg,1024,636,254559,0.39087,"36,49,1024,574",4,3,True,right,2048,0.00805,0,0.0,"248,238,197",found,"784,571,1024,636",,0.176,1.069
casent0101481,Camponotus,train,p,data/images/Camponotus/casent0101481_p.jpg,1024,771,253996,0.32172,"88,89,1024,771",2,1,True,bottom;right,22257,0.08763,7780,0.03063,"176,177,171",found,"453,603,601,667",,0.175,1.308
casent0101492,Camponotus,train,p,data/images/Camponotus/casent0101492_p.jpg,1024,633,212049,0.32714,"38,58,976,580",5,2,False,,2092,0.00987,0,0.0,"138,136,124",found,"785,555,990,621",,0.178,1.075
casent0101494,Camponotus,train,p,data/images/Camponotus/casent0101494_p.jpg,1024,771,235870,0.29876,"44,83,984,710",5,4,False,,4405,0.01868,0,0.0,"199,199,189",found,"866,708,1024,771",,0.177,1.314
casent0101511,Camponotus,test,p,data/images/Camponotus/casent0101511_p.jpg,1024,707,186129,0.2571,"49,164,995,690",5,2,False,,4411,0.0237,0,0.0,"175,176,175",found,"780,593,930,658",,0.173,1.231
casent0101512,Camponotus,train,p,data/images/Camponotus/casent0101512_p.jpg,1024,719,325212,0.44171,"40,20,947,719",4,2,True,bottom,21292,0.06547,0,0.0,"139,143,138",found,"700,609,947,674",,0.176,1.174
casent0101513,Camponotus,test,p,data/images/Camponotus/casent0101513_p.jpg,1024,685,240611,0.34302,"76,70,969,675",1,1,False,,27471,0.11417,0,0.0,"221,221,219",found,"770,618,1011,683",,0.177,1.195
casent0101514,Camponotus,train,p,data/images/Camponotus/casent0101514_p.jpg,1024,651,248691,0.37306,"44,82,960,639",1,1,False,,14125,0.0568,0,0.0,"175,174,178",found,"773,588,978,651",,0.174,1.115
casent0101516,Camponotus,train,p,data/images/Camponotus/casent0101516_p.jpg,1280,793,387661,0.38192,"0,53,1217,793",8,4,True,bottom;left,29302,0.07559,0,0.0,"209,210,220",found,"40,706,357,787",,0.187,2.461
casent0101517,Camponotus,train,p,data/images/Camponotus/casent0101517_p.jpg,1024,771,236897,0.30006,"74,92,1024,771",2,2,True,bottom;right,17246,0.0728,0,0.0,"202,200,186",found,"89,711,330,771",,0.181,1.321
casent0101518,Camponotus,train,p,data/images/Camponotus/casent0101518_p.jpg,1024,730,181988,0.24346,"0,115,974,486",1,1,True,left,1353,0.00743,0,0.0,"213,214,213",found,"645,658,817,723",,0.182,1.296
casent0101519,Camponotus,train,p,data/images/Camponotus/casent0101519_p.jpg,1024,771,220811,0.27968,"37,82,969,544",1,1,False,,1391,0.0063,0,0.0,"212,212,210",found,"744,708,1024,771",,0.178,1.374
casent0101520,Camponotus,train,p,data/images/Camponotus/casent0101520_p.jpg,1024,675,253185,0.3663,"54,47,1002,590",8,3,False,,24009,0.09483,0,0.0,"212,213,210",found,"829,611,1024,675",,0.176,1.205
casent0101521,Camponotus,train,p,data/images/Camponotus/casent0101521_p.jpg,984,808,184189,0.23166,"0,75,984,493",4,2,True,left;right,28513,0.1548,0,0.0,"149,151,148",found,"522,745,716,808",,0.174,1.411
casent0101524,Camponotus,train,p,data/images/Camponotus/casent0101524_p.jpg,1280,759,335131,0.34496,"78,134,1222,740",4,3,False,,8132,0.02427,0,0.0,"151,151,152",found,"1013,654,1207,735",,0.173,2.454
casent0101525,Camponotus,train,p,data/images/Camponotus/casent0101525_p.jpg,1024,721,250766,0.33965,"54,66,1024,700",2,1,True,right,10641,0.04243,0,0.0,"164,163,161",found,"179,583,364,649",,0.177,1.368
casent0101526,Camponotus,train,p,data/images/Camponotus/casent0101526_p.jpg,1024,622,151714,0.2382,"48,76,988,599",9,3,False,,1339,0.00883,0,0.0,"216,216,216",found,"795,557,1013,622",,0.177,1.255
casent0101527,Camponotus,train,p,data/images/Camponotus/casent0101527_p.jpg,1024,735,144974,0.19262,"27,53,998,492",5,4,False,,1818,0.01254,0,0.0,"218,218,219",found,"790,667,1022,732",,0.183,1.489
casent0101528,Camponotus,train,p,data/images/Camponotus/casent0101528_p.jpg,1024,650,218956,0.32896,"52,102,1024,634",2,2,True,right,19405,0.08863,0,0.0,"161,162,161",found,"860,593,1024,650",,0.2,1.242
casent0101531,Camponotus,train,p,data/images/Camponotus/casent0101531_p.jpg,1024,669,207829,0.30338,"38,33,1024,632",2,1,True,right,31396,0.15107,0,0.0,"148,150,148",found,"840,614,1024,669",,0.221,1.232
casent0101532,Camponotus,train,p,data/images/Camponotus/casent0101532_p.jpg,1024,641,180862,0.27554,"46,76,1016,625",2,1,False,,10739,0.05938,0,0.0,"163,162,161",found,"353,541,578,606",,0.236,1.196
casent0101533,Camponotus,train,p,data/images/Camponotus/casent0101533_p.jpg,1024,696,201347,0.28251,"71,18,978,682",3,3,False,,5503,0.02733,0,0.0,"168,167,163",found,"815,624,1008,689",,0.187,1.269
casent0101534,Camponotus,train,p,data/images/Camponotus/casent0101534_p.jpg,1024,726,253920,0.34155,"0,14,1024,713",3,2,True,left;right,10754,0.04235,10385,0.0409,"154,155,152",found,"225,668,414,726",,0.191,1.279
casent0101535,Camponotus,test,p,data/images/Camponotus/casent0101535_p.jpg,984,808,197091,0.24789,"29,119,962,786",1,1,False,,2463,0.0125,0,0.0,"162,166,167",found,"781,746,984,808",,0.188,1.322
casent0101538,Camponotus,train,p,data/images/Camponotus/casent0101538_p.jpg,1024,786,178949,0.22233,"93,5,1024,771",1,1,True,right,12915,0.07217,0,0.0,"174,175,172",found,"396,723,571,786",,0.194,1.455
casent0101539,Camponotus,train,p,data/images/Camponotus/casent0101539_p.jpg,1024,670,175136,0.25527,"45,51,1006,642",5,3,False,,3070,0.01753,0,0.0,"160,163,159",found,"546,521,788,586",,0.178,1.229
casent0101540,Camponotus,train,p,data/images/Camponotus/casent0101540_p.jpg,1280,716,423541,0.46214,"24,69,1225,716",1,1,True,bottom,14979,0.03537,0,0.0,"170,172,166",found,"1110,616,1268,698",,0.183,2.137
casent0101542,Camponotus,train,p,data/images/Camponotus/casent0101542_p.jpg,1024,771,228258,0.28912,"41,142,1003,771",2,1,True,bottom,7339,0.03215,0,0.0,"150,155,158",found,"828,705,1024,770",,0.18,1.389
casent0101543,Camponotus,train,p,data/images/Camponotus/casent0101543_p.jpg,1024,625,241684,0.37763,"57,0,999,625",1,1,True,top;bottom,24322,0.10064,0,0.0,"174,179,186",found,"817,566,1024,625",,0.181,1.082
casent0101544,Camponotus,train,p,data/images/Camponotus/casent0101544_p.jpg,1024,775,261787,0.32987,"44,0,980,775",10,1,True,top;bottom,27426,0.10476,0,0.0,"156,159,157",found,"174,656,386,721",,0.184,1.347
casent0101545,Camponotus,test,p,data/images/Camponotus/casent0101545_p.jpg,1024,670,194128,0.28295,"219,41,1024,634",1,1,True,right,5833,0.03005,0,0.0,"208,209,208",found,"592,609,753,670",,0.18,1.269
casent0101551,Camponotus,train,p,data/images/Camponotus/casent0101551_p.jpg,1018,808,190250,0.23129,"170,18,1001,785",2,1,False,,2806,0.01475,0,0.0,"146,149,151",found,"674,746,920,808",,0.207,1.49
casent0101552,Camponotus,train,p,data/images/Camponotus/casent0101552_p.jpg,1024,637,163039,0.24995,"70,15,956,570",2,1,False,,10134,0.06216,0,0.0,"147,141,135",found,"772,574,1002,637",,0.194,1.187
casent0101602,Camponotus,train,p,data/images/Camponotus/casent0101602_p.jpg,1280,768,426008,0.43336,"33,0,1253,697",5,3,True,top,20453,0.04801,0,0.0,"148,148,146",found,"1042,691,1280,768",,0.187,2.347
casent0101644,Camponotus,train,p,data/images/Camponotus/casent0101644_p.jpg,1024,735,179970,0.23912,"48,90,940,549",3,1,False,,14910,0.08285,0,0.0,"156,157,167",found,"835,676,1024,735",,0.186,1.413
casent0101669,Camponotus,train,p,data/images/Camponotus/casent0101669_p.jpg,1024,608,124372,0.19976,"16,0,1024,496",2,1,True,top;right,2503,0.02013,2522,0.02028,"164,164,175",found,"895,555,1016,608",,0.181,1.163
casent0101704,Camponotus,train,p,data/images/Camponotus/casent0101704_p.jpg,1024,701,259249,0.36116,"17,10,991,643",4,1,False,,2526,0.00974,0,0.0,"159,152,126",found,"889,626,1024,692",,0.181,1.277
casent0101747,Camponotus,test,p,data/images/Camponotus/casent0101747_p.jpg,1024,683,273696,0.39133,"17,46,997,683",1,1,True,bottom,52708,0.19258,0,0.0,"137,138,132",found,"868,627,1001,683",,0.179,1.23
casent0101777,Camponotus,train,p,data/images/Camponotus/casent0101777_p.jpg,1024,607,210989,0.33945,"39,22,990,597",1,1,False,,31878,0.15109,0,0.0,"212,215,209",found,"744,531,966,596",,0.189,1.118
casent0101779,Camponotus,test,p,data/images/Camponotus/casent0101779_p.jpg,1024,771,155179,0.19655,"184,251,902,675",2,2,False,,2668,0.01719,0,0.0,"147,145,133",found,"351,700,761,763",,0.187,1.446
casent0101788,Camponotus,train,p,data/images/Camponotus/casent0101788_p.jpg,1024,684,223348,0.31888,"39,0,986,665",1,1,True,top,2411,0.01079,0,0.0,"161,162,161",found,"856,630,1024,684",,0.178,1.209
casent0101812,Camponotus,train,p,data/images/Camponotus/casent0101812_p.jpg,1011,808,212532,0.26017,"48,40,1011,808",4,3,True,bottom;right,10919,0.05138,0,0.0,"166,162,152",found,"866,739,1010,805",,0.203,1.432
casent0101828,Camponotus,test,p,data/images/Camponotus/casent0101828_p.jpg,1024,771,242831,0.30757,"87,0,996,719",2,2,True,top,36067,0.14853,0,0.0,"158,155,145",found,"895,710,1021,771",,0.183,1.381
casent0101850,Camponotus,train,p,data/images/Camponotus/casent0101850_p.jpg,1024,556,198201,0.34812,"31,0,976,556",2,1,True,top;bottom,2992,0.0151,1998,0.01008,"167,164,159",found,"872,501,1024,556",,0.189,0.974
casent0101851,Camponotus,train,p,data/images/Camponotus/casent0101851_p.jpg,1024,1024,465278,0.44372,"0,51,1024,990",2,2,True,left;right,12817,0.02755,0,0.0,"179,173,148",truncated,"838,759,1024,826",,0.188,1.712
casent0101854,Camponotus,train,p,data/images/Camponotus/casent0101854_p.jpg,1024,696,226231,0.31743,"81,31,976,660",2,1,False,,7783,0.0344,0,0.0,"178,174,153",found,"857,636,1024,696",,0.176,1.22
casent0101867,Camponotus,train,p,data/images/Camponotus/casent0101867_p.jpg,1024,747,270759,0.35397,"58,0,968,724",2,2,True,top,12247,0.04523,0,0.0,"195,195,192",found,"754,679,950,744",,0.181,1.296
casent0101893,Camponotus,test,p,data/images/Camponotus/casent0101893_p.jpg,1024,778,254661,0.31966,"125,60,989,630",2,1,False,,3222,0.01265,0,0.0,"220,221,210",found,"598,717,852,778",,0.178,1.357
casent0101906,Camponotus,train,p,data/images/Camponotus/casent0101906_p.jpg,1024,694,190185,0.26762,"49,0,985,476",2,2,True,top,10347,0.0544,0,0.0,"174,171,162",found,"896,632,1024,694",,0.175,1.263
casent0101908,Camponotus,train,p,data/images/Camponotus/casent0101908_p.jpg,1024,1024,376640,0.35919,"0,52,1024,641",4,2,True,left;right,8811,0.02339,0,0.0,"156,159,155",not_found,,no_scalebar,0.201,1.754
casent0101919,Camponotus,train,p,data/images/Camponotus/casent0101919_p.jpg,1024,771,183151,0.23198,"47,236,873,730",1,1,False,,38588,0.21069,0,0.0,"187,189,198",found,"554,656,687,719",,0.185,1.412
casent0101924,Camponotus,train,p,data/images/Camponotus/casent0101924_p.jpg,1024,680,217611,0.31252,"62,86,995,643",6,3,False,,1782,0.00819,0,0.0,"157,152,133",found,"324,512,471,577",,0.175,1.235
casent0101931,Camponotus,train,p,data/images/Camponotus/casent0101931_p.jpg,1024,662,254503,0.37544,"40,46,938,662",4,1,True,bottom,3293,0.01294,0,0.0,"157,153,135",found,"872,597,1024,662",,0.178,1.173
casent0101954,Camponotus,train,p,data/images/Camponotus/casent0101954_p.jpg,1024,617,149802,0.2371,"32,64,822,399",2,2,False,,1638,0.01093,0,0.0,"158,156,160",found,"318,479,453,545",,0.18,1.136
casent0101992,Camponotus,train,p,data/images/Camponotus/casent0101992_p.jpg,1024,531,168733,0.31032,"50,77,1024,469",5,2,True,right,13046,0.07732,0,0.0,"192,194,193",found,"762,480,954,531",,0.176,0.953
casent0102092,Camponotus,train,p,data/images/Camponotus/casent0102092_p.jpg,1024,612,177109,0.28261,"34,59,966,487",5,3,False,,913,0.00516,0,0.0,"159,154,140",found,"892,557,1020,612",,0.177,1.085
casent0102096,Camponotus,train,p,data/images/Camponotus/casent0102096_p.jpg,1024,531,197182,0.36264,"24,93,1002,491",1,1,False,,389,0.00197,0,0.0,"136,135,131",found,"833,462,1019,528",,0.174,0.926
casent0102097,Camponotus,train,p,data/images/Camponotus/casent0102097_p.jpg,1024,694,193528,0.27232,"31,66,950,559",5,4,False,,2943,0.01521,0,0.0,"138,135,129",found,"767,631,1024,694",,0.179,1.235
casent0102098,Camponotus,train,p,data/images/Camponotus/casent0102098_p.jpg,1024,650,151564,0.22771,"47,135,984,591",4,4,False,,506,0.00334,0,0.0,"129,125,115",found,"756,582,1020,647",,0.185,1.173
casent0102099,Camponotus,train,p,data/images/Camponotus/casent0102099_p.jpg,1024,628,175507,0.27292,"33,111,995,535",1,1,False,,1593,0.00908,0,0.0,"150,150,146",found,"811,577,1024,628",,0.18,1.123
casent0102103,Camponotus,test,p,data/images/Camponotus/casent0102103_p.jpg,1024,686,266337,0.37915,"43,35,986,626",2,1,False,,709,0.00266,0,0.0,"230,216,181",found,"789,617,1022,683",,0.174,1.21
casent0102104,Camponotus,train,p,data/images/Camponotus/casent0102104_p.jpg,1012,808,383881,0.46947,"54,22,993,782",1,1,False,,4621,0.01204,0,0.0,"217,190,165",found,"705,732,1003,796",,0.182,1.349
casent0102106,Camponotus,train,p,data/images/Camponotus/casent0102106_p.jpg,1024,651,205700,0.30857,"34,39,992,551",3,1,False,,1088,0.00529,0,0.0,"151,148,136",found,"836,581,1022,647",,0.177,1.19
casent0102107,Camponotus,train,p,data/images/Camponotus/casent0102107_p.jpg,1280,796,287516,0.28219,"30,26,1247,709",4,3,False,,4415,0.01536,0,0.0,"232,221,217",found,"999,712,1277,793",,0.179,2.503
casent0102109,Camponotus,train,p,data/images/Camponotus/casent0102109_p.jpg,1024,768,315957,0.40176,"45,33,944,750",3,3,False,,1394,0.00441,0,0.0,"136,137,129",found,"777,699,1022,764",,0.179,1.361
casent0102110,Camponotus,train,p,data/images/Camponotus/casent0102110_p.jpg,1024,693,310840,0.43803,"58,51,976,584",4,3,False,,2599,0.00836,0,0.0,"165,163,159",found,"792,626,1021,691",,0.178,1.224
casent0102111,Camponotus,train,p,data/images/Camponotus/casent0102111_p.jpg,1024,633,254555,0.39272,"38,34,986,457",2,2,False,,1601,0.00629,0,0.0,"150,149,145",found,"716,560,1020,626",,0.177,1.131
casent0102309,Camponotus,train,p,data/images/Camponotus/casent0102309_p.jpg,1024,465,97175,0.20408,"61,112,1004,362",2,1,False,,2753,0.02833,0,0.0,"137,132,130",found,"566,378,834,443",,0.181,0.884
casent0102310,Camponotus,test,p,data/images/Camponotus/casent0102310_p.jpg,1024,673,275634,0.39996,"27,0,975,627",1,1,True,top,53931,0.19566,0,0.0,"148,147,139",found,"764,614,1024,673",,0.18,1.195
casent0102311,Camponotus,train,p,data/images/Camponotus/casent0102311_p.jpg,1024,735,284670,0.37823,"53,22,983,735",5,3,True,bottom,43658,0.15336,0,0.0,"124,121,117",found,"846,679,1024,735",,0.185,1.275
casent0102415,Camponotus,train,p,data/images/Camponotus/casent0102415_p.jpg,946,808,209116,0.27358,"51,33,905,806",2,1,False,,6981,0.03338,0,0.0,"141,140,137",found,"378,704,607,765",,0.188,1.195
casent0102416,Camponotus,train,p,data/images/Camponotus/casent0102416_p.jpg,1024,656,212901,0.31694,"0,59,981,640",8,5,True,left,1457,0.00684,0,0.0,"140,140,137",found,"326,546,519,611",,0.188,1.173
casent0102417,Camponotus,test,p,data/images/Camponotus/casent0102417_p.jpg,1024,752,215923,0.2804,"46,95,1024,738",3,2,True,right,6287,0.02912,0,0.0,"136,136,136",found,"654,664,843,729",,0.182,1.361
casent0102418,Camponotus,test,p,data/images/Camponotus/casent0102418_p.jpg,1024,771,311224,0.3942,"52,102,973,771",1,1,True,bottom,46065,0.14801,0,0.0,"141,140,138",found,"657,644,932,709",,0.184,1.333
casent0102419,Camponotus,train,p,data/images/Camponotus/casent0102419_p.jpg,1024,692,273348,0.38575,"55,49,990,665",6,2,False,,39771,0.1455,0,0.0,"135,133,131",found,"113,608,355,674",,0.183,1.237
casent0102420,Camponotus,train,p,data/images/Camponotus/casent0102420_p.jpg,1024,648,277598,0.41835,"46,90,1024,624",2,1,True,right,49095,0.17686,0,0.0,"140,140,136",found,"751,562,1024,627",,0.185,1.113
casent0102421,Camponotus,train,p,data/images/Camponotus/casent0102421_p.jpg,1024,657,213889,0.31792,"53,112,965,626",1,1,False,,4304,0.02012,0,0.0,"151,150,148",found,"221,553,416,618",,0.185,1.151
casent0102422,Camponotus,train,p,data/images/Camponotus/casent0102422_p.jpg,1024,726,297544,0.40023,"70,64,1009,694",3,1,False,,31297,0.10518,0,0.0,"141,141,137",found,"719,614,965,680",,0.186,1.248
casent0102423,Camponotus,test,p,data/images/Camponotus/casent0102423_p.jpg,1024,696,230255,0.32307,"17,24,997,696",3,1,True,bottom,28332,0.12305,0,0.0,"146,147,152",found,"777,627,966,693",,0.176,1.243
casent0102426,Camponotus,train,p,data/images/Camponotus/casent0102426_p.jpg,1024,771,144715,0.1833,"35,118,1011,591",8,5,False,,5416,0.03743,0,0.0,"137,139,139",found,"564,695,769,760",,0.182,1.404
casent0102427,Camponotus,test,p,data/images/Camponotus/casent0102427_p.jpg,1280,793,351003,0.3458,"57,191,1199,726",3,2,False,,27229,0.07757,0,0.0,"157,155,149",found,"850,676,1157,757",,0.183,2.427
casent0102433,Camponotus,train,p,data/images/Camponotus/casent0102433_p.jpg,1280,781,296143,0.29624,"98,219,1248,781",3,2,True,bottom,35651,0.12038,0,0.0,"167,167,163",found,"855,625,1075,707",,0.183,2.454
casent0102434,Camponotus,train,p,data/images/Camponotus/casent0102434_p.jpg,1024,669,220518,0.3219,"52,138,950,642",5,3,False,,2325,0.01054,0,0.0,"143,142,136",found,"261,596,507,661",,0.174,1.197
casent0102435,Camponotus,train,p,data/images/Camponotus/casent0102435_p.jpg,1024,638,244722,0.37459,"25,120,970,557",1,1,False,,3371,0.01377,0,0.0,"158,158,151",found,"712,562,901,627",,0.175,1.142
casent0102436,Camponotus,train,p,data/images/Camponotus/casent0102436_p.jpg,1024,705,283644,0.3929,"61,38,988,684",4,3,False,,601,0.00212,0,0.0,"131,130,122",found,"631,623,803,688",,0.179,1.223
casent0102437,Camponotus,train,p,data/images/Camponotus/casent0102437_p.jpg,1024,783,246546,0.30749,"45,40,995,760",19,10,False,,15496,0.06285,0,0.0,"136,136,136",found,"741,674,989,740",,0.177,1.433
casent0102438,Camponotus,train,p,data/images/Camponotus/casent0102438_p.jpg,1024,680,170928,0.24547,"44,142,975,659",11,5,False,,14255,0.0834,0,0.0,"147,145,143",found,"386,566,578,632",,0.178,1.278
casent0102439,Camponotus,train,p,data/images/Camponotus/casent0102439_p.jpg,1024,571,190499,0.3258,"32,101,1024,528",4,1,True,right,4027,0.02114,0,0.0,"139,137,136",found,"704,488,982,554",,0.178,1.057
casent0102440,Camponotus,train,p,data/images/Camponotus/casent0102440_p.jpg,1024,652,255319,0.38242,"31,91,983,652",2,2,True,bottom,19334,0.07572,0,0.0,"152,154,155",found,"840,590,1024,652",,0.179,1.159
casent0102441,Camponotus,train,p,data/images/Camponotus/casent0102441_p.jpg,1024,701,337711,0.47046,"14,0,959,652",3,2,True,top,6067,0.01797,0,0.0,"143,142,133",found,"804,641,1024,701",,0.188,1.228
casent0102442,Camponotus,test,p,data/images/Camponotus/casent0102442_p.jpg,1024,743,198244,0.26056,"17,56,958,743",5,2,True,bottom,1231,0.00621,6903,0.03482,"138,137,130",found,"356,682,523,743",,0.181,1.364
casent0102443,Camponotus,test,p,data/images/Camponotus/casent0102443_p.jpg,1024,771,209107,0.26486,"53,72,1024,601",5,3,True,right,3747,0.01792,0,0.0,"154,155,149",found,"321,675,544,740",,0.183,1.45
casent0102452,Camponotus,train,p,data/images/Camponotus/casent0102452_p.jpg,1024,669,217697,0.31778,"31,103,1001,565",3,2,False,,4807,0.02208,0,0.0,"140,136,127",found,"454,598,678,663",,0.181,1.223
casent0104621,Camponotus,test,p,data/images/Camponotus/casent0104621_p.jpg,1024,771,342467,0.43377,"17,41,1024,771",4,3,True,bottom;right,3538,0.01033,3509,0.01025,"183,184,177",found,"804,691,1009,756",,0.199,1.348
casent0104622,Camponotus,test,p,data/images/Camponotus/casent0104622_p.jpg,1280,636,299523,0.36793,"30,91,1272,522",4,2,False,,5750,0.0192,0,0.0,"177,177,173",found,"141,553,448,635",,0.184,2.005
casent0104623,Camponotus,train,p,data/images/Camponotus/casent0104623_p.jpg,1024,710,187566,0.25799,"19,53,991,567",6,4,False,,18251,0.0973,0,0.0,"146,146,142",found,"768,646,973,710",,0.182,1.329
casent0104626,Camponotus,train,p,data/images/Camponotus/casent0104626_p.jpg,1024,612,264380,0.42187,"38,0,998,581",7,2,True,top,26041,0.0985,0,0.0,"171,171,166",found,"691,547,980,612",,0.204,1.101
casent0104627,Camponotus,train,p,data/images/Camponotus/casent0104627_p.jpg,1024,738,305020,0.40362,"35,30,988,565",3,1,False,,17217,0.05645,0,0.0,"163,163,156",found,"507,678,715,738",,0.181,1.312
casent0104628,Camponotus,test,p,data/images/Camponotus/casent0104628_p.jpg,1024,705,312586,0.43299,"33,35,1017,705",1,1,True,bottom,27289,0.0873,0,0.0,"184,185,179",found,"171,640,461,705",,0.187,1.237
casent0104629,Camponotus,train,p,data/images/Camponotus/casent0104629_p.jpg,1024,723,340864,0.46041,"30,0,1016,675",2,1,True,top,46458,0.13629,0,0.0,"180,179,172",found,"754,656,1014,721",,0.184,1.261
casent0104632,Camponotus,train,p,data/images/Camponotus/casent0104632_p.jpg,1024,739,329769,0.43578,"34,0,966,731",2,2,True,top,12751,0.03867,0,0.0,"186,188,183",found,"846,692,1024,739",,0.179,1.257
casent0104633,Camponotus,train,p,data/images/Camponotus/casent0104633_p.jpg,1024,1024,435798,0.41561,"0,116,1024,959",2,1,True,left;right,13727,0.0315,5183,0.01189,"161,163,152",found,"362,923,621,990",,0.181,1.737
casent0104634,Camponotus,train,p,data/images/Camponotus/casent0104634_p.jpg,1024,677,298130,0.43005,"102,96,1024,662",5,2,True,right,9252,0.03103,0,0.0,"173,169,156",found,"34,612,258,677",,0.183,1.154
casent0104638,Camponotus,train,p,data/images/Camponotus/casent0104638_p.jpg,1024,1024,387730,0.36977,"0,0,1024,850",3,3,True,top;left;right,53521,0.13804,0,0.0,"137,133,129",truncated,"924,901,1024,968",,0.182,1.793
casent0104639,Camponotus,train,p,data/images/Camponotus/casent0104639_p.jpg,1024,1024,292205,0.27867,"0,154,1024,648",2,2,True,left;right,15859,0.05427,0,0.0,"141,138,132",truncated,"854,935,1024,1002",,0.185,1.844
casent0104640,Camponotus,train,p,data/images/Camponotus/casent0104640_p.jpg,1024,757,252922,0.32628,"44,0,1024,725",2,2,True,top;right,2339,0.00925,18148,0.07175,"165,164,159",found,"792,695,997,757",,0.179,1.347
casent0104641,Camponotus,train,p,data/images/Camponotus/casent0104641_p.jpg,1024,1024,345882,0.32986,"0,0,1024,1024",3,2,True,top;bottom;left;right,7984,0.02308,0,0.0,"150,151,143",found,"276,935,648,1002",frame_filling,0.181,1.794
casent0104647,Camponotus,train,p,data/images/Camponotus/casent0104647_p.jpg,1024,771,273653,0.34661,"49,39,1024,761",2,2,True,right,36550,0.13356,4620,0.01688,"148,156,159",found,"828,711,1024,771",,0.18,1.392
casent0121525,Camponotus,test,d,data/images/Camponotus/casent0121525_d.jpg,1024,1024,787756,0.75126,"0,70,1020,1024",4,4,True,bottom;left,7934,0.01007,0,0.0,"132,130,126",not_found,,no_scalebar,0.183,1.658
casent0145284,Camponotus,train,p,data/images/Camponotus/casent0145284_p.jpg,1024,1024,200344,0.19106,"0,144,1024,688",6,2,True,left;right,722,0.0036,0,0.0,"138,138,139",found,"768,977,977,1024",,0.189,1.927
casent0150215,Camponotus,train,p,data/images/Camponotus/casent0150215_p.jpg,1024,1024,376965,0.3595,"0,84,1024,1010",1,1,True,left;right,164,0.00044,1014,0.00269,"117,117,117",truncated,"877,978,1024,1024",,0.192,1.818
casent0179448,Camponotus,test,p,data/images/Camponotus/casent0179448_p.jpg,1024,1024,354321,0.33791,"0,24,1024,999",1,1,True,left;right,2163,0.0061,0,0.0,"221,225,210",truncated,"908,931,1024,998",,0.182,1.861
casent0192117,Camponotus,train,p,data/images/Camponotus/casent0192117_p.jpg,1024,1024,7625,0.00727,"271,195,553,671",8,6,False,,13,0.0017,0,0.0,"128,101,72",not_found,,no_scalebar,0.19,2.058
casent0195294,Camponotus,train,p,data/images/Camponotus/casent0195294_p.jpg,1024,1024,265377,0.25308,"208,125,1024,1024",12,7,True,bottom;right,15312,0.0577,0,0.0,"144,144,145",not_found,,no_scalebar,0.185,1.833
casent0209055,Camponotus,train,p,data/images/Camponotus/casent0209055_p.jpg,1024,1024,271540,0.25896,"0,11,1024,1021",3,2,True,left;right,65251,0.2403,0,0.0,"222,220,233",truncated,"803,976,1024,1024",,0.189,1.934
casent0300018,Camponotus,train,p,data/images/Camponotus/casent0300018_p.jpg,1024,1024,383899,0.36611,"0,85,1024,687",1,1,True,left;right,2445,0.00637,0,0.0,"109,112,107",truncated,"891,957,1024,1024",,0.183,1.848
casent0408976,Camponotus,train,p,data/images/Camponotus/casent0408976_p.jpg,1024,1024,330028,0.31474,"0,53,1024,904",7,3,True,left;right,12332,0.03737,0,0.0,"203,204,191",truncated,"903,928,1024,995",,0.187,1.86
casent0487725,Camponotus,train,p,data/images/Camponotus/casent0487725_p.jpg,1024,1024,318633,0.30387,"0,16,1024,1024",1,1,True,bottom;left;right,3502,0.01099,0,0.0,"235,234,228",truncated,"922,937,1024,1004",,0.189,1.873
casent0492888,Camponotus,train,p,data/images/Camponotus/casent0492888_p.jpg,1024,1024,372890,0.35562,"47,38,963,1010",3,3,False,,12680,0.034,0,0.0,"219,220,218",found,"677,919,1024,986",,0.193,1.847
casent0498916,Camponotus,train,p,data/images/Camponotus/casent0498916_p.jpg,1024,1024,280623,0.26762,"0,16,1024,954",8,4,True,left;right,20202,0.07199,0,0.0,"226,221,208",truncated,"889,936,1024,1003",,0.187,1.947
casent0499051,Camponotus,train,p,data/images/Camponotus/casent0499051_p.jpg,1024,1024,239188,0.22811,"48,14,1018,711",2,2,False,,4227,0.01767,0,0.0,"226,224,211",truncated,"917,932,1024,999",,0.184,1.923
casent0905276,Camponotus,train,p,data/images/Camponotus/casent0905276_p.jpg,1024,1024,602711,0.57479,"0,0,1024,970",15,6,True,top;left;right,51824,0.08598,0,0.0,"127,126,129",not_found,,no_scalebar,0.188,1.733
casent0905277,Camponotus,train,p,data/images/Camponotus/casent0905277_p.jpg,1024,1024,441181,0.42074,"0,45,1024,976",4,3,True,left;right,28822,0.06533,0,0.0,"139,137,139",truncated,"906,973,1024,1024",,0.188,1.814
focol2361,Camponotus,train,p,data/images/Camponotus/focol2361_p.jpg,1024,1024,420306,0.40084,"0,42,1024,953",1,1,True,left;right,6589,0.01568,0,0.0,"223,224,211",not_found,,no_scalebar,0.192,1.781
focol2362,Camponotus,train,p,data/images/Camponotus/focol2362_p.jpg,1024,1024,402421,0.38378,"0,28,1024,984",7,5,True,left;right,16378,0.0407,0,0.0,"220,222,201",truncated,"0,963,114,1024",,0.189,1.842
focol2363,Camponotus,train,p,data/images/Camponotus/focol2363_p.jpg,1024,1024,288513,0.27515,"80,12,1024,617",5,1,True,right,5457,0.01891,0,0.0,"210,205,188",truncated,"0,943,109,1010",,0.188,1.917
focol2364,Camponotus,train,p,data/images/Camponotus/focol2364_p.jpg,1024,1024,425180,0.40548,"0,134,1024,866",2,1,True,left;right,10519,0.02474,0,0.0,"229,226,207",truncated,"0,926,475,993",,0.19,1.822
focol2384,Camponotus,train,p,data/images/Camponotus/focol2384_p.jpg,1024,1024,363620,0.34678,"0,99,1024,1024",1,1,True,bottom;left;right,21098,0.05802,16097,0.04427,"200,190,170",not_found,,no_scalebar,0.189,1.849
focol2385,Camponotus,test,p,data/images/Camponotus/focol2385_p.jpg,1024,1024,273941,0.26125,"0,68,1024,759",4,2,True,left;right,7674,0.02801,10892,0.03976,"235,236,223",truncated,"625,931,1024,998",,0.185,1.92
casent0005964,Cardiocondyla,train,p,data/images/Cardiocondyla/casent0005964_p.jpg,1024,678,244538,0.35222,"39,73,1005,678",1,1,True,bottom,14204,0.05809,0,0.0,"104,105,106",found,"410,627,587,678",,0.184,1.222
casent0101128,Cardiocondyla,train,p,data/images/Cardiocondyla/casent0101128_p.jpg,808,808,279648,0.42834,"66,0,591,669",7,3,True,top,28,0.0001,0,0.0,"184,155,108",found,"473,694,771,747",,0.179,0.858
casent0101129,Cardiocondyla,train,p,data/images/Cardiocondyla/casent0101129_p.jpg,1024,616,229858,0.3644,"43,123,1005,616",47,13,True,bottom,424,0.00184,0,0.0,"162,141,108",found,"855,448,956,513",,0.201,1.11
casent0101208,Cardiocondyla,test,p,data/images/Cardiocondyla/casent0101208_p.jpg,1024,780,190764,0.23884,"23,34,994,776",3,2,False,,3738,0.01959,0,0.0,"228,223,205",found,"615,725,790,780",,0.196,1.468
casent0101209,Cardiocondyla,train,p,data/images/Cardiocondyla/casent0101209_p.jpg,1024,508,230826,0.44373,"21,32,1005,483",2,2,False,,54680,0.23689,0,0.0,"226,225,216",found,"832,451,979,508",,0.181,0.923
casent0101218,Cardiocondyla,train,p,data/images/Cardiocondyla/casent0101218_p.jpg,1024,750,293102,0.38164,"66,26,990,680",2,2,False,,92889,0.31692,0,0.0,"212,211,212",found,"815,687,958,750",,0.185,1.359
casent0101219,Cardiocondyla,train,p,data/images/Cardiocondyla/casent0101219_p.jpg,1024,660,259001,0.38323,"40,51,1003,647",1,1,False,,73649,0.28436,0,0.0,"210,210,200",found,"792,599,927,660",,0.182,1.19
casent0101461,Cardiocondyla,train,p,data/images/Cardiocondyla/casent0101461_p.jpg,1024,659,238468,0.35338,"0,118,979,617",1,1,True,left,4470,0.01874,0,0.0,"163,163,154",found,"408,470,679,534",,0.18,1.186
casent0101678,Cardiocondyla,test,p,data/images/Cardiocondyla/casent0101678_p.jpg,1024,680,173329,0.24892,"38,66,1011,650",1,1,False,,3747,0.02162,0,0.0,"147,147,144",found,"597,612,847,677",,0.182,1.277
casent0101859,Cardiocondyla,train,p,data/images/Cardiocondyla/casent0101859_p.jpg,1024,707,307386,0.42459,"24,46,995,696",3,1,False,,7614,0.02477,0,0.0,"226,222,209",found,"315,634,466,699",,0.185,1.283
casent0101860,Cardiocondyla,train,p,data/images/Cardiocondyla/casent0101860_p.jpg,1024,519,124373,0.23402,"56,112,985,431",2,1,False,,4627,0.0372,0,0.0,"216,199,172",found,"762,461,923,519",,0.185,0.995
casent0101891,Cardiocondyla,train,p,data/images/Cardiocondyla/casent0101891_p.jpg,1024,657,201171,0.29902,"13,43,999,611",15,3,False,,23996,0.11928,0,0.0,"159,160,162",found,"691,570,942,635",,0.184,1.212
casent0812061,Cardiocondyla,test,p,data/images/Cardiocondyla/casent0812061_p.jpg,1024,1024,297243,0.28347,"0,140,1024,916",1,1,True,left;right,8015,0.02696,0,0.0,"190,186,175",truncated,"760,972,1024,1024",,0.187,1.889
casent0011075,Cataulacus,test,p,data/images/Cataulacus/casent0011075_p.jpg,1024,660,195678,0.28953,"51,82,967,605",1,1,False,,5626,0.02875,0,0.0,"212,215,214",found,"761,595,965,660",,0.184,1.249
casent0066732,Cataulacus,train,p,data/images/Cataulacus/casent0066732_p.jpg,1024,721,238295,0.32276,"29,79,974,680",1,1,False,,3133,0.01315,0,0.0,"236,237,237",found,"839,654,1017,719",,0.185,1.297
casent0101240,Cataulacus,train,p,data/images/Cataulacus/casent0101240_p.jpg,1024,592,165964,0.27377,"17,77,1001,533",2,1,False,,9002,0.05424,0,0.0,"184,184,185",found,"497,498,739,563",,0.18,1.146
casent0101241,Cataulacus,train,p,data/images/Cataulacus/casent0101241_p.jpg,1024,504,161961,0.31382,"26,111,998,477",3,2,False,,3342,0.02063,0,0.0,"173,172,173",found,"450,418,673,483",,0.181,0.962
casent0101245,Cataulacus,train,p,data/images/Cataulacus/casent0101245_p.jpg,1024,404,188905,0.45663,"22,36,1005,384",9,2,False,,24036,0.12724,0,0.0,"189,187,185",found,"326,316,612,381",,0.179,0.725
casent0101246,Cataulacus,train,p,data/images/Cataulacus/casent0101246_p.jpg,1024,584,249203,0.41672,"0,99,1024,584",3,3,True,bottom;left;right,7322,0.02938,0,0.0,"236,237,233",found,"740,528,1024,584",,0.181,1.068
casent0101247,Cataulacus,train,p,data/images/Cataulacus/casent0101247_p.jpg,1024,737,337740,0.44752,"37,83,1024,737",4,2,True,bottom;right,40876,0.12103,3335,0.00987,"168,166,169",found,"406,665,578,730",,0.197,1.332
casent0101248,Cataulacus,train,p,data/images/Cataulacus/casent0101248_p.jpg,1024,666,225790,0.33108,"10,109,1014,653",1,1,False,,9732,0.0431,0,0.0,"166,168,165",found,"239,600,514,665",,0.185,1.219
casent0101559,Cataulacus,test,p,data/images/Cataulacus/casent0101559_p.jpg,1024,546,181306,0.32428,"25,101,1009,522",2,2,False,,5286,0.02916,0,0.0,"169,168,169",found,"251,483,525,546",,0.189,0.991
casent0101583,Cataulacus,test,p,data/images/Cataulacus/casent0101583_p.jpg,1280,618,253970,0.32106,"16,133,1256,552",7,4,False,,24818,0.09772,0,0.0,"168,167,168",found,"492,518,836,599",,0.181,1.968
casent0101608,Cataulacus,train,p,data/images/Cataulacus/casent0101608_p.jpg,1024,583,233593,0.39128,"27,121,1006,538",2,1,False,,8313,0.03559,0,0.0,"191,192,191",found,"465,495,740,560",,0.196,1.066
casent0101772,Cataulacus,test,p,data/images/Cataulacus/casent0101772_p.jpg,1024,641,273233,0.41627,"38,89,1008,569",1,1,False,,4661,0.01706,0,0.0,"250,247,241",found,"49,550,258,615",,0.182,1.147
casent0101987,Cataulacus,train,p,data/images/Cataulacus/casent0101987_p.jpg,1024,743,240921,0.31665,"14,13,1000,470",4,3,False,,646,0.00268,0,0.0,"197,196,193",found,"160,581,460,646",,0.186,1.342
casent0101998,Cataulacus,train,p,data/images/Cataulacus/casent0101998_p.jpg,1024,771,230030,0.29136,"51,120,992,640",2,2,False,,426,0.00185,0,0.0,"187,189,182",found,"266,687,487,751",,0.179,1.42
casent0102068,Cataulacus,train,p,data/images/Cataulacus/casent0102068_p.jpg,1024,613,159117,0.25349,"25,147,1024,444",1,1,True,right,59,0.00037,1446,0.00909,"146,143,140",found,"760,540,1015,605",,0.179,1.136
casent0102069,Cataulacus,train,p,data/images/Cataulacus/casent0102069_p.jpg,1024,587,220225,0.36638,"42,67,986,467",1,1,False,,697,0.00316,0,0.0,"244,237,228",found,"796,515,1017,580",,0.182,1.054
casent0102984,Cataulacus,train,p,data/images/Cataulacus/casent0102984_p.jpg,1024,771,248193,0.31437,"37,52,985,756",1,1,False,,4353,0.01754,0,0.0,"170,173,168",found,"758,704,966,769",,0.184,1.387
casent0136347,Cataulacus,train,p,data/images/Cataulacus/casent0136347_p.jpg,898,808,277898,0.383,"60,41,836,791",1,1,False,,7420,0.0267,0,0.0,"235,236,235",found,"720,742,877,799",,0.178,1.048
casent0178903,Cataulacus,train,p,data/images/Cataulacus/casent0178903_p.jpg,1024,739,265000,0.35019,"54,78,976,721",1,1,False,,5604,0.02115,0,0.0,"223,224,224",found,"765,670,1017,735",,0.181,1.311
casent0274827,Cataulacus,train,p,data/images/Cataulacus/casent0274827_p.jpg,1024,1024,12904,0.01231,"723,372,1024,1024",30,12,True,bottom;right,13,0.00101,0,0.0,"98,92,90",not_found,,no_scalebar,0.185,2.029
casent0435894,Cataulacus,train,p,data/images/Cataulacus/casent0435894_p.jpg,1024,731,249275,0.33301,"44,54,976,705",1,1,False,,2265,0.00909,0,0.0,"219,220,221",found,"823,661,1012,726",,0.182,1.288
casent0435903,Cataulacus,train,p,data/images/Cataulacus/casent0435903_p.jpg,1024,773,264304,0.33391,"44,59,970,773",1,1,True,bottom,5157,0.01951,0,0.0,"160,160,153",found,"371,722,650,773",,0.179,1.374
casent0487553,Cataulacus,test,p,data/images/Cataulacus/casent0487553_p.jpg,978,808,290807,0.36801,"73,57,911,766",1,1,False,,647,0.00222,0,0.0,"220,221,221",found,"553,737,732,801",,0.176,1.287
casent0487769,Cataulacus,train,p,data/images/Cataulacus/casent0487769_p.jpg,1024,731,241552,0.3227,"56,80,964,696",1,1,False,,1571,0.0065,0,0.0,"230,231,231",found,"770,662,1022,727",,0.195,1.296
casent0487770,Cataulacus,train,p,data/images/Cataulacus/casent0487770_p.jpg,1024,771,316763,0.40122,"74,41,999,694",1,1,False,,2581,0.00815,0,0.0,"217,217,217",found,"845,705,1019,770",,0.178,1.329
casent0491274,Cataulacus,train,p,data/images/Cataulacus/casent0491274_p.jpg,1024,771,222009,0.2812,"56,87,967,722",1,1,False,,2365,0.01065,0,0.0,"223,232,230",found,"845,701,1018,766",,0.178,1.384
casent0491318,Cataulacus,train,p,data/images/Cataulacus/casent0491318_p.jpg,1024,745,238225,0.31227,"45,84,968,719",2,1,False,,4476,0.01879,0,0.0,"226,232,230",found,"809,675,1009,741",,0.177,1.317
casent0498558,Cataulacus,train,p,data/images/Cataulacus/casent0498558_p.jpg,1024,1024,375485,0.35809,"0,77,1024,985",1,1,True,left;right,5331,0.0142,0,0.0,"234,236,236",truncated,"884,945,1024,1012",,0.184,1.798
casent0498567,Cataulacus,test,p,data/images/Cataulacus/casent0498567_p.jpg,1024,794,299611,0.3685,"26,34,955,747",1,1,False,,791,0.00264,0,0.0,"214,214,213",found,"806,727,1024,792",,0.182,1.399
casent0054136,Crematogaster,train,p,data/images/Crematogaster/casent0054136_p.jpg,1024,1024,575093,0.54845,"0,106,1024,886",1,1,True,left;right,24244,0.04216,0,0.0,"172,155,147",not_found,,no_scalebar,0.187,1.737
casent0068950,Crematogaster,train,p,data/images/Crematogaster/casent0068950_p.jpg,1024,1024,243702,0.23241,"0,166,962,996",4,2,True,left,11490,0.04715,0,0.0,"162,164,162",truncated,"901,905,1024,972",,0.183,1.904
casent0101160,Crematogaster,train,p,data/images/Crematogaster/casent0101160_p.jpg,1024,560,195271,0.34053,"0,101,995,494",1,1,True,left,1454,0.00745,0,0.0,"218,206,166",found,"799,428,972,494",,0.177,1.035
casent0101161,Crematogaster,train,p,data/images/Crematogaster/casent0101161_p.jpg,1024,614,217922,0.3466,"39,91,1012,548",1,1,False,,214,0.00098,0,0.0,"150,143,122",found,"721,487,908,552",,0.176,1.123
casent0101162,Crematogaster,train,p,data/images/Crematogaster/casent0101162_p.jpg,1024,540,167738,0.30335,"39,105,1011,422",2,2,False,,414,0.00247,0,0.0,"137,127,105",found,"689,447,862,513",,0.182,1.029
casent0101163,Crematogaster,train,p,data/images/Crematogaster/casent0101163_p.jpg,1024,664,255487,0.37575,"24,82,995,637",1,1,False,,2323,0.00909,0,0.0,"156,152,135",found,"860,596,1024,661",,0.177,1.216
casent0101164,Crematogaster,train,p,data/images/Crematogaster/casent0101164_p.jpg,1024,771,264045,0.33444,"19,26,990,737",1,1,False,,2410,0.00913,0,0.0,"225,198,135",found,"816,692,1002,758",,0.188,1.394
casent0101165,Crematogaster,train,p,data/images/Crematogaster/casent0101165_p.jpg,1024,648,231054,0.34821,"51,67,1006,603",3,1,False,,1469,0.00636,0,0.0,"144,132,103",found,"634,513,844,579",,0.183,1.173
casent0101166,Crematogaster,train,p,data/images/Crematogaster/casent0101166_p.jpg,1024,615,227861,0.36182,"47,102,946,501",4,1,False,,8481,0.03722,0,0.0,"227,215,194",found,"318,424,484,489",,0.181,1.155
casent0101167,Crematogaster,train,p,data/images/Crematogaster/casent0101167_p.jpg,1280,727,295264,0.3173,"41,144,1225,604",4,1,False,,2296,0.00778,0,0.0,"155,145,119",found,"757,588,979,669",,0.211,2.252
casent0101168,Crematogaster,train,p,data/images/Crematogaster/casent0101168_p.jpg,1024,589,150367,0.24931,"82,161,987,464",1,1,False,,18,0.00012,0,0.0,"220,201,159",found,"839,515,1023,580",,0.186,1.088
casent0101169,Crematogaster,test,p,data/images/Crematogaster/casent0101169_p.jpg,1024,757,248141,0.32011,"40,26,1024,701",1,1,True,right,1467,0.00591,0,0.0,"121,123,115",found,"708,692,1024,757",,0.178,1.337
casent0101171,Crematogaster,train,p,data/images/Crematogaster/casent0101171_p.jpg,1024,550,189785,0.33698,"42,94,975,460",1,1,False,,1483,0.00781,0,0.0,"236,220,183",found,"563,409,750,474",,0.176,0.993
casent0101172,Crematogaster,train,p,data/images/Crematogaster/casent0101172_p.jpg,1024,598,272048,0.44427,"30,68,1008,540",1,1,False,,5794,0.0213,0,0.0,"224,213,175",found,"758,477,967,542",,0.176,1.049
casent0101173,Crematogaster,train,p,data/images/Crematogaster/casent0101173_p.jpg,1024,543,175015,0.31476,"35,99,1019,430",3,2,False,,885,0.00506,0,0.0,"139,134,114",found,"255,394,444,460",,0.179,0.984
casent0101174,Crematogaster,test,p,data/images/Crematogaster/casent0101174_p.jpg,1024,491,199244,0.39628,"92,78,1024,414",2,2,True,right,4791,0.02405,0,0.0,"161,155,136",found,"212,374,386,439",,0.176,0.87
casent0101409,Crematogaster,train,p,data/images/Crematogaster/casent0101409_p.jpg,1280,683,264016,0.30199,"63,116,1202,584",1,1,False,,271,0.00103,0,0.0,"235,217,177",found,"59,532,477,613",,0.181,2.167
casent0101410,Crematogaster,train,p,data/images/Crematogaster/casent0101410_p.jpg,1024,442,154846,0.34212,"53,38,981,388",4,1,False,,4357,0.02814,0,0.0,"123,116,104",found,"295,343,596,408",,0.181,0.793
casent0101475,Crematogaster,train,p,data/images/Crematogaster/casent0101475_p.jpg,1024,715,184001,0.25131,"104,104,1002,687",1,1,False,,5505,0.02992,0,0.0,"148,146,139",found,"253,583,526,649",,0.183,1.315
casent0101557,Crematogaster,train,p,data/images/Crematogaster/casent0101557_p.jpg,1280,701,352145,0.39246,"55,136,1203,642",2,1,False,,60933,0.17303,0,0.0,"210,207,192",found,"921,617,1234,698",,0.183,2.159
casent0101558,Crematogaster,train,p,data/images/Crematogaster/casent0101558_p.jpg,1024,501,181690,0.35415,"15,16,1013,370",4,1,False,,1616,0.00889,0,0.0,"195,191,186",found,"375,440,599,501",,0.177,0.892
casent0101562,Crematogaster,train,p,data/images/Crematogaster/casent0101562_p.jpg,1024,771,215971,0.27355,"28,50,995,464",1,1,False,,8391,0.03885,0,0.0,"209,210,207",found,"180,694,389,759",,0.177,1.408
casent0101572,Crematogaster,test,p,data/images/Crematogaster/casent0101572_p.jpg,1024,560,167822,0.29266,"35,61,1024,532",2,2,True,right,6396,0.03811,0,0.0,"171,170,172",found,"770,479,992,544",,0.182,1.016
casent0101585,Crematogaster,test,p,data/images/Crematogaster/casent0101585_p.jpg,1024,688,210581,0.2989,"13,12,1016,675",5,2,False,,10484,0.04979,0,0.0,"232,223,216",found,"769,629,978,688",,0.196,1.249
casent0101597,Crematogaster,train,p,data/images/Crematogaster/casent0101597_p.jpg,1024,550,172292,0.30592,"22,72,999,531",4,2,False,,19575,0.11362,0,0.0,"157,153,152",found,"186,489,428,550",,0.18,1.006
casent0101599,Crematogaster,test,p,data/images/Crematogaster/casent0101599_p.jpg,1024,654,191000,0.2852,"78,102,1008,622",3,2,False,,2074,0.01086,0,0.0,"133,133,130",found,"674,581,859,646",,0.181,1.21
casent0101613,Crematogaster,test,p,data/images/Crematogaster/casent0101613_p.jpg,1024,615,149148,0.23683,"45,116,980,573",3,2,False,,5693,0.03817,0,0.0,"221,222,220",found,"777,524,999,589",,0.179,1.141
casent0101631,Crematogaster,train,p,data/images/Crematogaster/casent0101631_p.jpg,1024,696,220227,0.309,"23,111,1024,696",3,1,True,bottom;right,7855,0.03567,4472,0.02031,"212,211,211",found,"477,636,685,696",,0.182,1.239
casent0101632,Crematogaster,test,p,data/images/Crematogaster/casent0101632_p.jpg,1024,641,219661,0.33465,"24,131,1009,565",5,3,False,,21299,0.09696,0,0.0,"204,206,202",found,"757,541,966,606",,0.186,1.139
casent0101639,Crematogaster,train,p,data/images/Crematogaster/casent0101639_p.jpg,1024,725,278733,0.37545,"17,27,1024,608",5,3,True,right,33705,0.12092,0,0.0,"206,204,195",found,"440,636,734,701",,0.186,1.251
casent0101655,Crematogaster,test,p,data/images/Crematogaster/casent0101655_p.jpg,1024,550,185826,0.32995,"40,62,963,525",2,1,False,,4001,0.02153,0,0.0,"161,156,158",found,"829,484,1015,550",,0.177,0.978
casent0101659,Crematogaster,train,p,data/images/Crematogaster/casent0101659_p.jpg,1024,684,323325,0.46162,"35,19,976,653",2,2,False,,70883,0.21923,0,0.0,"145,139,142",found,"733,613,918,678",,0.179,1.163
casent0101683,Crematogaster,train,p,data/images/Crematogaster/casent0101683_p.jpg,1024,575,178680,0.30346,"31,49,995,575",1,1,True,bottom,12035,0.06736,0,0.0,"186,183,183",found,"667,508,908,573",,0.174,1.013
casent0101690,Crematogaster,train,p,data/images/Crematogaster/casent0101690_p.jpg,1024,582,179123,0.30056,"48,99,1001,520",4,3,False,,1556,0.00869,0,0.0,"211,210,207",found,"770,483,942,548",,0.176,1.023
casent0101731,Crematogaster,train,p,data/images/Crematogaster/casent0101731_p.jpg,1024,585,128301,0.21418,"17,142,1010,555",1,1,False,,3717,0.02897,0,0.0,"143,141,138",found,"742,505,1017,570",,0.182,1.065
casent0101735,Crematogaster,train,p,data/images/Crematogaster/casent0101735_p.jpg,1024,723,313934,0.42403,"41,57,884,723",5,3,True,bottom,55666,0.17732,0,0.0,"192,188,173",found,"375,641,533,707",,0.175,1.227
casent0101742,Crematogaster,train,p,data/images/Crematogaster/casent0101742_p.jpg,1024,689,192029,0.27217,"0,116,1024,517",2,1,True,left;right,2601,0.01354,0,0.0,"143,143,140",found,"838,614,1024,679",,0.175,1.244
casent0101748,Crematogaster,test,p,data/images/Crematogaster/casent0101748_p.jpg,1280,671,353642,0.41175,"55,117,1264,606",5,1,False,,20545,0.0581,0,0.0,"218,219,213",found,"912,596,1279,671",,0.178,2.039
casent0101750,Crematogaster,train,p,data/images/Crematogaster/casent0101750_p.jpg,1024,580,262748,0.4424,"59,123,1018,580",14,2,True,bottom,63233,0.24066,0,0.0,"189,189,181",found,"528,474,779,539",,0.181,0.979
casent0101761,Crematogaster,train,p,data/images/Crematogaster/casent0101761_p.jpg,958,808,211129,0.27275,"46,25,927,783",1,1,False,,8648,0.04096,0,0.0,"213,214,212",found,"662,738,838,800",,0.175,1.185
casent0101762,Crematogaster,train,p,data/images/Crematogaster/casent0101762_p.jpg,1024,771,253630,0.32125,"0,0,986,771",1,1,True,top;bottom;left,24941,0.09834,0,0.0,"201,201,192",found,"531,691,703,756",,0.176,1.366
casent0101769,Crematogaster,train,p,data/images/Crematogaster/casent0101769_p.jpg,1024,748,280801,0.3666,"58,25,1024,748",2,1,True,bottom;right,64375,0.22925,0,0.0,"210,209,205",found,"752,682,974,747",,0.175,1.302
casent0101771,Crematogaster,train,p,data/images/Crematogaster/casent0101771_p.jpg,1024,740,377116,0.49767,"60,42,987,671",1,1,False,,75688,0.2007,0,0.0,"196,195,180",found,"33,667,179,732",,0.179,1.311
casent0101773,Crematogaster,test,p,data/images/Crematogaster/casent0101773_p.jpg,1024,702,217857,0.30306,"16,126,1006,686",5,4,False,,5411,0.02484,0,0.0,"210,211,209",found,"621,642,862,702",,0.178,1.252
casent0101786,Crematogaster,train,p,data/images/Crematogaster/casent0101786_p.jpg,1024,653,243784,0.36458,"31,152,999,581",2,2,False,,4048,0.0166,0,0.0,"157,156,154",found,"77,562,263,628",,0.174,1.148
casent0101790,Crematogaster,test,p,data/images/Crematogaster/casent0101790_p.jpg,1024,571,185818,0.3178,"39,106,1024,512",2,2,True,right,8367,0.04503,0,0.0,"216,217,215",found,"407,496,592,561",,0.177,1.048
casent0101802,Crematogaster,test,p,data/images/Crematogaster/casent0101802_p.jpg,1024,562,225034,0.39103,"47,149,1001,531",1,1,False,,33802,0.15021,0,0.0,"227,218,212",found,"807,493,979,558",,0.182,1.0
casent0101804,Crematogaster,train,p,data/images/Crematogaster/casent0101804_p.jpg,1024,730,218328,0.29207,"0,46,982,531",3,1,True,left,13837,0.06338,0,0.0,"216,216,214",found,"506,651,728,717",,0.185,1.318
casent0101824,Crematogaster,test,p,data/images/Crematogaster/casent0101824_p.jpg,1024,705,247960,0.34347,"59,85,913,673",1,1,False,,10646,0.04293,0,0.0,"213,213,211",found,"740,643,990,705",,0.186,1.235
casent0101830,Crematogaster,test,p,data/images/Crematogaster/casent0101830_p.jpg,1024,595,180171,0.29571,"27,90,1019,539",3,1,False,,26297,0.14596,0,0.0,"165,159,158",found,"565,534,750,595",,0.177,1.075
casent0101836,Crematogaster,train,p,data/images/Crematogaster/casent0101836_p.jpg,1024,594,139065,0.22863,"67,152,993,450",2,1,False,,9395,0.06756,0,0.0,"205,205,200",found,"723,522,973,587",,0.178,1.085
casent0101840,Crematogaster,train,p,data/images/Crematogaster/casent0101840_p.jpg,1024,615,258286,0.41013,"0,58,1000,577",2,1,True,left,60344,0.23363,0,0.0,"159,158,156",found,"409,531,594,596",,0.173,1.061
casent0101845,Crematogaster,train,p,data/images/Crematogaster/casent0101845_p.jpg,1280,771,286465,0.29027,"21,95,1223,741",2,2,False,,24461,0.08539,0,0.0,"230,225,208",found,"955,627,1269,708",,0.182,2.382
casent0101847,Crematogaster,train,p,data/images/Crematogaster/casent0101847_p.jpg,1024,539,152070,0.27552,"22,98,997,450",2,1,False,,8256,0.05429,0,0.0,"216,217,215",found,"783,486,956,539",,0.187,0.973
casent0101861,Crematogaster,test,p,data/images/Crematogaster/casent0101861_p.jpg,1024,547,173020,0.30889,"25,99,1019,537",1,1,False,,24507,0.14164,0,0.0,"126,130,128",found,"302,422,567,486",,0.179,0.971
casent0101866,Crematogaster,train,p,data/images/Crematogaster/casent0101866_p.jpg,1024,540,147478,0.26671,"21,55,993,484",1,1,False,,8074,0.05475,0,0.0,"226,225,220",found,"545,486,717,540",,0.184,0.959
casent0101877,Crematogaster,train,p,data/images/Crematogaster/casent0101877_p.jpg,1024,687,203263,0.28894,"34,126,935,632",1,1,False,,7081,0.03484,0,0.0,"214,214,210",found,"628,631,788,687",,0.174,1.219
casent0101878,Crematogaster,train,p,data/images/Crematogaster/casent0101878_p.jpg,1280,587,241573,0.32151,"26,129,1232,537",3,1,False,,9161,0.03792,0,0.0,"218,217,215",found,"987,513,1205,587",,0.175,1.814
casent0102053,Crematogaster,train,p,data/images/Crematogaster/casent0102053_p.jpg,1024,504,143307,0.27768,"55,119,1019,373",3,1,False,,893,0.00623,0,0.0,"178,152,128",found,"744,431,1015,496",,0.173,0.915
casent0102054,Crematogaster,train,p,data/images/Crematogaster/casent0102054_p.jpg,1024,497,144205,0.28335,"54,110,942,379",6,2,False,,408,0.00283,0,0.0,"183,160,137",found,"765,424,1015,489",,0.174,0.894
casent0102055,Crematogaster,train,p,data/images/Crematogaster/casent0102055_p.jpg,869,808,220749,0.31439,"48,10,869,808",2,1,True,bottom;right,2466,0.01117,0,0.0,"234,214,180",found,"709,752,869,808",,0.176,0.968
casent0102938,Crematogaster,train,p,data/images/Crematogaster/casent0102938_p.jpg,1280,711,464168,0.51003,"27,127,1280,711",4,1,True,bottom;right,171426,0.36932,0,0.0,"159,161,162",found,"940,607,1200,688",,0.177,2.11
casent0102939,Crematogaster,train,p,data/images/Crematogaster/casent0102939_p.jpg,1024,619,200174,0.3158,"35,45,1002,619",2,1,True,bottom,924,0.00462,5125,0.0256,"135,132,125",found,"422,555,602,619",,0.176,1.12
casent0102941,Crematogaster,train,p,data/images/Crematogaster/casent0102941_p.jpg,1024,509,208646,0.40031,"20,142,999,469",1,1,False,,12599,0.06038,0,0.0,"135,130,131",found,"472,442,773,508",,0.183,0.897
casent0102955,Crematogaster,train,p,data/images/Crematogaster/casent0102955_p.jpg,1024,633,219720,0.33897,"34,61,1002,600",2,1,False,,20493,0.09327,0,0.0,"140,138,135",found,"811,562,996,627",,0.177,1.125
casent0102956,Crematogaster,train,p,data/images/Crematogaster/casent0102956_p.jpg,1024,788,225912,0.27997,"115,11,975,595",3,2,False,,23204,0.10271,0,0.0,"172,171,167",found,"683,712,989,777",,0.182,1.428
casent0102957,Crematogaster,train,p,data/images/Crematogaster/casent0102957_p.jpg,1024,574,221994,0.37768,"26,47,995,520",8,6,False,,13085,0.05894,0,0.0,"155,153,150",found,"161,502,461,567",,0.179,1.005
casent0102970,Crematogaster,train,p,data/images/Crematogaster/casent0102970_p.jpg,1024,596,207478,0.33996,"19,109,986,573",4,1,False,,10144,0.04889,0,0.0,"163,165,165",found,"759,532,1024,596",,0.178,1.075
casent0104587,Crematogaster,train,p,data/images/Crematogaster/casent0104587_p.jpg,1024,598,243801,0.39814,"14,47,973,572",4,3,False,,47312,0.19406,0,0.0,"178,177,171",found,"9,530,194,595",,0.176,1.056
casent0104593,Crematogaster,train,p,data/images/Crematogaster/casent0104593_p.jpg,1024,574,186430,0.31718,"17,142,1018,574",1,1,True,bottom,22382,0.12006,0,0.0,"128,126,124",found,"690,466,1016,531",,0.173,1.03
casent0121078,Crematogaster,train,p,data/images/Crematogaster/casent0121078_p.jpg,1024,1024,281397,0.26836,"0,87,1024,944",7,3,True,left;right,4961,0.01763,3703,0.01316,"200,200,192",truncated,"898,926,1024,993",,0.184,1.821
casent0140925,Crematogaster,train,p,data/images/Crematogaster/casent0140925_p.jpg,1024,1024,283371,0.27024,"0,36,1019,788",5,3,True,left,18306,0.0646,0,0.0,"232,234,234",truncated,"819,929,1024,996",,0.182,1.859
casent0172819,Crematogaster,train,p,data/images/Crematogaster/casent0172819_p.jpg,1024,771,249778,0.31637,"40,16,949,747",2,1,False,,18005,0.07208,0,0.0,"212,212,212",found,"766,703,973,767",,0.184,1.356
casent0172822,Crematogaster,train,p,data/images/Crematogaster/casent0172822_p.jpg,1024,725,201081,0.27085,"3,138,986,725",5,2,True,bottom,3794,0.01887,0,0.0,"222,222,221",found,"648,652,840,717",,0.184,1.32
casent0173211,Crematogaster,train,p,data/images/Crematogaster/casent0173211_p.jpg,1024,767,171385,0.21821,"29,41,945,693",2,1,False,,7180,0.04189,0,0.0,"185,179,170",found,"740,700,1015,766",,0.18,1.418
casent0193045,Crematogaster,train,d,data/images/Crematogaster/casent0193045_d.jpg,1024,1024,622111,0.59329,"0,57,1024,847",1,1,True,left;right,13139,0.02112,0,0.0,"56,33,23",truncated,"0,917,217,984",,0.181,1.729
casent0317758,Crematogaster,train,p,data/images/Crematogaster/casent0317758_p.jpg,1024,1024,372829,0.35556,"0,102,1024,967",1,1,True,left;right,23251,0.06236,0,0.0,"122,122,118",not_found,,no_scalebar,0.177,1.736
casent0317759,Crematogaster,test,p,data/images/Crematogaster/casent0317759_p.jpg,1024,1024,392448,0.37427,"0,99,1024,957",1,1,True,left;right,3105,0.00791,0,0.0,"131,131,120",not_found,,no_scalebar,0.182,1.751
casent0423124,Crematogaster,train,p,data/images/Crematogaster/casent0423124_p.jpg,1024,1024,174305,0.16623,"57,103,664,960",2,1,False,,3672,0.02107,0,0.0,"143,140,131",found,"300,953,722,1017",,0.184,1.941
casent0492837,Crematogaster,train,p,data/images/Crematogaster/casent0492837_p.jpg,1024,1024,393584,0.37535,"0,89,1024,979",3,1,True,left;right,34513,0.08769,0,0.0,"176,177,181",truncated,"906,973,1024,1024",,0.183,1.766
casent0498885,Crematogaster,train,p,data/images/Crematogaster/casent0498885_p.jpg,1024,741,208629,0.27495,"22,76,1024,656",1,1,True,right,8034,0.03851,0,0.0,"214,215,211",found,"801,666,1023,731",,0.183,1.353
casent0919664,Crematogaster,train,p,data/images/Crematogaster/casent0919664_p.jpg,1024,1024,324871,0.30982,"0,38,1024,1024",4,2,True,bottom;left;right,11392,0.03507,0,0.0,"183,183,185",not_found,,no_scalebar,0.185,1.799
casent0101012,Hypoponera,train,p,data/images/Hypoponera/casent0101012_p.jpg,1024,1024,366333,0.34936,"0,225,1024,672",1,1,True,left;right,1060,0.00289,0,0.0,"139,128,115",not_found,,no_scalebar,0.185,1.833
casent0101013,Hypoponera,test,p,data/images/Hypoponera/casent0101013_p.jpg,1280,755,389274,0.40281,"36,41,1254,715",1,1,False,,2244,0.00576,0,0.0,"152,143,133",found,"1023,673,1280,755",,0.195,2.403
casent0101016,Hypoponera,train,p,data/images/Hypoponera/casent0101016_p.jpg,1024,771,379132,0.48022,"58,43,971,741",2,1,False,,7404,0.01953,0,0.0,"161,154,139",found,"807,705,1023,771",,0.181,1.378
casent0101017,Hypoponera,train,p,data/images/Hypoponera/casent0101017_p.jpg,924,808,381881,0.5115,"20,18,904,808",1,1,True,bottom,6062,0.01587,0,0.0,"207,186,157",found,"715,749,924,808",,0.18,1.114
casent0101018,Hypoponera,train,p,data/images/Hypoponera/casent0101018_p.jpg,1024,1024,418460,0.39907,"0,159,1024,874",1,1,True,left;right,317,0.00076,0,0.0,"146,133,111",not_found,,no_scalebar,0.183,1.808
casent0101019,Hypoponera,train,p,data/images/Hypoponera/casent0101019_p.jpg,1280,715,514258,0.56191,"34,31,1251,715",1,1,True,bottom,4660,0.00906,0,0.0,"145,139,129",found,"1105,648,1280,715",,0.185,2.135
casent0101020,Hypoponera,train,p,data/images/Hypoponera/casent0101020_p.jpg,1024,560,148559,0.25907,"25,154,985,509",3,1,False,,1831,0.01233,0,0.0,"180,170,150",found,"862,499,1024,560",,0.18,1.07
casent0101021,Hypoponera,train,p,data/images/Hypoponera/casent0101021_p.jpg,1024,478,220221,0.44992,"46,61,1001,435",1,1,False,,12656,0.05747,0,0.0,"161,151,141",found,"855,422,1024,478",,0.176,0.893
casent0101022,Hypoponera,test,p,data/images/Hypoponera/casent0101022_p.jpg,1024,701,197694,0.27541,"38,119,1001,675",4,2,False,,1456,0.00736,0,0.0,"171,166,150",found,"795,640,1024,701",,0.187,1.309
casent0101023,Hypoponera,test,p,data/images/Hypoponera/casent0101023_p.jpg,1024,563,235442,0.40839,"39,63,1000,491",3,1,False,,891,0.00378,0,0.0,"161,155,136",found,"801,503,1024,563",,0.186,1.031
casent0101024,Hypoponera,train,p,data/images/Hypoponera/casent0101024_p.jpg,1024,607,212482,0.34185,"32,23,997,607",4,2,True,bottom,3203,0.01507,0,0.0,"174,168,145",found,"797,544,1024,607",,0.198,1.113
casent0101025,Hypoponera,train,p,data/images/Hypoponera/casent0101025_p.jpg,993,808,297417,0.37069,"34,10,977,808",1,1,True,bottom,3570,0.012,0,0.0,"151,141,130",found,"744,748,991,808",,0.182,1.335
casent0101148,Hypoponera,train,p,data/images/Hypoponera/casent0101148_p.jpg,1280,567,195782,0.26976,"43,184,1259,416",1,1,False,,1737,0.00887,0,0.0,"200,175,141",found,"1060,494,1280,567",,0.202,1.875
casent0101156,Hypoponera,train,p,data/images/Hypoponera/casent0101156_p.jpg,1024,567,213880,0.36837,"38,125,986,549",2,1,False,,42882,0.2005,0,0.0,"154,152,140",found,"772,501,1007,566",,0.177,1.033
casent0101157,Hypoponera,train,p,data/images/Hypoponera/casent0101157_p.jpg,1024,574,224992,0.38279,"32,74,974,535",2,1,False,,37508,0.16671,0,0.0,"135,139,144",found,"764,505,1015,571",,0.179,1.042
casent0101405,Hypoponera,test,p,data/images/Hypoponera/casent0101405_p.jpg,1024,572,217758,0.37177,"37,86,979,544",3,2,False,,5963,0.02738,0,0.0,"140,136,128",found,"696,498,942,563",,0.191,1.049
casent0101787,Hypoponera,test,p,data/images/Hypoponera/casent0101787_p.jpg,1280,647,459602,0.55497,"37,38,1227,631",3,1,False,,2436,0.0053,0,0.0,"175,162,139",found,"652,472,933,553",,0.186,1.994
casent0101792,Hypoponera,train,p,data/images/Hypoponera/casent0101792_p.jpg,1024,713,475600,0.65141,"32,51,1024,713",1,1,True,bottom;right,11412,0.02399,0,0.0,"171,156,151",found,"792,648,1024,713",,0.183,1.213
casent0101955,Hypoponera,train,p,data/images/Hypoponera/casent0101955_p.jpg,1024,631,343009,0.53086,"32,27,1018,622",1,1,False,,3589,0.01046,0,0.0,"175,164,140",found,"408,497,641,562",,0.182,1.093
casent0101958,Hypoponera,train,p,data/images/Hypoponera/casent0101958_p.jpg,1024,567,367592,0.63312,"22,24,1001,533",1,1,False,,189,0.00051,0,0.0,"163,148,123",found,"667,416,887,482",,0.184,0.971
casent0102139,Hypoponera,train,p,data/images/Hypoponera/casent0102139_p.jpg,1024,771,364281,0.4614,"59,69,953,771",1,1,True,bottom,19542,0.05365,0,0.0,"109,109,106",found,"754,705,1022,771",,0.183,1.337
casent0102275,Hypoponera,train,p,data/images/Hypoponera/casent0102275_p.jpg,1024,771,261629,0.33138,"0,66,999,756",1,1,True,left,11126,0.04253,0,0.0,"138,136,134",found,"133,658,408,724",,0.183,1.384
casent0494141,Hypoponera,train,p,data/images/Hypoponera/casent0494141_p.jpg,1024,798,307322,0.37609,"67,25,938,772",1,1,False,,6097,0.01984,0,0.0,"219,218,219",found,"751,727,1024,792",,0.183,1.417
casent0003814,Leptogenys,train,p,data/images/Leptogenys/casent0003814_p.jpg,1024,797,267638,0.32794,"61,28,980,771",3,3,False,,12275,0.04586,0,0.0,"175,170,158",found,"653,744,843,797",,0.184,1.422
casent0076558,Leptogenys,train,p,data/images/Leptogenys/casent0076558_p.jpg,1024,771,199606,0.25282,"31,77,1007,752",2,1,False,,740,0.00371,0,0.0,"214,214,213",found,"759,698,1005,763",,0.187,1.429
casent0077457,Leptogenys,train,p,data/images/Leptogenys/casent0077457_p.jpg,1024,696,164187,0.23037,"0,108,979,623",5,2,True,left,1026,0.00625,0,0.0,"213,213,213",found,"760,626,1006,691",,0.18,1.289
casent0101130,Leptogenys,test,p,data/images/Leptogenys/casent0101130_p.jpg,1024,728,175018,0.23477,"10,50,997,500",3,3,False,,111,0.00063,0,0.0,"159,154,136",found,"810,660,978,725",,0.183,1.389
casent0101131,Leptogenys,train,p,data/images/Leptogenys/casent0101131_p.jpg,1024,510,155929,0.29858,"39,73,982,493",2,1,False,,2050,0.01315,0,0.0,"143,139,129",found,"896,451,1024,510",,0.188,0.957
casent0101132,Leptogenys,train,p,data/images/Leptogenys/casent0101132_p.jpg,1280,740,211459,0.22325,"50,148,1235,677",3,3,False,,1744,0.00825,0,0.0,"139,138,129",found,"1069,667,1280,740",,0.185,2.41
casent0101133,Leptogenys,train,p,data/images/Leptogenys/casent0101133_p.jpg,1024,622,177270,0.27832,"0,56,989,509",1,1,True,left,3924,0.02214,0,0.0,"164,157,136",found,"190,420,357,485",,0.18,1.159
casent0101398,Leptogenys,train,p,data/images/Leptogenys/casent0101398_p.jpg,1024,625,127617,0.1994,"22,125,1021,601",2,2,False,,771,0.00604,0,0.0,"143,137,124",found,"254,429,402,494",,0.185,1.186
casent0101589,Leptogenys,train,p,data/images/Leptogenys/casent0101589_p.jpg,1024,771,183036,0.23184,"49,0,989,771",1,1,True,top;bottom,3843,0.021,0,0.0,"156,150,135",found,"840,708,1024,771",,0.185,1.435
casent0101626,Leptogenys,train,p,data/images/Leptogenys/casent0101626_p.jpg,1024,545,118627,0.21256,"105,47,1024,502",4,2,True,right,209,0.00176,0,0.0,"151,144,126",found,"360,354,507,419",,0.182,1.032
casent0101714,Leptogenys,train,p,data/images/Leptogenys/casent0101714_p.jpg,1024,581,191072,0.32116,"40,35,1015,562",2,1,False,,8254,0.0432,0,0.0,"176,169,148",found,"136,489,283,554",,0.179,1.041
casent0101723,Leptogenys,train,p,data/images/Leptogenys/casent0101723_p.jpg,1024,648,186432,0.28096,"31,19,1024,628",1,1,True,right,3927,0.02106,0,0.0,"187,178,154",found,"326,523,473,588",,0.189,1.195
casent0101727,Leptogenys,train,p,data/images/Leptogenys/casent0101727_p.jpg,1280,646,452033,0.54667,"55,61,1280,646",1,1,True,bottom;right,140493,0.3108,0,0.0,"147,141,127",found,"53,564,246,646",,0.182,1.971
casent0101795,Leptogenys,train,p,data/images/Leptogenys/casent0101795_p.jpg,1024,534,139387,0.25491,"29,20,999,482",1,1,False,,5497,0.03944,0,0.0,"171,162,142",found,"664,447,800,513",,0.179,1.0
casent0101798,Leptogenys,train,p,data/images/Leptogenys/casent0101798_p.jpg,1024,476,141467,0.29023,"162,18,1024,461",1,1,True,right,1671,0.01181,0,0.0,"175,166,145",found,"596,391,718,456",,0.182,0.887
casent0101805,Leptogenys,test,p,data/images/Leptogenys/casent0101805_p.jpg,1024,628,265058,0.41217,"28,0,1024,608",3,2,True,top;right,3520,0.01328,0,0.0,"184,179,155",found,"510,546,646,611",,0.182,1.096
casent0101825,Leptogenys,test,p,data/images/Leptogenys/casent0101825_p.jpg,1024,607,177953,0.2863,"38,42,991,607",1,1,True,bottom,137,0.00077,0,0.0,"140,134,112",found,"506,522,670,587",,0.179,1.116
casent0101834,Leptogenys,train,p,data/images/Leptogenys/casent0101834_p.jpg,1280,770,230977,0.23435,"0,65,1280,515",1,1,True,left;right,1309,0.00567,0,0.0,"181,174,157",found,"1112,692,1280,770",,0.187,2.448
casent0101837,Leptogenys,test,p,data/images/Leptogenys/casent0101837_p.jpg,1024,687,206583,0.29366,"0,50,988,670",3,2,True,left,5879,0.02846,0,0.0,"177,169,144",found,"891,615,1024,680",,0.189,1.24
casent0101884,Leptogenys,train,p,data/images/Leptogenys/casent0101884_p.jpg,1024,691,167649,0.23693,"19,151,994,639",1,1,False,,5375,0.03206,0,0.0,"140,135,121",found,"884,628,1024,691",,0.175,1.279
casent0101888,Leptogenys,train,p,data/images/Leptogenys/casent0101888_p.jpg,1024,633,215862,0.33302,"76,60,979,603",4,2,False,,2436,0.01128,0,0.0,"186,178,156",found,"856,574,1024,633",,0.179,1.148
casent0101914,Leptogenys,train,p,data/images/Leptogenys/casent0101914_p.jpg,971,808,166552,0.21228,"62,174,932,803",3,2,False,,3602,0.02163,0,0.0,"156,150,130",found,"73,675,230,738",,0.181,1.364
casent0101940,Leptogenys,train,p,data/images/Leptogenys/casent0101940_p.jpg,1024,726,164740,0.2216,"63,24,968,469",2,1,False,,6655,0.0404,0,0.0,"180,173,153",found,"234,584,384,650",,0.2,1.36
casent0101947,Leptogenys,train,p,data/images/Leptogenys/casent0101947_p.jpg,1024,549,166557,0.29627,"45,37,1024,520",2,2,True,right,5088,0.03055,0,0.0,"188,180,160",found,"95,460,269,526",,0.18,1.015
casent0101972,Leptogenys,train,p,data/images/Leptogenys/casent0101972_p.jpg,1024,422,152604,0.35315,"25,39,980,402",2,1,False,,319,0.00209,0,0.0,"146,138,120",found,"571,328,707,394",,0.183,0.784
casent0101975,Leptogenys,train,p,data/images/Leptogenys/casent0101975_p.jpg,1024,392,136392,0.33978,"16,11,1007,380",2,1,False,,1264,0.00927,0,0.0,"185,171,151",found,"99,318,235,383",,0.178,0.737
casent0101989,Leptogenys,train,p,data/images/Leptogenys/casent0101989_p.jpg,1024,592,180812,0.29827,"28,0,1024,576",6,4,True,top;right,5270,0.02915,0,0.0,"184,178,158",found,"426,463,591,528",,0.183,1.071
casent0102014,Leptogenys,train,p,data/images/Leptogenys/casent0102014_p.jpg,1280,535,145362,0.21227,"40,58,1176,382",1,1,False,,357,0.00246,0,0.0,"151,150,146",found,"1080,444,1270,525",,0.18,1.742
casent0102015,Leptogenys,test,p,data/images/Leptogenys/casent0102015_p.jpg,1024,716,220957,0.30137,"36,51,978,621",2,2,False,,636,0.00288,0,0.0,"124,120,114",found,"860,640,1013,705",,0.192,1.286
casent0102016,Leptogenys,train,p,data/images/Leptogenys/casent0102016_p.jpg,1024,691,129224,0.18263,"23,118,1011,464",1,1,False,,372,0.00288,0,0.0,"130,127,118",found,"859,614,1013,680",,0.181,1.303
casent0102017,Leptogenys,train,p,data/images/Leptogenys/casent0102017_p.jpg,1024,698,158303,0.22148,"33,182,992,666",1,1,False,,396,0.0025,0,0.0,"133,133,122",found,"876,619,1002,684",,0.176,1.293
casent0102025,Leptogenys,test,p,data/images/Leptogenys/casent0102025_p.jpg,1024,661,176790,0.26119,"0,85,996,599",1,1,True,left,1771,0.01002,0,0.0,"201,185,169",found,"879,586,1012,650",,0.172,1.225
casent0102026,Leptogenys,train,p,data/images/Leptogenys/casent0102026_p.jpg,1024,654,156508,0.2337,"15,113,1020,599",2,1,False,,4767,0.03046,0,0.0,"167,163,159",found,"806,574,1008,640",,0.175,1.226
casent0102027,Leptogenys,train,p,data/images/Leptogenys/casent0102027_p.jpg,1280,759,282771,0.29106,"40,94,1280,631",2,1,True,right,14874,0.0526,0,0.0,"162,158,157",found,"985,663,1257,745",,0.181,2.468
casent0102412,Leptogenys,test,p,data/images/Leptogenys/casent0102412_p.jpg,1024,766,218541,0.27861,"56,29,973,766",1,1,True,bottom,6658,0.03047,0,0.0,"167,164,157",found,"95,698,376,763",,0.186,1.386
casent0102413,Leptogenys,test,p,data/images/Leptogenys/casent0102413_p.jpg,949,808,179278,0.2338,"57,20,883,804",1,1,False,,4131,0.02304,0,0.0,"158,153,146",found,"58,690,282,751",,0.185,1.238
casent0102414,Leptogenys,train,p,data/images/Leptogenys/casent0102414_p.jpg,1024,656,108716,0.16184,"28,97,974,555",5,2,False,,1473,0.01355,0,0.0,"146,143,133",found,"340,579,558,644",,0.185,1.258
casent0104564,Leptogenys,train,p,data/images/Leptogenys/casent0104564_p.jpg,1024,741,342380,0.45122,"22,60,997,741",1,1,True,bottom,46979,0.13721,0,0.0,"152,154,147",found,"53,672,332,738",,0.182,1.298
casent0101711,Lioponera,test,p,data/images/Lioponera/casent0101711_p.jpg,1024,777,228941,0.28774,"27,52,946,727",2,1,False,,7695,0.03361,0,0.0,"172,173,161",found,"738,723,1024,777",,0.183,1.478
casent0101733,Lioponera,train,p,data/images/Lioponera/casent0101733_p.jpg,1024,631,248809,0.38507,"32,18,981,616",5,2,False,,3276,0.01317,0,0.0,"163,158,137",found,"211,492,511,558",,0.18,1.141
casent0101827,Lioponera,train,p,data/images/Lioponera/casent0101827_p.jpg,1024,611,193224,0.30883,"39,55,989,577",2,1,False,,4146,0.02146,0,0.0,"169,165,143",found,"338,476,499,541",,0.179,1.151
casent0101831,Lioponera,train,p,data/images/Lioponera/casent0101831_p.jpg,1024,577,206716,0.34986,"33,28,1024,534",4,3,True,right,8868,0.0429,0,0.0,"172,167,144",found,"855,503,1023,568",,0.181,1.061
casent0101841,Lioponera,train,p,data/images/Lioponera/casent0101841_p.jpg,1024,472,278714,0.57666,"47,65,966,472",5,2,True,bottom,65725,0.23582,0,0.0,"168,163,143",found,"437,393,630,458",,0.183,0.845
casent0101916,Lioponera,train,p,data/images/Lioponera/casent0101916_p.jpg,1024,658,308508,0.45787,"61,29,948,599",7,4,False,,1952,0.00633,0,0.0,"148,141,122",found,"275,575,564,641",,0.19,1.154
casent0101969,Lioponera,train,p,data/images/Lioponera/casent0101969_p.jpg,1024,693,313846,0.44227,"32,50,989,693",5,4,True,bottom,3950,0.01259,0,0.0,"170,163,144",found,"515,543,702,608",,0.184,1.235
casent0101980,Lioponera,train,p,data/images/Lioponera/casent0101980_p.jpg,1024,749,304778,0.39738,"54,27,986,721",3,2,False,,12761,0.04187,0,0.0,"169,166,142",found,"164,634,356,700",,0.186,1.311
casent0101985,Lioponera,train,p,data/images/Lioponera/casent0101985_p.jpg,1280,731,410550,0.43877,"18,75,1272,731",1,1,True,bottom,17187,0.04186,0,0.0,"154,149,133",found,"1063,661,1280,731",,0.199,2.224
casent0102164,Lioponera,train,p,data/images/Lioponera/casent0102164_p.jpg,1024,739,293252,0.38752,"20,42,983,721",4,3,False,,8160,0.02783,0,0.0,"148,150,144",found,"266,610,459,675",,0.175,1.268
casent0102165,Lioponera,test,p,data/images/Lioponera/casent0102165_p.jpg,1024,771,225514,0.28564,"23,47,950,692",2,2,False,,3316,0.0147,0,0.0,"156,158,140",found,"364,622,570,686",,0.177,1.416
casent0104582,Lioponera,train,p,data/images/Lioponera/casent0104582_p.jpg,1024,524,129649,0.24162,"15,100,994,510",3,1,False,,10572,0.08154,0,0.0,"186,184,182",found,"570,463,759,524",,0.179,0.987
casent0104583,Lioponera,test,p,data/images/Lioponera/casent0104583_p.jpg,1024,485,120999,0.24364,"50,104,989,383",2,2,False,,9383,0.07755,0,0.0,"190,188,186",found,"382,424,672,485",,0.177,0.913
casent0173078,Lioponera,train,p,data/images/Lioponera/casent0173078_p.jpg,1017,808,269157,0.32755,"32,58,1007,808",1,1,True,bottom,14973,0.05563,0,0.0,"210,211,210",found,"412,744,670,808",,0.181,1.466
casent0101230,Meranoplus,train,p,data/images/Meranoplus/casent0101230_p.jpg,1024,564,258174,0.44703,"0,54,970,564",6,3,True,bottom;left,14824,0.05742,0,0.0,"213,216,209",found,"400,466,687,531",,0.18,1.015
casent0101231,Meranoplus,test,p,data/images/Meranoplus/casent0101231_p.jpg,1024,634,195402,0.30098,"29,82,981,634",5,3,True,bottom,6512,0.03333,0,0.0,"221,221,219",found,"749,568,998,633",,0.18,1.198
casent0101236,Meranoplus,train,p,data/images/Meranoplus/casent0101236_p.jpg,1280,655,358354,0.42743,"0,78,1233,615",3,2,True,left,12101,0.03377,0,0.0,"218,221,217",found,"823,571,1204,651",,0.19,2.02
casent0101237,Meranoplus,train,p,data/images/Meranoplus/casent0101237_p.jpg,1024,606,175968,0.28357,"41,123,979,598",1,1,False,,15811,0.08985,0,0.0,"218,217,215",found,"600,547,828,606",,0.182,1.143
casent0101238,Meranoplus,train,p,data/images/Meranoplus/casent0101238_p.jpg,1024,577,233426,0.39507,"38,86,966,510",5,3,False,,21877,0.09372,0,0.0,"218,218,216",found,"735,484,908,549",,0.179,1.033
casent0101239,Meranoplus,train,p,data/images/Meranoplus/casent0101239_p.jpg,1024,698,285458,0.39938,"64,107,947,639",9,3,False,,35033,0.12273,0,0.0,"215,215,212",found,"245,630,430,695",,0.184,1.26
casent0101634,Meranoplus,train,p,data/images/Meranoplus/casent0101634_p.jpg,1024,773,368583,0.46565,"0,26,935,760",11,5,True,left,42208,0.11451,0,0.0,"223,224,222",found,"109,713,334,773",,0.212,1.347
casent0101641,Meranoplus,test,p,data/images/Meranoplus/casent0101641_p.jpg,1024,713,291750,0.3996,"82,70,953,647",3,1,False,,30925,0.106,0,0.0,"221,226,226",found,"839,658,1024,713",,0.182,1.292
casent0102066,Meranoplus,train,p,data/images/Meranoplus/casent0102066_p.jpg,1024,779,358026,0.44883,"23,49,1020,721",3,1,False,,24765,0.06917,0,0.0,"141,142,133",found,"801,711,1014,777",,0.18,1.376
casent0102067,Meranoplus,test,p,data/images/Meranoplus/casent0102067_p.jpg,1024,633,286773,0.44242,"48,98,964,602",3,2,False,,6757,0.02356,0,0.0,"124,123,114",found,"769,560,1016,625",,0.181,1.127
casent0104611,Meranoplus,train,p,data/images/Meranoplus/casent0104611_p.jpg,1024,645,262522,0.39747,"57,66,971,627",11,5,False,,954,0.00363,0,0.0,"133,133,126",found,"678,574,886,639",,0.178,1.161
casent0430421,Meranoplus,train,p,data/images/Meranoplus/casent0430421_p.jpg,1024,802,306924,0.37373,"41,36,965,802",5,2,True,bottom,12648,0.04121,0,0.0,"146,145,136",found,"361,750,622,802",,0.185,1.412
casent0486683,Meranoplus,train,p,data/images/Meranoplus/casent0486683_p.jpg,1024,1024,36745,0.03504,"749,435,1006,845",6,4,False,,13,0.00035,0,0.0,"110,76,49",not_found,,no_scalebar,0.195,2.029
casent0486686,Meranoplus,train,p,data/images/Meranoplus/casent0486686_p.jpg,1024,805,407903,0.49484,"56,12,958,805",6,3,True,bottom,15589,0.03822,0,0.0,"207,207,208",found,"798,730,1024,795",,0.185,1.364
casent0003327,Monomorium,train,p,data/images/Monomorium/casent0003327_p.jpg,1024,771,248833,0.31518,"42,65,983,624",11,6,False,,11303,0.04542,0,0.0,"123,119,115",found,"855,696,1023,762",,0.185,1.377
casent0003992,Monomorium,test,p,data/images/Monomorium/casent0003992_p.jpg,1024,771,189653,0.24022,"5,138,1002,745",3,2,False,,1604,0.00846,0,0.0,"124,122,115",found,"731,696,1023,762",,0.182,1.432
casent0010765,Monomorium,test,p,data/images/Monomorium/casent0010765_p.jpg,1280,766,400879,0.40886,"43,69,1223,729",4,3,False,,32591,0.0813,0,0.0,"112,105,100",found,"833,690,1058,766",,0.183,2.41
casent0016361,Monomorium,train,p,data/images/Monomorium/casent0016361_p.jpg,1024,771,208437,0.26401,"48,62,986,729",1,1,False,,9030,0.04332,0,0.0,"198,198,196",found,"866,697,1023,762",,0.178,1.464
casent0020200,Monomorium,train,p,data/images/Monomorium/casent0020200_p.jpg,1024,771,278753,0.35307,"32,74,931,771",5,2,True,bottom,22441,0.0805,0,0.0,"168,168,165",found,"833,697,1022,762",,0.18,1.423
casent0020507,Monomorium,train,p,data/images/Monomorium/casent0020507_p.jpg,1024,1024,359153,0.34251,"0,162,1024,1012",6,4,True,left;right,40030,0.11146,0,0.0,"153,144,123",truncated,"923,948,1024,1015",,0.187,1.896
casent0025716,Monomorium,train,p,data/images/Monomorium/casent0025716_p.jpg,1024,705,252539,0.34982,"46,75,986,619",5,2,False,,8894,0.03522,0,0.0,"151,155,150",found,"826,619,1015,684",,0.182,1.295
casent0041614,Monomorium,train,p,data/images/Monomorium/casent0041614_p.jpg,1024,784,239698,0.29857,"50,85,957,772",4,3,False,,10601,0.04423,0,0.0,"181,180,178",found,"845,721,1023,784",,0.188,1.476
casent0044969,Monomorium,train,p,data/images/Monomorium/casent0044969_p.jpg,1024,664,189006,0.27798,"32,75,972,571",8,3,False,,30838,0.16316,0,0.0,"165,174,176",found,"809,598,1013,663",,0.199,1.262
casent0045443,Monomorium,train,p,data/images/Monomorium/casent0045443_p.jpg,1024,707,244965,0.33836,"49,57,997,673",7,2,False,,8143,0.03324,0,0.0,"190,186,181",found,"867,644,1016,707",,0.187,1.311
casent0052480,Monomorium,test,p,data/images/Monomorium/casent0052480_p.jpg,1024,684,174816,0.24959,"23,114,996,592",4,2,False,,15750,0.09009,0,0.0,"148,150,148",found,"850,620,1024,684",,0.192,1.298
casent0053986,Monomorium,train,p,data/images/Monomorium/casent0053986_p.jpg,1024,762,295915,0.37924,"26,36,964,682",2,1,False,,8728,0.02949,0,0.0,"184,191,186",found,"819,695,1024,760",,0.189,1.369
casent0068113,Monomorium,train,p,data/images/Monomorium/casent0068113_p.jpg,1024,767,212077,0.27002,"43,86,941,701",1,1,False,,5938,0.028,0,0.0,"223,223,223",found,"780,692,1012,757",,0.191,1.45
casent0076204,Monomorium,train,p,data/images/Monomorium/casent0076204_p.jpg,1024,751,147513,0.19182,"16,66,1009,699",4,1,False,,38381,0.26019,0,0.0,"209,209,212",found,"862,678,1009,743",,0.188,1.442
casent0078587,Monomorium,test,p,data/images/Monomorium/casent0078587_p.jpg,1024,735,193233,0.25674,"70,107,976,726",1,1,False,,10249,0.05304,0,0.0,"181,182,177",found,"816,659,1021,725",,0.186,1.4
casent0079066,Monomorium,train,p,data/images/Monomorium/casent0079066_p.jpg,1024,710,238224,0.32766,"66,145,970,633",4,1,False,,4156,0.01745,0,0.0,"204,207,200",found,"815,631,1020,696",,0.197,1.309
casent0101472,Monomorium,test,p,data/images/Monomorium/casent0101472_p.jpg,1024,655,181726,0.27094,"108,113,916,647",7,2,False,,238,0.00131,0,0.0,"213,180,139",found,"330,549,574,614",,0.182,1.263
casent0101473,Monomorium,train,p,data/images/Monomorium/casent0101473_p.jpg,1024,489,114571,0.22881,"41,103,986,328",2,2,False,,1091,0.00952,0,0.0,"117,117,111",found,"142,329,347,394",,0.186,0.955
casent0101474,Monomorium,train,p,data/images/Monomorium/casent0101474_p.jpg,1024,771,190236,0.24096,"52,178,998,523",1,1,False,,357,0.00188,0,0.0,"120,119,110",found,"593,519,837,584",,0.187,1.48
casent0148842,Monomorium,train,p,data/images/Monomorium/casent0148842_p.jpg,1024,1024,293127,0.27955,"0,92,1024,967",2,2,True,left;right,3438,0.01173,0,0.0,"210,200,192",truncated,"891,972,1024,1024",,0.188,1.933
casent0173547,Monomorium,train,p,data/images/Monomorium/casent0173547_p.jpg,1024,755,162919,0.21073,"46,94,974,736",2,1,False,,26631,0.16346,0,0.0,"189,192,184",found,"739,693,900,755",,0.188,1.43
casent0173584,Monomorium,train,p,data/images/Monomorium/casent0173584_p.jpg,1024,683,195182,0.27907,"30,92,956,567",5,2,False,,48254,0.24723,0,0.0,"180,180,182",found,"848,608,1023,673",,0.192,1.282
casent0173589,Monomorium,train,p,data/images/Monomorium/casent0173589_p.jpg,1024,771,196761,0.24922,"43,55,978,747",2,1,False,,8567,0.04354,0,0.0,"182,184,180",found,"860,701,1018,766",,0.206,1.46
casent0173593,Monomorium,train,p,data/images/Monomorium/casent0173593_p.jpg,1024,739,188758,0.24944,"51,122,975,714",3,1,False,,15041,0.07968,0,0.0,"182,181,180",found,"855,666,1008,732",,0.182,1.417
casent0173599,Monomorium,train,p,data/images/Monomorium/casent0173599_p.jpg,1024,771,197163,0.24973,"64,64,968,742",2,1,False,,41597,0.21098,0,0.0,"163,166,167",found,"833,697,1022,762",,0.178,1.473
casent0401520,Monomorium,train,p,data/images/Monomorium/casent0401520_p.jpg,1024,771,186142,0.23577,"55,41,1024,711",5,3,True,right,15807,0.08492,0,0.0,"163,162,157",found,"872,697,1021,762",,0.186,1.49
casent0412167,Monomorium,train,p,data/images/Monomorium/casent0412167_p.jpg,1024,751,195021,0.2536,"0,103,1012,735",6,4,True,left,5797,0.02973,0,0.0,"127,123,117",found,"864,689,1024,751",,0.19,1.448
casent0433301,Monomorium,train,p,data/images/Monomorium/casent0433301_p.jpg,1024,771,205915,0.26082,"51,74,1001,647",3,1,False,,6121,0.02973,0,0.0,"203,205,204",found,"869,707,1018,771",,0.21,1.462
casent0442208,Monomorium,test,p,data/images/Monomorium/casent0442208_p.jpg,1024,771,188782,0.23911,"0,106,988,737",6,3,True,left,10298,0.05455,0,0.0,"195,196,193",found,"866,697,1023,762",,0.19,1.507
casent0442524,Monomorium,train,p,data/images/Monomorium/casent0442524_p.jpg,1024,737,251854,0.33372,"41,77,945,685",3,2,False,,16777,0.06661,0,0.0,"183,182,175",found,"872,663,1021,728",,0.188,1.386
casent0470383,Monomorium,train,p,data/images/Monomorium/casent0470383_p.jpg,1024,713,187301,0.25654,"10,84,981,608",3,2,False,,35696,0.19058,0,0.0,"186,183,181",found,"843,636,1024,701",,0.192,1.381
casent0470747,Monomorium,test,p,data/images/Monomorium/casent0470747_p.jpg,1024,769,200019,0.25401,"55,170,967,691",4,3,False,,31236,0.15617,0,0.0,"153,152,145",found,"793,694,1024,760",,0.19,1.495
casent0475908,Monomorium,train,p,data/images/Monomorium/casent0475908_p.jpg,1024,711,152923,0.21004,"32,137,992,664",5,3,False,,7474,0.04887,0,0.0,"190,188,183",found,"865,645,1014,710",,0.2,1.383
casent0481865,Monomorium,train,p,data/images/Monomorium/casent0481865_p.jpg,1024,771,315867,0.40008,"47,35,976,752",2,1,False,,25548,0.08088,0,0.0,"179,180,172",found,"854,708,1003,771",,0.192,1.391
casent0481867,Monomorium,train,p,data/images/Monomorium/casent0481867_p.jpg,1024,780,220174,0.27566,"49,66,975,745",3,1,False,,13774,0.06256,0,0.0,"200,200,198",found,"773,712,1024,778",,0.203,1.488
casent0481871,Monomorium,train,p,data/images/Monomorium/casent0481871_p.jpg,959,808,199439,0.25738,"56,22,959,791",5,2,True,right,19791,0.09923,0,0.0,"171,172,167",found,"768,738,945,800",,0.205,1.27
casent0490190,Monomorium,train,p,data/images/Monomorium/casent0490190_p.jpg,1024,784,253331,0.31555,"48,108,943,701",3,2,False,,15257,0.06023,0,0.0,"208,205,197",found,"859,711,1020,777",,0.192,1.452
casent0000550,Mystrium,train,p,data/images/Mystrium/casent0000550_p.jpg,1280,719,248978,0.27053,"16,90,1256,691",2,1,False,,3986,0.01601,0,0.0,"145,156,142",found,"468,656,810,719",,0.192,2.374
casent0000760,Mystrium,train,p,data/images/Mystrium/casent0000760_p.jpg,1254,808,287981,0.28422,"17,130,1221,735",1,1,False,,912,0.00317,0,0.0,"138,137,131",found,"412,746,839,808",,0.19,2.603
casent0002102,Mystrium,train,p,data/images/Mystrium/casent0002102_p.jpg,1133,808,317120,0.3464,"45,59,1113,758",4,2,False,,7041,0.0222,0,0.0,"151,154,152",found,"424,752,709,808",,0.19,1.954
casent0003280,Mystrium,train,p,data/images/Mystrium/casent0003280_p.jpg,1024,1024,334540,0.31904,"0,51,1024,898",3,2,True,left;right,12831,0.03835,0,0.0,"184,184,186",truncated,"898,979,1024,1024",,0.195,1.893
casent0003307,Mystrium,train,p,data/images/Mystrium/casent0003307_p.jpg,1024,611,120762,0.19301,"25,153,974,520",4,1,False,,13411,0.11105,0,0.0,"218,220,221",found,"776,542,1022,608",,0.19,1.224
casent0003308,Mystrium,train,p,data/images/Mystrium/casent0003308_p.jpg,946,808,263624,0.34489,"70,51,884,783",3,1,False,,5222,0.01981,0,0.0,"163,161,155",found,"231,755,587,808",,0.189,1.228
casent0003309,Mystrium,train,p,data/images/Mystrium/casent0003309_p.jpg,1024,575,132493,0.22502,"22,0,1024,500",1,1,True,top;right,647,0.00488,4195,0.03166,"138,136,131",found,"389,524,653,575",,0.189,1.15
casent0003310,Mystrium,train,p,data/images/Mystrium/casent0003310_p.jpg,822,808,220332,0.33174,"80,36,687,774",1,1,False,,5202,0.02361,0,0.0,"112,112,102",found,"609,753,822,807",,0.19,0.927
casent0003806,Mystrium,test,p,data/images/Mystrium/casent0003806_p.jpg,1024,658,184448,0.27375,"30,55,978,624",4,1,False,,2651,0.01437,0,0.0,"238,240,231",found,"850,589,1009,653",,0.192,1.281
casent0006083,Mystrium,train,p,data/images/Mystrium/casent0006083_p.jpg,1024,1024,312923,0.29843,"0,128,1024,983",1,1,True,left;right,6025,0.01925,0,0.0,"158,168,160",found,"324,954,697,1018",,0.198,1.948
casent0009349,Mystrium,train,p,data/images/Mystrium/casent0009349_p.jpg,1024,721,246308,0.33361,"36,37,998,692",1,1,False,,5717,0.02321,0,0.0,"172,170,166",found,"104,652,400,717",,0.188,1.349
casent0009965,Mystrium,train,p,data/images/Mystrium/casent0009965_p.jpg,1024,800,240715,0.29384,"24,47,982,775",1,1,False,,4177,0.01735,0,0.0,"230,234,235",found,"813,728,1024,792",,0.196,1.515
casent0009966,Mystrium,train,p,data/images/Mystrium/casent0009966_p.jpg,1024,771,238085,0.30156,"38,84,1015,715",1,1,False,,5270,0.02213,0,0.0,"222,225,226",found,"801,697,1023,762",,0.219,1.46
casent0009967,Mystrium,train,p,data/images/Mystrium/casent0009967_p.jpg,1024,771,228547,0.28948,"84,59,940,737",7,3,False,,1984,0.00868,0,0.0,"219,221,221",found,"824,699,1024,765",,0.186,1.458
casent0009968,Mystrium,train,p,data/images/Mystrium/casent0009968_p.jpg,1024,723,244715,0.33054,"22,66,961,703",1,1,False,,6197,0.02532,0,0.0,"225,229,230",found,"816,659,1023,723",,0.193,1.351
casent0009969,Mystrium,train,p,data/images/Mystrium/casent0009969_p.jpg,1024,749,239519,0.31229,"20,76,994,722",1,1,False,,4220,0.01762,0,0.0,"220,223,224",found,"797,683,1003,748",,0.202,1.44
casent0076622,Mystrium,test,p,data/images/Mystrium/casent0076622_p.jpg,1024,771,214129,0.27122,"15,34,1024,732",2,2,True,right,2058,0.00961,0,0.0,"217,218,215",found,"728,695,1018,760",,0.2,1.472
casent0101137,Mystrium,test,p,data/images/Mystrium/casent0101137_p.jpg,1024,435,137055,0.30768,"15,47,989,435",1,1,True,bottom,15569,0.1136,0,0.0,"150,141,120",found,"664,316,800,381",,0.189,0.844
casent0101448,Mystrium,train,p,data/images/Mystrium/casent0101448_p.jpg,1024,771,220772,0.27963,"48,101,1024,725",1,1,True,right,216,0.00098,0,0.0,"151,151,142",found,"475,616,659,681",,0.193,1.476
casent0101670,Mystrium,train,p,data/images/Mystrium/casent0101670_p.jpg,1280,540,231572,0.33503,"24,50,1059,486",2,1,False,,769,0.00332,0,0.0,"169,161,140",found,"803,400,1012,482",,0.189,1.8
casent0101710,Mystrium,train,p,data/images/Mystrium/casent0101710_p.jpg,1280,719,243328,0.26439,"14,20,1276,607",4,2,False,,736,0.00302,0,0.0,"154,145,127",found,"270,586,480,668",,0.195,2.367
casent0101872,Mystrium,train,p,data/images/Mystrium/casent0101872_p.jpg,1024,687,241797,0.34371,"42,0,1001,640",3,2,True,top,13,5e-05,586,0.00242,"154,149,122",found,"452,576,687,642",,0.189,1.279
casent0101952,Mystrium,train,p,data/images/Mystrium/casent0101952_p.jpg,1024,484,152643,0.30799,"16,61,1024,440",4,2,True,right,5773,0.03782,0,0.0,"178,169,150",found,"349,392,496,457",,0.189,0.939
casent0101993,Mystrium,test,p,data/images/Mystrium/casent0101993_p.jpg,1024,284,102372,0.35202,"26,17,1002,275",3,1,False,,379,0.0037,0,0.0,"174,164,147",found,"506,224,642,284",,0.186,0.57
casent0101995,Mystrium,train,p,data/images/Mystrium/casent0101995_p.jpg,1024,771,302944,0.38371,"51,55,1008,718",3,1,False,,1653,0.00546,0,0.0,"151,148,125",found,"580,629,825,695",,0.189,1.45
casent0102171,Mystrium,test,p,data/images/Mystrium/casent0102171_p.jpg,949,808,216853,0.28281,"33,0,899,768",1,1,True,top,2438,0.01124,0,0.0,"171,176,173",found,"173,677,384,738",,0.198,1.249
casent0102172,Mystrium,test,p,data/images/Mystrium/casent0102172_p.jpg,1280,677,154138,0.17787,"136,191,1249,579",1,1,False,,52,0.00034,0,0.0,"150,152,150",found,"173,504,382,586",,0.192,2.336
casent0104555,Mystrium,train,p,data/images/Mystrium/casent0104555_p.jpg,1280,583,186984,0.25057,"29,36,1098,479",2,2,False,,5792,0.03098,0,0.0,"168,169,164",found,"499,502,806,583",,0.189,1.963
casent0104556,Mystrium,train,p,data/images/Mystrium/casent0104556_p.jpg,1280,593,200192,0.26374,"20,31,1218,474",5,4,False,,2920,0.01459,0,0.0,"157,157,153",found,"113,493,438,575",,0.187,2.038
casent0104557,Mystrium,train,p,data/images/Mystrium/casent0104557_p.jpg,1024,653,181094,0.27083,"22,92,999,643",1,1,False,,2335,0.01289,0,0.0,"151,150,148",found,"809,584,993,649",,0.187,1.267
casent0104560,Mystrium,train,p,data/images/Mystrium/casent0104560_p.jpg,1024,795,343069,0.42142,"35,0,989,773",2,1,True,top,12147,0.03541,0,0.0,"159,159,152",found,"373,727,659,792",,0.187,1.456
casent0104561,Mystrium,train,p,data/images/Mystrium/casent0104561_p.jpg,1024,771,249213,0.31566,"26,53,1005,734",2,1,False,,3922,0.01574,0,0.0,"154,154,150",found,"783,699,989,764",,0.19,1.462
casent0104562,Mystrium,train,p,data/images/Mystrium/casent0104562_p.jpg,1024,771,397703,0.50374,"51,35,982,738",3,2,False,,47046,0.11829,0,0.0,"154,155,148",found,"659,705,901,770",,0.191,1.386
casent0104563,Mystrium,train,p,data/images/Mystrium/casent0104563_p.jpg,1024,641,178915,0.27258,"6,52,1014,618",1,1,False,,5278,0.0295,0,0.0,"159,159,156",found,"374,571,664,636",,0.19,1.264
casent0136493,Mystrium,train,p,data/images/Mystrium/casent0136493_p.jpg,1024,609,152087,0.24388,"25,0,940,580",1,1,True,top,1197,0.00787,0,0.0,"233,230,227",found,"870,540,1008,605",,0.198,1.178
casent0141843,Mystrium,train,p,data/images/Mystrium/casent0141843_p.jpg,1024,789,304839,0.37731,"37,56,979,750",2,1,False,,5457,0.0179,0,0.0,"229,230,230",found,"697,705,992,770",,0.19,1.488
casent0172602,Mystrium,train,p,data/images/Mystrium/casent0172602_p.jpg,1024,521,124293,0.23297,"27,112,925,472",1,1,False,,1433,0.01153,0,0.0,"222,222,222",found,"775,455,999,520",,0.187,1.031
casent0317397,Mystrium,test,p,data/images/Mystrium/casent0317397_p.jpg,1024,1024,458650,0.4374,"0,16,1024,964",7,3,True,left;right,60404,0.1317,0,0.0,"163,168,166",not_found,,no_scalebar,0.191,1.835
casent0317582,Mystrium,test,p,data/images/Mystrium/casent0317582_p.jpg,1024,1024,36544,0.03485,"569,336,929,673",4,3,False,,5363,0.14675,0,0.0,"121,136,145",found,"339,935,855,1007",,0.195,2.167
casent0318920,Mystrium,train,p,data/images/Mystrium/casent0318920_p.jpg,1024,1024,508763,0.48519,"0,37,1024,1024",3,1,True,bottom;left;right,10379,0.0204,2040,0.00401,"178,182,182",not_found,,no_scalebar,0.192,1.779
casent0429930,Mystrium,test,p,data/images/Mystrium/casent0429930_p.jpg,934,808,245889,0.32582,"50,47,865,789",1,1,False,,2842,0.01156,0,0.0,"216,217,219",found,"681,731,896,792",,0.186,1.219
casent0429953,Mystrium,train,p,data/images/Mystrium/casent0429953_p.jpg,1023,808,313822,0.37966,"29,68,1023,752",2,2,True,right,2542,0.0081,0,0.0,"145,148,143",found,"429,753,684,808",,0.193,1.511
casent0429955,Mystrium,train,p,data/images/Mystrium/casent0429955_p.jpg,1024,773,292987,0.37014,"34,31,980,728",2,1,False,,2114,0.00722,0,0.0,"145,147,141",found,"322,722,699,773",,0.193,1.455
casent0906905,Mystrium,train,p,data/images/Mystrium/casent0906905_p.jpg,1024,1024,341663,0.32584,"0,94,1024,893",2,2,True,left;right,12893,0.03774,0,0.0,"149,150,151",not_found,,no_scalebar,0.199,1.934
casent0003120,Nesomyrmex,test,p,data/images/Nesomyrmex/casent0003120_p.jpg,1024,699,237114,0.33127,"64,101,971,699",1,1,True,bottom,7029,0.02964,0,0.0,"192,196,189",found,"816,626,1024,691",,0.209,1.33
casent0060902,Nesomyrmex,train,p,data/images/Nesomyrmex/casent0060902_p.jpg,1024,793,260635,0.32097,"51,50,968,676",2,1,False,,8902,0.03416,0,0.0,"223,224,223",found,"801,716,1017,782",,0.199,1.516
casent0101616,Nesomyrmex,test,p,data/images/Nesomyrmex/casent0101616_p.jpg,1024,607,224597,0.36134,"22,76,988,575",5,4,False,,8800,0.03918,0,0.0,"148,143,145",found,"565,530,737,595",,0.19,1.164
casent0101667,Nesomyrmex,train,p,data/images/Nesomyrmex/casent0101667_p.jpg,1024,1024,456461,0.43532,"0,38,1024,870",1,1,True,left;right,76399,0.16737,0,0.0,"225,222,216",found,"159,908,445,974",,0.196,1.894
casent0101687,Nesomyrmex,train,p,data/images/Nesomyrmex/casent0101687_p.jpg,1024,713,266923,0.36559,"17,113,991,698",1,1,False,,79643,0.29837,0,0.0,"156,152,155",found,"813,652,1022,713",,0.197,1.376
casent0102064,Nesomyrmex,train,p,data/images/Nesomyrmex/casent0102064_p.jpg,1024,685,249659,0.35592,"30,68,982,635",6,1,False,,3051,0.01222,0,0.0,"231,222,200",found,"807,612,1012,677",,0.197,1.336
casent0102065,Nesomyrmex,train,p,data/images/Nesomyrmex/casent0102065_p.jpg,1024,544,169625,0.3045,"33,99,973,456",2,2,False,,919,0.00542,0,0.0,"233,214,184",found,"716,471,1017,536",,0.187,1.063
casent0189276,Nesomyrmex,train,p,data/images/Nesomyrmex/casent0189276_p.jpg,1024,708,226644,0.31262,"41,60,982,708",1,1,True,bottom,19041,0.08401,0,0.0,"202,200,187",found,"778,629,1018,696",,0.201,1.329
casent0189277,Nesomyrmex,train,p,data/images/Nesomyrmex/casent0189277_p.jpg,1024,786,253631,0.31512,"51,67,956,704",3,3,False,,6750,0.02661,0,0.0,"210,213,202",found,"807,714,1018,779",,0.2,1.478
casent0393113,Nesomyrmex,train,p,data/images/Nesomyrmex/casent0393113_p.jpg,1024,1024,329852,0.31457,"0,117,1024,882",1,1,True,left;right,25971,0.07874,0,0.0,"113,114,110",truncated,"821,915,1024,982",,0.194,1.862
casent0393121,Nesomyrmex,train,p,data/images/Nesomyrmex/casent0393121_p.jpg,1024,1024,416191,0.39691,"0,119,1024,928",2,2,True,left;right,32279,0.07756,0,0.0,"179,178,177",truncated,"913,985,1024,1024",,0.193,1.848
casent0422630,Nesomyrmex,train,p,data/images/Nesomyrmex/casent0422630_p.jpg,1024,699,178040,0.24874,"25,59,981,641",2,2,False,,29866,0.16775,0,0.0,"177,175,169",found,"699,629,1001,695",,0.189,1.354
casent0443515,Nesomyrmex,train,p,data/images/Nesomyrmex/casent0443515_p.jpg,1024,1024,370831,0.35365,"0,57,1024,844",1,1,True,left;right,812,0.00219,0,0.0,"141,140,132",truncated,"899,938,1024,1005",,0.195,1.905
casent0455428,Nesomyrmex,train,p,data/images/Nesomyrmex/casent0455428_p.jpg,1024,1024,341550,0.32573,"0,115,1024,806",3,2,True,left;right,554,0.00162,0,0.0,"105,104,90",not_found,,no_scalebar,0.192,1.928
casent0487130,Nesomyrmex,train,p,data/images/Nesomyrmex/casent0487130_p.jpg,1024,723,208141,0.28114,"24,61,970,658",2,2,False,,4546,0.02184,0,0.0,"226,226,217",found,"603,619,847,684",,0.191,1.411
casent0487142,Nesomyrmex,train,p,data/images/Nesomyrmex/casent0487142_p.jpg,1024,693,192058,0.27064,"22,79,973,665",2,1,False,,1947,0.01014,0,0.0,"228,229,220",found,"811,613,1008,678",,0.187,1.366
casent0919845,Nesomyrmex,test,p,data/images/Nesomyrmex/casent0919845_p.jpg,1024,1024,329827,0.31455,"0,88,1024,847",9,6,True,left;right,1653,0.00501,0,0.0,"130,130,117",not_found,,no_scalebar,0.198,1.913
casent0007735,Nylanderia,train,p,data/images/Nylanderia/casent0007735_p.jpg,1013,808,219198,0.2678,"129,58,993,708",7,4,False,,1926,0.00879,0,0.0,"142,141,137",found,"17,735,234,801",,0.189,1.585
casent0101299,Nylanderia,train,p,data/images/Nylanderia/casent0101299_p.jpg,1024,771,260055,0.32939,"84,66,1024,758",5,1,True,right,24526,0.09431,0,0.0,"150,151,144",found,"760,710,945,771",,0.19,1.523
casent0101300,Nylanderia,test,p,data/images/Nylanderia/casent0101300_p.jpg,1024,715,260370,0.35562,"28,82,1024,704",8,1,True,right,42304,0.16248,0,0.0,"157,154,151",found,"174,651,363,715",,0.193,1.409
casent0101311,Nylanderia,train,p,data/images/Nylanderia/casent0101311_p.jpg,1024,665,195655,0.28732,"80,27,951,632",13,5,False,,1674,0.00856,0,0.0,"137,138,132",found,"330,580,507,646",,0.211,1.297
casent0101312,Nylanderia,train,p,data/images/Nylanderia/casent0101312_p.jpg,1024,680,363670,0.52227,"0,14,979,652",6,3,True,left,32412,0.08912,0,0.0,"136,136,131",found,"125,608,350,673",,0.195,1.237
casent0101315,Nylanderia,train,p,data/images/Nylanderia/casent0101315_p.jpg,1024,775,235354,0.29657,"31,23,990,656",5,2,False,,12381,0.05261,0,0.0,"148,145,140",found,"75,696,288,761",,0.193,1.508
casent0101316,Nylanderia,test,p,data/images/Nylanderia/casent0101316_p.jpg,1024,1024,388337,0.37035,"0,51,1024,823",14,4,True,left;right,49896,0.12849,0,0.0,"156,154,148",found,"381,929,643,996",,0.195,1.941
casent0101318,Nylanderia,train,p,data/images/Nylanderia/casent0101318_p.jpg,977,808,238370,0.30196,"119,35,924,697",11,5,False,,22781,0.09557,0,0.0,"120,119,116",found,"385,730,647,793",,0.191,1.417
casent0101319,Nylanderia,train,p,data/images/Nylanderia/casent0101319_p.jpg,1013,808,385101,0.47049,"23,0,980,760",8,3,True,top,16493,0.04283,0,0.0,"194,171,143",found,"398,730,676,796",,0.19,1.48
casent0101320,Nylanderia,train,p,data/images/Nylanderia/casent0101320_p.jpg,1024,707,283803,0.39201,"30,22,905,684",7,4,False,,12336,0.04347,0,0.0,"145,145,139",found,"644,632,894,698",,0.195,1.34
casent0101416,Nylanderia,test,p,data/images/Nylanderia/casent0101416_p.jpg,1024,728,226850,0.3043,"45,95,961,637",5,2,False,,294,0.0013,0,0.0,"146,133,122",found,"805,641,1024,706",,0.191,1.431
casent0101488,Nylanderia,train,p,data/images/Nylanderia/casent0101488_p.jpg,1024,1024,339692,0.32396,"0,176,1024,915",2,2,True,left;right,4113,0.01211,0,0.0,"169,148,116",found,"688,740,970,808",,0.202,1.993
casent0101749,Nylanderia,train,p,data/images/Nylanderia/casent0101749_p.jpg,1024,644,273214,0.4143,"9,82,1006,632",2,2,False,,50152,0.18356,0,0.0,"130,126,123",found,"790,581,976,644",,0.19,1.236
casent0101781,Nylanderia,train,p,data/images/Nylanderia/casent0101781_p.jpg,1024,604,274393,0.44365,"46,91,966,584",5,1,False,,10062,0.03667,0,0.0,"135,133,124",found,"48,528,299,594",,0.192,1.117
casent0101833,Nylanderia,test,p,data/images/Nylanderia/casent0101833_p.jpg,1024,672,145474,0.21141,"183,105,1024,533",3,1,True,right,13056,0.08975,0,0.0,"130,129,124",found,"387,600,596,665",,0.194,1.36
casent0101887,Nylanderia,train,p,data/images/Nylanderia/casent0101887_p.jpg,1024,686,289856,0.41263,"16,82,983,672",9,2,False,,62002,0.21391,0,0.0,"133,134,129",found,"391,619,642,684",,0.19,1.288
casent0101927,Nylanderia,train,p,data/images/Nylanderia/casent0101927_p.jpg,1024,771,177817,0.22523,"16,128,846,539",1,1,False,,7180,0.04038,0,0.0,"211,189,158",found,"265,691,450,756",,0.199,1.528
casent0102977,Nylanderia,train,p,data/images/Nylanderia/casent0102977_p.jpg,1024,741,215243,0.28367,"64,263,1002,647",3,1,False,,9449,0.0439,0,0.0,"148,149,142",found,"293,660,553,726",,0.205,1.451
casent0104642,Nylanderia,train,p,data/images/Nylanderia/casent0104642_p.jpg,1024,735,322076,0.42793,"26,18,999,722",13,4,False,,35830,0.11125,0,0.0,"152,149,145",found,"791,659,1013,724",,0.191,1.354
casent0104643,Nylanderia,train,p,data/images/Nylanderia/casent0104643_p.jpg,1024,612,212720,0.33944,"81,69,1005,503",3,2,False,,11307,0.05315,0,0.0,"151,145,135",found,"737,549,988,612",,0.188,1.186
casent0005967,Odontomachus,test,p,data/images/Odontomachus/casent0005967_p.jpg,1024,773,184757,0.23341,"0,65,1011,773",1,1,True,bottom;left,15094,0.0817,0,0.0,"175,182,184",found,"398,722,623,773",,0.192,1.486
casent0005968,Odontomachus,train,p,data/images/Odontomachus/casent0005968_p.jpg,1024,773,178016,0.22489,"29,129,1024,735",2,2,True,right,16931,0.09511,0,0.0,"161,164,159",found,"393,722,628,773",,0.209,1.472
casent0009409,Odontomachus,train,p,data/images/Odontomachus/casent0009409_p.jpg,1024,771,209592,0.26547,"27,0,980,771",4,4,True,top;bottom,1799,0.00858,0,0.0,"132,132,129",found,"329,708,571,771",,0.191,1.436
casent0047308,Odontomachus,train,p,data/images/Odontomachus/casent0047308_p.jpg,1024,771,160045,0.20272,"43,67,986,546",3,1,False,,483,0.00302,0,0.0,"154,154,149",found,"833,678,1014,743",,0.19,1.501
casent0101014,Odontomachus,train,p,data/images/Odontomachus/casent0101014_p.jpg,1024,771,224623,0.28451,"39,0,995,765",4,2,True,top,7422,0.03304,0,0.0,"178,172,146",found,"900,711,1024,771",,0.191,1.429
casent0101015,Odontomachus,train,p,data/images/Odontomachus/casent0101015_p.jpg,1024,692,100964,0.14248,"14,299,1024,521",1,1,True,right,1572,0.01557,0,0.0,"177,169,147",found,"887,632,1024,692",,0.188,1.393
casent0101986,Odontomachus,train,p,data/images/Odontomachus/casent0101986_p.jpg,1024,482,107288,0.21737,"4,31,1024,305",2,1,True,right,551,0.00514,0,0.0,"150,142,122",found,"528,359,640,424",,0.185,0.944
casent0102019,Odontomachus,test,p,data/images/Odontomachus/casent0102019_p.jpg,1024,715,60522,0.08266,"27,212,805,609",31,11,False,,0,0.0,0,0.0,"115,111,103",found,"828,640,1013,705",,0.184,1.467
casent0102021,Odontomachus,train,p,data/images/Odontomachus/casent0102021_p.jpg,1024,659,72160,0.10693,"24,221,1024,557",2,2,True,right,97,0.00134,0,0.0,"127,124,113",found,"856,596,1024,659",,0.188,1.342
casent0104549,Odontomachus,test,p,data/images/Odontomachus/casent0104549_p.jpg,1024,771,133981,0.1697,"22,143,1001,639",2,2,False,,1297,0.00968,0,0.0,"151,151,150",found,"0,708,193,771",,0.187,1.515
casent0104550,Odontomachus,train,p,data/images/Odontomachus/casent0104550_p.jpg,1024,737,163573,0.21674,"23,54,1006,732",4,3,False,,583,0.00356,0,0.0,"154,153,151",found,"639,677,828,737",,0.188,1.425
casent0104551,Odontomachus,train,p,data/images/Odontomachus/casent0104551_p.jpg,1024,733,146469,0.19514,"22,26,1024,709",2,2,True,right,726,0.00496,0,0.0,"144,141,138",found,"850,655,1012,720",,0.192,1.433
casent0104552,Odontomachus,train,p,data/images/Odontomachus/casent0104552_p.jpg,1024,739,159691,0.21103,"35,95,1021,739",4,2,True,bottom,3069,0.01922,0,0.0,"158,157,150",found,"840,678,1024,739",,0.185,1.445
casent0499525,Odontomachus,train,p,data/images/Odontomachus/casent0499525_p.jpg,1024,769,182238,0.23143,"32,64,970,620",1,1,False,,2990,0.01641,0,0.0,"214,215,214",found,"781,703,1024,768",,0.187,1.471
casent0034499,Pachycondyla,train,p,data/images/Pachycondyla/casent0034499_p.jpg,1024,1024,443252,0.42272,"0,44,1024,1008",3,2,True,left;right,12336,0.02783,0,0.0,"167,162,157",found,"49,936,318,1002",,0.19,1.84
casent0048930,Pachycondyla,test,p,data/images/Pachycondyla/casent0048930_p.jpg,1024,734,235438,0.31324,"7,41,1013,599",8,6,False,,1965,0.00835,0,0.0,"174,172,169",found,"0,652,242,717",,0.188,1.387
casent0101034,Pachycondyla,train,p,data/images/Pachycondyla/casent0101034_p.jpg,1024,542,163539,0.29466,"16,100,1024,505",8,3,True,right,3610,0.02207,0,0.0,"155,155,157",found,"896,480,1024,542",,0.187,1.046
casent0101035,Pachycondyla,train,p,data/images/Pachycondyla/casent0101035_p.jpg,1024,1024,353571,0.33719,"0,81,1024,924",3,1,True,left;right,4037,0.01142,0,0.0,"149,148,148",not_found,,no_scalebar,0.201,1.857
casent0101401,Pachycondyla,test,p,data/images/Pachycondyla/casent0101401_p.jpg,1024,543,191859,0.34505,"20,52,986,463",2,1,False,,3149,0.01641,0,0.0,"142,141,133",found,"291,363,439,429",,0.184,1.01
casent0101403,Pachycondyla,train,p,data/images/Pachycondyla/casent0101403_p.jpg,1024,604,214681,0.3471,"36,70,978,576",1,1,False,,6648,0.03097,0,0.0,"169,167,159",found,"857,530,1016,595",,0.188,1.136
casent0101862,Pachycondyla,train,p,data/images/Pachycondyla/casent0101862_p.jpg,1024,540,129635,0.23444,"16,74,1024,499",2,2,True,right,1382,0.01066,0,0.0,"190,175,167",found,"523,424,645,489",,0.19,1.046
casent0164205,Pachycondyla,train,p,data/images/Pachycondyla/casent0164205_p.jpg,1024,1024,479226,0.45703,"0,66,1021,977",2,1,True,left,21060,0.04395,0,0.0,"210,215,203",truncated,"825,934,1024,1001",,0.189,1.81
casent0300904,Pachycondyla,test,p,data/images/Pachycondyla/casent0300904_p.jpg,1024,1024,521766,0.49759,"0,0,999,827",34,8,True,top;left,43265,0.08292,0,0.0,"133,132,131",truncated,"886,985,1024,1024",,0.209,1.845
casent0389498,Pachycondyla,train,p,data/images/Pachycondyla/casent0389498_p.jpg,1024,1024,27053,0.0258,"78,435,922,735",13,7,False,,1511,0.05585,0,0.0,"131,131,131",not_found,,no_scalebar,0.189,2.089
casent0487847,Pachycondyla,train,p,data/images/Pachycondyla/casent0487847_p.jpg,956,808,311450,0.4032,"68,32,877,803",1,1,False,,13877,0.04456,0,0.0,"223,224,223",found,"107,746,407,808",,0.19,1.203
casent0497202,Pachycondyla,train,p,data/images/Pachycondyla/casent0497202_p.jpg,1024,719,260222,0.35344,"16,40,987,646",2,1,False,,7750,0.02978,0,0.0,"161,159,157",found,"714,614,978,679",,0.192,1.329
casent0840847,Pachycondyla,train,p,data/images/Pachycondyla/casent0840847_p.jpg,1024,1024,432701,0.41266,"28,70,992,953",2,1,False,,8404,0.01942,0,0.0,"163,171,173",truncated,"860,959,1024,1024",,0.19,1.831
casent0040756,Pheidole,test,d,data/images/Pheidole/casent0040756_d.jpg,1024,1024,382186,0.36448,"0,29,815,971",3,1,True,left,1626,0.00425,0,0.0,"159,125,99",truncated,"882,972,1024,1024",,0.188,1.959
casent0101321,Pheidole,train,p,data/images/Pheidole/casent0101321_p.jpg,1024,802,246712,0.30041,"51,73,986,778",1,1,False,,4019,0.01629,0,0.0,"212,211,208",found,"575,733,752,798",,0.186,1.544
casent0101322,Pheidole,train,p,data/images/Pheidole/casent0101322_p.jpg,1024,768,286183,0.3639,"65,34,1024,712",4,3,True,right,3186,0.01113,0,0.0,"217,211,192",found,"801,709,960,768",,0.195,1.449
casent0101323,Pheidole,train,p,data/images/Pheidole/casent0101323_p.jpg,1280,672,342397,0.39806,"20,114,1253,582",4,3,False,,44424,0.12974,0,0.0,"229,228,227",found,"904,597,1264,672",,0.195,2.249
casent0101324,Pheidole,train,p,data/images/Pheidole/casent0101324_p.jpg,1024,717,178699,0.24339,"52,58,984,691",16,4,False,,10358,0.05796,0,0.0,"220,221,217",found,"713,641,917,706",,0.196,1.422
casent0101326,Pheidole,train,p,data/images/Pheidole/casent0101326_p.jpg,1024,702,229101,0.31871,"23,47,972,589",8,2,False,,5625,0.02455,0,0.0,"211,216,211",found,"656,638,927,702",,0.193,1.357
casent0101327,Pheidole,train,p,data/images/Pheidole/casent0101327_p.jpg,1024,706,151687,0.20982,"57,110,958,441",2,1,False,,1760,0.0116,0,0.0,"178,180,168",found,"767,605,1017,671",,0.19,1.419
casent0101328,Pheidole,train,p,data/images/Pheidole/casent0101328_p.jpg,1024,690,212043,0.30011,"42,67,982,668",2,2,False,,5755,0.02714,0,0.0,"215,217,215",found,"818,634,1024,690",,0.19,1.355
casent0101329,Pheidole,train,p,data/images/Pheidole/casent0101329_p.jpg,1024,716,187982,0.25639,"30,31,1024,472",5,1,True,right,11360,0.06043,0,0.0,"209,211,206",found,"849,658,1024,716",,0.187,1.454
casent0101330,Pheidole,test,p,data/images/Pheidole/casent0101330_p.jpg,1024,640,206467,0.31504,"27,94,991,616",12,1,False,,28343,0.13728,0,0.0,"209,209,206",found,"741,581,1004,640",,0.191,1.261
casent0101331,Pheidole,test,p,data/images/Pheidole/casent0101331_p.jpg,1024,708,189606,0.26153,"26,126,977,688",2,1,False,,11828,0.06238,0,0.0,"225,227,233",found,"281,645,551,708",,0.188,1.421
casent0101333,Pheidole,train,p,data/images/Pheidole/casent0101333_p.jpg,887,808,229612,0.32038,"37,35,887,708",4,2,True,right,18865,0.08216,0,0.0,"215,215,213",found,"555,720,747,778",,0.193,1.158
casent0101419,Pheidole,train,p,data/images/Pheidole/casent0101419_p.jpg,1024,684,313434,0.4475,"20,57,991,653",4,3,False,,8498,0.02711,0,0.0,"170,169,160",found,"496,540,700,605",,0.194,1.275
casent0101554,Pheidole,train,p,data/images/Pheidole/casent0101554_p.jpg,1008,808,283504,0.34809,"63,35,952,788",3,1,False,,16624,0.05864,0,0.0,"233,233,231",found,"757,746,937,808",,0.191,1.5
casent0101560,Pheidole,train,p,data/images/Pheidole/casent0101560_p.jpg,1024,558,267499,0.46815,"39,21,1002,558",8,4,True,bottom,9382,0.03507,0,0.0,"129,136,132",found,"725,495,1024,558",,0.195,1.018
casent0101564,Pheidole,train,p,data/images/Pheidole/casent0101564_p.jpg,1024,742,188120,0.24759,"10,156,1020,742",4,3,True,bottom,17039,0.09058,0,0.0,"210,208,199",found,"795,672,1024,737",,0.213,1.438
casent0101567,Pheidole,train,p,data/images/Pheidole/casent0101567_p.jpg,1024,728,153667,0.20613,"31,47,929,516",1,1,False,,2887,0.01879,0,0.0,"212,212,208",found,"566,662,807,727",,0.19,1.422
casent0101570,Pheidole,train,p,data/images/Pheidole/casent0101570_p.jpg,1024,582,182743,0.30663,"32,98,1024,564",9,5,True,right,6180,0.03382,0,0.0,"212,214,194",found,"641,507,851,573",,0.188,1.107
casent0101580,Pheidole,train,p,data/images/Pheidole/casent0101580_p.jpg,1024,745,278774,0.36542,"68,38,963,745",4,1,True,bottom,24029,0.0862,0,0.0,"188,186,167",found,"750,670,976,736",,0.193,1.383
casent0101584,Pheidole,train,p,data/images/Pheidole/casent0101584_p.jpg,1024,614,172357,0.27413,"26,107,1003,530",2,2,False,,5464,0.0317,0,0.0,"216,214,211",found,"864,517,996,582",,0.186,1.178
casent0101594,Pheidole,train,p,data/images/Pheidole/casent0101594_p.jpg,1024,600,219680,0.35755,"16,41,1024,581",4,2,True,right,3680,0.01675,0,0.0,"202,200,196",found,"230,529,498,594",,0.183,1.117
casent0101598,Pheidole,train,p,data/images/Pheidole/casent0101598_p.jpg,1024,723,149897,0.20247,"121,124,1024,456",1,1,True,right,3846,0.02566,0,0.0,"136,136,130",found,"208,658,450,723",,0.186,1.414
casent0101624,Pheidole,train,p,data/images/Pheidole/casent0101624_p.jpg,1024,657,225200,0.33474,"22,97,1024,639",8,1,True,right,10548,0.04684,0,0.0,"204,208,199",found,"791,593,1018,657",,0.191,1.214
casent0101628,Pheidole,train,p,data/images/Pheidole/casent0101628_p.jpg,1024,626,200496,0.31277,"26,103,1000,616",4,1,False,,10582,0.05278,0,0.0,"210,206,203",found,"752,565,924,626",,0.191,1.167
casent0101630,Pheidole,train,p,data/images/Pheidole/casent0101630_p.jpg,1024,571,208210,0.35609,"84,38,956,528",1,1,False,,33633,0.16153,0,0.0,"215,215,211",found,"856,513,1024,571",,0.189,1.07
casent0101638,Pheidole,test,p,data/images/Pheidole/casent0101638_p.jpg,1024,588,248888,0.41336,"20,56,980,573",8,4,False,,25921,0.10415,0,0.0,"158,152,152",found,"664,480,887,546",,0.184,1.066
casent0101640,Pheidole,train,p,data/images/Pheidole/casent0101640_p.jpg,1024,711,259988,0.35709,"14,41,1024,711",2,1,True,bottom;right,2509,0.00965,0,0.0,"128,134,130",found,"410,625,666,691",,0.189,1.298
casent0101650,Pheidole,train,p,data/images/Pheidole/casent0101650_p.jpg,1024,1024,415463,0.39622,"0,95,1024,931",1,1,True,left;right,32986,0.0794,0,0.0,"219,218,214",truncated,"877,863,1024,930",,0.188,1.794
casent0101661,Pheidole,train,p,data/images/Pheidole/casent0101661_p.jpg,1024,771,174884,0.22151,"113,187,1024,601",3,1,True,right,7437,0.04253,0,0.0,"218,216,212",found,"79,713,330,771",,0.184,1.477
casent0101668,Pheidole,train,p,data/images/Pheidole/casent0101668_p.jpg,1024,730,295187,0.39489,"66,31,979,646",6,3,False,,8367,0.02834,0,0.0,"174,174,157",found,"706,651,848,717",,0.187,1.317
casent0101682,Pheidole,train,p,data/images/Pheidole/casent0101682_p.jpg,1024,749,260631,0.33982,"28,59,1024,627",3,2,True,right,4434,0.01701,0,0.0,"215,216,214",found,"731,664,936,728",,0.183,1.395
casent0101688,Pheidole,test,p,data/images/Pheidole/casent0101688_p.jpg,1024,563,200155,0.34718,"51,103,982,485",3,1,False,,17219,0.08603,0,0.0,"193,184,159",found,"311,463,496,528",,0.183,1.066
casent0101692,Pheidole,test,p,data/images/Pheidole/casent0101692_p.jpg,1024,633,228323,0.35225,"16,95,1002,615",14,2,False,,3857,0.01689,0,0.0,"225,227,223",found,"776,560,990,625",,0.182,1.171
casent0101695,Pheidole,train,p,data/images/Pheidole/casent0101695_p.jpg,1280,765,347798,0.35519,"62,31,1212,742",12,3,False,,5013,0.01441,0,0.0,"212,208,204",found,"567,678,830,759",,0.186,2.473
casent0101707,Pheidole,train,p,data/images/Pheidole/casent0101707_p.jpg,1024,735,210499,0.27968,"55,60,1000,679",5,5,False,,2410,0.01145,0,0.0,"225,225,223",found,"696,648,903,713",,0.192,1.388
casent0101716,Pheidole,test,p,data/images/Pheidole/casent0101716_p.jpg,1024,633,154574,0.23847,"60,69,826,389",3,1,False,,6517,0.04216,0,0.0,"226,223,221",found,"618,552,821,618",,0.185,1.231
casent0101720,Pheidole,train,p,data/images/Pheidole/casent0101720_p.jpg,1024,644,230696,0.34983,"61,82,1024,588",3,2,True,right,32900,0.14261,0,0.0,"210,209,207",found,"782,566,967,631",,0.189,1.205
casent0101724,Pheidole,train,p,data/images/Pheidole/casent0101724_p.jpg,1024,710,256818,0.35324,"57,0,1020,653",9,6,True,top,39162,0.15249,0,0.0,"222,223,215",found,"755,644,964,709",,0.188,1.333
casent0101745,Pheidole,test,p,data/images/Pheidole/casent0101745_p.jpg,1024,749,169892,0.22151,"57,73,962,441",1,1,False,,12532,0.07376,0,0.0,"210,207,199",found,"785,692,1024,749",,0.192,1.473
casent0101755,Pheidole,train,p,data/images/Pheidole/casent0101755_p.jpg,1024,769,152813,0.19406,"59,69,1008,528",1,1,False,,7991,0.05229,0,0.0,"222,221,217",found,"715,689,971,754",,0.185,1.52
casent0101767,Pheidole,train,p,data/images/Pheidole/casent0101767_p.jpg,1024,596,234915,0.38491,"0,32,1024,562",8,6,True,left;right,2360,0.01005,0,0.0,"112,117,113",found,"399,464,604,530",,0.198,1.128
casent0101780,Pheidole,train,p,data/images/Pheidole/casent0101780_p.jpg,1024,591,165825,0.27401,"23,152,1018,472",3,1,False,,4752,0.02866,0,0.0,"211,212,211",found,"754,535,999,591",,0.187,1.145
casent0101829,Pheidole,test,p,data/images/Pheidole/casent0101829_p.jpg,1024,662,359688,0.5306,"24,153,969,662",1,1,True,bottom,142524,0.39624,0,0.0,"168,159,139",found,"189,589,357,655",,0.201,1.192
casent0101838,Pheidole,train,p,data/images/Pheidole/casent0101838_p.jpg,1024,799,215165,0.26298,"33,13,1024,794",2,2,True,right,24464,0.1137,0,0.0,"211,210,205",found,"831,726,1014,791",,0.184,1.533
casent0101869,Pheidole,test,p,data/images/Pheidole/casent0101869_p.jpg,1012,808,316733,0.38735,"29,50,1012,792",4,2,True,right,18523,0.05848,0,0.0,"220,219,216",found,"728,745,1012,808",,0.19,1.481
casent0101897,Pheidole,test,p,data/images/Pheidole/casent0101897_p.jpg,1024,625,264837,0.41381,"52,75,1024,574",4,2,True,right,29126,0.10998,0,0.0,"210,211,200",found,"785,563,999,625",,0.187,1.164
casent0101943,Pheidole,test,p,data/images/Pheidole/casent0101943_p.jpg,1024,771,136468,0.17285,"23,7,1024,771",3,2,True,bottom;right,7413,0.05432,0,0.0,"203,204,197",found,"662,681,822,746",,0.19,1.517
casent0101971,Pheidole,train,p,data/images/Pheidole/casent0101971_p.jpg,1024,711,243504,0.33445,"0,61,999,687",7,3,True,left,11096,0.04557,0,0.0,"172,170,164",found,"185,627,526,692",,0.185,1.331
casent0103296,Pheidole,train,p,data/images/Pheidole/casent0103296_p.jpg,1024,708,239583,0.33046,"20,18,958,672",6,4,False,,27324,0.11405,0,0.0,"211,211,209",found,"795,635,1017,700",,0.183,1.325
casent0103297,Pheidole,train,p,data/images/Pheidole/casent0103297_p.jpg,1024,754,310116,0.40165,"42,47,1024,747",3,2,True,right,13134,0.04235,0,0.0,"195,194,187",found,"809,683,1021,748",,0.187,1.401
casent0103307,Pheidole,train,p,data/images/Pheidole/casent0103307_p.jpg,1024,746,264024,0.34562,"0,29,1024,716",5,3,True,left;right,82640,0.313,0,0.0,"174,172,165",found,"618,666,869,731",,0.185,1.394
casent0103308,Pheidole,train,p,data/images/Pheidole/casent0103308_p.jpg,1009,808,316410,0.3881,"35,53,985,688",5,2,False,,71457,0.22584,0,0.0,"187,183,175",found,"203,726,481,792",,0.193,1.467
casent0104594,Pheidole,train,p,data/images/Pheidole/casent0104594_p.jpg,1024,648,269699,0.40645,"3,102,994,632",8,4,False,,41808,0.15502,0,0.0,"142,141,137",found,"740,584,1024,648",,0.205,1.201
casent0104595,Pheidole,train,p,data/images/Pheidole/casent0104595_p.jpg,1280,793,516736,0.50908,"32,91,1280,793",8,4,True,bottom;right,197294,0.38181,0,0.0,"182,171,148",found,"552,715,887,793",,0.19,2.503
casent0104596,Pheidole,train,p,data/images/Pheidole/casent0104596_p.jpg,1024,723,368033,0.49711,"47,43,985,721",4,4,False,,55158,0.14987,0,0.0,"136,133,132",found,"813,663,1022,723",,0.188,1.304
casent0104597,Pheidole,train,p,data/images/Pheidole/casent0104597_p.jpg,1024,771,292252,0.37017,"49,101,992,738",9,4,False,,78361,0.26813,0,0.0,"131,132,136",found,"731,697,1023,762",,0.191,1.411
casent0104600,Pheidole,train,p,data/images/Pheidole/casent0104600_p.jpg,1024,771,282655,0.35802,"26,48,1006,771",2,2,True,bottom,12617,0.04464,0,0.0,"134,134,127",found,"667,709,942,771",,0.188,1.444
casent0104601,Pheidole,train,p,data/images/Pheidole/casent0104601_p.jpg,1024,696,238705,0.33493,"37,102,1024,564",1,1,True,right,10475,0.04388,0,0.0,"167,167,162",found,"230,628,504,693",,0.187,1.326
casent0104604,Pheidole,train,p,data/images/Pheidole/casent0104604_p.jpg,1024,662,239918,0.35392,"21,63,1024,596",2,1,True,right,11447,0.04771,0,0.0,"173,172,167",found,"534,593,835,658",,0.185,1.245
casent0104605,Pheidole,train,p,data/images/Pheidole/casent0104605_p.jpg,1024,652,251917,0.37732,"0,62,1009,622",5,2,True,left,48213,0.19138,0,0.0,"127,126,120",found,"749,580,1000,646",,0.185,1.227
casent0161442,Pheidole,test,p,data/images/Pheidole/casent0161442_p.jpg,1024,1024,289689,0.27627,"0,71,1024,743",11,2,True,left;right,6504,0.02245,0,0.0,"146,146,148",found,"834,949,1011,1020",,0.199,1.922
casent0173312,Pheidole,train,p,data/images/Pheidole/casent0173312_p.jpg,1280,794,253617,0.24954,"56,131,1209,628",10,4,False,,12373,0.04879,0,0.0,"219,219,216",found,"944,711,1280,793",,0.196,2.648
casent0198009,Pheidole,train,p,data/images/Pheidole/casent0198009_p.jpg,1024,1024,344758,0.32879,"0,87,1024,970",3,1,True,left;right,17559,0.05093,0,0.0,"157,154,160",not_found,,no_scalebar,0.194,1.856
casent0230800,Pheidole,train,p,data/images/Pheidole/casent0230800_p.jpg,1024,1024,174502,0.16642,"0,112,1024,721",13,8,True,left;right,1347,0.00772,0,0.0,"122,120,121",truncated,"807,972,1024,1024",,0.197,1.983
casent0235036,Pheidole,train,p,data/images/Pheidole/casent0235036_p.jpg,1024,1024,124197,0.11844,"421,128,1024,802",2,2,True,right,3708,0.02986,0,0.0,"125,121,120",truncated,"811,954,1024,1021",,0.193,2.044
casent0299307,Pheidole,train,p,data/images/Pheidole/casent0299307_p.jpg,1024,1024,327581,0.31241,"0,52,1024,988",6,4,True,left;right,6059,0.0185,0,0.0,"129,128,132",found,"804,956,981,1024",,0.191,1.896
casent0403269,Pheidole,train,p,data/images/Pheidole/casent0403269_p.jpg,1024,1024,126341,0.12049,"13,28,1006,945",2,1,False,,5629,0.04455,0,0.0,"152,149,159",found,"840,979,1024,1024",,0.189,2.059
casent0491427,Pheidole,train,p,data/images/Pheidole/casent0491427_p.jpg,1024,1024,347471,0.33137,"0,67,1024,748",8,5,True,left;right,2399,0.0069,2702,0.00778,"121,121,122",found,"817,962,1016,1024",,0.193,1.933
casent0494701,Pheidole,train,p,data/images/Pheidole/casent0494701_p.jpg,1024,771,254828,0.32277,"48,58,961,718",3,1,False,,1754,0.00688,0,0.0,"226,225,223",found,"763,696,1023,762",,0.189,1.455
casent0704282,Pheidole,test,p,data/images/Pheidole/casent0704282_p.jpg,1024,1024,299991,0.28609,"0,91,1024,1024",10,3,True,bottom;left;right,570,0.0019,0,0.0,"124,119,118",truncated,"858,966,1024,1024",,0.194,1.96
casent0720924,Pheidole,train,p,data/images/Pheidole/casent0720924_p.jpg,1024,1024,298198,0.28438,"0,107,1024,696",3,2,True,left;right,4964,0.01665,0,0.0,"136,136,136",found,"659,938,1003,1010",,0.195,1.977
casent0808080,Pheidole,test,p,data/images/Pheidole/casent0808080_p.jpg,1024,1024,478016,0.45587,"0,58,1024,1024",3,3,True,bottom;left;right,94562,0.19782,4233,0.00886,"148,147,149",truncated,"883,980,1024,1024",,0.191,1.858
casent0906497,Pheidole,train,p,data/images/Pheidole/casent0906497_p.jpg,1024,1024,237233,0.22624,"52,9,964,766",8,2,False,,4131,0.01741,0,0.0,"146,146,147",found,"679,931,926,1001",,0.196,1.997
casent0923194,Pheidole,train,p,data/images/Pheidole/casent0923194_p.jpg,1024,1024,456008,0.43488,"0,113,1024,901",4,3,True,left;right,3395,0.00745,0,0.0,"137,119,116",not_found,,no_scalebar,0.19,1.84
casent0923257,Pheidole,train,p,data/images/Pheidole/casent0923257_p.jpg,1024,1024,345272,0.32928,"0,70,1024,1024",6,2,True,bottom;left;right,19008,0.05505,466,0.00135,"162,167,167",truncated,"886,979,1024,1024",,0.192,1.941
casent0923269,Pheidole,train,p,data/images/Pheidole/casent0923269_p.jpg,1024,1024,343210,0.32731,"0,50,1024,1010",8,1,True,left;right,36780,0.10716,0,0.0,"146,145,147",truncated,"904,975,1024,1024",,0.221,1.907
casent0923292,Pheidole,test,p,data/images/Pheidole/casent0923292_p.jpg,1024,1024,341032,0.32523,"0,121,1024,907",4,1,True,left;right,3545,0.01039,0,0.0,"144,144,142",truncated,"894,938,1024,1005",,0.194,1.936
casent0923322,Pheidole,train,p,data/images/Pheidole/casent0923322_p.jpg,1024,1024,392520,0.37434,"0,86,1024,778",6,4,True,left;right,8769,0.02234,0,0.0,"134,124,105",found,"689,955,890,1024",,0.203,1.93
casent0048678,Platythyrea,train,p,data/images/Platythyrea/casent0048678_p.jpg,1024,1024,351712,0.33542,"0,41,1024,988",1,1,True,left;right,24653,0.07009,0,0.0,"225,225,221",truncated,"911,948,1024,1015",,0.203,1.937
casent0101718,Platythyrea,train,p,data/images/Platythyrea/casent0101718_p.jpg,1024,332,122611,0.36065,"15,13,1006,253",2,1,False,,652,0.00532,0,0.0,"163,155,136",found,"277,257,453,322",,0.191,0.641
casent0101722,Platythyrea,test,p,data/images/Platythyrea/casent0101722_p.jpg,1024,448,132446,0.28871,"14,25,1000,344",2,1,False,,177,0.00134,0,0.0,"156,146,123",found,"868,387,1022,448",,0.185,0.891
casent0101766,Platythyrea,train,p,data/images/Platythyrea/casent0101766_p.jpg,1024,448,166039,0.36194,"15,21,1024,390",4,4,True,right,362,0.00218,0,0.0,"168,158,138",found,"300,345,436,410",,0.188,0.863
casent0101806,Platythyrea,test,p,data/images/Platythyrea/casent0101806_p.jpg,1024,503,163297,0.31704,"52,29,979,484",2,2,False,,3113,0.01906,0,0.0,"166,158,134",found,"516,390,703,455",,0.21,1.002
casent0101864,Platythyrea,train,p,data/images/Platythyrea/casent0101864_p.jpg,1024,1024,443072,0.42255,"0,192,1024,723",1,1,True,left;right,14379,0.03245,0,0.0,"135,126,108",truncated,"836,781,1024,848",,0.195,1.944
casent0101890,Platythyrea,train,p,data/images/Platythyrea/casent0101890_p.jpg,1024,501,167248,0.326,"46,57,974,434",1,1,False,,10633,0.06358,0,0.0,"152,146,127",found,"849,426,1023,492",,0.189,0.99
casent0102004,Platythyrea,test,p,data/images/Platythyrea/casent0102004_p.jpg,1024,645,330877,0.50096,"34,93,1000,627",1,1,False,,29969,0.09057,0,0.0,"133,131,124",found,"869,583,1024,645",,0.191,1.216
casent0102005,Platythyrea,train,p,data/images/Platythyrea/casent0102005_p.jpg,1024,746,329592,0.43146,"35,96,991,704",2,2,False,,10381,0.0315,0,0.0,"136,136,127",found,"857,669,1012,734",,0.194,1.398
casent0102006,Platythyrea,train,p,data/images/Platythyrea/casent0102006_p.jpg,1024,770,211256,0.26793,"30,103,985,741",1,1,False,,24634,0.11661,0,0.0,"142,141,136",found,"820,696,976,762",,0.195,1.509
casent0102008,Platythyrea,train,p,data/images/Platythyrea/casent0102008_p.jpg,1024,528,135289,0.25022,"26,56,997,383",1,1,False,,4247,0.03139,0,0.0,"165,165,164",found,"847,458,1020,523",,0.188,1.064
casent0102009,Platythyrea,train,p,data/images/Platythyrea/casent0102009_p.jpg,1024,761,188067,0.24134,"38,154,987,733",1,1,False,,626,0.00333,0,0.0,"134,132,124",found,"851,682,1008,747",,0.194,1.531
casent0102930,Platythyrea,test,p,data/images/Platythyrea/casent0102930_p.jpg,1024,723,210123,0.28381,"45,62,956,663",2,2,False,,26790,0.1275,0,0.0,"176,176,170",found,"662,664,955,723",,0.188,1.415
casent0102996,Platythyrea,train,p,data/images/Platythyrea/casent0102996_p.jpg,1024,718,267836,0.36429,"23,40,984,620",1,1,False,,4736,0.01768,0,0.0,"145,145,141",found,"802,649,1024,714",,0.189,1.337
casent0106094,Platythyrea,train,p,data/images/Platythyrea/casent0106094_p.jpg,1280,791,296820,0.29316,"51,37,1252,619",1,1,False,,5813,0.01958,0,0.0,"165,151,143",found,"1011,698,1259,780",,0.197,2.658
casent0416250,Platythyrea,train,p,data/images/Platythyrea/casent0416250_p.jpg,1024,674,214363,0.31059,"38,51,976,674",3,1,True,bottom,11100,0.05178,0,0.0,"220,221,220",found,"805,606,1012,671",,0.196,1.275
casent0497789,Platythyrea,train,p,data/images/Platythyrea/casent0497789_p.jpg,1024,771,288422,0.36532,"48,48,979,734",4,4,False,,1245,0.00432,0,0.0,"222,222,219",found,"809,697,996,762",,0.19,1.443
casent0498535,Platythyrea,train,p,data/images/Platythyrea/casent0498535_p.jpg,1024,746,244933,0.32063,"39,73,1002,708",1,1,False,,9155,0.03738,0,0.0,"222,222,220",found,"818,672,1024,737",,0.193,1.411
casent0002219,Royidris,test,p,data/images/Royidris/casent0002219_p.jpg,1140,808,240480,0.26107,"60,168,1095,752",1,1,False,,65847,0.27381,0,0.0,"175,176,173",found,"917,736,1140,808",,0.194,2.078
casent0002244,Royidris,train,p,data/images/Royidris/casent0002244_p.jpg,1163,808,257721,0.27426,"67,148,1145,684",1,1,False,,22002,0.08537,0,0.0,"196,196,189",found,"925,723,1161,797",,0.192,2.109
casent0002257,Royidris,train,p,data/images/Royidris/casent0002257_p.jpg,1024,743,166467,0.2188,"26,139,967,594",2,1,False,,61030,0.36662,0,0.0,"180,184,179",found,"849,669,1023,734",,0.207,1.462
casent0002259,Royidris,train,p,data/images/Royidris/casent0002259_p.jpg,1024,739,172052,0.22736,"0,95,953,739",2,1,True,bottom;left,46937,0.27281,0,0.0,"179,179,175",found,"846,670,1020,735",,0.193,1.441
casent0019273,Royidris,train,p,data/images/Royidris/casent0019273_p.jpg,1024,771,236993,0.30018,"35,69,988,568",1,1,False,,9113,0.03845,0,0.0,"199,200,197",found,"779,697,1023,762",,0.191,1.467
casent0020786,Royidris,train,p,data/images/Royidris/casent0020786_p.jpg,1024,1024,443070,0.42254,"0,80,1024,874",1,1,True,left;right,10302,0.02325,0,0.0,"146,144,116",not_found,,no_scalebar,0.194,1.798
casent0035010,Royidris,train,p,data/images/Royidris/casent0035010_p.jpg,1024,782,242498,0.30283,"35,78,985,735",1,1,False,,42057,0.17343,0,0.0,"181,179,176",found,"874,706,1024,772",,0.193,1.493
casent0035270,Royidris,train,p,data/images/Royidris/casent0035270_p.jpg,1024,1024,328604,0.31338,"0,59,1024,790",8,3,True,left;right,33173,0.10095,0,0.0,"117,118,115",truncated,"904,966,1024,1024",,0.191,1.92
casent0077935,Royidris,train,p,data/images/Royidris/casent0077935_p.jpg,1024,757,224359,0.28943,"25,102,986,698",2,1,False,,59363,0.26459,0,0.0,"188,191,187",found,"759,692,1024,757",,0.197,1.443
casent0128362,Royidris,test,p,data/images/Royidris/casent0128362_p.jpg,1024,1024,246206,0.2348,"155,107,1024,929",11,6,True,right,10247,0.04162,0,0.0,"150,151,151",truncated,"868,932,1024,999",,0.203,1.952
casent0003239,Strumigenys,train,p,data/images/Strumigenys/casent0003239_p.jpg,1024,695,255265,0.35868,"42,87,990,685",1,1,False,,17462,0.06841,0,0.0,"157,153,153",found,"429,645,593,695",,0.19,1.28
casent0003240,Strumigenys,train,p,data/images/Strumigenys/casent0003240_p.jpg,1024,644,189975,0.28808,"25,96,994,621",5,3,False,,14251,0.07502,0,0.0,"158,152,152",found,"435,593,579,644",,0.209,1.235
casent0003241,Strumigenys,train,p,data/images/Strumigenys/casent0003241_p.jpg,1024,731,253014,0.33801,"30,58,979,708",4,2,False,,13160,0.05201,0,0.0,"151,145,143",found,"422,681,586,731",,0.19,1.371
casent0003242,Strumigenys,train,p,data/images/Strumigenys/casent0003242_p.jpg,1024,667,240434,0.35202,"22,84,978,618",1,1,False,,10972,0.04563,0,0.0,"190,188,194",found,"432,617,590,667",,0.188,1.262
casent0003243,Strumigenys,train,p,data/images/Strumigenys/casent0003243_p.jpg,1024,710,278699,0.38333,"26,87,1007,710",11,5,True,bottom,5741,0.0206,0,0.0,"138,135,133",found,"423,660,599,710",,0.201,1.316
casent0003245,Strumigenys,test,p,data/images/Strumigenys/casent0003245_p.jpg,1024,655,160257,0.23893,"18,110,1002,571",2,1,False,,8127,0.05071,0,0.0,"150,144,146",found,"439,604,583,655",,0.193,1.275
casent0003246,Strumigenys,train,p,data/images/Strumigenys/casent0003246_p.jpg,1280,699,312775,0.34958,"15,128,1238,671",4,4,False,,29319,0.09374,0,0.0,"113,110,114",found,"542,637,736,699",,0.199,2.32
casent0004369,Strumigenys,train,p,data/images/Strumigenys/casent0004369_p.jpg,1024,1024,338578,0.32289,"0,70,1024,765",1,1,True,left;right,25120,0.07419,0,0.0,"204,183,175",found,"296,939,724,1003",,0.193,1.96
casent0004370,Strumigenys,train,p,data/images/Strumigenys/casent0004370_p.jpg,1024,653,161963,0.24222,"19,54,1005,465",3,3,False,,6967,0.04302,0,0.0,"167,169,168",found,"386,606,636,653",,0.19,1.278
casent0005445,Strumigenys,train,p,data/images/Strumigenys/casent0005445_p.jpg,1024,627,191052,0.29757,"37,82,967,591",2,1,False,,19862,0.10396,0,0.0,"180,180,185",found,"723,590,1024,627",,0.194,1.205
casent0005446,Strumigenys,train,p,data/images/Strumigenys/casent0005446_p.jpg,1024,597,229163,0.37486,"49,34,984,565",4,2,False,,26967,0.11768,0,0.0,"125,130,131",found,"691,562,1019,597",,0.193,1.114
casent0005447,Strumigenys,train,p,data/images/Strumigenys/casent0005447_p.jpg,1024,770,244624,0.31025,"44,38,1007,739",10,5,False,,20329,0.0831,0,0.0,"143,148,153",found,"669,732,1016,770",,0.195,1.467
casent0005448,Strumigenys,train,p,data/images/Strumigenys/casent0005448_p.jpg,861,808,158170,0.22736,"14,26,845,796",4,3,False,,7408,0.04684,0,0.0,"118,125,126",found,"416,773,858,808",,0.194,1.05
casent0005449,Strumigenys,train,p,data/images/Strumigenys/casent0005449_p.jpg,1024,619,102322,0.16143,"30,45,1005,579",4,3,False,,2560,0.02502,0,0.0,"137,143,145",found,"623,584,1020,619",,0.198,1.249
casent0005450,Strumigenys,train,p,data/images/Strumigenys/casent0005450_p.jpg,852,808,188239,0.27344,"28,35,720,778",7,3,False,,8303,0.04411,0,0.0,"153,156,159",found,"344,772,852,808",,0.189,1.007
casent0005451,Strumigenys,train,p,data/images/Strumigenys/casent0005451_p.jpg,1024,677,215911,0.31145,"16,32,989,659",2,2,False,,14543,0.06736,0,0.0,"143,146,145",found,"590,641,1019,677",,0.191,1.3
casent0005453,Strumigenys,train,p,data/images/Strumigenys/casent0005453_p.jpg,1024,775,229532,0.28923,"25,29,989,726",2,2,False,,12832,0.05591,0,0.0,"164,164,159",found,"588,738,1024,775",,0.191,1.475
casent0005454,Strumigenys,test,p,data/images/Strumigenys/casent0005454_p.jpg,1024,667,237230,0.34733,"18,25,1014,647",2,1,False,,20496,0.0864,0,0.0,"149,150,146",found,"627,632,1024,667",,0.188,1.262
casent0005455,Strumigenys,train,p,data/images/Strumigenys/casent0005455_p.jpg,1024,698,221508,0.30991,"10,59,984,626",1,1,False,,19989,0.09024,0,0.0,"176,180,177",found,"486,662,1024,698",,0.193,1.314
casent0005456,Strumigenys,train,p,data/images/Strumigenys/casent0005456_p.jpg,1024,673,196018,0.28443,"13,64,988,661",3,2,False,,11847,0.06044,0,0.0,"150,154,155",found,"490,635,1017,673",,0.192,1.279
casent0005457,Strumigenys,train,p,data/images/Strumigenys/casent0005457_p.jpg,1024,736,298532,0.39611,"31,40,991,676",3,1,False,,28553,0.09564,0,0.0,"144,146,145",found,"580,700,1020,736",,0.211,1.326
casent0005458,Strumigenys,train,p,data/images/Strumigenys/casent0005458_p.jpg,1024,773,276719,0.34959,"39,58,985,766",3,2,False,,10685,0.03861,0,0.0,"165,168,165",found,"553,739,1019,773",,0.186,1.424
casent0005459,Strumigenys,train,p,data/images/Strumigenys/casent0005459_p.jpg,1024,679,244234,0.35127,"13,62,993,636",5,1,False,,15015,0.06148,0,0.0,"152,154,152",found,"535,643,1020,679",,0.187,1.269
casent0005461,Strumigenys,train,p,data/images/Strumigenys/casent0005461_p.jpg,1024,728,285299,0.38271,"51,64,1002,709",8,4,False,,10042,0.0352,0,0.0,"138,139,135",found,"607,657,1024,723",,0.191,1.327
casent0005462,Strumigenys,test,p,data/images/Strumigenys/casent0005462_p.jpg,1024,699,306054,0.42758,"20,28,999,644",4,3,False,,20335,0.06644,0,0.0,"135,136,134",found,"645,664,1017,699",,0.194,1.252
casent0005463,Strumigenys,train,p,data/images/Strumigenys/casent0005463_p.jpg,1024,709,256701,0.35357,"31,84,973,685",2,1,False,,21097,0.08219,0,0.0,"158,159,157",found,"700,672,1019,709",,0.191,1.298
casent0005464,Strumigenys,train,p,data/images/Strumigenys/casent0005464_p.jpg,1024,722,209984,0.28402,"39,64,996,697",2,2,False,,7002,0.03335,0,0.0,"150,148,149",found,"721,685,927,722",,0.191,1.355
casent0005465,Strumigenys,train,p,data/images/Strumigenys/casent0005465_p.jpg,1024,696,227364,0.31902,"30,78,1001,596",1,1,False,,8701,0.03827,0,0.0,"139,140,141",found,"497,661,1019,696",,0.186,1.28
casent0005466,Strumigenys,train,p,data/images/Strumigenys/casent0005466_p.jpg,1024,660,178359,0.26391,"19,47,996,623",3,3,False,,6473,0.03629,0,0.0,"148,149,146",found,"555,625,707,660",,0.186,1.248
casent0005467,Strumigenys,train,p,data/images/Strumigenys/casent0005467_p.jpg,1280,757,213830,0.22068,"42,62,1251,736",5,2,False,,4407,0.02061,0,0.0,"146,147,145",found,"805,713,1273,757",,0.195,2.559
casent0005468,Strumigenys,train,p,data/images/Strumigenys/casent0005468_p.jpg,1280,699,202609,0.22645,"10,59,1244,688",9,5,False,,14017,0.06918,0,0.0,"132,134,132",found,"756,655,1200,699",,0.186,2.369
casent0005469,Strumigenys,train,p,data/images/Strumigenys/casent0005469_p.jpg,1280,696,228837,0.25687,"35,50,1252,635",3,2,False,,6884,0.03008,0,0.0,"123,123,123",found,"718,652,1274,696",,0.191,2.298
casent0005470,Strumigenys,train,p,data/images/Strumigenys/casent0005470_p.jpg,1024,621,186376,0.29309,"28,65,963,589",5,4,False,,8740,0.04689,0,0.0,"136,138,136",found,"503,585,1018,621",,0.186,1.187
casent0005472,Strumigenys,train,p,data/images/Strumigenys/casent0005472_p.jpg,1024,701,205974,0.28694,"42,162,995,597",1,1,False,,15030,0.07297,0,0.0,"199,198,195",found,"860,634,1020,699",,0.188,1.333
casent0005473,Strumigenys,test,p,data/images/Strumigenys/casent0005473_p.jpg,1024,623,268090,0.42024,"15,43,995,623",1,1,True,bottom,22724,0.08476,0,0.0,"155,155,155",found,"335,575,687,623",,0.187,1.146
casent0005474,Strumigenys,test,p,data/images/Strumigenys/casent0005474_p.jpg,1024,617,278856,0.44136,"19,56,1004,582",5,4,False,,35996,0.12908,0,0.0,"148,149,148",found,"334,570,687,617",,0.185,1.117
casent0005478,Strumigenys,train,p,data/images/Strumigenys/casent0005478_p.jpg,1024,636,101241,0.15545,"25,75,992,609",1,1,False,,4342,0.04289,0,0.0,"141,143,142",found,"598,599,1020,636",,0.189,1.281
casent0005479,Strumigenys,train,p,data/images/Strumigenys/casent0005479_p.jpg,1024,589,93792,0.15551,"32,66,1006,560",2,2,False,,5640,0.06013,0,0.0,"144,144,140",found,"582,552,1020,589",,0.188,1.185
casent0005481,Strumigenys,train,p,data/images/Strumigenys/casent0005481_p.jpg,1024,797,146107,0.17902,"46,52,998,776",1,1,False,,5554,0.03801,0,0.0,"140,142,139",found,"505,762,986,797",,0.188,1.573
casent0005483,Strumigenys,train,p,data/images/Strumigenys/casent0005483_p.jpg,1024,537,152760,0.2778,"13,74,999,475",6,4,False,,7411,0.04851,0,0.0,"146,147,147",found,"325,490,694,537",,0.189,1.064
casent0005484,Strumigenys,train,p,data/images/Strumigenys/casent0005484_p.jpg,1024,661,168282,0.24862,"22,71,1001,611",5,3,False,,10908,0.06482,0,0.0,"150,151,149",found,"389,614,635,661",,0.191,1.293
casent0005485,Strumigenys,test,p,data/images/Strumigenys/casent0005485_p.jpg,1024,656,216210,0.32186,"19,57,1020,649",2,1,False,,23878,0.11044,0,0.0,"150,151,148",found,"413,609,643,656",,0.214,1.219
casent0005486,Strumigenys,train,p,data/images/Strumigenys/casent0005486_p.jpg,933,808,271336,0.35993,"14,31,911,768",5,3,False,,31101,0.11462,0,0.0,"151,152,147",found,"335,759,634,808",,0.195,1.196
casent0005487,Strumigenys,train,p,data/images/Strumigenys/casent0005487_p.jpg,1280,768,150161,0.15275,"8,65,1216,600",6,3,False,,14362,0.09564,0,0.0,"163,164,161",found,"463,709,815,768",,0.195,2.599
casent0005488,Strumigenys,train,p,data/images/Strumigenys/casent0005488_p.jpg,1024,576,141918,0.24061,"22,24,983,549",2,1,False,,3049,0.02148,0,0.0,"141,142,141",found,"792,517,1018,576",,0.185,1.103
casent0005489,Strumigenys,train,p,data/images/Strumigenys/casent0005489_p.jpg,1024,602,100210,0.16256,"17,61,1001,572",4,1,False,,6790,0.06776,0,0.0,"155,156,153",found,"549,552,768,602",,0.185,1.201
casent0005490,Strumigenys,train,p,data/images/Strumigenys/casent0005490_p.jpg,1024,579,140432,0.23686,"15,49,998,528",9,4,False,,15678,0.11164,0,0.0,"169,166,163",found,"767,528,1024,579",,0.189,1.126
casent0005492,Strumigenys,train,p,data/images/Strumigenys/casent0005492_p.jpg,1024,527,225196,0.4173,"28,56,996,511",4,3,False,,17620,0.07824,0,0.0,"121,122,119",found,"868,470,1024,527",,0.189,0.955
casent0005493,Strumigenys,train,p,data/images/Strumigenys/casent0005493_p.jpg,1024,550,122325,0.2172,"18,65,1007,506",2,1,False,,3845,0.03143,0,0.0,"150,148,143",found,"324,503,700,550",,0.184,1.057
casent0005495,Strumigenys,train,p,data/images/Strumigenys/casent0005495_p.jpg,1024,616,139785,0.22161,"25,24,1006,593",4,2,False,,11223,0.08029,0,0.0,"155,156,154",found,"332,568,705,616",,0.186,1.181
casent0005496,Strumigenys,test,p,data/images/Strumigenys/casent0005496_p.jpg,1024,514,145729,0.27687,"10,60,1018,514",3,1,True,bottom,30329,0.20812,0,0.0,"169,169,166",found,"333,467,688,514",,0.187,0.97
casent0005497,Strumigenys,train,p,data/images/Strumigenys/casent0005497_p.jpg,1280,753,240253,0.24927,"20,92,1266,612",1,1,False,,20126,0.08377,0,0.0,"199,199,198",found,"487,694,791,753",,0.187,2.453
casent0005498,Strumigenys,train,p,data/images/Strumigenys/casent0005498_p.jpg,1024,685,194538,0.27734,"11,54,1005,579",4,1,False,,60783,0.31245,0,0.0,"205,203,201",found,"391,637,630,685",,0.193,1.285
casent0005499,Strumigenys,train,p,data/images/Strumigenys/casent0005499_p.jpg,1024,535,167969,0.3066,"19,47,990,508",6,2,False,,8057,0.04797,0,0.0,"189,189,187",found,"775,483,1022,535",,0.187,0.997
casent0005500,Strumigenys,train,p,data/images/Strumigenys/casent0005500_p.jpg,1024,610,203031,0.32504,"28,42,997,593",1,1,False,,20362,0.10029,0,0.0,"166,167,167",found,"356,561,665,610",,0.185,1.12
casent0005501,Strumigenys,train,p,data/images/Strumigenys/casent0005501_p.jpg,1024,696,143879,0.20188,"16,52,1002,680",7,4,False,,15998,0.11119,0,0.0,"176,178,175",found,"346,649,652,696",,0.189,1.342
casent0005502,Strumigenys,train,p,data/images/Strumigenys/casent0005502_p.jpg,1024,644,229023,0.34729,"24,36,1024,552",3,1,True,right,15023,0.0656,0,0.0,"174,175,174",found,"379,588,755,644",,0.185,1.193
casent0005503,Strumigenys,train,p,data/images/Strumigenys/casent0005503_p.jpg,1024,587,182174,0.30307,"10,67,1002,528",3,2,False,,24729,0.13574,0,0.0,"213,214,217",found,"362,540,674,587",,0.185,1.107
casent0005504,Strumigenys,train,p,data/images/Strumigenys/casent0005504_p.jpg,1024,612,201927,0.32221,"11,67,987,568",2,1,False,,32079,0.15886,0,0.0,"162,164,163",found,"352,563,670,612",,0.186,1.147
casent0005506,Strumigenys,train,p,data/images/Strumigenys/casent0005506_p.jpg,1024,636,195363,0.29998,"33,70,1001,619",4,1,False,,7556,0.03868,0,0.0,"159,159,160",found,"325,588,726,636",,0.188,1.204
casent0005507,Strumigenys,train,p,data/images/Strumigenys/casent0005507_p.jpg,1024,702,252016,0.35058,"22,55,1000,650",9,8,False,,7850,0.03115,0,0.0,"144,147,146",found,"413,630,636,694",,0.19,1.294
casent0005508,Strumigenys,train,p,data/images/Strumigenys/casent0005508_p.jpg,1024,605,131127,0.21166,"22,83,1008,589",3,3,False,,30535,0.23287,0,0.0,"174,175,173",not_found,,no_scalebar,0.185,1.15
casent0005509,Strumigenys,train,p,data/images/Strumigenys/casent0005509_p.jpg,1024,696,144748,0.2031,"21,97,1024,561",4,4,True,right,13250,0.09154,0,0.0,"163,164,164",found,"312,647,709,696",,0.191,1.336
casent0005510,Strumigenys,train,p,data/images/Strumigenys/casent0005510_p.jpg,1280,800,433340,0.42318,"20,63,1261,800",2,2,True,bottom,152902,0.35285,0,0.0,"164,165,164",found,"489,741,786,800",,0.194,2.498
casent0005511,Strumigenys,train,p,data/images/Strumigenys/casent0005511_p.jpg,1024,667,230574,0.33759,"23,81,1005,662",2,2,False,,21499,0.09324,0,0.0,"157,159,158",not_found,,no_scalebar,0.186,1.219
casent0005512,Strumigenys,test,p,data/images/Strumigenys/casent0005512_p.jpg,1024,675,247129,0.35754,"0,74,997,675",5,4,True,bottom;left,25588,0.10354,0,0.0,"133,135,132",found,"379,625,645,675",,0.186,1.227
casent0005513,Strumigenys,train,p,data/images/Strumigenys/casent0005513_p.jpg,1024,713,212774,0.29143,"31,38,1006,673",7,5,False,,4478,0.02105,0,0.0,"127,128,124",found,"387,662,634,713",,0.186,1.329
casent0005514,Strumigenys,test,p,data/images/Strumigenys/casent0005514_p.jpg,1024,669,222981,0.32549,"10,74,990,647",5,3,False,,25443,0.1141,0,0.0,"142,143,138",found,"385,618,637,669",,0.186,1.256
casent0005515,Strumigenys,train,p,data/images/Strumigenys/casent0005515_p.jpg,1024,680,259505,0.37268,"0,64,991,651",2,1,True,left,28901,0.11137,0,0.0,"133,135,131",found,"383,629,653,680",,0.187,1.254
casent0005516,Strumigenys,train,p,data/images/Strumigenys/casent0005516_p.jpg,1024,607,177832,0.2861,"14,47,1013,602",1,1,False,,8719,0.04903,0,0.0,"144,145,141",found,"391,557,631,607",,0.188,1.151
casent0005517,Strumigenys,train,p,data/images/Strumigenys/casent0005517_p.jpg,1024,768,338593,0.43054,"22,79,995,690",2,1,False,,24823,0.07331,0,0.0,"209,209,208",found,"247,703,608,768",,0.212,1.381
casent0005518,Strumigenys,train,p,data/images/Strumigenys/casent0005518_p.jpg,1024,630,154515,0.23951,"20,108,1005,611",3,2,False,,13662,0.08842,0,0.0,"181,182,184",found,"301,580,499,630",,0.187,1.226
casent0005519,Strumigenys,train,p,data/images/Strumigenys/casent0005519_p.jpg,1024,578,137088,0.23162,"14,67,1009,541",5,2,False,,12820,0.09352,0,0.0,"175,175,175",found,"348,531,673,578",,0.189,1.13
casent0005521,Strumigenys,train,p,data/images/Strumigenys/casent0005521_p.jpg,1024,635,148656,0.22862,"186,58,998,635",1,1,True,bottom,16995,0.11432,0,0.0,"184,185,182",found,"572,587,693,635",,0.193,1.225
casent0005522,Strumigenys,train,p,data/images/Strumigenys/casent0005522_p.jpg,1024,708,228980,0.31584,"34,59,1002,697",6,5,False,,9220,0.04027,0,0.0,"172,174,175",found,"362,662,659,708",,0.19,1.303
casent0005523,Strumigenys,train,p,data/images/Strumigenys/casent0005523_p.jpg,1280,623,262486,0.32916,"27,129,1269,584",4,2,False,,42979,0.16374,0,0.0,"201,203,203",found,"1063,559,1269,623",,0.19,2.032
casent0005524,Strumigenys,train,p,data/images/Strumigenys/casent0005524_p.jpg,1024,622,230738,0.36227,"28,50,989,596",4,2,False,,27523,0.11928,0,0.0,"157,157,155",found,"582,587,1020,622",,0.184,1.144
casent0005527,Strumigenys,train,p,data/images/Strumigenys/casent0005527_p.jpg,1024,732,197085,0.26293,"16,32,1002,732",3,2,True,bottom,24277,0.12318,0,0.0,"169,170,166",found,"792,670,1021,732",,0.189,1.383
casent0005528,Strumigenys,train,p,data/images/Strumigenys/casent0005528_p.jpg,1024,653,153479,0.22953,"13,70,1007,557",4,2,False,,17775,0.11581,0,0.0,"186,185,183",found,"833,590,1015,653",,0.186,1.273
casent0005529,Strumigenys,train,p,data/images/Strumigenys/casent0005529_p.jpg,1024,619,162525,0.25641,"17,91,979,580",13,7,False,,12161,0.07483,0,0.0,"152,153,155",found,"357,573,665,619",,0.187,1.212
casent0005531,Strumigenys,train,p,data/images/Strumigenys/casent0005531_p.jpg,1024,581,178384,0.29983,"20,85,1016,546",2,2,False,,33709,0.18897,0,0.0,"158,159,155",found,"662,523,962,581",,0.187,1.107
casent0005532,Strumigenys,train,p,data/images/Strumigenys/casent0005532_p.jpg,1024,607,183083,0.29455,"10,77,971,557",3,1,False,,9624,0.05257,0,0.0,"165,167,169",found,"352,560,670,607",,0.189,1.141
casent0005533,Strumigenys,train,p,data/images/Strumigenys/casent0005533_p.jpg,1024,726,219688,0.29551,"33,16,990,661",3,3,False,,20795,0.09466,0,0.0,"188,187,187",found,"385,679,637,726",,0.186,1.357
casent0005534,Strumigenys,train,p,data/images/Strumigenys/casent0005534_p.jpg,1024,629,196109,0.30447,"29,58,969,602",2,2,False,,14667,0.07479,0,0.0,"181,182,182",found,"446,581,624,629",,0.187,1.168
casent0005535,Strumigenys,train,p,data/images/Strumigenys/casent0005535_p.jpg,1024,571,179345,0.30673,"10,79,1008,550",7,3,False,,33647,0.18761,0,0.0,"162,162,160",found,"392,524,630,571",,0.198,1.092
casent0005536,Strumigenys,test,p,data/images/Strumigenys/casent0005536_p.jpg,1024,649,162721,0.24485,"16,52,1010,617",9,5,False,,15039,0.09242,0,0.0,"162,161,161",found,"395,601,646,649",,0.192,1.22
casent0005537,Strumigenys,train,p,data/images/Strumigenys/casent0005537_p.jpg,1024,658,173703,0.2578,"17,73,994,629",2,1,False,,15904,0.09156,0,0.0,"149,149,148",not_found,,no_scalebar,0.189,1.205
casent0005538,Strumigenys,train,p,data/images/Strumigenys/casent0005538_p.jpg,1022,808,230050,0.27859,"32,48,956,665",5,3,False,,8752,0.03804,0,0.0,"159,156,151",found,"372,759,643,808",,0.187,1.501
casent0005539,Strumigenys,train,p,data/images/Strumigenys/casent0005539_p.jpg,1024,788,263886,0.32703,"37,27,965,788",9,5,True,bottom,10159,0.0385,0,0.0,"164,161,155",found,"435,736,700,788",,0.188,1.437
casent0005540,Strumigenys,test,p,data/images/Strumigenys/casent0005540_p.jpg,1280,768,304103,0.30935,"28,65,1264,768",3,3,True,bottom,9737,0.03202,0,0.0,"146,141,138",found,"487,709,791,768",,0.191,2.472
casent0005541,Strumigenys,train,p,data/images/Strumigenys/casent0005541_p.jpg,1024,549,121219,0.21562,"9,71,984,440",7,3,False,,8015,0.06612,0,0.0,"174,174,174",found,"413,501,608,549",,0.203,1.052
casent0005542,Strumigenys,test,p,data/images/Strumigenys/casent0005542_p.jpg,1024,610,132985,0.2129,"18,80,1012,540",1,1,False,,6871,0.05167,0,0.0,"157,155,156",found,"342,563,677,610",,0.18,1.176
casent0005543,Strumigenys,train,p,data/images/Strumigenys/casent0005543_p.jpg,1024,614,173133,0.27537,"0,73,983,572",3,2,True,left,38433,0.22199,0,0.0,"146,143,139",found,"351,566,671,614",,0.185,1.155
casent0005544,Strumigenys,test,p,data/images/Strumigenys/casent0005544_p.jpg,1024,660,156279,0.23124,"24,58,988,466",6,5,False,,16511,0.10565,0,0.0,"180,180,177",found,"351,613,698,660",,0.183,1.256
casent0005546,Strumigenys,train,p,data/images/Strumigenys/casent0005546_p.jpg,1024,683,225361,0.32222,"33,50,992,626",4,3,False,,38488,0.17078,0,0.0,"171,170,169",found,"326,635,685,683",,0.187,1.257
casent0005549,Strumigenys,train,p,data/images/Strumigenys/casent0005549_p.jpg,1024,754,355451,0.46037,"29,41,1001,727",1,1,False,,28699,0.08074,0,0.0,"155,155,151",found,"312,704,692,754",,0.191,1.34
casent0005551,Strumigenys,train,p,data/images/Strumigenys/casent0005551_p.jpg,1024,618,212763,0.33621,"0,60,1005,555",3,3,True,left,14453,0.06793,0,0.0,"160,161,156",found,"361,571,660,618",,0.186,1.153
casent0005552,Strumigenys,train,p,data/images/Strumigenys/casent0005552_p.jpg,1024,683,169471,0.24231,"28,45,999,683",4,4,True,bottom,6661,0.0393,0,0.0,"141,142,137",found,"389,636,635,683",,0.188,1.314
casent0005553,Strumigenys,train,p,data/images/Strumigenys/casent0005553_p.jpg,1024,703,195103,0.27102,"19,47,1024,683",3,1,True,right,11316,0.058,0,0.0,"167,166,162",found,"403,655,633,703",,0.186,1.326
casent0005556,Strumigenys,test,p,data/images/Strumigenys/casent0005556_p.jpg,1024,618,170263,0.26905,"22,48,1024,549",5,3,True,right,10796,0.06341,0,0.0,"188,188,184",found,"348,571,671,618",,0.186,1.175
casent0005557,Strumigenys,test,p,data/images/Strumigenys/casent0005557_p.jpg,1024,803,196531,0.23901,"43,50,984,787",3,2,False,,17830,0.09072,0,0.0,"163,164,159",found,"374,755,689,803",,0.193,1.524
casent0005558,Strumigenys,test,p,data/images/Strumigenys/casent0005558_p.jpg,1280,739,276388,0.29219,"38,89,1249,739",4,2,True,bottom,14547,0.05263,0,0.0,"178,180,178",found,"446,680,831,739",,0.195,2.379
casent0005559,Strumigenys,test,p,data/images/Strumigenys/casent0005559_p.jpg,1024,573,153355,0.26136,"10,52,992,541",5,1,False,,9106,0.05938,0,0.0,"157,158,155",found,"364,525,657,573",,0.187,1.089
casent0005560,Strumigenys,train,p,data/images/Strumigenys/casent0005560_p.jpg,1024,640,182890,0.27907,"21,49,1015,618",4,2,False,,27555,0.15066,0,0.0,"161,162,157",found,"503,593,624,640",,0.186,1.216
casent0005561,Strumigenys,train,p,data/images/Strumigenys/casent0005561_p.jpg,1024,611,181797,0.29057,"13,68,1019,516",4,3,False,,34332,0.18885,0,0.0,"165,165,159",found,"398,563,623,611",,0.187,1.165
casent0005562,Strumigenys,train,p,data/images/Strumigenys/casent0005562_p.jpg,1024,663,228461,0.33651,"55,81,1006,639",9,5,False,,48183,0.2109,0,0.0,"162,162,157",not_found,,no_scalebar,0.192,1.199
casent0005563,Strumigenys,test,p,data/images/Strumigenys/casent0005563_p.jpg,1024,564,197196,0.34144,"8,39,1017,547",2,1,False,,41822,0.21208,0,0.0,"164,164,159",found,"392,516,630,564",,0.19,1.059
casent0005564,Strumigenys,test,p,data/images/Strumigenys/casent0005564_p.jpg,1024,573,144694,0.2466,"149,65,1009,524",2,1,False,,5905,0.04081,0,0.0,"152,153,147",found,"796,524,1009,573",,0.192,1.108
casent0005565,Strumigenys,train,p,data/images/Strumigenys/casent0005565_p.jpg,1024,633,175436,0.27065,"15,82,1024,605",2,2,True,right,9540,0.05438,0,0.0,"158,158,153",found,"394,585,630,633",,0.188,1.205
casent0005566,Strumigenys,test,p,data/images/Strumigenys/casent0005566_p.jpg,1024,585,159538,0.26632,"21,62,1005,578",3,1,False,,8569,0.05371,0,0.0,"155,156,155",found,"372,537,650,585",,0.192,1.124
casent0005568,Strumigenys,train,p,data/images/Strumigenys/casent0005568_p.jpg,1280,781,278053,0.27814,"22,104,1251,767",4,3,False,,29000,0.1043,0,0.0,"186,185,183",found,"459,722,818,781",,0.19,2.51
casent0005569,Strumigenys,train,p,data/images/Strumigenys/casent0005569_p.jpg,1024,638,224766,0.34404,"19,28,976,564",8,4,False,,23581,0.10491,0,0.0,"147,151,150",found,"577,546,780,611",,0.186,1.184
casent0005570,Strumigenys,train,p,data/images/Strumigenys/casent0005570_p.jpg,1024,528,159094,0.29425,"10,61,1005,434",4,4,False,,9051,0.05689,0,0.0,"138,138,134",found,"418,481,603,528",,0.186,0.997
casent0005571,Strumigenys,test,p,data/images/Strumigenys/casent0005571_p.jpg,1024,651,203603,0.30542,"29,54,987,644",1,1,False,,13269,0.06517,0,0.0,"131,133,129",found,"415,601,606,651",,0.21,1.214
casent0005572,Strumigenys,train,p,data/images/Strumigenys/casent0005572_p.jpg,1024,575,198359,0.33689,"32,57,1005,521",7,3,False,,14228,0.07173,0,0.0,"184,183,184",found,"413,527,608,575",,0.19,1.054
casent0005573,Strumigenys,train,p,data/images/Strumigenys/casent0005573_p.jpg,1024,657,196425,0.29197,"28,29,1017,532",3,3,False,,8522,0.04339,0,0.0,"148,147,144",found,"332,606,690,657",,0.184,1.209
casent0005574,Strumigenys,train,p,data/images/Strumigenys/casent0005574_p.jpg,1024,656,199058,0.29633,"14,54,976,559",5,5,False,,14447,0.07258,0,0.0,"175,175,172",found,"327,605,695,656",,0.184,1.217
casent0005575,Strumigenys,test,p,data/images/Strumigenys/casent0005575_p.jpg,1024,707,252104,0.34823,"19,51,1006,676",5,3,False,,39364,0.15614,0,0.0,"149,147,144",found,"304,655,697,707",,0.183,1.293
casent0005576,Strumigenys,train,p,data/images/Strumigenys/casent0005576_p.jpg,1024,559,188302,0.32896,"29,82,1024,559",7,5,True,bottom;right,7295,0.03874,0,0.0,"139,138,132",found,"339,508,682,559",,0.184,1.042
casent0005577,Strumigenys,train,p,data/images/Strumigenys/casent0005577_p.jpg,1024,616,156839,0.24864,"18,42,1018,611",5,3,False,,8575,0.05467,0,0.0,"162,162,159",found,"360,566,661,616",,0.187,1.16
casent0005578,Strumigenys,test,p,data/images/Strumigenys/casent0005578_p.jpg,1024,637,188717,0.28932,"19,33,979,563",2,2,False,,10719,0.0568,0,0.0,"172,170,167",found,"432,587,590,637",,0.185,1.203
casent0005579,Strumigenys,train,p,data/images/Strumigenys/casent0005579_p.jpg,1280,734,282731,0.30093,"28,68,1247,734",7,4,True,bottom,18875,0.06676,0,0.0,"162,161,158",found,"456,673,827,734",,0.189,2.39
casent0005580,Strumigenys,test,p,data/images/Strumigenys/casent0005580_p.jpg,1024,638,149690,0.22912,"14,56,997,589",13,6,False,,8607,0.0575,0,0.0,"155,155,150",found,"370,588,654,638",,0.186,1.21
casent0005581,Strumigenys,train,p,data/images/Strumigenys/casent0005581_p.jpg,1024,1024,452785,0.43181,"0,99,1024,1024",5,4,True,bottom;left;right,15204,0.03358,0,0.0,"195,159,152",found,"307,950,712,1014",,0.192,1.813
casent0005582,Strumigenys,train,p,data/images/Strumigenys/casent0005582_p.jpg,1024,619,208034,0.3282,"15,84,1020,619",5,3,True,bottom,9999,0.04806,0,0.0,"152,152,147",found,"414,569,640,619",,0.19,1.15
casent0005583,Strumigenys,train,p,data/images/Strumigenys/casent0005583_p.jpg,1024,668,201278,0.29425,"15,44,998,645",4,3,False,,16622,0.08258,0,0.0,"148,148,142",found,"376,617,646,668",,0.183,1.275
casent0005584,Strumigenys,train,p,data/images/Strumigenys/casent0005584_p.jpg,1024,617,217958,0.34498,"26,61,1002,600",9,5,False,,18073,0.08292,0,0.0,"157,155,148",found,"384,567,637,617",,0.184,1.149
casent0005585,Strumigenys,train,p,data/images/Strumigenys/casent0005585_p.jpg,1024,621,215484,0.33886,"17,46,997,569",10,6,False,,13267,0.06157,0,0.0,"155,150,143",found,"821,550,1003,616",,0.181,1.183
casent0005586,Strumigenys,test,p,data/images/Strumigenys/casent0005586_p.jpg,1024,622,220073,0.34552,"22,78,1005,622",9,6,True,bottom,30534,0.13874,0,0.0,"141,137,131",found,"343,571,678,622",,0.186,1.172
casent0005587,Strumigenys,train,p,data/images/Strumigenys/casent0005587_p.jpg,1024,600,238766,0.38862,"22,66,1011,569",6,2,False,,48807,0.20441,0,0.0,"153,153,149",found,"341,550,683,600",,0.2,1.124
casent0005588,Strumigenys,test,p,data/images/Strumigenys/casent0005588_p.jpg,1024,599,166597,0.27161,"19,73,998,564",1,1,False,,7279,0.04369,0,0.0,"152,152,148",found,"358,549,664,599",,0.185,1.156
casent0005589,Strumigenys,train,p,data/images/Strumigenys/casent0005589_p.jpg,1024,581,168876,0.28385,"17,96,976,569",1,1,False,,7951,0.04708,0,0.0,"159,159,170",found,"323,531,574,581",,0.19,1.106
casent0005590,Strumigenys,train,p,data/images/Strumigenys/casent0005590_p.jpg,1024,575,127208,0.21605,"16,62,996,513",8,6,False,,4595,0.03612,0,0.0,"162,163,173",found,"333,524,688,575",,0.189,1.125
casent0005591,Strumigenys,test,p,data/images/Strumigenys/casent0005591_p.jpg,1024,699,295651,0.41305,"16,55,995,699",7,5,True,bottom,115889,0.39198,0,0.0,"130,130,135",found,"441,646,627,699",,0.19,1.232
casent0005592,Strumigenys,train,p,data/images/Strumigenys/casent0005592_p.jpg,1280,774,254854,0.25724,"37,92,1240,642",8,5,False,,16120,0.06325,0,0.0,"120,122,126",found,"526,711,749,774",,0.198,2.487
casent0005593,Strumigenys,train,p,data/images/Strumigenys/casent0005593_p.jpg,1024,677,256826,0.37047,"51,33,994,611",4,4,False,,27753,0.10806,0,0.0,"175,181,193",found,"406,626,618,677",,0.186,1.231
casent0005594,Strumigenys,test,p,data/images/Strumigenys/casent0005594_p.jpg,1024,707,235466,0.32524,"38,48,976,664",4,4,False,,18626,0.0791,0,0.0,"164,169,180",found,"403,657,621,707",,0.182,1.297
casent0005595,Strumigenys,train,p,data/images/Strumigenys/casent0005595_p.jpg,1024,524,149832,0.27924,"20,103,992,485",5,1,False,,18862,0.12589,0,0.0,"188,192,203",found,"327,474,695,524",,0.184,0.995
casent0005596,Strumigenys,train,p,data/images/Strumigenys/casent0005596_p.jpg,1024,625,160088,0.25014,"12,63,978,583",3,3,False,,11574,0.0723,0,0.0,"145,146,144",found,"380,574,641,625",,0.184,1.186
casent0005597,Strumigenys,test,p,data/images/Strumigenys/casent0005597_p.jpg,1024,647,192744,0.29092,"3,45,1018,602",6,5,False,,7690,0.0399,0,0.0,"123,124,120",found,"375,596,646,647",,0.183,1.21
casent0005598,Strumigenys,train,p,data/images/Strumigenys/casent0005598_p.jpg,1024,671,189148,0.27528,"30,48,986,600",1,1,False,,9257,0.04894,0,0.0,"143,144,140",found,"370,621,651,671",,0.185,1.254
casent0005599,Strumigenys,train,p,data/images/Strumigenys/casent0005599_p.jpg,1024,667,202309,0.2962,"19,86,994,587",6,5,False,,7609,0.03761,0,0.0,"132,134,129",found,"372,616,652,667",,0.187,1.245
casent0005601,Strumigenys,train,p,data/images/Strumigenys/casent0005601_p.jpg,1024,773,419323,0.52975,"36,51,1011,756",4,3,False,,88945,0.21212,0,0.0,"98,101,94",found,"325,722,699,773",,0.192,1.369
casent0005602,Strumigenys,train,p,data/images/Strumigenys/casent0005602_p.jpg,1024,643,180349,0.27391,"28,57,1011,579",2,2,False,,22340,0.12387,0,0.0,"112,114,112",found,"412,592,598,643",,0.186,1.231
casent0005603,Strumigenys,train,p,data/images/Strumigenys/casent0005603_p.jpg,1024,653,147387,0.22042,"36,81,1005,430",3,1,False,,3768,0.02557,0,0.0,"131,132,129",found,"381,602,641,653",,0.185,1.258
casent0005604,Strumigenys,train,p,data/images/Strumigenys/casent0005604_p.jpg,1024,739,232416,0.30713,"0,76,1004,689",3,3,True,left,11029,0.04745,0,0.0,"144,146,141",found,"379,689,642,739",,0.186,1.363
casent0005605,Strumigenys,train,p,data/images/Strumigenys/casent0005605_p.jpg,1280,755,313962,0.32488,"35,93,1233,719",9,5,False,,10536,0.03356,0,0.0,"162,169,170",found,"518,692,760,755",,0.193,2.448
casent0005608,Strumigenys,test,p,data/images/Strumigenys/casent0005608_p.jpg,1024,624,232991,0.36463,"24,74,1007,587",6,4,False,,31230,0.13404,0,0.0,"102,102,99",found,"420,574,593,624",,0.188,1.134
casent0005609,Strumigenys,train,p,data/images/Strumigenys/casent0005609_p.jpg,1024,603,175130,0.28362,"16,74,1007,524",3,3,False,,3690,0.02107,0,0.0,"134,135,132",found,"373,552,648,603",,0.185,1.141
casent0005610,Strumigenys,train,p,data/images/Strumigenys/casent0005610_p.jpg,1024,685,184933,0.26365,"2,38,997,652",9,5,False,,12062,0.06522,0,0.0,"136,138,135",found,"372,635,649,685",,0.186,1.283
casent0005611,Strumigenys,train,p,data/images/Strumigenys/casent0005611_p.jpg,1024,1024,365186,0.34827,"0,103,1024,1004",1,1,True,left;right,5041,0.0138,0,0.0,"135,131,125",found,"277,942,743,1007",,0.192,1.856
casent0005612,Strumigenys,train,p,data/images/Strumigenys/casent0005612_p.jpg,1024,571,167365,0.28624,"18,80,1024,545",7,5,True,right,5295,0.03164,0,0.0,"136,137,133",found,"377,521,644,571",,0.184,1.082
casent0005613,Strumigenys,train,p,data/images/Strumigenys/casent0005613_p.jpg,1024,662,181379,0.26756,"17,86,992,616",2,1,False,,3167,0.01746,0,0.0,"131,132,127",found,"375,612,649,662",,0.186,1.258
casent0005614,Strumigenys,train,p,data/images/Strumigenys/casent0005614_p.jpg,1024,624,127469,0.19949,"27,80,1024,593",1,1,True,right,2938,0.02305,0,0.0,"138,139,135",found,"393,573,628,624",,0.186,1.23
casent0005615,Strumigenys,test,p,data/images/Strumigenys/casent0005615_p.jpg,1024,734,199778,0.2658,"0,38,1018,734",1,1,True,bottom;left,9141,0.04576,0,0.0,"134,134,129",found,"371,684,648,734",,0.188,1.394
casent0005616,Strumigenys,test,p,data/images/Strumigenys/casent0005616_p.jpg,1024,666,158143,0.23189,"12,75,1024,647",6,5,True,right,8545,0.05403,0,0.0,"126,128,122",found,"389,615,633,666",,0.186,1.276
casent0005617,Strumigenys,train,p,data/images/Strumigenys/casent0005617_p.jpg,1024,675,191531,0.2771,"28,93,982,649",3,1,False,,10908,0.05695,0,0.0,"152,154,150",found,"423,625,598,675",,0.188,1.265
casent0005618,Strumigenys,train,p,data/images/Strumigenys/casent0005618_p.jpg,1024,531,159358,0.29308,"14,64,1005,509",7,3,False,,7900,0.04957,0,0.0,"125,130,129",found,"345,480,676,531",,0.188,1.011
casent0005619,Strumigenys,test,p,data/images/Strumigenys/casent0005619_p.jpg,1024,701,214477,0.29879,"42,32,998,597",5,1,False,,13589,0.06336,0,0.0,"154,155,150",found,"311,650,695,701",,0.189,1.313
casent0005620,Strumigenys,test,p,data/images/Strumigenys/casent0005620_p.jpg,1280,804,331378,0.322,"28,112,1204,804",10,7,True,bottom,29400,0.08872,0,0.0,"142,145,142",found,"530,741,748,804",,0.195,2.571
casent0005622,Strumigenys,test,p,data/images/Strumigenys/casent0005622_p.jpg,1024,575,160049,0.27182,"27,88,979,560",8,8,False,,14992,0.09367,0,0.0,"146,149,147",found,"351,524,670,575",,0.186,1.083
casent0005623,Strumigenys,train,p,data/images/Strumigenys/casent0005623_p.jpg,1024,646,197764,0.29896,"32,53,996,573",12,9,False,,26500,0.134,0,0.0,"151,153,151",found,"319,595,683,646",,0.192,1.209
casent0005624,Strumigenys,test,p,data/images/Strumigenys/casent0005624_p.jpg,1024,629,177003,0.27481,"40,87,1008,627",8,6,False,,12177,0.0688,0,0.0,"132,134,134",found,"344,579,678,629",,0.187,1.177
casent0005625,Strumigenys,train,p,data/images/Strumigenys/casent0005625_p.jpg,1024,773,309808,0.39139,"47,42,982,666",2,1,False,,20830,0.06724,0,0.0,"142,142,133",found,"423,722,598,773",,0.193,1.394
casent0005626,Strumigenys,train,p,data/images/Strumigenys/casent0005626_p.jpg,1024,638,245047,0.37508,"55,56,970,555",3,2,False,,14762,0.06024,0,0.0,"139,141,140",found,"344,588,680,638",,0.205,1.157
casent0005627,Strumigenys,train,p,data/images/Strumigenys/casent0005627_p.jpg,1024,617,188866,0.29893,"33,113,996,580",2,2,False,,12591,0.06667,0,0.0,"120,122,118",found,"369,567,652,617",,0.185,1.158
casent0005628,Strumigenys,train,p,data/images/Strumigenys/casent0005628_p.jpg,1024,619,186929,0.29491,"33,81,983,595",7,3,False,,10006,0.05353,0,0.0,"141,144,140",found,"365,569,657,619",,0.186,1.159
casent0005629,Strumigenys,test,p,data/images/Strumigenys/casent0005629_p.jpg,1024,621,181168,0.2849,"27,80,989,621",2,1,True,bottom,21012,0.11598,0,0.0,"122,122,117",found,"365,570,667,621",,0.187,1.167
casent0005630,Strumigenys,train,p,data/images/Strumigenys/casent0005630_p.jpg,1024,707,226346,0.31265,"8,38,1013,682",3,1,False,,7119,0.03145,0,0.0,"132,132,126",found,"384,657,652,707",,0.19,1.322
casent0005631,Strumigenys,train,p,data/images/Strumigenys/casent0005631_p.jpg,1024,671,210183,0.3059,"30,65,983,578",2,1,False,,16863,0.08023,0,0.0,"168,171,171",found,"410,623,614,671",,0.184,1.25
casent0005632,Strumigenys,train,p,data/images/Strumigenys/casent0005632_p.jpg,1024,523,171908,0.32099,"38,61,984,469",3,1,False,,18478,0.10749,0,0.0,"132,137,135",found,"418,472,604,523",,0.185,0.973
casent0005633,Strumigenys,train,p,data/images/Strumigenys/casent0005633_p.jpg,1024,705,298262,0.41315,"23,86,970,671",2,1,False,,64377,0.21584,0,0.0,"173,177,175",found,"387,654,615,705",,0.185,1.27
casent0005634,Strumigenys,train,p,data/images/Strumigenys/casent0005634_p.jpg,1280,680,270920,0.31126,"24,124,1267,670",4,4,False,,44508,0.16428,0,0.0,"139,143,142",found,"525,617,753,680",,0.185,2.202
casent0005635,Strumigenys,train,p,data/images/Strumigenys/casent0005635_p.jpg,1024,597,161558,0.26427,"0,54,1019,525",7,5,True,left,1463,0.00906,0,0.0,"132,133,127",found,"408,547,616,597",,0.185,1.121
casent0005636,Strumigenys,train,p,data/images/Strumigenys/casent0005636_p.jpg,1024,548,129820,0.23135,"21,47,985,478",2,2,False,,1928,0.01485,0,0.0,"130,132,126",found,"350,498,671,548",,0.183,1.044
casent0005637,Strumigenys,train,p,data/images/Strumigenys/casent0005637_p.jpg,1024,735,198853,0.26421,"19,76,999,735",3,2,True,bottom,1326,0.00667,0,0.0,"125,127,120",not_found,,no_scalebar,0.191,1.354
casent0005638,Strumigenys,train,p,data/images/Strumigenys/casent0005638_p.jpg,1024,669,207201,0.30246,"17,57,1006,648",10,6,False,,2939,0.01418,0,0.0,"132,134,128",found,"401,620,623,669",,0.184,1.251
casent0005639,Strumigenys,test,p,data/images/Strumigenys/casent0005639_p.jpg,1024,630,199785,0.30969,"39,63,999,619",3,2,False,,12802,0.06408,0,0.0,"150,154,150",found,"369,580,652,630",,0.192,1.185
casent0005640,Strumigenys,train,p,data/images/Strumigenys/casent0005640_p.jpg,1024,690,226907,0.32114,"37,46,1024,690",1,1,True,bottom;right,19177,0.08451,0,0.0,"167,170,167",found,"344,639,680,690",,0.187,1.289
casent0005641,Strumigenys,train,p,data/images/Strumigenys/casent0005641_p.jpg,1024,682,185063,0.26499,"36,106,988,633",5,2,False,,7149,0.03863,0,0.0,"147,150,148",found,"372,632,650,682",,0.187,1.3
casent0005642,Strumigenys,train,p,data/images/Strumigenys/casent0005642_p.jpg,1024,628,175810,0.27339,"16,86,1001,585",4,2,False,,9905,0.05634,0,0.0,"143,143,137",found,"393,578,629,628",,0.187,1.191
casent0005643,Strumigenys,train,p,data/images/Strumigenys/casent0005643_p.jpg,1024,633,235757,0.36371,"67,69,1016,566",3,3,False,,13443,0.05702,0,0.0,"175,178,178",found,"408,582,614,633",,0.187,1.182
casent0005644,Strumigenys,train,p,data/images/Strumigenys/casent0005644_p.jpg,1024,724,135044,0.18215,"17,92,992,689",3,2,False,,2891,0.02141,0,0.0,"152,154,146",found,"383,674,638,724",,0.195,1.431
casent0005645,Strumigenys,train,p,data/images/Strumigenys/casent0005645_p.jpg,1024,690,179519,0.25407,"7,73,1010,663",1,1,False,,2858,0.01592,0,0.0,"138,140,133",found,"378,639,646,690",,0.189,1.311
casent0005646,Strumigenys,train,p,data/images/Strumigenys/casent0005646_p.jpg,1280,753,258282,0.26797,"16,74,1228,675",2,1,False,,3002,0.01162,0,0.0,"132,134,127",found,"471,690,807,753",,0.19,2.465
casent0005647,Strumigenys,test,p,data/images/Strumigenys/casent0005647_p.jpg,1024,644,177081,0.26853,"20,79,978,611",3,2,False,,4523,0.02554,0,0.0,"139,140,134",found,"375,593,646,644",,0.194,1.23
casent0005889,Strumigenys,train,p,data/images/Strumigenys/casent0005889_p.jpg,1024,716,286765,0.39112,"34,43,1008,716",12,5,True,bottom,23057,0.0804,0,0.0,"177,176,174",found,"296,666,713,716",,0.187,1.305
casent0005890,Strumigenys,train,p,data/images/Strumigenys/casent0005890_p.jpg,1024,608,215990,0.34692,"30,66,992,571",2,2,False,,10788,0.04995,0,0.0,"137,137,134",found,"303,560,710,608",,0.185,1.135
casent0005891,Strumigenys,train,p,data/images/Strumigenys/casent0005891_p.jpg,1024,615,208086,0.33042,"32,64,986,534",2,1,False,,12395,0.05957,0,0.0,"125,125,125",found,"320,567,701,615",,0.189,1.159
casent0005892,Strumigenys,train,p,data/images/Strumigenys/casent0005892_p.jpg,1024,594,223422,0.36732,"10,46,997,537",2,2,False,,38029,0.17021,0,0.0,"191,192,192",found,"370,546,644,594",,0.187,1.102
casent0005893,Strumigenys,train,p,data/images/Strumigenys/casent0005893_p.jpg,1024,708,229853,0.31704,"16,64,1003,688",7,3,False,,26055,0.11336,0,0.0,"174,174,172",found,"468,662,660,708",,0.19,1.318
casent0005896,Strumigenys,train,p,data/images/Strumigenys/casent0005896_p.jpg,1024,737,184886,0.24498,"15,24,1013,722",3,1,False,,36029,0.19487,0,0.0,"170,171,166",found,"374,690,650,737",,0.187,1.419
casent0005897,Strumigenys,train,p,data/images/Strumigenys/casent0005897_p.jpg,1024,1024,322683,0.30773,"0,101,1024,966",4,4,True,left;right,5618,0.01741,0,0.0,"150,140,131",found,"276,952,745,1016",,0.193,1.912
casent0005899,Strumigenys,train,p,data/images/Strumigenys/casent0005899_p.jpg,1024,649,189865,0.28569,"56,74,995,625",2,2,False,,13035,0.06865,0,0.0,"130,134,135",found,"357,599,664,649",,0.194,1.218
casent0005986,Strumigenys,train,p,data/images/Strumigenys/casent0005986_p.jpg,1024,761,199805,0.2564,"13,10,1016,727",4,1,False,,14075,0.07044,0,0.0,"167,171,165",found,"369,709,625,761",,0.188,1.454
casent0005987,Strumigenys,train,p,data/images/Strumigenys/casent0005987_p.jpg,1024,624,186244,0.29147,"22,60,1024,624",2,1,True,bottom;right,10307,0.05534,0,0.0,"170,173,172",found,"363,573,655,624",,0.185,1.173
casent0005988,Strumigenys,train,p,data/images/Strumigenys/casent0005988_p.jpg,1024,773,247533,0.31272,"43,140,1015,773",6,2,True,bottom,18167,0.07339,0,0.0,"163,165,163",found,"335,722,689,773",,0.187,1.459
casent0005989,Strumigenys,train,p,data/images/Strumigenys/casent0005989_p.jpg,1024,641,194702,0.29663,"32,65,1024,603",2,2,True,right,12228,0.0628,0,0.0,"136,139,136",found,"351,591,670,641",,0.189,1.222
casent0005990,Strumigenys,train,p,data/images/Strumigenys/casent0005990_p.jpg,1024,651,213785,0.3207,"4,45,1012,570",4,3,False,,24885,0.1164,0,0.0,"159,160,158",found,"353,601,669,651",,0.187,1.232
casent0005991,Strumigenys,test,p,data/images/Strumigenys/casent0005991_p.jpg,1024,773,365684,0.46198,"39,44,1024,721",8,4,True,right,52407,0.14331,0,0.0,"180,182,179",found,"293,722,728,773",,0.187,1.388
casent0005992,Strumigenys,train,p,data/images/Strumigenys/casent0005992_p.jpg,1024,773,282280,0.35662,"62,118,1024,773",7,2,True,bottom;right,23900,0.08467,0,0.0,"135,139,134",found,"413,722,714,773",,0.192,1.405
casent0005993,Strumigenys,train,p,data/images/Strumigenys/casent0005993_p.jpg,1024,754,322728,0.41799,"29,50,1024,754",2,1,True,bottom;right,19319,0.05986,0,0.0,"162,170,166",found,"375,704,637,754",,0.191,1.361
casent0005994,Strumigenys,train,p,data/images/Strumigenys/casent0005994_p.jpg,1024,690,226714,0.32087,"17,44,985,627",4,3,False,,10081,0.04447,0,0.0,"156,162,162",found,"376,639,646,690",,0.19,1.289
casent0005995,Strumigenys,test,p,data/images/Strumigenys/casent0005995_p.jpg,1024,718,236385,0.32151,"16,69,995,712",5,2,False,,11385,0.04816,0,0.0,"154,161,156",found,"391,667,630,718",,0.184,1.346
casent0005996,Strumigenys,test,p,data/images/Strumigenys/casent0005996_p.jpg,1024,773,279938,0.35366,"67,55,995,716",4,4,False,,17236,0.06157,0,0.0,"168,172,167",found,"261,722,761,773",,0.193,1.411
casent0005999,Strumigenys,train,p,data/images/Strumigenys/casent0005999_p.jpg,996,808,368749,0.45821,"43,30,929,737",2,1,False,,21779,0.05906,0,0.0,"187,191,188",found,"365,757,601,808",,0.189,1.314
casent0006000,Strumigenys,train,p,data/images/Strumigenys/casent0006000_p.jpg,1024,742,261021,0.34354,"27,35,1024,742",8,6,True,bottom;right,2806,0.01075,0,0.0,"161,156,146",found,"328,691,668,742",,0.186,1.38
casent0006026,Strumigenys,test,p,data/images/Strumigenys/casent0006026_p.jpg,1024,678,252378,0.36351,"32,21,1008,678",5,4,True,bottom,11337,0.04492,0,0.0,"142,143,142",found,"333,627,688,678",,0.187,1.229
casent0006027,Strumigenys,test,p,data/images/Strumigenys/casent0006027_p.jpg,1024,1024,330240,0.31494,"173,132,1024,1024",1,1,True,bottom;right,14024,0.04247,0,0.0,"160,146,135",found,"289,957,732,1021",,0.212,1.908
casent0006028,Strumigenys,train,p,data/images/Strumigenys/casent0006028_p.jpg,1024,701,232334,0.32366,"48,41,1006,666",8,6,False,,9008,0.03877,0,0.0,"143,145,139",found,"320,650,701,701",,0.189,1.321
casent0067549,Strumigenys,train,p,data/images/Strumigenys/casent0067549_p.jpg,1024,771,277437,0.35141,"20,96,976,708",3,2,False,,5331,0.01922,0,0.0,"208,209,208",found,"752,697,1023,762",,0.186,1.426
casent0069921,Strumigenys,train,p,data/images/Strumigenys/casent0069921_p.jpg,1024,716,193298,0.26364,"18,123,965,630",6,3,False,,3335,0.01725,0,0.0,"212,214,208",found,"752,641,1024,707",,0.19,1.359
casent0101253,Strumigenys,train,p,data/images/Strumigenys/casent0101253_p.jpg,1024,1024,236525,0.22557,"0,87,1024,834",5,3,True,left;right,4660,0.0197,0,0.0,"167,165,164",truncated,"909,915,1024,982",,0.191,1.993
casent0101254,Strumigenys,train,p,data/images/Strumigenys/casent0101254_p.jpg,1280,746,186194,0.19499,"31,113,1280,676",4,2,True,right,3856,0.02071,0,0.0,"144,140,141",found,"435,664,779,746",,0.188,2.553
casent0102258,Strumigenys,train,p,data/images/Strumigenys/casent0102258_p.jpg,1024,606,171491,0.27636,"17,122,992,606",2,1,True,bottom,21107,0.12308,0,0.0,"106,106,102",found,"758,486,920,552",,0.186,1.18
casent0102259,Strumigenys,train,p,data/images/Strumigenys/casent0102259_p.jpg,1024,762,357296,0.4579,"36,62,1005,698",1,1,False,,10946,0.03064,0,0.0,"119,117,115",found,"128,674,336,740",,0.186,1.351
casent0102260,Strumigenys,train,p,data/images/Strumigenys/casent0102260_p.jpg,980,808,265032,0.3347,"39,85,920,808",3,2,True,bottom,1909,0.0072,0,0.0,"115,113,107",found,"251,687,423,751",,0.208,1.339
casent0102262,Strumigenys,test,p,data/images/Strumigenys/casent0102262_p.jpg,1024,756,254571,0.32884,"53,54,956,738",3,3,False,,1820,0.00715,0,0.0,"134,132,130",found,"301,620,452,686",,0.197,1.407
casent0102263,Strumigenys,train,p,data/images/Strumigenys/casent0102263_p.jpg,1024,746,192961,0.2526,"26,116,971,725",1,1,False,,4302,0.02229,0,0.0,"130,127,125",found,"123,635,399,701",,0.191,1.449
casent0102265,Strumigenys,train,p,data/images/Strumigenys/casent0102265_p.jpg,1024,757,276031,0.35609,"37,61,994,735",3,2,False,,31689,0.1148,0,0.0,"97,95,86",found,"306,591,498,656",,0.186,1.415
casent0436719,Strumigenys,train,p,data/images/Strumigenys/casent0436719_p.jpg,1024,772,235004,0.29727,"45,46,950,772",3,3,True,bottom,9767,0.04156,0,0.0,"209,210,207",found,"779,695,1024,760",,0.19,1.467
casent0456151,Strumigenys,train,p,data/images/Strumigenys/casent0456151_p.jpg,1024,771,232889,0.29498,"64,75,928,764",3,1,False,,2006,0.00861,0,0.0,"215,215,213",found,"801,697,1023,762",,0.191,1.466
casent0499800,Strumigenys,train,p,data/images/Strumigenys/casent0499800_p.jpg,1024,737,167605,0.22209,"13,105,1018,723",5,3,False,,400,0.00239,0,0.0,"212,212,211",found,"851,671,1024,736",,0.195,1.44
casent0010867,Syllophopsis,test,p,data/images/Syllophopsis/casent0010867_p.jpg,1024,771,220362,0.27911,"41,46,952,749",3,2,False,,1268,0.00575,0,0.0,"198,200,198",found,"747,702,1022,768",,0.19,1.483
casent0023410,Syllophopsis,train,p,data/images/Syllophopsis/casent0023410_p.jpg,1024,771,239611,0.3035,"57,77,982,631",4,3,False,,6359,0.02654,0,0.0,"190,193,182",found,"848,684,1006,749",,0.191,1.469
casent0026710,Syllophopsis,train,p,data/images/Syllophopsis/casent0026710_p.jpg,1280,779,297916,0.29878,"18,137,1248,733",5,2,False,,27517,0.09236,0,0.0,"197,191,184",found,"1097,692,1280,774",,0.191,2.599
casent0044971,Syllophopsis,train,p,data/images/Syllophopsis/casent0044971_p.jpg,1024,771,206889,0.26205,"0,65,967,736",1,1,True,left,4178,0.02019,0,0.0,"207,210,208",found,"747,697,1022,762",,0.192,1.497
casent0172864,Syllophopsis,train,p,data/images/Syllophopsis/casent0172864_p.jpg,1024,771,268242,0.33976,"61,49,978,704",1,1,False,,5586,0.02082,0,0.0,"200,203,200",found,"801,697,1023,762",,0.189,1.465
casent0172919,Syllophopsis,test,p,data/images/Syllophopsis/casent0172919_p.jpg,1024,771,283014,0.35847,"29,47,983,759",2,2,False,,10938,0.03865,0,0.0,"191,192,186",found,"747,697,1022,762",,0.192,1.452
casent0173588,Syllophopsis,train,p,data/images/Syllophopsis/casent0173588_p.jpg,1024,802,232939,0.28364,"0,35,967,768",1,1,True,left,49149,0.211,0,0.0,"168,167,160",found,"729,733,1009,799",,0.193,1.552
casent0173590,Syllophopsis,train,p,data/images/Syllophopsis/casent0173590_p.jpg,1024,705,183154,0.2537,"39,141,1024,564",1,1,True,right,1915,0.01046,0,0.0,"193,194,188",found,"752,621,1024,686",,0.196,1.388
casent0173591,Syllophopsis,test,p,data/images/Syllophopsis/casent0173591_p.jpg,1024,790,211250,0.26114,"42,51,973,737",1,1,False,,18757,0.08879,0,0.0,"218,218,217",found,"769,718,1023,783",,0.195,1.543
casent0274442,Syllophopsis,train,d,data/images/Syllophopsis/casent0274442_d.jpg,1024,1024,607723,0.57957,"0,68,1024,964",10,10,True,left;right,15476,0.02547,0,0.0,"131,132,133",not_found,,no_scalebar,0.196,1.81
casent0291293,Syllophopsis,train,p,data/images/Syllophopsis/casent0291293_p.jpg,1024,1024,1593,0.00152,"236,25,542,401",3,2,False,,580,0.36409,0,0.0,"155,154,156",not_found,,empty;no_scalebar,0.195,2.146
casent0430841,Syllophopsis,train,p,data/images/Syllophopsis/casent0430841_p.jpg,1024,760,246571,0.31683,"22,29,989,753",3,3,False,,5442,0.02207,0,0.0,"179,178,172",found,"816,703,1023,760",,0.226,1.441
casent0478937,Syllophopsis,train,p,data/images/Syllophopsis/casent0478937_p.jpg,1024,758,242471,0.31239,"37,99,993,718",1,1,False,,34066,0.1405,0,0.0,"181,176,173",found,"856,686,1016,751",,0.191,1.449
casent0491610,Syllophopsis,train,p,data/images/Syllophopsis/casent0491610_p.jpg,997,808,209204,0.25969,"44,33,949,784",2,1,False,,2795,0.01336,0,0.0,"214,216,214",found,"779,740,972,803",,0.193,1.448
casent0005970,Tapinoma,train,p,data/images/Tapinoma/casent0005970_p.jpg,1024,728,187244,0.25118,"37,72,971,697",3,3,False,,21995,0.11747,0,0.0,"134,133,128",found,"381,677,641,728",,0.19,1.444
casent0008659,Tapinoma,test,p,data/images/Tapinoma/casent0008659_p.jpg,1024,771,224681,0.28459,"52,48,968,732",1,1,False,,132688,0.59056,0,0.0,"184,189,177",found,"703,709,974,771",,0.195,1.476
casent0016783,Tapinoma,train,p,data/images/Tapinoma/casent0016783_p.jpg,1024,741,244993,0.32288,"46,110,979,641",3,3,False,,85420,0.34866,0,0.0,"179,175,172",found,"870,666,1022,731",,0.193,1.408
casent0101083,Tapinoma,train,p,data/images/Tapinoma/casent0101083_p.jpg,1024,510,219115,0.41957,"53,33,1007,451",2,1,False,,44809,0.2045,0,0.0,"142,142,151",found,"886,440,999,506",,0.185,0.972
casent0101084,Tapinoma,train,p,data/images/Tapinoma/casent0101084_p.jpg,1024,591,306510,0.50647,"33,124,1011,591",7,1,True,bottom,36112,0.11782,0,0.0,"228,227,218",found,"886,521,998,587",,0.194,1.104
casent0101085,Tapinoma,train,p,data/images/Tapinoma/casent0101085_p.jpg,1024,581,286236,0.48111,"16,92,1024,556",2,1,True,right,49787,0.17394,0,0.0,"141,143,155",found,"880,513,1012,579",,0.203,1.059
casent0101255,Tapinoma,train,p,data/images/Tapinoma/casent0101255_p.jpg,1024,668,271169,0.39643,"41,97,1007,637",2,1,False,,68232,0.25162,0,0.0,"158,149,143",found,"20,591,271,656",,0.196,1.251
casent0101256,Tapinoma,train,p,data/images/Tapinoma/casent0101256_p.jpg,1024,735,221716,0.29458,"54,106,981,721",1,1,False,,35439,0.15984,0,0.0,"127,127,123",found,"560,665,785,731",,0.188,1.405
casent0101468,Tapinoma,test,p,data/images/Tapinoma/casent0101468_p.jpg,1024,771,349824,0.44309,"35,28,974,679",1,1,False,,29049,0.08304,0,0.0,"96,93,85",found,"693,696,1023,762",,0.192,1.389
casent0103323,Tapinoma,train,p,data/images/Tapinoma/casent0103323_p.jpg,1024,771,230874,0.29243,"45,73,1005,729",2,2,False,,74229,0.32151,0,0.0,"179,186,176",found,"626,684,799,749",,0.189,1.453
casent0128782,Tapinoma,train,p,data/images/Tapinoma/casent0128782_p.jpg,1024,737,208844,0.27673,"0,107,994,659",4,3,True,left,19083,0.09137,0,0.0,"217,217,215",found,"779,663,1023,728",,0.186,1.399
casent0453961,Tapinoma,train,p,data/images/Tapinoma/casent0453961_p.jpg,1024,654,167639,0.25032,"39,114,990,612",1,1,False,,101728,0.60683,0,0.0,"163,167,161",found,"787,575,948,639",,0.185,1.262
casent0453991,Tapinoma,test,p,data/images/Tapinoma/casent0453991_p.jpg,1024,694,218476,0.30743,"29,153,964,660",1,1,False,,46915,0.21474,0,0.0,"194,196,195",found,"872,632,1021,694",,0.193,1.327
casent0456886,Tapinoma,train,p,data/images/Tapinoma/casent0456886_p.jpg,1024,771,208620,0.26424,"39,93,976,754",4,1,False,,66698,0.31971,0,0.0,"190,190,179",found,"752,696,1024,762",,0.187,1.492
casent0923668,Tapinoma,train,p,data/images/Tapinoma/casent0923668_p.jpg,1280,939,359917,0.29945,"53,77,1215,894",5,5,False,,30064,0.08353,0,0.0,"83,85,83",found,"1026,884,1265,939",,0.2,3.107
casent0003175,Technomyrmex,train,p,data/images/Technomyrmex/casent0003175_p.jpg,1024,756,228284,0.29489,"51,42,1024,744",2,2,True,right,19577,0.08576,0,0.0,"166,161,158",found,"767,698,1024,756",,0.191,1.466
casent0005969,Technomyrmex,train,p,data/images/Technomyrmex/casent0005969_p.jpg,1280,717,271993,0.29637,"167,72,1252,625",3,2,False,,24461,0.08993,0,0.0,"141,135,125",found,"1018,651,1280,717",,0.19,2.379
casent0006839,Technomyrmex,train,p,data/images/Technomyrmex/casent0006839_p.jpg,1024,691,221493,0.31303,"28,122,976,578",3,1,False,,8844,0.03993,0,0.0,"215,215,215",found,"803,605,1010,670",,0.189,1.321
casent0053815,Technomyrmex,train,p,data/images/Technomyrmex/casent0053815_p.jpg,1024,771,217235,0.27515,"76,87,973,613",2,2,False,,19060,0.08774,0,0.0,"183,185,178",found,"752,697,1023,762",,0.188,1.506
casent0058901,Technomyrmex,train,p,data/images/Technomyrmex/casent0058901_p.jpg,1024,715,214192,0.29255,"35,119,1002,630",1,1,False,,818,0.00382,0,0.0,"207,206,199",found,"684,647,858,711",,0.19,1.357
casent0097891,Technomyrmex,test,p,data/images/Technomyrmex/casent0097891_p.jpg,1024,734,192816,0.25654,"0,60,1002,578",2,1,True,left,4314,0.02237,0,0.0,"208,209,206",found,"851,672,1023,734",,0.186,1.452
casent0101077,Technomyrmex,train,p,data/images/Technomyrmex/casent0101077_p.jpg,1280,683,234345,0.26806,"62,103,1194,564",3,2,False,,849,0.00362,0,0.0,"182,148,118",found,"973,602,1280,683",,0.216,2.325
casent0101078,Technomyrmex,train,p,data/images/Technomyrmex/casent0101078_p.jpg,1024,575,227370,0.38616,"26,110,994,478",1,1,False,,2893,0.01272,0,0.0,"241,229,202",found,"844,506,1024,572",,0.19,1.12
casent0101079,Technomyrmex,train,p,data/images/Technomyrmex/casent0101079_p.jpg,1024,546,179880,0.32173,"49,54,966,462",3,1,False,,787,0.00438,0,0.0,"163,155,131",found,"802,483,1024,546",,0.189,1.059
casent0101080,Technomyrmex,train,p,data/images/Technomyrmex/casent0101080_p.jpg,1024,770,233104,0.29564,"41,54,990,711",7,6,False,,4887,0.02096,0,0.0,"236,225,205",found,"757,707,1023,770",,0.194,1.531
casent0101467,Technomyrmex,test,p,data/images/Technomyrmex/casent0101467_p.jpg,1280,704,417864,0.46372,"40,91,1253,704",2,2,True,bottom,46915,0.11227,0,0.0,"146,147,140",found,"997,620,1280,702",,0.191,2.238
casent0101636,Technomyrmex,train,p,data/images/Technomyrmex/casent0101636_p.jpg,1024,531,204111,0.37538,"28,14,998,487",1,1,False,,33466,0.16396,0,0.0,"130,130,122",found,"816,461,1024,527",,0.191,1.061
casent0101705,Technomyrmex,test,p,data/images/Technomyrmex/casent0101705_p.jpg,1020,808,284211,0.34485,"86,93,1020,680",2,2,True,right,3416,0.01202,0,0.0,"135,117,91",found,"816,730,1020,795",,0.19,1.522
casent0101791,Technomyrmex,train,p,data/images/Technomyrmex/casent0101791_p.jpg,1024,771,355065,0.44973,"61,60,994,698",3,1,False,,399,0.00112,0,0.0,"182,168,132",found,"779,698,1024,763",,0.193,1.445
casent0101823,Technomyrmex,train,p,data/images/Technomyrmex/casent0101823_p.jpg,1024,506,190999,0.36862,"18,51,978,423",7,1,False,,488,0.00255,0,0.0,"168,155,124",found,"427,437,632,502",,0.187,0.981
casent0101832,Technomyrmex,train,p,data/images/Technomyrmex/casent0101832_p.jpg,1024,594,287006,0.47185,"45,34,1002,594",1,1,True,bottom,0,0.0,0,0.0,"114,104,84",found,"456,510,646,575",,0.188,1.105
casent0101926,Technomyrmex,train,p,data/images/Technomyrmex/casent0101926_p.jpg,1024,715,177172,0.24199,"32,27,981,661",2,1,False,,18352,0.10358,0,0.0,"183,179,168",found,"235,589,397,654",,0.197,1.414
casent0101932,Technomyrmex,train,p,data/images/Technomyrmex/casent0101932_p.jpg,1280,628,367019,0.45658,"100,61,1232,545",6,2,False,,4038,0.011,0,0.0,"153,146,127",found,"899,456,1157,538",,0.195,2.041
casent0101960,Technomyrmex,test,p,data/images/Technomyrmex/casent0101960_p.jpg,1024,677,210005,0.30293,"28,152,997,510",1,1,False,,3498,0.01666,0,0.0,"203,178,134",found,"775,499,1006,564",,0.19,1.318
casent0101974,Technomyrmex,train,p,data/images/Technomyrmex/casent0101974_p.jpg,1024,613,314004,0.50024,"37,29,1024,572",1,1,True,right,780,0.00248,0,0.0,"125,120,98",found,"324,555,578,613",,0.189,1.113
casent0103270,Technomyrmex,train,p,data/images/Technomyrmex/casent0103270_p.jpg,1024,739,205376,0.2714,"44,62,982,719",2,2,False,,7062,0.03439,0,0.0,"208,208,206",found,"820,670,1024,735",,0.192,1.44
casent0104343,Technomyrmex,train,p,data/images/Technomyrmex/casent0104343_p.jpg,1024,657,186737,0.27757,"86,111,964,626",2,2,False,,3615,0.01936,0,0.0,"133,133,131",found,"127,582,378,648",,0.194,1.288
casent0104646,Technomyrmex,train,p,data/images/Technomyrmex/casent0104646_p.jpg,1024,620,244984,0.38587,"27,80,999,597",3,2,False,,21201,0.08654,0,0.0,"138,135,126",found,"765,555,987,620",,0.186,1.179
casent0125609,Technomyrmex,train,p,data/images/Technomyrmex/casent0125609_p.jpg,1024,771,224214,0.28399,"24,136,1002,731",1,1,False,,18376,0.08196,0,0.0,"212,213,211",found,"801,697,1023,762",,0.189,1.489
casent0128740,Technomyrmex,train,p,data/images/Technomyrmex/casent0128740_p.jpg,1024,746,166871,0.21844,"58,126,950,663",2,2,False,,26767,0.16041,0,0.0,"212,213,208",found,"815,672,1022,737",,0.192,1.48
casent0419034,Technomyrmex,train,p,data/images/Technomyrmex/casent0419034_p.jpg,1024,771,222348,0.28163,"31,64,997,769",2,1,False,,16791,0.07552,0,0.0,"212,213,211",found,"801,697,1023,762",,0.204,1.49
casent0419194,Technomyrmex,train,p,data/images/Technomyrmex/casent0419194_p.jpg,1024,771,196447,0.24882,"34,54,970,771",2,1,True,bottom,39846,0.20283,0,0.0,"185,186,176",found,"779,697,1023,762",,0.189,1.507
casent0435387,Technomyrmex,test,p,data/images/Technomyrmex/casent0435387_p.jpg,1024,771,189144,0.23957,"26,127,931,765",5,1,False,,20848,0.11022,0,0.0,"174,171,165",found,"193,695,444,760",,0.19,1.504
casent0435450,Technomyrmex,train,p,data/images/Technomyrmex/casent0435450_p.jpg,1024,735,180971,0.24045,"38,108,963,694",1,1,False,,17044,0.09418,0,0.0,"185,185,179",found,"800,661,1023,726",,0.191,1.448
casent0439766,Technomyrmex,train,p,data/images/Technomyrmex/casent0439766_p.jpg,1024,733,278572,0.37114,"0,119,975,705",1,1,True,left,43141,0.15486,0,0.0,"165,162,159",found,"643,666,912,731",,0.187,1.385
casent0443365,Technomyrmex,test,p,data/images/Technomyrmex/casent0443365_p.jpg,1024,728,192525,0.25826,"45,63,971,675",1,1,False,,37101,0.19271,0,0.0,"203,204,198",found,"801,654,1024,719",,0.189,1.403
casent0451074,Technomyrmex,train,p,data/images/Technomyrmex/casent0451074_p.jpg,1024,771,217605,0.27562,"56,94,977,750",2,1,False,,13767,0.06327,0,0.0,"212,212,210",found,"835,697,1023,762",,0.192,1.479
casent0485349,Technomyrmex,train,p,data/images/Technomyrmex/casent0485349_p.jpg,1024,771,207655,0.26302,"47,166,956,683",2,1,False,,32402,0.15604,0,0.0,"215,216,212",found,"752,697,1023,762",,0.194,1.501
casent0485542,Technomyrmex,train,p,data/images/Technomyrmex/casent0485542_p.jpg,1024,771,231315,0.29299,"0,37,978,746",1,1,True,left,67150,0.2903,0,0.0,"190,194,183",found,"762,711,1012,771",,0.197,1.469
casent0499794,Technomyrmex,test,p,data/images/Technomyrmex/casent0499794_p.jpg,1024,771,215576,0.27305,"34,19,974,771",1,1,True,bottom,10308,0.04782,0,0.0,"222,222,221",found,"815,696,1022,762",,0.195,1.488
casent0002552,Terataner,test,p,data/images/Terataner/casent0002552_p.jpg,1024,787,234494,0.29098,"38,61,974,707",3,1,False,,5206,0.0222,0,0.0,"220,222,221",found,"810,715,1019,780",,0.199,1.519
casent0077516,Terataner,train,p,data/images/Terataner/casent0077516_p.jpg,889,808,213192,0.2968,"52,31,819,788",3,2,False,,5955,0.02793,0,0.0,"220,222,225",found,"688,734,868,792",,0.192,1.107
casent0101618,Terataner,train,p,data/images/Terataner/casent0101618_p.jpg,1024,803,313162,0.38085,"17,30,991,803",3,2,True,bottom,7586,0.02422,0,0.0,"247,244,237",found,"772,732,949,798",,0.187,1.507
casent0101696,Terataner,train,p,data/images/Terataner/casent0101696_p.jpg,1024,654,293754,0.43864,"25,42,1001,654",10,3,True,bottom,7821,0.02662,0,0.0,"144,144,146",found,"807,572,1012,637",,0.205,1.202
casent0101703,Terataner,train,p,data/images/Terataner/casent0101703_p.jpg,1024,771,283174,0.35867,"34,70,992,716",1,1,False,,11134,0.03932,0,0.0,"237,233,229",found,"559,668,801,733",,0.193,1.449
casent0102047,Terataner,train,p,data/images/Terataner/casent0102047_p.jpg,1024,687,169925,0.24155,"41,118,971,604",2,2,False,,1214,0.00714,0,0.0,"161,165,166",found,"745,617,1012,682",,0.189,1.324
casent0102048,Terataner,train,p,data/images/Terataner/casent0102048_p.jpg,1280,772,305523,0.30918,"41,127,1219,642",6,6,False,,3674,0.01203,0,0.0,"146,144,141",found,"962,682,1270,764",,0.191,2.503
casent0102049,Terataner,train,p,data/images/Terataner/casent0102049_p.jpg,1024,714,227296,0.31088,"51,105,978,682",2,2,False,,900,0.00396,0,0.0,"234,220,192",found,"765,639,1012,704",,0.187,1.345
casent0102093,Terataner,train,p,data/images/Terataner/casent0102093_p.jpg,1024,621,212275,0.33382,"25,101,1005,522",1,1,False,,930,0.00438,0,0.0,"230,222,205",found,"796,550,1020,616",,0.187,1.196
casent0102136,Terataner,train,p,data/images/Terataner/casent0102136_p.jpg,1024,701,288723,0.40222,"54,78,966,645",3,2,False,,2641,0.00915,0,0.0,"213,184,138",found,"747,632,1022,697",,0.189,1.285
casent0102235,Terataner,train,p,data/images/Terataner/casent0102235_p.jpg,1024,736,256219,0.33996,"17,30,1010,714",6,3,False,,11645,0.04545,0,0.0,"176,175,172",found,"515,632,753,698",,0.187,1.345
casent0110604,Terataner,test,p,data/images/Terataner/casent0110604_p.jpg,1024,784,240993,0.30018,"53,38,932,784",1,1,True,bottom,14891,0.06179,0,0.0,"212,216,211",found,"810,721,1018,784",,0.188,1.477
casent0172826,Terataner,test,p,data/images/Terataner/casent0172826_p.jpg,1024,771,360328,0.4564,"55,57,1024,771",1,1,True,bottom;right,25159,0.06982,0,0.0,"210,211,208",found,"775,697,1024,762",,0.193,1.394
casent0172827,Terataner,train,p,data/images/Terataner/casent0172827_p.jpg,1024,771,252312,0.31958,"44,37,979,734",1,1,False,,444,0.00176,0,0.0,"214,215,213",found,"777,695,999,760",,0.187,1.437
casent0446582,Terataner,train,p,data/images/Terataner/casent0446582_p.jpg,1024,771,260275,0.32967,"60,61,947,771",2,1,True,bottom,11023,0.04235,0,0.0,"215,215,214",found,"774,705,1024,770",,0.19,1.437
casent0499163,Terataner,train,p,data/images/Terataner/casent0499163_p.jpg,1024,771,244292,0.30942,"54,68,973,771",2,1,True,bottom,12689,0.05194,0,0.0,"235,236,237",found,"815,705,1020,770",,0.187,1.449
casent0007736,Tetramorium,train,p,data/images/Tetramorium/casent0007736_p.jpg,1024,780,273223,0.34208,"69,58,980,780",4,2,True,bottom,6916,0.02531,0,0.0,"174,173,169",found,"73,707,380,772",,0.188,1.438
casent0019207,Tetramorium,test,p,data/images/Tetramorium/casent0019207_p.jpg,1024,1024,457835,0.43663,"0,104,1024,986",2,1,True,left;right,10366,0.02264,640,0.0014,"164,162,163",not_found,,no_scalebar,0.193,1.762
casent0101138,Tetramorium,train,p,data/images/Tetramorium/casent0101138_p.jpg,1024,483,216736,0.43821,"0,73,992,417",4,2,True,left,760,0.00351,0,0.0,"157,149,124",not_found,,no_scalebar,0.195,0.892
casent0101139,Tetramorium,test,p,data/images/Tetramorium/casent0101139_p.jpg,1024,659,365074,0.541,"59,58,972,594",2,1,False,,18948,0.0519,0,0.0,"220,189,162",found,"261,587,539,652",,0.189,1.182
casent0101140,Tetramorium,train,p,data/images/Tetramorium/casent0101140_p.jpg,1024,420,139346,0.324,"32,23,977,361",1,1,False,,195,0.0014,0,0.0,"154,147,129",found,"799,347,1016,412",,0.183,0.809
casent0101141,Tetramorium,train,p,data/images/Tetramorium/casent0101141_p.jpg,1024,600,204459,0.33278,"77,50,1024,451",1,1,True,right,89,0.00044,0,0.0,"236,189,127",found,"462,442,732,507",,0.194,1.126
casent0101142,Tetramorium,train,p,data/images/Tetramorium/casent0101142_p.jpg,1024,629,330821,0.51362,"27,61,995,619",1,1,False,,518,0.00157,0,0.0,"239,228,191",found,"381,522,636,588",,0.206,1.097
casent0101143,Tetramorium,train,p,data/images/Tetramorium/casent0101143_p.jpg,1024,417,148002,0.3466,"32,66,1018,334",1,1,False,,0,0.0,0,0.0,"133,124,106",found,"816,346,1024,411",,0.184,0.797
casent0101144,Tetramorium,train,p,data/images/Tetramorium/casent0101144_p.jpg,1024,505,255541,0.49416,"18,56,1024,505",15,7,True,bottom;right,297,0.00116,0,0.0,"219,184,116",found,"779,431,1011,496",,0.184,0.91
casent0101145,Tetramorium,train,p,data/images/Tetramorium/casent0101145_p.jpg,1024,771,372454,0.47176,"58,80,920,761",4,1,False,,1576,0.00423,0,0.0,"160,142,111",found,"177,664,386,729",,0.188,1.365
casent0101146,Tetramorium,test,p,data/images/Tetramorium/casent0101146_p.jpg,1024,771,283131,0.35862,"75,56,970,689",5,3,False,,578,0.00204,0,0.0,"136,135,111",found,"223,680,492,745",,0.186,1.396
casent0101147,Tetramorium,test,p,data/images/Tetramorium/casent0101147_p.jpg,1024,705,297594,0.41223,"32,106,990,682",1,1,False,,1274,0.00428,0,0.0,"223,205,138",found,"730,496,1003,561",,0.19,1.278
casent0101257,Tetramorium,test,p,data/images/Tetramorium/casent0101257_p.jpg,1024,655,192673,0.28726,"14,104,1024,607",3,2,True,right,4398,0.02283,0,0.0,"213,213,212",found,"563,578,736,643",,0.181,1.228
casent0101258,Tetramorium,train,p,data/images/Tetramorium/casent0101258_p.jpg,1024,696,346669,0.48641,"41,85,970,696",5,4,True,bottom,44306,0.1278,0,0.0,"222,222,224",found,"326,631,535,696",,0.182,1.216
casent0101259,Tetramorium,test,p,data/images/Tetramorium/casent0101259_p.jpg,1024,642,271054,0.41231,"38,94,973,613",2,1,False,,39393,0.14533,0,0.0,"210,209,203",found,"660,551,906,617",,0.177,1.184
casent0101260,Tetramorium,test,p,data/images/Tetramorium/casent0101260_p.jpg,1024,777,342315,0.43023,"31,13,1010,744",2,1,False,,55844,0.16314,0,0.0,"218,216,212",found,"646,671,916,737",,0.184,1.395
casent0101265,Tetramorium,train,p,data/images/Tetramorium/casent0101265_p.jpg,1017,808,225800,0.27478,"64,0,919,773",4,2,True,top,3528,0.01562,0,0.0,"218,217,215",found,"106,746,323,808",,0.185,1.515
casent0101266,Tetramorium,train,p,data/images/Tetramorium/casent0101266_p.jpg,1024,771,189412,0.23991,"46,10,983,752",1,1,False,,1583,0.00836,0,0.0,"218,218,213",found,"813,697,1022,762",,0.191,1.506
casent0101267,Tetramorium,test,p,data/images/Tetramorium/casent0101267_p.jpg,1024,784,331902,0.41342,"46,0,1024,715",1,1,True,top;right,32524,0.09799,0,0.0,"212,212,209",found,"403,711,614,776",,0.185,1.469
casent0101268,Tetramorium,train,p,data/images/Tetramorium/casent0101268_p.jpg,1024,771,252861,0.32028,"32,72,984,759",7,2,False,,7042,0.02785,0,0.0,"214,214,212",found,"392,710,600,771",,0.204,1.462
casent0101269,Tetramorium,train,p,data/images/Tetramorium/casent0101269_p.jpg,1024,708,189065,0.26078,"35,53,1001,638",6,3,False,,4264,0.02255,0,0.0,"166,162,158",found,"159,632,344,697",,0.188,1.382
casent0101270,Tetramorium,train,p,data/images/Tetramorium/casent0101270_p.jpg,1024,771,299911,0.37987,"45,33,1024,657",4,2,True,right,41010,0.13674,0,0.0,"170,166,163",found,"330,678,539,744",,0.192,1.447
casent0101277,Tetramorium,test,p,data/images/Tetramorium/casent0101277_p.jpg,1024,725,305991,0.41216,"30,84,957,689",1,1,False,,18705,0.06113,0,0.0,"211,211,208",found,"758,655,980,719",,0.189,1.343
casent0101278,Tetramorium,train,p,data/images/Tetramorium/casent0101278_p.jpg,1024,713,322178,0.44127,"35,71,975,684",1,1,False,,53101,0.16482,0,0.0,"214,214,213",found,"181,634,392,699",,0.189,1.285
casent0101279,Tetramorium,train,p,data/images/Tetramorium/casent0101279_p.jpg,1024,771,210553,0.26669,"40,113,943,561",3,2,False,,20336,0.09658,0,0.0,"226,221,221",found,"668,668,828,733",,0.19,1.53
casent0101280,Tetramorium,train,p,data/images/Tetramorium/casent0101280_p.jpg,1024,771,366210,0.46385,"29,81,971,750",2,2,False,,61043,0.16669,0,0.0,"218,220,219",found,"748,701,920,766",,0.192,1.406
casent0101281,Tetramorium,train,p,data/images/Tetramorium/casent0101281_p.jpg,1024,654,186871,0.27904,"15,120,1024,654",2,2,True,bottom;right,7086,0.03792,0,0.0,"216,216,217",found,"852,598,1011,654",,0.191,1.278
casent0101282,Tetramorium,test,p,data/images/Tetramorium/casent0101282_p.jpg,1024,666,183278,0.26874,"25,80,978,653",3,1,False,,4615,0.02518,0,0.0,"210,211,210",found,"819,602,991,666",,0.19,1.296
casent0101285,Tetramorium,train,p,data/images/Tetramorium/casent0101285_p.jpg,1024,734,279407,0.37174,"68,71,981,689",7,2,False,,41586,0.14884,0,0.0,"220,219,213",found,"726,662,977,728",,0.19,1.366
casent0101286,Tetramorium,train,p,data/images/Tetramorium/casent0101286_p.jpg,1280,803,436320,0.4245,"43,180,1211,741",3,2,False,,44493,0.10197,0,0.0,"213,212,214",found,"971,690,1248,771",,0.194,2.612
casent0101287,Tetramorium,train,p,data/images/Tetramorium/casent0101287_p.jpg,1024,688,240678,0.34162,"48,37,1024,688",4,1,True,bottom;right,2924,0.01215,0,0.0,"151,151,147",found,"210,623,418,688",,0.188,1.316
casent0101288,Tetramorium,train,p,data/images/Tetramorium/casent0101288_p.jpg,1280,761,371200,0.38108,"22,99,1206,731",10,4,False,,18871,0.05084,0,0.0,"199,184,158",found,"504,675,735,756",,0.193,2.477
casent0101289,Tetramorium,train,p,data/images/Tetramorium/casent0101289_p.jpg,1024,696,214748,0.30131,"19,104,971,565",3,1,False,,3496,0.01628,0,0.0,"215,215,214",found,"782,635,967,696",,0.195,1.334
casent0101290,Tetramorium,train,p,data/images/Tetramorium/casent0101290_p.jpg,1024,654,253561,0.37862,"16,60,977,628",2,2,False,,21320,0.08408,0,0.0,"218,217,219",found,"782,573,967,637",,0.192,1.238
casent0101291,Tetramorium,train,p,data/images/Tetramorium/casent0101291_p.jpg,1024,567,196312,0.33811,"0,104,1024,523",3,1,True,left;right,8346,0.04251,0,0.0,"169,169,167",found,"497,488,772,553",,0.186,1.076
casent0101292,Tetramorium,train,p,data/images/Tetramorium/casent0101292_p.jpg,1024,716,190554,0.2599,"21,92,983,577",4,3,False,,2999,0.01574,0,0.0,"154,154,152",found,"634,656,806,716",,0.204,1.401
casent0101293,Tetramorium,train,p,data/images/Tetramorium/casent0101293_p.jpg,1024,716,221356,0.30191,"0,90,981,615",5,3,True,left,23767,0.10737,0,0.0,"157,157,154",found,"140,652,382,716",,0.186,1.38
casent0101294,Tetramorium,train,p,data/images/Tetramorium/casent0101294_p.jpg,1024,693,228578,0.32211,"8,121,1024,646",9,4,True,right,44073,0.19281,0,0.0,"164,164,161",found,"606,626,848,691",,0.196,1.34
casent0101297,Tetramorium,train,p,data/images/Tetramorium/casent0101297_p.jpg,1024,771,248881,0.31524,"32,32,989,743",3,1,False,,11267,0.04527,0,0.0,"166,166,161",found,"724,702,933,768",,0.19,1.461
casent0101298,Tetramorium,train,p,data/images/Tetramorium/casent0101298_p.jpg,1024,701,231222,0.32212,"0,41,1001,500",2,1,True,left,21443,0.09274,0,0.0,"170,168,165",found,"768,630,953,695",,0.192,1.347
casent0101476,Tetramorium,train,p,data/images/Tetramorium/casent0101476_p.jpg,1024,528,173278,0.32049,"0,47,1024,528",2,1,True,bottom;left;right,4350,0.0251,0,0.0,"166,165,157",found,"452,373,724,439",,0.189,1.039
casent0101480,Tetramorium,train,p,data/images/Tetramorium/casent0101480_p.jpg,1024,412,129141,0.3061,"61,99,966,348",4,2,False,,267,0.00207,0,0.0,"188,165,149",found,"322,329,624,394",,0.185,0.8
casent0101483,Tetramorium,train,p,data/images/Tetramorium/casent0101483_p.jpg,1280,655,222773,0.26571,"20,82,1240,523",5,2,False,,780,0.0035,0,0.0,"175,173,164",found,"676,491,1052,572",,0.19,2.202
casent0101484,Tetramorium,train,p,data/images/Tetramorium/casent0101484_p.jpg,1024,1024,347684,0.33158,"0,118,1024,1002",3,2,True,left;right,2102,0.00605,0,0.0,"154,152,141",truncated,"892,864,1024,931",,0.195,1.908
casent0101556,Tetramorium,train,p,data/images/Tetramorium/casent0101556_p.jpg,1024,671,284342,0.41383,"92,75,947,633",2,1,False,,16194,0.05695,0,0.0,"216,216,213",found,"703,599,953,664",,0.189,1.236
casent0101693,Tetramorium,test,p,data/images/Tetramorium/casent0101693_p.jpg,1024,699,214174,0.29922,"35,62,1019,688",2,1,False,,8349,0.03898,0,0.0,"164,163,160",found,"311,635,484,699",,0.187,1.345
casent0101697,Tetramorium,train,p,data/images/Tetramorium/casent0101697_p.jpg,1024,773,216796,0.27389,"12,105,1002,520",9,4,False,,99,0.00046,0,0.0,"224,202,167",found,"442,705,643,770",,0.196,1.511
casent0101721,Tetramorium,train,p,data/images/Tetramorium/casent0101721_p.jpg,1024,753,312159,0.40484,"40,57,972,649",1,1,False,,44181,0.14153,0,0.0,"226,223,206",found,"456,664,737,729",,0.186,1.407
casent0101744,Tetramorium,train,p,data/images/Tetramorium/casent0101744_p.jpg,1024,635,286498,0.4406,"27,117,983,599",2,2,False,,61044,0.21307,0,0.0,"214,213,210",found,"778,560,963,625",,0.186,1.182
casent0101814,Tetramorium,train,p,data/images/Tetramorium/casent0101814_p.jpg,1024,796,272493,0.3343,"60,32,998,766",1,1,False,,4938,0.01812,0,0.0,"186,185,180",found,"233,706,418,772",,0.187,1.499
casent0101821,Tetramorium,train,p,data/images/Tetramorium/casent0101821_p.jpg,1024,751,258759,0.33648,"13,57,968,704",11,4,False,,8530,0.03297,0,0.0,"216,216,215",found,"392,682,577,747",,0.189,1.437
casent0101898,Tetramorium,train,p,data/images/Tetramorium/casent0101898_p.jpg,1024,710,313912,0.43177,"35,60,982,675",6,5,False,,10123,0.03225,0,0.0,"218,218,217",found,"682,643,849,708",,0.189,1.307
casent0101903,Tetramorium,train,p,data/images/Tetramorium/casent0101903_p.jpg,1024,766,167761,0.21388,"29,74,989,545",1,1,False,,1933,0.01152,0,0.0,"223,225,226",found,"771,704,930,766",,0.189,1.507
casent0101938,Tetramorium,train,p,data/images/Tetramorium/casent0101938_p.jpg,1024,680,214505,0.30806,"0,86,1024,642",5,2,True,left;right,8263,0.03852,0,0.0,"132,130,126",found,"144,614,419,679",,0.194,1.305
casent0102071,Tetramorium,train,p,data/images/Tetramorium/casent0102071_p.jpg,1024,802,230726,0.28095,"31,179,993,631",1,1,False,,802,0.00348,0,0.0,"233,225,216",found,"730,729,1013,794",,0.191,1.565
casent0102072,Tetramorium,train,p,data/images/Tetramorium/casent0102072_p.jpg,1024,769,247610,0.31444,"36,43,980,712",7,2,False,,5656,0.02284,0,0.0,"233,210,174",found,"843,699,1017,764",,0.188,1.46
casent0102078,Tetramorium,train,p,data/images/Tetramorium/casent0102078_p.jpg,1024,688,185823,0.26376,"28,93,987,564",3,3,False,,298,0.0016,0,0.0,"232,211,180",found,"774,612,1016,677",,0.186,1.345
casent0102334,Tetramorium,train,p,data/images/Tetramorium/casent0102334_p.jpg,1024,705,315531,0.43707,"32,62,996,688",1,1,False,,36664,0.1162,0,0.0,"141,138,135",found,"266,624,540,690",,0.189,1.304
casent0102335,Tetramorium,train,p,data/images/Tetramorium/casent0102335_p.jpg,1024,804,380089,0.46167,"66,68,1024,789",3,2,True,right,58802,0.15471,0,0.0,"136,135,132",found,"317,713,624,778",,0.196,1.478
casent0102336,Tetramorium,train,p,data/images/Tetramorium/casent0102336_p.jpg,1024,730,186619,0.24965,"0,152,989,578",5,2,True,left,7894,0.0423,0,0.0,"176,167,169",found,"546,642,843,708",,0.199,1.411
casent0102337,Tetramorium,train,p,data/images/Tetramorium/casent0102337_p.jpg,1024,747,212859,0.27827,"32,61,1024,722",8,4,True,right,10673,0.05014,0,0.0,"163,157,153",found,"724,681,1022,746",,0.192,1.432
casent0102338,Tetramorium,train,p,data/images/Tetramorium/casent0102338_p.jpg,1024,771,199238,0.25236,"204,31,1024,674",3,3,True,right,13395,0.06723,0,0.0,"146,145,142",found,"15,705,315,770",,0.186,1.492
casent0102339,Tetramorium,train,p,data/images/Tetramorium/casent0102339_p.jpg,1024,675,155617,0.22514,"38,123,993,657",7,2,False,,17369,0.11161,0,0.0,"125,124,120",found,"187,592,433,657",,0.187,1.316
casent0102340,Tetramorium,train,p,data/images/Tetramorium/casent0102340_p.jpg,1024,649,211629,0.31844,"19,0,1024,615",1,1,True,top;right,1260,0.00595,5822,0.02751,"140,139,139",found,"357,574,632,639",,0.19,1.233
casent0102341,Tetramorium,train,p,data/images/Tetramorium/casent0102341_p.jpg,1024,771,317244,0.40183,"46,68,987,742",9,3,False,,36927,0.1164,0,0.0,"141,142,141",found,"725,665,975,730",,0.187,1.39
casent0102342,Tetramorium,train,p,data/images/Tetramorium/casent0102342_p.jpg,1024,721,301664,0.40859,"46,122,992,643",1,1,False,,5491,0.0182,0,0.0,"142,143,141",found,"754,646,1023,711",,0.187,1.295
casent0102343,Tetramorium,test,p,data/images/Tetramorium/casent0102343_p.jpg,1024,682,247296,0.35411,"13,69,996,654",5,1,False,,40052,0.16196,0,0.0,"145,142,140",found,"109,588,360,653",,0.19,1.264
casent0102345,Tetramorium,test,p,data/images/Tetramorium/casent0102345_p.jpg,972,808,237814,0.3028,"67,45,911,785",1,1,False,,16177,0.06802,0,0.0,"121,125,115",found,"382,714,641,776",,0.189,1.363
casent0102346,Tetramorium,train,p,data/images/Tetramorium/casent0102346_p.jpg,1024,729,265447,0.35559,"42,49,983,713",4,2,False,,36353,0.13695,0,0.0,"134,135,134",found,"689,627,945,692",,0.189,1.351
casent0102347,Tetramorium,train,p,data/images/Tetramorium/casent0102347_p.jpg,1024,735,280450,0.37262,"55,88,985,660",2,1,False,,6622,0.02361,0,0.0,"133,134,131",found,"209,640,418,705",,0.208,1.349
casent0102348,Tetramorium,train,p,data/images/Tetramorium/casent0102348_p.jpg,1024,759,216777,0.27891,"30,64,996,733",4,2,False,,10836,0.04999,0,0.0,"140,142,136",found,"713,661,935,726",,0.185,1.431
casent0102349,Tetramorium,train,p,data/images/Tetramorium/casent0102349_p.jpg,1024,782,227683,0.28433,"28,71,987,782",3,2,True,bottom,8122,0.03567,0,0.0,"142,140,139",found,"89,690,316,755",,0.194,1.479
casent0102350,Tetramorium,train,p,data/images/Tetramorium/casent0102350_p.jpg,1024,760,250980,0.3225,"26,40,994,760",5,4,True,bottom,7422,0.02957,0,0.0,"146,145,139",found,"25,662,335,727",,0.186,1.449
casent0102352,Tetramorium,train,p,data/images/Tetramorium/casent0102352_p.jpg,1024,725,273775,0.36877,"22,68,1018,710",4,3,False,,19251,0.07032,0,0.0,"162,157,154",found,"77,639,344,704",,0.19,1.356
casent0102353,Tetramorium,train,p,data/images/Tetramorium/casent0102353_p.jpg,1024,739,298853,0.39492,"17,85,995,739",3,1,True,bottom,17764,0.05944,0,0.0,"146,147,137",found,"692,678,983,739",,0.209,1.338
casent0102354,Tetramorium,train,p,data/images/Tetramorium/casent0102354_p.jpg,1024,730,316963,0.42402,"36,40,977,730",8,3,True,bottom,18213,0.05746,0,0.0,"151,150,144",found,"196,664,491,729",,0.188,1.319
casent0102355,Tetramorium,train,p,data/images/Tetramorium/casent0102355_p.jpg,1003,808,343841,0.42427,"49,55,966,808",14,8,True,bottom,25832,0.07513,0,0.0,"123,124,121",found,"413,736,726,800",,0.192,1.334
casent0102385,Tetramorium,train,p,data/images/Tetramorium/casent0102385_p.jpg,1024,778,248280,0.31165,"26,31,998,764",3,2,False,,11485,0.04626,0,0.0,"139,140,138",found,"377,708,597,774",,0.195,1.468
casent0102387,Tetramorium,train,p,data/images/Tetramorium/casent0102387_p.jpg,1024,746,248410,0.32518,"50,54,992,746",5,3,True,bottom,4644,0.01869,0,0.0,"144,145,138",found,"744,684,957,746",,0.188,1.401
casent0102388,Tetramorium,test,p,data/images/Tetramorium/casent0102388_p.jpg,1024,771,208591,0.26421,"46,58,970,753",1,1,False,,9300,0.04458,0,0.0,"140,139,132",found,"68,671,369,737",,0.194,1.46
casent0102392,Tetramorium,test,p,data/images/Tetramorium/casent0102392_p.jpg,1024,728,282676,0.37919,"45,95,987,706",3,2,False,,37988,0.13439,0,0.0,"139,137,134",found,"679,646,902,711",,0.19,1.338
casent0102393,Tetramorium,train,p,data/images/Tetramorium/casent0102393_p.jpg,947,808,291129,0.38047,"47,32,947,808",9,6,True,bottom;right,15527,0.05333,0,0.0,"147,147,140",found,"131,736,320,797",,0.187,1.201
casent0102394,Tetramorium,train,p,data/images/Tetramorium/casent0102394_p.jpg,1024,805,315055,0.3822,"61,69,995,805",4,2,True,bottom,15064,0.04781,0,0.0,"151,152,150",found,"183,707,413,773",,0.193,1.462
casent0102395,Tetramorium,train,p,data/images/Tetramorium/casent0102395_p.jpg,1024,771,205929,0.26083,"0,73,944,753",1,1,True,left,12794,0.06213,0,0.0,"147,142,137",found,"55,678,331,744",,0.187,1.469
casent0102398,Tetramorium,train,p,data/images/Tetramorium/casent0102398_p.jpg,1024,771,217834,0.27591,"134,56,980,768",4,1,False,,23751,0.10903,0,0.0,"147,149,143",found,"175,648,384,713",,0.188,1.46
casent0102399,Tetramorium,train,p,data/images/Tetramorium/casent0102399_p.jpg,1012,808,309818,0.37889,"74,47,953,786",4,1,False,,13917,0.04492,0,0.0,"149,151,144",found,"308,718,524,783",,0.19,1.462
casent0102400,Tetramorium,train,p,data/images/Tetramorium/casent0102400_p.jpg,1024,757,245761,0.31704,"24,51,963,749",4,3,False,,14426,0.0587,0,0.0,"150,150,144",found,"416,676,638,741",,0.187,1.416
casent0102401,Tetramorium,train,p,data/images/Tetramorium/casent0102401_p.jpg,1024,705,317555,0.43988,"45,0,975,701",5,1,True,top,12052,0.03795,0,0.0,"159,161,159",found,"39,640,293,705",,0.189,1.249
casent0102402,Tetramorium,train,p,data/images/Tetramorium/casent0102402_p.jpg,1024,742,265996,0.35008,"14,72,984,739",3,1,False,,24578,0.0924,0,0.0,"134,136,124",found,"772,667,1023,732",,0.186,1.368
casent0102403,Tetramorium,train,p,data/images/Tetramorium/casent0102403_p.jpg,1024,677,300987,0.43417,"19,87,980,666",3,1,False,,49941,0.16592,0,0.0,"142,141,137",found,"721,590,1013,656",,0.185,1.211
casent0102404,Tetramorium,test,p,data/images/Tetramorium/casent0102404_p.jpg,1024,795,249069,0.30595,"35,22,967,777",3,3,False,,27358,0.10984,0,0.0,"134,135,126",found,"477,694,691,760",,0.192,1.463
casent0102983,Tetramorium,train,p,data/images/Tetramorium/casent0102983_p.jpg,1024,771,383350,0.48556,"31,58,994,771",2,2,True,bottom,11374,0.02967,0,0.0,"154,155,147",found,"65,715,273,771",,0.195,1.351
casent0104606,Tetramorium,train,p,data/images/Tetramorium/casent0104606_p.jpg,1024,771,336505,0.42622,"29,34,980,750",2,1,False,,12189,0.03622,0,0.0,"148,148,142",found,"105,710,327,771",,0.19,1.395
casent0104607,Tetramorium,train,p,data/images/Tetramorium/casent0104607_p.jpg,1024,723,218593,0.29526,"17,61,983,713",6,5,False,,4701,0.02151,0,0.0,"147,146,141",found,"353,662,628,723",,0.193,1.377
casent0121244,Tetramorium,train,p,data/images/Tetramorium/casent0121244_p.jpg,1024,1024,586480,0.55931,"0,107,1024,1024",3,1,True,bottom;left;right,26708,0.04554,0,0.0,"194,193,194",truncated,"885,980,1024,1024",,0.19,1.779
casent0153610,Tetramorium,train,p,data/images/Tetramorium/casent0153610_p.jpg,1024,1024,412553,0.39344,"0,68,1024,937",2,2,True,left;right,19712,0.04778,0,0.0,"182,180,181",truncated,"731,971,1024,1024",,0.191,1.88
casent0163357,Tetramorium,train,p,data/images/Tetramorium/casent0163357_p.jpg,1024,1024,559978,0.53404,"0,41,1024,1014",4,2,True,left;right,22395,0.03999,0,0.0,"155,146,140",truncated,"791,938,1024,1005",,0.19,1.791
casent0172829,Tetramorium,test,p,data/images/Tetramorium/casent0172829_p.jpg,1024,771,227105,0.28766,"81,58,944,771",3,1,True,bottom,4066,0.0179,0,0.0,"232,234,231",found,"830,705,1018,770",,0.187,1.485
casent0172830,Tetramorium,train,p,data/images/Tetramorium/casent0172830_p.jpg,1024,777,337355,0.424,"61,64,945,777",1,1,True,bottom,66242,0.19636,0,0.0,"203,207,199",found,"548,681,825,746",,0.19,1.421
casent0172831,Tetramorium,test,p,data/images/Tetramorium/casent0172831_p.jpg,1024,779,288052,0.3611,"68,89,936,753",3,2,False,,25027,0.08688,0,0.0,"214,218,216",found,"366,706,613,771",,0.19,1.461
casent0217757,Tetramorium,test,p,data/images/Tetramorium/casent0217757_p.jpg,1024,1024,545456,0.52019,"0,102,1024,937",5,3,True,left;right,26968,0.04944,0,0.0,"159,156,158",truncated,"877,969,1024,1024",,0.198,1.801
casent0454495,Tetramorium,test,p,data/images/Tetramorium/casent0454495_p.jpg,1024,1024,375517,0.35812,"0,44,1024,818",5,3,True,left;right,14680,0.03909,0,0.0,"204,197,199",truncated,"848,924,1024,991",,0.188,1.921
casent0467063,Tetramorium,test,p,data/images/Tetramorium/casent0467063_p.jpg,1024,771,192637,0.244,"148,53,950,735",4,3,False,,2614,0.01357,0,0.0,"145,147,142",found,"391,722,633,771",,0.189,1.501
casent0492794,Tetramorium,train,p,data/images/Tetramorium/casent0492794_p.jpg,1024,1024,264676,0.25241,"0,93,992,989",11,4,True,left,419,0.00158,0,0.0,"145,148,147",truncated,"882,974,1024,1024",,0.193,1.986
casent0494149,Tetramorium,train,p,data/images/Tetramorium/casent0494149_p.jpg,1024,771,314657,0.39855,"43,43,1011,752",2,1,False,,3440,0.01093,0,0.0,"228,230,227",found,"849,697,1023,762",,0.199,1.446
casent0012835,Tetraponera,train,p,data/images/Tetraponera/casent0012835_p.jpg,1024,804,310507,0.37715,"26,47,999,804",1,1,True,bottom,7017,0.0226,0,0.0,"216,215,212",found,"788,737,1002,802",,0.196,1.487
casent0012838,Tetraponera,test,p,data/images/Tetraponera/casent0012838_p.jpg,1024,771,177145,0.22438,"0,110,973,699",3,2,True,left,3947,0.02228,0,0.0,"211,212,209",found,"849,697,1023,762",,0.193,1.508
casent0012841,Tetraponera,train,p,data/images/Tetraponera/casent0012841_p.jpg,1024,771,286743,0.36319,"22,33,1010,764",6,3,False,,9312,0.03248,0,0.0,"214,214,213",found,"755,710,1024,771",,0.191,1.448
casent0012842,Tetraponera,train,p,data/images/Tetraponera/casent0012842_p.jpg,996,808,257806,0.32035,"0,42,890,799",1,1,True,left,5651,0.02192,0,0.0,"213,213,213",found,"803,741,996,804",,0.192,1.389
casent0012845,Tetraponera,train,p,data/images/Tetraponera/casent0012845_p.jpg,1024,771,183573,0.23252,"53,71,991,694",1,1,False,,11664,0.06354,0,0.0,"219,220,219",found,"803,697,1024,762",,0.213,1.496
casent0012850,Tetraponera,train,p,data/images/Tetraponera/casent0012850_p.jpg,1024,687,144097,0.20483,"37,152,1004,563",1,1,False,,6688,0.04641,0,0.0,"212,212,211",found,"782,618,1024,683",,0.19,1.35
casent0012851,Tetraponera,train,p,data/images/Tetraponera/casent0012851_p.jpg,1024,771,190049,0.24072,"55,111,972,665",1,1,False,,14688,0.07729,0,0.0,"212,212,211",found,"835,697,1023,762",,0.191,1.498
casent0012854,Tetraponera,train,p,data/images/Tetraponera/casent0012854_p.jpg,1024,771,184906,0.23421,"36,103,992,729",2,1,False,,21855,0.1182,0,0.0,"201,200,195",found,"740,711,1015,771",,0.194,1.5
casent0012858,Tetraponera,train,p,data/images/Tetraponera/casent0012858_p.jpg,1024,771,195051,0.24706,"28,100,976,726",1,1,False,,4738,0.02429,0,0.0,"214,214,213",found,"828,705,1015,770",,0.194,1.498
casent0012861,Tetraponera,train,p,data/images/Tetraponera/casent0012861_p.jpg,1024,701,138018,0.19227,"5,137,1008,608",1,1,False,,827,0.00599,0,0.0,"203,205,199",found,"835,630,1024,695",,0.189,1.418
casent0101045,Tetraponera,train,p,data/images/Tetraponera/casent0101045_p.jpg,1024,699,225954,0.31568,"21,114,980,666",1,1,False,,8034,0.03556,0,0.0,"134,131,122",found,"856,638,1024,699",,0.194,1.357
casent0101046,Tetraponera,train,p,data/images/Tetraponera/casent0101046_p.jpg,1024,803,271771,0.33051,"16,54,978,758",3,3,False,,6708,0.02468,0,0.0,"186,181,157",found,"815,739,1024,803",,0.193,1.55
casent0101049,Tetraponera,test,p,data/images/Tetraponera/casent0101049_p.jpg,1280,803,544744,0.52999,"28,62,1269,774",5,4,False,,42094,0.07727,0,0.0,"167,165,158",found,"1065,728,1280,803",,0.194,2.561
casent0101050,Tetraponera,train,p,data/images/Tetraponera/casent0101050_p.jpg,1024,669,210473,0.30723,"25,16,995,648",3,2,False,,8476,0.04027,0,0.0,"185,179,170",found,"793,608,1024,669",,0.2,1.287
casent0101051,Tetraponera,train,p,data/images/Tetraponera/casent0101051_p.jpg,1024,594,240257,0.39499,"0,25,986,573",5,3,True,left,14391,0.0599,0,0.0,"188,181,163",found,"788,530,1024,594",,0.192,1.135
casent0101052,Tetraponera,train,p,data/images/Tetraponera/casent0101052_p.jpg,1024,638,193054,0.2955,"16,30,1008,613",2,1,False,,15044,0.07793,0,0.0,"186,180,172",found,"730,578,917,638",,0.202,1.233
casent0101154,Tetraponera,train,p,data/images/Tetraponera/casent0101154_p.jpg,1024,429,95613,0.21765,"28,115,979,313",3,1,False,,420,0.00439,0,0.0,"160,152,134",found,"688,308,869,373",,0.186,0.873
casent0101155,Tetraponera,train,p,data/images/Tetraponera/casent0101155_p.jpg,1024,467,112540,0.23534,"25,78,994,381",2,1,False,,245,0.00218,0,0.0,"226,213,204",found,"820,399,1001,464",,0.188,0.943
casent0101395,Tetraponera,train,p,data/images/Tetraponera/casent0101395_p.jpg,1024,730,160129,0.21421,"201,82,1024,707",1,1,True,right,756,0.00472,0,0.0,"229,216,187",found,"250,669,512,730",,0.193,1.435
casent0101396,Tetraponera,test,p,data/images/Tetraponera/casent0101396_p.jpg,1280,626,198339,0.24753,"58,58,1189,497",2,2,False,,21,0.00011,0,0.0,"146,140,127",found,"642,453,950,535",,0.194,2.12
casent0101575,Tetraponera,train,p,data/images/Tetraponera/casent0101575_p.jpg,1024,567,234426,0.40376,"51,30,1019,538",4,2,False,,9464,0.04037,0,0.0,"162,157,136",found,"372,451,607,516",,0.19,1.055
casent0101635,Tetraponera,train,p,data/images/Tetraponera/casent0101635_p.jpg,1024,574,156375,0.26605,"192,38,985,548",3,2,False,,3975,0.02542,0,0.0,"175,170,149",found,"124,428,360,493",,0.2,1.145
casent0101652,Tetraponera,test,p,data/images/Tetraponera/casent0101652_p.jpg,1024,771,140638,0.17813,"23,60,1017,756",3,1,False,,622,0.00442,0,0.0,"153,148,130",found,"572,725,747,771",,0.187,1.537
casent0101713,Tetraponera,test,p,data/images/Tetraponera/casent0101713_p.jpg,1024,548,148884,0.26532,"13,2,993,533",3,1,False,,5911,0.0397,0,0.0,"187,185,181",found,"602,487,784,548",,0.186,1.087
casent0101715,Tetraponera,train,p,data/images/Tetraponera/casent0101715_p.jpg,1024,448,133564,0.29115,"54,28,1024,419",2,1,True,right,4169,0.03121,0,0.0,"169,171,164",found,"445,318,684,384",,0.184,0.915
casent0101738,Tetraponera,train,p,data/images/Tetraponera/casent0101738_p.jpg,1024,568,164677,0.28313,"41,13,978,556",6,3,False,,4904,0.02978,0,0.0,"169,163,142",found,"472,433,708,498",,0.189,1.106
casent0101740,Tetraponera,train,p,data/images/Tetraponera/casent0101740_p.jpg,1024,537,227245,0.41326,"43,38,1011,519",1,1,False,,907,0.00399,0,0.0,"140,132,115",found,"405,412,650,478",,0.197,0.999
casent0101789,Tetraponera,train,p,data/images/Tetraponera/casent0101789_p.jpg,1024,694,194686,0.27395,"28,15,976,635",18,3,False,,3081,0.01583,0,0.0,"185,180,155",found,"297,561,532,626",,0.214,1.322
casent0101881,Tetraponera,test,p,data/images/Tetraponera/casent0101881_p.jpg,1024,485,207952,0.41872,"19,51,985,418",3,2,False,,7851,0.03775,0,0.0,"185,180,157",not_found,,no_scalebar,0.184,0.886
casent0101883,Tetraponera,train,p,data/images/Tetraponera/casent0101883_p.jpg,1024,482,154759,0.31355,"64,0,1005,482",4,1,True,top;bottom,5658,0.03656,0,0.0,"164,156,136",found,"615,376,789,441",,0.188,0.903
casent0101913,Tetraponera,train,p,data/images/Tetraponera/casent0101913_p.jpg,1280,526,145403,0.21596,"28,50,1235,477",4,3,False,,1428,0.00982,0,0.0,"176,167,147",found,"362,381,581,462",,0.185,1.777
casent0101941,Tetraponera,train,p,data/images/Tetraponera/casent0101941_p.jpg,1024,509,143003,0.27436,"17,66,994,507",14,7,False,,2551,0.01784,0,0.0,"186,180,155",found,"330,392,574,457",,0.184,0.977
casent0101979,Tetraponera,train,p,data/images/Tetraponera/casent0101979_p.jpg,1024,375,108805,0.28335,"10,62,1008,322",1,1,False,,2406,0.02211,0,0.0,"176,167,140",found,"773,298,982,363",,0.181,0.721
casent0102029,Tetraponera,train,p,data/images/Tetraponera/casent0102029_p.jpg,883,808,170924,0.23957,"43,106,883,767",2,1,True,right,823,0.00482,0,0.0,"133,130,125",found,"737,733,859,790",,0.185,1.108
casent0102032,Tetraponera,train,p,data/images/Tetraponera/casent0102032_p.jpg,1024,771,281254,0.35624,"61,59,998,737",1,1,False,,892,0.00317,0,0.0,"226,198,169",found,"834,691,1006,756",,0.189,1.421
casent0102033,Tetraponera,train,p,data/images/Tetraponera/casent0102033_p.jpg,1024,646,212543,0.3213,"31,56,982,551",5,3,False,,1065,0.00501,0,0.0,"240,230,206",found,"840,571,1012,636",,0.184,1.212
casent0102034,Tetraponera,train,p,data/images/Tetraponera/casent0102034_p.jpg,1024,784,210804,0.26258,"19,63,986,766",5,4,False,,1582,0.0075,0,0.0,"132,132,127",found,"883,722,1024,784",,0.186,1.463
casent0102035,Tetraponera,test,p,data/images/Tetraponera/casent0102035_p.jpg,1024,612,193941,0.30947,"28,119,962,612",2,2,True,bottom,836,0.00431,0,0.0,"226,199,172",found,"895,558,1024,612",,0.181,1.162
casent0102037,Tetraponera,test,p,data/images/Tetraponera/casent0102037_p.jpg,1024,574,180723,0.30747,"0,102,1024,559",3,1,True,left;right,4613,0.02553,0,0.0,"139,136,131",found,"870,498,1003,564",,0.181,1.091
casent0106134,Tetraponera,train,p,data/images/Tetraponera/casent0106134_p.jpg,1024,739,329556,0.4355,"48,32,978,719",1,1,False,,109492,0.33224,0,0.0,"213,214,214",found,"838,664,1023,729",,0.187,1.247
casent0136420,Tetraponera,train,p,data/images/Tetraponera/casent0136420_p.jpg,1024,694,194444,0.27361,"31,153,992,581",1,1,False,,1316,0.00677,0,0.0,"212,213,212",found,"775,629,1024,694",,0.185,1.198
casent0136912,Tetraponera,train,p,data/images/Tetraponera/casent0136912_p.jpg,1024,725,166594,0.2244,"36,102,988,678",1,1,False,,10334,0.06203,0,0.0,"221,220,220",found,"769,657,1023,722",,0.187,1.187
casent0409559,Tetraponera,test,p,data/images/Tetraponera/casent0409559_p.jpg,866,808,181892,0.25995,"45,48,810,778",2,1,False,,5379,0.02957,0,0.0,"229,228,225",found,"680,740,863,797",,0.194,0.859
