k,genus,specimen_code,candidate,kind,tier,area,area_frac,radius,solidity,edge,background_share,median_chroma,median_lum,elongation,length,width,straight,width_cv,touches_border,edge_needed,grown_px,accepted,failed,true_label
1,Anochetus,casent0102932,0,card,cream,237,0.0,4.0,0.616,21.0,0.581,57.0,177.614,1.877,,,,,,70.0,0,False,"area,radius,edge",
1,Anochetus,casent0102932,1,card,cream,442,0.001,5.099,0.61,35.0,0.524,75.0,168.261,3.15,,,,,,70.0,0,False,"area,radius,edge",
1,Anochetus,casent0102932,2,card,cream,275,0.0,5.0,0.705,30.0,0.121,80.0,170.047,3.018,,,,,,70.0,0,False,"area,radius,edge,background",
1,Anochetus,casent0102932,3,card,cream,157,0.0,4.472,0.849,20.0,0.0,87.0,161.188,2.273,,,,,,70.0,0,False,"area,radius,edge,background",
1,Anochetus,casent0102932,4,card,cream,172,0.0,4.472,0.851,22.0,0.0,58.0,169.443,2.521,,,,,,70.0,0,False,"area,radius,edge,background",
1,Anochetus,casent0102932,5,card,cream,946,0.001,8.544,0.804,41.0,0.0,82.0,172.007,3.09,,,,,,70.0,0,False,"area,radius,edge,background",
1,Anochetus,casent0102932,6,card,white,14839,0.02,47.676,0.675,98.0,0.198,14.0,211.071,2.751,,,,,,50.0,2117,True,,
1,Anochetus,casent0102932,7,card,cream,428,0.001,5.385,0.728,33.0,0.0,59.0,157.724,2.676,,,,,,70.0,0,False,"area,radius,edge,background",
1,Anochetus,casent0102932,8,card,cream,2579,0.004,10.0,0.587,67.0,0.0,61.0,167.941,3.867,,,,,,70.0,0,False,"area,radius,solidity,edge,background",
1,Anochetus,casent0102932,9,card,cream,622,0.001,6.325,0.543,34.0,0.302,74.0,175.697,1.771,,,,,,70.0,0,False,"area,radius,solidity,edge",
1,Anochetus,casent0102932,10,card,cream,1362,0.002,10.05,0.857,85.0,0.0,87.0,181.884,5.761,,,,,,70.0,0,False,"area,radius,background",
1,Anochetus,casent0102932,11,card,cream,150,0.0,3.606,0.694,27.0,0.0,75.0,164.851,3.556,,,,,,70.0,0,False,"area,radius,edge,background",
1,Anochetus,casent0102932,12,card,cream,305,0.0,5.099,0.764,32.0,0.395,85.0,172.374,1.814,,,,,,70.0,0,False,"area,radius,edge",
1,Anochetus,casent0102932,13,card,cream,3097,0.004,12.042,0.512,75.0,0.0,80.0,174.749,2.401,,,,,,70.0,0,False,"area,radius,solidity,background",
1,Anochetus,casent0102932,14,card,cream,354,0.0,5.0,0.63,42.0,0.0,85.0,167.004,5.305,,,,,,70.0,0,False,"area,radius,edge,background",
1,Anochetus,casent0102932,15,card,cream,151,0.0,3.0,0.674,31.0,0.0,84.0,167.878,6.034,,,,,,70.0,0,False,"area,radius,edge,background",
1,Anochetus,casent0102932,16,card,cream,277,0.0,4.243,0.829,41.0,0.0,90.0,184.842,5.805,,,,,,70.0,0,False,"area,radius,edge,background",
1,Anochetus,casent0102932,17,card,cream,285,0.0,5.0,0.712,27.0,0.312,75.0,180.793,1.081,,,,,,70.0,0,False,"area,radius,edge",
1,Anochetus,casent0102932,18,card,cream,183,0.0,6.403,0.91,16.0,0.0,81.0,183.026,1.385,,,,,,70.0,0,False,"area,radius,edge,background",
1,Anochetus,casent0102932,19,card,cream,322,0.0,5.831,0.821,25.0,0.446,71.0,187.082,1.806,,,,,,70.0,0,False,"area,radius,edge",
1,Anochetus,casent0102932,20,card,cream,1362,0.002,7.28,0.592,57.0,0.321,83.0,177.658,3.446,,,,,,70.0,0,False,"area,radius,solidity,edge",
1,Anochetus,casent0102932,21,card,cream,180,0.0,4.0,0.709,18.0,0.0,69.0,170.154,1.668,,,,,,70.0,0,False,"area,radius,edge,background",
1,Anochetus,casent0102932,22,card,cream,279,0.0,4.472,0.687,43.0,0.573,57.0,172.333,6.666,,,,,,70.0,0,False,"area,radius,edge",
1,Anochetus,casent0102932,23,card,cream,179,0.0,4.0,0.683,22.0,0.606,83.0,169.814,2.639,,,,,,70.0,0,False,"area,radius,edge",
1,Anochetus,casent0102932,24,card,cream,211,0.0,4.243,0.844,30.0,0.082,71.0,177.028,4.408,,,,,,70.0,0,False,"area,radius,edge,background",
1,Anochetus,casent0102932,25,pin,,2007,0.003,13.892,0.653,86.0,0.867,72.0,143.141,3.528,107.3488305682817,18.69605834898594,0.8943697060288989,0.4556950021346657,False,,,False,"straight,even_width,border,lum,chroma",
1,Anochetus,casent0102932,26,pin,,1430,0.002,16.031,0.919,51.0,0.763,84.0,141.149,1.466,54.93040061557993,26.03294321495279,0.990909090909091,0.2683133115996976,False,,,False,"length,elongation,even_width,border,lum,chroma",
1,Anochetus,casent0102932,27,pin,,1033,0.001,10.05,0.821,51.0,0.912,80.0,127.894,4.23,73.49459648553811,14.055455086460247,0.9825750242013552,0.26606985307467274,False,,,False,"length,even_width,border,chroma",
1,Anochetus,casent0102932,28,pin,,6235,0.009,18.385,0.477,100.0,1.0,100.0,170.73,3.691,213.24130969848193,29.239175133636817,0.8680032076984764,0.22085404895022204,False,,,False,"straight,border,lum,chroma",
1,Anochetus,casent0102932,29,pin,,4027,0.006,15.524,0.575,94.0,0.938,101.0,171.006,4.143,172.13938227808188,23.393833222281458,0.8976905885274398,0.1691018088260589,False,,,False,"straight,border,lum,chroma",
1,Anochetus,casent0102932,30,pin,,2558,0.004,14.866,0.807,108.0,0.888,86.0,170.132,4.98,141.44582137147998,18.08466291331371,0.9616888193901486,0.3058306064871712,False,,,False,"even_width,border,lum,chroma",
1,Anochetus,casent0102932,31,pin,,2172,0.003,18.111,0.746,48.0,0.768,88.0,173.034,1.405,69.27116393664585,31.355038324265372,0.9668508287292817,0.23166926543318028,False,,,False,"length,elongation,border,lum,chroma",
1,Anochetus,casent0102932,32,pin,,8505,0.012,27.203,0.71,102.0,0.934,52.0,104.272,2.931,185.6185170918984,45.81978206295676,0.9653145208700764,0.22484747388945403,False,,,False,"border,chroma",
2,Aphaenogaster,casent0102039,0,card,white,1127,0.001,7.071,0.754,95.0,0.473,45.0,181.908,9.222,,,,,,47.021484375,0,False,radius,
2,Aphaenogaster,casent0102039,1,card,cream,762,0.001,6.0,0.76,61.0,0.4,52.0,180.343,5.11,,,,,,65.830078125,0,False,"area,radius,edge",
2,Aphaenogaster,casent0102039,2,card,cream,474,0.001,6.0,0.677,55.0,0.451,51.0,168.134,4.869,,,,,,65.830078125,0,False,"area,radius,edge",
2,Aphaenogaster,casent0102039,3,card,white,251,0.0,4.472,0.851,36.0,0.0,46.0,182.619,4.273,,,,,,47.021484375,0,False,"area,radius,edge,background",
2,Aphaenogaster,casent0102039,4,card,white,185,0.0,3.606,0.72,26.0,0.0,21.0,169.159,3.5,,,,,,47.021484375,0,False,"area,radius,edge,background",
2,Aphaenogaster,casent0102039,5,pin,,40547,0.052,34.785,0.616,216.0,0.936,48.0,107.798,2.284,401.93588861388207,100.8792724128979,0.8867733741090587,0.21890796687170966,True,,,False,"width,straight,chroma",
2,Aphaenogaster,casent0102039,6,pin,,17442,0.022,19.026,0.653,216.0,0.958,59.0,84.061,2.122,291.377227337697,59.8605462731831,0.7841417268661851,0.2712527903365957,False,,,False,"straight,even_width,border,chroma",
2,Aphaenogaster,casent0102039,7,pin,,4421,0.006,21.0,0.721,53.0,0.715,36.0,78.176,2.457,126.94151359103589,34.82706228194993,0.977154489934404,0.19169546731407835,False,,,False,"border,chroma",
2,Aphaenogaster,casent0102039,8,pin,,6114,0.008,25.632,0.784,97.0,0.86,47.0,82.168,3.556,164.39238440471618,37.19150386521554,0.9959110238796205,0.18576459870604453,False,,,False,"border,chroma",
2,Aphaenogaster,casent0102039,9,pin,,626,0.001,6.708,0.685,71.0,0.882,77.0,100.809,6.851,75.38193309933166,8.304377113480394,0.9536741214057508,0.3128481092422591,False,,,False,"length,even_width,border,chroma",
2,Aphaenogaster,casent0102039,10,pin,,5431,0.007,13.0,0.534,166.0,0.963,59.0,101.069,8.843,286.77333413799374,18.938301974013502,0.904621616645185,0.1815654844926586,False,,,False,"border,chroma",
2,Aphaenogaster,casent0102039,11,pin,,1090,0.001,6.0,0.696,98.0,1.0,80.0,95.762,9.798,115.05504270336512,9.47372643900744,0.9853211009174312,0.12476455992953316,False,,,False,"border,chroma",
2,Aphaenogaster,casent0102039,12,pin,,1385,0.002,13.0,0.769,43.0,0.831,56.0,103.984,2.386,68.94348642550628,20.088917340965896,0.9667870036101083,0.22687590523527087,False,,,False,"length,border,chroma",
3,Bothroponera,casent0027983,0,card,white,1511,0.002,7.81,0.666,76.0,0.057,15.0,159.893,8.282,,,,,,50.0,0,False,"radius,background",
3,Bothroponera,casent0027983,1,card,white,214,0.0,5.0,0.787,23.0,0.31,32.0,158.12,2.252,,,,,,50.0,0,False,"area,radius,edge",
3,Bothroponera,casent0027983,2,card,white,306,0.0,5.385,0.636,36.0,0.837,45.0,174.47,2.443,,,,,,50.0,0,False,"area,radius,edge",
3,Bothroponera,casent0027983,3,card,cream,1045,0.001,8.544,0.493,53.0,0.44,57.0,184.053,3.099,,,,,,70.0,0,False,"area,radius,solidity,edge",
3,Bothroponera,casent0027983,4,card,cream,268,0.0,4.0,0.835,40.0,0.524,75.0,180.551,6.14,,,,,,70.0,0,False,"area,radius,edge",
3,Bothroponera,casent0027983,5,card,cream,167,0.0,3.162,0.69,33.0,0.636,54.0,171.696,6.865,,,,,,70.0,0,False,"area,radius,edge",
3,Bothroponera,casent0027983,6,pin,,5656,0.007,25.298,0.827,54.0,0.742,33.0,80.811,2.584,143.3560746755744,39.454205291264806,1.0,0.14854213953666237,False,,,False,"border,chroma",
3,Bothroponera,casent0027983,7,pin,,41030,0.052,38.601,0.451,175.0,0.956,42.0,122.292,1.702,487.8026868713468,84.11187782329961,0.6079697782110651,0.23857331849376454,False,,,False,"width,straight,border,chroma",
3,Bothroponera,casent0027983,8,pin,,4787,0.006,26.173,0.874,52.0,0.838,10.0,78.876,2.153,122.8912422109118,38.95314193166282,0.9845414664716942,0.19236893450800513,False,,,False,border,
3,Bothroponera,casent0027983,9,pin,,7843,0.01,19.416,0.638,85.0,0.965,29.0,121.193,4.012,240.53673535186232,32.60624614584167,0.8659951549152111,0.1158826530939078,False,,,False,"straight,border,chroma",
3,Bothroponera,casent0027983,10,pin,,1885,0.002,12.728,0.464,69.0,0.792,59.0,159.946,1.72,103.72229545614248,18.17352760764002,0.6419098143236074,0.6578837316697433,False,,,False,"straight,even_width,border,lum,chroma",
4,Camponotus,casent0101390,0,card,cream,919,0.001,6.403,0.847,34.0,0.0,52.0,170.679,1.459,,,,,,70.0,0,False,"area,radius,edge,background",
4,Camponotus,casent0101390,1,card,white,16292,0.021,27.166,0.872,274.0,0.444,22.0,226.687,6.497,,,,,,50.0,764,True,,
4,Camponotus,casent0101390,2,pin,,6871,0.009,27.203,0.89,109.0,0.746,22.0,102.687,2.669,156.15279221346606,44.00177481685447,1.0,0.07586551186664171,True,,,True,,
4,Camponotus,casent0101390,3,pin,,2087,0.003,21.213,0.9,46.0,0.798,29.0,96.299,1.418,69.63177762634702,29.971947739135825,0.9904168663152851,0.2726333422017634,False,,,False,"length,elongation,even_width,border,chroma",
4,Camponotus,casent0101390,4,pin,,651,0.001,7.81,0.774,33.0,0.789,44.0,107.646,2.743,47.2805810975898,13.768866305942794,0.9969278033794163,0.13940480196895502,False,,,False,"length,border,chroma",
4,Camponotus,casent0101390,5,pin,,5144,0.007,22.627,0.652,93.0,0.761,44.0,115.939,4.205,200.82800225764737,25.613957925053853,0.9041601866251944,0.3522271896978202,True,,,False,"even_width,chroma",
4,Camponotus,casent0101390,6,pin,,7847,0.01,12.369,0.236,128.0,0.993,46.0,128.034,4.091,352.80618691005844,22.24167344888555,0.3798904039760418,0.09768872193685378,True,,,False,"straight,chroma",
4,Camponotus,casent0101390,7,pin,,25248,0.033,39.598,0.555,110.0,0.917,22.0,105.019,3.144,366.7921539254355,68.83462399561748,0.923281051964512,0.19990090000506033,True,,,True,,
4,Camponotus,casent0101390,8,pin,,4490,0.006,11.662,0.457,194.0,0.935,32.0,121.146,12.214,273.2510947948738,16.43177314027081,0.9338530066815145,0.08393330721377808,False,,,False,"border,chroma",
5,Camponotus,casent0104638,0,card,cream,9576,0.009,20.616,0.817,140.0,0.33,53.0,182.984,3.078,,,,,,70.0,0,False,area,
5,Camponotus,casent0104638,1,card,cream,6645,0.006,13.038,0.588,117.0,0.355,50.0,170.842,6.26,,,,,,70.0,0,False,"area,radius,solidity",
5,Camponotus,casent0104638,2,card,cream,188,0.0,5.657,0.917,18.0,0.34,54.0,159.742,2.071,,,,,,70.0,0,False,"area,radius,edge",
5,Camponotus,casent0104638,3,card,white,294,0.0,6.0,0.964,28.0,1.0,45.0,173.113,2.732,,,,,,50.0,0,False,"area,radius,edge",
5,Camponotus,casent0104638,4,card,cream,440,0.0,6.325,0.779,26.0,0.0,82.0,158.952,1.132,,,,,,70.0,0,False,"area,radius,edge,background",
5,Camponotus,casent0104638,5,card,cream,120001,0.114,35.609,0.455,357.0,0.084,75.0,194.215,3.009,,,,,,207.84696293186485,0,False,"solidity,background",
5,Camponotus,casent0104638,6,card,cream,433,0.0,10.0,0.908,22.0,0.0,93.0,186.853,1.197,,,,,,70.0,0,False,"area,radius,edge,background",
5,Camponotus,casent0104638,7,card,white,1055,0.001,8.944,0.634,47.0,0.257,49.0,161.956,1.687,,,,,,50.0,0,False,edge,
5,Camponotus,casent0104638,8,card,white,153,0.0,5.099,0.911,15.0,0.25,48.0,165.718,1.66,,,,,,50.0,0,False,"area,radius,edge",
5,Camponotus,casent0104638,9,card,white,556,0.001,7.81,0.814,26.0,0.0,49.0,158.97,1.34,,,,,,50.0,0,False,"area,radius,edge,background",
5,Camponotus,casent0104638,10,card,cream,372,0.0,10.44,0.947,24.0,0.0,90.0,183.105,1.672,,,,,,70.0,0,False,"area,radius,edge,background",
5,Camponotus,casent0104638,11,card,cream,209,0.0,4.243,0.681,27.0,0.0,90.0,184.853,3.832,,,,,,70.0,0,False,"area,radius,edge,background",
5,Camponotus,casent0104638,12,card,cream,4591,0.004,25.02,0.819,42.0,0.0,86.0,187.254,1.148,,,,,,70.0,0,False,"area,edge,background",
5,Camponotus,casent0104638,13,card,cream,1183,0.001,12.042,0.731,44.0,0.0,80.0,165.667,1.712,,,,,,70.0,0,False,"area,radius,edge,background",
5,Camponotus,casent0104638,14,card,cream,529,0.001,7.211,0.849,38.0,0.0,88.0,183.146,3.152,,,,,,70.0,0,False,"area,radius,edge,background",
5,Camponotus,casent0104638,15,card,cream,379,0.0,7.211,0.798,27.0,0.0,69.0,174.74,1.561,,,,,,70.0,0,False,"area,radius,edge,background",
5,Camponotus,casent0104638,16,card,cream,156,0.0,3.162,0.765,28.0,0.0,82.0,185.093,5.116,,,,,,70.0,0,False,"area,radius,edge,background",
5,Camponotus,casent0104638,17,card,cream,541,0.001,9.434,0.851,35.0,0.0,88.0,163.243,1.852,,,,,,70.0,0,False,"area,radius,edge,background",
5,Camponotus,casent0104638,18,card,cream,209,0.0,4.0,0.771,33.0,0.0,84.0,178.232,4.984,,,,,,70.0,0,False,"area,radius,edge,background",
5,Camponotus,casent0104638,19,card,cream,230,0.0,5.0,0.868,20.0,0.0,84.0,169.835,1.316,,,,,,70.0,0,False,"area,radius,edge,background",
5,Camponotus,casent0104638,20,card,cream,154,0.0,5.0,0.824,19.0,0.432,73.5,161.921,1.793,,,,,,70.0,0,False,"area,radius,edge",
5,Camponotus,casent0104638,21,card,cream,377,0.0,4.0,0.598,33.0,0.223,83.0,161.003,1.787,,,,,,70.0,0,False,"area,radius,solidity,edge",
5,Camponotus,casent0104638,22,pin,,18406,0.018,33.242,0.92,271.0,0.836,5.0,55.071,4.608,310.45844027306737,59.286518297942834,1.0,0.03800636164267854,True,,,True,,
5,Camponotus,casent0104638,23,pin,,20336,0.019,29.53,0.579,130.0,0.809,70.0,104.968,2.847,356.0303674227423,57.118723178614424,0.8466266719118805,0.3437346040311289,True,,,False,"straight,even_width,chroma",
5,Camponotus,casent0104638,24,pin,,849,0.001,9.22,0.775,31.0,0.633,42.0,172.13,2.34,52.78803551043036,16.08318990829364,0.9952885747938751,0.07193058150677233,False,,,False,"length,border,lum,chroma",
5,Camponotus,casent0104638,25,pin,,1584,0.002,13.601,0.915,60.0,0.821,48.0,175.146,2.612,75.43195345828549,20.999058454398444,1.0,0.13432856479780317,False,,,False,"length,border,lum,chroma",
5,Camponotus,casent0104638,26,pin,,3756,0.004,32.202,0.804,77.0,0.484,63.0,108.98,1.405,95.18167677852219,39.4613766758892,0.9552715654952076,0.3334871947780997,True,,,False,"length,elongation,even_width,chroma",
5,Camponotus,casent0104638,27,pin,,3159,0.003,37.014,0.853,104.0,0.355,103.0,141.147,1.615,99.58277163034158,31.72235466317844,0.9031339031339032,0.4010607718453263,True,,,False,"length,even_width,lum,chroma",
5,Camponotus,casent0104638,28,pin,,9749,0.009,27.893,0.434,96.0,0.905,80.0,150.848,4.408,284.8318060795296,34.22721687646752,0.8026464252743871,0.474753401002133,True,,,False,"straight,even_width,lum,chroma",
5,Camponotus,casent0104638,29,pin,,314,0.0,6.325,0.835,31.0,0.443,33.0,215.162,2.837,33.262109184821924,9.44017104433304,1.0,0.09799078929868855,True,,,False,"length,lum,chroma",
5,Camponotus,casent0104638,30,pin,,772,0.001,14.866,0.913,40.0,0.754,98.0,157.09,2.477,50.73606999294958,15.215999191645691,0.9883419689119171,0.16082822831310117,True,,,False,"length,lum,chroma",
6,Cardiocondyla,casent0101219,0,card,cream,7214,0.011,11.314,0.363,152.0,0.393,68.0,177.136,9.769,,,,,,70.0,0,False,"radius,solidity",
6,Cardiocondyla,casent0101219,1,card,cream,471,0.001,5.657,0.757,32.0,0.26,59.0,162.933,1.625,,,,,,70.0,0,False,"area,radius,edge",
6,Cardiocondyla,casent0101219,2,card,white,289,0.0,4.0,0.739,44.0,0.547,15.0,178.17,7.651,,,,,,50.0,0,False,"area,radius,edge",
6,Cardiocondyla,casent0101219,3,card,white,209,0.0,3.606,0.657,29.0,0.141,47.0,171.963,3.583,,,,,,50.0,0,False,"area,radius,edge,background",
6,Cardiocondyla,casent0101219,4,card,cream,4346,0.006,18.439,0.779,68.0,0.0,53.0,172.864,1.367,,,,,,70.0,0,False,"area,edge,background",
6,Cardiocondyla,casent0101219,5,card,cream,165,0.0,5.0,0.789,19.0,0.14,84.0,163.759,1.363,,,,,,70.0,0,False,"area,radius,edge,background",
6,Cardiocondyla,casent0101219,6,card,white,82271,0.122,88.865,0.681,199.0,0.53,46.0,210.239,1.724,,,,,,50.0,1841,True,,
6,Cardiocondyla,casent0101219,7,card,cream,279,0.0,4.472,0.742,36.0,0.478,50.0,163.718,3.923,,,,,,70.0,0,False,"area,radius,edge",
6,Cardiocondyla,casent0101219,8,card,white,585,0.001,6.0,0.644,37.0,0.767,11.0,196.426,1.698,,,,,,50.0,0,False,"area,radius,edge",
6,Cardiocondyla,casent0101219,9,card,white,865,0.001,9.055,0.737,41.0,0.471,39.0,177.96,2.669,,,,,,50.0,0,False,edge,
6,Cardiocondyla,casent0101219,10,card,white,232,0.0,5.0,0.806,25.0,0.508,14.0,195.002,2.168,,,,,,50.0,0,False,"area,radius,edge",
6,Cardiocondyla,casent0101219,11,card,white,462,0.001,5.385,0.828,29.0,0.467,46.0,181.101,1.674,,,,,,50.0,0,False,"area,radius,edge",
6,Cardiocondyla,casent0101219,12,card,white,240,0.0,3.606,0.819,41.0,0.562,14.0,178.885,7.065,,,,,,50.0,0,False,"area,radius,edge",
6,Cardiocondyla,casent0101219,13,card,white,181,0.0,4.123,0.633,24.0,0.197,35.0,171.096,2.395,,,,,,50.0,0,False,"area,radius,edge",
6,Cardiocondyla,casent0101219,14,card,white,212,0.0,4.472,0.734,27.0,0.029,41.0,166.636,2.12,,,,,,50.0,0,False,"area,radius,edge,background",
6,Cardiocondyla,casent0101219,15,pin,,22872,0.034,38.275,0.68,112.0,0.936,61.0,136.66,2.141,321.416464719704,71.16001359776597,0.8387110877929346,0.1775727695141192,False,,,False,"straight,border,lum,chroma",
6,Cardiocondyla,casent0101219,16,pin,,321,0.0,7.0,0.882,29.0,0.647,66.0,160.776,2.008,28.322215661773633,11.333859039610811,1.0,0.17021191673828567,False,,,False,"length,elongation,border,lum,chroma",
6,Cardiocondyla,casent0101219,17,pin,,9243,0.014,22.023,0.522,87.0,0.98,35.0,130.185,3.476,265.4617349235362,34.81857753495946,0.7072379097695554,0.2932540244313485,False,,,False,"straight,even_width,border,lum,chroma",
6,Cardiocondyla,casent0101219,18,pin,,481,0.001,6.325,0.77,34.0,0.802,11.0,194.964,3.35,49.61081414197126,9.695466771085885,0.9521829521829522,0.21032654257842362,False,,,False,"length,border,lum",
6,Cardiocondyla,casent0101219,19,pin,,1304,0.002,8.944,0.5,47.0,0.633,32.0,174.75,2.942,88.18379164433077,14.787297934062384,0.7707055214723927,0.19740039230860057,False,,,False,"length,straight,border,lum,chroma",
7,Cataulacus,casent0101241,0,card,white,355,0.001,6.083,0.814,29.0,0.0,5.0,164.854,3.086,,,,,,50.0,0,False,"area,radius,edge,background",
7,Cataulacus,casent0101241,1,card,cream,1028,0.002,7.616,0.758,44.0,0.327,72.0,183.902,2.539,,,,,,70.0,0,False,"area,radius,edge",
7,Cataulacus,casent0101241,2,card,white,151,0.0,4.472,0.763,20.0,0.667,20.0,178.409,1.614,,,,,,50.0,0,False,"area,radius,edge",
7,Cataulacus,casent0101241,3,card,white,202,0.0,5.385,0.86,18.0,0.653,27.0,190.918,1.575,,,,,,50.0,0,False,"area,radius,edge",
7,Cataulacus,casent0101241,4,card,white,279,0.001,4.243,0.833,31.0,0.447,22.0,188.006,4.088,,,,,,50.0,0,False,"area,radius,edge",
7,Cataulacus,casent0101241,5,card,white,382,0.001,5.385,0.681,45.0,0.874,48.0,193.75,4.869,,,,,,50.0,0,False,"area,radius,edge",
7,Cataulacus,casent0101241,6,card,white,694,0.001,7.071,0.776,41.0,0.603,43.0,191.48,3.46,,,,,,50.0,0,False,"radius,edge",
7,Cataulacus,casent0101241,7,pin,,3015,0.006,17.263,0.561,60.0,0.671,30.0,106.871,2.489,128.7381745068798,23.419626785517902,0.8169154228855722,0.6432731931148489,False,,,False,"straight,even_width,border,chroma",
7,Cataulacus,casent0101241,8,pin,,1486,0.003,8.944,0.6,68.0,0.947,38.0,151.671,7.426,119.63600427535893,12.421009954325823,0.9549125168236877,0.3100742359736132,False,,,False,"even_width,border,lum,chroma",
7,Cataulacus,casent0101241,9,pin,,3067,0.006,12.53,0.745,106.0,0.963,36.0,151.044,8.159,164.74888442693066,18.616211033345564,0.9863058363221389,0.07518283718453753,False,,,False,"border,lum,chroma",
7,Cataulacus,casent0101241,10,pin,,4491,0.009,16.125,0.654,57.0,0.877,26.0,120.165,1.343,101.74342932196845,44.140442581192836,0.8946782453796482,0.3865631494010368,False,,,False,"elongation,straight,even_width,border,chroma",
8,Cataulacus,casent0101245,0,card,cream,51035,0.123,37.0,0.782,309.0,0.495,61.0,206.176,5.971,,,,,,135.54556429481562,2695,True,,
8,Cataulacus,casent0101245,1,pin,,450,0.001,8.944,0.818,34.0,0.407,6.0,62.288,1.449,34.81794098414816,12.924371380974971,0.9177777777777778,0.386044478116031,False,,,False,"length,elongation,even_width,border",
8,Cataulacus,casent0101245,2,pin,,5893,0.014,29.155,0.769,59.0,0.538,26.0,39.157,1.615,121.21584638160412,48.61575590907501,0.9764126930256236,0.2070680932499663,False,,,False,"elongation,border,chroma",
8,Cataulacus,casent0101245,3,pin,,365,0.001,7.616,0.785,27.0,0.397,3.0,37.772,1.373,30.26319454022015,12.060854960797696,0.9068493150684932,0.35499453609069453,False,,,False,"length,elongation,even_width,border",
8,Cataulacus,casent0101245,4,pin,,4442,0.011,14.866,0.656,82.0,0.91,48.0,75.161,5.371,175.95569074046017,25.244991971030256,0.9675821701936065,0.18705281562849402,False,,,False,"border,chroma",
8,Cataulacus,casent0101245,5,pin,,1936,0.005,18.385,0.941,45.0,0.832,39.0,94.114,1.921,72.53549080350658,26.69038257760583,0.9989669421487604,0.22332666679329094,False,,,False,"length,elongation,border,chroma",
9,Crematogaster,casent0193045,0,card,white,3748,0.004,10.05,0.355,134.0,0.469,18.0,167.23,9.745,,,,,,50.0,0,False,solidity,
9,Crematogaster,casent0193045,1,card,white,323,0.0,5.385,0.778,27.0,0.0,12.0,155.044,2.723,,,,,,50.0,0,False,"area,radius,edge,background",
9,Crematogaster,casent0193045,2,card,white,533,0.001,8.485,0.722,31.0,0.0,11.0,157.181,2.438,,,,,,50.0,0,False,"area,edge,background",
9,Crematogaster,casent0193045,3,card,white,753,0.001,7.81,0.776,47.0,0.0,11.0,158.31,4.35,,,,,,50.0,0,False,"area,radius,edge,background",
9,Crematogaster,casent0193045,4,card,white,168,0.0,4.0,0.908,25.0,0.0,14.0,153.745,3.563,,,,,,50.0,0,False,"area,radius,edge,background",
9,Crematogaster,casent0193045,5,card,white,4226,0.004,18.868,0.621,61.0,0.0,31.0,166.983,2.789,,,,,,50.0,0,False,background,
9,Crematogaster,casent0193045,6,card,white,357,0.0,7.071,0.771,26.0,0.0,21.0,161.649,1.744,,,,,,50.0,0,False,"area,radius,edge,background",
9,Crematogaster,casent0193045,7,card,white,187,0.0,4.123,0.85,27.0,0.0,10.0,160.094,3.226,,,,,,50.0,0,False,"area,radius,edge,background",
9,Crematogaster,casent0193045,8,card,white,930,0.001,13.038,0.928,35.0,0.0,34.0,183.852,1.659,,,,,,50.0,0,False,"area,edge,background",
9,Crematogaster,casent0193045,9,card,white,771,0.001,11.045,0.953,29.0,0.0,7.0,173.772,2.061,,,,,,50.0,0,False,"area,edge,background",
9,Crematogaster,casent0193045,10,pin,,423,0.0,8.0,0.891,28.0,0.697,39.0,93.721,2.057,33.38121323889514,12.671798264873386,1.0,0.11384886132989426,True,,,False,"length,elongation,chroma",
10,Hypoponera,casent0101023,0,card,cream,226,0.0,4.243,0.623,26.0,0.685,67.0,180.684,2.115,,,,,,70.0,0,False,"area,radius,edge",
10,Hypoponera,casent0101023,1,card,cream,834,0.001,6.083,0.53,61.0,0.678,68.0,180.92,3.538,,,,,,70.0,0,False,"area,radius,solidity,edge",
10,Hypoponera,casent0101023,2,card,white,352,0.001,7.616,0.805,20.0,0.0,32.0,201.295,1.167,,,,,,50.0,0,False,"area,radius,edge,background",
10,Hypoponera,casent0101023,3,card,cream,7661,0.013,33.838,0.564,114.0,0.157,75.0,176.834,1.68,,,,,,70.0,0,False,solidity,
10,Hypoponera,casent0101023,4,card,cream,344,0.001,7.0,0.787,21.0,0.0,82.0,184.188,1.991,,,,,,70.0,0,False,"area,radius,edge,background",
10,Hypoponera,casent0101023,5,card,cream,1134,0.002,8.602,0.562,66.0,0.0,71.0,166.236,4.756,,,,,,70.0,0,False,"area,radius,solidity,edge,background",
10,Hypoponera,casent0101023,6,card,cream,568,0.001,7.0,0.58,37.0,0.0,87.0,177.418,2.081,,,,,,70.0,0,False,"area,radius,solidity,edge,background",
10,Hypoponera,casent0101023,7,card,cream,173,0.0,5.385,0.93,20.0,0.0,53.0,178.058,1.692,,,,,,70.0,0,False,"area,radius,edge,background",
10,Hypoponera,casent0101023,8,card,cream,767,0.001,8.062,0.572,38.0,0.21,79.0,190.759,1.412,,,,,,70.0,0,False,"area,radius,solidity,edge",
10,Hypoponera,casent0101023,9,card,cream,278,0.0,5.385,0.635,33.0,0.0,88.0,187.086,3.662,,,,,,70.0,0,False,"area,radius,edge,background",
10,Hypoponera,casent0101023,10,card,cream,7579,0.013,14.765,0.478,181.0,0.18,84.0,208.869,2.72,,,,,,70.0,0,False,"radius,solidity",
10,Hypoponera,casent0101023,11,card,cream,499,0.001,5.657,0.75,33.0,0.0,86.0,172.57,2.598,,,,,,70.0,0,False,"area,radius,edge,background",
10,Hypoponera,casent0101023,12,card,cream,174,0.0,3.606,0.626,28.0,0.0,77.5,170.446,4.304,,,,,,70.0,0,False,"area,radius,edge,background",
10,Hypoponera,casent0101023,13,card,cream,485,0.001,5.385,0.659,47.0,0.366,87.0,189.086,3.729,,,,,,70.0,0,False,"area,radius,edge",
10,Hypoponera,casent0101023,14,card,cream,286,0.0,5.831,0.836,29.0,0.328,89.0,196.312,2.644,,,,,,70.0,0,False,"area,radius,edge",
10,Hypoponera,casent0101023,15,pin,,12231,0.021,20.224,0.487,106.0,0.891,84.0,108.199,3.756,305.2948792914792,40.06290583184822,0.7640421878832475,0.25526702541512925,False,,,False,"straight,even_width,border,chroma",
10,Hypoponera,casent0101023,16,pin,,1284,0.002,15.033,0.839,37.0,0.49,45.0,103.206,1.675,65.18339743364439,19.698267512169654,0.926791277258567,0.39667019189879155,False,,,False,"length,even_width,border,chroma",
10,Hypoponera,casent0101023,17,pin,,1494,0.003,17.464,0.896,37.0,0.722,82.0,124.074,1.536,61.70360823155544,24.212522457251747,0.9678714859437751,0.35416661867973426,False,,,False,"length,elongation,even_width,border,chroma",
10,Hypoponera,casent0101023,18,pin,,2970,0.005,10.198,0.482,76.0,0.946,69.0,142.27,3.778,163.5239322874699,18.162479084583374,0.6912457912457912,0.09784796752721844,False,,,False,"straight,border,lum,chroma",
10,Hypoponera,casent0101023,19,pin,,10376,0.018,22.204,0.688,87.0,0.88,98.0,129.813,1.652,196.14369384774238,52.89999283920097,0.873650732459522,0.3975000471239885,False,,,False,"straight,even_width,border,chroma",
10,Hypoponera,casent0101023,20,pin,,631,0.001,7.071,0.668,58.0,0.913,89.0,142.781,6.062,73.13000390757897,8.628469387167709,0.9619651347068146,0.30216897639774265,False,,,False,"length,even_width,border,lum,chroma",
10,Hypoponera,casent0101023,21,pin,,3125,0.005,20.0,0.903,64.0,0.868,84.0,115.051,2.201,96.58212196769787,32.35588467444486,0.99488,0.12281883063525911,False,,,False,"length,elongation,border,chroma",
10,Hypoponera,casent0101023,22,pin,,766,0.001,7.071,0.817,50.0,0.938,88.0,144.267,5.344,67.2029445023898,11.3983100840583,1.0,0.10990428280719046,False,,,False,"length,border,lum,chroma",
11,Leptogenys,casent0102413,0,card,cream,143,0.0,4.0,0.808,21.0,0.714,51.0,174.174,2.604,,,,,,64.873046875,0,False,"area,radius,edge",
11,Leptogenys,casent0102413,1,card,white,606,0.001,7.81,0.869,33.0,0.0,20.0,186.874,3.284,,,,,,46.337890625,0,False,"area,edge,background",
11,Leptogenys,casent0102413,2,card,white,3061,0.004,22.361,0.909,43.0,0.397,5.0,218.832,1.703,,,,,,46.337890625,0,False,edge,
11,Leptogenys,casent0102413,3,card,cream,140,0.0,2.828,0.848,29.0,0.768,66.0,174.755,6.409,,,,,,64.873046875,0,False,"area,radius,edge",
11,Leptogenys,casent0102413,4,card,cream,160,0.0,3.606,0.672,25.0,0.593,78.0,167.792,2.477,,,,,,64.873046875,0,False,"area,radius,edge",
11,Leptogenys,casent0102413,5,pin,,5571,0.007,30.083,0.869,76.0,0.848,22.0,97.893,1.872,128.86426866386122,43.23153390589439,1.0,0.25096741766542785,False,,,False,"elongation,even_width,border",
11,Leptogenys,casent0102413,6,pin,,336,0.0,8.062,0.936,24.0,0.812,48.0,158.691,1.457,24.882534841144967,13.503447383680586,1.0,0.2061569281370535,False,,,False,"length,elongation,border,lum,chroma",
11,Leptogenys,casent0102413,7,pin,,734,0.001,9.0,0.731,34.0,0.479,5.0,50.21,2.306,51.999052552582924,14.115641804391691,0.944141689373297,0.23093902116219275,False,,,False,"length,border",
11,Leptogenys,casent0102413,8,pin,,5999,0.008,18.0,0.674,143.0,0.846,6.0,77.099,5.734,215.60400645376905,27.824158273637355,0.9744957492915486,0.17869800457218216,False,,,False,border,
11,Leptogenys,casent0102413,9,pin,,25173,0.033,21.84,0.316,163.0,0.968,12.0,93.31,2.681,553.6057343831799,45.47098853310727,0.4485361299805347,0.5370141475943206,False,,,False,"straight,even_width,border",
11,Leptogenys,casent0102413,10,pin,,500,0.001,8.0,0.828,33.0,0.656,5.0,236.848,2.239,38.055431143225135,13.138729084902593,1.0,0.09118746892563341,False,,,False,"length,elongation,border,lum",
11,Leptogenys,casent0102413,11,pin,,9815,0.013,15.297,0.341,160.0,0.974,13.0,93.869,3.041,372.15609541130493,26.37334204926165,0.3626082526744778,0.18022812572446487,False,,,False,"straight,border",
11,Leptogenys,casent0102413,12,pin,,7028,0.009,13.342,0.333,234.0,0.966,34.0,116.833,9.94,399.3250404208404,17.599697711401557,0.8533010813887308,0.41384524960806496,False,,,False,"straight,even_width,border,chroma",
11,Leptogenys,casent0102413,13,pin,,1372,0.002,5.0,0.291,120.0,1.0,65.0,133.844,5.455,173.3185859143417,7.916058123611025,0.4096209912536443,0.12425166262770246,False,,,False,"straight,border,lum,chroma",
12,Lioponera,casent0101980,0,card,cream,303,0.0,4.123,0.65,34.0,0.538,57.0,183.583,4.062,,,,,,70.0,0,False,"area,radius,edge",
12,Lioponera,casent0101980,1,card,cream,1667,0.002,10.63,0.813,62.0,0.052,57.0,177.956,5.593,,,,,,70.0,0,False,"area,radius,edge,background",
12,Lioponera,casent0101980,2,card,white,872,0.001,7.0,0.569,41.0,0.732,44.0,182.899,2.331,,,,,,50.0,0,False,"radius,edge",
12,Lioponera,casent0101980,3,card,cream,317,0.0,5.831,0.654,27.0,0.386,50.0,168.239,1.061,,,,,,70.0,0,False,"area,radius,edge",
12,Lioponera,casent0101980,4,card,white,1103,0.001,8.062,0.778,40.0,0.0,38.0,179.319,1.605,,,,,,50.0,0,False,"edge,background",
12,Lioponera,casent0101980,5,card,cream,163,0.0,5.0,0.916,18.0,0.0,51.0,167.745,1.847,,,,,,70.0,0,False,"area,radius,edge,background",
12,Lioponera,casent0101980,6,card,cream,473,0.001,6.325,0.783,28.0,0.173,57.0,171.006,1.335,,,,,,70.0,0,False,"area,radius,edge",
12,Lioponera,casent0101980,7,card,cream,151,0.0,3.606,0.83,23.0,0.0,53.0,162.217,3.383,,,,,,70.0,0,False,"area,radius,edge,background",
12,Lioponera,casent0101980,8,card,white,564,0.001,6.0,0.594,41.0,0.0,41.0,176.116,2.523,,,,,,50.0,0,False,"area,radius,edge,background",
12,Lioponera,casent0101980,9,card,white,189,0.0,4.243,0.794,27.0,0.0,49.0,181.902,3.526,,,,,,50.0,0,False,"area,radius,edge,background",
12,Lioponera,casent0101980,10,card,cream,1517,0.002,13.892,0.806,53.0,0.0,52.0,173.033,1.486,,,,,,70.0,0,False,"area,radius,edge,background",
12,Lioponera,casent0101980,11,card,white,839,0.001,10.05,0.841,34.0,0.0,42.0,179.222,2.004,,,,,,50.0,0,False,"edge,background",
12,Lioponera,casent0101980,12,card,white,165,0.0,3.606,0.833,23.0,0.796,42.0,177.288,3.05,,,,,,50.0,0,False,"area,radius,edge",
12,Lioponera,casent0101980,13,card,cream,11474,0.015,17.493,0.481,209.0,0.211,76.0,216.96,3.115,,,,,,70.0,0,False,"radius,solidity",
12,Lioponera,casent0101980,14,card,cream,6171,0.008,16.401,0.698,75.0,0.16,81.0,207.113,2.404,,,,,,70.0,0,False,"area,radius",
12,Lioponera,casent0101980,15,card,cream,566,0.001,5.099,0.623,63.0,0.0,74.0,189.022,7.643,,,,,,70.0,0,False,"area,radius,edge,background",
12,Lioponera,casent0101980,16,card,cream,495,0.001,6.0,0.64,29.0,0.0,51.0,166.346,1.661,,,,,,70.0,0,False,"area,radius,edge,background",
12,Lioponera,casent0101980,17,card,cream,181,0.0,3.606,0.78,31.0,0.531,55.0,190.377,4.385,,,,,,70.0,0,False,"area,radius,edge",
12,Lioponera,casent0101980,18,card,cream,256,0.0,5.0,0.677,23.0,0.027,72.0,180.234,1.957,,,,,,70.0,0,False,"area,radius,edge,background",
12,Lioponera,casent0101980,19,card,cream,863,0.001,7.071,0.592,73.0,0.0,73.0,181.311,5.092,,,,,,70.0,0,False,"area,radius,solidity,background",
12,Lioponera,casent0101980,20,card,cream,270,0.0,4.243,0.826,32.0,0.526,59.0,191.693,5.244,,,,,,70.0,0,False,"area,radius,edge",
12,Lioponera,casent0101980,21,card,cream,1279,0.002,6.0,0.587,100.0,0.326,65.0,171.212,13.496,,,,,,70.0,0,False,"area,radius,solidity",
12,Lioponera,casent0101980,22,card,cream,1508,0.002,7.28,0.756,71.0,0.272,55.0,175.021,2.903,,,,,,70.0,0,False,"area,radius",
12,Lioponera,casent0101980,23,card,cream,389,0.001,5.385,0.776,44.0,0.0,69.0,178.773,5.145,,,,,,70.0,0,False,"area,radius,edge,background",
12,Lioponera,casent0101980,24,card,cream,161,0.0,2.828,0.619,35.0,0.563,59.0,174.963,5.288,,,,,,70.0,0,False,"area,radius,edge",
12,Lioponera,casent0101980,25,card,cream,393,0.001,5.831,0.596,38.0,0.325,59.0,182.001,2.65,,,,,,70.0,0,False,"area,radius,solidity,edge",
12,Lioponera,casent0101980,26,card,cream,2375,0.003,9.899,0.593,83.0,0.479,75.0,176.229,4.893,,,,,,70.0,0,False,"area,radius,solidity",
12,Lioponera,casent0101980,27,card,cream,206,0.0,6.0,0.873,20.0,0.353,65.0,199.616,2.167,,,,,,70.0,0,False,"area,radius,edge",
12,Lioponera,casent0101980,28,card,cream,304,0.0,6.325,0.817,21.0,0.0,71.0,169.478,1.2,,,,,,70.0,0,False,"area,radius,edge,background",
12,Lioponera,casent0101980,29,card,cream,240,0.0,4.0,0.792,36.0,0.564,64.0,181.196,5.305,,,,,,70.0,0,False,"area,radius,edge",
12,Lioponera,casent0101980,30,card,white,192,0.0,4.243,0.807,22.0,0.741,48.0,166.812,1.845,,,,,,50.0,0,False,"area,radius,edge",
12,Lioponera,casent0101980,31,card,white,394,0.001,8.0,0.806,24.0,0.791,45.0,173.135,1.117,,,,,,50.0,0,False,"area,edge",
12,Lioponera,casent0101980,32,card,cream,1140,0.001,9.434,0.721,52.0,0.533,51.0,174.82,3.035,,,,,,70.0,0,False,"area,radius,edge",
12,Lioponera,casent0101980,33,pin,,17563,0.023,29.069,0.709,128.0,0.872,55.0,97.718,1.973,280.8988430285831,62.52428742902605,0.8650002846894038,0.37399253790196346,False,,,False,"straight,even_width,border,chroma",
12,Lioponera,casent0101980,34,pin,,3376,0.004,20.616,0.816,53.0,0.765,56.0,121.952,1.872,102.12518011547152,33.05746923709514,0.970675355450237,0.3235874604270752,False,,,False,"even_width,border,chroma",
12,Lioponera,casent0101980,35,pin,,11698,0.015,21.633,0.49,84.0,0.88,49.0,144.863,3.463,295.1409625971503,39.635297984600896,0.7296973841682339,0.19995361447374488,False,,,False,"straight,border,lum,chroma",
12,Lioponera,casent0101980,36,pin,,14221,0.019,25.942,0.49,89.0,0.929,63.0,151.842,1.872,291.5918117165246,48.770230948134994,0.6577596512200268,0.5791561261927705,False,,,False,"straight,even_width,border,lum,chroma",
12,Lioponera,casent0101980,37,pin,,1195,0.002,11.0,0.857,45.0,0.821,77.0,151.992,3.423,70.72480734397155,16.89647586013339,0.999163179916318,0.16670637817886955,False,,,False,"length,border,lum,chroma",
12,Lioponera,casent0101980,38,pin,,890,0.001,11.0,0.758,33.0,0.659,68.0,172.934,1.957,51.8522644286427,17.16414914192971,0.9629213483146067,0.17971650701262804,False,,,False,"length,border,lum,chroma",
12,Lioponera,casent0101980,39,pin,,318,0.0,6.325,0.776,29.0,0.679,42.0,175.051,2.009,30.532788507262385,10.415033003761252,0.949685534591195,0.3988578735662431,False,,,False,"length,elongation,even_width,border,lum,chroma",
13,Meranoplus,casent0101230,0,card,white,907,0.002,8.485,0.616,38.0,0.968,33.0,176.89,1.523,,,,,,50.0,0,False,edge,
13,Meranoplus,casent0101230,1,card,white,223,0.0,4.123,0.656,29.0,0.914,32.0,187.346,3.423,,,,,,50.0,0,False,"area,radius,edge",
13,Meranoplus,casent0101230,2,card,white,285,0.0,5.099,0.593,29.0,0.703,32.0,184.108,1.639,,,,,,50.0,0,False,"area,radius,edge",
13,Meranoplus,casent0101230,3,card,white,215,0.0,4.123,0.674,30.0,0.68,26.0,187.187,3.239,,,,,,50.0,0,False,"area,radius,edge",
13,Meranoplus,casent0101230,4,card,white,1193,0.002,6.708,0.517,74.0,0.401,49.0,176.781,6.917,,,,,,50.0,0,False,radius,
13,Meranoplus,casent0101230,5,card,white,248,0.0,5.0,0.768,35.0,0.595,38.0,185.962,4.641,,,,,,50.0,0,False,"area,radius,edge",
13,Meranoplus,casent0101230,6,card,cream,419,0.001,5.385,0.704,37.0,0.0,53.0,174.825,2.713,,,,,,70.0,0,False,"area,radius,edge,background",
13,Meranoplus,casent0101230,7,card,cream,1303,0.002,7.0,0.685,52.0,0.0,66.0,172.16,1.289,,,,,,70.0,0,False,"area,radius,edge,background",
13,Meranoplus,casent0101230,8,card,cream,11825,0.02,22.804,0.591,153.0,0.425,52.0,201.001,5.923,,,,,,70.0,0,False,solidity,
13,Meranoplus,casent0101230,9,card,cream,268,0.0,4.472,0.766,30.0,0.0,51.0,164.745,3.748,,,,,,70.0,0,False,"area,radius,edge,background",
13,Meranoplus,casent0101230,10,card,cream,185,0.0,4.0,0.725,22.0,0.632,75.0,185.956,1.311,,,,,,70.0,0,False,"area,radius,edge",
13,Meranoplus,casent0101230,11,card,white,612,0.001,9.487,0.845,28.0,0.0,29.0,195.393,1.244,,,,,,50.0,0,False,"edge,background",
13,Meranoplus,casent0101230,12,card,cream,175,0.0,2.828,0.579,23.0,0.0,58.0,174.812,1.899,,,,,,70.0,0,False,"area,radius,solidity,edge,background",
13,Meranoplus,casent0101230,13,card,cream,275,0.0,5.0,0.559,33.0,0.041,57.0,172.767,2.863,,,,,,70.0,0,False,"area,radius,solidity,edge,background",
13,Meranoplus,casent0101230,14,pin,,654,0.001,8.485,0.775,32.0,0.985,31.0,176.89,2.287,50.48036396781082,12.955532579302083,0.9434250764525994,0.3250156635188794,False,,,False,"length,even_width,border,lum,chroma",
13,Meranoplus,casent0101230,15,pin,,2679,0.005,16.0,0.74,60.0,0.826,93.0,132.795,2.938,124.0074830673475,21.603534994295917,0.9063083240014931,0.2921407116151984,False,,,False,"even_width,border,lum,chroma",
13,Meranoplus,casent0101230,16,pin,,2303,0.004,17.205,0.698,44.0,0.422,85.0,103.243,1.93,98.22857603120161,23.445315946232064,0.8918801563178463,0.4137855542843122,False,,,False,"length,straight,even_width,border,chroma",
13,Meranoplus,casent0101230,17,pin,,305,0.001,5.831,0.838,28.0,0.574,74.0,92.116,2.58,30.815991220356658,9.897458686920992,1.0,0.12779421327566268,False,,,False,"length,border,chroma",
13,Meranoplus,casent0101230,18,pin,,9753,0.017,34.0,0.562,125.0,0.734,65.0,134.096,1.663,200.49902194084353,48.64362880970853,0.8070337332102943,0.5128672025173884,False,,,False,"straight,even_width,border,lum,chroma",
13,Meranoplus,casent0101230,19,pin,,6007,0.01,28.16,0.613,83.0,0.73,87.0,126.952,1.821,163.32344700261254,36.7797772471941,0.8088896287664391,0.5443414537813472,False,,,False,"straight,even_width,border,chroma",
13,Meranoplus,casent0101230,20,pin,,2964,0.005,20.881,0.95,66.0,0.727,115.0,144.112,1.923,88.88548690025785,33.346276241092426,1.0,0.12535928095388268,True,,,False,"length,elongation,lum,chroma",
13,Meranoplus,casent0101230,21,pin,,2465,0.004,16.553,0.948,61.0,0.88,96.0,149.158,2.742,96.09200044229775,25.6524995697244,0.9995943204868154,0.1401149439955075,False,,,False,"length,border,lum,chroma",
14,Monomorium,casent0173547,0,card,white,400,0.001,4.123,0.488,46.0,0.588,20.0,170.307,4.631,,,,,,50.0,0,False,"area,radius,edge",
14,Monomorium,casent0173547,1,card,white,1560,0.002,13.342,0.598,59.0,0.504,30.0,175.038,2.445,,,,,,50.0,290,True,,
14,Monomorium,casent0173547,2,card,white,155,0.0,4.0,0.871,27.0,0.943,20.0,173.208,3.761,,,,,,50.0,0,False,"area,radius,edge",
14,Monomorium,casent0173547,3,card,cream,196,0.0,4.472,0.734,22.0,0.0,61.0,160.903,1.86,,,,,,70.0,0,False,"area,radius,edge,background",
14,Monomorium,casent0173547,4,card,cream,525,0.001,5.657,0.75,40.0,0.0,50.0,162.343,4.041,,,,,,70.0,0,False,"area,radius,edge,background",
14,Monomorium,casent0173547,5,card,white,168,0.0,5.0,0.84,19.0,0.705,7.0,191.305,1.316,,,,,,50.0,0,False,"area,radius,edge",
14,Monomorium,casent0173547,6,card,cream,455,0.001,8.062,0.843,35.0,0.17,67.0,167.919,2.011,,,,,,70.0,0,False,"area,radius,edge",
14,Monomorium,casent0173547,7,card,cream,604,0.001,6.325,0.795,52.0,0.0,62.0,160.772,4.108,,,,,,70.0,0,False,"area,radius,edge,background",
14,Monomorium,casent0173547,8,card,cream,203,0.0,4.472,0.651,25.0,0.0,76.0,160.694,2.254,,,,,,70.0,0,False,"area,radius,edge,background",
14,Monomorium,casent0173547,9,card,white,246,0.0,6.325,0.872,22.0,0.0,43.0,163.088,2.082,,,,,,50.0,0,False,"area,radius,edge,background",
14,Monomorium,casent0173547,10,card,cream,350,0.0,6.0,0.723,28.0,0.321,74.0,164.178,3.875,,,,,,70.0,0,False,"area,radius,edge",
14,Monomorium,casent0173547,11,card,cream,854,0.001,7.28,0.704,50.0,0.0,75.0,166.99,3.038,,,,,,70.0,0,False,"area,radius,edge,background",
14,Monomorium,casent0173547,12,card,white,211,0.0,4.0,0.634,24.0,0.526,13.0,187.143,2.461,,,,,,50.0,0,False,"area,radius,edge",
14,Monomorium,casent0173547,13,card,cream,344,0.0,6.0,0.777,22.0,0.179,63.0,166.908,1.726,,,,,,70.0,0,False,"area,radius,edge",
14,Monomorium,casent0173547,14,card,cream,368,0.0,6.325,0.778,27.0,0.0,59.0,179.976,2.611,,,,,,70.0,0,False,"area,radius,edge,background",
14,Monomorium,casent0173547,15,card,white,184,0.0,4.123,0.825,24.0,0.0,32.0,167.826,3.439,,,,,,50.0,0,False,"area,radius,edge,background",
14,Monomorium,casent0173547,16,card,white,15920,0.021,40.2,0.651,99.0,0.396,17.0,209.138,2.332,,,,,,50.0,2866,True,,
14,Monomorium,casent0173547,17,card,cream,6425,0.008,11.705,0.445,162.0,0.657,50.0,188.646,11.137,,,,,,70.0,0,False,"area,radius,solidity",
14,Monomorium,casent0173547,18,card,white,1031,0.001,7.071,0.537,57.0,0.461,29.0,180.086,1.768,,,,,,50.0,0,False,radius,
14,Monomorium,casent0173547,19,card,white,187,0.0,4.0,0.806,32.0,0.6,10.0,188.951,4.598,,,,,,50.0,0,False,"area,radius,edge",
14,Monomorium,casent0173547,20,card,white,1646,0.002,13.038,0.455,70.0,0.502,35.0,181.876,2.281,,,,,,50.0,2100,True,,
14,Monomorium,casent0173547,21,card,white,404,0.001,4.123,0.5,37.0,0.393,22.0,179.08,1.614,,,,,,50.0,0,False,"area,radius,edge",
14,Monomorium,casent0173547,22,card,cream,181,0.0,5.0,0.858,19.0,0.0,85.0,173.042,1.45,,,,,,70.0,0,False,"area,radius,edge,background",
14,Monomorium,casent0173547,23,card,white,221,0.0,3.606,0.819,34.0,0.575,22.0,176.704,7.449,,,,,,50.0,0,False,"area,radius,edge",
14,Monomorium,casent0173547,24,card,white,1476,0.002,9.487,0.489,53.0,0.703,47.0,181.98,2.738,,,,,,50.0,8778,True,,
14,Monomorium,casent0173547,25,pin,,976,0.001,12.207,0.811,36.0,0.62,56.0,143.456,1.658,51.4612341703881,18.965732472883662,0.9456967213114754,0.27953229559772375,False,,,False,"length,elongation,even_width,border,lum,chroma",
14,Monomorium,casent0173547,26,pin,,9787,0.013,32.757,0.729,67.0,0.785,75.0,133.916,2.923,220.07598714717443,44.47100352413735,0.9460508838254827,0.3523527748120487,False,,,False,"even_width,border,lum,chroma",
14,Monomorium,casent0173547,27,pin,,15058,0.019,21.024,0.262,176.0,1.0,50.0,159.79,3.559,466.48931434114934,32.27941034676713,0.3772745384513216,0.25519125377880525,False,,,False,"straight,even_width,border,lum,chroma",
14,Monomorium,casent0173547,28,pin,,560,0.001,9.487,0.882,29.0,1.0,72.5,109.888,1.735,35.34097707569345,15.845628681985493,1.0,0.18874934360405665,False,,,False,"length,elongation,border,chroma",
14,Monomorium,casent0173547,29,pin,,2741,0.004,16.971,0.738,55.0,1.0,75.0,143.122,2.956,111.73286762792574,24.531725160116927,0.9631521342575702,0.21162416983070187,False,,,False,"border,lum,chroma",
14,Monomorium,casent0173547,30,pin,,1375,0.002,15.524,0.804,40.0,0.689,47.0,131.234,1.69,62.5035666092349,21.998744625188216,0.9469090909090909,0.36361334359898706,False,,,False,"length,elongation,even_width,border,lum,chroma",
15,Mystrium,casent0003308,0,card,white,160,0.0,3.606,0.796,24.0,0.646,45.0,167.076,2.374,,,,,,46.19140625,0,False,"area,radius,edge",
15,Mystrium,casent0003308,1,card,cream,134,0.0,4.243,0.854,18.0,0.0,67.5,192.174,2.519,,,,,,64.66796875,0,False,"area,radius,edge,background",
15,Mystrium,casent0003308,2,card,white,656,0.001,3.606,0.759,111.0,0.333,32.0,191.43,21.473,,,,,,46.19140625,0,False,"area,radius",
15,Mystrium,casent0003308,3,card,white,430,0.001,3.606,0.514,57.0,0.367,33.0,187.086,7.341,,,,,,46.19140625,0,False,"area,radius",
15,Mystrium,casent0003308,4,card,white,227,0.0,3.606,0.835,21.0,0.468,46.0,179.086,1.34,,,,,,46.19140625,0,False,"area,radius,edge",
15,Mystrium,casent0003308,5,card,cream,595,0.001,5.831,0.597,41.0,0.0,83.0,199.217,4.653,,,,,,64.66796875,0,False,"area,radius,solidity,edge,background",
15,Mystrium,casent0003308,6,card,white,1595,0.002,12.166,0.748,41.0,0.0,47.0,184.897,1.247,,,,,,46.19140625,0,False,"edge,background",
15,Mystrium,casent0003308,7,card,cream,222,0.0,4.243,0.742,25.0,0.0,53.0,181.433,1.635,,,,,,64.66796875,0,False,"area,radius,edge,background",
15,Mystrium,casent0003308,8,card,cream,350,0.0,5.0,0.707,30.0,0.227,68.0,193.157,3.2,,,,,,64.66796875,0,False,"area,radius,edge",
15,Mystrium,casent0003308,9,card,white,274,0.0,4.123,0.768,29.0,0.512,45.0,181.08,2.209,,,,,,46.19140625,0,False,"area,radius,edge",
15,Mystrium,casent0003308,10,card,cream,164,0.0,5.0,0.816,15.0,0.574,82.5,189.066,1.128,,,,,,64.66796875,0,False,"area,radius,edge",
15,Mystrium,casent0003308,11,card,cream,1611,0.002,8.544,0.6,51.0,0.441,73.0,193.982,1.519,,,,,,64.66796875,0,False,"area,radius,solidity,edge",
15,Mystrium,casent0003308,12,card,cream,131,0.0,2.828,0.72,27.0,0.0,82.0,183.727,3.132,,,,,,64.66796875,0,False,"area,radius,edge,background",
15,Mystrium,casent0003308,13,card,cream,633,0.001,4.243,0.569,57.0,0.0,81.0,187.904,4.341,,,,,,64.66796875,0,False,"area,radius,solidity,edge,background",
15,Mystrium,casent0003308,14,card,white,193,0.0,4.123,0.828,20.0,0.621,28.0,168.861,1.345,,,,,,46.19140625,0,False,"area,radius,edge",
15,Mystrium,casent0003308,15,card,white,252,0.0,5.385,0.79,24.0,0.571,45.0,176.826,1.996,,,,,,46.19140625,0,False,"area,radius,edge",
15,Mystrium,casent0003308,16,card,white,136,0.0,3.162,0.751,19.0,0.717,46.5,187.752,1.426,,,,,,46.19140625,0,False,"area,radius,edge",
15,Mystrium,casent0003308,17,card,cream,335,0.0,6.083,0.724,22.0,0.542,50.0,186.874,1.806,,,,,,64.66796875,0,False,"area,radius,edge",
15,Mystrium,casent0003308,18,card,cream,194,0.0,3.162,0.819,35.0,1.0,67.0,173.138,7.092,,,,,,64.66796875,0,False,"area,radius,edge",
15,Mystrium,casent0003308,19,pin,,8091,0.011,25.554,0.657,65.0,0.768,71.0,107.047,2.393,182.21994812220777,44.40238340191868,0.9273266592510196,0.20606574380305098,False,,,False,"border,chroma",
15,Mystrium,casent0003308,20,pin,,17785,0.023,27.019,0.286,175.0,0.962,74.0,153.258,1.431,305.55498479331936,58.2055632704862,0.4533033455158842,0.6364778628148003,False,,,False,"straight,even_width,border,lum,chroma",
15,Mystrium,casent0003308,21,pin,,14831,0.019,29.0,0.754,183.0,0.915,53.0,105.196,4.163,267.23987523270125,55.49695750713021,0.9944710403883757,0.11660795413182831,False,,,False,"border,chroma",
15,Mystrium,casent0003308,22,pin,,1321,0.002,13.892,0.618,68.0,0.806,83.0,165.18,2.516,94.18644966208603,14.025372065083344,0.7706283118849356,0.6678335452629329,False,,,False,"straight,even_width,border,lum,chroma",
16,Nesomyrmex,casent0189276,0,card,cream,217,0.0,4.472,0.676,28.0,0.634,75.0,174.011,3.69,,,,,,70.0,0,False,"area,radius,edge",
16,Nesomyrmex,casent0189276,1,card,cream,989,0.001,8.485,0.72,50.0,0.085,88.0,185.336,3.596,,,,,,70.0,0,False,"area,radius,edge,background",
16,Nesomyrmex,casent0189276,2,card,cream,2118,0.003,12.042,0.632,68.0,0.184,84.0,207.896,2.581,,,,,,70.0,0,False,"area,radius,edge",
16,Nesomyrmex,casent0189276,3,card,cream,179,0.0,5.0,0.84,20.0,0.451,84.0,166.803,2.123,,,,,,70.0,0,False,"area,radius,edge",
16,Nesomyrmex,casent0189276,4,card,cream,780,0.001,6.403,0.614,43.0,0.223,86.0,161.092,3.011,,,,,,70.0,0,False,"area,radius,edge",
16,Nesomyrmex,casent0189276,5,card,white,21620,0.03,53.141,0.432,137.0,0.532,34.0,221.748,1.434,,,,,,50.0,0,False,solidity,
16,Nesomyrmex,casent0189276,6,card,cream,679,0.001,6.403,0.61,53.0,0.519,80.0,165.16,6.877,,,,,,70.0,0,False,"area,radius,edge",
16,Nesomyrmex,casent0189276,7,card,cream,1731,0.002,9.055,0.417,96.0,0.317,72.0,169.883,7.014,,,,,,70.0,0,False,"area,radius,solidity",
16,Nesomyrmex,casent0189276,8,card,cream,1842,0.003,12.369,0.668,58.0,0.239,85.0,176.053,2.399,,,,,,70.0,0,False,"area,radius,edge",
16,Nesomyrmex,casent0189276,9,card,cream,1349,0.002,9.22,0.776,88.0,0.0,88.0,189.036,7.073,,,,,,70.0,0,False,"area,radius,background",
16,Nesomyrmex,casent0189276,10,card,cream,3253,0.004,11.18,0.513,75.0,0.329,83.0,186.814,1.833,,,,,,70.0,0,False,"area,radius,solidity",
16,Nesomyrmex,casent0189276,11,card,cream,398,0.001,3.162,0.44,53.0,0.608,67.0,183.27,6.244,,,,,,70.0,0,False,"area,radius,solidity,edge",
16,Nesomyrmex,casent0189276,12,card,cream,764,0.001,5.831,0.659,61.0,0.255,69.5,165.203,5.221,,,,,,70.0,0,False,"area,radius,edge",
16,Nesomyrmex,casent0189276,13,card,cream,240,0.0,6.325,0.819,21.0,0.161,90.5,169.982,1.482,,,,,,70.0,0,False,"area,radius,edge",
16,Nesomyrmex,casent0189276,14,card,cream,449,0.001,6.708,0.715,34.0,0.0,86.0,190.292,3.041,,,,,,70.0,0,False,"area,radius,edge,background",
16,Nesomyrmex,casent0189276,15,card,cream,1548,0.002,15.62,0.779,43.0,0.319,68.0,190.089,2.014,,,,,,70.0,0,False,"area,radius,edge",
16,Nesomyrmex,casent0189276,16,card,cream,161,0.0,5.0,0.866,19.0,0.0,90.0,200.869,1.969,,,,,,70.0,0,False,"area,radius,edge,background",
16,Nesomyrmex,casent0189276,17,card,cream,7896,0.011,16.971,0.344,141.0,0.511,73.0,199.178,3.131,,,,,,70.0,0,False,"radius,solidity",
16,Nesomyrmex,casent0189276,18,card,cream,359,0.0,4.472,0.762,58.0,0.529,75.0,187.053,8.296,,,,,,70.0,0,False,"area,radius,edge",
16,Nesomyrmex,casent0189276,19,card,cream,618,0.001,7.071,0.635,32.0,0.175,86.0,169.836,2.823,,,,,,70.0,0,False,"area,radius,edge",
16,Nesomyrmex,casent0189276,20,card,cream,638,0.001,8.0,0.776,37.0,0.333,57.0,170.938,1.373,,,,,,70.0,0,False,"area,radius,edge",
16,Nesomyrmex,casent0189276,21,card,white,189,0.0,4.472,0.781,26.0,0.576,38.0,181.097,2.974,,,,,,50.0,0,False,"area,radius,edge",
16,Nesomyrmex,casent0189276,22,card,cream,6494,0.009,19.0,0.762,154.0,0.899,73.0,213.301,7.724,,,,,,70.0,0,False,area,
16,Nesomyrmex,casent0189276,23,card,cream,4333,0.006,19.0,0.597,151.0,0.824,63.0,208.91,9.284,,,,,,70.0,0,False,"area,solidity",
16,Nesomyrmex,casent0189276,24,card,cream,287,0.0,6.708,0.867,19.0,0.609,67.0,180.735,1.213,,,,,,70.0,0,False,"area,radius,edge",
16,Nesomyrmex,casent0189276,25,pin,,11687,0.016,33.615,0.752,75.0,0.841,103.0,166.958,2.693,207.95848935906037,56.19871559954097,0.9835714896893984,0.13397416739129822,False,,,False,"border,lum,chroma",
16,Nesomyrmex,casent0189276,26,pin,,2736,0.004,12.207,0.729,89.0,0.954,84.0,163.971,7.11,160.40926150391275,17.056371772731232,0.9835526315789473,0.19743370114208392,False,,,False,"border,lum,chroma",
16,Nesomyrmex,casent0189276,27,pin,,31556,0.044,38.588,0.511,177.0,0.913,89.0,183.343,2.525,493.30741870242815,63.968225093803305,0.729877043985296,0.5886385889364377,False,,,False,"straight,even_width,border,lum,chroma",
16,Nesomyrmex,casent0189276,28,pin,,8581,0.012,32.985,0.808,83.0,0.847,104.0,169.982,3.301,215.6842260908076,39.78501421048389,0.9600279687682088,0.35775825833386415,False,,,False,"even_width,border,lum,chroma",
16,Nesomyrmex,casent0189276,29,pin,,14649,0.02,30.0,0.524,155.0,0.973,88.0,196.377,5.741,483.14331021810574,30.320196285832854,0.6527408014198921,0.4556942950411816,True,,,False,"straight,even_width,lum,chroma",
16,Nesomyrmex,casent0189276,30,pin,,3654,0.005,11.18,0.549,110.0,0.954,47.0,215.385,9.599,209.63765051354267,17.430075137022918,0.9627805145046524,0.09088203893041251,False,,,False,"border,lum,chroma",
16,Nesomyrmex,casent0189276,31,pin,,7619,0.011,20.248,0.738,158.0,0.977,77.0,197.842,9.856,337.4983119203909,22.57492772822274,0.9409371308570679,0.49580457197637046,True,,,False,"even_width,lum,chroma",
16,Nesomyrmex,casent0189276,32,pin,,793,0.001,11.18,0.808,36.0,0.625,66.0,153.638,1.664,45.459918755234014,17.44393790648159,0.9546027742749055,0.2896037749126828,False,,,False,"length,elongation,even_width,border,lum,chroma",
17,Nylanderia,casent0101887,0,card,cream,636,0.001,5.385,0.652,53.0,0.0,74.5,159.193,4.587,,,,,,70.0,0,False,"area,radius,edge,background",
17,Nylanderia,casent0101887,1,card,cream,466,0.001,4.472,0.643,51.0,0.0,50.0,158.092,3.836,,,,,,70.0,0,False,"area,radius,edge,background",
17,Nylanderia,casent0101887,2,card,cream,320,0.0,5.0,0.737,28.0,0.0,56.0,159.756,3.017,,,,,,70.0,0,False,"area,radius,edge,background",
17,Nylanderia,casent0101887,3,card,cream,622,0.001,6.083,0.613,34.0,0.0,77.0,161.051,1.674,,,,,,70.0,0,False,"area,radius,edge,background",
17,Nylanderia,casent0101887,4,card,cream,1881,0.003,12.207,0.795,63.0,0.0,59.0,167.995,4.11,,,,,,70.0,0,False,"area,radius,edge,background",
17,Nylanderia,casent0101887,5,card,cream,2112,0.003,10.63,0.702,72.0,0.0,59.0,165.133,3.982,,,,,,70.0,0,False,"area,radius,background",
17,Nylanderia,casent0101887,6,card,cream,210,0.0,6.0,0.89,21.0,0.189,80.5,160.108,1.347,,,,,,70.0,0,False,"area,radius,edge",
17,Nylanderia,casent0101887,7,card,white,1592,0.002,11.18,0.726,49.0,0.0,38.0,167.874,2.184,,,,,,50.0,0,False,"edge,background",
17,Nylanderia,casent0101887,8,card,cream,194,0.0,4.472,0.792,20.0,0.175,75.0,162.494,1.938,,,,,,70.0,0,False,"area,radius,edge",
17,Nylanderia,casent0101887,9,card,white,91279,0.13,72.835,0.869,216.0,0.163,48.0,203.825,1.752,,,,,,50.0,4059,True,,
17,Nylanderia,casent0101887,10,card,cream,890,0.001,5.0,0.448,63.0,0.652,55.0,159.251,5.667,,,,,,70.0,0,False,"area,radius,solidity,edge",
17,Nylanderia,casent0101887,11,card,cream,251,0.0,5.099,0.784,19.0,0.246,59.0,160.941,1.445,,,,,,70.0,0,False,"area,radius,edge",
17,Nylanderia,casent0101887,12,card,white,154,0.0,5.385,0.837,18.0,0.0,42.0,161.88,1.526,,,,,,50.0,0,False,"area,radius,edge,background",
17,Nylanderia,casent0101887,13,card,white,981,0.001,9.434,0.857,41.0,0.085,49.0,166.636,3.062,,,,,,50.0,0,False,"edge,background",
17,Nylanderia,casent0101887,14,card,cream,171,0.0,5.385,0.855,16.0,0.426,58.0,167.152,1.494,,,,,,70.0,0,False,"area,radius,edge",
17,Nylanderia,casent0101887,15,card,cream,817,0.001,5.0,0.699,49.0,0.221,64.0,161.718,2.721,,,,,,70.0,0,False,"area,radius,edge",
17,Nylanderia,casent0101887,16,card,cream,264,0.0,5.831,0.761,24.0,0.372,58.0,162.22,1.579,,,,,,70.0,0,False,"area,radius,edge",
17,Nylanderia,casent0101887,17,pin,,3613,0.005,18.868,0.81,78.0,0.753,47.0,130.198,3.384,126.80011315077294,28.49366542523449,0.9977857735953501,0.16535189991,False,,,False,"border,lum,chroma",
17,Nylanderia,casent0101887,18,pin,,794,0.001,9.849,0.727,33.0,0.686,40.0,127.162,1.949,49.036568431216246,16.19199763363838,0.9382871536523929,0.2518997775751039,False,,,False,"length,even_width,border,chroma",
17,Nylanderia,casent0101887,19,pin,,3197,0.005,22.472,0.752,44.0,0.789,71.0,141.036,1.827,99.43802620957675,32.15067838597244,0.9465123553331248,0.3412546608784322,False,,,False,"length,even_width,border,lum,chroma",
17,Nylanderia,casent0101887,20,pin,,9497,0.014,15.556,0.384,82.0,0.977,57.0,145.333,3.568,337.24762276346326,28.160317105217818,0.465515425923976,0.20445162030870698,False,,,False,"straight,border,lum,chroma",
17,Nylanderia,casent0101887,21,pin,,2265,0.003,13.416,0.551,50.0,0.912,50.0,151.973,4.456,142.1562487516382,15.933172265660945,0.7911699779249448,0.3866870953655193,False,,,False,"straight,even_width,border,lum,chroma",
17,Nylanderia,casent0101887,22,pin,,412,0.001,8.0,0.96,27.0,0.946,6.0,55.872,2.118,31.572883038455835,13.049172592131772,1.0,0.1046342326409725,False,,,False,"length,elongation,border",
17,Nylanderia,casent0101887,23,pin,,1539,0.002,16.125,0.822,34.0,0.722,69.0,116.015,1.391,56.54851652399024,27.215568057335194,0.9837556855100714,0.25416860709635364,False,,,False,"length,elongation,even_width,border,chroma",
17,Nylanderia,casent0101887,24,pin,,756,0.001,9.487,0.746,36.0,0.661,48.0,152.858,1.94,45.10271143982483,16.761741719422805,0.9404761904761905,0.3718914561889962,False,,,False,"length,elongation,even_width,border,lum,chroma",
18,Odontomachus,casent0499525,0,card,white,190,0.0,3.606,0.709,30.0,0.348,19.0,189.882,4.767,,,,,,50.0,0,False,"area,radius,edge",
18,Odontomachus,casent0499525,1,card,white,233,0.0,4.243,0.774,26.0,0.0,26.0,184.182,3.334,,,,,,50.0,0,False,"area,radius,edge,background",
18,Odontomachus,casent0499525,2,card,white,492,0.001,5.831,0.697,44.0,0.429,49.0,165.836,4.429,,,,,,50.0,0,False,"area,radius,edge",
18,Odontomachus,casent0499525,3,card,cream,520,0.001,6.708,0.668,45.0,0.46,68.0,179.212,4.134,,,,,,70.0,0,False,"area,radius,edge",
18,Odontomachus,casent0499525,4,card,cream,205,0.0,4.0,0.719,24.0,0.0,76.0,191.902,1.699,,,,,,70.0,0,False,"area,radius,edge,background",
18,Odontomachus,casent0499525,5,card,cream,197,0.0,3.0,0.663,26.0,0.0,82.0,196.943,1.993,,,,,,70.0,0,False,"area,radius,edge,background",
18,Odontomachus,casent0499525,6,card,cream,451,0.001,5.099,0.706,61.0,0.0,85.0,168.248,7.336,,,,,,70.0,0,False,"area,radius,edge,background",
18,Odontomachus,casent0499525,7,card,cream,689,0.001,5.0,0.693,65.0,0.262,70.0,160.861,4.391,,,,,,70.0,0,False,"area,radius,edge",
18,Odontomachus,casent0499525,8,card,white,198,0.0,5.0,0.892,18.0,0.0,19.0,171.888,1.29,,,,,,50.0,0,False,"area,radius,edge,background",
18,Odontomachus,casent0499525,9,card,white,223,0.0,4.123,0.823,29.0,0.0,17.0,166.074,2.677,,,,,,50.0,0,False,"area,radius,edge,background",
18,Odontomachus,casent0499525,10,card,cream,158,0.0,4.243,0.832,25.0,0.0,64.0,169.104,2.739,,,,,,70.0,0,False,"area,radius,edge,background",
18,Odontomachus,casent0499525,11,card,cream,473,0.001,5.099,0.724,30.0,0.141,68.0,172.996,1.562,,,,,,70.0,0,False,"area,radius,edge,background",
18,Odontomachus,casent0499525,12,card,cream,321,0.0,3.162,0.636,54.0,0.044,75.0,164.41,11.121,,,,,,70.0,0,False,"area,radius,edge,background",
18,Odontomachus,casent0499525,13,card,cream,542,0.001,4.472,0.644,53.0,0.158,69.5,164.981,4.096,,,,,,70.0,0,False,"area,radius,edge",
18,Odontomachus,casent0499525,14,card,cream,153,0.0,4.243,0.922,20.0,0.442,68.0,170.168,2.145,,,,,,70.0,0,False,"area,radius,edge",
18,Odontomachus,casent0499525,15,pin,,5376,0.007,11.705,0.677,179.0,0.991,54.0,143.315,6.986,258.3608580450692,20.808105533780953,0.9088541666666666,0.07031272331839478,False,,,False,"border,lum,chroma",
18,Odontomachus,casent0499525,16,pin,,2941,0.004,21.213,0.725,67.0,0.527,22.0,93.324,1.284,84.89526826001389,34.642684572153314,0.9302958177490649,0.2771215320084446,False,,,False,"length,elongation,even_width,border",
18,Odontomachus,casent0499525,17,pin,,9340,0.012,28.792,0.603,102.0,0.79,24.0,106.866,1.776,213.20093447970788,43.80843837665714,0.791220556745182,0.5246601011928216,False,,,False,"straight,even_width,border",
18,Odontomachus,casent0499525,18,pin,,2365,0.003,20.881,0.751,63.0,0.544,12.0,92.844,1.238,79.76364657189191,29.650098781133305,0.8892177589852008,0.43667440682167885,False,,,False,"length,elongation,straight,even_width,border",
18,Odontomachus,casent0499525,19,pin,,38634,0.049,37.537,0.395,187.0,0.944,57.0,136.953,1.743,437.51563090612404,88.30313083897462,0.7422477610394989,0.2249961658079822,False,,,False,"width,straight,border,lum,chroma",
18,Odontomachus,casent0499525,20,pin,,2367,0.003,10.05,0.769,102.0,0.942,70.0,151.771,6.591,151.9821974641933,15.574192500787209,0.9843683988170681,0.18563519047460128,False,,,False,"border,lum,chroma",
18,Odontomachus,casent0499525,21,pin,,7650,0.01,21.024,0.654,110.0,0.954,52.0,125.851,3.79,203.87044979962192,37.5238295079986,0.966797385620915,0.07483578812875395,False,,,False,"border,chroma",
18,Odontomachus,casent0499525,22,pin,,305,0.0,6.0,0.762,32.0,0.64,57.0,180.834,2.894,33.32470916171526,9.152367947756796,0.9737704918032787,0.2909845356715714,False,,,False,"length,even_width,border,lum,chroma",
19,Pachycondyla,casent0840847,0,card,white,477,0.0,7.211,0.89,25.0,0.0,7.0,187.836,1.323,,,,,,50.0,0,False,"area,radius,edge,background",
19,Pachycondyla,casent0840847,1,card,white,219,0.0,5.099,0.887,24.0,0.0,9.0,188.288,2.62,,,,,,50.0,0,False,"area,radius,edge,background",
19,Pachycondyla,casent0840847,2,card,white,202,0.0,4.0,0.863,32.0,0.547,29.0,189.558,3.924,,,,,,50.0,0,False,"area,radius,edge",
19,Pachycondyla,casent0840847,3,card,white,164,0.0,4.0,0.759,19.0,0.604,6.0,160.903,1.456,,,,,,50.0,0,False,"area,radius,edge",
19,Pachycondyla,casent0840847,4,card,white,312,0.0,4.243,0.65,41.0,0.529,16.0,194.978,5.605,,,,,,50.0,0,False,"area,radius,edge",
19,Pachycondyla,casent0840847,5,card,white,249,0.0,5.385,0.859,30.0,0.0,14.0,160.883,3.147,,,,,,50.0,0,False,"area,radius,edge,background",
19,Pachycondyla,casent0840847,6,card,white,166,0.0,5.099,0.865,16.0,0.064,16.5,159.008,1.16,,,,,,50.0,0,False,"area,radius,edge,background",
19,Pachycondyla,casent0840847,7,card,white,226,0.0,5.385,0.859,24.0,0.0,9.0,160.849,2.772,,,,,,50.0,0,False,"area,radius,edge,background",
19,Pachycondyla,casent0840847,8,card,cream,156,0.0,5.0,0.881,21.0,0.0,81.0,181.558,2.142,,,,,,70.0,0,False,"area,radius,edge,background",
19,Pachycondyla,casent0840847,9,card,cream,563,0.001,5.385,0.81,69.0,0.416,64.0,171.324,8.407,,,,,,70.0,0,False,"area,radius,edge",
19,Pachycondyla,casent0840847,10,card,white,303,0.0,5.0,0.804,24.0,0.474,8.0,166.918,1.047,,,,,,50.0,0,False,"area,radius,edge",
19,Pachycondyla,casent0840847,11,card,white,615,0.001,6.708,0.772,59.0,0.446,16.0,211.959,4.855,,,,,,50.0,0,False,"area,radius",
19,Pachycondyla,casent0840847,12,card,white,216,0.0,6.325,0.821,21.0,0.621,6.0,161.9,1.877,,,,,,50.0,0,False,"area,radius,edge",
19,Pachycondyla,casent0840847,13,card,white,493,0.0,8.0,0.784,44.0,0.77,22.0,169.23,1.796,,,,,,50.0,0,False,"area,edge",
19,Pachycondyla,casent0840847,14,card,white,564,0.001,5.0,0.69,50.0,0.547,30.0,167.932,6.412,,,,,,50.0,0,False,"area,radius",
19,Pachycondyla,casent0840847,15,card,white,1162,0.001,9.487,0.648,52.0,0.601,38.0,174.314,2.459,,,,,,50.0,355,True,,
19,Pachycondyla,casent0840847,16,pin,,1151,0.001,11.045,0.756,36.0,0.625,18.0,104.286,2.276,60.00363543214627,19.182171075310627,0.9808861859252823,0.058109228243110614,False,,,False,"length,border",
19,Pachycondyla,casent0840847,17,pin,,42555,0.041,38.588,0.396,161.0,0.926,21.0,101.288,2.238,518.2431351528735,82.11396758289321,0.691763600046998,0.40019852350084073,False,,,False,"width,straight,even_width,border",
19,Pachycondyla,casent0840847,18,pin,,2441,0.002,19.647,0.788,46.0,0.719,6.0,62.854,1.287,77.90124694169197,31.334543358812414,0.9233920524375256,0.4465663982842841,False,,,False,"length,elongation,even_width,border",
19,Pachycondyla,casent0840847,19,pin,,1484,0.001,16.279,0.721,49.0,0.526,14.0,84.446,1.106,62.02671014713386,23.925176693714633,0.8632075471698113,0.520592582829509,False,,,False,"length,elongation,straight,even_width,border",
19,Pachycondyla,casent0840847,20,pin,,6628,0.006,17.0,0.664,135.0,0.928,18.0,81.206,8.319,265.0736145356726,25.004374771929736,0.9776704888352444,0.16750033012844773,False,,,False,border,
19,Pachycondyla,casent0840847,21,pin,,402,0.0,7.616,0.937,26.0,0.879,6.0,159.75,2.093,30.634316720920793,13.122538480692343,1.0,0.11603457746613022,False,,,False,"length,elongation,border,lum",
19,Pachycondyla,casent0840847,22,pin,,399,0.0,8.0,0.885,35.0,0.827,19.0,169.959,1.823,33.87848764121673,11.77738523116878,0.9573934837092731,0.2860437761757357,False,,,False,"length,elongation,even_width,border,lum",
20,Pheidole,casent0101324,0,card,white,466,0.001,5.657,0.659,38.0,0.333,45.0,187.072,3.829,,,,,,50.0,0,False,"area,radius,edge",
20,Pheidole,casent0101324,1,card,white,350,0.0,6.325,0.778,29.0,0.762,27.5,201.11,2.425,,,,,,50.0,0,False,"area,radius,edge",
20,Pheidole,casent0101324,2,card,white,177,0.0,3.606,0.863,25.0,0.75,23.0,205.927,3.944,,,,,,50.0,0,False,"area,radius,edge",
20,Pheidole,casent0101324,3,card,white,272,0.0,4.472,0.614,27.0,0.687,20.0,200.89,2.089,,,,,,50.0,0,False,"area,radius,edge",
20,Pheidole,casent0101324,4,card,cream,292,0.0,4.472,0.793,35.0,0.115,68.0,165.638,4.174,,,,,,70.0,0,False,"area,radius,edge,background",
20,Pheidole,casent0101324,5,card,white,276,0.0,5.0,0.657,24.0,0.732,23.0,197.386,1.138,,,,,,50.0,0,False,"area,radius,edge",
20,Pheidole,casent0101324,6,card,cream,180,0.0,3.606,0.652,25.0,0.0,66.5,173.878,3.033,,,,,,70.0,0,False,"area,radius,edge,background",
20,Pheidole,casent0101324,7,card,cream,249,0.0,4.123,0.743,34.0,0.457,77.0,171.798,4.278,,,,,,70.0,0,False,"area,radius,edge",
20,Pheidole,casent0101324,8,card,white,251,0.0,5.0,0.777,24.0,0.726,25.0,197.998,2.067,,,,,,50.0,0,False,"area,radius,edge",
20,Pheidole,casent0101324,9,card,white,773,0.001,7.28,0.686,50.0,0.527,21.0,191.97,5.01,,,,,,50.0,0,False,radius,
20,Pheidole,casent0101324,10,card,cream,180,0.0,5.099,0.841,22.0,0.453,82.0,173.167,1.866,,,,,,70.0,0,False,"area,radius,edge",
20,Pheidole,casent0101324,11,card,white,585,0.001,10.296,0.829,37.0,0.559,34.0,187.96,1.637,,,,,,50.0,0,False,"area,edge",
20,Pheidole,casent0101324,12,card,cream,354,0.0,5.657,0.709,23.0,0.0,83.0,199.12,1.815,,,,,,70.0,0,False,"area,radius,edge,background",
20,Pheidole,casent0101324,13,card,white,216,0.0,4.123,0.758,21.0,0.0,29.0,183.716,1.271,,,,,,50.0,0,False,"area,radius,edge,background",
20,Pheidole,casent0101324,14,card,cream,3184,0.004,8.246,0.519,76.0,0.236,51.0,180.729,3.831,,,,,,70.0,0,False,"area,radius,solidity",
20,Pheidole,casent0101324,15,card,white,178,0.0,5.0,0.873,17.0,0.0,9.0,234.89,1.796,,,,,,50.0,0,False,"area,radius,edge,background",
20,Pheidole,casent0101324,16,card,cream,2629,0.004,14.422,0.615,46.0,0.414,66.0,200.149,1.402,,,,,,70.0,0,False,"area,radius,edge",
20,Pheidole,casent0101324,17,card,white,171,0.0,4.123,0.799,20.0,0.0,40.0,169.819,1.616,,,,,,50.0,0,False,"area,radius,edge,background",
20,Pheidole,casent0101324,18,card,white,785,0.001,7.211,0.773,46.0,0.0,37.0,175.026,3.549,,,,,,50.0,0,False,"radius,edge,background",
20,Pheidole,casent0101324,19,card,cream,771,0.001,6.083,0.582,52.0,0.221,83.0,181.232,3.442,,,,,,70.0,0,False,"area,radius,solidity,edge",
20,Pheidole,casent0101324,20,card,cream,590,0.001,5.657,0.603,36.0,0.0,52.0,179.832,1.744,,,,,,70.0,0,False,"area,radius,edge,background",
20,Pheidole,casent0101324,21,card,cream,1089,0.001,7.0,0.695,38.0,0.545,81.0,198.803,1.671,,,,,,70.0,0,False,"area,radius,edge",
20,Pheidole,casent0101324,22,card,cream,194,0.0,4.243,0.746,20.0,0.0,63.0,178.87,1.979,,,,,,70.0,0,False,"area,radius,edge,background",
20,Pheidole,casent0101324,23,card,cream,1059,0.001,7.071,0.586,41.0,0.0,76.0,180.948,1.808,,,,,,70.0,0,False,"area,radius,solidity,edge,background",
20,Pheidole,casent0101324,24,card,white,155,0.0,3.0,0.714,32.0,0.0,36.0,171.314,5.351,,,,,,50.0,0,False,"area,radius,edge,background",
20,Pheidole,casent0101324,25,card,cream,211,0.0,5.0,0.818,17.0,0.561,75.0,201.949,1.794,,,,,,70.0,0,False,"area,radius,edge",
20,Pheidole,casent0101324,26,card,cream,211,0.0,4.243,0.701,25.0,0.026,69.0,167.759,2.16,,,,,,70.0,0,False,"area,radius,edge,background",
20,Pheidole,casent0101324,27,card,cream,462,0.001,6.403,0.815,34.0,0.753,79.0,189.067,2.482,,,,,,70.0,0,False,"area,radius,edge",
20,Pheidole,casent0101324,28,card,cream,306,0.0,4.472,0.705,40.0,0.625,82.0,193.96,5.167,,,,,,70.0,0,False,"area,radius,edge",
20,Pheidole,casent0101324,29,pin,,543,0.001,8.544,0.729,36.0,0.908,57.0,121.973,1.841,43.809515581219,12.394567545338994,0.8821362799263351,0.4259230817146978,False,,,False,"length,straight,even_width,border,chroma",
20,Pheidole,casent0101324,30,pin,,380,0.001,6.0,0.826,41.0,0.921,50.0,115.924,3.892,40.96482214349647,9.27625167439738,1.0,0.22131636540553934,False,,,False,"length,border,chroma",
20,Pheidole,casent0101324,31,pin,,449,0.001,7.211,0.813,32.0,0.636,83.0,140.922,2.414,40.25901521458751,11.152781497678282,0.9755011135857461,0.14529005684050111,False,,,False,"length,border,lum,chroma",
20,Pheidole,casent0101324,32,pin,,8600,0.012,29.833,0.753,81.0,0.802,50.0,97.158,2.453,182.14536863488806,47.21503524604446,0.945813953488372,0.2259967147887206,False,,,False,"border,chroma",
20,Pheidole,casent0101324,33,pin,,397,0.001,9.22,0.908,24.0,0.75,41.0,95.982,1.093,26.47566131186622,14.994904011030961,0.964735516372796,0.295543332479471,False,,,False,"length,elongation,even_width,border,chroma",
20,Pheidole,casent0101324,34,pin,,487,0.001,7.071,0.769,33.0,0.604,63.0,161.995,2.849,45.175661242902635,10.78014104500818,0.9691991786447639,0.11932378505760437,False,,,False,"length,border,lum,chroma",
20,Pheidole,casent0101324,35,pin,,340,0.0,9.0,0.929,21.0,0.754,32.0,192.269,1.1,22.63551653771482,15.020642424196469,1.0,0.18410831897006527,False,,,False,"length,elongation,border,lum,chroma",
20,Pheidole,casent0101324,36,pin,,528,0.001,9.849,0.883,33.0,0.709,93.0,142.303,1.472,34.19703847872103,15.439933499754542,0.9715909090909091,0.30733131611609193,False,,,False,"length,elongation,even_width,border,lum,chroma",
20,Pheidole,casent0101324,37,pin,,2252,0.003,16.279,0.808,65.0,0.858,92.0,166.927,2.267,82.52532650056003,27.288592429679362,0.9618117229129662,0.32330148108844764,False,,,False,"length,even_width,border,lum,chroma",
20,Pheidole,casent0101324,38,pin,,1245,0.002,10.77,0.659,39.0,0.675,60.0,209.22,2.122,67.9655182172518,18.31811237016331,0.9100401606425703,0.24607647839237518,False,,,False,"length,border,lum,chroma",
20,Pheidole,casent0101324,39,pin,,685,0.001,7.0,0.769,34.0,0.797,77.0,203.878,1.649,39.18720086570993,17.480197229381524,0.9956204379562044,0.18014544331700208,False,,,False,"length,elongation,border,lum,chroma",
20,Pheidole,casent0101324,40,pin,,2093,0.003,9.434,0.643,115.0,0.968,87.0,184.691,10.78,157.91340897541997,13.254099278711577,0.978021978021978,0.10250202370637797,False,,,False,"border,lum,chroma",
21,Platythyrea,casent0102009,0,card,cream,6487,0.008,14.318,0.688,225.0,0.434,64.0,175.867,13.81,,,,,,70.0,0,False,"area,radius",
21,Platythyrea,casent0102009,1,card,cream,496,0.001,5.099,0.688,41.0,0.489,68.0,166.888,5.244,,,,,,70.0,0,False,"area,radius,edge",
21,Platythyrea,casent0102009,2,card,cream,689,0.001,7.071,0.815,35.0,0.431,75.0,169.856,1.786,,,,,,70.0,0,False,"area,radius,edge",
21,Platythyrea,casent0102009,3,pin,,1240,0.002,13.454,0.734,39.0,0.699,34.0,82.954,1.482,59.92519918517362,20.692463552241215,0.9169354838709678,0.3477254951610979,False,,,False,"length,elongation,even_width,border,chroma",
21,Platythyrea,casent0102009,4,pin,,758,0.001,8.544,0.858,37.0,0.892,71.0,134.517,2.89,50.01755070778039,15.154680492623376,1.0,0.11318204206976579,False,,,False,"length,border,lum,chroma",
21,Platythyrea,casent0102009,5,pin,,397,0.001,7.28,0.854,31.0,0.658,75.0,171.105,2.453,34.136748980802196,11.629695616980534,1.0,0.20559059491606893,False,,,False,"length,elongation,border,lum,chroma",
21,Platythyrea,casent0102009,6,pin,,2942,0.004,11.0,0.364,112.0,0.944,64.0,112.193,6.631,218.87095597149903,13.441710376515656,0.6852481305234535,0.19093775436493185,False,,,False,"straight,border,chroma",
22,Royidris,casent0077935,0,card,cream,1360,0.002,7.28,0.683,47.0,0.0,87.0,164.152,3.027,,,,,,70.0,0,False,"area,radius,edge,background",
22,Royidris,casent0077935,1,card,cream,3470,0.004,18.0,0.85,68.0,0.0,63.0,173.784,1.552,,,,,,70.0,0,False,"area,edge,background",
22,Royidris,casent0077935,2,card,cream,185,0.0,4.472,0.856,18.0,0.0,89.0,163.711,1.641,,,,,,70.0,0,False,"area,radius,edge,background",
22,Royidris,casent0077935,3,card,white,179,0.0,2.828,0.484,35.0,0.364,28.0,161.108,2.683,,,,,,50.0,0,False,"area,radius,edge",
22,Royidris,casent0077935,4,card,cream,1751,0.002,11.402,0.746,47.0,0.0,87.0,164.834,2.484,,,,,,70.0,0,False,"area,radius,edge,background",
22,Royidris,casent0077935,5,card,white,1182,0.002,6.325,0.545,74.0,0.411,34.0,159.938,7.862,,,,,,50.0,0,False,radius,
22,Royidris,casent0077935,6,card,cream,39600,0.051,30.806,0.459,115.0,0.327,54.0,173.99,1.456,,,,,,119.39849245279439,0,False,"solidity,edge",
22,Royidris,casent0077935,7,card,white,650,0.001,5.099,0.645,52.0,0.0,45.0,169.986,5.638,,,,,,50.0,0,False,"area,radius,background",
22,Royidris,casent0077935,8,card,cream,1324,0.002,6.403,0.631,58.0,0.0,86.0,159.292,3.662,,,,,,70.0,0,False,"area,radius,edge,background",
22,Royidris,casent0077935,9,card,white,271,0.0,5.0,0.783,23.0,0.0,48.0,167.261,1.268,,,,,,50.0,0,False,"area,radius,edge,background",
22,Royidris,casent0077935,10,card,cream,196,0.0,5.099,0.86,21.0,0.0,58.0,160.888,1.954,,,,,,70.0,0,False,"area,radius,edge,background",
22,Royidris,casent0077935,11,card,cream,193,0.0,5.0,0.889,20.0,0.0,79.0,162.014,1.688,,,,,,70.0,0,False,"area,radius,edge,background",
22,Royidris,casent0077935,12,card,white,28988,0.037,26.926,0.436,118.0,0.594,49.0,182.014,1.364,,,,,,50.0,0,False,solidity,
22,Royidris,casent0077935,13,card,cream,260,0.0,3.606,0.714,31.0,0.0,76.0,159.0,2.567,,,,,,70.0,0,False,"area,radius,edge,background",
22,Royidris,casent0077935,14,card,cream,317,0.0,6.708,0.83,20.0,0.0,63.0,165.812,1.674,,,,,,70.0,0,False,"area,radius,edge,background",
22,Royidris,casent0077935,15,card,white,1256,0.002,7.211,0.645,47.0,0.507,45.0,171.624,2.404,,,,,,50.0,0,False,"radius,edge",
22,Royidris,casent0077935,16,card,cream,565,0.001,5.831,0.752,35.0,0.444,57.0,167.16,3.786,,,,,,70.0,0,False,"area,radius,edge",
22,Royidris,casent0077935,17,pin,,4605,0.006,17.464,0.659,72.0,0.875,66.0,133.965,2.921,158.74583517501492,29.00863506071234,0.8677524429967427,0.29656258882639347,False,,,False,"straight,even_width,border,lum,chroma",
22,Royidris,casent0077935,18,pin,,9907,0.013,33.541,0.678,84.0,0.867,89.0,131.946,2.293,181.28347496150573,54.649217211351896,0.9547794488745331,0.23162093415496857,False,,,False,"border,lum,chroma",
22,Royidris,casent0077935,19,pin,,3407,0.004,22.023,0.799,68.0,0.701,66.0,153.904,2.23,111.07111524399744,30.674041513994098,0.961843263868506,0.26106845248165367,False,,,False,"even_width,border,lum,chroma",
22,Royidris,casent0077935,20,pin,,6451,0.008,15.264,0.439,60.0,0.972,66.0,138.611,2.976,228.88630298765867,28.184298998214114,0.6188187877848396,0.16841307701258404,False,,,False,"straight,border,lum,chroma",
22,Royidris,casent0077935,21,pin,,30208,0.039,38.0,0.418,104.0,0.945,48.0,180.967,1.233,322.63901391867836,93.62785868051894,0.7231197033898306,0.45887587286258014,False,,,False,"width,straight,even_width,border,lum,chroma",
22,Royidris,casent0077935,22,pin,,489,0.001,6.708,0.763,33.0,0.724,40.0,176.102,2.955,45.49514094551543,10.748400594815653,0.9631901840490797,0.18513374791671694,False,,,False,"length,border,lum,chroma",
22,Royidris,casent0077935,23,pin,,5193,0.007,19.105,0.345,93.0,0.937,43.0,177.302,3.149,227.2332594034458,22.853168649840935,0.40458309262468706,0.7903717458307341,False,,,False,"straight,even_width,border,lum,chroma",
22,Royidris,casent0077935,24,pin,,521,0.001,9.434,0.836,33.0,0.692,29.0,177.992,1.676,35.01456443389289,14.879522519368823,0.963531669865643,0.388497697380802,False,,,False,"length,elongation,even_width,border,lum,chroma",
22,Royidris,casent0077935,25,pin,,515,0.001,8.062,0.802,38.0,0.594,39.0,157.902,2.646,42.919389168228676,11.999238805132663,0.9786407766990292,0.2697930821319169,False,,,False,"length,even_width,border,lum,chroma",
23,Strumigenys,casent0005581,0,card,white,185,0.0,3.0,0.873,36.0,1.0,39.0,203.385,6.35,,,,,,50.0,0,False,"area,radius,edge",
23,Strumigenys,casent0005581,1,card,white,172,0.0,3.606,0.664,22.0,0.545,48.0,170.742,1.974,,,,,,50.0,0,False,"area,radius,edge",
23,Strumigenys,casent0005581,2,card,cream,273,0.0,4.123,0.881,37.0,0.827,54.0,202.721,6.048,,,,,,70.0,0,False,"area,radius,edge",
23,Strumigenys,casent0005581,3,card,white,178,0.0,4.0,0.745,27.0,0.475,47.5,180.227,3.184,,,,,,50.0,0,False,"area,radius,edge",
23,Strumigenys,casent0005581,4,card,cream,2218,0.002,14.0,0.722,55.0,0.13,72.0,183.06,2.704,,,,,,70.0,0,False,"area,radius,edge,background",
23,Strumigenys,casent0005581,5,card,cream,922,0.001,6.403,0.58,42.0,0.0,86.0,192.012,1.463,,,,,,70.0,0,False,"area,radius,solidity,edge,background",
23,Strumigenys,casent0005581,6,card,cream,159,0.0,5.831,0.958,14.0,0.0,69.0,205.064,1.365,,,,,,70.0,0,False,"area,radius,edge,background",
23,Strumigenys,casent0005581,7,card,cream,8682,0.008,18.385,0.752,83.0,0.0,69.0,190.162,2.283,,,,,,70.0,0,False,"area,background",
23,Strumigenys,casent0005581,8,card,cream,178,0.0,5.0,0.777,20.0,0.0,81.0,166.663,1.339,,,,,,70.0,0,False,"area,radius,edge,background",
23,Strumigenys,casent0005581,9,card,cream,249,0.0,7.28,0.961,20.0,0.0,77.0,202.861,1.41,,,,,,70.0,0,False,"area,radius,edge,background",
23,Strumigenys,casent0005581,10,card,cream,176,0.0,5.0,0.775,20.0,0.0,86.0,203.178,1.935,,,,,,70.0,0,False,"area,radius,edge,background",
23,Strumigenys,casent0005581,11,card,cream,1146,0.001,8.246,0.737,60.0,0.0,64.0,216.691,6.841,,,,,,70.0,0,False,"area,radius,edge,background",
23,Strumigenys,casent0005581,12,card,cream,231,0.0,5.0,0.797,27.0,0.0,84.0,193.995,2.785,,,,,,70.0,0,False,"area,radius,edge,background",
23,Strumigenys,casent0005581,13,card,cream,1284,0.001,13.153,0.9,41.0,0.0,73.0,212.072,2.493,,,,,,70.0,0,False,"area,radius,edge,background",
23,Strumigenys,casent0005581,14,card,cream,1247,0.001,7.616,0.76,61.0,0.419,62.0,173.006,5.497,,,,,,70.0,0,False,"area,radius,edge",
23,Strumigenys,casent0005581,15,card,cream,5624,0.005,10.198,0.276,146.0,0.303,63.0,189.091,2.149,,,,,,70.0,0,False,"area,radius,solidity",
23,Strumigenys,casent0005581,16,card,cream,155,0.0,4.243,0.891,19.0,0.0,84.0,208.201,2.409,,,,,,70.0,0,False,"area,radius,edge,background",
23,Strumigenys,casent0005581,17,card,cream,1171,0.001,7.071,0.581,58.0,0.188,72.0,171.023,4.485,,,,,,70.0,0,False,"area,radius,solidity,edge",
23,Strumigenys,casent0005581,18,card,cream,23980,0.023,17.804,0.169,240.0,0.487,72.0,203.196,1.928,,,,,,92.91286240343692,0,False,"radius,solidity",
23,Strumigenys,casent0005581,19,card,cream,1083,0.001,11.662,0.747,43.0,0.0,79.0,205.955,2.522,,,,,,70.0,0,False,"area,radius,edge,background",
23,Strumigenys,casent0005581,20,card,cream,152,0.0,5.385,0.927,17.0,0.0,84.0,193.108,1.674,,,,,,70.0,0,False,"area,radius,edge,background",
23,Strumigenys,casent0005581,21,card,cream,453,0.0,7.81,0.788,30.0,0.663,56.0,200.132,1.254,,,,,,70.0,0,False,"area,radius,edge",
23,Strumigenys,casent0005581,22,card,cream,235,0.0,5.0,0.791,21.0,0.0,85.0,189.07,1.965,,,,,,70.0,0,False,"area,radius,edge,background",
23,Strumigenys,casent0005581,23,card,cream,228,0.0,3.606,0.551,26.0,0.682,77.0,185.13,1.203,,,,,,70.0,0,False,"area,radius,solidity,edge",
23,Strumigenys,casent0005581,24,card,cream,1723,0.002,8.544,0.647,77.0,0.0,88.0,197.858,6.011,,,,,,70.0,0,False,"area,radius,background",
23,Strumigenys,casent0005581,25,card,cream,260,0.0,5.657,0.724,23.0,0.19,89.0,186.748,2.278,,,,,,70.0,0,False,"area,radius,edge",
23,Strumigenys,casent0005581,26,card,cream,731,0.001,7.071,0.817,49.0,0.0,79.0,169.144,4.584,,,,,,70.0,0,False,"area,radius,edge,background",
23,Strumigenys,casent0005581,27,card,cream,595,0.001,6.403,0.757,37.0,0.0,89.0,191.962,3.427,,,,,,70.0,0,False,"area,radius,edge,background",
23,Strumigenys,casent0005581,28,card,cream,280,0.0,7.0,0.821,24.0,0.0,89.0,200.956,1.768,,,,,,70.0,0,False,"area,radius,edge,background",
23,Strumigenys,casent0005581,29,card,cream,1058,0.001,6.403,0.647,36.0,0.259,76.0,192.809,1.504,,,,,,70.0,0,False,"area,radius,edge",
23,Strumigenys,casent0005581,30,card,cream,1551,0.001,7.81,0.524,66.0,0.386,77.0,185.064,7.146,,,,,,70.0,0,False,"area,radius,solidity,edge",
23,Strumigenys,casent0005581,31,card,cream,989,0.001,7.071,0.445,48.0,0.314,76.0,179.97,1.525,,,,,,70.0,0,False,"area,radius,solidity,edge",
23,Strumigenys,casent0005581,32,card,cream,465,0.0,5.385,0.663,45.0,0.085,84.0,182.309,2.635,,,,,,70.0,0,False,"area,radius,edge,background",
23,Strumigenys,casent0005581,33,card,cream,160,0.0,4.0,0.816,24.0,0.0,84.0,209.045,2.608,,,,,,70.0,0,False,"area,radius,edge,background",
23,Strumigenys,casent0005581,34,card,cream,162,0.0,4.472,0.866,19.0,0.0,87.5,182.86,2.241,,,,,,70.0,0,False,"area,radius,edge,background",
23,Strumigenys,casent0005581,35,card,cream,217,0.0,5.0,0.835,25.0,0.103,84.0,180.144,2.692,,,,,,70.0,0,False,"area,radius,edge,background",
23,Strumigenys,casent0005581,36,card,cream,336,0.0,5.831,0.771,41.0,0.431,86.0,190.72,4.177,,,,,,70.0,0,False,"area,radius,edge",
23,Strumigenys,casent0005581,37,card,cream,646,0.001,7.071,0.767,47.0,0.411,72.0,194.505,4.561,,,,,,70.0,0,False,"area,radius,edge",
23,Strumigenys,casent0005581,38,card,cream,301,0.0,5.831,0.754,24.0,0.0,85.0,203.902,2.074,,,,,,70.0,0,False,"area,radius,edge,background",
23,Strumigenys,casent0005581,39,card,cream,396,0.0,5.385,0.606,30.0,0.0,86.0,200.385,2.054,,,,,,70.0,0,False,"area,radius,edge,background",
23,Strumigenys,casent0005581,40,card,cream,234,0.0,4.243,0.743,29.0,0.437,74.0,191.466,3.918,,,,,,70.0,0,False,"area,radius,edge",
23,Strumigenys,casent0005581,41,card,cream,5741,0.005,11.402,0.485,104.0,0.492,75.0,200.924,5.265,,,,,,70.0,0,False,"area,radius,solidity",
23,Strumigenys,casent0005581,42,card,cream,190,0.0,5.657,0.844,22.0,0.0,91.0,197.179,2.371,,,,,,70.0,0,False,"area,radius,edge,background",
23,Strumigenys,casent0005581,43,pin,,1848,0.002,17.464,0.838,37.0,0.693,80.0,143.785,1.593,65.28211961404222,28.307904383706536,0.9902597402597403,0.20143419981621355,False,,,False,"length,elongation,border,lum,chroma",
23,Strumigenys,casent0005581,44,pin,,311,0.0,5.831,0.799,33.0,0.946,53.0,190.556,3.261,35.438744246087765,8.775705985528328,0.9807073954983923,0.24754655496491965,False,,,False,"length,border,lum,chroma",
23,Strumigenys,casent0005581,45,pin,,2581,0.002,23.77,0.825,48.0,0.722,94.0,132.908,1.239,77.69693532981938,33.218813445392556,0.9368461836497481,0.4043760637053644,False,,,False,"length,elongation,even_width,border,lum,chroma",
23,Strumigenys,casent0005581,46,pin,,741,0.001,10.77,0.814,46.0,0.554,106.0,156.026,2.594,56.30538569252429,13.160375173460238,0.9433198380566802,0.39493295012810953,False,,,False,"length,even_width,border,lum,chroma",
23,Strumigenys,casent0005581,47,pin,,71111,0.068,36.056,0.26,223.0,0.957,95.0,181.103,2.406,911.9391033716347,77.977794500847,0.5320836438806935,0.7048476643926775,False,,,False,"straight,even_width,border,lum,chroma",
23,Strumigenys,casent0005581,48,pin,,307,0.0,6.708,0.816,25.0,0.537,74.0,104.79,1.341,26.09991827641454,11.76248893765402,0.9283387622149837,0.3254508130249109,False,,,False,"length,elongation,even_width,border,chroma",
23,Strumigenys,casent0005581,49,pin,,5288,0.005,26.173,0.87,113.0,0.718,114.0,134.938,2.291,147.0029313770886,35.972071784305726,0.9763615733736762,0.263098027212814,False,,,False,"even_width,border,lum,chroma",
23,Strumigenys,casent0005581,50,pin,,4729,0.005,22.627,0.828,75.0,0.761,65.0,189.957,2.746,124.4111506526218,38.011062313893504,0.9997885388031297,0.10563728849649517,False,,,False,"border,lum,chroma",
23,Strumigenys,casent0005581,51,pin,,2429,0.002,19.799,0.801,61.0,0.583,103.0,163.812,1.32,78.29562518837946,31.023444721921823,0.9407163441745574,0.3326072504085842,False,,,False,"length,elongation,even_width,border,lum,chroma",
23,Strumigenys,casent0005581,52,pin,,2272,0.002,28.425,0.858,92.0,0.452,99.0,132.043,2.503,91.01043393391242,24.964170609820645,0.9823943661971831,0.21889564680175855,True,,,False,"length,lum,chroma",
23,Strumigenys,casent0005581,53,pin,,720,0.001,15.0,0.783,41.0,0.381,103.0,122.159,1.545,45.72365922375921,15.746771195116184,0.8888888888888888,0.40121884614260084,True,,,False,"length,elongation,straight,even_width,chroma",
23,Strumigenys,casent0005581,54,pin,,536,0.001,10.296,0.91,28.0,0.732,60.0,205.885,1.36,32.278731142842275,16.60536151895353,0.9944029850746269,0.2899750465198591,False,,,False,"length,elongation,even_width,border,lum,chroma",
23,Strumigenys,casent0005581,55,pin,,14566,0.014,29.682,0.78,102.0,0.941,89.0,187.323,6.399,405.60254812273985,35.912003184931095,0.9632019772071948,0.3313622152616533,True,,,False,"even_width,lum,chroma",
24,Syllophopsis,casent0172919,0,card,cream,3496,0.004,15.811,0.69,63.0,0.0,86.0,181.028,1.987,,,,,,70.0,0,False,"area,radius,edge,background",
24,Syllophopsis,casent0172919,1,card,cream,614,0.001,6.083,0.807,48.0,0.0,84.0,199.14,4.763,,,,,,70.0,0,False,"area,radius,edge,background",
24,Syllophopsis,casent0172919,2,card,white,11975,0.015,34.0,0.542,78.0,0.326,33.0,211.041,1.131,,,,,,50.0,1369,True,,
24,Syllophopsis,casent0172919,3,card,cream,474,0.001,6.325,0.709,35.0,0.0,87.0,177.828,2.544,,,,,,70.0,0,False,"area,radius,edge,background",
24,Syllophopsis,casent0172919,4,card,cream,196,0.0,4.472,0.824,24.0,0.0,91.0,193.075,2.973,,,,,,70.0,0,False,"area,radius,edge,background",
24,Syllophopsis,casent0172919,5,card,cream,1206,0.002,6.708,0.605,46.0,0.0,81.0,169.153,1.387,,,,,,70.0,0,False,"area,radius,edge,background",
24,Syllophopsis,casent0172919,6,card,white,712,0.001,10.63,0.862,31.0,0.163,18.0,205.039,1.386,,,,,,50.0,0,False,"area,edge",
24,Syllophopsis,casent0172919,7,card,cream,249,0.0,5.657,0.788,18.0,0.0,82.0,169.232,1.69,,,,,,70.0,0,False,"area,radius,edge,background",
24,Syllophopsis,casent0172919,8,card,cream,209,0.0,5.385,0.755,19.0,0.0,68.0,180.36,1.224,,,,,,70.0,0,False,"area,radius,edge,background",
24,Syllophopsis,casent0172919,9,card,cream,301,0.0,5.0,0.768,39.0,0.0,84.0,187.243,4.509,,,,,,70.0,0,False,"area,radius,edge,background",
24,Syllophopsis,casent0172919,10,card,cream,2125,0.003,12.207,0.608,88.0,0.0,87.0,187.614,3.11,,,,,,70.0,0,False,"area,radius,background",
24,Syllophopsis,casent0172919,11,card,cream,273,0.0,4.123,0.752,35.0,0.0,85.0,182.043,4.495,,,,,,70.0,0,False,"area,radius,edge,background",
24,Syllophopsis,casent0172919,12,card,cream,519,0.001,5.0,0.719,46.0,0.0,86.0,189.053,7.07,,,,,,70.0,0,False,"area,radius,edge,background",
24,Syllophopsis,casent0172919,13,card,cream,331,0.0,6.0,0.694,35.0,0.0,92.0,178.858,4.378,,,,,,70.0,0,False,"area,radius,edge,background",
24,Syllophopsis,casent0172919,14,card,cream,494,0.001,4.243,0.682,58.0,0.0,89.0,177.937,5.732,,,,,,70.0,0,False,"area,radius,edge,background",
24,Syllophopsis,casent0172919,15,card,cream,362,0.0,7.81,0.868,25.0,0.591,60.0,188.579,1.546,,,,,,70.0,0,False,"area,radius,edge",
24,Syllophopsis,casent0172919,16,card,cream,1222,0.002,7.81,0.574,80.0,0.0,78.0,167.668,6.358,,,,,,70.0,0,False,"area,radius,solidity,background",
24,Syllophopsis,casent0172919,17,card,cream,187,0.0,4.123,0.854,24.0,0.0,89.0,176.135,3.876,,,,,,70.0,0,False,"area,radius,edge,background",
24,Syllophopsis,casent0172919,18,card,cream,675,0.001,6.403,0.645,51.0,0.575,59.0,179.232,3.771,,,,,,70.0,0,False,"area,radius,edge",
24,Syllophopsis,casent0172919,19,card,cream,860,0.001,9.0,0.726,39.0,0.524,64.0,182.152,3.157,,,,,,70.0,0,False,"area,radius,edge",
24,Syllophopsis,casent0172919,20,card,cream,661,0.001,9.0,0.878,34.0,0.567,67.0,191.13,2.313,,,,,,70.0,0,False,"area,radius,edge",
24,Syllophopsis,casent0172919,21,card,cream,261,0.0,5.099,0.823,26.0,0.844,83.0,176.045,2.541,,,,,,70.0,0,False,"area,radius,edge",
24,Syllophopsis,casent0172919,22,pin,,1348,0.002,13.0,0.751,38.0,0.458,60.0,79.846,2.04,60.06211321999703,22.4434327687158,0.9866468842729971,0.09113535388531888,False,,,False,"length,elongation,border,chroma",
24,Syllophopsis,casent0172919,23,pin,,2827,0.004,20.591,0.829,54.0,0.637,87.0,104.374,1.668,84.80914500402072,33.33366938041852,0.9865581888928192,0.2101668305830608,False,,,False,"length,elongation,border,chroma",
24,Syllophopsis,casent0172919,24,pin,,53632,0.068,40.0,0.367,171.0,0.959,86.0,143.767,2.177,639.4841238057109,83.86760203024926,0.5770435560859188,0.2163064826111111,False,,,False,"width,straight,border,lum,chroma",
24,Syllophopsis,casent0172919,25,pin,,5792,0.007,25.06,0.734,102.0,0.729,87.0,125.161,2.592,141.54989957152569,40.91843242229417,0.9910220994475138,0.11058017325575485,False,,,False,"border,chroma",
24,Syllophopsis,casent0172919,26,pin,,1961,0.002,17.088,0.779,43.0,0.473,78.0,134.036,1.672,79.11365151276581,24.787125388638803,0.9326874043855176,0.33890736734282384,False,,,False,"length,even_width,border,lum,chroma",
24,Syllophopsis,casent0172919,27,pin,,301,0.0,7.616,0.875,25.0,0.677,24.0,81.154,1.622,26.824942051449927,11.220900288346774,0.9867109634551495,0.1951731399964428,False,,,False,"length,elongation,border",
24,Syllophopsis,casent0172919,28,pin,,1141,0.001,15.264,0.912,38.0,0.798,94.0,162.026,1.339,50.70734490771645,22.501671149939604,0.9745836985100789,0.252175483972839,False,,,False,"length,elongation,even_width,border,lum,chroma",
24,Syllophopsis,casent0172919,29,pin,,322,0.0,7.0,0.815,29.0,0.662,54.0,187.658,1.298,27.00682608380498,11.922911600230275,0.9285714285714286,0.3191069066759763,False,,,False,"length,elongation,even_width,border,lum,chroma",
25,Tapinoma,casent0016783,0,card,white,760,0.001,8.0,0.811,54.0,0.454,25.0,167.329,3.624,,,,,,50.0,206,True,,
25,Tapinoma,casent0016783,1,card,white,292,0.0,4.472,0.781,32.0,0.488,21.0,165.234,3.816,,,,,,50.0,0,False,"area,radius,edge",
25,Tapinoma,casent0016783,2,card,white,1177,0.002,6.325,0.53,107.0,0.45,21.0,171.764,11.896,,,,,,50.0,0,False,radius,
25,Tapinoma,casent0016783,3,card,white,304,0.0,5.0,0.67,35.0,0.516,28.0,167.976,5.237,,,,,,50.0,0,False,"area,radius,edge",
25,Tapinoma,casent0016783,4,card,cream,297,0.0,4.472,0.816,24.0,0.0,56.0,161.072,1.394,,,,,,70.0,0,False,"area,radius,edge,background",
25,Tapinoma,casent0016783,5,card,cream,1955,0.003,13.038,0.685,50.0,0.0,54.0,165.778,1.9,,,,,,70.0,0,False,"area,radius,edge,background",
25,Tapinoma,casent0016783,6,card,white,1580,0.002,7.211,0.482,70.0,0.358,29.0,172.085,5.123,,,,,,50.0,0,False,radius,
25,Tapinoma,casent0016783,7,card,cream,112110,0.148,37.643,0.528,211.0,0.261,55.0,183.956,1.293,,,,,,200.89698852894733,0,False,solidity,
25,Tapinoma,casent0016783,8,card,white,192,0.0,4.243,0.771,23.0,0.0,38.0,163.858,2.359,,,,,,50.0,0,False,"area,radius,edge,background",
25,Tapinoma,casent0016783,9,card,cream,239,0.0,3.606,0.622,30.0,0.0,53.0,161.343,2.053,,,,,,70.0,0,False,"area,radius,edge,background",
25,Tapinoma,casent0016783,10,card,white,437,0.001,8.062,0.865,28.0,0.0,38.0,168.085,1.827,,,,,,50.0,0,False,"area,edge,background",
25,Tapinoma,casent0016783,11,card,cream,1453,0.002,11.18,0.724,57.0,0.0,52.0,168.745,3.342,,,,,,70.0,0,False,"area,radius,edge,background",
25,Tapinoma,casent0016783,12,card,white,551,0.001,5.831,0.653,31.0,0.265,47.0,171.973,1.156,,,,,,50.0,0,False,"area,radius,edge",
25,Tapinoma,casent0016783,13,card,cream,358,0.0,5.657,0.701,32.0,0.0,67.0,157.814,1.775,,,,,,70.0,0,False,"area,radius,edge,background",
25,Tapinoma,casent0016783,14,card,white,217,0.0,5.657,0.838,19.0,0.518,31.0,164.226,2.154,,,,,,50.0,0,False,"area,radius,edge",
25,Tapinoma,casent0016783,15,card,white,184,0.0,3.606,0.84,23.0,0.435,26.0,167.008,2.616,,,,,,50.0,0,False,"area,radius,edge",
25,Tapinoma,casent0016783,16,card,white,1037,0.001,6.083,0.471,61.0,0.322,40.0,171.956,4.69,,,,,,50.0,0,False,radius,
25,Tapinoma,casent0016783,17,pin,,2862,0.004,21.932,0.815,48.0,0.579,55.0,157.01,1.771,99.32286955916103,28.81511592146729,0.9353598881900769,0.35940086920656067,False,,,False,"length,even_width,border,lum,chroma",
25,Tapinoma,casent0016783,18,pin,,335,0.0,6.0,0.803,35.0,0.564,45.0,167.984,3.335,37.752772991051614,8.87352036575972,0.9970149253731343,0.15432221322177558,False,,,False,"length,border,lum,chroma",
25,Tapinoma,casent0016783,19,pin,,33829,0.045,39.205,0.463,146.0,0.904,45.0,207.3,2.274,441.85993994752914,76.56045941620594,0.6997842088149221,0.23577667264035407,False,,,False,"straight,border,lum,chroma",
25,Tapinoma,casent0016783,20,pin,,7476,0.01,26.683,0.905,96.0,0.923,75.0,170.867,3.295,171.9471045031981,43.47848730340761,1.0,0.09414013850673263,False,,,False,"border,lum,chroma",
25,Tapinoma,casent0016783,21,pin,,626,0.001,8.485,0.743,38.0,0.741,27.5,157.682,2.157,49.55233454536578,12.63310812181592,0.9153354632587859,0.2823098210229522,False,,,False,"length,even_width,border,lum,chroma",
26,Technomyrmex,casent0101932,0,card,cream,284,0.0,4.0,0.671,35.0,0.447,67.0,187.678,3.837,,,,,,87.5,0,False,"area,radius,edge",
26,Technomyrmex,casent0101932,1,card,cream,366,0.0,5.0,0.684,26.0,0.0,55.0,178.131,1.74,,,,,,87.5,0,False,"area,radius,edge,background",
26,Technomyrmex,casent0101932,2,card,cream,525,0.001,5.831,0.632,44.0,0.323,57.0,171.919,2.898,,,,,,87.5,0,False,"area,radius,edge",
26,Technomyrmex,casent0101932,3,card,cream,1618,0.002,12.042,0.621,48.0,0.452,66.0,196.932,2.539,,,,,,87.5,0,False,"area,radius,edge",
26,Technomyrmex,casent0101932,4,card,cream,240,0.0,3.606,0.676,32.0,0.0,59.0,181.487,2.64,,,,,,87.5,0,False,"area,radius,edge,background",
26,Technomyrmex,casent0101932,5,card,cream,4371,0.005,8.944,0.459,81.0,0.0,68.0,182.023,2.576,,,,,,87.5,0,False,"area,radius,solidity,edge,background",
26,Technomyrmex,casent0101932,6,card,cream,21607,0.027,29.017,0.645,203.0,0.391,74.0,223.759,5.347,,,,,,88.19591827289968,2529,True,,
26,Technomyrmex,casent0101932,7,pin,,1777,0.002,19.235,0.934,43.0,0.804,87.0,148.364,1.313,55.70631548215467,31.899435182878968,1.0,0.1057337577451344,False,,,False,"length,elongation,border,lum,chroma",
26,Technomyrmex,casent0101932,8,pin,,512,0.001,9.0,0.858,36.0,0.571,61.0,205.976,1.875,39.11430595695607,13.089839829024145,0.962890625,0.21656152635559528,False,,,False,"length,elongation,border,lum,chroma",
26,Technomyrmex,casent0101932,9,pin,,6964,0.009,22.023,0.542,73.0,0.607,72.0,123.995,2.021,205.00452071879965,33.969982591517436,0.7613440551407237,0.5908418457794402,False,,,False,"straight,even_width,border,chroma",
26,Technomyrmex,casent0101932,10,pin,,9094,0.011,29.967,0.616,93.0,0.757,95.0,144.014,1.772,166.73043052686404,54.54313271586467,0.9187376292060699,0.2407248695859946,False,,,False,"border,lum,chroma",
27,Technomyrmex,casent0104343,0,card,white,181,0.0,3.0,0.656,25.0,0.0,6.0,169.695,1.263,,,,,,50.0,0,False,"area,radius,edge,background",
27,Technomyrmex,casent0104343,1,card,white,252,0.0,6.083,0.843,21.0,0.193,38.0,164.679,1.235,,,,,,50.0,0,False,"area,radius,edge",
27,Technomyrmex,casent0104343,2,card,white,251,0.0,3.606,0.605,39.0,0.946,27.0,164.031,5.31,,,,,,50.0,0,False,"area,radius,edge",
27,Technomyrmex,casent0104343,3,card,white,1111,0.002,6.708,0.82,103.0,0.69,37.0,173.934,8.949,,,,,,50.0,0,False,radius,
27,Technomyrmex,casent0104343,4,card,white,783,0.001,8.944,0.819,42.0,0.477,48.0,164.995,2.91,,,,,,50.0,0,False,edge,
27,Technomyrmex,casent0104343,5,card,cream,1040,0.002,6.708,0.83,74.0,0.524,54.0,169.739,7.315,,,,,,70.0,0,False,"area,radius",
27,Technomyrmex,casent0104343,6,card,white,208,0.0,5.099,0.846,23.0,0.179,48.5,173.11,1.159,,,,,,50.0,0,False,"area,radius,edge",
27,Technomyrmex,casent0104343,7,card,cream,612,0.001,5.099,0.63,54.0,0.967,66.0,167.292,6.325,,,,,,70.0,0,False,"area,radius,edge",
27,Technomyrmex,casent0104343,8,pin,,3532,0.005,22.0,0.916,74.0,0.86,9.0,70.776,1.335,83.45380861015519,42.322813767545696,0.996885617214043,0.1599700796028317,False,,,False,"length,elongation,border",
27,Technomyrmex,casent0104343,9,pin,,556,0.001,8.485,0.801,33.0,0.617,21.0,89.423,2.151,42.384642466281804,13.117958950398458,0.9550359712230215,0.2640420758343792,False,,,False,"length,even_width,border",
27,Technomyrmex,casent0104343,10,pin,,449,0.001,7.071,0.746,32.0,0.726,14.0,131.942,2.677,38.86040474704581,11.554177135381824,0.9888641425389755,0.20490808813040662,False,,,False,"length,border,lum",
27,Technomyrmex,casent0104343,11,pin,,630,0.001,7.211,0.693,38.0,0.65,20.0,139.942,3.627,50.95889663298753,12.362905039670311,0.9809523809523809,0.22312946119556498,False,,,False,"length,border,lum",
27,Technomyrmex,casent0104343,12,pin,,26459,0.039,31.0,0.328,150.0,0.956,12.0,99.833,1.287,394.4321972748281,67.08123774582273,0.398125401564685,0.4677678898177669,False,,,False,"straight,even_width,border",
27,Technomyrmex,casent0104343,13,pin,,2328,0.003,13.0,0.799,58.0,0.921,25.0,112.753,3.2,99.5316418776349,23.38954684242087,0.9948453608247423,0.0876326190759806,False,,,False,"length,border",
27,Technomyrmex,casent0104343,14,pin,,657,0.001,5.0,0.685,61.0,0.994,25.0,156.102,7.943,87.7079085257522,7.490772622939653,0.9482496194824962,0.11086030709591396,False,,,False,"length,border,lum",
27,Technomyrmex,casent0104343,15,pin,,2665,0.004,22.023,0.897,63.0,0.778,45.0,113.905,1.428,73.64827807455057,36.185503173643106,0.9969981238273922,0.22200824311751138,False,,,False,"length,elongation,border,chroma",
28,Terataner,casent0102049,0,card,cream,378,0.001,6.083,0.747,33.0,0.0,86.0,165.987,2.345,,,,,,70.0,0,False,"area,radius,edge,background",
28,Terataner,casent0102049,1,card,cream,190,0.0,6.708,0.945,17.0,1.0,58.0,206.801,1.527,,,,,,70.0,0,False,"area,radius,edge",
28,Terataner,casent0102049,2,card,cream,325,0.0,4.472,0.767,31.0,0.0,83.0,169.328,2.696,,,,,,70.0,0,False,"area,radius,edge,background",
28,Terataner,casent0102049,3,card,cream,486,0.001,7.211,0.854,44.0,0.479,82.0,174.806,3.287,,,,,,70.0,0,False,"area,radius,edge",
28,Terataner,casent0102049,4,pin,,11236,0.015,34.482,0.696,68.0,0.832,19.0,63.285,2.391,199.18423265032106,56.410087538030275,0.9550551797792809,0.20080403713803324,False,,,False,border,
28,Terataner,casent0102049,5,pin,,1344,0.002,16.492,0.92,35.0,0.766,36.0,129.225,1.403,55.969509996350546,24.01307426289125,0.9665178571428571,0.3004781987383079,False,,,False,"length,elongation,even_width,border,chroma",
28,Terataner,casent0102049,6,pin,,15151,0.021,30.0,0.406,121.0,0.933,82.0,117.891,3.874,364.3331556578642,41.5855646534347,0.7471454029437001,0.4045061970808776,False,,,False,"straight,even_width,border,chroma",
28,Terataner,casent0102049,7,pin,,864,0.001,12.728,0.864,35.0,0.667,47.0,94.096,1.329,40.94833310719811,21.099759976508583,0.9872685185185185,0.2219339494631274,False,,,False,"length,elongation,border,chroma",
28,Terataner,casent0102049,8,pin,,4275,0.006,12.042,0.415,116.0,0.945,60.0,104.251,7.376,246.2812254185692,17.358205006225667,0.8065497076023391,0.06781342371133371,False,,,False,"straight,border,chroma",
28,Terataner,casent0102049,9,pin,,1032,0.001,13.342,0.864,37.0,0.68,67.0,129.241,1.532,44.65041245975828,23.112888395602223,1.0,0.1535536141880257,False,,,False,"length,elongation,border,chroma",
28,Terataner,casent0102049,10,pin,,397,0.001,8.0,0.857,35.0,0.615,48.0,109.79,2.111,34.83456516213052,11.3967261584074,0.982367758186398,0.19900566153442323,False,,,False,"length,border,chroma",
29,Tetramorium,casent0102347,0,card,white,209,0.0,4.0,0.792,37.0,0.0,20.0,167.665,5.67,,,,,,50.0,0,False,"area,radius,edge,background",
29,Tetramorium,casent0102347,1,card,cream,505,0.001,8.944,0.738,35.0,0.0,58.0,180.556,2.747,,,,,,70.0,0,False,"area,radius,edge,background",
29,Tetramorium,casent0102347,2,card,white,294,0.0,4.123,0.697,36.0,0.181,49.0,174.568,3.164,,,,,,50.0,0,False,"area,radius,edge",
29,Tetramorium,casent0102347,3,card,white,3615,0.005,23.195,0.833,59.0,0.0,41.0,194.907,1.69,,,,,,50.0,0,False,background,
29,Tetramorium,casent0102347,4,card,white,200,0.0,5.0,0.847,22.0,0.038,7.0,189.424,2.348,,,,,,50.0,0,False,"area,radius,edge,background",
29,Tetramorium,casent0102347,5,card,cream,163,0.0,3.162,0.751,28.0,0.0,71.0,163.79,5.229,,,,,,70.0,0,False,"area,radius,edge,background",
29,Tetramorium,casent0102347,6,card,cream,200,0.0,5.0,0.725,25.0,0.41,57.0,169.834,1.909,,,,,,70.0,0,False,"area,radius,edge",
29,Tetramorium,casent0102347,7,card,white,242,0.0,5.0,0.595,25.0,0.697,44.0,167.996,1.8,,,,,,50.0,0,False,"area,radius,edge",
29,Tetramorium,casent0102347,8,card,white,185,0.0,4.0,0.703,31.0,0.557,48.0,184.967,4.012,,,,,,50.0,0,False,"area,radius,edge",
29,Tetramorium,casent0102347,9,card,cream,256,0.0,5.0,0.8,30.0,0.0,55.0,173.481,3.439,,,,,,70.0,0,False,"area,radius,edge,background",
29,Tetramorium,casent0102347,10,card,cream,290,0.0,7.28,0.876,22.0,0.611,61.0,164.872,1.297,,,,,,70.0,0,False,"area,radius,edge",
29,Tetramorium,casent0102347,11,pin,,877,0.001,12.042,0.819,40.0,0.79,47.0,103.753,1.696,53.24412447173454,16.471300987690558,0.9224629418472063,0.39471198624867176,False,,,False,"length,even_width,border,chroma",
29,Tetramorium,casent0102347,12,pin,,2008,0.003,19.416,0.816,41.0,0.697,66.0,106.839,1.491,69.7769773811546,28.777400159243953,0.9611553784860558,0.3487439547841221,False,,,False,"length,elongation,even_width,border,chroma",
29,Tetramorium,casent0102347,13,pin,,567,0.001,5.831,0.686,35.0,0.596,36.0,90.808,3.466,53.270643244416966,10.643761093675632,0.9594356261022927,0.05871549524185902,False,,,False,"length,border,chroma",
29,Tetramorium,casent0102347,14,pin,,17468,0.023,23.0,0.323,92.0,0.931,66.0,128.328,2.08,348.30879815269236,50.15090084615761,0.40107625372109,0.20332076875190763,False,,,False,"straight,border,chroma",
29,Tetramorium,casent0102347,15,pin,,5458,0.007,30.414,0.826,55.0,0.774,36.0,116.951,1.42,123.08126727829625,44.344684781795756,0.938255771344815,0.3866323538535053,False,,,False,"elongation,even_width,border,chroma",
30,Tetraponera,casent0409559,0,card,white,443,0.001,4.123,0.432,52.0,0.15,44.0,184.055,3.289,,,,,,42.28515625,0,False,"area,radius,solidity,background",
30,Tetraponera,casent0409559,1,card,white,221,0.0,4.123,0.739,24.0,0.0,14.0,166.876,2.313,,,,,,42.28515625,0,False,"area,radius,edge,background",
30,Tetraponera,casent0409559,2,card,cream,2210,0.003,8.544,0.584,56.0,0.413,77.5,192.885,1.492,,,,,,59.19921875,0,False,"area,radius,solidity,edge",
30,Tetraponera,casent0409559,3,card,cream,471,0.001,5.385,0.654,33.0,0.185,75.0,203.944,3.839,,,,,,59.19921875,0,False,"area,radius,edge",
30,Tetraponera,casent0409559,4,card,cream,144,0.0,4.472,0.754,19.0,0.0,86.0,208.089,1.615,,,,,,59.19921875,0,False,"area,radius,edge,background",
30,Tetraponera,casent0409559,5,card,cream,251,0.0,5.385,0.671,31.0,0.528,57.0,207.174,3.143,,,,,,59.19921875,0,False,"area,radius,edge",
30,Tetraponera,casent0409559,6,card,cream,190,0.0,3.606,0.754,31.0,0.551,59.5,196.289,4.476,,,,,,59.19921875,0,False,"area,radius,edge",
30,Tetraponera,casent0409559,7,card,white,230,0.0,4.0,0.813,33.0,0.507,44.5,191.558,4.605,,,,,,42.28515625,0,False,"area,radius,edge",
30,Tetraponera,casent0409559,8,card,white,544,0.001,5.099,0.591,63.0,0.224,35.0,186.307,7.742,,,,,,42.28515625,0,False,"area,radius",
30,Tetraponera,casent0409559,9,card,cream,535,0.001,5.385,0.671,66.0,0.698,72.0,203.028,5.749,,,,,,59.19921875,0,False,"area,radius",
30,Tetraponera,casent0409559,10,card,cream,303,0.0,4.123,0.698,37.0,0.368,68.0,184.962,5.607,,,,,,59.19921875,0,False,"area,radius,edge",
30,Tetraponera,casent0409559,11,card,cream,279,0.0,5.831,0.88,30.0,0.0,84.0,187.069,2.898,,,,,,59.19921875,0,False,"area,radius,edge,background",
30,Tetraponera,casent0409559,12,card,cream,127,0.0,3.162,0.864,25.0,0.562,57.0,191.022,4.48,,,,,,59.19921875,0,False,"area,radius,edge",
30,Tetraponera,casent0409559,13,card,cream,217,0.0,4.123,0.672,30.0,0.36,83.0,183.215,3.509,,,,,,59.19921875,0,False,"area,radius,edge",
30,Tetraponera,casent0409559,14,card,cream,111,0.0,3.606,0.888,17.0,0.0,52.0,200.285,1.791,,,,,,59.19921875,0,False,"area,radius,edge,background",
30,Tetraponera,casent0409559,15,card,cream,247,0.0,5.0,0.777,37.0,0.541,73.0,198.025,3.908,,,,,,59.19921875,0,False,"area,radius,edge",
30,Tetraponera,casent0409559,16,card,white,618,0.001,7.0,0.647,36.0,0.312,45.0,189.852,2.21,,,,,,42.28515625,0,False,"area,edge",
30,Tetraponera,casent0409559,17,card,cream,353,0.001,5.385,0.703,47.0,0.106,75.0,199.737,3.079,,,,,,59.19921875,0,False,"area,radius,edge,background",
30,Tetraponera,casent0409559,18,card,white,2651,0.004,10.05,0.697,79.0,0.0,41.0,192.926,3.316,,,,,,42.28515625,0,False,background,
30,Tetraponera,casent0409559,19,card,cream,827,0.001,6.325,0.434,71.0,0.535,78.0,202.009,5.049,,,,,,59.19921875,0,False,"area,radius,solidity",
30,Tetraponera,casent0409559,20,card,white,341,0.0,6.325,0.888,25.0,0.0,48.0,165.956,1.712,,,,,,42.28515625,0,False,"area,radius,edge,background",
30,Tetraponera,casent0409559,21,card,cream,470,0.001,5.831,0.636,42.0,0.0,69.0,172.277,1.925,,,,,,59.19921875,0,False,"area,radius,edge,background",
30,Tetraponera,casent0409559,22,card,cream,1129,0.002,6.708,0.51,85.0,0.662,75.0,211.336,6.076,,,,,,59.19921875,0,False,"area,radius,solidity",
30,Tetraponera,casent0409559,23,card,cream,210,0.0,3.606,0.747,30.0,0.446,73.0,193.728,2.897,,,,,,59.19921875,0,False,"area,radius,edge",
30,Tetraponera,casent0409559,24,card,cream,107,0.0,3.606,0.863,17.0,0.0,79.0,172.182,2.418,,,,,,59.19921875,0,False,"area,radius,edge,background",
30,Tetraponera,casent0409559,25,card,cream,1081,0.002,6.708,0.514,70.0,0.416,74.0,200.108,4.113,,,,,,59.19921875,0,False,"area,radius,solidity",
30,Tetraponera,casent0409559,26,card,cream,129,0.0,4.123,0.822,19.0,0.0,78.0,175.751,2.602,,,,,,59.19921875,0,False,"area,radius,edge,background",
30,Tetraponera,casent0409559,27,card,white,111,0.0,2.828,0.854,23.0,0.605,48.0,185.767,4.782,,,,,,42.28515625,0,False,"area,radius,edge",
30,Tetraponera,casent0409559,28,card,cream,289,0.0,4.0,0.593,41.0,0.571,77.0,186.243,4.826,,,,,,59.19921875,0,False,"area,radius,solidity,edge",
30,Tetraponera,casent0409559,29,card,cream,289,0.0,5.099,0.735,26.0,0.709,69.0,205.803,2.934,,,,,,59.19921875,0,False,"area,radius,edge",
30,Tetraponera,casent0409559,30,card,cream,326,0.0,5.0,0.807,27.0,0.656,68.0,196.193,1.895,,,,,,59.19921875,0,False,"area,radius,edge",
30,Tetraponera,casent0409559,31,card,cream,345,0.0,4.0,0.7,42.0,0.654,73.0,204.921,4.364,,,,,,59.19921875,0,False,"area,radius,edge",
30,Tetraponera,casent0409559,32,card,cream,179,0.0,4.123,0.782,24.0,0.817,73.0,200.336,3.428,,,,,,59.19921875,0,False,"area,radius,edge",
30,Tetraponera,casent0409559,33,card,cream,289,0.0,5.0,0.651,29.0,0.765,74.0,193.667,2.949,,,,,,59.19921875,0,False,"area,radius,edge",
30,Tetraponera,casent0409559,34,pin,,1158,0.002,10.296,0.95,47.0,0.871,102.0,174.957,3.324,68.26226554386736,16.963984285810657,1.0,0.1344057126705213,False,,,False,"length,border,lum,chroma",
30,Tetraponera,casent0409559,35,pin,,1615,0.002,16.553,0.848,56.0,0.636,103.0,137.039,1.461,57.83821294486245,27.92271610361804,0.9938080495356038,0.1854724394968205,False,,,False,"length,elongation,border,lum,chroma",
30,Tetraponera,casent0409559,36,pin,,30968,0.044,33.242,0.442,167.0,0.939,89.0,179.101,2.304,543.1397886682317,57.01662932103159,0.49599586670111084,0.543154989806705,False,,,False,"straight,even_width,border,lum,chroma",
30,Tetraponera,casent0409559,37,pin,,13315,0.019,19.647,0.323,195.0,0.94,83.0,179.117,8.914,542.0083847608206,24.56604062661446,0.8063086744273376,0.297400088358129,False,,,False,"straight,even_width,border,lum,chroma",
30,Tetraponera,casent0409559,38,pin,,5327,0.008,21.541,0.694,63.0,0.694,62.0,133.108,2.688,148.8711745822485,35.78261550597852,0.9645203679369251,0.190694240745993,False,,,False,"border,lum,chroma",
30,Tetraponera,casent0409559,39,pin,,423,0.001,8.485,0.858,31.0,0.662,78.0,208.914,1.796,34.128041418315334,12.394499725758966,0.9739952718676123,0.1769918379225157,False,,,False,"length,elongation,border,lum,chroma",
