specimen_code,genus,subfamily,species,creator,image_source,typeStatus,rightsHolder,split,view,image_path,is_type,rights_year_start,rights_year_end,sha256,source_url,match_method,source3,is_commons_thumb_1280,width,height,aspect,file_bytes,border_r,border_g,border_b,border_brightness,warm_cool,dark_frac,dark_frac_abs,scalebar_style,scalebar_status,scalebar_px,scalebar_frac_width,scalebar_thickness_px,scalebar_x_frac,scalebar_y_frac,scalebar_n_candidates,scalebar_mm
casent0000550,Mystrium,amblyoponinae,Mystrium mysticum,April Nobile,commons,,"California Academy of Sciences, 2000-2007",train,p,data/images/Mystrium/casent0000550_p.jpg,False,2000.0,2007.0,0432c74e6b346f95d111975c1e4cc4603e7315af12da2d5363aaf8662108e750,https://upload.wikimedia.org/wikipedia/commons/5/5a/Mystrium_mysticum_casent0000550_profile_1.jpg,"Commons server thumbnail, byte-identical",commons_thumbnail,True,1280,719,1.7803,179720,145.0,155.0,142.0,149.07,3.0,0.09394,0.04556,thin_line,found,291.0,0.2273,3.0,0.499,0.933,0,
casent0000760,Mystrium,amblyoponinae,Mystrium mysticum,April Nobile,commons,,"California Academy of Sciences, 2000-2007",train,p,data/images/Mystrium/casent0000760_p.jpg,False,2000.0,2007.0,83e1d01a4b93dc12f3e4a4a51298e46d1db5abd47c10c7ce8492ce1a64ea0939,https://upload.wikimedia.org/wikipedia/commons/9/90/Mystrium_rogeri_casent0000760_profile_1.jpg,"original file, byte-identical",commons_original,False,1254,808,1.552,142401,138.0,137.0,131.0,133.98,7.0,0.1265,0.0967,thin_line,found,377.0,0.3006,3.0,0.499,0.941,0,
casent0001385,Aphaenogaster,myrmicinae,Aphaenogaster swammerdami,April Nobile,commons,,"California Academy of Sciences, 2000-2007",train,p,data/images/Aphaenogaster/casent0001385_p.jpg,False,2000.0,2007.0,79fb7d11f12fbe9154d0bf08f095c4f2614e77fb2d5502a3cfdf047acf3f9cef,https://upload.wikimedia.org/wikipedia/commons/5/56/Aphaenogaster_swammerdami_casent0001385_profile_1.jpg,"original file, byte-identical",commons_original,False,1071,808,1.3255,138244,157.0,156.0,149.0,152.41,8.0,0.12063,0.07232,thin_line,found,289.0,0.2698,3.0,0.499,0.95,0,
casent0002102,Mystrium,amblyoponinae,Mystrium voeltzkowi,April Nobile,commons,,"California Academy of Sciences, 2000-2007",train,p,data/images/Mystrium/casent0002102_p.jpg,False,2000.0,2007.0,eb6cdcd13afc37238855df1cff2df479956d704a067605ece79fe28a1f005b2d,https://upload.wikimedia.org/wikipedia/commons/b/b4/Mystrium_voeltzkowi_casent0002102_profile_1.jpg,"original file, byte-identical",commons_original,False,1133,808,1.4022,148424,152.0,154.0,152.0,150.37,0.0,0.11116,0.06079,thin_line,found,240.0,0.2118,3.0,0.5,0.947,0,
casent0002219,Royidris,myrmicinae,Royidris notorthotenes,April Nobile,commons,,"California Academy of Sciences, 2000-2008",test,p,data/images/Royidris/casent0002219_p.jpg,False,2000.0,2008.0,22615185e04ab856699719dc61b8a53bfddb47bde9563381ef848d2ceb4ba7a5,https://upload.wikimedia.org/wikipedia/commons/8/84/Monomorium_notorthotenes_casent0002219_profile_1.jpg,"original file, byte-identical",commons_original,False,1140,808,1.4109,676050,175.0,175.0,172.0,175.37,3.0,0.02243,0.01013,black_bar,found,187.0,0.164,5.0,0.906,0.928,1,
casent0002244,Royidris,myrmicinae,Royidris notorthotenes,April Nobile,commons,,"California Academy of Sciences, 2000-2008",train,p,data/images/Royidris/casent0002244_p.jpg,False,2000.0,2008.0,eea09a656f3f7da30a8e6eb3022f11d7aaafcc2fea9a7e586f3b05bf93eff6b2,https://upload.wikimedia.org/wikipedia/commons/a/a5/Monomorium_notorthotenes_casent0002244_profile_1.jpg,"original file, byte-identical",commons_original,False,1163,808,1.4394,695178,196.0,196.0,190.0,180.09,6.0,0.14888,0.01819,black_bar,found,189.0,0.1625,5.0,0.897,0.913,1,
casent0002257,Royidris,myrmicinae,Royidris notorthotenes,April Nobile,commons,Holotype,"California Academy of Sciences, 2000-2008",train,p,data/images/Royidris/casent0002257_p.jpg,True,2000.0,2008.0,32a7b1673371788ed29b292a56b9977873f1f98778fe8f9c521515cf0a99c991,https://upload.wikimedia.org/wikipedia/commons/5/51/Monomorium_notorthotenes_casent0002257_profile_1.jpg,"harvester downscale, byte-identical",commons_original,False,1024,743,1.3782,157953,181.0,183.0,179.0,174.28,2.0,0.05105,0.00833,black_bar,found,133.0,0.1299,4.0,0.914,0.917,1,
casent0002259,Royidris,myrmicinae,Royidris notorthotenes,April Nobile,commons,,"California Academy of Sciences, 2000-2007",train,p,data/images/Royidris/casent0002259_p.jpg,False,2000.0,2007.0,d2fffe522699a2c424d64444e61320c7b180cd58c0351e2705d4f94864841b7f,https://upload.wikimedia.org/wikipedia/commons/4/4a/Monomorium_notorthotenes_casent0002259_profile_1.jpg,"harvester downscale, byte-identical",commons_original,False,1024,739,1.3857,153095,179.0,179.0,175.0,167.59,4.0,0.06029,0.05389,black_bar,found,133.0,0.1299,4.0,0.911,0.924,1,
casent0002552,Terataner,myrmicinae,Terataner xaltus,Erin Prado,commons,,"California Academy of Sciences, 2000-2008",test,p,data/images/Terataner/casent0002552_p.jpg,False,2000.0,2008.0,8c338d197fe0dd706a48574e9ba633af4eb0508c8ffb37b00b1dc39c24446fe5,https://upload.wikimedia.org/wikipedia/commons/a/a7/Terataner_xaltus_casent0002552_profile_1.jpg,"harvester downscale, byte-identical",commons_original,False,1024,787,1.3011,191352,220.0,222.0,221.0,215.88,-1.0,0.23406,0.04988,black_bar,found,168.0,0.1641,4.0,0.893,0.924,1,
casent0003120,Nesomyrmex,myrmicinae,Nesomyrmex sikorai,April Nobile,commons,,"California Academy of Sciences, 2000-2008",test,p,data/images/Nesomyrmex/casent0003120_p.jpg,False,2000.0,2008.0,b396b38522fa5eec3059ed1b44979fddebfb0e9e16876bb3482f19614f782d6e,https://upload.wikimedia.org/wikipedia/commons/a/a6/Nesomyrmex_sikorai_casent0003120_profile_1.jpg,"harvester downscale, byte-identical",commons_original,False,1024,699,1.4649,160650,191.0,195.0,189.0,197.27,2.0,0.21194,0.08772,black_bar,found,169.0,0.165,4.0,0.899,0.913,1,
casent0003175,Technomyrmex,dolichoderinae,Technomyrmex difficilis,April Nobile,commons,,"California Academy of Sciences, 2000-2008",train,p,data/images/Technomyrmex/casent0003175_p.jpg,False,2000.0,2008.0,5b25351898226b9c697cb173048007243943f8b7cc04c3eaf1cdd2ca1be6641b,https://upload.wikimedia.org/wikipedia/commons/9/91/Technomyrmex_difficilis_casent0003175_profile_1.jpg,"harvester downscale, byte-identical",commons_original,False,1024,756,1.3545,185233,166.0,160.0,158.0,172.86,8.0,0.13554,0.08487,black_bar,found,217.0,0.2119,4.0,0.875,0.94,1,
casent0003239,Strumigenys,myrmicinae,Strumigenys alperti,April Nobile,commons,Holotype,"California Academy of Sciences, 2000-2007",train,p,data/images/Strumigenys/casent0003239_p.jpg,True,2000.0,2007.0,d1f74a2ad341f095185d340ae93089f94a5f72580c8e88fd4d6b9e243e2a1d0a,https://upload.wikimedia.org/wikipedia/commons/4/44/Strumigenys_alperti_casent0003239_profile_1.jpg,"harvester downscale, byte-identical",commons_original,False,1024,695,1.4734,156886,157.0,151.0,150.0,169.96,7.0,0.00994,0.00333,thin_line,found,123.0,0.1201,3.0,0.499,0.945,0,
casent0003240,Strumigenys,myrmicinae,Strumigenys coveri,April Nobile,commons,Holotype,"California Academy of Sciences, 2000-2007",train,p,data/images/Strumigenys/casent0003240_p.jpg,True,2000.0,2007.0,e1393e3cc7eedf283d37b1da154d3d5666171df2ba91aa3109ae8d267b9e8849,https://upload.wikimedia.org/wikipedia/commons/b/b2/Strumigenys_coveri_casent0003240_profile_1.jpg,"harvester downscale, byte-identical",commons_original,False,1024,644,1.5901,144065,157.0,151.0,151.0,167.04,6.0,0.03643,0.01728,black_bar,found,103.0,0.1006,2.0,0.495,0.939,1,
casent0003241,Strumigenys,myrmicinae,Strumigenys gorgon,April Nobile,commons,Holotype,"California Academy of Sciences, 2000-2007",train,p,data/images/Strumigenys/casent0003241_p.jpg,True,2000.0,2007.0,32aa33af69960c1daedc4622d1603ec27572047dae2bdb7159648b2ba62e96de,https://upload.wikimedia.org/wikipedia/commons/7/7b/Strumigenys_gorgon_casent0003241_profile_1.jpg,"harvester downscale, byte-identical",commons_original,False,1024,731,1.4008,159398,150.0,144.0,143.0,160.79,7.0,0.02568,0.01271,black_bar,found,123.0,0.1201,2.0,0.492,0.947,1,
casent0003242,Strumigenys,myrmicinae,Strumigenys rabesoni,April Nobile,commons,Holotype,"California Academy of Sciences, 2000-2007",train,p,data/images/Strumigenys/casent0003242_p.jpg,True,2000.0,2007.0,9ab49ef5d57ad911654990162ecebfea08394762a211037038ad2519ebe96580,https://upload.wikimedia.org/wikipedia/commons/d/d1/Strumigenys_rabesoni_casent0003242_profile_1.jpg,"harvester downscale, byte-identical",commons_original,False,1024,667,1.5352,156308,193.0,190.0,196.0,186.67,-3.0,0.12888,0.03326,black_bar,found,117.0,0.1143,2.0,0.499,0.942,1,
casent0003243,Strumigenys,myrmicinae,Strumigenys wardi,April Nobile,commons,,"California Academy of Sciences, 2000-2007",train,p,data/images/Strumigenys/casent0003243_p.jpg,False,2000.0,2007.0,37cd96298728a05d40f20a426753a20608d3e83cf0c5560bbd8ec4647caa7c2c,https://upload.wikimedia.org/wikipedia/commons/e/eb/Strumigenys_wardi_casent0003243_profile_1.jpg,"harvester downscale, byte-identical",commons_original,False,1024,710,1.4423,161734,138.0,135.0,133.0,155.55,5.0,0.00449,0.00279,thin_line,found,135.0,0.1318,3.0,0.499,0.946,0,
casent0003245,Strumigenys,myrmicinae,Strumigenys manga,April Nobile,commons,Holotype,"California Academy of Sciences, 2000-2007",test,p,data/images/Strumigenys/casent0003245_p.jpg,True,2000.0,2007.0,4dcbb1a56a37b5173b6f3240b018042d3acf7a9ed5452af070664d9b2271afac,https://upload.wikimedia.org/wikipedia/commons/2/21/Strumigenys_manga_casent0003245_profile_1.jpg,"harvester downscale, byte-identical",commons_original,False,1024,655,1.5634,137654,150.0,144.0,146.0,155.08,4.0,0.00564,0.00194,thin_line,found,103.0,0.1006,3.0,0.499,0.941,0,
casent0003246,Strumigenys,myrmicinae,Strumigenys adsita,April Nobile,commons,Holotype,"California Academy of Sciences, 2000-2007",train,p,data/images/Strumigenys/casent0003246_p.jpg,True,2000.0,2007.0,cec4437dca7f213e632d87f97b654089f3cafa1caea80d3b63ec748020359dfe,https://upload.wikimedia.org/wikipedia/commons/7/76/Strumigenys_adsita_casent0003246_profile_1.jpg,"Commons server thumbnail, byte-identical",commons_thumbnail,True,1280,699,1.8312,175266,114.0,110.0,114.0,137.39,0.0,0.00085,0.00109,black_bar,found,143.0,0.1117,2.0,0.499,0.931,1,
casent0003280,Mystrium,amblyoponinae,Mystrium labyrinth,Michele Esposito,gbif_cache,,"California Academy of Sciences, 2000-2012",train,p,data/images/Mystrium/casent0003280_p.jpg,False,2000.0,2012.0,f9875d75af82904b9cdb78490cd104c6bd6af1c3a3cf5e3a9151e485fe8a9fb5,https://api.gbif.org/v1/image/cache/1024x1024/occurrence/865075363/media/53bc3353a3815e9b0474665fc98d2227,,gbif_cache,False,1024,1024,1.0,110062,184.0,184.0,186.0,184.36,-2.0,0.10995,0.02728,black_bar,truncated,,,,0.957,0.969,1,
casent0003307,Mystrium,amblyoponinae,Mystrium mysticum,April Nobile,commons,,"California Academy of Sciences, 2000-2007",train,p,data/images/Mystrium/casent0003307_p.jpg,False,2000.0,2007.0,18ac6d0a6d4ab349c96edc3611bfa72e2002c78bd0ddcaa8081b6c924095df57,https://upload.wikimedia.org/wikipedia/commons/7/7f/Mystrium_mysticum_casent0003307_profile_1.jpg,"harvester downscale, byte-identical",commons_original,False,1024,611,1.6759,127834,217.0,219.0,221.0,216.69,-4.0,0.1075,0.01926,black_bar,found,205.0,0.2002,5.0,0.878,0.908,1,
casent0003308,Mystrium,amblyoponinae,Mystrium rogeri,April Nobile,commons,,"California Academy of Sciences, 2000-2007",train,p,data/images/Mystrium/casent0003308_p.jpg,False,2000.0,2007.0,228803e819da2be8c939c42e85c7452587c6a694b3d49e95342a45ff7e6d8532,https://upload.wikimedia.org/wikipedia/commons/e/e5/Mystrium_rogeri_casent0003308_profile_1.jpg,"harvester downscale, byte-identical",commons_original,False,946,808,1.1708,163144,163.0,160.0,154.0,167.49,9.0,0.09388,0.03856,thin_line,found,318.0,0.3362,4.0,0.432,0.949,0,
casent0003309,Mystrium,amblyoponinae,Mystrium mysticum,April Nobile,commons,,"California Academy of Sciences, 2000-2007",train,p,data/images/Mystrium/casent0003309_p.jpg,False,2000.0,2007.0,9c8db563bf71a800f978569317b28092b19afe3a27376426d12ff94c04c76c3e,https://upload.wikimedia.org/wikipedia/commons/7/7d/Mystrium_rogeri_casent0003309_profile_1.jpg,"harvester downscale, byte-identical",commons_original,False,1024,575,1.7809,120727,139.0,136.0,131.0,136.03,8.0,0.05176,0.03857,thin_line,found,223.0,0.2178,3.0,0.509,0.933,0,
casent0003310,Mystrium,amblyoponinae,Mystrium mysticum,April Nobile,commons,,"California Academy of Sciences, 2000-2007",train,p,data/images/Mystrium/casent0003310_p.jpg,False,2000.0,2007.0,cf6fe7acbab24a9ffb26453382b5330075212295d64f1e4c9064390e959fb06d,https://upload.wikimedia.org/wikipedia/commons/f/f0/Mystrium_rogeri_casent0003310_profile_1.jpg,"harvester downscale, byte-identical",commons_original,False,822,808,1.0173,203545,112.0,112.0,102.0,129.69,10.0,0.03269,0.04009,black_bar,found,185.0,0.2251,5.0,0.873,0.945,1,
casent0003327,Monomorium,myrmicinae,Monomorium termitobium,April Nobile,commons,,"California Academy of Sciences, 2000-2008",train,p,data/images/Monomorium/casent0003327_p.jpg,False,2000.0,2008.0,422b3974d470e08f958d1fce6ec8327d7bdc23afbfd4992d79ad2e447cf5e15c,https://upload.wikimedia.org/wikipedia/commons/a/ac/Monomorium_termitobium_casent0003327_profile_1.jpg,"harvester downscale, byte-identical",commons_original,False,1024,771,1.3281,135888,124.0,118.0,114.0,132.93,10.0,0.00836,0.00894,black_bar,found,127.0,0.124,5.0,0.917,0.92,1,
casent0003806,Mystrium,amblyoponinae,Mystrium mysticum,Erin Prado,commons,,"California Academy of Sciences, 2000-2008",test,p,data/images/Mystrium/casent0003806_p.jpg,False,2000.0,2008.0,1a779cb0ff0790541b4c27af56e09ae172c41187376c6e306f306acdbd7b3d96,https://upload.wikimedia.org/wikipedia/commons/6/6f/Mystrium_rogeri_casent0003806_profile_1.jpg,"harvester downscale, byte-identical",commons_original,False,1024,658,1.5562,183863,235.0,237.0,229.0,228.21,6.0,0.21413,0.02825,black_bar,found,118.0,0.1152,3.0,0.908,0.913,1,
casent0003814,Leptogenys,ponerinae,Leptogenys falcigera,April Nobile,commons,,"California Academy of Sciences, 2000-2008",train,p,data/images/Leptogenys/casent0003814_p.jpg,False,2000.0,2008.0,be593a0c5500e7b1bba97f4d3c330a7cb9a94cd0a8662492a7346b2c5bfc9c02,https://upload.wikimedia.org/wikipedia/commons/5/58/Leptogenys_falcigera_casent0003814_profile_1.jpg,"harvester downscale, byte-identical",commons_original,False,1024,797,1.2848,186392,175.0,170.0,158.0,166.18,17.0,0.14309,0.05766,black_bar,found,149.0,0.1455,4.0,0.73,0.949,1,
casent0003992,Monomorium,myrmicinae,Monomorium termitobium,April Nobile,commons,,"California Academy of Sciences, 2000-2008",test,p,data/images/Monomorium/casent0003992_p.jpg,False,2000.0,2008.0,b83ddf5ba708a9c87531dd6865b14801a8f063e40696e4bc1583cf5c7fa79829,https://upload.wikimedia.org/wikipedia/commons/d/db/Monomorium_termitobium_casent0003992_profile_1.jpg,"harvester downscale, byte-identical",commons_original,False,1024,771,1.3281,133895,125.0,122.0,115.0,117.64,10.0,0.00404,0.00365,black_bar,found,251.0,0.2451,5.0,0.856,0.92,1,
casent0004369,Strumigenys,myrmicinae,Strumigenys cabira,April Nobile,gbif_cache,Holotype,"California Academy of Sciences, 2000-2007",train,p,data/images/Strumigenys/casent0004369_p.jpg,True,2000.0,2007.0,2d2b5656cf35e2da6a202aa35a9e2a17a66323cb81ec0ec29dc1bd9613f4427a,https://api.gbif.org/v1/image/cache/1024x1024/occurrence/865076247/media/f78b96e2a172bcef9f6d209f84d13414,,gbif_cache,False,1024,1024,1.0,143091,208.0,192.0,179.0,186.51,29.0,0.00722,0.00032,thin_line,found,387.0,0.3779,3.0,0.498,0.929,0,
casent0004370,Strumigenys,myrmicinae,Strumigenys bola,April Nobile,commons,Paratype,"California Academy of Sciences, 2000-2007",train,p,data/images/Strumigenys/casent0004370_p.jpg,True,2000.0,2007.0,e41a65c69d95604473b06d4ca8dfa62ac03d86206b387c49c13dc1eb04eb6af4,https://upload.wikimedia.org/wikipedia/commons/4/4f/Strumigenys_bola_casent0004370_profile_1.jpg,"harvester downscale, byte-identical",commons_original,False,1024,653,1.5681,148806,168.0,169.0,168.0,177.17,0.0,0.0044,0.00037,thin_line,found,209.0,0.2041,3.0,0.499,0.946,0,
casent0005445,Strumigenys,myrmicinae,Strumigenys ambatrix,April Nobile,commons,Paratype,"California Academy of Sciences, 2000-2007",train,p,data/images/Strumigenys/casent0005445_p.jpg,True,2000.0,2007.0,b2dbc07878ca36a89e538cab49ca4b6c584d539f0c14d3d9bc18fe0662a539bd,https://upload.wikimedia.org/wikipedia/commons/b/bb/Strumigenys_ambatrix_casent0005445_profile_1.jpg,"harvester downscale, byte-identical",commons_original,False,1024,627,1.6332,158816,184.0,184.0,189.0,172.48,-5.0,0.00635,0.00017,thin_line,found,268.0,0.2617,2.0,0.857,0.96,0,
casent0005446,Strumigenys,myrmicinae,Strumigenys ambatrix,April Nobile,commons,Paratype,"California Academy of Sciences, 2000-2007",train,p,data/images/Strumigenys/casent0005446_p.jpg,True,2000.0,2007.0,37b4ad03cd57e85658ade385f60133764406f4165696632fa5f2a7af483e516a,https://upload.wikimedia.org/wikipedia/commons/5/55/Strumigenys_ambatrix_casent0005446_profile_1.jpg,"harvester downscale, byte-identical",commons_original,False,1024,597,1.7152,149615,127.0,132.0,132.0,147.93,-5.0,0.00337,0.00207,thin_line,found,287.0,0.2803,2.0,0.835,0.96,0,
casent0005447,Strumigenys,myrmicinae,Strumigenys ambatrix,April Nobile,commons,Paratype,"California Academy of Sciences, 2000-2007",train,p,data/images/Strumigenys/casent0005447_p.jpg,True,2000.0,2007.0,c65c03b791a7d006d50d4c99b6a829b158ba0da6bf392b20cf5ee05f848679de,https://upload.wikimedia.org/wikipedia/commons/f/ff/Strumigenys_ambatrix_casent0005447_profile_1.jpg,"harvester downscale, byte-identical",commons_original,False,1024,770,1.3299,179585,147.0,151.0,157.0,157.32,-10.0,0.00292,0.0007,thin_line,found,306.0,0.2988,2.0,0.823,0.966,0,
casent0005448,Strumigenys,myrmicinae,Strumigenys erynnes,April Nobile,commons,Paratype,"California Academy of Sciences, 2000-2007",train,p,data/images/Strumigenys/casent0005448_p.jpg,True,2000.0,2007.0,3f05c3d2f4db6e8f2eec94b985083889e14630064fc08d84f132352b8ee16f39,https://upload.wikimedia.org/wikipedia/commons/a/ae/Strumigenys_erynnes_casent0005448_profile_1.jpg,"harvester downscale, byte-identical",commons_original,False,861,808,1.0656,113344,120.0,126.0,127.0,139.45,-7.0,0.00024,0.00018,thin_line,found,407.0,0.4727,3.0,0.74,0.97,0,
casent0005449,Strumigenys,myrmicinae,Strumigenys erynnes,April Nobile,commons,Paratype,"California Academy of Sciences, 2000-2007",train,p,data/images/Strumigenys/casent0005449_p.jpg,True,2000.0,2007.0,cde8d08757ba65881dc4d0be3a69b5c9e44e4204f16e405731e6a8254a3eaa7f,https://upload.wikimedia.org/wikipedia/commons/3/3f/Strumigenys_erynnes_casent0005449_profile_1.jpg,"harvester downscale, byte-identical",commons_original,False,1024,619,1.6543,150176,144.0,149.0,151.0,148.13,-7.0,0.00034,4e-05,thin_line,found,356.0,0.3477,1.0,0.802,0.962,0,
casent0005450,Strumigenys,myrmicinae,Strumigenys erynnes,April Nobile,commons,Paratype,"California Academy of Sciences, 2000-2007",train,p,data/images/Strumigenys/casent0005450_p.jpg,True,2000.0,2007.0,5bf0796f5d93dc133af03d52817c96e52c191841af335db66e29600c41711427,https://upload.wikimedia.org/wikipedia/commons/3/35/Strumigenys_erynnes_casent0005450_profile_1.jpg,"harvester downscale, byte-identical",commons_original,False,852,808,1.0545,126886,164.0,164.0,165.0,168.18,-1.0,0.00131,0.00013,thin_line,found,479.0,0.5622,3.0,0.705,0.968,0,
casent0005451,Strumigenys,myrmicinae,,April Nobile,commons,,"California Academy of Sciences, 2000-2007",train,p,data/images/Strumigenys/casent0005451_p.jpg,False,2000.0,2007.0,ef7d8ffe9f8fd436cdc0deaf82efa8ab12fc1592e23a001cd0473991b1645ec1,https://upload.wikimedia.org/wikipedia/commons/8/88/Strumigenys_hathor_casent0005451_profile_1.jpg,"harvester downscale, byte-identical",commons_original,False,1024,677,1.5126,153156,143.0,145.0,145.0,154.71,-2.0,0.01241,0.00523,thin_line,found,388.0,0.3789,3.0,0.786,0.965,0,
casent0005453,Strumigenys,myrmicinae,,April Nobile,commons,Paratype,"California Academy of Sciences, 2000-2007",train,p,data/images/Strumigenys/casent0005453_p.jpg,True,2000.0,2007.0,3e9eacc07600db109a785a55dca0c122132b593347cf198e5097540fe2f2ea8e,https://upload.wikimedia.org/wikipedia/commons/4/41/Strumigenys_exiguaevitae_casent0005453_profile_1.jpg,"harvester downscale, byte-identical",commons_original,False,1024,775,1.3213,165719,165.0,164.0,159.0,169.83,6.0,0.08986,0.03243,thin_line,found,405.0,0.3955,3.0,0.792,0.968,0,
casent0005454,Strumigenys,myrmicinae,,April Nobile,commons,Paratype,"California Academy of Sciences, 2000-2007",test,p,data/images/Strumigenys/casent0005454_p.jpg,True,2000.0,2007.0,123bdb88bb8bac467dcc22a22f8da46b639b7f95f2f3f34379f5229ea293b4d1,https://upload.wikimedia.org/wikipedia/commons/e/e4/Strumigenys_exiguaevitae_casent0005454_profile_1.jpg,"harvester downscale, byte-identical",commons_original,False,1024,667,1.5352,158810,149.0,150.0,145.0,159.61,4.0,0.08018,0.04559,thin_line,found,367.0,0.3584,3.0,0.812,0.965,0,
casent0005455,Strumigenys,myrmicinae,Strumigenys olsoni,April Nobile,commons,Paratype,"California Academy of Sciences, 2000-2007",train,p,data/images/Strumigenys/casent0005455_p.jpg,True,2000.0,2007.0,18591ee951f8e02937ffeea2a5383fe856546868f3e177415a99e4b6568da4cc,https://upload.wikimedia.org/wikipedia/commons/9/9b/Strumigenys_olsoni_casent0005455_profile_1.jpg,"harvester downscale, byte-identical",commons_original,False,1024,698,1.467,164255,179.0,182.0,179.0,173.4,0.0,0.03456,0.00383,thin_line,found,499.0,0.4873,3.0,0.738,0.966,0,
casent0005456,Strumigenys,myrmicinae,Strumigenys serket,April Nobile,commons,Paratype,"California Academy of Sciences, 2000-2007",train,p,data/images/Strumigenys/casent0005456_p.jpg,True,2000.0,2007.0,1f0f0c40647b389ca79ccda26f5c2a055cf67e10ac5ae441077104a46b3c29d4,https://upload.wikimedia.org/wikipedia/commons/b/b8/Strumigenys_serket_casent0005456_profile_1.jpg,"harvester downscale, byte-identical",commons_original,False,1024,673,1.5215,148130,150.0,154.0,154.0,167.34,-4.0,0.01283,0.00452,thin_line,found,486.0,0.4746,3.0,0.736,0.962,0,
casent0005457,Strumigenys,myrmicinae,Strumigenys seti,April Nobile,commons,Paratype,"California Academy of Sciences, 2000-2007",train,p,data/images/Strumigenys/casent0005457_p.jpg,True,2000.0,2007.0,94936bc0413515e29688731d19ebae84ee326e3c70633e2a59c1b755665eafc3,https://upload.wikimedia.org/wikipedia/commons/b/b5/Strumigenys_seti_casent0005457_profile_1.jpg,"harvester downscale, byte-identical",commons_original,False,1024,736,1.3913,149651,144.0,146.0,145.0,164.21,-1.0,0.10084,0.06258,thin_line,found,399.0,0.3896,2.0,0.781,0.967,0,
casent0005458,Strumigenys,myrmicinae,Strumigenys seti,April Nobile,commons,Paratype,"California Academy of Sciences, 2000-2007",train,p,data/images/Strumigenys/casent0005458_p.jpg,True,2000.0,2007.0,e62e3dc38667a1004bf1cbe58cce715c4018d973f0b0b78c1b4c0b6cdf789503,https://upload.wikimedia.org/wikipedia/commons/e/e0/Strumigenys_seti_casent0005458_profile_1.jpg,"harvester downscale, byte-identical",commons_original,False,1024,773,1.3247,174304,165.0,167.0,164.0,174.73,1.0,0.10037,0.0376,thin_line,found,425.0,0.415,1.0,0.768,0.97,0,
casent0005459,Strumigenys,myrmicinae,Strumigenys seti,April Nobile,commons,Paratype,"California Academy of Sciences, 2000-2007",train,p,data/images/Strumigenys/casent0005459_p.jpg,True,2000.0,2007.0,bc95bef19d95d87957c807e145359382cac81996baa94e06596b22f3907f1272,https://upload.wikimedia.org/wikipedia/commons/c/c8/Strumigenys_seti_casent0005459_profile_1.jpg,"harvester downscale, byte-identical",commons_original,False,1024,679,1.5081,173186,156.0,157.0,157.0,166.51,-1.0,0.08488,0.0406,thin_line,found,444.0,0.4336,3.0,0.759,0.965,0,
casent0005461,Strumigenys,myrmicinae,,April Nobile,commons,,"California Academy of Sciences, 2000-2007",train,p,data/images/Strumigenys/casent0005461_p.jpg,False,2000.0,2007.0,ea60c9269cbabf21fdd3f36989b0ba89cc8f3c305bd3cc720a7bbaa8cd77fd7a,https://upload.wikimedia.org/wikipedia/commons/2/25/Strumigenys_tathula_casent0005461_profile_1.jpg,"harvester downscale, byte-identical",commons_original,False,1024,728,1.4066,169216,138.0,139.0,135.0,149.22,3.0,0.00392,0.00353,black_bar,found,380.0,0.3711,5.0,0.798,0.92,1,
casent0005462,Strumigenys,myrmicinae,Strumigenys victrix,April Nobile,commons,Paratype,"California Academy of Sciences, 2000-2007",test,p,data/images/Strumigenys/casent0005462_p.jpg,True,2000.0,2007.0,4f881efa3d0421937876b29fa8847544b23b497add63b88a592d486adb3ff9fc,https://upload.wikimedia.org/wikipedia/commons/2/27/Strumigenys_victrix_casent0005462_profile_1.jpg,"harvester downscale, byte-identical",commons_original,False,1024,699,1.4649,172082,136.0,136.0,135.0,157.18,1.0,0.00403,0.00176,thin_line,found,331.0,0.3232,2.0,0.812,0.966,0,
casent0005463,Strumigenys,myrmicinae,Strumigenys victrix,April Nobile,commons,Paratype,"California Academy of Sciences, 2000-2007",train,p,data/images/Strumigenys/casent0005463_p.jpg,True,2000.0,2007.0,d9229d88f078639c3225077f12a051bd884dc4db17f252105cfafaf872c9d87f,https://upload.wikimedia.org/wikipedia/commons/0/03/Strumigenys_victrix_casent0005463_profile_1.jpg,"harvester downscale, byte-identical",commons_original,False,1024,709,1.4443,173347,160.0,161.0,159.0,161.55,1.0,0.01826,0.00401,thin_line,found,278.0,0.2715,3.0,0.839,0.965,0,
casent0005464,Strumigenys,myrmicinae,Strumigenys victrix,April Nobile,commons,Paratype,"California Academy of Sciences, 2000-2007",train,p,data/images/Strumigenys/casent0005464_p.jpg,True,2000.0,2007.0,101dea8e1b4cd743ff905b00d5cc80d82a9ce1738d93f2cb1e47ab6e6181094a,https://upload.wikimedia.org/wikipedia/commons/c/c2/Strumigenys_victrix_casent0005464_profile_1.jpg,"harvester downscale, byte-identical",commons_original,False,1024,722,1.4183,190628,156.0,154.0,152.0,163.93,4.0,0.00505,0.00078,thin_line,found,165.0,0.1611,3.0,0.805,0.966,0,
casent0005465,Strumigenys,myrmicinae,Strumigenys abdera,April Nobile,commons,Paratype,"California Academy of Sciences, 2000-2010",train,p,data/images/Strumigenys/casent0005465_p.jpg,True,2000.0,2010.0,19b8ee8a725950845dfd5a6f730d64d95a1acf4b595ce232e2aa67b038fe0950,https://upload.wikimedia.org/wikipedia/commons/7/77/Strumigenys_abdera_casent0005465_profile_1.jpg,"harvester downscale, byte-identical",commons_original,False,1024,696,1.4713,136008,143.0,144.0,145.0,150.39,-2.0,0.01396,0.00438,thin_line,found,481.0,0.4697,2.0,0.74,0.966,0,
casent0005466,Strumigenys,myrmicinae,Strumigenys abdera,April Nobile,commons,Holotype,"California Academy of Sciences, 2000-2007",train,p,data/images/Strumigenys/casent0005466_p.jpg,True,2000.0,2007.0,216bce55e96caec933acdf94c6623c9f8a0e879dfe6136ddd59c24f5feee73f5,https://upload.wikimedia.org/wikipedia/commons/b/b8/Strumigenys_abdera_casent0005466_profile_1.jpg,"harvester downscale, byte-identical",commons_original,False,1024,660,1.5515,141632,148.0,149.0,146.0,165.43,2.0,0.00558,0.00125,thin_line,found,111.0,0.1084,2.0,0.616,0.964,0,
casent0005467,Strumigenys,myrmicinae,Strumigenys actis,April Nobile,commons,Holotype,"California Academy of Sciences, 2000-2007",train,p,data/images/Strumigenys/casent0005467_p.jpg,True,2000.0,2007.0,179a69d727a97538aebd21c06d5a6ecd665114c9e3e01879312e4b059f544c08,https://upload.wikimedia.org/wikipedia/commons/2/24/Strumigenys_actis_casent0005467_profile_1.jpg,"Commons server thumbnail, byte-identical",commons_thumbnail,True,1280,757,1.6909,170910,146.0,147.0,145.0,162.87,1.0,0.00503,0.00152,thin_line,found,417.0,0.3258,2.0,0.812,0.96,0,
casent0005468,Strumigenys,myrmicinae,Strumigenys admixta,April Nobile,commons,Paratype,"California Academy of Sciences, 2000-2007",train,p,data/images/Strumigenys/casent0005468_p.jpg,True,2000.0,2007.0,fd999dc9d2d715b1d720740a146a2953652bd92cfe8e2d20803cbcc06ab1a41d,https://upload.wikimedia.org/wikipedia/commons/1/15/Strumigenys_admixta_casent0005468_profile_1.jpg,"Commons server thumbnail, byte-identical",commons_thumbnail,True,1280,699,1.8312,201804,133.0,134.0,132.0,146.02,1.0,0.00285,0.00154,thin_line,found,393.0,0.307,4.0,0.764,0.959,0,
casent0005469,Strumigenys,myrmicinae,Strumigenys admixta,April Nobile,commons,Paratype,"California Academy of Sciences, 2000-2007",train,p,data/images/Strumigenys/casent0005469_p.jpg,True,2000.0,2007.0,d0cb57ea8531fbf205189fef154c9dc4178dec20578ebae32b3212e0ba791065,https://upload.wikimedia.org/wikipedia/commons/b/bf/Strumigenys_admixta_casent0005469_profile_1.jpg,"Commons server thumbnail, byte-identical",commons_thumbnail,True,1280,696,1.8391,180613,124.0,124.0,124.0,128.49,0.0,0.00441,0.00369,thin_line,found,505.0,0.3945,2.0,0.778,0.957,0,
casent0005470,Strumigenys,myrmicinae,Strumigenys admixta,April Nobile,commons,Paratype,"California Academy of Sciences, 2000-2007",train,p,data/images/Strumigenys/casent0005470_p.jpg,True,2000.0,2007.0,afe83772b7b2076f21220592cd85a71d4958e9d8a87858edbe39b4882f06ac8e,https://upload.wikimedia.org/wikipedia/commons/8/8f/Strumigenys_admixta_casent0005470_profile_1.jpg,"harvester downscale, byte-identical",commons_original,False,1024,621,1.649,172938,138.0,139.0,138.0,147.96,0.0,0.00477,0.00156,thin_line,found,474.0,0.4629,2.0,0.743,0.961,0,
casent0005472,Strumigenys,myrmicinae,Strumigenys adsita,April Nobile,commons,Paratype,"California Academy of Sciences, 2000-2008",train,p,data/images/Strumigenys/casent0005472_p.jpg,True,2000.0,2008.0,a0e6e9a88cb9b9a4a2a97999bab9ce6a428bce01460630de94b6d8b689482cff,https://upload.wikimedia.org/wikipedia/commons/5/54/Strumigenys_adsita_casent0005472_profile_1.jpg,"harvester downscale, byte-identical",commons_original,False,1024,701,1.4608,147509,199.0,199.0,196.0,198.81,3.0,0.01666,0.0019,black_bar,found,119.0,0.1162,4.0,0.918,0.922,1,
casent0005473,Strumigenys,myrmicinae,Strumigenys adsita,April Nobile,commons,Paratype,"California Academy of Sciences, 2000-2007",test,p,data/images/Strumigenys/casent0005473_p.jpg,True,2000.0,2007.0,bed5d6f56da9d8235828addcf8620f871c186f77f133f15289245aaeeace4fa3,https://upload.wikimedia.org/wikipedia/commons/8/80/Strumigenys_adsita_casent0005473_profile_1.jpg,"harvester downscale, byte-identical",commons_original,False,1024,623,1.6437,155697,155.0,155.0,154.0,165.5,1.0,0.0005,6e-05,thin_line,found,311.0,0.3037,2.0,0.499,0.942,0,
casent0005474,Strumigenys,myrmicinae,Strumigenys adsita,April Nobile,commons,Paratype,"California Academy of Sciences, 2000-2007",test,p,data/images/Strumigenys/casent0005474_p.jpg,True,2000.0,2007.0,b09cc01bf83e20bb5a312fcf72cf702885976410faf9c39381c9612465d9cdc7,https://upload.wikimedia.org/wikipedia/commons/3/39/Strumigenys_adsita_casent0005474_profile_1.jpg,"harvester downscale, byte-identical",commons_original,False,1024,617,1.6596,156251,149.0,149.0,149.0,157.31,0.0,0.00038,6e-05,thin_line,found,312.0,0.3047,2.0,0.499,0.942,0,
casent0005478,Strumigenys,myrmicinae,Strumigenys agra,April Nobile,commons,,"California Academy of Sciences, 2000-2007",train,p,data/images/Strumigenys/casent0005478_p.jpg,False,2000.0,2007.0,df10b91bfd5cc905d9363d6adaa3b6c307b534ef7bd5be24437c336a50ad537f,https://upload.wikimedia.org/wikipedia/commons/6/60/Strumigenys_agra_casent0005478_profile_1.jpg,"harvester downscale, byte-identical",commons_original,False,1024,636,1.6101,133903,142.0,143.0,142.0,142.04,0.0,0.03522,0.01859,thin_line,found,381.0,0.3721,3.0,0.79,0.961,0,
casent0005479,Strumigenys,myrmicinae,Strumigenys agra,April Nobile,commons,Holotype,"California Academy of Sciences, 2000-2007",train,p,data/images/Strumigenys/casent0005479_p.jpg,True,2000.0,2007.0,a159e413d11c66c9a4a3ecba1a43dc91ee1646b5ea8f71a327a359b52c318e36,https://upload.wikimedia.org/wikipedia/commons/5/55/Strumigenys_agra_casent0005479_profile_1.jpg,"harvester downscale, byte-identical",commons_original,False,1024,589,1.7385,121287,144.0,144.0,140.0,142.18,4.0,0.01557,0.0089,thin_line,found,397.0,0.3877,3.0,0.782,0.958,0,
casent0005481,Strumigenys,myrmicinae,Strumigenys agra,April Nobile,commons,,"California Academy of Sciences, 2000-2007",train,p,data/images/Strumigenys/casent0005481_p.jpg,False,2000.0,2007.0,76c7dd2b4213aa944aebfe7e6bb37875ac0fbdcf8825194768403d0c332e7924,https://upload.wikimedia.org/wikipedia/commons/d/dd/Strumigenys_agra_casent0005481_profile_1.jpg,"harvester downscale, byte-identical",commons_original,False,1024,797,1.2848,154990,141.0,142.0,138.0,141.69,3.0,0.02127,0.01223,thin_line,found,440.0,0.4297,3.0,0.728,0.971,0,
casent0005483,Strumigenys,myrmicinae,Strumigenys alapa,April Nobile,commons,Holotype,"California Academy of Sciences, 2000-2007",train,p,data/images/Strumigenys/casent0005483_p.jpg,True,2000.0,2007.0,366cdac109b43f90bc68541df36da89f83bbd17cf70be21c045140bedc09bab9,https://upload.wikimedia.org/wikipedia/commons/0/0d/Strumigenys_dolabra_casent0005483_profile_1.jpg,"harvester downscale, byte-identical",commons_original,False,1024,537,1.9069,125085,146.0,146.0,146.0,157.08,0.0,0.00075,0.00015,thin_line,found,328.0,0.3203,2.0,0.498,0.933,0,
casent0005484,Strumigenys,myrmicinae,Strumigenys ampyx,April Nobile,commons,Holotype,"California Academy of Sciences, 2000-2007",train,p,data/images/Strumigenys/casent0005484_p.jpg,True,2000.0,2007.0,eb1ad74b113e985c00ea436f6621c75f69dff4c4981031a277097151177508a9,https://upload.wikimedia.org/wikipedia/commons/0/07/Strumigenys_ampyx_casent0005484_profile_1.jpg,"harvester downscale, byte-identical",commons_original,False,1024,661,1.5492,153474,150.0,151.0,148.0,166.03,2.0,0.00026,8e-05,thin_line,found,205.0,0.2002,2.0,0.5,0.946,0,
casent0005485,Strumigenys,myrmicinae,Strumigenys ampyx,April Nobile,commons,Paratype,"California Academy of Sciences, 2000-2007",test,p,data/images/Strumigenys/casent0005485_p.jpg,True,2000.0,2007.0,c6723576d4f96321048b50bcdc4adf2d96db76aca798c82ec181860cfc404586,https://upload.wikimedia.org/wikipedia/commons/8/87/Strumigenys_ampyx_casent0005485_profile_1.jpg,"harvester downscale, byte-identical",commons_original,False,1024,656,1.561,150863,150.0,150.0,147.0,163.6,3.0,0.00039,0.0002,thin_line,found,189.0,0.1846,4.0,0.516,0.947,0,
casent0005486,Strumigenys,myrmicinae,Strumigenys ampyx,April Nobile,commons,Paratype,"California Academy of Sciences, 2000-2007",train,p,data/images/Strumigenys/casent0005486_p.jpg,True,2000.0,2007.0,17882e1681537722514c9951a27334cfe877250d9c64070d79f2cc80080d342c,https://upload.wikimedia.org/wikipedia/commons/7/76/Strumigenys_ampyx_casent0005486_profile_1.jpg,"harvester downscale, byte-identical",commons_original,False,933,808,1.1547,152930,159.0,159.0,152.0,165.22,7.0,0.00102,0.00035,thin_line,found,262.0,0.2808,2.0,0.519,0.953,0,
casent0005487,Strumigenys,myrmicinae,Strumigenys apios,April Nobile,commons,Holotype,"California Academy of Sciences, 2000-2007",train,p,data/images/Strumigenys/casent0005487_p.jpg,True,2000.0,2007.0,b7606d51d8e54bf05d40a653b97419ac3ea6cd4f20a4e4f95f25a7da69a06544,https://upload.wikimedia.org/wikipedia/commons/2/29/Strumigenys_apios_casent0005487_profile_1.jpg,"Commons server thumbnail, byte-identical",commons_thumbnail,True,1280,768,1.6667,186963,163.0,163.0,160.0,161.2,3.0,0.02549,0.00822,thin_line,found,301.0,0.2352,3.0,0.499,0.942,0,
casent0005488,Strumigenys,myrmicinae,Strumigenys apios,April Nobile,commons,Paratype,"California Academy of Sciences, 2000-2008",train,p,data/images/Strumigenys/casent0005488_p.jpg,True,2000.0,2008.0,c4fe63fb6d775babcc842cb2ad746a2dc255b82b6641ff910aef714271871f3c,https://upload.wikimedia.org/wikipedia/commons/3/3f/Strumigenys_apios_casent0005488_profile_1.jpg,"harvester downscale, byte-identical",commons_original,False,1024,576,1.7778,114658,141.0,141.0,140.0,137.64,1.0,0.0037,0.00336,black_bar,found,185.0,0.1807,5.0,0.884,0.921,1,
casent0005489,Strumigenys,myrmicinae,Strumigenys apios,April Nobile,commons,Paratype,"California Academy of Sciences, 2000-2008",train,p,data/images/Strumigenys/casent0005489_p.jpg,True,2000.0,2008.0,c10f8250bc8ba06717baf4fec5578c728afc545b3c4fcb18b1468c305ae41311,https://upload.wikimedia.org/wikipedia/commons/6/6e/Strumigenys_apios_casent0005489_profile_1.jpg,"harvester downscale, byte-identical",commons_original,False,1024,602,1.701,115649,156.0,155.0,152.0,150.32,4.0,0.00358,0.00296,black_bar,found,178.0,0.1738,5.0,0.643,0.938,1,
casent0005490,Strumigenys,myrmicinae,Strumigenys balux,April Nobile,commons,Holotype,"California Academy of Sciences, 2000-2008",train,p,data/images/Strumigenys/casent0005490_p.jpg,True,2000.0,2008.0,61d7ecc45aee382dc4f36be453c04a29e33b7217a3f8f4e3c32fb2cd0b6cc31b,https://upload.wikimedia.org/wikipedia/commons/b/b7/Strumigenys_balux_casent0005490_profile_1.jpg,"harvester downscale, byte-identical",commons_original,False,1024,579,1.7686,110685,170.0,166.0,163.0,178.33,7.0,0.00365,0.00311,black_bar,found,218.0,0.2129,5.0,0.875,0.935,1,
casent0005492,Strumigenys,myrmicinae,Strumigenys bathron,April Nobile,commons,Holotype,"California Academy of Sciences, 2000-2008",train,p,data/images/Strumigenys/casent0005492_p.jpg,True,2000.0,2008.0,8ad650c7f7cc6d546ecbeb16ac82cc8cae658a8e3130679af2959abd8521ca9b,https://upload.wikimedia.org/wikipedia/commons/5/50/Strumigenys_bathron_casent0005492_profile_1.jpg,"harvester downscale, byte-identical",commons_original,False,1024,527,1.9431,122113,121.0,122.0,119.0,144.75,2.0,0.00342,0.00337,black_bar,found,124.0,0.1211,5.0,0.928,0.916,1,
casent0005493,Strumigenys,myrmicinae,Strumigenys bibiolona,April Nobile,commons,Holotype,"California Academy of Sciences, 2000-2007",train,p,data/images/Strumigenys/casent0005493_p.jpg,True,2000.0,2007.0,499fc42a170a2382a7fa2f0b673e22e6a2e0e25aec6a119f45245488832d85cb,https://upload.wikimedia.org/wikipedia/commons/7/7a/Strumigenys_bibiolona_casent0005493_profile_1.jpg,"harvester downscale, byte-identical",commons_original,False,1024,550,1.8618,118625,150.0,148.0,143.0,154.88,7.0,0.00036,0.00015,thin_line,found,335.0,0.3271,2.0,0.5,0.935,0,
casent0005495,Strumigenys,myrmicinae,Strumigenys bibiolona,April Nobile,commons,Paratype,"California Academy of Sciences, 2000-2007",train,p,data/images/Strumigenys/casent0005495_p.jpg,True,2000.0,2007.0,413635819738638fb4c913faf3b1a8c808f88fa5360c739036b6d1a8330962ba,https://upload.wikimedia.org/wikipedia/commons/5/5e/Strumigenys_bibiolona_casent0005495_profile_1.jpg,"harvester downscale, byte-identical",commons_original,False,1024,616,1.6623,132463,155.0,156.0,154.0,166.62,1.0,0.00045,0.00013,thin_line,found,332.0,0.3242,3.0,0.506,0.942,0,
casent0005496,Strumigenys,myrmicinae,Strumigenys bibiolona,April Nobile,commons,Paratype,"California Academy of Sciences, 2000-2007",test,p,data/images/Strumigenys/casent0005496_p.jpg,True,2000.0,2007.0,31da01c81121e54acb6d374d028bf5b74cc35ecfdb47f352114dead5568a8c61,https://upload.wikimedia.org/wikipedia/commons/e/e6/Strumigenys_bibiolona_casent0005496_profile_1.jpg,"harvester downscale, byte-identical",commons_original,False,1024,514,1.9922,116655,169.0,168.0,165.0,171.65,4.0,0.00138,0.00045,thin_line,found,314.0,0.3066,3.0,0.499,0.931,0,
casent0005497,Strumigenys,myrmicinae,Strumigenys bola,April Nobile,commons,Holotype,"California Academy of Sciences, 2000-2007",train,p,data/images/Strumigenys/casent0005497_p.jpg,True,2000.0,2007.0,cffb0c6b6d79c61dee5622e8a639969207575ec750b510fcbc11c1a2ad1c2a60,https://upload.wikimedia.org/wikipedia/commons/4/4f/Strumigenys_bola_casent0005497_profile_1.jpg,"Commons server thumbnail, pixel-identical",commons_thumbnail,True,1280,753,1.6999,181887,199.0,199.0,198.0,195.26,1.0,0.0032,3e-05,thin_line,found,253.0,0.1977,2.0,0.499,0.94,0,
casent0005498,Strumigenys,myrmicinae,Strumigenys bola,April Nobile,commons,Paratype,"California Academy of Sciences, 2000-2007",train,p,data/images/Strumigenys/casent0005498_p.jpg,True,2000.0,2007.0,1afe409710fbfa8db43f7e6b7936d24836a3c398d7c1aad2e2625c00a7fa3474,https://upload.wikimedia.org/wikipedia/commons/f/f9/Strumigenys_bola_casent0005498_profile_1.jpg,"harvester downscale, byte-identical",commons_original,False,1024,685,1.4949,146053,205.0,203.0,200.0,199.41,5.0,0.0018,1e-05,thin_line,found,198.0,0.1934,3.0,0.499,0.948,0,
casent0005499,Strumigenys,myrmicinae,Strumigenys bola,April Nobile,commons,Paratype,"California Academy of Sciences, 2000-2008",train,p,data/images/Strumigenys/casent0005499_p.jpg,True,2000.0,2008.0,aa85ea7d7801c62f7483d4a6284cfff455721ce2aba18419d77093f9f641ce5c,https://upload.wikimedia.org/wikipedia/commons/e/e8/Strumigenys_bola_casent0005499_profile_1.jpg,"harvester downscale, byte-identical",commons_original,False,1024,535,1.914,117926,189.0,188.0,187.0,193.23,2.0,0.00622,0.00308,black_bar,found,206.0,0.2012,4.0,0.877,0.927,1,
casent0005500,Strumigenys,myrmicinae,Strumigenys carolinae,April Nobile,commons,Paratype,"California Academy of Sciences, 2000-2007",train,p,data/images/Strumigenys/casent0005500_p.jpg,True,2000.0,2007.0,d03168c870350b3a076c360c52e8a05ab24158b8a4953a616da264c77f1dd50c,https://upload.wikimedia.org/wikipedia/commons/0/0b/Strumigenys_carolinae_casent0005500_profile_1.jpg,"harvester downscale, byte-identical",commons_original,False,1024,610,1.6787,142107,166.0,167.0,167.0,180.64,-1.0,0.09905,0.03462,thin_line,found,268.0,0.2617,3.0,0.499,0.94,0,
casent0005501,Strumigenys,myrmicinae,Strumigenys carisa,April Nobile,commons,Holotype,"California Academy of Sciences, 2000-2007",train,p,data/images/Strumigenys/casent0005501_p.jpg,True,2000.0,2007.0,0faf10359aa3afe86a479588aeaa70aabacc16cc4e149ca671b85316b81396b2,https://upload.wikimedia.org/wikipedia/commons/6/60/Strumigenys_carisa_casent0005501_profile_1.jpg,"harvester downscale, byte-identical",commons_original,False,1024,696,1.4713,146828,176.0,178.0,175.0,181.67,1.0,0.00299,0.0002,thin_line,found,265.0,0.2588,4.0,0.487,0.951,0,
casent0005502,Strumigenys,myrmicinae,Strumigenys carolinae,April Nobile,commons,Holotype,"California Academy of Sciences, 2000-2008",train,p,data/images/Strumigenys/casent0005502_p.jpg,True,2000.0,2008.0,7fabd5269c96e9319d1a6ad6aa7c558e9e42225b352b62765aca4e94bf2b7194,https://upload.wikimedia.org/wikipedia/commons/5/5f/Strumigenys_carolinae_casent0005502_profile_1.jpg,"harvester downscale, byte-identical",commons_original,False,1024,644,1.5901,162075,174.0,175.0,174.0,177.07,0.0,0.11752,0.04335,black_bar,found,335.0,0.3271,4.0,0.554,0.933,1,
casent0005503,Strumigenys,myrmicinae,Strumigenys carolinae,April Nobile,commons,Paratype,"California Academy of Sciences, 2000-2007",train,p,data/images/Strumigenys/casent0005503_p.jpg,True,2000.0,2007.0,a61085099cca5be6abbc1b1194f37b48a0582e271d4d838efb82333015cf37da,https://upload.wikimedia.org/wikipedia/commons/7/70/Strumigenys_carolinae_casent0005503_profile_1.jpg,"harvester downscale, byte-identical",commons_original,False,1024,587,1.7445,138395,214.0,214.0,217.0,196.42,-3.0,0.12968,0.02408,thin_line,found,271.0,0.2646,3.0,0.506,0.94,0,
casent0005504,Strumigenys,myrmicinae,Strumigenys carolinae,April Nobile,commons,Paratype,"California Academy of Sciences, 2000-2007",train,p,data/images/Strumigenys/casent0005504_p.jpg,True,2000.0,2007.0,35432cad42e84944ea12d333392191a6f925744caccec6153b5ba74f8fbf9a93,https://upload.wikimedia.org/wikipedia/commons/3/30/Strumigenys_carolinae_casent0005504_profile_1.jpg,"harvester downscale, byte-identical",commons_original,False,1024,612,1.6732,154842,162.0,163.0,163.0,171.11,-1.0,0.07222,0.0347,thin_line,found,277.0,0.2705,3.0,0.499,0.94,0,
casent0005506,Strumigenys,myrmicinae,Strumigenys charino,April Nobile,commons,Holotype,"California Academy of Sciences, 2000-2007",train,p,data/images/Strumigenys/casent0005506_p.jpg,True,2000.0,2007.0,89afb8d841f07365748bd480a984b7b6c11ab5d2582dbf0e4e23d565555d979c,https://upload.wikimedia.org/wikipedia/commons/a/ab/Strumigenys_charino_casent0005506_profile_1.jpg,"harvester downscale, byte-identical",commons_original,False,1024,636,1.6101,144975,162.0,162.0,163.0,164.81,-1.0,0.00872,0.00131,thin_line,found,360.0,0.3516,2.0,0.513,0.942,0,
casent0005507,Strumigenys,myrmicinae,Strumigenys charino,April Nobile,commons,Paratype,"California Academy of Sciences, 2000-2007",train,p,data/images/Strumigenys/casent0005507_p.jpg,True,2000.0,2007.0,e3410e8f023596a9c4e8f6bf79d088d91b011285421a7b5a2c9f2729bc7d0363,https://upload.wikimedia.org/wikipedia/commons/3/3c/Strumigenys_charino_casent0005507_profile_1.jpg,"harvester downscale, byte-identical",commons_original,False,1024,702,1.4587,157809,144.0,148.0,147.0,166.14,-3.0,0.00314,0.00078,thin_line,found,182.0,0.1777,3.0,0.512,0.915,0,
casent0005508,Strumigenys,myrmicinae,Strumigenys chilo,April Nobile,commons,Paratype,"California Academy of Sciences, 2000-2007",train,p,data/images/Strumigenys/casent0005508_p.jpg,True,2000.0,2007.0,d649d36981266ed27645b74bb9f103417bb6033b3c267df3c10414d2d1d5a8eb,https://upload.wikimedia.org/wikipedia/commons/9/9f/Strumigenys_chilo_casent0005508_profile_1.jpg,"harvester downscale, byte-identical",commons_original,False,1024,605,1.6926,107119,174.0,175.0,173.0,178.73,1.0,0.00017,2e-05,none,not_found,,,,,,0,
casent0005509,Strumigenys,myrmicinae,Strumigenys chilo,April Nobile,commons,Holotype,"California Academy of Sciences, 2000-2007",train,p,data/images/Strumigenys/casent0005509_p.jpg,True,2000.0,2007.0,00e7fc03be801bb880abd1cdf65e0785b7b9d85c5f1e7bd603f77d89d2e70739,https://upload.wikimedia.org/wikipedia/commons/c/cf/Strumigenys_chilo_casent0005509_profile_1.jpg,"harvester downscale, byte-identical",commons_original,False,1024,696,1.4713,137194,163.0,163.0,164.0,172.63,-1.0,0.00051,0.00011,thin_line,found,356.0,0.3477,4.0,0.499,0.948,0,
casent0005510,Strumigenys,myrmicinae,Strumigenys chroa,April Nobile,commons,Holotype,"California Academy of Sciences, 2000-2007",train,p,data/images/Strumigenys/casent0005510_p.jpg,True,2000.0,2007.0,db6e68ac4192b1220371bd6678ce9dd0c8529191bddee734cd19132c50e1e1f9,https://upload.wikimedia.org/wikipedia/commons/8/82/Strumigenys_chroa_casent0005510_profile_1.jpg,"Commons server thumbnail, byte-identical",commons_thumbnail,True,1280,800,1.6,191741,165.0,165.0,164.0,164.4,1.0,0.00248,0.00024,thin_line,found,246.0,0.1922,3.0,0.498,0.944,0,
casent0005511,Strumigenys,myrmicinae,Strumigenys chroa,April Nobile,commons,Paratype,"California Academy of Sciences, 2000-2007",train,p,data/images/Strumigenys/casent0005511_p.jpg,True,2000.0,2007.0,fcd6f0d65cd2bf8b08f44cf550d47a1ac55e8b6ab0b61211a4cec871714137e1,https://upload.wikimedia.org/wikipedia/commons/8/80/Strumigenys_chroa_casent0005511_profile_1.jpg,"harvester downscale, byte-identical",commons_original,False,1024,667,1.5352,159989,157.0,158.0,158.0,160.14,-1.0,0.00183,0.0002,none,not_found,,,,,,0,
casent0005512,Strumigenys,myrmicinae,Strumigenys covina,April Nobile,commons,Holotype,"California Academy of Sciences, 2000-2007",test,p,data/images/Strumigenys/casent0005512_p.jpg,True,2000.0,2007.0,f72276327a44834a352820112202fdc7e1c07a964ee93a80b3fb1e3514f5fb1f,https://upload.wikimedia.org/wikipedia/commons/e/e4/Strumigenys_covina_casent0005512_profile_1.jpg,"harvester downscale, byte-identical",commons_original,False,1024,675,1.517,151098,133.0,134.0,131.0,139.17,2.0,0.00448,0.00247,thin_line,found,225.0,0.2197,3.0,0.5,0.943,0,
casent0005513,Strumigenys,myrmicinae,Strumigenys deverra,April Nobile,commons,Paratype,"California Academy of Sciences, 2000-2007",train,p,data/images/Strumigenys/casent0005513_p.jpg,True,2000.0,2007.0,563f3008f0d01cd2b45ac3c9dc17be7e434db298b99d95e326efd77fb4b8ef69,https://upload.wikimedia.org/wikipedia/commons/e/ea/Strumigenys_deverra_casent0005513_profile_1.jpg,"harvester downscale, byte-identical",commons_original,False,1024,713,1.4362,144213,127.0,128.0,124.0,147.9,3.0,0.02316,0.01841,thin_line,found,206.0,0.2012,3.0,0.499,0.946,0,
casent0005514,Strumigenys,myrmicinae,Strumigenys deverra,April Nobile,commons,Holotype,"California Academy of Sciences, 2000-2007",test,p,data/images/Strumigenys/casent0005514_p.jpg,True,2000.0,2007.0,8e04bd008a622a509dd14e016a9f8d6d957a71080a9017999318b68089608f85,https://upload.wikimedia.org/wikipedia/commons/8/85/Strumigenys_deverra_casent0005514_profile_1.jpg,"harvester downscale, byte-identical",commons_original,False,1024,669,1.5306,143754,141.0,142.0,138.0,161.64,3.0,0.00889,0.0039,thin_line,found,211.0,0.2061,3.0,0.499,0.942,0,
casent0005515,Strumigenys,myrmicinae,Strumigenys deverra,April Nobile,commons,Paratype,"California Academy of Sciences, 2000-2007",train,p,data/images/Strumigenys/casent0005515_p.jpg,True,2000.0,2007.0,931e582adb4e3542537c8e3f11184cc57260ad7dd2e3893f21883b5953e0a3af,https://upload.wikimedia.org/wikipedia/commons/2/22/Strumigenys_deverra_casent0005515_profile_1.jpg,"harvester downscale, byte-identical",commons_original,False,1024,680,1.5059,156383,133.0,135.0,131.0,152.94,2.0,0.00252,0.00107,thin_line,found,229.0,0.2236,3.0,0.506,0.942,0,
casent0005516,Strumigenys,myrmicinae,Strumigenys deverra,April Nobile,commons,Paratype,"California Academy of Sciences, 2000-2007",train,p,data/images/Strumigenys/casent0005516_p.jpg,True,2000.0,2007.0,9711f551b4b6fc15b7239b0168d1295308e861cdb1eece9e4e373a749a9aa118,https://upload.wikimedia.org/wikipedia/commons/9/9f/Strumigenys_deverra_casent0005516_profile_1.jpg,"harvester downscale, byte-identical",commons_original,False,1024,607,1.687,130984,143.0,144.0,141.0,155.29,2.0,0.00428,0.00138,thin_line,found,199.0,0.1943,3.0,0.499,0.937,0,
casent0005517,Strumigenys,myrmicinae,Strumigenys dexis,April Nobile,commons,Paratype,"California Academy of Sciences, 2000-2008",train,p,data/images/Strumigenys/casent0005517_p.jpg,True,2000.0,2008.0,b9adcb1e5a74fe07f5d8d928ece39fb1a0665c66db01db8d6ca816e63148b249,https://upload.wikimedia.org/wikipedia/commons/7/7d/Strumigenys_dexis_casent0005517_profile_1.jpg,"harvester downscale, byte-identical",commons_original,False,1024,768,1.3333,213623,207.0,208.0,206.0,199.04,1.0,0.07242,0.00924,black_bar,found,320.0,0.3125,4.0,0.417,0.931,1,
casent0005518,Strumigenys,myrmicinae,Strumigenys dicomas,April Nobile,commons,Paratype,"California Academy of Sciences, 2000-2008",train,p,data/images/Strumigenys/casent0005518_p.jpg,True,2000.0,2008.0,c8716f81f6192b54861ecde631e9755610d115e25b63435ff91ed9a2ca36ec65,https://upload.wikimedia.org/wikipedia/commons/1/1a/Strumigenys_dicomas_casent0005518_profile_1.jpg,"harvester downscale, byte-identical",commons_original,False,1024,630,1.6254,153122,182.0,182.0,184.0,180.81,-2.0,0.00887,0.00335,black_bar,found,157.0,0.1533,4.0,0.391,0.94,1,
casent0005519,Strumigenys,myrmicinae,Strumigenys dicomas,April Nobile,commons,Paratype,"California Academy of Sciences, 2000-2007",train,p,data/images/Strumigenys/casent0005519_p.jpg,True,2000.0,2007.0,d075760e7034b1d89fdd5accdbe81f238ecf1d21c0b2f6836bcf61cb3c873446,https://upload.wikimedia.org/wikipedia/commons/b/b6/Strumigenys_dicomas_casent0005519_profile_1.jpg,"harvester downscale, byte-identical",commons_original,False,1024,578,1.7716,115357,175.0,175.0,176.0,183.79,-1.0,0.00434,0.00114,thin_line,found,284.0,0.2773,2.0,0.499,0.938,0,
casent0005521,Strumigenys,myrmicinae,Strumigenys dicomas,April Nobile,commons,Holotype,"California Academy of Sciences, 2000-2007",train,p,data/images/Strumigenys/casent0005521_p.jpg,True,2000.0,2007.0,3497afcd72b2578b575410bde996eee5a16c0968b44a5207adfcf179f958d119,https://upload.wikimedia.org/wikipedia/commons/7/7e/Strumigenys_dicomas_casent0005521_profile_1.jpg,"harvester downscale, byte-identical",commons_original,False,1024,635,1.6126,122652,184.0,185.0,182.0,186.29,2.0,0.00367,0.00048,thin_line,found,80.0,0.0781,3.0,0.618,0.943,0,
casent0005522,Strumigenys,myrmicinae,Strumigenys diota,April Nobile,commons,Holotype,"California Academy of Sciences, 2000-2007",train,p,data/images/Strumigenys/casent0005522_p.jpg,True,2000.0,2007.0,d8fd187e64ad42fafb5aea4ded1780a81663fb4e429eb74fb3f59c8d5e7bb285,https://upload.wikimedia.org/wikipedia/commons/0/00/Strumigenys_diota_casent0005522_profile_1.jpg,"harvester downscale, byte-identical",commons_original,False,1024,708,1.4463,156830,179.0,179.0,180.0,174.78,-1.0,0.00195,0.00014,thin_line,found,256.0,0.25,1.0,0.499,0.95,0,
casent0005523,Strumigenys,myrmicinae,Strumigenys dolabra,April Nobile,commons,Holotype,"California Academy of Sciences, 2000-2008",train,p,data/images/Strumigenys/casent0005523_p.jpg,True,2000.0,2008.0,12acc320b2fc9e50187b4877b22ac8459f381be0a627d9651642bb70b9e7967f,https://upload.wikimedia.org/wikipedia/commons/6/63/Strumigenys_dolabra_casent0005523_profile_1.jpg,"Commons server thumbnail, byte-identical",commons_thumbnail,True,1280,623,2.0546,181809,202.0,203.0,203.0,195.54,-1.0,0.00583,0.00275,black_bar,found,155.0,0.1211,6.0,0.911,0.923,1,
casent0005524,Strumigenys,myrmicinae,Strumigenys dora,April Nobile,commons,Holotype,"California Academy of Sciences, 2000-2007",train,p,data/images/Strumigenys/casent0005524_p.jpg,True,2000.0,2007.0,d5f352e0268e505147a2873643d0740409d5118e4896ae727eb969d893a99d49,https://upload.wikimedia.org/wikipedia/commons/f/f7/Strumigenys_dora_casent0005524_profile_1.jpg,"harvester downscale, byte-identical",commons_original,False,1024,622,1.6463,165360,158.0,159.0,157.0,158.18,1.0,0.04593,0.01833,thin_line,found,397.0,0.3877,1.0,0.782,0.962,0,
casent0005527,Strumigenys,myrmicinae,Strumigenys doxa,April Nobile,commons,Holotype,"California Academy of Sciences, 2000-2008",train,p,data/images/Strumigenys/casent0005527_p.jpg,True,2000.0,2008.0,d93d095cb77ef47275827638833415d7545bc2aff8e5bf8332295a244a0c111d,https://upload.wikimedia.org/wikipedia/commons/3/3a/Strumigenys_doxa_casent0005527_profile_1.jpg,"harvester downscale, byte-identical",commons_original,False,1024,732,1.3989,171230,169.0,169.0,166.0,175.13,3.0,0.02286,0.0074,black_bar,found,188.0,0.1836,4.0,0.885,0.932,1,
casent0005528,Strumigenys,myrmicinae,Strumigenys ection,April Nobile,commons,Holotype,"California Academy of Sciences, 2000-2008",train,p,data/images/Strumigenys/casent0005528_p.jpg,True,2000.0,2008.0,d2d21dcb825254356387e9b2e03b263121bb3edd7b7b95dd6ddc83d2ae3afe6e,https://upload.wikimedia.org/wikipedia/commons/4/44/Strumigenys_ection_casent0005528_profile_1.jpg,"harvester downscale, byte-identical",commons_original,False,1024,653,1.5681,160233,186.0,185.0,182.0,186.78,4.0,0.01267,0.00268,black_bar,found,141.0,0.1377,4.0,0.902,0.922,1,
casent0005529,Strumigenys,myrmicinae,Strumigenys epulo,April Nobile,commons,Holotype,"California Academy of Sciences, 2000-2007",train,p,data/images/Strumigenys/casent0005529_p.jpg,True,2000.0,2007.0,5cd3e97a07208d5de02761b0eda20285de2179c1b90593819d226fe4350894b5,https://upload.wikimedia.org/wikipedia/commons/d/d1/Strumigenys_epulo_casent0005529_profile_1.jpg,"harvester downscale, byte-identical",commons_original,False,1024,619,1.6543,129051,153.0,154.0,154.0,166.82,-1.0,0.00307,0.00042,thin_line,found,267.0,0.2607,1.0,0.499,0.943,0,
casent0005531,Strumigenys,myrmicinae,Strumigenys epulo,April Nobile,commons,Paratype,"California Academy of Sciences, 2000-2008",train,p,data/images/Strumigenys/casent0005531_p.jpg,True,2000.0,2008.0,9d6d22a9216bd356090843afaafd1b4ec915feafd333a9f8346381329f9d58ed,https://upload.wikimedia.org/wikipedia/commons/9/9e/Strumigenys_epulo_casent0005531_profile_1.jpg,"harvester downscale, byte-identical",commons_original,False,1024,581,1.7625,119392,158.0,158.0,155.0,166.83,3.0,0.00449,0.00328,black_bar,found,259.0,0.2529,4.0,0.793,0.921,1,
casent0005532,Strumigenys,myrmicinae,Strumigenys epulo,April Nobile,commons,Paratype,"California Academy of Sciences, 2000-2007",train,p,data/images/Strumigenys/casent0005532_p.jpg,True,2000.0,2007.0,c902f01e08e31123131829be9f6f5a4ed13daf6ab75c335aa2273386d373a830,https://upload.wikimedia.org/wikipedia/commons/9/9b/Strumigenys_epulo_casent0005532_profile_1.jpg,"harvester downscale, byte-identical",commons_original,False,1024,607,1.687,137202,168.0,169.0,171.0,179.14,-3.0,0.00457,0.00029,thin_line,found,277.0,0.2705,2.0,0.499,0.941,0,
casent0005533,Strumigenys,myrmicinae,Strumigenys europs,April Nobile,commons,Paratype,"California Academy of Sciences, 2000-2007",train,p,data/images/Strumigenys/casent0005533_p.jpg,True,2000.0,2007.0,da5f05a37f940c0022ca5c99da84055c794f487ff7f6ebc5a617ebf6bc258f0c,https://upload.wikimedia.org/wikipedia/commons/8/8b/Strumigenys_europs_casent0005533_profile_1.jpg,"harvester downscale, byte-identical",commons_original,False,1024,726,1.4105,159012,188.0,187.0,188.0,197.98,0.0,0.00653,0.00041,thin_line,found,211.0,0.2061,1.0,0.499,0.951,0,
casent0005534,Strumigenys,myrmicinae,Strumigenys europs,April Nobile,commons,Holotype,"California Academy of Sciences, 2000-2007",train,p,data/images/Strumigenys/casent0005534_p.jpg,True,2000.0,2007.0,0fccef2a6a65f891b5aaa882c8f7b48928e42b2637bde1e6100769de73a1d25a,https://upload.wikimedia.org/wikipedia/commons/6/63/Strumigenys_europs_casent0005534_profile_1.jpg,"harvester downscale, byte-identical",commons_original,False,1024,629,1.628,154457,182.0,182.0,182.0,185.27,0.0,0.01196,0.00111,thin_line,found,137.0,0.1338,4.0,0.522,0.943,0,
casent0005535,Strumigenys,myrmicinae,Strumigenys fanano,April Nobile,commons,Holotype,"California Academy of Sciences, 2000-2007",train,p,data/images/Strumigenys/casent0005535_p.jpg,True,2000.0,2007.0,90a5a558a0a31ccdec24956690d97e37bd724977537c8312b34985c883b5bc7c,https://upload.wikimedia.org/wikipedia/commons/f/f4/Strumigenys_fanano_casent0005535_profile_1.jpg,"harvester downscale, byte-identical",commons_original,False,1024,571,1.7933,127086,162.0,161.0,160.0,180.9,2.0,0.00106,0.00012,thin_line,found,197.0,0.1924,3.0,0.499,0.938,0,
casent0005536,Strumigenys,myrmicinae,Strumigenys finator,April Nobile,commons,Holotype,"California Academy of Sciences, 2000-2007",test,p,data/images/Strumigenys/casent0005536_p.jpg,True,2000.0,2007.0,0f5bff51d641d74cfbd4682bd5067d12027e090a592c408976479405c0bc1cef,https://upload.wikimedia.org/wikipedia/commons/6/6c/Strumigenys_finator_casent0005536_profile_1.jpg,"harvester downscale, byte-identical",commons_original,False,1024,649,1.5778,138029,162.0,161.0,161.0,175.27,1.0,0.00489,0.00069,thin_line,found,210.0,0.2051,3.0,0.508,0.944,0,
casent0005537,Strumigenys,myrmicinae,Strumigenys finator,April Nobile,commons,Paratype,"California Academy of Sciences, 2000-2007",train,p,data/images/Strumigenys/casent0005537_p.jpg,True,2000.0,2007.0,adce60fe0c8ec6384b63ca2b9bde041563bd2fbe8bce1ab5af7b4bedceca8612,https://upload.wikimedia.org/wikipedia/commons/9/9c/Strumigenys_finator_casent0005537_profile_1.jpg,"harvester downscale, byte-identical",commons_original,False,1024,658,1.5562,135843,149.0,149.0,148.0,159.86,1.0,0.00077,0.00016,none,not_found,,,,,,0,
casent0005538,Strumigenys,myrmicinae,Strumigenys fronto,April Nobile,commons,Holotype,"California Academy of Sciences, 2000-2007",train,p,data/images/Strumigenys/casent0005538_p.jpg,True,2000.0,2007.0,69bc35557967de20afd19c121e879097107f4986bcdfab6dc6e69e0c46c650c9,https://upload.wikimedia.org/wikipedia/commons/f/fa/Strumigenys_fronto_casent0005538_profile_1.jpg,"harvester downscale, byte-identical",commons_original,False,1022,808,1.2649,147458,159.0,156.0,151.0,173.89,8.0,0.00511,0.00125,thin_line,found,230.0,0.225,2.0,0.497,0.954,0,
casent0005539,Strumigenys,myrmicinae,Strumigenys fronto,April Nobile,commons,Paratype,"California Academy of Sciences, 2000-2007",train,p,data/images/Strumigenys/casent0005539_p.jpg,True,2000.0,2007.0,9b342f6e3696d7b203a6bdb7a62751ded49c67ddab8e4813a88a984884c68df5,https://upload.wikimedia.org/wikipedia/commons/d/da/Strumigenys_fronto_casent0005539_profile_1.jpg,"harvester downscale, byte-identical",commons_original,False,1024,788,1.2995,180658,164.0,160.0,155.0,173.15,9.0,0.00417,0.00052,thin_line,found,224.0,0.2188,2.0,0.554,0.949,0,
casent0005540,Strumigenys,myrmicinae,Strumigenys fronto,April Nobile,commons,Paratype,"California Academy of Sciences, 2000-2007",test,p,data/images/Strumigenys/casent0005540_p.jpg,True,2000.0,2007.0,0002b4fd8935bd48abdf226c3a8cfead22853509e4b268eaa18d193d8df7a12e,https://upload.wikimedia.org/wikipedia/commons/2/20/Strumigenys_fronto_casent0005540_profile_1.jpg,"Commons server thumbnail, byte-identical",commons_thumbnail,True,1280,768,1.6667,177015,147.0,142.0,138.0,161.08,9.0,0.002,0.00053,thin_line,found,253.0,0.1977,3.0,0.499,0.942,0,
casent0005541,Strumigenys,myrmicinae,Strumigenys fronto,April Nobile,commons,Paratype,"California Academy of Sciences, 2000-2007",train,p,data/images/Strumigenys/casent0005541_p.jpg,True,2000.0,2007.0,691b43922d96be7177d0ec2b819fe2676a4939527c9623cdf1fdad7aa66c0dd9,https://upload.wikimedia.org/wikipedia/commons/e/e0/Strumigenys_fronto_casent0005541_profile_1.jpg,"harvester downscale, byte-identical",commons_original,False,1024,549,1.8652,128438,174.0,174.0,175.0,178.09,-1.0,0.00927,0.00054,thin_line,found,154.0,0.1504,2.0,0.499,0.934,0,
casent0005542,Strumigenys,myrmicinae,Strumigenys glycon,April Nobile,commons,Paratype,"California Academy of Sciences, 2000-2007",test,p,data/images/Strumigenys/casent0005542_p.jpg,True,2000.0,2007.0,9778340430d8f5cb059df335017fac1db0a79dda02b2e076a8e7bafed8a5496d,https://upload.wikimedia.org/wikipedia/commons/f/fd/Strumigenys_glycon_casent0005542_profile_1.jpg,"harvester downscale, byte-identical",commons_original,False,1024,610,1.6787,130159,163.0,161.0,162.0,160.05,1.0,0.00568,0.00071,thin_line,found,294.0,0.2871,2.0,0.498,0.941,0,
casent0005543,Strumigenys,myrmicinae,Strumigenys glycon,April Nobile,commons,Paratype,"California Academy of Sciences, 2000-2007",train,p,data/images/Strumigenys/casent0005543_p.jpg,True,2000.0,2007.0,337160c9bf4fbaabaed4d8a8b1de475132179691ef22674e5079de10e0515194,https://upload.wikimedia.org/wikipedia/commons/9/96/Strumigenys_glycon_casent0005543_profile_1.jpg,"harvester downscale, byte-identical",commons_original,False,1024,614,1.6678,128354,147.0,143.0,140.0,169.67,7.0,0.00061,0.00011,thin_line,found,279.0,0.2725,3.0,0.499,0.942,0,
casent0005544,Strumigenys,myrmicinae,Strumigenys glycon,April Nobile,commons,Holotype,"California Academy of Sciences, 2000-2007",test,p,data/images/Strumigenys/casent0005544_p.jpg,True,2000.0,2007.0,6213bed9377c2d0a3facc9a1057c2805eef39484989a156c6f3a9470fd842f0f,https://upload.wikimedia.org/wikipedia/commons/1/19/Strumigenys_glycon_casent0005544_profile_1.jpg,"harvester downscale, byte-identical",commons_original,False,1024,660,1.5515,128148,183.0,183.0,179.0,183.29,4.0,0.01098,0.00058,thin_line,found,306.0,0.2988,1.0,0.512,0.945,0,
casent0005546,Strumigenys,myrmicinae,Strumigenys diux,April Nobile,commons,Holotype,"California Academy of Sciences, 2000-2007",train,p,data/images/Strumigenys/casent0005546_p.jpg,True,2000.0,2007.0,9c34aeb6cbd63ecf499fac10914248859fd22785bbf59cf929ffd864db91a11c,https://upload.wikimedia.org/wikipedia/commons/2/2e/Strumigenys_diota_casent0005546_profile_1.jpg,"harvester downscale, byte-identical",commons_original,False,1024,683,1.4993,152794,171.0,170.0,169.0,180.03,2.0,0.00103,2e-05,thin_line,found,318.0,0.3105,3.0,0.494,0.947,0,
casent0005549,Strumigenys,myrmicinae,Strumigenys gorgon,April Nobile,commons,Paratype,"California Academy of Sciences, 2000-2007",train,p,data/images/Strumigenys/casent0005549_p.jpg,True,2000.0,2007.0,9c1419d5437a68376c5344094c09c70e2f93c59635b42579ad397cd3db2995ea,https://upload.wikimedia.org/wikipedia/commons/e/e1/Strumigenys_gorgon_casent0005549_profile_1.jpg,"harvester downscale, byte-identical",commons_original,False,1024,754,1.3581,194462,155.0,154.0,151.0,170.08,4.0,0.0273,0.00944,thin_line,found,339.0,0.3311,3.0,0.49,0.949,0,
casent0005551,Strumigenys,myrmicinae,Strumigenys heliani,April Nobile,commons,Holotype,"California Academy of Sciences, 2000-2007",train,p,data/images/Strumigenys/casent0005551_p.jpg,True,2000.0,2007.0,81b5dc8ba55096d3b1812a22e63703ee7363ecf358a9ae98cc4f41f5d97abe72,https://upload.wikimedia.org/wikipedia/commons/0/03/Strumigenys_heliani_casent0005551_profile_1.jpg,"harvester downscale, byte-identical",commons_original,False,1024,618,1.657,152750,159.0,160.0,156.0,167.67,3.0,0.01888,0.00519,thin_line,found,258.0,0.252,2.0,0.499,0.942,0,
casent0005552,Strumigenys,myrmicinae,Strumigenys hilaris,April Nobile,commons,Holotype,"California Academy of Sciences, 2000-2007",train,p,data/images/Strumigenys/casent0005552_p.jpg,True,2000.0,2007.0,d4ec46c96feb2b582c901e77426aec1dc7db8c4cedf75d13f0130e436fa4e212,https://upload.wikimedia.org/wikipedia/commons/2/20/Strumigenys_hilaris_casent0005552_profile_1.jpg,"harvester downscale, byte-identical",commons_original,False,1024,683,1.4993,137623,142.0,142.0,137.0,156.99,5.0,0.00279,0.0009,thin_line,found,205.0,0.2002,1.0,0.5,0.948,0,
casent0005553,Strumigenys,myrmicinae,Strumigenys hilaris,April Nobile,commons,Paratype,"California Academy of Sciences, 2000-2007",train,p,data/images/Strumigenys/casent0005553_p.jpg,True,2000.0,2007.0,dbce2ca4d704976ed0179e768960e11b41fdebbf7920ae6101fb4afcbed13aea,https://upload.wikimedia.org/wikipedia/commons/1/1f/Strumigenys_hilaris_casent0005553_profile_1.jpg,"harvester downscale, byte-identical",commons_original,False,1024,703,1.4566,141235,170.0,168.0,163.0,178.26,7.0,0.00403,0.00029,thin_line,found,189.0,0.1846,1.0,0.506,0.948,0,
casent0005556,Strumigenys,myrmicinae,Strumigenys inatos,April Nobile,commons,Paratype,"California Academy of Sciences, 2000-2007",test,p,data/images/Strumigenys/casent0005556_p.jpg,True,2000.0,2007.0,970dd1c03d2390014fb7734d1238ce866036ae770f7275bb37ba15318b4cace8,https://upload.wikimedia.org/wikipedia/commons/7/7b/Strumigenys_inatos_casent0005556_profile_1.jpg,"harvester downscale, byte-identical",commons_original,False,1024,618,1.657,136944,191.0,191.0,188.0,193.57,3.0,0.00712,0.00069,thin_line,found,282.0,0.2754,2.0,0.498,0.942,0,
casent0005557,Strumigenys,myrmicinae,Strumigenys inatos,April Nobile,commons,Paratype,"California Academy of Sciences, 2000-2007",test,p,data/images/Strumigenys/casent0005557_p.jpg,True,2000.0,2007.0,4721636baf054cc40143958372ccc33071b428d029291168eaab4fc9f2b6dd29,https://upload.wikimedia.org/wikipedia/commons/e/e4/Strumigenys_inatos_casent0005557_profile_1.jpg,"harvester downscale, byte-identical",commons_original,False,1024,803,1.2752,141601,166.0,167.0,162.0,175.65,4.0,0.0034,0.00022,thin_line,found,274.0,0.2676,3.0,0.519,0.955,0,
casent0005558,Strumigenys,myrmicinae,Strumigenys inatos,April Nobile,commons,Paratype,"California Academy of Sciences, 2000-2007",test,p,data/images/Strumigenys/casent0005558_p.jpg,True,2000.0,2007.0,ed94eadc4fb347c96831055345a7552edbe616ac02b4660cf76f5cbc857f31a3,https://upload.wikimedia.org/wikipedia/commons/d/db/Strumigenys_inatos_casent0005558_profile_1.jpg,"Commons server thumbnail, byte-identical",commons_thumbnail,True,1280,739,1.7321,175271,179.0,181.0,178.0,181.32,1.0,0.00436,0.00017,thin_line,found,334.0,0.2609,3.0,0.499,0.94,0,
casent0005559,Strumigenys,myrmicinae,Strumigenys inatos,April Nobile,commons,Holotype,"California Academy of Sciences, 2000-2007",test,p,data/images/Strumigenys/casent0005559_p.jpg,True,2000.0,2007.0,ba3f24223b509ee114cbe64b6853af593cc19496cb1c3603e42f269b35f2aec2,https://upload.wikimedia.org/wikipedia/commons/3/3f/Strumigenys_inatos_casent0005559_profile_1.jpg,"harvester downscale, byte-identical",commons_original,False,1024,573,1.7871,126031,158.0,158.0,155.0,171.29,3.0,0.00233,0.00035,thin_line,found,252.0,0.2461,2.0,0.499,0.937,0,
casent0005560,Strumigenys,myrmicinae,Strumigenys ipsea,April Nobile,commons,Paratype,"California Academy of Sciences, 2000-2007",train,p,data/images/Strumigenys/casent0005560_p.jpg,True,2000.0,2007.0,5872bcbf5275045cbbe45c709b1f84e76acc6375c32c081ae4632cde333d6818,https://upload.wikimedia.org/wikipedia/commons/8/82/Strumigenys_ipsea_casent0005560_profile_1.jpg,"harvester downscale, byte-identical",commons_original,False,1024,640,1.6,140683,161.0,162.0,157.0,168.22,4.0,0.00059,9e-05,thin_line,found,80.0,0.0781,2.0,0.55,0.944,0,
casent0005561,Strumigenys,myrmicinae,Strumigenys ipsea,April Nobile,commons,Paratype,"California Academy of Sciences, 2000-2007",train,p,data/images/Strumigenys/casent0005561_p.jpg,True,2000.0,2007.0,bcb7cf6c3ea329a92aba60829ff1080b327fbebfcf457697b15bb6d84559020d,https://upload.wikimedia.org/wikipedia/commons/6/6d/Strumigenys_ipsea_casent0005561_profile_1.jpg,"harvester downscale, byte-identical",commons_original,False,1024,611,1.6759,139019,165.0,165.0,158.0,168.38,7.0,0.00029,2e-05,thin_line,found,184.0,0.1797,2.0,0.499,0.941,0,
casent0005562,Strumigenys,myrmicinae,Strumigenys ipsea,April Nobile,commons,Paratype,"California Academy of Sciences, 2000-2007",train,p,data/images/Strumigenys/casent0005562_p.jpg,True,2000.0,2007.0,1ed4129f7c542159f4c767a3a7c95ccf1107017c016a05a2d5e765f68d7b0294,https://upload.wikimedia.org/wikipedia/commons/9/92/Strumigenys_ipsea_casent0005562_profile_1.jpg,"harvester downscale, byte-identical",commons_original,False,1024,663,1.5445,144612,162.0,162.0,156.0,166.21,6.0,0.00037,2e-05,none,not_found,,,,,,0,
casent0005563,Strumigenys,myrmicinae,Strumigenys ipsea,April Nobile,commons,Holotype,"California Academy of Sciences, 2000-2007",test,p,data/images/Strumigenys/casent0005563_p.jpg,True,2000.0,2007.0,8f7fb93ec6e0d61099e63e6855921f03509d82d6a1ec706220cb8953e95f662f,https://upload.wikimedia.org/wikipedia/commons/e/ef/Strumigenys_ipsea_casent0005563_profile_1.jpg,"harvester downscale, byte-identical",commons_original,False,1024,564,1.8156,134016,165.0,164.0,159.0,177.84,6.0,0.00131,0.00012,thin_line,found,197.0,0.1924,2.0,0.499,0.936,0,
casent0005564,Strumigenys,myrmicinae,Strumigenys labaris,April Nobile,commons,Holotype,"California Academy of Sciences, 2000-2008",test,p,data/images/Strumigenys/casent0005564_p.jpg,True,2000.0,2008.0,5a13aa64ab3958164e68839d22d43b4f20f1870849a687cfe02fd7658106c11e,https://upload.wikimedia.org/wikipedia/commons/2/28/Strumigenys_labaris_casent0005564_profile_1.jpg,"harvester downscale, byte-identical",commons_original,False,1024,573,1.7871,117043,152.0,153.0,147.0,161.03,5.0,0.0063,0.00351,black_bar,found,172.0,0.168,4.0,0.881,0.937,1,
casent0005565,Strumigenys,myrmicinae,Strumigenys labaris,April Nobile,commons,Paratype,"California Academy of Sciences, 2000-2007",train,p,data/images/Strumigenys/casent0005565_p.jpg,True,2000.0,2007.0,b21db941de161efd0adb5ed1b86777af4c7236c071be21a9748f0227556ebd9e,https://upload.wikimedia.org/wikipedia/commons/7/71/Strumigenys_labaris_casent0005565_profile_1.jpg,"harvester downscale, byte-identical",commons_original,False,1024,633,1.6177,135809,158.0,158.0,153.0,167.23,5.0,0.00315,0.00045,thin_line,found,195.0,0.1904,2.0,0.5,0.943,0,
casent0005566,Strumigenys,myrmicinae,Strumigenys langrandi,April Nobile,commons,Holotype,"California Academy of Sciences, 2000-2007",test,p,data/images/Strumigenys/casent0005566_p.jpg,True,2000.0,2007.0,43cf3a7b51a302345a9cd3bdd9fdb31cd94681daa36478da5deaffe59540898a,https://upload.wikimedia.org/wikipedia/commons/a/aa/Strumigenys_langrandi_casent0005566_profile_1.jpg,"harvester downscale, byte-identical",commons_original,False,1024,585,1.7504,134529,155.0,156.0,155.0,169.2,0.0,0.00789,0.00183,thin_line,found,237.0,0.2314,2.0,0.499,0.938,0,
casent0005568,Strumigenys,myrmicinae,Strumigenys langrandi,April Nobile,commons,Paratype,"California Academy of Sciences, 2000-2007",train,p,data/images/Strumigenys/casent0005568_p.jpg,True,2000.0,2007.0,16c4aee634f7bdaeeb927844b78b101efea9561780365fcf94f19ac7814aca22,https://upload.wikimedia.org/wikipedia/commons/8/81/Strumigenys_langrandi_casent0005568_profile_1.jpg,"Commons server thumbnail, byte-identical",commons_thumbnail,True,1280,781,1.6389,188311,191.0,190.0,187.0,181.85,4.0,0.01187,0.00041,thin_line,found,308.0,0.2406,3.0,0.499,0.943,0,
casent0005569,Strumigenys,myrmicinae,Strumigenys levana,April Nobile,commons,,"California Academy of Sciences, 2000-2008",train,p,data/images/Strumigenys/casent0005569_p.jpg,False,2000.0,2008.0,f0d3ebf8c272a2af6ebd6750e52dd7690f357482fa3a18bc1946ca5d40f35e21,https://upload.wikimedia.org/wikipedia/commons/0/0f/Strumigenys_levana_casent0005569_profile_1.jpg,"harvester downscale, byte-identical",commons_original,False,1024,638,1.605,151050,150.0,153.0,152.0,171.48,-2.0,0.00329,0.00239,black_bar,found,162.0,0.1582,4.0,0.663,0.876,1,
casent0005570,Strumigenys,myrmicinae,Strumigenys levana,April Nobile,commons,Holotype,"California Academy of Sciences, 2000-2007",train,p,data/images/Strumigenys/casent0005570_p.jpg,True,2000.0,2007.0,f39527233a423ef89685866f33e53e128e0f8b712ec99caf5cf8b999daf86e79,https://upload.wikimedia.org/wikipedia/commons/3/32/Strumigenys_levana_casent0005570_profile_1.jpg,"harvester downscale, byte-identical",commons_original,False,1024,528,1.9394,112243,138.0,138.0,133.0,163.68,5.0,0.0015,0.001,thin_line,found,144.0,0.1406,2.0,0.499,0.932,0,
casent0005571,Strumigenys,myrmicinae,Strumigenys levana,April Nobile,commons,,"California Academy of Sciences, 2000-2007",test,p,data/images/Strumigenys/casent0005571_p.jpg,False,2000.0,2007.0,9e94b79ab5aac64ad685214df3a514eadb13eb2ee1a1c05c4e3ff30e37b202bb,https://upload.wikimedia.org/wikipedia/commons/1/10/Strumigenys_levana_casent0005571_profile_1.jpg,"harvester downscale, byte-identical",commons_original,False,1024,651,1.573,143475,132.0,134.0,130.0,156.21,2.0,0.00017,0.00011,thin_line,found,150.0,0.1465,3.0,0.499,0.941,0,
casent0005572,Strumigenys,myrmicinae,Strumigenys levana,April Nobile,commons,,"California Academy of Sciences, 2000-2007",train,p,data/images/Strumigenys/casent0005572_p.jpg,False,2000.0,2007.0,6f9b687581c75d8288e4e07cf1d06b5907a1436c185f478312acded22c2b98b4,https://upload.wikimedia.org/wikipedia/commons/9/97/Strumigenys_levana_casent0005572_profile_1.jpg,"harvester downscale, byte-identical",commons_original,False,1024,575,1.7809,135934,186.0,184.0,185.0,182.5,1.0,0.00488,9e-05,thin_line,found,154.0,0.1504,2.0,0.499,0.937,0,
casent0005573,Strumigenys,myrmicinae,Strumigenys lexex,April Nobile,commons,Paratype,"California Academy of Sciences, 2000-2007",train,p,data/images/Strumigenys/casent0005573_p.jpg,True,2000.0,2007.0,39b5b2e8e7911f5f464b5699e1fb28381c2ae4a073bbaf704d6788cc34a94314,https://upload.wikimedia.org/wikipedia/commons/8/81/Strumigenys_lexex_casent0005573_profile_1.jpg,"harvester downscale, byte-identical",commons_original,False,1024,657,1.5586,133044,149.0,147.0,144.0,172.93,5.0,0.00086,0.00012,thin_line,found,317.0,0.3096,3.0,0.499,0.941,0,
casent0005574,Strumigenys,myrmicinae,Strumigenys lexex,April Nobile,commons,Paratype,"California Academy of Sciences, 2000-2007",train,p,data/images/Strumigenys/casent0005574_p.jpg,True,2000.0,2007.0,60e7dde77c62ceda09570c4e71958b2c8faa011da9bef288dcc5fc96ac08148b,https://upload.wikimedia.org/wikipedia/commons/3/3a/Strumigenys_lexex_casent0005574_profile_1.jpg,"harvester downscale, byte-identical",commons_original,False,1024,656,1.561,132729,180.0,179.0,176.0,178.64,4.0,0.00169,0.00011,thin_line,found,327.0,0.3193,3.0,0.499,0.941,0,
casent0005575,Strumigenys,myrmicinae,Strumigenys lexex,April Nobile,commons,Paratype,"California Academy of Sciences, 2000-2007",test,p,data/images/Strumigenys/casent0005575_p.jpg,True,2000.0,2007.0,21dd2e4630c7c818d4edd7f297f76373b786a31baa8f05309c70dfe56ff847df,https://upload.wikimedia.org/wikipedia/commons/8/8d/Strumigenys_lexex_casent0005575_profile_1.jpg,"harvester downscale, byte-identical",commons_original,False,1024,707,1.4484,139339,151.0,148.0,144.0,176.34,7.0,0.00036,8e-05,thin_line,found,352.0,0.3438,3.0,0.489,0.944,0,
casent0005576,Strumigenys,myrmicinae,Strumigenys lexex,April Nobile,commons,Holotype,"California Academy of Sciences, 2000-2007",train,p,data/images/Strumigenys/casent0005576_p.jpg,True,2000.0,2007.0,ddef17ac67cc7d2a9300f9b4c650a62ea90b52ea8a55848226f04ff863667337,https://upload.wikimedia.org/wikipedia/commons/7/7a/Strumigenys_lexex_casent0005576_profile_1.jpg,"harvester downscale, byte-identical",commons_original,False,1024,559,1.8318,134853,138.0,138.0,132.0,151.51,6.0,0.00055,0.00025,thin_line,found,302.0,0.2949,3.0,0.499,0.931,0,
casent0005577,Strumigenys,myrmicinae,Strumigenys livens,April Nobile,commons,Paratype,"California Academy of Sciences, 2000-2007",train,p,data/images/Strumigenys/casent0005577_p.jpg,True,2000.0,2007.0,afd84a7297104fe934744f36858acc70cb0456c6c7b62c0c3a74f368ec339a04,https://upload.wikimedia.org/wikipedia/commons/6/60/Strumigenys_livens_casent0005577_profile_1.jpg,"harvester downscale, byte-identical",commons_original,False,1024,616,1.6623,129074,162.0,162.0,159.0,174.9,3.0,0.00117,8e-05,thin_line,found,260.0,0.2539,3.0,0.499,0.938,0,
casent0005578,Strumigenys,myrmicinae,Strumigenys livens,April Nobile,commons,Paratype,"California Academy of Sciences, 2000-2007",test,p,data/images/Strumigenys/casent0005578_p.jpg,True,2000.0,2007.0,f425d491bfd9c328835f3f738b4028bdd5b5419e3a555986c6530fecec2b74bb,https://upload.wikimedia.org/wikipedia/commons/3/3b/Strumigenys_livens_casent0005578_profile_1.jpg,"harvester downscale, byte-identical",commons_original,False,1024,637,1.6075,140528,172.0,170.0,167.0,180.93,5.0,0.00245,0.00016,thin_line,found,117.0,0.1143,3.0,0.499,0.94,0,
casent0005579,Strumigenys,myrmicinae,Strumigenys livens,April Nobile,commons,Holotype,"California Academy of Sciences, 2000-2007",train,p,data/images/Strumigenys/casent0005579_p.jpg,True,2000.0,2007.0,97099858168d494dfb1856ae1dd6ef2c6a0ca42d3a1327b7d4bf88b5ce2b98b4,https://upload.wikimedia.org/wikipedia/commons/4/41/Strumigenys_livens_casent0005579_profile_1.jpg,"Commons server thumbnail, byte-identical",commons_thumbnail,True,1280,734,1.7439,182326,162.0,161.0,157.0,169.19,5.0,0.00245,0.00016,thin_line,found,320.0,0.25,3.0,0.501,0.937,0,
casent0005580,Strumigenys,myrmicinae,Strumigenys livens,April Nobile,commons,Paratype,"California Academy of Sciences, 2000-2007",test,p,data/images/Strumigenys/casent0005580_p.jpg,True,2000.0,2007.0,7839deafc5e3a0f6fcfba4a6176be2a3f3c0dfd45146678e775f734318c57de9,https://upload.wikimedia.org/wikipedia/commons/7/72/Strumigenys_livens_casent0005580_profile_1.jpg,"harvester downscale, byte-identical",commons_original,False,1024,638,1.605,130527,155.0,155.0,150.0,161.68,5.0,0.00121,0.0001,thin_line,found,243.0,0.2373,3.0,0.5,0.94,0,
casent0005581,Strumigenys,myrmicinae,Strumigenys luca,April Nobile,gbif_cache,Paratype,"California Academy of Sciences, 2000-2007",train,p,data/images/Strumigenys/casent0005581_p.jpg,True,2000.0,2007.0,b3b93c58897f07a66af52dfa92338a1af68327c7af0a944a87144d54576147d9,https://api.gbif.org/v1/image/cache/1024x1024/occurrence/865076736/media/9e55dee4698bcc62dcf4b1f8ce6fd622,,gbif_cache,False,1024,1024,1.0,153862,196.0,159.0,152.0,179.35,44.0,0.00369,0.00032,thin_line,found,364.0,0.3555,3.0,0.498,0.939,0,
casent0005582,Strumigenys,myrmicinae,Strumigenys luca,April Nobile,commons,Paratype,"California Academy of Sciences, 2000-2007",train,p,data/images/Strumigenys/casent0005582_p.jpg,True,2000.0,2007.0,4b7c177c5368fe2ba770f9394ba840e2bcd9c0086e0c10535e2995a4ceda8b9a,https://upload.wikimedia.org/wikipedia/commons/8/81/Strumigenys_luca_casent0005582_profile_1.jpg,"harvester downscale, byte-identical",commons_original,False,1024,619,1.6543,145468,152.0,151.0,146.0,148.27,6.0,0.00082,0.00015,thin_line,found,185.0,0.1807,3.0,0.515,0.938,0,
casent0005583,Strumigenys,myrmicinae,Strumigenys luca,April Nobile,commons,Paratype,"California Academy of Sciences, 2000-2007",train,p,data/images/Strumigenys/casent0005583_p.jpg,True,2000.0,2007.0,6fe2435f7ff2640f55dee60784ad2076283a3c8085078906d50aaad0096fe52c,https://upload.wikimedia.org/wikipedia/commons/b/b8/Strumigenys_luca_casent0005583_profile_1.jpg,"harvester downscale, byte-identical",commons_original,False,1024,668,1.5329,135359,148.0,148.0,142.0,165.77,6.0,0.00012,1e-05,thin_line,found,229.0,0.2236,3.0,0.499,0.942,0,
casent0005584,Strumigenys,myrmicinae,Strumigenys luca,April Nobile,commons,Holotype,"California Academy of Sciences, 2000-2007",train,p,data/images/Strumigenys/casent0005584_p.jpg,True,2000.0,2007.0,3a034cf4422ea9f4e38011d54bb9b16ee351fc83c1d51e3f8b4d51b753508a6b,https://upload.wikimedia.org/wikipedia/commons/c/c9/Strumigenys_luca_casent0005584_profile_1.jpg,"harvester downscale, byte-identical",commons_original,False,1024,617,1.6596,161551,161.0,159.0,153.0,163.01,8.0,0.00733,0.00062,thin_line,found,212.0,0.207,3.0,0.499,0.938,0,
casent0005585,Strumigenys,myrmicinae,Strumigenys lucomo,April Nobile,commons,Paratype,"California Academy of Sciences, 2000-2008",train,p,data/images/Strumigenys/casent0005585_p.jpg,True,2000.0,2008.0,a8e2abf83e055541cdeb5a4e24328c90922e2b3102e126d3daaf227a1f1b5f38,https://upload.wikimedia.org/wikipedia/commons/2/2b/Strumigenys_lucomo_casent0005585_profile_1.jpg,"harvester downscale, byte-identical",commons_original,False,1024,621,1.649,147220,156.0,149.0,143.0,161.41,13.0,0.00604,0.00318,black_bar,found,141.0,0.1377,5.0,0.891,0.907,1,
casent0005586,Strumigenys,myrmicinae,Strumigenys lucomo,April Nobile,commons,Paratype,"California Academy of Sciences, 2000-2007",test,p,data/images/Strumigenys/casent0005586_p.jpg,True,2000.0,2007.0,cb0f2806ab164817d17bb6e5d91af8985587eccdf266799da43276ecf4b93ee6,https://upload.wikimedia.org/wikipedia/commons/d/d4/Strumigenys_lucomo_casent0005586_profile_1.jpg,"harvester downscale, byte-identical",commons_original,False,1024,622,1.6463,147362,141.0,137.0,130.0,151.06,11.0,0.0044,0.0018,thin_line,found,294.0,0.2871,3.0,0.499,0.938,0,
casent0005587,Strumigenys,myrmicinae,Strumigenys lucomo,April Nobile,commons,Paratype,"California Academy of Sciences, 2000-2007",train,p,data/images/Strumigenys/casent0005587_p.jpg,True,2000.0,2007.0,212d8fadcd664520bb6116e222db76bdb66f069e9fd3969a1db962823d682f61,https://upload.wikimedia.org/wikipedia/commons/a/a6/Strumigenys_lucomo_casent0005587_profile_1.jpg,"harvester downscale, byte-identical",commons_original,False,1024,600,1.7067,164846,152.0,152.0,148.0,154.67,4.0,0.00688,0.00158,thin_line,found,301.0,0.2939,3.0,0.5,0.936,0,
casent0005588,Strumigenys,myrmicinae,Strumigenys lucomo,April Nobile,commons,Holotype,"California Academy of Sciences, 2000-2007",test,p,data/images/Strumigenys/casent0005588_p.jpg,True,2000.0,2007.0,43c49accc994fe6b1c100c1db42c161f6fd7ec39c259c63be1f21b77f6d69684,https://upload.wikimedia.org/wikipedia/commons/e/e3/Strumigenys_lucomo_casent0005588_profile_1.jpg,"harvester downscale, byte-identical",commons_original,False,1024,599,1.7095,129465,152.0,152.0,149.0,170.56,3.0,0.00291,0.00045,thin_line,found,265.0,0.2588,3.0,0.499,0.936,0,
casent0005589,Strumigenys,myrmicinae,Strumigenys lura,April Nobile,commons,Paratype,"California Academy of Sciences, 2000-2007",train,p,data/images/Strumigenys/casent0005589_p.jpg,True,2000.0,2007.0,5e5031035d1cf723780beaedf5e5a00acedde6af5815be417419b309af481556,https://upload.wikimedia.org/wikipedia/commons/8/84/Strumigenys_lura_casent0005589_profile_1.jpg,"harvester downscale, byte-identical",commons_original,False,1024,581,1.7625,127518,161.0,161.0,172.0,169.99,-11.0,0.00648,0.00092,thin_line,found,210.0,0.2051,3.0,0.438,0.934,0,
casent0005590,Strumigenys,myrmicinae,Strumigenys lura,April Nobile,commons,Paratype,"California Academy of Sciences, 2000-2007",train,p,data/images/Strumigenys/casent0005590_p.jpg,True,2000.0,2007.0,30b698f87f1d62eada159b9dde7c0636afc41e5a7b8da4e49ea32a04c3fbbfb3,https://upload.wikimedia.org/wikipedia/commons/d/d3/Strumigenys_lura_casent0005590_profile_1.jpg,"harvester downscale, byte-identical",commons_original,False,1024,575,1.7809,123361,166.0,165.0,176.0,166.37,-10.0,0.00837,0.00118,thin_line,found,314.0,0.3066,3.0,0.499,0.933,0,
casent0005591,Strumigenys,myrmicinae,Strumigenys lura,April Nobile,commons,Paratype,"California Academy of Sciences, 2000-2007",test,p,data/images/Strumigenys/casent0005591_p.jpg,True,2000.0,2007.0,0cb775c9762fe8bc2fa12b536652ec561553cb149f565c92a78b8df023521b4b,https://upload.wikimedia.org/wikipedia/commons/3/33/Strumigenys_lura_casent0005591_profile_1.jpg,"harvester downscale, byte-identical",commons_original,False,1024,699,1.4649,142816,130.0,130.0,135.0,149.0,-5.0,0.00098,0.00058,thin_line,found,145.0,0.1416,3.0,0.521,0.942,0,
casent0005592,Strumigenys,myrmicinae,Strumigenys lura,April Nobile,commons,Holotype,"California Academy of Sciences, 2000-2007",train,p,data/images/Strumigenys/casent0005592_p.jpg,True,2000.0,2007.0,98197352613fcce0d64d5f8ad477936e47cab113950f03f9c99d275dc8638edc,https://upload.wikimedia.org/wikipedia/commons/1/1b/Strumigenys_lura_casent0005592_profile_1.jpg,"Commons server thumbnail, pixel-identical",commons_thumbnail,True,1280,774,1.6537,159076,120.0,121.0,125.0,149.57,-5.0,0.00113,0.00105,thin_line,found,172.0,0.1344,3.0,0.498,0.937,0,
casent0005593,Strumigenys,myrmicinae,Strumigenys lutron,April Nobile,commons,Paratype,"California Academy of Sciences, 2000-2007",train,p,data/images/Strumigenys/casent0005593_p.jpg,True,2000.0,2007.0,bba21e64afb94c3171a860d603a67c22ada49c7a098912e6915f343a5305caef,https://upload.wikimedia.org/wikipedia/commons/3/32/Strumigenys_lutron_casent0005593_profile_1.jpg,"harvester downscale, byte-identical",commons_original,False,1024,677,1.5126,144384,175.0,180.0,192.0,187.48,-17.0,0.00885,0.00031,thin_line,found,171.0,0.167,3.0,0.5,0.943,0,
casent0005594,Strumigenys,myrmicinae,Strumigenys lutron,April Nobile,commons,Paratype,"California Academy of Sciences, 2000-2007",test,p,data/images/Strumigenys/casent0005594_p.jpg,True,2000.0,2007.0,888a82c4354efc8688d7898718d7f9998042d381a8920e3db8b5bd88f8db98a8,https://upload.wikimedia.org/wikipedia/commons/4/4d/Strumigenys_lutron_casent0005594_profile_1.jpg,"harvester downscale, byte-identical",commons_original,False,1024,707,1.4484,143352,164.0,168.0,179.0,180.75,-15.0,0.00385,0.00029,thin_line,found,177.0,0.1729,3.0,0.5,0.946,0,
casent0005595,Strumigenys,myrmicinae,Strumigenys lutron,April Nobile,commons,Holotype,"California Academy of Sciences, 2000-2007",train,p,data/images/Strumigenys/casent0005595_p.jpg,True,2000.0,2007.0,ea87772865961391d5e197202dcca09bc21b3946f423bbaea17686224b613be8,https://upload.wikimedia.org/wikipedia/commons/7/75/Strumigenys_lutron_casent0005595_profile_1.jpg,"harvester downscale, byte-identical",commons_original,False,1024,524,1.9542,116631,190.0,193.0,204.0,201.55,-14.0,0.00477,0.00016,thin_line,found,327.0,0.3193,3.0,0.499,0.927,0,
casent0005596,Strumigenys,myrmicinae,Strumigenys lysis,April Nobile,commons,Paratype,"California Academy of Sciences, 2000-2007",train,p,data/images/Strumigenys/casent0005596_p.jpg,True,2000.0,2007.0,c8e4c0ba9abf339822be6085dd921ff93164f07786494578cb1c822b26449306,https://upload.wikimedia.org/wikipedia/commons/7/72/Strumigenys_lysis_casent0005596_profile_1.jpg,"harvester downscale, byte-identical",commons_original,False,1024,625,1.6384,135859,145.0,146.0,143.0,169.71,2.0,0.00328,0.00078,thin_line,found,220.0,0.2148,3.0,0.499,0.938,0,
casent0005597,Strumigenys,myrmicinae,Strumigenys lysis,April Nobile,commons,Holotype,"California Academy of Sciences, 2000-2007",test,p,data/images/Strumigenys/casent0005597_p.jpg,True,2000.0,2007.0,c1c85cabf481d0f57327dc567b7b09fb71560ee4c8c79f551a3c050688f77913,https://upload.wikimedia.org/wikipedia/commons/7/76/Strumigenys_lysis_casent0005597_profile_1.jpg,"harvester downscale, byte-identical",commons_original,False,1024,647,1.5827,139733,123.0,125.0,120.0,143.01,3.0,0.01593,0.01438,thin_line,found,230.0,0.2246,3.0,0.499,0.94,0,
casent0005598,Strumigenys,myrmicinae,Strumigenys lysis,April Nobile,commons,Paratype,"California Academy of Sciences, 2000-2007",train,p,data/images/Strumigenys/casent0005598_p.jpg,True,2000.0,2007.0,0d1513d2b211a31876fdf5bf39550e09d58aa2c72ae5a685e9fe727d8ecfe1e1,https://upload.wikimedia.org/wikipedia/commons/0/0d/Strumigenys_lysis_casent0005598_profile_1.jpg,"harvester downscale, byte-identical",commons_original,False,1024,671,1.5261,135205,143.0,144.0,140.0,164.5,3.0,0.00873,0.00365,thin_line,found,240.0,0.2344,3.0,0.499,0.943,0,
casent0005599,Strumigenys,myrmicinae,Strumigenys lysis,April Nobile,commons,Paratype,"California Academy of Sciences, 2000-2007",train,p,data/images/Strumigenys/casent0005599_p.jpg,True,2000.0,2007.0,e5cfcac8f26b275bcbd5f7266daf6deea9a8a0de9fbf251f9eea3b86043841b3,https://upload.wikimedia.org/wikipedia/commons/3/36/Strumigenys_lysis_casent0005599_profile_1.jpg,"harvester downscale, byte-identical",commons_original,False,1024,667,1.5352,145119,132.0,133.0,129.0,150.12,3.0,0.01752,0.01152,thin_line,found,239.0,0.2334,3.0,0.5,0.942,0,
casent0005601,Strumigenys,myrmicinae,Strumigenys manga,April Nobile,commons,,"California Academy of Sciences, 2000-2007",train,p,data/images/Strumigenys/casent0005601_p.jpg,False,2000.0,2007.0,674ebc97058afd3557fee37d9a7fbe835a45627394cf78737287d3b703f19221,https://upload.wikimedia.org/wikipedia/commons/1/19/Strumigenys_manga_casent0005601_profile_1.jpg,"harvester downscale, byte-identical",commons_original,False,1024,773,1.3247,173185,99.0,101.0,94.0,139.04,5.0,0.00113,0.00258,thin_line,found,333.0,0.3252,3.0,0.5,0.95,0,
casent0005602,Strumigenys,myrmicinae,Strumigenys micrans,April Nobile,commons,Holotype,"California Academy of Sciences, 2000-2007",train,p,data/images/Strumigenys/casent0005602_p.jpg,True,2000.0,2007.0,162a1556420ab24417a0b46298bde5d4edf3c9c2789dba099bda6610b5220ab8,https://upload.wikimedia.org/wikipedia/commons/b/b9/Strumigenys_micrans_casent0005602_profile_1.jpg,"harvester downscale, byte-identical",commons_original,False,1024,643,1.5925,130840,112.0,114.0,112.0,130.69,0.0,7e-05,0.00012,thin_line,found,145.0,0.1416,3.0,0.493,0.939,0,
casent0005603,Strumigenys,myrmicinae,Strumigenys milae,April Nobile,commons,Paratype,"California Academy of Sciences, 2000-2007",train,p,data/images/Strumigenys/casent0005603_p.jpg,True,2000.0,2007.0,ed74baa20cc7343c4bffe796efdabc64b3e302c6f3f8ceb04269c83b034b4d6c,https://upload.wikimedia.org/wikipedia/commons/6/66/Strumigenys_milae_casent0005603_profile_1.jpg,"harvester downscale, byte-identical",commons_original,False,1024,653,1.5681,129988,131.0,132.0,129.0,152.18,2.0,0.0013,0.0006,thin_line,found,219.0,0.2139,3.0,0.499,0.941,0,
casent0005604,Strumigenys,myrmicinae,Strumigenys milae,April Nobile,commons,Holotype,"California Academy of Sciences, 2000-2007",train,p,data/images/Strumigenys/casent0005604_p.jpg,True,2000.0,2007.0,037fce3f390aefb821f055eeec2423fe2c5849e9c1c82df6ae055066ff9ff04c,https://upload.wikimedia.org/wikipedia/commons/5/5c/Strumigenys_milae_casent0005604_profile_1.jpg,"harvester downscale, byte-identical",commons_original,False,1024,739,1.3857,146743,144.0,146.0,141.0,152.85,3.0,0.0035,0.00106,thin_line,found,222.0,0.2168,3.0,0.499,0.948,0,
casent0005605,Strumigenys,myrmicinae,Strumigenys mola,April Nobile,commons,Paratype,"California Academy of Sciences, 2000-2007",train,p,data/images/Strumigenys/casent0005605_p.jpg,True,2000.0,2007.0,21b664b89cb05a749d175a243b780fba42ae484b9e6605fce83a7d302b49a597,https://upload.wikimedia.org/wikipedia/commons/b/b2/Strumigenys_mola_casent0005605_profile_1.jpg,"Commons server thumbnail, pixel-identical",commons_thumbnail,True,1280,755,1.6954,179707,161.0,168.0,169.0,172.36,-8.0,0.01272,0.00084,thin_line,found,191.0,0.1492,3.0,0.499,0.936,0,
casent0005608,Strumigenys,myrmicinae,Strumigenys mola,April Nobile,commons,Holotype,"California Academy of Sciences, 2000-2007",test,p,data/images/Strumigenys/casent0005608_p.jpg,True,2000.0,2007.0,e5deff3a72ec7ac9597b5359a8133b7b586cec1b4ea030a69b878db716bfd674,https://upload.wikimedia.org/wikipedia/commons/c/cc/Strumigenys_mola_casent0005608_profile_1.jpg,"harvester downscale, byte-identical",commons_original,False,1024,624,1.641,121378,102.0,103.0,99.0,133.27,3.0,0.00203,0.00389,black_bar,found,132.0,0.1289,2.0,0.495,0.938,1,
casent0005609,Strumigenys,myrmicinae,Strumigenys nambao,April Nobile,commons,Paratype,"California Academy of Sciences, 2000-2007",train,p,data/images/Strumigenys/casent0005609_p.jpg,True,2000.0,2007.0,c03ff73ec2d987294e605f72f5a8f80d109718d462da382c312a2508c99dadd2,https://upload.wikimedia.org/wikipedia/commons/e/e5/Strumigenys_nambao_casent0005609_profile_1.jpg,"harvester downscale, byte-identical",commons_original,False,1024,603,1.6982,129742,134.0,135.0,132.0,153.37,2.0,0.00315,0.00177,thin_line,found,234.0,0.2285,3.0,0.499,0.936,0,
casent0005610,Strumigenys,myrmicinae,Strumigenys nambao,April Nobile,commons,Holotype,"California Academy of Sciences, 2000-2007",train,p,data/images/Strumigenys/casent0005610_p.jpg,True,2000.0,2007.0,5e8ac47ec2d9b193e2b6cb7eeecea030e967d4847ac8de2ca3ddf54634154ebd,https://upload.wikimedia.org/wikipedia/commons/3/3e/Strumigenys_nambao_casent0005610_profile_1.jpg,"harvester downscale, byte-identical",commons_original,False,1024,685,1.4949,143661,136.0,138.0,135.0,142.17,1.0,0.00507,0.00238,thin_line,found,236.0,0.2305,3.0,0.499,0.944,0,
casent0005611,Strumigenys,myrmicinae,Strumigenys nambao,April Nobile,gbif_cache,Paratype,"California Academy of Sciences, 2000-2007",train,p,data/images/Strumigenys/casent0005611_p.jpg,True,2000.0,2007.0,62fa5c714357c3b9b63e6f77aa338bcbe25c3cf157ea8e989e9a22acc9467471,https://api.gbif.org/v1/image/cache/1024x1024/occurrence/865076772/media/b8e107b0f6737df50d88fe1100e6d7b6,,gbif_cache,False,1024,1024,1.0,143815,135.0,129.0,123.0,146.97,12.0,0.00405,0.00292,black_bar,found,425.0,0.415,4.0,0.498,0.932,1,
casent0005612,Strumigenys,myrmicinae,Strumigenys nambao,April Nobile,commons,Paratype,"California Academy of Sciences, 2000-2007",train,p,data/images/Strumigenys/casent0005612_p.jpg,True,2000.0,2007.0,2bb09c6abc4c125df7939007f815086eed8747145809d7108d3c11ed6b22964d,https://upload.wikimedia.org/wikipedia/commons/b/b6/Strumigenys_nambao_casent0005612_profile_1.jpg,"harvester downscale, byte-identical",commons_original,False,1024,571,1.7933,130078,136.0,136.0,133.0,146.67,3.0,0.00362,0.00159,thin_line,found,226.0,0.2207,3.0,0.499,0.933,0,
casent0005613,Strumigenys,myrmicinae,Strumigenys norax,April Nobile,commons,Paratype,"California Academy of Sciences, 2000-2007",train,p,data/images/Strumigenys/casent0005613_p.jpg,True,2000.0,2007.0,15bba73559f43961a6692bd4574fdfd410e22eb0e587d9b1e24d5b1e19660e41,https://upload.wikimedia.org/wikipedia/commons/6/6e/Strumigenys_norax_casent0005613_profile_1.jpg,"harvester downscale, byte-identical",commons_original,False,1024,662,1.5468,146247,131.0,132.0,127.0,155.94,4.0,0.00307,0.00203,thin_line,found,233.0,0.2275,3.0,0.5,0.942,0,
casent0005614,Strumigenys,myrmicinae,Strumigenys norax,April Nobile,commons,Paratype,"California Academy of Sciences, 2000-2007",train,p,data/images/Strumigenys/casent0005614_p.jpg,True,2000.0,2007.0,6165a7814cb4ba48bd6f353715ec68b72bd202ac950e86cb3a9e87d8ebb20911,https://upload.wikimedia.org/wikipedia/commons/4/41/Strumigenys_norax_casent0005614_profile_1.jpg,"harvester downscale, byte-identical",commons_original,False,1024,624,1.641,126859,138.0,139.0,135.0,151.4,3.0,0.00301,0.00151,thin_line,found,194.0,0.1895,3.0,0.499,0.938,0,
casent0005615,Strumigenys,myrmicinae,Strumigenys norax,April Nobile,commons,Paratype,"California Academy of Sciences, 2000-2007",test,p,data/images/Strumigenys/casent0005615_p.jpg,True,2000.0,2007.0,448c6fbbbe98fab6ea9ad1bc2faccefe40b30a524a3fbeb45525fe63aa7f51eb,https://upload.wikimedia.org/wikipedia/commons/9/94/Strumigenys_norax_casent0005615_profile_1.jpg,"harvester downscale, byte-identical",commons_original,False,1024,734,1.3951,169102,143.0,137.0,125.0,155.18,18.0,0.00507,0.0022,thin_line,found,236.0,0.2305,3.0,0.498,0.948,0,
casent0005616,Strumigenys,myrmicinae,Strumigenys norax,April Nobile,commons,Holotype,"California Academy of Sciences, 2000-2007",test,p,data/images/Strumigenys/casent0005616_p.jpg,True,2000.0,2007.0,cb83a4def64b03f562782a9437e64a2ed6c1f910e7283ea0e9d9bcc81953ad61,https://upload.wikimedia.org/wikipedia/commons/b/b7/Strumigenys_norax_casent0005616_profile_1.jpg,"harvester downscale, byte-identical",commons_original,False,1024,666,1.5375,135079,126.0,128.0,122.0,135.74,4.0,0.00153,0.00106,thin_line,found,203.0,0.1982,3.0,0.499,0.942,0,
casent0005617,Strumigenys,myrmicinae,Strumigenys odacon,April Nobile,commons,Paratype,"California Academy of Sciences, 2000-2007",train,p,data/images/Strumigenys/casent0005617_p.jpg,True,2000.0,2007.0,3dcf29e7ce2730ae72de4f270e6ffd0e5e4c2238d23b36598873ce7160d2cf6f,https://upload.wikimedia.org/wikipedia/commons/a/a8/Strumigenys_odacon_casent0005617_profile_1.jpg,"harvester downscale, byte-identical",commons_original,False,1024,675,1.517,131400,151.0,154.0,150.0,172.06,1.0,0.0008,0.00031,thin_line,found,134.0,0.1309,3.0,0.499,0.943,0,
casent0005618,Strumigenys,myrmicinae,Strumigenys odacon,April Nobile,commons,Paratype,"California Academy of Sciences, 2000-2007",train,p,data/images/Strumigenys/casent0005618_p.jpg,True,2000.0,2007.0,bb65462984083b892e0a4d79065e4c9162de2b32e69058da21371cba72383d74,https://upload.wikimedia.org/wikipedia/commons/f/fd/Strumigenys_odacon_casent0005618_profile_1.jpg,"harvester downscale, byte-identical",commons_original,False,1024,531,1.9284,122660,126.0,130.0,129.0,154.22,-3.0,0.00053,0.00036,thin_line,found,290.0,0.2832,3.0,0.499,0.927,0,
casent0005619,Strumigenys,myrmicinae,Strumigenys odacon,April Nobile,commons,Paratype,"California Academy of Sciences, 2000-2007",test,p,data/images/Strumigenys/casent0005619_p.jpg,True,2000.0,2007.0,452e8d51e2f3305fb59f80b62ca69c896ded10a717927bb9856d5935ab89a00b,https://upload.wikimedia.org/wikipedia/commons/e/e4/Strumigenys_odacon_casent0005619_profile_1.jpg,"harvester downscale, byte-identical",commons_original,False,1024,701,1.4608,142364,156.0,157.0,151.0,168.01,5.0,0.00461,0.00165,black_bar,found,343.0,0.335,2.0,0.491,0.943,1,
casent0005620,Strumigenys,myrmicinae,Strumigenys odacon,April Nobile,commons,Holotype,"California Academy of Sciences, 2000-2007",test,p,data/images/Strumigenys/casent0005620_p.jpg,True,2000.0,2007.0,cf3a265fc9b7e773df657a6fd3486b861844c8affbc220b0fe325b5d11c53256,https://upload.wikimedia.org/wikipedia/commons/6/63/Strumigenys_odacon_casent0005620_profile_1.jpg,"Commons server thumbnail, byte-identical",commons_thumbnail,True,1280,804,1.592,177275,143.0,145.0,142.0,164.27,1.0,0.0004,6e-05,thin_line,found,167.0,0.1305,3.0,0.499,0.94,0,
casent0005622,Strumigenys,myrmicinae,Strumigenys origo,April Nobile,commons,Holotype,"California Academy of Sciences, 2000-2007",test,p,data/images/Strumigenys/casent0005622_p.jpg,True,2000.0,2007.0,855b7e11fe648b1f9c81b5ba7731d60a7b8c0a16fc104c63cafa17dbc3421362,https://upload.wikimedia.org/wikipedia/commons/2/2a/Strumigenys_origo_casent0005622_profile_1.jpg,"harvester downscale, byte-identical",commons_original,False,1024,575,1.7809,126476,146.0,149.0,147.0,151.87,-1.0,0.00318,0.00146,black_bar,found,278.0,0.2715,2.0,0.499,0.932,1,
casent0005623,Strumigenys,myrmicinae,Strumigenys origo,April Nobile,commons,Paratype,"California Academy of Sciences, 2000-2007",train,p,data/images/Strumigenys/casent0005623_p.jpg,True,2000.0,2007.0,6845fba5efd63624bd4a9ef3fc23666134bcc2619e45c1b609d0e952da6c24f4,https://upload.wikimedia.org/wikipedia/commons/8/82/Strumigenys_origo_casent0005623_profile_1.jpg,"harvester downscale, byte-identical",commons_original,False,1024,646,1.5851,131969,151.0,153.0,151.0,161.33,0.0,0.0088,0.00277,thin_line,found,323.0,0.3154,3.0,0.489,0.939,0,
casent0005624,Strumigenys,myrmicinae,Strumigenys origo,April Nobile,commons,Paratype,"California Academy of Sciences, 2000-2007",test,p,data/images/Strumigenys/casent0005624_p.jpg,True,2000.0,2007.0,7717ccc89b1f7c31e5071b809027b9f5d6beb04356732e6f276492f78ac1b417,https://upload.wikimedia.org/wikipedia/commons/9/94/Strumigenys_origo_casent0005624_profile_1.jpg,"harvester downscale, byte-identical",commons_original,False,1024,629,1.628,134900,132.0,134.0,133.0,153.15,-1.0,0.00302,0.00151,thin_line,found,293.0,0.2861,3.0,0.499,0.939,0,
casent0005625,Strumigenys,myrmicinae,Strumigenys peyrierasi,April Nobile,commons,Holotype,"California Academy of Sciences, 2000-2007",train,p,data/images/Strumigenys/casent0005625_p.jpg,True,2000.0,2007.0,88599a10beed3f6a525721da809f8e2d0a4e516c3685d9337a70247a006fd1ca,https://upload.wikimedia.org/wikipedia/commons/9/96/Strumigenys_peyrierasi_casent0005625_profile_1.jpg,"harvester downscale, byte-identical",commons_original,False,1024,773,1.3247,176681,143.0,142.0,134.0,160.27,9.0,0.01274,0.00751,thin_line,found,134.0,0.1309,3.0,0.499,0.95,0,
casent0005626,Strumigenys,myrmicinae,Strumigenys rabesoni,April Nobile,commons,Paratype,"California Academy of Sciences, 2000-2007",train,p,data/images/Strumigenys/casent0005626_p.jpg,True,2000.0,2007.0,a18ad1a8b6c5c3980acd7c25302de66c60caf9ea0524fe85b7b7851948ec1fba,https://upload.wikimedia.org/wikipedia/commons/6/68/Strumigenys_rabesoni_casent0005626_profile_1.jpg,"harvester downscale, byte-identical",commons_original,False,1024,638,1.605,149245,138.0,140.0,139.0,161.58,-1.0,0.03851,0.0201,thin_line,found,295.0,0.2881,3.0,0.5,0.94,0,
casent0005627,Strumigenys,myrmicinae,Strumigenys rabesoni,April Nobile,commons,Paratype,"California Academy of Sciences, 2000-2007",train,p,data/images/Strumigenys/casent0005627_p.jpg,True,2000.0,2007.0,038acaa13b95555127153147a19b5c15d2341af1cbb1ad737a83f5c4ac35c464,https://upload.wikimedia.org/wikipedia/commons/3/3c/Strumigenys_rabesoni_casent0005627_profile_1.jpg,"harvester downscale, byte-identical",commons_original,False,1024,617,1.6596,134371,120.0,122.0,118.0,133.11,2.0,0.02942,0.02839,thin_line,found,242.0,0.2363,3.0,0.499,0.938,0,
casent0005628,Strumigenys,myrmicinae,Strumigenys rabesoni,April Nobile,commons,Paratype,"California Academy of Sciences, 2000-2007",train,p,data/images/Strumigenys/casent0005628_p.jpg,True,2000.0,2007.0,385d7455c1ba7cda1a8bf7ab79d1d923b0bcb3d811d2d4165069608807463b31,https://upload.wikimedia.org/wikipedia/commons/8/81/Strumigenys_rabesoni_casent0005628_profile_1.jpg,"harvester downscale, byte-identical",commons_original,False,1024,619,1.6543,135785,143.0,145.0,142.0,161.03,1.0,0.02438,0.01029,black_bar,found,251.0,0.2451,2.0,0.499,0.937,1,
casent0005629,Strumigenys,myrmicinae,Strumigenys ravola,April Nobile,commons,Holotype,"California Academy of Sciences, 2000-2007",test,p,data/images/Strumigenys/casent0005629_p.jpg,True,2000.0,2007.0,618b02e624c13a161ecdc12a9b68876b314631aa37baa789f3e833a9af5d39f1,https://upload.wikimedia.org/wikipedia/commons/1/13/Strumigenys_ravola_casent0005629_profile_1.jpg,"harvester downscale, byte-identical",commons_original,False,1024,621,1.649,127582,122.0,121.0,117.0,130.26,5.0,0.00192,0.00184,black_bar,found,261.0,0.2549,2.0,0.504,0.937,1,
casent0005630,Strumigenys,myrmicinae,Strumigenys rubigus,April Nobile,commons,Holotype,"California Academy of Sciences, 2000-2007",train,p,data/images/Strumigenys/casent0005630_p.jpg,True,2000.0,2007.0,e0dcf005ba212508780d1782ae408295e0ae735f202443797dc5c023c6b073fa,https://upload.wikimedia.org/wikipedia/commons/c/c5/Strumigenys_rubigus_casent0005630_profile_1.jpg,"harvester downscale, byte-identical",commons_original,False,1024,707,1.4484,151754,131.0,131.0,125.0,138.61,6.0,0.00388,0.00294,black_bar,found,227.0,0.2217,2.0,0.506,0.945,1,
casent0005631,Strumigenys,myrmicinae,Strumigenys schuetzi,April Nobile,commons,Paratype,"California Academy of Sciences, 2000-2007",train,p,data/images/Strumigenys/casent0005631_p.jpg,True,2000.0,2007.0,73dce9003a49441d70828efca92dce957f39cba2b0b5e81eab4a7762471fff54,https://upload.wikimedia.org/wikipedia/commons/6/6d/Strumigenys_schuetzi_casent0005631_profile_1.jpg,"harvester downscale, byte-identical",commons_original,False,1024,671,1.5261,132080,168.0,170.0,171.0,177.87,-3.0,0.00488,0.00082,black_bar,found,163.0,0.1592,2.0,0.5,0.945,1,
casent0005632,Strumigenys,myrmicinae,Strumigenys schuetzi,April Nobile,commons,Paratype,"California Academy of Sciences, 2000-2007",train,p,data/images/Strumigenys/casent0005632_p.jpg,True,2000.0,2007.0,ec41315f98f287d32694128f347a83ea451f6dceff7bb8dd49479e5c3aef26b1,https://upload.wikimedia.org/wikipedia/commons/a/aa/Strumigenys_schuetzi_casent0005632_profile_1.jpg,"harvester downscale, byte-identical",commons_original,False,1024,523,1.9579,118957,131.0,136.0,134.0,146.09,-3.0,0.00097,0.00079,black_bar,found,145.0,0.1416,2.0,0.499,0.925,1,
casent0005633,Strumigenys,myrmicinae,Strumigenys schuetzi,April Nobile,commons,Paratype,"California Academy of Sciences, 2000-2007",train,p,data/images/Strumigenys/casent0005633_p.jpg,True,2000.0,2007.0,1ab922273840f73f80d50013a60df4527e016a74f997490f111605065a13df53,https://upload.wikimedia.org/wikipedia/commons/3/31/Strumigenys_schuetzi_casent0005633_profile_1.jpg,"harvester downscale, byte-identical",commons_original,False,1024,705,1.4525,130795,175.0,179.0,177.0,189.96,-2.0,0.00114,2e-05,thin_line,found,187.0,0.1826,3.0,0.489,0.944,0,
casent0005634,Strumigenys,myrmicinae,Strumigenys schuetzi,April Nobile,commons,Holotype,"California Academy of Sciences, 2000-2007",train,p,data/images/Strumigenys/casent0005634_p.jpg,True,2000.0,2007.0,c9a17683b41547c82b7a006a7c7764f9750cc3ecda002fefea4e76baad00083d,https://upload.wikimedia.org/wikipedia/commons/8/80/Strumigenys_schuetzi_casent0005634_profile_1.jpg,"Commons server thumbnail, byte-identical",commons_thumbnail,True,1280,680,1.8824,213034,138.0,142.0,141.0,156.81,-3.0,0.00133,0.0009,black_bar,found,177.0,0.1383,3.0,0.499,0.929,1,
casent0005635,Strumigenys,myrmicinae,Strumigenys sphera,April Nobile,commons,Holotype,"California Academy of Sciences, 2000-2007",train,p,data/images/Strumigenys/casent0005635_p.jpg,True,2000.0,2007.0,2e8fc98c5fa4789f9f712539b2ad79052400ac4a85951421bca29878568ab528,https://upload.wikimedia.org/wikipedia/commons/9/96/Strumigenys_sphera_casent0005635_profile_1.jpg,"harvester downscale, byte-identical",commons_original,False,1024,597,1.7152,133991,132.0,133.0,126.0,150.0,6.0,0.00798,0.00475,black_bar,found,167.0,0.1631,2.0,0.5,0.935,1,
casent0005636,Strumigenys,myrmicinae,Strumigenys sphera,April Nobile,commons,Paratype,"California Academy of Sciences, 2000-2007",train,p,data/images/Strumigenys/casent0005636_p.jpg,True,2000.0,2007.0,c5ee97e73d13ade5bef12c30e12b759f7bbdb5ba584a5d5149dc21827041794f,https://upload.wikimedia.org/wikipedia/commons/c/c9/Strumigenys_sphera_casent0005636_profile_1.jpg,"harvester downscale, byte-identical",commons_original,False,1024,548,1.8686,122434,130.0,132.0,126.0,134.89,4.0,0.00199,0.00119,thin_line,found,280.0,0.2734,3.0,0.499,0.93,0,
casent0005637,Strumigenys,myrmicinae,Strumigenys sphera,April Nobile,commons,Paratype,"California Academy of Sciences, 2000-2007",train,p,data/images/Strumigenys/casent0005637_p.jpg,True,2000.0,2007.0,028d83d5df0470ef869d394645a9764e604df020232a231d87f97e4d81d49796,https://upload.wikimedia.org/wikipedia/commons/5/54/Strumigenys_sphera_casent0005637_profile_1.jpg,"harvester downscale, byte-identical",commons_original,False,1024,735,1.3932,159414,125.0,127.0,120.0,130.14,5.0,0.00413,0.00314,none,not_found,,,,,,0,
casent0005638,Strumigenys,myrmicinae,Strumigenys sphera,April Nobile,commons,Paratype,"California Academy of Sciences, 2000-2007",train,p,data/images/Strumigenys/casent0005638_p.jpg,True,2000.0,2007.0,5fd3d1daac1da5bf34311154bf5564a2b320bed58373f1c3f227c68ffb2736dc,https://upload.wikimedia.org/wikipedia/commons/9/99/Strumigenys_sphera_casent0005638_profile_1.jpg,"harvester downscale, byte-identical",commons_original,False,1024,669,1.5306,158646,133.0,134.0,128.0,134.29,5.0,0.00393,0.00226,thin_line,found,181.0,0.1768,4.0,0.5,0.945,0,
casent0005639,Strumigenys,myrmicinae,Strumigenys sylvaini,April Nobile,commons,Holotype,"California Academy of Sciences, 2000-2007",test,p,data/images/Strumigenys/casent0005639_p.jpg,True,2000.0,2007.0,4c182ad62881b7ccac0833fd39c0257b6b303af047071b66008e114e560f67bd,https://upload.wikimedia.org/wikipedia/commons/f/fd/Strumigenys_sylvaini_casent0005639_profile_1.jpg,"harvester downscale, byte-identical",commons_original,False,1024,630,1.6254,152768,151.0,154.0,151.0,163.78,0.0,0.01595,0.00508,thin_line,found,242.0,0.2363,3.0,0.499,0.939,0,
casent0005640,Strumigenys,myrmicinae,Strumigenys sylvaini,April Nobile,commons,Paratype,"California Academy of Sciences, 2000-2007",train,p,data/images/Strumigenys/casent0005640_p.jpg,True,2000.0,2007.0,afa63e903c95bd7ea192c83608d9a44c8561e8966473eae7d901103f57c6138a,https://upload.wikimedia.org/wikipedia/commons/a/ab/Strumigenys_sylvaini_casent0005640_profile_1.jpg,"harvester downscale, byte-identical",commons_original,False,1024,690,1.4841,147863,170.0,172.0,169.0,180.41,1.0,0.0183,0.00377,thin_line,found,295.0,0.2881,3.0,0.5,0.944,0,
casent0005641,Strumigenys,myrmicinae,Strumigenys sylvaini,April Nobile,commons,Paratype,"California Academy of Sciences, 2000-2007",train,p,data/images/Strumigenys/casent0005641_p.jpg,True,2000.0,2007.0,64549ecf8f0cd91b79185a58f11fefd69f6219ad2bbfc39ab4eaf54e915d439a,https://upload.wikimedia.org/wikipedia/commons/0/04/Strumigenys_sylvaini_casent0005641_profile_1.jpg,"harvester downscale, byte-identical",commons_original,False,1024,682,1.5015,133566,147.0,150.0,148.0,169.0,-1.0,0.02024,0.00924,thin_line,found,237.0,0.2314,3.0,0.499,0.944,0,
casent0005642,Strumigenys,myrmicinae,Strumigenys tegar,April Nobile,commons,Holotype,"California Academy of Sciences, 2000-2007",train,p,data/images/Strumigenys/casent0005642_p.jpg,True,2000.0,2007.0,89bc97453b0bb826ca845f8804fcd7090606fd4778923c2c0126eb4b9065a1b1,https://upload.wikimedia.org/wikipedia/commons/d/d7/Strumigenys_tegar_casent0005642_profile_1.jpg,"harvester downscale, byte-identical",commons_original,False,1024,628,1.6306,137537,143.0,143.0,137.0,155.5,6.0,0.00296,0.00111,thin_line,found,195.0,0.1904,3.0,0.499,0.939,0,
casent0005643,Strumigenys,myrmicinae,Strumigenys toma,April Nobile,commons,Holotype,"California Academy of Sciences, 2000-2007",train,p,data/images/Strumigenys/casent0005643_p.jpg,True,2000.0,2007.0,1932f4257b5c1a3aeae15ecfc7ad8678db8084415a8fb383567860a860b18246,https://upload.wikimedia.org/wikipedia/commons/a/af/Strumigenys_toma_casent0005643_profile_1.jpg,"harvester downscale, byte-identical",commons_original,False,1024,633,1.6177,150373,177.0,180.0,179.0,181.71,-2.0,0.0117,0.00095,black_bar,found,165.0,0.1611,2.0,0.499,0.938,1,
casent0005644,Strumigenys,myrmicinae,Strumigenys vazimba,April Nobile,commons,Paratype,"California Academy of Sciences, 2000-2007",train,p,data/images/Strumigenys/casent0005644_p.jpg,True,2000.0,2007.0,b9f42183ec4aa7b97c3ebfbb4e0ff02cb21cd92131bda629b6ca46b4a48414ea,https://upload.wikimedia.org/wikipedia/commons/e/e4/Strumigenys_vazimba_casent0005644_profile_1.jpg,"harvester downscale, byte-identical",commons_original,False,1024,724,1.4144,147695,152.0,153.0,146.0,149.76,6.0,0.02528,0.01093,thin_line,found,214.0,0.209,3.0,0.499,0.947,0,
casent0005645,Strumigenys,myrmicinae,Strumigenys vazimba,April Nobile,commons,Paratype,"California Academy of Sciences, 2000-2007",train,p,data/images/Strumigenys/casent0005645_p.jpg,True,2000.0,2007.0,0302dcccca250375ad729e30c3b648010ee20bd2958b3919253fcbe5b63b1d44,https://upload.wikimedia.org/wikipedia/commons/5/52/Strumigenys_vazimba_casent0005645_profile_1.jpg,"harvester downscale, byte-identical",commons_original,False,1024,690,1.4841,153358,138.0,139.0,133.0,135.36,5.0,0.0399,0.02657,thin_line,found,227.0,0.2217,3.0,0.5,0.944,0,
casent0005646,Strumigenys,myrmicinae,Strumigenys vazimba,April Nobile,commons,Paratype,"California Academy of Sciences, 2000-2007",train,p,data/images/Strumigenys/casent0005646_p.jpg,True,2000.0,2007.0,495de053077d369a8faebb0038db8acebac454cf9519ab77efb6aff9e5abdcd3,https://upload.wikimedia.org/wikipedia/commons/a/a6/Strumigenys_vazimba_casent0005646_profile_1.jpg,"Commons server thumbnail, byte-identical",commons_thumbnail,True,1280,753,1.6999,177396,132.0,133.0,127.0,134.45,5.0,0.03632,0.02648,thin_line,found,285.0,0.2227,3.0,0.499,0.936,0,
casent0005647,Strumigenys,myrmicinae,Strumigenys vazimba,April Nobile,commons,Holotype,"California Academy of Sciences, 2000-2007",test,p,data/images/Strumigenys/casent0005647_p.jpg,True,2000.0,2007.0,dc9a21183a96a655e0d7e18f7b411c2a18ed1bc886c9ee7d202e0f63a0a17cc1,https://upload.wikimedia.org/wikipedia/commons/1/13/Strumigenys_vazimba_casent0005647_profile_1.jpg,"harvester downscale, byte-identical",commons_original,False,1024,644,1.5901,144660,139.0,140.0,134.0,136.84,5.0,0.0283,0.01669,thin_line,found,230.0,0.2246,3.0,0.499,0.94,0,
casent0005889,Strumigenys,myrmicinae,Pyramica ludovici,April Nobile,commons,,"California Academy of Sciences, 2000-2007",train,p,data/images/Strumigenys/casent0005889_p.jpg,False,2000.0,2007.0,a55eb44317b3177c3e460bc838af201de2f65ca70a48b37e8b9493b630bc12dd,https://upload.wikimedia.org/wikipedia/commons/3/33/Strumigenys_ludovici_casent0005889_profile_1.jpg,"harvester downscale, byte-identical",commons_original,False,1024,716,1.4302,169453,177.0,176.0,174.0,186.43,3.0,0.01438,0.00078,thin_line,found,376.0,0.3672,4.0,0.493,0.947,0,
casent0005890,Strumigenys,myrmicinae,Strumigenys maxillaris,April Nobile,commons,,"California Academy of Sciences, 2000-2007",train,p,data/images/Strumigenys/casent0005890_p.jpg,False,2000.0,2007.0,f98687f2d27547ab1cba8b97684e3e2f6437c1d47b5fe09531ac11237daace87,https://upload.wikimedia.org/wikipedia/commons/e/e4/Strumigenys_maxillaris_casent0005890_profile_1.jpg,"harvester downscale, byte-identical",commons_original,False,1024,608,1.6842,144825,137.0,136.0,134.0,155.52,3.0,0.00172,0.00067,thin_line,found,366.0,0.3574,3.0,0.495,0.94,0,
casent0005891,Strumigenys,myrmicinae,,April Nobile,commons,,"California Academy of Sciences, 2000-2007",train,p,data/images/Strumigenys/casent0005891_p.jpg,False,2000.0,2007.0,6d11266917b98b619f061d55282fbfbf130cf4cb38c65b06997d6ee3636a4292,https://upload.wikimedia.org/wikipedia/commons/1/1c/Strumigenys_symmetrix_casent0005891_profile_1.jpg,"harvester downscale, byte-identical",commons_original,False,1024,615,1.665,143801,125.0,125.0,124.0,137.88,1.0,0.00366,0.00304,thin_line,found,340.0,0.332,3.0,0.499,0.942,0,
casent0005892,Strumigenys,myrmicinae,Strumigenys alperti,April Nobile,commons,,"California Academy of Sciences, 2000-2007",train,p,data/images/Strumigenys/casent0005892_p.jpg,False,2000.0,2007.0,8d9ffaafdd0c40bc76a173ea4a513a14c866d2bbe8a4f46c075abbf1c32f2114,https://upload.wikimedia.org/wikipedia/commons/2/20/Strumigenys_alperti_casent0005892_profile_1.jpg,"harvester downscale, byte-identical",commons_original,False,1024,594,1.7239,173882,194.0,192.0,192.0,200.01,2.0,0.02171,0.00214,thin_line,found,233.0,0.2275,3.0,0.495,0.939,0,
casent0005893,Strumigenys,myrmicinae,Strumigenys coveri,April Nobile,commons,,"California Academy of Sciences, 2000-2007",train,p,data/images/Strumigenys/casent0005893_p.jpg,False,2000.0,2007.0,4998d08b51056921f545ef97a4671cc62b6bf56f1b93bcdbdabf240891edd880,https://upload.wikimedia.org/wikipedia/commons/6/61/Strumigenys_coveri_casent0005893_profile_1.jpg,"harvester downscale, byte-identical",commons_original,False,1024,708,1.4463,148404,174.0,174.0,172.0,180.17,2.0,0.01442,0.0014,thin_line,found,151.0,0.1475,1.0,0.551,0.95,0,
casent0005896,Strumigenys,myrmicinae,Strumigenys grandidieri,April Nobile,commons,,"California Academy of Sciences, 2000-2007",train,p,data/images/Strumigenys/casent0005896_p.jpg,False,2000.0,2007.0,554e31d6cd8b6d621fe8b6edac93ab5498ec4762a14b4ec7aa8d1b873fb2601c,https://upload.wikimedia.org/wikipedia/commons/f/f8/Strumigenys_grandidieri_casent0005896_profile_1.jpg,"harvester downscale, byte-identical",commons_original,False,1024,737,1.3894,156556,171.0,171.0,165.0,179.58,6.0,0.00251,0.00029,thin_line,found,235.0,0.2295,3.0,0.5,0.952,0,
casent0005897,Strumigenys,myrmicinae,Strumigenys rogeri,April Nobile,gbif_cache,,"California Academy of Sciences, 2000-2007",train,p,data/images/Strumigenys/casent0005897_p.jpg,False,2000.0,2007.0,4c3f59293733c36702f6ca0aac12a2d9edf16c5439a6093d78e895da2e7ae7ac,https://api.gbif.org/v1/image/cache/1024x1024/occurrence/865076947/media/3cf1dcb8cab838a32df4978f133fcdd9,,gbif_cache,False,1024,1024,1.0,120536,162.0,141.0,131.0,166.29,31.0,0.00162,0.00145,black_bar,found,428.0,0.418,3.0,0.499,0.941,1,
casent0005899,Strumigenys,myrmicinae,Strumigenys wardi,April Nobile,commons,,"California Academy of Sciences, 2000-2007",train,p,data/images/Strumigenys/casent0005899_p.jpg,False,2000.0,2007.0,9f627f2038534f4f6f2099b267788acb82fe9b028a832347257bb6a9055ff2ad,https://upload.wikimedia.org/wikipedia/commons/b/bd/Strumigenys_wardi_casent0005899_profile_1.jpg,"harvester downscale, byte-identical",commons_original,False,1024,649,1.5778,139314,130.0,134.0,135.0,147.95,-5.0,0.00187,0.00126,thin_line,found,266.0,0.2598,3.0,0.499,0.941,0,
casent0005964,Cardiocondyla,myrmicinae,Cardiocondyla emeryi,April Nobile,commons,,"California Academy of Sciences, 2000-2007",train,p,data/images/Cardiocondyla/casent0005964_p.jpg,False,2000.0,2007.0,773252de6104532d75677ee369f90e80f75766dbe08cd041b99d561786a0c5bd,https://upload.wikimedia.org/wikipedia/commons/9/9a/Cardiocondyla_emeryi_casent0005964_profile_1.jpg,"harvester downscale, byte-identical",commons_original,False,1024,678,1.5103,135308,104.0,105.0,105.0,124.07,-1.0,0.02146,0.02969,thin_line,found,136.0,0.1328,3.0,0.487,0.942,0,
casent0005965,Anochetus,ponerinae,Anochetus grandidieri,April Nobile,commons,,"California Academy of Sciences, 2000-2007",train,p,data/images/Anochetus/casent0005965_p.jpg,False,2000.0,2007.0,249562f1ff0b1c891d67ea3c3444a214d5cabfcd0e1ee05fabf4cf174709e20b,https://upload.wikimedia.org/wikipedia/commons/2/24/Anochetus_grandidieri_casent0005965_profile_1.jpg,"harvester downscale, byte-identical",commons_original,False,1024,716,1.4302,148444,128.0,126.0,119.0,139.13,9.0,0.03567,0.03103,thin_line,found,163.0,0.1592,3.0,0.5,0.946,0,
casent0005966,Anochetus,ponerinae,Anochetus madagascarensis,April Nobile,commons,,"California Academy of Sciences, 2000-2007",train,p,data/images/Anochetus/casent0005966_p.jpg,False,2000.0,2007.0,4d3fdc718bd095793b1a06c48fea2b487822f796451e8a30edda782169a5de24,https://upload.wikimedia.org/wikipedia/commons/c/c7/Anochetus_madagascarensis_casent0005966_profile_1.jpg,"harvester downscale, byte-identical",commons_original,False,1024,696,1.4713,129461,137.0,135.0,125.0,132.36,12.0,0.0512,0.03836,thin_line,found,163.0,0.1592,3.0,0.5,0.945,0,
casent0005967,Odontomachus,ponerinae,Odontomachus coquereli,April Nobile,commons,,"California Academy of Sciences, 2000-2007",test,p,data/images/Odontomachus/casent0005967_p.jpg,False,2000.0,2007.0,b1f4cfb88e3625fb038256bddf414f53c3b76fbac99ddb0338854f871608d23d,https://upload.wikimedia.org/wikipedia/commons/3/36/Odontomachus_coquereli_casent0005967_profile_1.jpg,"harvester downscale, byte-identical",commons_original,False,1024,773,1.3247,163234,175.0,180.0,182.0,177.18,-7.0,0.06025,0.00881,thin_line,found,184.0,0.1797,3.0,0.499,0.95,0,
casent0005968,Odontomachus,ponerinae,Odontomachus coquereli,April Nobile,commons,,"California Academy of Sciences, 2000-2007",train,p,data/images/Odontomachus/casent0005968_p.jpg,False,2000.0,2007.0,a581fadf6497b59eeab5a8ebacbb3dca3c440118f9d053f64234d2f8bc230fdb,https://upload.wikimedia.org/wikipedia/commons/a/a4/Odontomachus_coquereli_casent0005968_profile_1.jpg,"harvester downscale, byte-identical",commons_original,False,1024,773,1.3247,140434,161.0,162.0,159.0,158.99,2.0,0.05378,0.02204,thin_line,found,194.0,0.1895,3.0,0.499,0.95,0,
casent0005969,Technomyrmex,dolichoderinae,Technomyrmex fisheri,April Nobile,commons,,"California Academy of Sciences, 2000-2008",train,p,data/images/Technomyrmex/casent0005969_p.jpg,False,2000.0,2008.0,c9d7658ec6ba123971bfde4571524f6d7ef42a1198a29842fd211e426bc63cda,https://upload.wikimedia.org/wikipedia/commons/4/4a/Technomyrmex_fisheri_casent0005969_profile_1.jpg,"Commons server thumbnail, byte-identical",commons_thumbnail,True,1280,717,1.7852,133664,142.0,135.0,125.0,157.64,17.0,0.00217,0.00214,black_bar,found,227.0,0.1773,5.0,0.904,0.93,1,
casent0005970,Tapinoma,dolichoderinae,Tapinoma pallipes,April Nobile,commons,,"California Academy of Sciences, 2000-2007",train,p,data/images/Tapinoma/casent0005970_p.jpg,False,2000.0,2007.0,a8189cb18d205f8ca6e8a3cbbd7b4ea0b74a77bd8e1c413519fdcc5f9b41218f,https://upload.wikimedia.org/wikipedia/commons/7/70/Technomyrmex_pallipes_casent0005970_profile_1.jpg,"harvester downscale, byte-identical",commons_original,False,1024,728,1.4066,133578,136.0,136.0,130.0,141.94,6.0,0.05265,0.04225,thin_line,found,219.0,0.2139,3.0,0.499,0.947,0,
casent0005986,Strumigenys,myrmicinae,,April Nobile,commons,Holotype,"California Academy of Sciences, 2000-2007",train,p,data/images/Strumigenys/casent0005986_p.jpg,True,2000.0,2007.0,96506a887c3c4be731f08031f29bcc65bd6f1ca608dccfa92abc8c5c11ef1164,https://upload.wikimedia.org/wikipedia/commons/c/c6/Strumigenys_hathor_casent0005986_profile_1.jpg,"harvester downscale, byte-identical",commons_original,False,1024,761,1.3456,160471,167.0,171.0,165.0,173.1,2.0,0.01873,0.00372,thin_line,found,215.0,0.21,3.0,0.485,0.948,0,
casent0005987,Strumigenys,myrmicinae,Strumigenys victrix,April Nobile,commons,,"California Academy of Sciences, 2000-2007",train,p,data/images/Strumigenys/casent0005987_p.jpg,False,2000.0,2007.0,6b10ef4bfc5d843c42e26dd1987c5a35ee6d4fd59c71633a32db86b40a6cb440,https://upload.wikimedia.org/wikipedia/commons/0/0b/Strumigenys_victrix_casent0005987_profile_1.jpg,"harvester downscale, byte-identical",commons_original,False,1024,624,1.641,140012,171.0,175.0,172.0,175.65,-1.0,0.00943,0.00069,thin_line,found,251.0,0.2451,3.0,0.497,0.938,0,
casent0005988,Strumigenys,myrmicinae,Strumigenys victrix,April Nobile,commons,,"California Academy of Sciences, 2000-2007",train,p,data/images/Strumigenys/casent0005988_p.jpg,False,2000.0,2007.0,a1cfc6323b5cf77fbe2197014cd24aba0336f492c8108af3c5301adab4faf0ed,https://upload.wikimedia.org/wikipedia/commons/3/3b/Strumigenys_victrix_casent0005988_profile_1.jpg,"harvester downscale, byte-identical",commons_original,False,1024,773,1.3247,151701,162.0,163.0,161.0,175.66,1.0,0.00361,0.00029,thin_line,found,313.0,0.3057,3.0,0.5,0.95,0,
casent0005989,Strumigenys,myrmicinae,Pyramica ludovici,April Nobile,commons,,"California Academy of Sciences, 2000-2007",train,p,data/images/Strumigenys/casent0005989_p.jpg,False,2000.0,2007.0,4310660ed8f05f08cb32b69288053ebe7c77bdec80f050fe576385a6c2fc76af,https://upload.wikimedia.org/wikipedia/commons/2/29/Strumigenys_ludovici_casent0005989_profile_1.jpg,"harvester downscale, byte-identical",commons_original,False,1024,641,1.5975,147987,138.0,140.0,137.0,158.82,1.0,0.00546,0.00133,thin_line,found,278.0,0.2715,3.0,0.499,0.94,0,
casent0005990,Strumigenys,myrmicinae,Strumigenys ambatrix,April Nobile,commons,Holotype,"California Academy of Sciences, 2000-2007",train,p,data/images/Strumigenys/casent0005990_p.jpg,True,2000.0,2007.0,bea77aad0c73fe31353ef5e0180d2d3f65323558353e9a788e2b37b7a41628f0,https://upload.wikimedia.org/wikipedia/commons/9/96/Strumigenys_ambatrix_casent0005990_profile_1.jpg,"harvester downscale, byte-identical",commons_original,False,1024,651,1.573,135450,160.0,161.0,158.0,162.45,2.0,0.00051,2e-05,thin_line,found,275.0,0.2686,3.0,0.499,0.941,0,
casent0005991,Strumigenys,myrmicinae,Strumigenys fautrix,April Nobile,commons,,"California Academy of Sciences, 2000-2007",test,p,data/images/Strumigenys/casent0005991_p.jpg,False,2000.0,2007.0,ac49dae4fb6e2bfb3d565a197ee670b75c724b6eca56aa7a3ec490e5508dad99,https://upload.wikimedia.org/wikipedia/commons/3/3d/Strumigenys_fautrix_casent0005991_profile_1.jpg,"harvester downscale, byte-identical",commons_original,False,1024,773,1.3247,198686,184.0,184.0,181.0,193.96,3.0,0.0212,0.00093,thin_line,found,394.0,0.3848,3.0,0.499,0.95,0,
casent0005992,Strumigenys,myrmicinae,,April Nobile,commons,Holotype,"California Academy of Sciences, 2000-2007",train,p,data/images/Strumigenys/casent0005992_p.jpg,True,2000.0,2007.0,bce934d7bde57f1579586a1133bfe90ca5e70b620ac8f3fe9007d5c4cd6c95af,https://upload.wikimedia.org/wikipedia/commons/7/74/Strumigenys_symmetrix_casent0005992_profile_1.jpg,"harvester downscale, byte-identical",commons_original,False,1024,773,1.3247,162591,136.0,138.0,133.0,161.44,3.0,0.00088,0.00047,thin_line,found,260.0,0.2539,3.0,0.55,0.95,0,
casent0005993,Strumigenys,myrmicinae,,April Nobile,commons,Holotype,"California Academy of Sciences, 2000-2007",train,p,data/images/Strumigenys/casent0005993_p.jpg,True,2000.0,2007.0,1808b898e73b1aed3fbd42cac6b235c19156d4a20a3e66ea4b03cce972341923,https://upload.wikimedia.org/wikipedia/commons/7/72/Strumigenys_exiguaevitae_casent0005993_profile_1.jpg,"harvester downscale, byte-identical",commons_original,False,1024,754,1.3581,193411,162.0,169.0,165.0,172.19,-3.0,0.13494,0.0633,thin_line,found,221.0,0.2158,3.0,0.494,0.949,0,
casent0005994,Strumigenys,myrmicinae,Strumigenys serket,April Nobile,commons,Holotype,"California Academy of Sciences, 2000-2007",train,p,data/images/Strumigenys/casent0005994_p.jpg,True,2000.0,2007.0,eb0dad67005bcdde6e2c0e6a5304c4fd0ab02f1ef502948a0b127ef68e2ac259,https://upload.wikimedia.org/wikipedia/commons/0/01/Strumigenys_serket_casent0005994_profile_1.jpg,"harvester downscale, byte-identical",commons_original,False,1024,690,1.4841,151756,160.0,164.0,164.0,163.82,-4.0,0.05415,0.01798,thin_line,found,229.0,0.2236,3.0,0.499,0.944,0,
casent0005995,Strumigenys,myrmicinae,Strumigenys seti,April Nobile,commons,Holotype,"California Academy of Sciences, 2000-2007",test,p,data/images/Strumigenys/casent0005995_p.jpg,True,2000.0,2007.0,ca8ed3347ea1693f71d219ea078d0133a9676575b742b376f6a2956352a03978,https://upload.wikimedia.org/wikipedia/commons/a/ac/Strumigenys_seti_casent0005995_profile_1.jpg,"harvester downscale, byte-identical",commons_original,False,1024,718,1.4262,156335,154.0,160.0,156.0,166.91,-2.0,0.08313,0.03603,thin_line,found,198.0,0.1934,3.0,0.499,0.946,0,
casent0005996,Strumigenys,myrmicinae,Strumigenys maxillaris,April Nobile,commons,,"California Academy of Sciences, 2000-2007",test,p,data/images/Strumigenys/casent0005996_p.jpg,False,2000.0,2007.0,6741bc84c9b65bcee38d15ce92d7e56819d251a4be7d4f8ca2fdd0524c881f99,https://upload.wikimedia.org/wikipedia/commons/5/55/Strumigenys_maxillaris_casent0005996_profile_1.jpg,"harvester downscale, byte-identical",commons_original,False,1024,773,1.3247,134978,168.0,170.0,165.0,177.04,3.0,0.00328,0.00031,thin_line,found,459.0,0.4482,3.0,0.499,0.95,0,
casent0005999,Strumigenys,myrmicinae,Strumigenys maxillaris,April Nobile,commons,,"California Academy of Sciences, 2000-2007",train,p,data/images/Strumigenys/casent0005999_p.jpg,False,2000.0,2007.0,9f38ae0a4933443f9df62fc28fca4664124455c6bb68e9d54db73389f9fe0df5,https://upload.wikimedia.org/wikipedia/commons/0/09/Strumigenys_maxillaris_casent0005999_profile_1.jpg,"harvester downscale, byte-identical",commons_original,False,996,808,1.2327,172181,191.0,194.0,190.0,192.94,1.0,0.0235,0.00082,thin_line,found,196.0,0.1968,3.0,0.485,0.951,0,
casent0006000,Strumigenys,myrmicinae,Strumigenys erynnes,April Nobile,commons,Holotype,"California Academy of Sciences, 2000-2007",train,p,data/images/Strumigenys/casent0006000_p.jpg,True,2000.0,2007.0,e5b2dfac75fbe20d6002da312a9230c73482fd570b88fd789b57b2009576dff9,https://upload.wikimedia.org/wikipedia/commons/f/fe/Strumigenys_erynnes_casent0006000_profile_1.jpg,"harvester downscale, byte-identical",commons_original,False,1024,742,1.3801,164177,161.0,155.0,145.0,174.94,16.0,0.00362,0.00099,thin_line,found,299.0,0.292,3.0,0.486,0.947,0,
casent0006026,Strumigenys,myrmicinae,Strumigenys victrix,April Nobile,commons,,"California Academy of Sciences, 2000-2007",test,p,data/images/Strumigenys/casent0006026_p.jpg,False,2000.0,2007.0,2147830d3c15b0cf32f18a67052704a133e9f8ec947027d506d6fa380e4e849e,https://upload.wikimedia.org/wikipedia/commons/1/13/Strumigenys_victrix_casent0006026_profile_1.jpg,"harvester downscale, byte-identical",commons_original,False,1024,678,1.5103,151130,141.0,142.0,140.0,173.55,1.0,0.00211,0.00069,thin_line,found,314.0,0.3066,3.0,0.499,0.943,0,
casent0006027,Strumigenys,myrmicinae,Pyramica ludovici,April Nobile,gbif_cache,,"California Academy of Sciences, 2000-2007",test,p,data/images/Strumigenys/casent0006027_p.jpg,False,2000.0,2007.0,3d71b929a12f48f5720bcaee0d7919298fac6517d477c305734254448e453154,https://api.gbif.org/v1/image/cache/1024x1024/occurrence/865077054/media/fa364558079c38ffbd886ebdf3cd6ffb,,gbif_cache,False,1024,1024,1.0,129050,165.0,147.0,135.0,163.45,30.0,0.00372,0.00075,thin_line,found,402.0,0.3926,3.0,0.499,0.946,0,
casent0006028,Strumigenys,myrmicinae,Strumigenys fautrix,April Nobile,commons,,"California Academy of Sciences, 2000-2007",train,p,data/images/Strumigenys/casent0006028_p.jpg,False,2000.0,2007.0,3a7918f804ff4451475df8706b05b1d9b9653f8db81180634d5ee3e09d4c362b,https://upload.wikimedia.org/wikipedia/commons/c/cf/Strumigenys_fautrix_casent0006028_profile_1.jpg,"harvester downscale, byte-identical",commons_original,False,1024,701,1.4608,141698,143.0,144.0,139.0,166.58,4.0,0.0088,0.00335,thin_line,found,340.0,0.332,3.0,0.499,0.945,0,
casent0006083,Mystrium,amblyoponinae,Mystrium oberthueri,April Nobile,gbif_cache,,"California Academy of Sciences, 2000-2007",train,p,data/images/Mystrium/casent0006083_p.jpg,False,2000.0,2007.0,8f9daf2251509199c8697eb7f92c135d3a1115356ff4ff8f46a13a33f343293d,https://api.gbif.org/v1/image/cache/1024x1024/occurrence/865077130/media/460d4fc7ff8b544df59fc13647072de0,,gbif_cache,False,1024,1024,1.0,146798,159.0,167.0,160.0,156.19,-1.0,0.1265,0.06503,thin_line,found,332.0,0.3242,3.0,0.499,0.943,0,
casent0006839,Technomyrmex,dolichoderinae,Technomyrmex voeltzkowi,April Nobile,commons,,"California Academy of Sciences, 2000-2007",train,p,data/images/Technomyrmex/casent0006839_p.jpg,False,2000.0,2007.0,bae8a863d98fcbaff188d47980ee22e58d42313b31f7416aa580a713642db96b,https://upload.wikimedia.org/wikipedia/commons/4/44/Technomyrmex_voeltzkowi_casent0006839_profile_1.jpg,"harvester downscale, byte-identical",commons_original,False,1024,691,1.4819,132046,215.0,215.0,215.0,194.51,0.0,0.21377,0.0194,black_bar,found,166.0,0.1621,4.0,0.885,0.894,1,
casent0007734,Anochetus,ponerinae,Anochetus grandidieri,April Nobile,commons,,"California Academy of Sciences, 2000-2007",train,p,data/images/Anochetus/casent0007734_p.jpg,False,2000.0,2007.0,c82834866fbf3b1bd4857dda8e2ce16bffad102b1f440014f57de7dd37558539,https://upload.wikimedia.org/wikipedia/commons/2/20/Anochetus_grandidieri_casent0007734_profile_1.jpg,"harvester downscale, byte-identical",commons_original,False,1024,669,1.5306,128505,152.0,151.0,146.0,129.74,6.0,0.07786,0.02765,black_bar,found,264.0,0.2578,5.0,0.22,0.893,1,
casent0007735,Nylanderia,formicinae,Nylanderia amblyops,April Nobile,commons,,"California Academy of Sciences, 2000-2007",train,p,data/images/Nylanderia/casent0007735_p.jpg,False,2000.0,2007.0,0a5633f58db77c7b68dba9aca71202b996586a67d9080af0bc49968b0dd61ab2,https://upload.wikimedia.org/wikipedia/commons/f/f8/Paratrechina_amblyops_casent0007735_profile_1.jpg,"harvester downscale, byte-identical",commons_original,False,1013,808,1.2537,116948,142.0,141.0,137.0,135.03,5.0,0.01106,0.00714,black_bar,found,176.0,0.1737,5.0,0.124,0.926,1,
casent0007736,Tetramorium,myrmicinae,Tetramorium electrum,April Nobile,commons,,"California Academy of Sciences, 2000-2007",train,p,data/images/Tetramorium/casent0007736_p.jpg,False,2000.0,2007.0,230159dff00bc46a916165dad275c2e2f888941677b0605977c094af401d63bf,https://upload.wikimedia.org/wikipedia/commons/0/06/Tetramorium_electrum_casent0007736_profile_1.jpg,"harvester downscale, byte-identical",commons_original,False,1024,780,1.3128,158328,174.0,173.0,169.0,168.59,5.0,0.12295,0.02586,black_bar,found,266.0,0.2598,4.0,0.221,0.923,1,
casent0008659,Tapinoma,dolichoderinae,Tapinoma melanocephalum,April Nobile,commons,,"California Academy of Sciences, 2000-2007",test,p,data/images/Tapinoma/casent0008659_p.jpg,False,2000.0,2007.0,838bf92ad3d88971a5a7c394956d4595eaa3a08e7568344165c7494038ca47d8,https://upload.wikimedia.org/wikipedia/commons/4/4d/Tapinoma_melanocephalum_casent0008659_profile_1.jpg,"harvester downscale, byte-identical",commons_original,False,1024,771,1.3281,149542,184.0,188.0,177.0,160.31,7.0,0.09023,0.01326,black_bar,found,230.0,0.2246,4.0,0.819,0.936,1,
casent0009349,Mystrium,amblyoponinae,Mystrium rogeri,April Nobile,commons,,"California Academy of Sciences, 2000-2008",train,p,data/images/Mystrium/casent0009349_p.jpg,False,2000.0,2008.0,0c27e34e79cf5a3770d0736fb0c4e1d2c8a74a9aef65a4fbfdda9afb421f283e,https://upload.wikimedia.org/wikipedia/commons/6/62/Mystrium_rogeri_casent0009349_profile_1.jpg,"harvester downscale, byte-identical",commons_original,False,1024,721,1.4202,150298,172.0,170.0,165.0,169.85,7.0,0.09323,0.01951,black_bar,found,255.0,0.249,4.0,0.246,0.921,1,
casent0009409,Odontomachus,ponerinae,Odontomachus coquereli,April Nobile,commons,,"California Academy of Sciences, 2000-2008",train,p,data/images/Odontomachus/casent0009409_p.jpg,False,2000.0,2008.0,770e93803ba12553d57a90a9f9c315bd222a68a8e5e2caa771c4f44413569d61,https://upload.wikimedia.org/wikipedia/commons/9/9d/Odontomachus_coquereli_casent0009409_profile_1.jpg,"harvester downscale, byte-identical",commons_original,False,1024,771,1.3281,158863,133.0,132.0,128.0,128.37,5.0,0.04964,0.03317,black_bar,found,201.0,0.1963,4.0,0.439,0.935,1,
casent0009965,Mystrium,amblyoponinae,Mystrium rogeri,April Nobile,commons,,"California Academy of Sciences, 2000-2007",train,p,data/images/Mystrium/casent0009965_p.jpg,False,2000.0,2007.0,b7f06ebfd5a5e16ee677bf603d875f1883566a6e14d01c7ea5a4488014856382,https://upload.wikimedia.org/wikipedia/commons/6/68/Mystrium_rogeri_casent0009965_profile_1.jpg,"harvester downscale, byte-identical",commons_original,False,1024,800,1.28,177752,230.0,234.0,235.0,226.48,-5.0,0.24561,0.03218,black_bar,found,171.0,0.167,4.0,0.897,0.925,1,
casent0009966,Mystrium,amblyoponinae,Mystrium rogeri,April Nobile,commons,,"California Academy of Sciences, 2000-2007",train,p,data/images/Mystrium/casent0009966_p.jpg,False,2000.0,2007.0,1f70b60211e60c30dac6e61a04e83fc3d97809d875dc78d7fe5ece3ad8709e32,https://upload.wikimedia.org/wikipedia/commons/d/d9/Mystrium_rogeri_casent0009966_profile_1.jpg,"harvester downscale, byte-identical",commons_original,False,1024,771,1.3281,170563,222.0,225.0,226.0,216.89,-4.0,0.24775,0.04072,black_bar,found,181.0,0.1768,4.0,0.891,0.92,1,
casent0009967,Mystrium,amblyoponinae,Mystrium rogeri,April Nobile,commons,,"California Academy of Sciences, 2000-2007",train,p,data/images/Mystrium/casent0009967_p.jpg,False,2000.0,2007.0,62f8834471853a4b465895406d05f2a0d96e015d6be7ec0feefa0a8534bf9123,https://upload.wikimedia.org/wikipedia/commons/c/ca/Mystrium_rogeri_casent0009967_profile_1.jpg,"harvester downscale, byte-identical",commons_original,False,1024,771,1.3281,174715,219.0,221.0,221.0,215.26,-2.0,0.27104,0.07456,black_bar,found,165.0,0.1611,5.0,0.905,0.924,1,
casent0009968,Mystrium,amblyoponinae,Mystrium rogeri,April Nobile,commons,,"California Academy of Sciences, 2000-2007",train,p,data/images/Mystrium/casent0009968_p.jpg,False,2000.0,2007.0,ebb5e06864bf038c158f89b3268723beafdd49fbb12eaa72d132012dcf54d811,https://upload.wikimedia.org/wikipedia/commons/a/aa/Mystrium_rogeri_casent0009968_profile_1.jpg,"harvester downscale, byte-identical",commons_original,False,1024,723,1.4163,171893,225.0,228.0,230.0,221.38,-5.0,0.27573,0.0427,black_bar,found,166.0,0.1621,5.0,0.898,0.93,1,
casent0009969,Mystrium,amblyoponinae,Mystrium rogeri,April Nobile,commons,,"California Academy of Sciences, 2000-2007",train,p,data/images/Mystrium/casent0009969_p.jpg,False,2000.0,2007.0,0e0f149f920d7822a39d598cfd1e1905f223fc32114a15d2497df1d4afef64b2,https://upload.wikimedia.org/wikipedia/commons/0/05/Mystrium_rogeri_casent0009969_profile_1.jpg,"harvester downscale, byte-identical",commons_original,False,1024,749,1.3672,156650,220.0,223.0,224.0,216.76,-4.0,0.27552,0.07037,black_bar,found,165.0,0.1611,4.0,0.879,0.929,1,
casent0010765,Monomorium,myrmicinae,Monomorium termitobium,April Nobile,commons,Lectotype,"California Academy of Sciences, 2000-2007",test,p,data/images/Monomorium/casent0010765_p.jpg,True,2000.0,2007.0,eafd5dd7b144cdd5d235fdfc25d2fa87f75beab9d437facc1ad7ce2b81961621,https://upload.wikimedia.org/wikipedia/commons/c/cc/Monomorium_termitobium_casent0010765_profile_1.jpg,"Commons server thumbnail, byte-identical",commons_thumbnail,True,1280,766,1.671,172838,112.0,106.0,100.0,130.74,12.0,0.00061,0.00081,black_bar,found,174.0,0.1359,3.0,0.739,0.92,1,
casent0010867,Syllophopsis,myrmicinae,Syllophopsis infusca,April Nobile,commons,,"California Academy of Sciences, 2000-2008",test,p,data/images/Syllophopsis/casent0010867_p.jpg,False,2000.0,2008.0,b9df0988b736f131c048b9a8c9291a6ef6da5f0c079f007b536b79c6cf7f1b8c,https://upload.wikimedia.org/wikipedia/commons/9/91/Syllophopsis_infusca_casent0010867_profile_1.jpg,"harvester downscale, byte-identical",commons_original,False,1024,771,1.3281,168820,198.0,199.0,197.0,197.67,1.0,0.19121,0.04459,black_bar,found,234.0,0.2285,5.0,0.864,0.927,1,
casent0011075,Cataulacus,myrmicinae,Cataulacus porcatus,Erin Prado,commons,,"California Academy of Sciences, 2000-2008",test,p,data/images/Cataulacus/casent0011075_p.jpg,False,2000.0,2008.0,2a0beeb753e1fd343929182509cde658b563fdb395e2fcb34cea2b5955e471e2,https://upload.wikimedia.org/wikipedia/commons/2/27/Cataulacus_porcatus_casent0011075_profile_1.jpg,"harvester downscale, byte-identical",commons_original,False,1024,660,1.5515,155203,211.0,215.0,214.0,211.51,-3.0,0.2416,0.10178,black_bar,found,163.0,0.1592,4.0,0.843,0.92,1,
casent0012835,Tetraponera,pseudomyrmecinae,Tetraponera morondaviensis,April Nobile,commons,,"California Academy of Sciences, 2000-2008",train,p,data/images/Tetraponera/casent0012835_p.jpg,False,2000.0,2008.0,b409c868dcf55a351633572f294835636c1df9bb8b1eeffd1f8a838465004787,https://upload.wikimedia.org/wikipedia/commons/1/1c/Tetraponera_morondaviensis_casent0012835_profile_1.jpg,"harvester downscale, byte-identical",commons_original,False,1024,804,1.2736,188890,216.0,215.0,212.0,201.75,4.0,0.2698,0.04194,black_bar,found,173.0,0.1689,4.0,0.874,0.932,1,
casent0012838,Tetraponera,pseudomyrmecinae,Tetraponera perlonga,April Nobile,commons,,"California Academy of Sciences, 2000-2008",test,p,data/images/Tetraponera/casent0012838_p.jpg,False,2000.0,2008.0,e3038eaa22772e9adec54e98aa8399ea1204dbf303643073c122be01fc550cc8,https://upload.wikimedia.org/wikipedia/commons/c/ce/Tetraponera_perlonga_casent0012838_profile_1.jpg,"harvester downscale, byte-identical",commons_original,False,1024,771,1.3281,148099,212.0,212.0,210.0,203.81,2.0,0.16843,0.02086,black_bar,found,133.0,0.1299,4.0,0.914,0.92,1,
casent0012841,Tetraponera,pseudomyrmecinae,Tetraponera rakotonis,April Nobile,commons,,"California Academy of Sciences, 2000-2008",train,p,data/images/Tetraponera/casent0012841_p.jpg,False,2000.0,2008.0,bde96ffd713ca146ce50109363033f4733e1a4519769d9d60cd9638e77b7150b,https://upload.wikimedia.org/wikipedia/commons/b/b7/Tetraponera_rakotonis_casent0012841_profile_1.jpg,"harvester downscale, byte-identical",commons_original,False,1024,771,1.3281,143256,214.0,214.0,213.0,205.68,1.0,0.26566,0.04959,black_bar,found,234.0,0.2285,5.0,0.872,0.938,1,
casent0012842,Tetraponera,pseudomyrmecinae,Tetraponera hysterica,April Nobile,commons,,"California Academy of Sciences, 2000-2008",train,p,data/images/Tetraponera/casent0012842_p.jpg,False,2000.0,2008.0,0044913eab0f4d1b452510e60ba6820b5ab1cecee003131fa378174da8187f90,https://upload.wikimedia.org/wikipedia/commons/f/fc/Tetraponera_hysterica_casent0012842_profile_1.jpg,"harvester downscale, byte-identical",commons_original,False,996,808,1.2327,205996,213.0,213.0,213.0,207.82,0.0,0.26035,0.07424,black_bar,found,154.0,0.1546,4.0,0.904,0.932,1,
casent0012845,Tetraponera,pseudomyrmecinae,Tetraponera mandibularis,April Nobile,commons,,"California Academy of Sciences, 2000-2008",train,p,data/images/Tetraponera/casent0012845_p.jpg,False,2000.0,2008.0,94073788da84e562528c4c75287ac5f3bffb1f3a5729384e4ce6b2e941f32676,https://upload.wikimedia.org/wikipedia/commons/6/62/Tetraponera_mandibularis_casent0012845_profile_1.jpg,"harvester downscale, byte-identical",commons_original,False,1024,771,1.3281,140200,219.0,220.0,218.0,212.83,1.0,0.1459,0.01729,black_bar,found,180.0,0.1758,4.0,0.892,0.92,1,
casent0012850,Tetraponera,pseudomyrmecinae,Tetraponera diana,April Nobile,commons,,"California Academy of Sciences, 2000-2008",train,p,data/images/Tetraponera/casent0012850_p.jpg,False,2000.0,2008.0,83cc7330de22cd05fd2ffd8c590b17a9c35919d0c16a46f05ddce400e8019603,https://upload.wikimedia.org/wikipedia/commons/c/c3/Tetraponera_diana_casent0012850_profile_1.jpg,"harvester downscale, byte-identical",commons_original,False,1024,687,1.4905,124193,212.0,212.0,211.0,204.62,1.0,0.17148,0.03398,black_bar,found,207.0,0.2021,4.0,0.885,0.918,1,
casent0012851,Tetraponera,pseudomyrmecinae,Tetraponera sahlbergii,April Nobile,commons,,"California Academy of Sciences, 2000-2008",train,p,data/images/Tetraponera/casent0012851_p.jpg,False,2000.0,2008.0,711fca08bd4e0d86167d1ff30fb21dd6b825fa49724b47d39035e7a24fec7ae4,https://upload.wikimedia.org/wikipedia/commons/c/cd/Tetraponera_sahlbergii_casent0012851_profile_1.jpg,"harvester downscale, byte-identical",commons_original,False,1024,771,1.3281,146872,212.0,212.0,212.0,206.04,0.0,0.17324,0.04128,black_bar,found,147.0,0.1436,4.0,0.907,0.92,1,
casent0012854,Tetraponera,pseudomyrmecinae,Tetraponera fictrix,April Nobile,commons,,"California Academy of Sciences, 2000-2008",train,p,data/images/Tetraponera/casent0012854_p.jpg,False,2000.0,2008.0,a7cc7e4555dbd657270fc00727d7a3594c054c7a3152ff4a1813903f965df22c,https://upload.wikimedia.org/wikipedia/commons/7/74/Tetraponera_fictrix_casent0012854_profile_1.jpg,"harvester downscale, byte-identical",commons_original,False,1024,771,1.3281,157875,202.0,199.0,195.0,193.06,7.0,0.04222,0.00229,black_bar,found,234.0,0.2285,4.0,0.857,0.938,1,
casent0012858,Tetraponera,pseudomyrmecinae,Tetraponera exasciata,April Nobile,commons,,"California Academy of Sciences, 2000-2008",train,p,data/images/Tetraponera/casent0012858_p.jpg,False,2000.0,2008.0,3dc34643ac0a93fc02c051eb914f66c190340d64ce9054ca87ed84bd81a7cf13,https://upload.wikimedia.org/wikipedia/commons/1/13/Tetraponera_exasciata_casent0012858_profile_1.jpg,"harvester downscale, byte-identical",commons_original,False,1024,771,1.3281,143899,214.0,214.0,213.0,209.26,1.0,0.17685,0.0342,black_bar,found,146.0,0.1426,4.0,0.9,0.93,1,
casent0012861,Tetraponera,pseudomyrmecinae,Tetraponera grandidieri,April Nobile,commons,,"California Academy of Sciences, 2000-2008",train,p,data/images/Tetraponera/casent0012861_p.jpg,False,2000.0,2008.0,42f0019c31b6ef058e546424498defbe2b47e0826d383e225dd5e7298c818bb8,https://upload.wikimedia.org/wikipedia/commons/8/85/Tetraponera_grandidieri_casent0012861_profile_1.jpg,"harvester downscale, byte-identical",commons_original,False,1024,701,1.4608,143871,203.0,205.0,199.0,198.65,4.0,0.05471,0.00335,black_bar,found,148.0,0.1445,4.0,0.908,0.917,1,
casent0016361,Monomorium,myrmicinae,Monomorium xuthosoma,April Nobile,commons,,"California Academy of Sciences, 2000-2008",train,p,data/images/Monomorium/casent0016361_p.jpg,False,2000.0,2008.0,aa43764da4d3d098b8d923e65b56b818a61d44b0dc05e81443838e11d3aa599d,https://upload.wikimedia.org/wikipedia/commons/2/20/Monomorium_xuthosoma_casent0016361_profile_1.jpg,"harvester downscale, byte-identical",commons_original,False,1024,771,1.3281,167795,198.0,197.0,196.0,177.82,2.0,0.15835,0.03713,black_bar,found,116.0,0.1133,4.0,0.922,0.92,1,
casent0016783,Tapinoma,dolichoderinae,Tapinoma pallipes,April Nobile,commons,,"California Academy of Sciences, 2000-2008",train,p,data/images/Tapinoma/casent0016783_p.jpg,False,2000.0,2008.0,c2b65e6d729dc08684ff8bd23aadb546cec37ea212eee02fc699cd7ccf567ef2,https://upload.wikimedia.org/wikipedia/commons/7/7a/Technomyrmex_pallipes_casent0016783_profile_1.jpg,"harvester downscale, byte-identical",commons_original,False,1024,741,1.3819,164313,176.0,171.0,169.0,165.21,7.0,0.12591,0.00775,black_bar,found,111.0,0.1084,4.0,0.924,0.915,1,
casent0017663,Aphaenogaster,myrmicinae,Aphaenogaster swammerdami,April Nobile,commons,,"California Academy of Sciences, 2000-2007",train,p,data/images/Aphaenogaster/casent0017663_p.jpg,False,2000.0,2007.0,7cad531ee6bf380752499333e9c4c7129e374efdc5aa8d2f43b15b79dcfbbf80,https://upload.wikimedia.org/wikipedia/commons/2/29/Aphaenogaster_swammerdami_casent0017663_profile_1.jpg,"harvester downscale, byte-identical",commons_original,False,1024,773,1.3247,159393,179.0,178.0,179.0,173.76,0.0,0.11607,0.03575,thin_line,found,141.0,0.1377,3.0,0.5,0.95,0,
casent0019207,Tetramorium,myrmicinae,Tetramorium hobbit,Cerise Chen,gbif_cache,Holotype,"California Academy of Sciences, 2000-2012",test,p,data/images/Tetramorium/casent0019207_p.jpg,True,2000.0,2012.0,aa6b6edb42111ca4a49197733181af1e7a064bb90d0ec15aa98b8ab65c43596f,https://api.gbif.org/v1/image/cache/1024x1024/occurrence/865083293/media/19f977f18115cf037266eb2900cfb365,,gbif_cache,False,1024,1024,1.0,126489,163.0,162.0,162.0,146.29,1.0,0.2386,0.0708,none,not_found,,,,,,0,
casent0019273,Royidris,myrmicinae,Royidris gravipuncta,April Nobile,commons,,"California Academy of Sciences, 2000-2008",train,p,data/images/Royidris/casent0019273_p.jpg,False,2000.0,2008.0,f23f8ce05544b22d8af12da8f018874255795c0065f2504d84120ae6e3af2633,https://upload.wikimedia.org/wikipedia/commons/0/06/Monomorium_shuckardi_casent0019273_profile_1.jpg,"harvester downscale, byte-identical",commons_original,False,1024,771,1.3281,174029,199.0,198.0,196.0,196.18,3.0,0.15189,0.01546,black_bar,found,203.0,0.1982,4.0,0.88,0.92,1,
casent0020200,Monomorium,myrmicinae,Monomorium nigricans,April Nobile,commons,Holotype,"California Academy of Sciences, 2000-2008",train,p,data/images/Monomorium/casent0020200_p.jpg,True,2000.0,2008.0,4087e0b05abebab3b7e1543d83aad41aa415919334dbd524cd4cd7267786a38a,https://upload.wikimedia.org/wikipedia/commons/4/46/Monomorium_nigricans_casent0020200_profile_1.jpg,"harvester downscale, byte-identical",commons_original,False,1024,771,1.3281,173268,166.0,165.0,161.0,166.54,5.0,0.15905,0.04654,black_bar,found,148.0,0.1445,4.0,0.906,0.92,1,
casent0020507,Monomorium,myrmicinae,Monomorium xuthosoma,April Nobile,gbif_cache,Holotype,"California Academy of Sciences, 2000-2008",train,p,data/images/Monomorium/casent0020507_p.jpg,True,2000.0,2008.0,73d1d96b9ee59d5202254651116db1dcb3454f685c4ee32fb8cf275911464fbc,https://api.gbif.org/v1/image/cache/1024x1024/occurrence/865083523/media/b7e091c501727d4f3eb70b1f3bc11cad,,gbif_cache,False,1024,1024,1.0,124539,155.0,144.0,124.0,146.1,31.0,0.07268,0.05127,black_bar,truncated,,,,0.981,0.939,1,
casent0020786,Royidris,myrmicinae,Royidris depilosa,Michele Esposito,gbif_cache,Holotype,"California Academy of Sciences, 2000-2012",train,p,data/images/Royidris/casent0020786_p.jpg,True,2000.0,2012.0,6871ef43c05048be81efef6c6e70a86ae44f80027bce6fbe0fd3847b7b408246,https://api.gbif.org/v1/image/cache/1024x1024/occurrence/865083560/media/17ac497d53032693eb54a0dc43712eed,,gbif_cache,False,1024,1024,1.0,98070,149.0,144.0,110.0,126.79,39.0,0.14633,0.02589,none,not_found,,,,,,0,
casent0023410,Syllophopsis,myrmicinae,Syllophopsis hildebrandti,April Nobile,commons,,"California Academy of Sciences, 2000-2008",train,p,data/images/Syllophopsis/casent0023410_p.jpg,False,2000.0,2008.0,c977e13a02f155fab9a2cd0a29f14edad86022847423c5915b63d652f4aebb6d,https://upload.wikimedia.org/wikipedia/commons/0/08/Monomorium_hildebrandti_casent0023410_profile_1.jpg,"harvester downscale, byte-identical",commons_original,False,1024,771,1.3281,175598,189.0,192.0,182.0,163.66,7.0,0.24237,0.03358,black_bar,found,117.0,0.1143,4.0,0.905,0.903,1,
casent0025716,Monomorium,myrmicinae,Monomorium chnodes,April Nobile,commons,Holotype,"California Academy of Sciences, 2000-2008",train,p,data/images/Monomorium/casent0025716_p.jpg,True,2000.0,2008.0,a6809910ddaff2200194815b5cd0e855405231370e7c69a996ef32e734d44f1f,https://upload.wikimedia.org/wikipedia/commons/6/62/Monomorium_chnodes_casent0025716_profile_1.jpg,"harvester downscale, byte-identical",commons_original,False,1024,705,1.4525,170940,148.0,151.0,147.0,148.17,1.0,0.03649,0.01236,black_bar,found,148.0,0.1445,4.0,0.899,0.896,1,
casent0026710,Syllophopsis,myrmicinae,Syllophopsis modesta,April Nobile,commons,,"California Academy of Sciences, 2000-2008",train,p,data/images/Syllophopsis/casent0026710_p.jpg,False,2000.0,2008.0,6a72c6f09c0addc87dde976c3e65f34e174bb4c40fff69dda0b4dbc1e29abe32,https://upload.wikimedia.org/wikipedia/commons/8/83/Syllophopsis_modesta_casent0026710_profile_1.jpg,"Commons server thumbnail, byte-identical",commons_thumbnail,True,1280,779,1.6431,182276,194.0,187.0,179.0,184.1,15.0,0.04591,0.01778,black_bar,found,136.0,0.1062,6.0,0.93,0.909,1,
casent0027983,Bothroponera,ponerinae,Bothroponera cambouei,April Nobile,commons,,"California Academy of Sciences, 2000-2007",test,p,data/images/Bothroponera/casent0027983_p.jpg,False,2000.0,2007.0,a7fed6ceda55a1132f7ef7419c93191f3d03ff8760e42ecf40426accd7813f07,https://upload.wikimedia.org/wikipedia/commons/8/86/Pachycondyla_cambouei_casent0027983_profile_1.jpg,"harvester downscale, byte-identical",commons_original,False,1024,771,1.3281,161291,167.0,164.0,156.0,160.12,11.0,0.12683,0.0341,black_bar,found,149.0,0.1455,5.0,0.217,0.925,1,
casent0029098,Bothroponera,ponerinae,Bothroponera cambouei,April Nobile,commons,,"California Academy of Sciences, 2000-2007",train,p,data/images/Bothroponera/casent0029098_p.jpg,False,2000.0,2007.0,15660aef01317942b822c5f506c73454458609c949595aec178aa1bcdc25ed1c,https://upload.wikimedia.org/wikipedia/commons/f/f8/Pachycondyla_cambouei_casent0029098_profile_1.jpg,"harvester downscale, byte-identical",commons_original,False,1024,771,1.3281,153173,182.0,180.0,174.0,174.73,8.0,0.13587,0.0205,black_bar,found,249.0,0.2432,4.0,0.144,0.921,1,
casent0031004,Bothroponera,ponerinae,Bothroponera cambouei,April Nobile,commons,,"California Academy of Sciences, 2000-2007",train,p,data/images/Bothroponera/casent0031004_p.jpg,False,2000.0,2007.0,c6d714c9821078f07c6a56269a75ff2c810fdc333a6a4520f44bd8154685c847,https://upload.wikimedia.org/wikipedia/commons/a/aa/Pachycondyla_cambouei_casent0031004_profile_1.jpg,"harvester downscale, byte-identical",commons_original,False,1024,771,1.3281,157542,172.0,169.0,162.0,164.57,10.0,0.16162,0.03613,black_bar,found,148.0,0.1445,4.0,0.095,0.921,1,
casent0031384,Bothroponera,ponerinae,Bothroponera wasmannii,Jean Claude Rakotonirina,commons,,"California Academy of Sciences, 2000-2008",train,p,data/images/Bothroponera/casent0031384_p.jpg,False,2000.0,2008.0,e7bf8980efb4b40f9d5c069ca774a57b68a68a0552acd70ea54a8db27510c99b,https://upload.wikimedia.org/wikipedia/commons/3/3c/Pachycondyla_wasmannii_casent0031384_profile_1.jpg,"harvester downscale, byte-identical",commons_original,False,1024,728,1.4066,198524,181.0,181.0,182.0,176.71,-1.0,0.14587,0.03799,black_bar,found,205.0,0.2002,4.0,0.838,0.934,1,
casent0033463,Anochetus,ponerinae,Anochetus grandidieri,April Nobile,commons,,"California Academy of Sciences, 2000-2008",train,p,data/images/Anochetus/casent0033463_p.jpg,False,2000.0,2008.0,ca05fdc77cba2e6bf90d9d003b3cbc14ba54119e77908a5418348ed16a642a54,https://upload.wikimedia.org/wikipedia/commons/1/10/Anochetus_grandidieri_casent0033463_profile_1.jpg,"harvester downscale, byte-identical",commons_original,False,1024,752,1.3617,135891,145.0,142.0,138.0,128.34,7.0,0.09445,0.0123,black_bar,found,167.0,0.1631,5.0,0.248,0.929,1,
casent0034270,Bothroponera,ponerinae,Bothroponera cambouei,April Nobile,commons,,"California Academy of Sciences, 2000-2007",train,p,data/images/Bothroponera/casent0034270_p.jpg,False,2000.0,2007.0,2dc4c1c04389064b6b36d229042278bb13099a28e09b30c80297063bf4175ec9,https://upload.wikimedia.org/wikipedia/commons/8/88/Pachycondyla_cambouei_casent0034270_profile_1.jpg,"harvester downscale, byte-identical",commons_original,False,1024,771,1.3281,140669,176.0,173.0,166.0,168.01,10.0,0.14271,0.02434,black_bar,found,249.0,0.2432,4.0,0.144,0.921,1,
casent0034493,Bothroponera,ponerinae,Bothroponera cambouei,April Nobile,commons,,"California Academy of Sciences, 2000-2008",train,p,data/images/Bothroponera/casent0034493_p.jpg,False,2000.0,2008.0,7e96ac78a1aefed5ffc127af952125cc4e1dc76070105ca9f4b681e4c4aa7b2b,https://upload.wikimedia.org/wikipedia/commons/e/ee/Pachycondyla_cambouei_casent0034493_profile_1.jpg,"Commons server thumbnail, byte-identical",commons_thumbnail,True,1280,761,1.682,250961,222.0,223.0,230.0,218.12,-8.0,0.15674,0.03035,black_bar,found,208.0,0.1625,5.0,0.152,0.923,1,
casent0034499,Pachycondyla,ponerinae,Euponera vohitravo,Jean Claude Rakotonirina,gbif_cache,Holotype,"California Academy of Sciences, 2000-2008",train,p,data/images/Pachycondyla/casent0034499_p.jpg,True,2000.0,2008.0,caf3dd380b508f4bbc950e801096f2f4086d48abc8353c190edfe6fc31b9985c,https://api.gbif.org/v1/image/cache/1024x1024/occurrence/865085772/media/f58bf974e5db66c5a6319056dab47189,,gbif_cache,False,1024,1024,1.0,166935,165.0,162.0,155.0,151.16,10.0,0.18784,0.07797,black_bar,found,228.0,0.2227,5.0,0.179,0.927,1,
casent0034571,Bothroponera,ponerinae,Bothroponera cambouei,April Nobile,commons,,"California Academy of Sciences, 2000-2007",train,p,data/images/Bothroponera/casent0034571_p.jpg,False,2000.0,2007.0,1d90aae216618d30a44811b9ff82d7b24e65da225ab6169790fc09c5ad80d22d,https://upload.wikimedia.org/wikipedia/commons/f/f9/Pachycondyla_cambouei_casent0034571_profile_1.jpg,"harvester downscale, byte-identical",commons_original,False,1024,771,1.3281,163325,175.0,172.0,164.0,167.47,11.0,0.20657,0.03648,black_bar,found,148.0,0.1445,4.0,0.095,0.921,1,
casent0035010,Royidris,myrmicinae,Royidris robertsoni,April Nobile,commons,Holotype,"California Academy of Sciences, 2000-2008",train,p,data/images/Royidris/casent0035010_p.jpg,True,2000.0,2008.0,9b7785e4b5435bff6b4bf481210896bcb39799432222d7328d0311d558f793e1,https://upload.wikimedia.org/wikipedia/commons/4/4a/Monomorium_robertsoni_casent0035010_profile_1.jpg,"harvester downscale, byte-identical",commons_original,False,1024,782,1.3095,185705,179.0,177.0,174.0,154.34,5.0,0.16369,0.09004,black_bar,found,110.0,0.1074,5.0,0.927,0.92,1,
casent0035270,Royidris,myrmicinae,Royidris robertsoni,Michele Esposito,gbif_cache,Paratype,"California Academy of Sciences, 2000-2012",train,p,data/images/Royidris/casent0035270_p.jpg,True,2000.0,2012.0,1ff934d9e41313f64639a941944112598af4a2692e3b84bd37ab18b885a3cef2,https://api.gbif.org/v1/image/cache/1024x1024/occurrence/865085951/media/f4159dc9fcd24b99ec936b2844c26bb3,,gbif_cache,False,1024,1024,1.0,87661,120.0,118.0,114.0,122.05,6.0,0.01925,0.01995,black_bar,truncated,,,,0.963,0.957,1,
casent0040756,Pheidole,myrmicinae,Pheidole vohemarensis,Michele Esposito,gbif_cache,,"California Academy of Sciences, 2000-2019",test,d,data/images/Pheidole/casent0040756_d.jpg,False,2000.0,2019.0,927737723bb8049d5288c6a00c63dcbc7f77834e8900e146ca1cd51e0641efa6,https://api.gbif.org/v1/image/cache/1024x1024/occurrence/2332218997/media/8f5cd9d60f4667bc55063f1c1308a92c,,gbif_cache,False,1024,1024,1.0,129445,157.0,125.0,97.0,131.71,60.0,0.06615,0.02775,black_bar,truncated,,,,0.941,0.962,1,
casent0041614,Monomorium,myrmicinae,Monomorium flavimembra,April Nobile,commons,,"California Academy of Sciences, 2000-2008",train,p,data/images/Monomorium/casent0041614_p.jpg,False,2000.0,2008.0,2ae7c97aeb71d9eea7beae10fa710b09f9a2ca3a951597eac339eb9a98f80d57,https://upload.wikimedia.org/wikipedia/commons/0/01/Monomorium_flavimembra_casent0041614_profile_1.jpg,"harvester downscale, byte-identical",commons_original,False,1024,784,1.3061,181446,178.0,178.0,175.0,165.75,3.0,0.17664,0.07043,black_bar,found,137.0,0.1338,4.0,0.912,0.936,1,
casent0044969,Monomorium,myrmicinae,Monomorium micrommaton,Michele Esposito,commons,,"California Academy of Sciences, 2000-2008",train,p,data/images/Monomorium/casent0044969_p.jpg,False,2000.0,2008.0,8c614af9a03b4226b2cb1f56564a52a73c267159eb5329f449999119e2f47f22,https://upload.wikimedia.org/wikipedia/commons/4/40/Monomorium_micrommaton_casent0044969_profile_1.jpg,"harvester downscale, byte-identical",commons_original,False,1024,664,1.5422,157980,161.0,171.0,172.0,157.36,-11.0,0.09781,0.02447,black_bar,found,163.0,0.1592,4.0,0.89,0.919,1,
casent0044971,Syllophopsis,myrmicinae,,April Nobile,commons,,"California Academy of Sciences, 2000-2008",train,p,data/images/Syllophopsis/casent0044971_p.jpg,False,2000.0,2008.0,1d9a59ee7d17f86f0834ba430900f934b3f5149a58ad168aa763062aa99969d8,https://upload.wikimedia.org/wikipedia/commons/1/1e/Syllophopsis_aureorugosa_casent0044971_profile_1.jpg,"harvester downscale, byte-identical",commons_original,False,1024,771,1.3281,178628,207.0,209.0,208.0,201.86,-1.0,0.06395,0.00259,black_bar,found,234.0,0.2285,4.0,0.864,0.92,1,
casent0045443,Monomorium,myrmicinae,Monomorium hanneli,April Nobile,commons,,"California Academy of Sciences, 2000-2008",train,p,data/images/Monomorium/casent0045443_p.jpg,False,2000.0,2008.0,2b210c1419f18ff015d83ee9905acc7b760f519e71f7c5cd83e65cf4fc3258e0,https://upload.wikimedia.org/wikipedia/commons/c/c0/Monomorium_hanneli_casent0045443_profile_1.jpg,"harvester downscale, byte-identical",commons_original,False,1024,707,1.4484,169248,184.0,181.0,175.0,177.57,9.0,0.06934,0.02521,black_bar,found,108.0,0.1055,4.0,0.919,0.928,1,
casent0047308,Odontomachus,ponerinae,Odontomachus troglodytes,April Nobile,commons,,"California Academy of Sciences, 2000-2008",train,p,data/images/Odontomachus/casent0047308_p.jpg,False,2000.0,2008.0,dcf80b306801bd4fdbaad52f2e7eba8fdbafe8b91688a7d5751b5def2ad70280,https://upload.wikimedia.org/wikipedia/commons/d/d2/Odontomachus_troglodytes_casent0047308_profile_1.jpg,"harvester downscale, byte-identical",commons_original,False,1024,771,1.3281,161389,154.0,153.0,149.0,150.04,5.0,0.1259,0.05144,black_bar,found,140.0,0.1367,4.0,0.902,0.896,1,
casent0048678,Platythyrea,ponerinae,Platythyrea bicuspis,Erin Prado,gbif_cache,,"California Academy of Sciences, 2000-2008",train,p,data/images/Platythyrea/casent0048678_p.jpg,False,2000.0,2008.0,d23b4e4c0a722404eb3d2e0d25d30d0e3cc52abb32c597431b7d1c650102bfb8,https://api.gbif.org/v1/image/cache/1024x1024/occurrence/865089737/media/00d67ec99bffd108e1da72bc344709e4,,gbif_cache,False,1024,1024,1.0,115384,225.0,225.0,221.0,192.26,4.0,0.25765,0.01459,black_bar,truncated,,,,0.97,0.939,1,
casent0048930,Pachycondyla,ponerinae,Pachycondyla perroti,Jean Claude Rakotonirina,commons,,"California Academy of Sciences, 2000-2008",test,p,data/images/Pachycondyla/casent0048930_p.jpg,False,2000.0,2008.0,fda888a162ce316514d0dfd7e3d10a82e2d5e20e7caef3b1530100ced7a150ba,https://upload.wikimedia.org/wikipedia/commons/0/04/Bothroponera_perroti_casent0048930_profile_1.jpg,"harvester downscale, byte-identical",commons_original,False,1024,734,1.3951,193789,173.0,171.0,168.0,164.51,5.0,0.14916,0.04076,black_bar,found,211.0,0.2061,4.0,0.113,0.905,1,
casent0052480,Monomorium,myrmicinae,Monomorium termitobium,April Nobile,commons,,"California Academy of Sciences, 2000-2008",test,p,data/images/Monomorium/casent0052480_p.jpg,False,2000.0,2008.0,3713c78de476067843fbdbba3f7ecaadb0eb551e5c73c2f2a86eb9f306fe387b,https://upload.wikimedia.org/wikipedia/commons/6/6c/Monomorium_termitobium_casent0052480_profile_1.jpg,"harvester downscale, byte-identical",commons_original,False,1024,684,1.4971,139896,147.0,148.0,145.0,150.56,2.0,0.04541,0.02113,black_bar,found,133.0,0.1299,4.0,0.915,0.924,1,
casent0053815,Technomyrmex,dolichoderinae,Technomyrmex fisheri,April Nobile,commons,,"California Academy of Sciences, 2000-2008",train,p,data/images/Technomyrmex/casent0053815_p.jpg,False,2000.0,2008.0,5553e1d4d0b7c1df355c37c279c2b24459a68746cb5bff7f8ac2915911368128,https://upload.wikimedia.org/wikipedia/commons/f/fe/Technomyrmex_fisheri_casent0053815_profile_1.jpg,"harvester downscale, byte-identical",commons_original,False,1024,771,1.3281,164906,184.0,185.0,179.0,163.54,5.0,0.06733,0.0387,black_bar,found,230.0,0.2246,4.0,0.867,0.92,1,
casent0053986,Monomorium,myrmicinae,Monomorium floricola,April Nobile,commons,,"California Academy of Sciences, 2000-2008",train,p,data/images/Monomorium/casent0053986_p.jpg,False,2000.0,2008.0,7972684348235e46b00dba5a65fe1a849218ac2eede14f832d47415a8317a2bc,https://upload.wikimedia.org/wikipedia/commons/2/24/Monomorium_floricola_casent0053986_profile_1.jpg,"harvester downscale, byte-identical",commons_original,False,1024,762,1.3438,216718,184.0,190.0,186.0,168.1,-2.0,0.25038,0.07608,black_bar,found,175.0,0.1709,4.0,0.905,0.929,1,
casent0054136,Crematogaster,myrmicinae,Crematogaster lobata,Bonnie Blaimer,gbif_cache,,"California Academy of Sciences, 2000-2010",train,p,data/images/Crematogaster/casent0054136_p.jpg,False,2000.0,2010.0,9a5529abf630461e4b703ee12578760c45dce6546b2e51b86d2c87964689f77b,https://api.gbif.org/v1/image/cache/1024x1024/occurrence/865092926/media/856b6123337fcb0dbb7a7d61b1058fd6,,gbif_cache,False,1024,1024,1.0,133696,172.0,154.0,147.0,142.63,25.0,0.38096,0.25928,none,not_found,,,,,,0,
casent0058901,Technomyrmex,dolichoderinae,Technomyrmex anterops,April Nobile,commons,,"California Academy of Sciences, 2000-2007",train,p,data/images/Technomyrmex/casent0058901_p.jpg,False,2000.0,2007.0,8d220544f11bd1daed7ac5390bd61f30a4675b177eba14a999c992a8c4cd4463,https://upload.wikimedia.org/wikipedia/commons/0/0b/Technomyrmex_anterops_casent0058901_profile_1.jpg,"harvester downscale, byte-identical",commons_original,False,1024,715,1.4322,162123,206.0,206.0,198.0,203.43,8.0,0.13021,0.01806,black_bar,found,133.0,0.1299,3.0,0.753,0.921,1,
casent0060902,Nesomyrmex,myrmicinae,Nesomyrmex retusispinosus,Erin Prado,commons,,"California Academy of Sciences, 2000-2008",train,p,data/images/Nesomyrmex/casent0060902_p.jpg,False,2000.0,2008.0,de1263afaf3ad9bb7b5ec4f456db181d259396794544b9f1ec560a21aa7324f8,https://upload.wikimedia.org/wikipedia/commons/4/42/Nesomyrmex_retusispinosus_casent0060902_profile_1.jpg,"harvester downscale, byte-identical",commons_original,False,1024,793,1.2913,166292,223.0,224.0,222.0,219.15,1.0,0.05465,0.00504,black_bar,found,175.0,0.1709,5.0,0.888,0.919,1,
casent0066732,Cataulacus,myrmicinae,Cataulacus porcatus,Erin Prado,commons,,"California Academy of Sciences, 2000-2008",train,p,data/images/Cataulacus/casent0066732_p.jpg,False,2000.0,2008.0,38ec24906587f6f580149f318058d40edcaab74d8658073a2a6082b1fc3e029c,https://upload.wikimedia.org/wikipedia/commons/3/3c/Cataulacus_porcatus_casent0066732_profile_1.jpg,"harvester downscale, byte-identical",commons_original,False,1024,721,1.4202,175237,236.0,237.0,236.0,223.62,0.0,0.3329,0.08708,black_bar,found,137.0,0.1338,4.0,0.906,0.924,1,
casent0067549,Strumigenys,myrmicinae,Strumigenys covina,April Nobile,commons,,"California Academy of Sciences, 2000-2008",train,p,data/images/Strumigenys/casent0067549_p.jpg,False,2000.0,2008.0,413d6bd2c99b5e2adae9e222d5710dcbf60da6721e6eddde487646a20ef12a65,https://upload.wikimedia.org/wikipedia/commons/d/df/Strumigenys_covina_casent0067549_profile_1.jpg,"harvester downscale, byte-identical",commons_original,False,1024,771,1.3281,152298,206.0,208.0,205.0,192.94,1.0,0.21159,0.02765,black_bar,found,230.0,0.2246,4.0,0.867,0.92,1,
casent0068113,Monomorium,myrmicinae,Monomorium subopacum,Michele Esposito,commons,,"California Academy of Sciences, 2000-2008",train,p,data/images/Monomorium/casent0068113_p.jpg,False,2000.0,2008.0,63c8d92aba0287100ee773782d7ab0aee2c77a0645bdad9457e9c36ef1f55b68,https://upload.wikimedia.org/wikipedia/commons/0/0f/Monomorium_subopacum_casent0068113_profile_1.jpg,"harvester downscale, byte-identical",commons_original,False,1024,767,1.3351,185261,223.0,223.0,224.0,211.35,-1.0,0.20005,0.01493,black_bar,found,192.0,0.1875,4.0,0.875,0.919,1,
casent0068950,Crematogaster,myrmicinae,Crematogaster rasoherinae,Bonnie Blaimer,gbif_cache,,"California Academy of Sciences, 2000-2010",train,p,data/images/Crematogaster/casent0068950_p.jpg,False,2000.0,2010.0,cd46a3fef6f8d6871cfda5b829bb34f33c9e4afab362ae559e98461eaf5d3ff9,https://api.gbif.org/v1/image/cache/1024x1024/occurrence/865103951/media/21d6dbb4607862d8bc152a6d7b0ad0bb,,gbif_cache,False,1024,1024,1.0,183156,162.0,164.0,162.0,153.57,0.0,0.14079,0.07946,black_bar,truncated,,,,0.96,0.897,1,
casent0069921,Strumigenys,myrmicinae,Strumigenys admixta,April Nobile,commons,,"California Academy of Sciences, 2000-2008",train,p,data/images/Strumigenys/casent0069921_p.jpg,False,2000.0,2008.0,8c00f6557f5ef73e20fa425d6b223781d0599cf098969ab0eaf45a85b8442212,https://upload.wikimedia.org/wikipedia/commons/9/95/Strumigenys_admixta_casent0069921_profile_1.jpg,"harvester downscale, byte-identical",commons_original,False,1024,716,1.4302,160877,212.0,214.0,209.0,189.85,3.0,0.2288,0.0156,black_bar,found,231.0,0.2256,5.0,0.867,0.914,1,
casent0076204,Monomorium,myrmicinae,Monomorium termitobium,Michele Esposito,commons,,"California Academy of Sciences, 2000-2008",train,p,data/images/Monomorium/casent0076204_p.jpg,False,2000.0,2008.0,9b511fde022d750fb680a07884871ec2a740ea4c1c907bb142e04a080f41a739,https://upload.wikimedia.org/wikipedia/commons/0/07/Monomorium_termitobium_casent0076204_profile_1.jpg,"harvester downscale, byte-identical",commons_original,False,1024,751,1.3635,153580,209.0,209.0,212.0,183.75,-3.0,0.17637,0.00585,black_bar,found,106.0,0.1035,4.0,0.914,0.919,1,
casent0076558,Leptogenys,ponerinae,Leptogenys coerulescens,April Nobile,commons,,"California Academy of Sciences, 2000-2007",train,p,data/images/Leptogenys/casent0076558_p.jpg,False,2000.0,2007.0,fad045f8184cc1f70b2f20e532bf3d79618b9fd00b73ff908ab025c1a3bf6ba6,https://upload.wikimedia.org/wikipedia/commons/a/aa/Leptogenys_coerulescens_casent0076558_profile_1.jpg,"harvester downscale, byte-identical",commons_original,False,1024,771,1.3281,151874,214.0,214.0,213.0,209.93,1.0,0.20119,0.04518,black_bar,found,205.0,0.2002,4.0,0.861,0.921,1,
casent0076622,Mystrium,amblyoponinae,Mystrium voeltzkowi,April Nobile,commons,,"California Academy of Sciences, 2000-2007",test,p,data/images/Mystrium/casent0076622_p.jpg,False,2000.0,2007.0,48a3b74e2bf11cdf828245e8f0cf496d96d9cfc509881d3cafb73ed1fa2210aa,https://upload.wikimedia.org/wikipedia/commons/1/19/Mystrium_mysticum_casent0076622_profile_1.jpg,"harvester downscale, byte-identical",commons_original,False,1024,771,1.3281,169049,217.0,217.0,215.0,209.61,2.0,0.21495,0.03161,black_bar,found,249.0,0.2432,4.0,0.853,0.918,1,
casent0076787,Bothroponera,ponerinae,Bothroponera wasmannii,April Nobile,commons,,"California Academy of Sciences, 2000-2007",train,p,data/images/Bothroponera/casent0076787_p.jpg,False,2000.0,2007.0,6da61142ba73ec4d856b174982e867561113cb480e9ca4c00bf3243cf12aa132,https://upload.wikimedia.org/wikipedia/commons/b/bd/Pachycondyla_wasmannii_casent0076787_profile_1.jpg,"harvester downscale, byte-identical",commons_original,False,1024,771,1.3281,174505,229.0,230.0,229.0,223.74,0.0,0.31492,0.05511,black_bar,found,248.0,0.2422,4.0,0.258,0.93,1,
casent0077457,Leptogenys,ponerinae,Leptogenys antongilensis,April Nobile,commons,,"California Academy of Sciences, 2000-2007",train,p,data/images/Leptogenys/casent0077457_p.jpg,False,2000.0,2007.0,0912313c9dacced1f3aec6274582d13fcd6586f9b7075fcb6203d9e0a4a10a54,https://upload.wikimedia.org/wikipedia/commons/3/3b/Leptogenys_incisa_casent0077457_profile_1.jpg,"harvester downscale, byte-identical",commons_original,False,1024,696,1.4713,122945,213.0,213.0,212.0,207.57,1.0,0.20293,0.03019,black_bar,found,205.0,0.2002,4.0,0.862,0.918,1,
casent0077516,Terataner,myrmicinae,Terataner alluaudi,Erin Prado,commons,,"California Academy of Sciences, 2000-2008",train,p,data/images/Terataner/casent0077516_p.jpg,False,2000.0,2008.0,50f0270b0aea1fabc3f205efa3a1f83c2d7b40f374567a98596236c1a18d076d,https://upload.wikimedia.org/wikipedia/commons/4/43/Terataner_alluaudi_casent0077516_profile_1.jpg,"harvester downscale, byte-identical",commons_original,False,889,808,1.1002,167682,220.0,222.0,225.0,207.06,-5.0,0.22633,0.04978,black_bar,found,144.0,0.162,5.0,0.875,0.923,1,
casent0077935,Royidris,myrmicinae,Royidris robertsoni,April Nobile,commons,,"California Academy of Sciences, 2000-2008",train,p,data/images/Royidris/casent0077935_p.jpg,False,2000.0,2008.0,0b89d614e287bd0ac6187ffa346376096b3437a2c220ff2bd03edd7d55eafd27,https://upload.wikimedia.org/wikipedia/commons/c/c4/Monomorium_robertsoni_casent0077935_profile_1.jpg,"harvester downscale, byte-identical",commons_original,False,1024,757,1.3527,173599,186.0,189.0,183.0,182.87,3.0,0.0335,0.01718,black_bar,found,237.0,0.2314,4.0,0.877,0.931,1,
casent0078587,Monomorium,myrmicinae,Monomorium termitobium,Michele Esposito,commons,,"California Academy of Sciences, 2000-2008",test,p,data/images/Monomorium/casent0078587_p.jpg,False,2000.0,2008.0,1734190d9c97d8feeefa34c18811a61d7bee354eeb82b23d949cd23714f419f7,https://upload.wikimedia.org/wikipedia/commons/e/ec/Monomorium_termitobium_casent0078587_profile_1.jpg,"harvester downscale, byte-identical",commons_original,False,1024,735,1.3932,168634,182.0,182.0,177.0,151.29,5.0,0.24032,0.17048,black_bar,found,164.0,0.1602,5.0,0.897,0.914,1,
casent0079066,Monomorium,myrmicinae,Monomorium nigricans,April Nobile,commons,,"California Academy of Sciences, 2000-2008",train,p,data/images/Monomorium/casent0079066_p.jpg,False,2000.0,2008.0,09f86f739bca5454556ceb37f9cccb3badd858bf5842f5622dfc4f3d0f2abf47,https://upload.wikimedia.org/wikipedia/commons/3/39/Monomorium_nigricans_casent0079066_profile_1.jpg,"harvester downscale, byte-identical",commons_original,False,1024,710,1.4423,150827,204.0,206.0,200.0,183.46,4.0,0.39558,0.09949,black_bar,found,164.0,0.1602,4.0,0.896,0.906,1,
casent0097891,Technomyrmex,dolichoderinae,Technomyrmex anterops,April Nobile,commons,Holotype,"California Academy of Sciences, 2000-2008",test,p,data/images/Technomyrmex/casent0097891_p.jpg,True,2000.0,2008.0,aa6e6bd249e13f985877c01adcd92e89fa1e7905e6077d5379cf6ebe26560342,https://upload.wikimedia.org/wikipedia/commons/e/e4/Technomyrmex_anterops_casent0097891_profile_1.jpg,"harvester downscale, byte-identical",commons_original,False,1024,734,1.3951,156910,208.0,208.0,205.0,182.48,3.0,0.17427,0.01797,black_bar,found,131.0,0.1279,4.0,0.915,0.932,1,
casent0101012,Hypoponera,ponerinae,Hypoponera indigens,April Nobile,gbif_cache,,"California Academy of Sciences, 2000-2008",train,p,data/images/Hypoponera/casent0101012_p.jpg,False,2000.0,2008.0,3e3ff0173e3c4fcd68f8f0512b0353e9c944fb05b1fa0e7a19f1d903cdd3acd4,https://api.gbif.org/v1/image/cache/1024x1024/occurrence/865113943/media/f3197275edb7af6b024eea791c6f4e3f,,gbif_cache,False,1024,1024,1.0,97171,137.0,128.0,115.0,143.02,22.0,0.07466,0.05904,none,not_found,,,,,,0,
casent0101013,Hypoponera,ponerinae,Hypoponera indigens,April Nobile,commons,,"California Academy of Sciences, 2000-2008",test,p,data/images/Hypoponera/casent0101013_p.jpg,False,2000.0,2008.0,8c1c0f39b8e4a775a93580d0981c82ca65d41d2de52c744d75109305d17f28c6,https://upload.wikimedia.org/wikipedia/commons/0/0c/Hypoponera_indigens_casent0101013_profile_1.jpg,"Commons server thumbnail, byte-identical",commons_thumbnail,True,1280,755,1.6954,174853,152.0,143.0,132.0,168.62,20.0,0.04668,0.02698,black_bar,found,214.0,0.1672,6.0,0.903,0.913,1,
casent0101014,Odontomachus,ponerinae,Odontomachus coquereli,April Nobile,commons,,"California Academy of Sciences, 2000-2008",train,p,data/images/Odontomachus/casent0101014_p.jpg,False,2000.0,2008.0,6d3b06552b6840f569605d849468fb28315239328080130f2a361bf7b2a84c4e,https://upload.wikimedia.org/wikipedia/commons/d/df/Odontomachus_coquereli_casent0101014_profile_1.jpg,"harvester downscale, byte-identical",commons_original,False,1024,771,1.3281,189766,178.0,171.0,145.0,167.04,33.0,0.0463,0.01075,black_bar,found,86.0,0.084,4.0,0.941,0.939,1,
casent0101015,Odontomachus,ponerinae,Odontomachus coquereli,April Nobile,commons,,"California Academy of Sciences, 2000-2008",train,p,data/images/Odontomachus/casent0101015_p.jpg,False,2000.0,2008.0,7722e777b39e5ec3d5a8eda27f9c5c24598815298df7a8935c04ff3bc026694e,https://upload.wikimedia.org/wikipedia/commons/9/93/Odontomachus_coquereli_casent0101015_profile_1.jpg,"harvester downscale, byte-identical",commons_original,False,1024,692,1.4798,152945,176.0,169.0,146.0,164.3,30.0,0.03667,0.01007,black_bar,found,96.0,0.0938,4.0,0.933,0.931,2,
casent0101016,Hypoponera,ponerinae,Hypoponera punctatissima,April Nobile,commons,Syntype,"California Academy of Sciences, 2000-2008",train,p,data/images/Hypoponera/casent0101016_p.jpg,True,2000.0,2008.0,4a78e1f66afd00bce51554a17ef8d873ae0f81ebc12d21535a12a450f69f92e8,https://upload.wikimedia.org/wikipedia/commons/7/7f/Hypoponera_punctatissima_indifferens_casent0101016_profile_1.jpg,"harvester downscale, byte-identical",commons_original,False,1024,771,1.3281,173394,161.0,153.0,138.0,174.01,23.0,0.07328,0.04406,black_bar,found,175.0,0.1709,5.0,0.894,0.931,1,
casent0101017,Hypoponera,ponerinae,Hypoponera punctatissima,April Nobile,commons,Syntype,"California Academy of Sciences, 2000-2008",train,p,data/images/Hypoponera/casent0101017_p.jpg,True,2000.0,2008.0,9a3ad288eca3b2b84f1bc799bfe469961e8ef12067d3f5b4e7e98ac7ba009f19,https://upload.wikimedia.org/wikipedia/commons/f/f9/Hypoponera_punctatissima_indifferens_casent0101017_profile_1.jpg,"harvester downscale, byte-identical",commons_original,False,924,808,1.1436,183576,199.0,177.0,149.0,166.68,50.0,0.16269,0.03716,black_bar,found,179.0,0.1937,6.0,0.891,0.942,1,
casent0101018,Hypoponera,ponerinae,Hypoponera johannae,April Nobile,gbif_cache,Syntype,"California Academy of Sciences, 2000-2008",train,p,data/images/Hypoponera/casent0101018_p.jpg,True,2000.0,2008.0,ed724eb5e6ae2b2fa0be21fc1b321ca29de9158e7c50104bd0d005130653eb42,https://api.gbif.org/v1/image/cache/1024x1024/occurrence/865114105/media/9ec4bfc77bf3f74c197b97be52867903,,gbif_cache,False,1024,1024,1.0,120803,146.0,132.0,111.0,130.7,35.0,0.05602,0.03416,none,not_found,,,,,,0,
casent0101019,Hypoponera,ponerinae,Hypoponera johannae,April Nobile,commons,Syntype,"California Academy of Sciences, 2000-2008",train,p,data/images/Hypoponera/casent0101019_p.jpg,True,2000.0,2008.0,54dbf0d0f30cafa08d480d9cc70c245ae26206b22e438aed0a70cd26bf5015b9,https://upload.wikimedia.org/wikipedia/commons/5/5e/Hypoponera_johannae_casent0101019_profile_1.jpg,"Commons server thumbnail, pixel-identical",commons_thumbnail,True,1280,715,1.7902,159132,145.0,139.0,129.0,147.8,16.0,0.00317,0.00256,black_bar,found,133.0,0.1039,8.0,0.935,0.93,1,
casent0101020,Hypoponera,ponerinae,Hypoponera ludovicae,April Nobile,commons,Syntype,"California Academy of Sciences, 2000-2008",train,p,data/images/Hypoponera/casent0101020_p.jpg,True,2000.0,2008.0,9703dae9368fd9e4de949a99eaf3e400283c3437f23b4d44a02e71ae6a3cc2d9,https://upload.wikimedia.org/wikipedia/commons/d/d8/Hypoponera_ludovicae_casent0101020_profile_1.jpg,"harvester downscale, byte-identical",commons_original,False,1024,560,1.8286,124450,181.0,171.0,150.0,180.34,31.0,0.01715,0.00496,black_bar,found,132.0,0.1289,4.0,0.926,0.914,1,
casent0101021,Hypoponera,ponerinae,Hypoponera ludovicae,April Nobile,commons,Syntype,"California Academy of Sciences, 2000-2008",train,p,data/images/Hypoponera/casent0101021_p.jpg,True,2000.0,2008.0,5a52984576c2892fb60964816452c14c8c935362e28867c7650d0ed5b57258f3,https://upload.wikimedia.org/wikipedia/commons/9/94/Hypoponera_ludovicae_casent0101021_profile_1.jpg,"harvester downscale, byte-identical",commons_original,False,1024,478,2.1423,103447,162.0,151.0,141.0,166.61,21.0,0.01116,0.00348,black_bar,found,133.0,0.1299,4.0,0.92,0.908,1,
casent0101022,Hypoponera,ponerinae,Hypoponera sakalava,April Nobile,commons,,"California Academy of Sciences, 2000-2008",test,p,data/images/Hypoponera/casent0101022_p.jpg,False,2000.0,2008.0,5317713327040e679ac12a7985d3c476b4d8729b24916af26492a4736f83c007,https://upload.wikimedia.org/wikipedia/commons/0/07/Hypoponera_sakalava_casent0101022_profile_1.jpg,"harvester downscale, byte-identical",commons_original,False,1024,701,1.4608,160902,172.0,166.0,150.0,161.67,22.0,0.05813,0.01403,black_bar,found,194.0,0.1895,5.0,0.891,0.932,1,
casent0101023,Hypoponera,ponerinae,Hypoponera sakalava,April Nobile,commons,Syntype,"California Academy of Sciences, 2000-2008",test,p,data/images/Hypoponera/casent0101023_p.jpg,True,2000.0,2008.0,b2bd1cb9ed274ff57acfd1aaf94b87c3021fde6b9aa331f80c62aa8c04968ba3,https://upload.wikimedia.org/wikipedia/commons/e/e1/Hypoponera_sakalava_casent0101023_profile_1.jpg,"harvester downscale, byte-identical",commons_original,False,1024,563,1.8188,119908,161.0,155.0,137.0,160.77,24.0,0.06586,0.02423,black_bar,found,194.0,0.1895,5.0,0.897,0.916,1,
casent0101024,Hypoponera,ponerinae,Hypoponera sakalava,April Nobile,commons,,"California Academy of Sciences, 2000-2008",train,p,data/images/Hypoponera/casent0101024_p.jpg,False,2000.0,2008.0,c7ca57011af37da2cc30c089e05c5c9662c42ce7b849a44f045cd95abe4b125f,https://upload.wikimedia.org/wikipedia/commons/3/3d/Hypoponera_sakalava_excelsior_casent0101024_profile_1.jpg,"harvester downscale, byte-identical",commons_original,False,1024,607,1.687,140066,174.0,167.0,146.0,169.82,28.0,0.08523,0.01971,black_bar,found,194.0,0.1895,4.0,0.893,0.916,1,
casent0101025,Hypoponera,ponerinae,Hypoponera sakalava,April Nobile,commons,Syntype,"California Academy of Sciences, 2000-2008",train,p,data/images/Hypoponera/casent0101025_p.jpg,True,2000.0,2008.0,ebd21ca483fab867edd89c83e905b360d14a67164c3312581f9553560581d45a,https://upload.wikimedia.org/wikipedia/commons/f/fc/Hypoponera_sakalava_excelsior_casent0101025_profile_1.jpg,"harvester downscale, byte-identical",commons_original,False,993,808,1.229,201471,152.0,141.0,130.0,160.7,22.0,0.00737,0.00316,black_bar,found,207.0,0.2085,5.0,0.874,0.941,1,
casent0101034,Pachycondyla,ponerinae,Pachycondyla perroti,April Nobile,commons,Paralectotype,"California Academy of Sciences, 2000-2008",train,p,data/images/Pachycondyla/casent0101034_p.jpg,True,2000.0,2008.0,c3a2092eac798e2264aa9aff43333280295a93a8b05fa21c8bca29d1efc0dcc6,https://upload.wikimedia.org/wikipedia/commons/1/17/Pachycondyla_perroti_admista_casent0101034_profile_1.jpg,"harvester downscale, byte-identical",commons_original,False,1024,542,1.8893,102900,155.0,155.0,157.0,150.51,-2.0,0.06204,0.01853,black_bar,found,93.0,0.0908,4.0,0.94,0.908,1,
casent0101035,Pachycondyla,ponerinae,Pachycondyla perroti,April Nobile,gbif_cache,Lectotype,"California Academy of Sciences, 2000-2008",train,p,data/images/Pachycondyla/casent0101035_p.jpg,True,2000.0,2008.0,ab4c9d34827b2703a4340f5d66ce88d84535968a749a15526bdfdaed8e38fc89,https://api.gbif.org/v1/image/cache/1024x1024/occurrence/865114502/media/2e34b8eb27432f5893740ddc613434f9,,gbif_cache,False,1024,1024,1.0,103132,148.0,147.0,145.0,136.48,3.0,0.06947,0.02544,none,not_found,,,,,,0,
casent0101039,Bothroponera,ponerinae,Bothroponera wasmannii,April Nobile,commons,Lectotype,"California Academy of Sciences, 2000-2008",test,p,data/images/Bothroponera/casent0101039_p.jpg,True,2000.0,2008.0,2c3cafb5f04f1c5c83e3f3445c612bd6c35cac65ec7090d8263a58faa9e7103e,https://upload.wikimedia.org/wikipedia/commons/8/8b/Pachycondyla_wasmannii_casent0101039_profile_1.jpg,"harvester downscale, byte-identical",commons_original,False,1024,771,1.3281,189613,188.0,187.0,180.0,182.75,8.0,0.08093,0.01024,black_bar,found,147.0,0.1436,4.0,0.917,0.939,1,
casent0101040,Bothroponera,ponerinae,Bothroponera wasmannii,April Nobile,commons,Paralectotype,"California Academy of Sciences, 2000-2008",train,p,data/images/Bothroponera/casent0101040_p.jpg,True,2000.0,2008.0,93506ee270d95f4aa3fe1ce3b934ae6aa9db2ebccb91db99712a013e7aa39bfc,https://upload.wikimedia.org/wikipedia/commons/7/7d/Pachycondyla_wasmannii_casent0101040_profile_1.jpg,"harvester downscale, byte-identical",commons_original,False,1024,770,1.3299,199370,188.0,186.0,175.0,179.73,13.0,0.08618,0.00952,black_bar,found,152.0,0.1484,4.0,0.907,0.935,1,
casent0101041,Bothroponera,ponerinae,Bothroponera wasmannii,April Nobile,commons,Paralectotype,"California Academy of Sciences, 2000-2008",test,p,data/images/Bothroponera/casent0101041_p.jpg,True,2000.0,2008.0,efb723ebd80161b30a3d61e8186179aaa81cf7bc74329f02dacc86e45c9f95d6,https://upload.wikimedia.org/wikipedia/commons/9/9d/Pachycondyla_wasmannii_casent0101041_profile_1.jpg,"harvester downscale, byte-identical",commons_original,False,1024,683,1.4993,151302,186.0,182.0,175.0,178.4,11.0,0.07467,0.01124,black_bar,found,183.0,0.1787,4.0,0.897,0.925,1,
casent0101045,Tetraponera,pseudomyrmecinae,Tetraponera variegata,April Nobile,commons,Paralectotype,"California Academy of Sciences, 2000-2008",train,p,data/images/Tetraponera/casent0101045_p.jpg,True,2000.0,2008.0,3a805436149e342106c375f68b634c2f39a4ee7211f376cd73d2d47a5c294b3b,https://upload.wikimedia.org/wikipedia/commons/c/c8/Tetraponera_grandidieri_variegata_casent0101045_profile_1.jpg,"harvester downscale, byte-identical",commons_original,False,1024,699,1.4649,137953,135.0,131.0,122.0,131.27,13.0,0.03024,0.02087,black_bar,found,135.0,0.1318,4.0,0.922,0.93,1,
casent0101046,Tetraponera,pseudomyrmecinae,Tetraponera variegata,April Nobile,commons,Lectotype,"California Academy of Sciences, 2000-2008",train,p,data/images/Tetraponera/casent0101046_p.jpg,True,2000.0,2008.0,207252a436365ddbdd49127a9479fe11717717fc723f68440989705c256c0125,https://upload.wikimedia.org/wikipedia/commons/7/78/Tetraponera_grandidieri_variegata_casent0101046_profile_1.jpg,"harvester downscale, byte-identical",commons_original,False,1024,803,1.2752,174785,186.0,181.0,156.0,178.98,30.0,0.05151,0.01168,black_bar,found,174.0,0.1699,5.0,0.901,0.936,1,
casent0101049,Tetraponera,pseudomyrmecinae,Tetraponera morondaviensis,April Nobile,commons,,"California Academy of Sciences, 2000-2008",test,p,data/images/Tetraponera/casent0101049_p.jpg,False,2000.0,2008.0,23e2728e9d694f93fad55881f2638983b9cba84ebeaab2ba53ae8dbb43618043,https://upload.wikimedia.org/wikipedia/commons/c/c0/Tetraponera_hysterica_dimidiata_casent0101049_profile_1.jpg,"Commons server thumbnail, pixel-identical",commons_thumbnail,True,1280,803,1.594,220743,168.0,165.0,159.0,173.18,9.0,0.15396,0.07431,black_bar,found,179.0,0.1398,5.0,0.922,0.926,1,
casent0101050,Tetraponera,pseudomyrmecinae,Tetraponera morondaviensis,April Nobile,commons,,"California Academy of Sciences, 2000-2008",train,p,data/images/Tetraponera/casent0101050_p.jpg,False,2000.0,2008.0,baee44f2982ed37493b871e618535e43b2c64440d8c63f8c26011a5cc5c2c096,https://upload.wikimedia.org/wikipedia/commons/9/92/Tetraponera_hysterica_dimidiata_casent0101050_profile_1.jpg,"harvester downscale, byte-identical",commons_original,False,1024,669,1.5306,141534,184.0,178.0,168.0,179.29,16.0,0.08476,0.02527,black_bar,found,194.0,0.1895,4.0,0.889,0.928,1,
casent0101051,Tetraponera,pseudomyrmecinae,Tetraponera morondaviensis,April Nobile,commons,,"California Academy of Sciences, 2000-2008",train,p,data/images/Tetraponera/casent0101051_p.jpg,False,2000.0,2008.0,fcc0c212618cb23424d8580e29ec28f8bb3fa56e469bf892186e43847b80956c,https://upload.wikimedia.org/wikipedia/commons/8/8a/Tetraponera_hysterica_dimidiata_casent0101051_profile_1.jpg,"harvester downscale, byte-identical",commons_original,False,1024,594,1.7239,126681,188.0,181.0,163.0,182.82,25.0,0.10096,0.0262,black_bar,found,197.0,0.1924,4.0,0.886,0.914,1,
casent0101052,Tetraponera,pseudomyrmecinae,Tetraponera sahlbergii,April Nobile,commons,,"California Academy of Sciences, 2000-2008",train,p,data/images/Tetraponera/casent0101052_p.jpg,False,2000.0,2008.0,4fe4830768a3dbed8bd9cab2772a3689295efb456ba98b8b075d3456d7270479,https://upload.wikimedia.org/wikipedia/commons/4/40/Tetraponera_sahlbergii_casent0101052_profile_1.jpg,"harvester downscale, byte-identical",commons_original,False,1024,638,1.605,134841,186.0,179.0,172.0,180.46,14.0,0.10395,0.02573,black_bar,found,146.0,0.1426,4.0,0.804,0.925,1,
casent0101053,Aphaenogaster,myrmicinae,Aphaenogaster subterranea,April Nobile,commons,Syntype,"California Academy of Sciences, 2000-2008",test,p,data/images/Aphaenogaster/casent0101053_p.jpg,True,2000.0,2008.0,75471dabbf85196f71f8d916d4bc42feace3713a3fb33d471d31404acf2de1db,https://upload.wikimedia.org/wikipedia/commons/d/d7/Aphaenogaster_friederichsi_casent0101053_profile_1.jpg,"harvester downscale, byte-identical",commons_original,False,1024,705,1.4525,144820,172.0,166.0,144.0,164.66,28.0,0.01,0.00269,black_bar,found,144.0,0.1406,4.0,0.914,0.928,1,
casent0101054,Aphaenogaster,myrmicinae,Aphaenogaster subterranea,April Nobile,commons,Syntype,"California Academy of Sciences, 2000-2008",train,p,data/images/Aphaenogaster/casent0101054_p.jpg,True,2000.0,2008.0,dd9c5e4a78434bd9397a3cc4227fad0c1fe8c67d8d78f88149e8985e4817b63d,https://upload.wikimedia.org/wikipedia/commons/5/5d/Aphaenogaster_friederichsi_casent0101054_profile_1.jpg,"harvester downscale, byte-identical",commons_original,False,1024,550,1.8618,129213,156.0,147.0,137.0,174.62,19.0,0.0118,0.00529,black_bar,found,146.0,0.1426,5.0,0.909,0.903,1,
casent0101065,Aphaenogaster,myrmicinae,Aphaenogaster swammerdami,April Nobile,commons,Syntype,"California Academy of Sciences, 2000-2008",train,p,data/images/Aphaenogaster/casent0101065_p.jpg,True,2000.0,2008.0,f5a5272ab7cd802338bd903cf1d432ff66609546caa7f23d867344e19b5ab15f,https://upload.wikimedia.org/wikipedia/commons/5/56/Aphaenogaster_swammerdami_curta_casent0101065_profile_1.jpg,"harvester downscale, byte-identical",commons_original,False,1024,726,1.4105,204448,248.0,242.0,217.0,220.49,31.0,0.23896,0.0221,black_bar,found,181.0,0.1768,5.0,0.891,0.926,1,
casent0101066,Aphaenogaster,myrmicinae,Aphaenogaster swammerdami,April Nobile,commons,Syntype,"California Academy of Sciences, 2000-2008",train,p,data/images/Aphaenogaster/casent0101066_p.jpg,True,2000.0,2008.0,009d3dbf2f913de720ea48599fe4f52a0355d0265a0566fb87912dc61c3d77f2,https://upload.wikimedia.org/wikipedia/commons/7/72/Aphaenogaster_swammerdami_curta_casent0101066_profile_1.jpg,"harvester downscale, byte-identical",commons_original,False,1024,672,1.5238,187262,224.0,217.0,204.0,201.75,20.0,0.21436,0.0271,black_bar,found,162.0,0.1582,5.0,0.683,0.916,1,
casent0101068,Aphaenogaster,myrmicinae,Aphaenogaster swammerdami,April Nobile,commons,Syntype,"California Academy of Sciences, 2000-2008",train,p,data/images/Aphaenogaster/casent0101068_p.jpg,True,2000.0,2008.0,ca4ea42cef80b904c60b8b18e05674777fb76d3fcc4cdd849abcf139403a08db,https://upload.wikimedia.org/wikipedia/commons/7/73/Aphaenogaster_swammerdami_curta_casent0101068_profile_1.jpg,"harvester downscale, byte-identical",commons_original,False,1024,652,1.5706,179830,236.0,229.0,217.0,212.47,19.0,0.18517,0.01357,black_bar,found,181.0,0.1768,5.0,0.9,0.932,1,
casent0101069,Aphaenogaster,myrmicinae,Aphaenogaster swammerdami,April Nobile,commons,Syntype,"California Academy of Sciences, 2000-2008",test,p,data/images/Aphaenogaster/casent0101069_p.jpg,True,2000.0,2008.0,15dac67e4355fdcec849878c8ba67af9184ff160881e04bd230c7fed245009cf,https://upload.wikimedia.org/wikipedia/commons/a/ad/Aphaenogaster_swammerdami_curta_casent0101069_profile_1.jpg,"harvester downscale, byte-identical",commons_original,False,1024,734,1.3951,199686,229.0,219.0,201.0,203.21,28.0,0.20322,0.01682,black_bar,found,175.0,0.1709,4.0,0.616,0.928,1,
casent0101070,Aphaenogaster,myrmicinae,Aphaenogaster swammerdami,April Nobile,commons,Syntype,"California Academy of Sciences, 2000-2008",train,p,data/images/Aphaenogaster/casent0101070_p.jpg,True,2000.0,2008.0,ff18c1fb6c679f241ffcaca83784c0b2b120503aa24166ac57dbfc46c4e2476b,https://upload.wikimedia.org/wikipedia/commons/7/7f/Aphaenogaster_swammerdami_curta_casent0101070_profile_1.jpg,"harvester downscale, byte-identical",commons_original,False,1024,771,1.3281,235701,231.0,221.0,203.0,201.37,28.0,0.22092,0.03981,black_bar,found,131.0,0.1279,4.0,0.917,0.939,1,
casent0101071,Aphaenogaster,myrmicinae,Aphaenogaster swammerdami,April Nobile,commons,Syntype,"California Academy of Sciences, 2000-2008",train,p,data/images/Aphaenogaster/casent0101071_p.jpg,True,2000.0,2008.0,a6cfba57d856fff9832bb1b90ea65342763ffccaff1d6e3a9f8d2d21b77b8d1b,https://upload.wikimedia.org/wikipedia/commons/b/b9/Aphaenogaster_swammerdami_curta_casent0101071_profile_1.jpg,"harvester downscale, byte-identical",commons_original,False,1024,718,1.4262,143134,212.0,213.0,211.0,202.32,1.0,0.1749,0.02026,black_bar,found,164.0,0.1602,5.0,0.909,0.934,1,
casent0101072,Aphaenogaster,myrmicinae,Aphaenogaster swammerdami,April Nobile,commons,Syntype,"California Academy of Sciences, 2000-2008",train,p,data/images/Aphaenogaster/casent0101072_p.jpg,True,2000.0,2008.0,0fc6891521ef0429703b2197dd44d68bb45925ba9ce52f6954e0dd0deeae5ad9,https://upload.wikimedia.org/wikipedia/commons/a/a9/Aphaenogaster_swammerdami_curta_casent0101072_profile_1.jpg,"harvester downscale, byte-identical",commons_original,False,1024,676,1.5148,136779,222.0,223.0,221.0,214.18,1.0,0.0808,0.00791,black_bar,found,126.0,0.123,4.0,0.919,0.925,1,
casent0101073,Aphaenogaster,myrmicinae,Aphaenogaster swammerdami,April Nobile,commons,,"California Academy of Sciences, 2000-2008",train,p,data/images/Aphaenogaster/casent0101073_p.jpg,False,2000.0,2008.0,190fbd85a9888b7922fec9442673b6beda3c96241fe4112d360f1dbcf84e3005,https://upload.wikimedia.org/wikipedia/commons/f/f1/Aphaenogaster_swammerdami_casent0101073_profile_1.jpg,"harvester downscale, byte-identical",commons_original,False,1024,771,1.3281,230832,242.0,235.0,217.0,210.64,25.0,0.26056,0.01925,black_bar,found,139.0,0.1357,3.0,0.652,0.931,1,
casent0101074,Aphaenogaster,myrmicinae,Aphaenogaster swammerdami,April Nobile,commons,Syntype,"California Academy of Sciences, 2000-2008",test,p,data/images/Aphaenogaster/casent0101074_p.jpg,True,2000.0,2008.0,8d579eba1efa13a1cb07dfe397a64a28440360e4bcfcdf65116398fa07b36333,https://upload.wikimedia.org/wikipedia/commons/e/ec/Aphaenogaster_swammerdami_casent0101074_profile_1.jpg,"harvester downscale, byte-identical",commons_original,False,1024,768,1.3333,215955,242.0,236.0,222.0,216.39,20.0,0.22713,0.02271,black_bar,found,139.0,0.1357,4.0,0.918,0.938,1,
casent0101075,Aphaenogaster,myrmicinae,Aphaenogaster swammerdami,April Nobile,commons,,"California Academy of Sciences, 2000-2008",train,p,data/images/Aphaenogaster/casent0101075_p.jpg,False,2000.0,2008.0,79b103aa37b84e8200c038c77037540fbe454d10550202d0f62d64e35755bc5c,https://upload.wikimedia.org/wikipedia/commons/4/42/Aphaenogaster_swammerdami_casent0101075_profile_1.jpg,"harvester downscale, byte-identical",commons_original,False,1024,771,1.3281,241788,173.0,149.0,125.0,175.64,48.0,0.03503,0.01678,black_bar,found,124.0,0.1211,4.0,0.926,0.938,1,
casent0101077,Technomyrmex,dolichoderinae,Technomyrmex difficilis,April Nobile,commons,,"California Academy of Sciences, 2000-2008",train,p,data/images/Technomyrmex/casent0101077_p.jpg,False,2000.0,2008.0,3fcfac0d1ff5ad5da6091699e00f0f26ed804ac5b7529116849d46dba1539aeb,https://upload.wikimedia.org/wikipedia/commons/d/d7/Technomyrmex_difficilis_casent0101077_profile_1.jpg,"Commons server thumbnail, byte-identical",commons_thumbnail,True,1280,683,1.8741,206006,176.0,147.0,117.0,153.01,59.0,0.12807,0.06559,black_bar,found,260.0,0.2031,6.0,0.882,0.905,1,
casent0101078,Technomyrmex,dolichoderinae,Technomyrmex difficilis,April Nobile,commons,,"California Academy of Sciences, 2000-2026",train,p,data/images/Technomyrmex/casent0101078_p.jpg,False,2000.0,2026.0,3b478ef528d3c8637c38ceecef83978847ce82418857866552470f8b3c55d145,https://upload.wikimedia.org/wikipedia/commons/b/bb/Technomyrmex_difficilis_casent0101078_profile_1.jpg,"harvester downscale, byte-identical",commons_original,False,1024,575,1.7809,142322,240.0,227.0,192.0,224.13,48.0,0.26954,0.07756,black_bar,found,140.0,0.1367,5.0,0.913,0.902,1,
casent0101079,Technomyrmex,dolichoderinae,Technomyrmex difficilis,April Nobile,commons,Syntype,"California Academy of Sciences, 2000-2008",train,p,data/images/Technomyrmex/casent0101079_p.jpg,True,2000.0,2008.0,ab5850ce2f31485c38dbed3a66088f69cd645664fe258d11a67a0c3c6e9e2ea1,https://upload.wikimedia.org/wikipedia/commons/9/94/Technomyrmex_difficilis_casent0101079_profile_1.jpg,"harvester downscale, byte-identical",commons_original,False,1024,546,1.8755,117957,163.0,155.0,131.0,176.71,32.0,0.15978,0.08254,black_bar,found,186.0,0.1816,5.0,0.894,0.908,1,
casent0101080,Technomyrmex,dolichoderinae,Technomyrmex difficilis,April Nobile,commons,,"California Academy of Sciences, 2000-2008",train,p,data/images/Technomyrmex/casent0101080_p.jpg,False,2000.0,2008.0,24373e89cb35cd72446216e236c7ba54e020f7ba69e8ffd073b95e3c52429904,https://upload.wikimedia.org/wikipedia/commons/b/b8/Technomyrmex_difficilis_casent0101080_profile_1.jpg,"harvester downscale, byte-identical",commons_original,False,1024,770,1.3299,201279,235.0,221.0,201.0,213.46,34.0,0.22877,0.05672,black_bar,found,225.0,0.2197,4.0,0.869,0.934,1,
casent0101083,Tapinoma,dolichoderinae,Tapinoma subtile,April Nobile,commons,Syntype,"California Academy of Sciences, 2000-2008",train,p,data/images/Tapinoma/casent0101083_p.jpg,True,2000.0,2008.0,df76c7329f3c47089e5e8377446c0329cedb14f715ab18ae16dc90aebda3f8ec,https://upload.wikimedia.org/wikipedia/commons/5/53/Tapinoma_subtile_casent0101083_profile_1.jpg,"harvester downscale, byte-identical",commons_original,False,1024,510,2.0078,122972,143.0,142.0,150.0,163.84,-7.0,0.00698,0.00376,black_bar,found,72.0,0.0703,5.0,0.92,0.889,1,
casent0101084,Tapinoma,dolichoderinae,Tapinoma subtile,April Nobile,commons,Syntype,"California Academy of Sciences, 2000-2008",train,p,data/images/Tapinoma/casent0101084_p.jpg,True,2000.0,2008.0,3255f11c054e05d5f556081b0ae158dc2cb76b54a7ac9d738fc158d7f1f50645,https://upload.wikimedia.org/wikipedia/commons/c/ce/Tapinoma_subtile_casent0101084_profile_1.jpg,"harvester downscale, byte-identical",commons_original,False,1024,591,1.7327,153825,227.0,224.0,216.0,204.56,11.0,0.08169,0.00312,black_bar,found,71.0,0.0693,5.0,0.92,0.904,1,
casent0101085,Tapinoma,dolichoderinae,Tapinoma subtile,April Nobile,commons,Syntype,"California Academy of Sciences, 2000-2008",train,p,data/images/Tapinoma/casent0101085_p.jpg,True,2000.0,2008.0,d4124201ec9e36126aa61323fb809ef23d63e1a616b70f397f72322b003c7bdd,https://upload.wikimedia.org/wikipedia/commons/f/f4/Tapinoma_subtile_casent0101085_profile_1.jpg,"harvester downscale, byte-identical",commons_original,False,1024,581,1.7625,129100,143.0,143.0,155.0,162.44,-12.0,0.00323,0.00233,black_bar,found,91.0,0.0889,5.0,0.924,0.906,1,
casent0101086,Aphaenogaster,myrmicinae,Aphaenogaster swammerdami,April Nobile,commons,Syntype,"California Academy of Sciences, 2000-2008",train,p,data/images/Aphaenogaster/casent0101086_p.jpg,True,2000.0,2008.0,9e2e10feba99fb4ae08eea399fb3ad373be5cab8321e5347170c8f05ce3150ce,https://upload.wikimedia.org/wikipedia/commons/0/02/Aphaenogaster_swammerdami_clara_casent0101086_profile_1.jpg,"harvester downscale, byte-identical",commons_original,False,1024,771,1.3281,148801,151.0,150.0,144.0,146.28,7.0,0.00425,0.00193,black_bar,found,201.0,0.1963,4.0,0.885,0.933,1,
casent0101087,Aphaenogaster,myrmicinae,Aphaenogaster swammerdami,April Nobile,gbif_cache,Syntype,"California Academy of Sciences, 2000-2008",train,p,data/images/Aphaenogaster/casent0101087_p.jpg,True,2000.0,2008.0,83f5e096bccf4328402a71e82e5ea7605939f987b55b38ca8598bda2a6fcf1b1,https://api.gbif.org/v1/image/cache/1024x1024/occurrence/865114667/media/86aef52f615083bb459fa8e501aef189,,gbif_cache,False,1024,1024,1.0,117196,167.0,163.0,161.0,160.67,6.0,0.0095,0.00241,black_bar,truncated,,,,0.926,0.937,1,
casent0101095,Camponotus,formicinae,Camponotus maculatus,April Nobile,commons,Lectotype,"California Academy of Sciences, 2000-2008",train,p,data/images/Camponotus/casent0101095_p.jpg,True,2000.0,2008.0,6fd545ab2c43067029ca6b2cb09e50933f747c84b2e2e8e70bbc987dc0bd06f4,https://upload.wikimedia.org/wikipedia/commons/4/4c/Camponotus_maculatus_casent0101095_profile_1.jpg,"harvester downscale, byte-identical",commons_original,False,1024,750,1.3653,185039,148.0,140.0,121.0,141.69,27.0,0.02845,0.01844,black_bar,found,122.0,0.1191,5.0,0.93,0.934,1,
casent0101096,Camponotus,formicinae,Camponotus maculatus,April Nobile,commons,,"California Academy of Sciences, 2000-2008",test,p,data/images/Camponotus/casent0101096_p.jpg,False,2000.0,2008.0,200067d4325874b25f16c34fa24f6dccca26ace264419cdc97be9a5b67f2f1c4,https://upload.wikimedia.org/wikipedia/commons/b/b2/Camponotus_maculatus_casent0101096_profile_1.jpg,"harvester downscale, byte-identical",commons_original,False,1024,639,1.6025,178549,156.0,149.0,127.0,147.67,29.0,0.06801,0.0316,black_bar,found,87.0,0.085,4.0,0.937,0.915,1,
casent0101100,Camponotus,formicinae,Camponotus maculatus,April Nobile,commons,Paralectotype,"California Academy of Sciences, 2000-2008",train,p,data/images/Camponotus/casent0101100_p.jpg,True,2000.0,2008.0,b22b9c71cdc0afdb3e8207277bb780c825d34454017cd200b8820e6a478196f5,https://upload.wikimedia.org/wikipedia/commons/c/c6/Camponotus_hova_becki_casent0101100_profile_1.jpg,"harvester downscale, byte-identical",commons_original,False,1024,771,1.3281,242382,152.0,145.0,117.0,152.88,35.0,0.05817,0.03142,black_bar,found,133.0,0.1299,4.0,0.917,0.934,1,
casent0101101,Camponotus,formicinae,Camponotus maculatus,April Nobile,commons,,"California Academy of Sciences, 2000-2008",train,p,data/images/Camponotus/casent0101101_p.jpg,False,2000.0,2008.0,ca024b55a0d21ff69369c016aa6a3813fdccd50f45612ec35a239f419f2527d4,https://upload.wikimedia.org/wikipedia/commons/6/6a/Camponotus_hova_becki_casent0101101_profile_1.jpg,"harvester downscale, byte-identical",commons_original,False,1024,694,1.4755,206727,178.0,172.0,163.0,171.28,15.0,0.14316,0.03617,black_bar,found,123.0,0.1201,4.0,0.875,0.932,1,
casent0101102,Camponotus,formicinae,Camponotus maculatus,April Nobile,commons,Lectotype,"California Academy of Sciences, 2000-2008",train,p,data/images/Camponotus/casent0101102_p.jpg,True,2000.0,2008.0,a1ce9db923d04f7588ee2e7ecacb7594f0459f6bbbe4aea48cd79e114fed4886,https://upload.wikimedia.org/wikipedia/commons/f/ff/Camponotus_hova_fairmairei_casent0101102_profile_1.jpg,"Commons server thumbnail, byte-identical",commons_thumbnail,True,1280,774,1.6537,196146,127.0,121.0,112.0,124.5,15.0,0.01252,0.01185,black_bar,found,255.0,0.1992,6.0,0.886,0.916,1,
casent0101103,Camponotus,formicinae,Camponotus cemeryi,April Nobile,gbif_cache,Lectotype,"California Academy of Sciences, 2000-2007",test,p,data/images/Camponotus/casent0101103_p.jpg,True,2000.0,2007.0,aa971bbed5e0f80ce012b0689616af47dd0ca4940a89b01a95cbc826a0b38ebd,https://api.gbif.org/v1/image/cache/1024x1024/occurrence/865114035/media/18085ad875151a16c425908d2c2b8140,,gbif_cache,False,1024,1024,1.0,145827,155.0,145.0,121.0,145.38,34.0,0.01192,0.00603,black_bar,truncated,,,,0.965,0.782,1,
casent0101104,Camponotus,formicinae,Camponotus cemeryi,April Nobile,gbif_cache,Paralectotype,"California Academy of Sciences, 2000-2007",train,p,data/images/Camponotus/casent0101104_p.jpg,True,2000.0,2007.0,e6aa5dcbc0311272ab36b946cb312f5e6d8652ee9de769a9f010ada5fa39a738,https://api.gbif.org/v1/image/cache/1024x1024/occurrence/865114063/media/0c3a4e94c2a2602417f6295a5fc69701,,gbif_cache,False,1024,1024,1.0,162482,149.0,139.0,115.0,159.75,34.0,0.00677,0.00419,black_bar,found,194.0,0.1895,8.0,0.843,0.769,1,
casent0101105,Camponotus,formicinae,Camponotus lubbocki,April Nobile,commons,Paralectotype,"California Academy of Sciences, 2000-2008",train,p,data/images/Camponotus/casent0101105_p.jpg,True,2000.0,2008.0,fb7c4e58b75dd4287fa1513f5eb3927feb032b28650f377999a233942290b378,https://upload.wikimedia.org/wikipedia/commons/f/f2/Camponotus_lubbocki_casent0101105_profile_1.jpg,"harvester downscale, byte-identical",commons_original,False,1024,646,1.5851,150054,180.0,183.0,186.0,176.63,-6.0,0.15813,0.05372,black_bar,found,212.0,0.207,5.0,0.883,0.913,1,
casent0101106,Camponotus,formicinae,Camponotus lubbocki,April Nobile,commons,Paralectotype,"California Academy of Sciences, 2000-2008",train,p,data/images/Camponotus/casent0101106_p.jpg,True,2000.0,2008.0,ef33f6c18bc1fee3c947e9b5d19bd476b7c4efc59e61e15a24d362c20a4965b1,https://upload.wikimedia.org/wikipedia/commons/d/dd/Camponotus_lubbocki_casent0101106_profile_1.jpg,"harvester downscale, byte-identical",commons_original,False,1024,612,1.6732,160910,191.0,192.0,195.0,188.06,-4.0,0.24189,0.09809,black_bar,found,167.0,0.1631,3.0,0.897,0.909,1,
casent0101107,Camponotus,formicinae,Camponotus dromedarius,April Nobile,commons,,"California Academy of Sciences, 2000-2007",train,p,data/images/Camponotus/casent0101107_p.jpg,False,2000.0,2007.0,e940211a9a61fcc6a46c372b983964f1bcd3896cbee2a8c054680ff8af3ef033,https://upload.wikimedia.org/wikipedia/commons/c/c2/Camponotus_dromedarius_casent0101107_profile_1.jpg,"harvester downscale, byte-identical",commons_original,False,1024,593,1.7268,136457,166.0,155.0,136.0,156.86,30.0,0.08227,0.04028,black_bar,found,126.0,0.123,5.0,0.638,0.861,1,
casent0101109,Camponotus,formicinae,Camponotus maculatus,April Nobile,gbif_cache,Paralectotype,"California Academy of Sciences, 2000-2007",test,p,data/images/Camponotus/casent0101109_p.jpg,True,2000.0,2007.0,c96cccb9f4a170db13c39844f76e5de0b9711bcc7461f6f61753e0b41661d292,https://api.gbif.org/v1/image/cache/1024x1024/occurrence/865114178/media/c66c9859cde1814f88762c4db0d8a888,,gbif_cache,False,1024,1024,1.0,154204,181.0,172.0,144.0,158.51,37.0,0.12455,0.03978,black_bar,found,138.0,0.1348,6.0,0.604,0.715,1,
casent0101110,Camponotus,formicinae,Camponotus maculatus,April Nobile,gbif_cache,Lectotype,"California Academy of Sciences, 2000-2007",test,p,data/images/Camponotus/casent0101110_p.jpg,True,2000.0,2007.0,bde845271d5c721dc5731e639abf01d0edf0330d082ef05442de09928feae6c5,https://api.gbif.org/v1/image/cache/1024x1024/occurrence/865114202/media/c26ce71082f40e19a670b84c78cd0b35,,gbif_cache,False,1024,1024,1.0,159599,169.0,160.0,133.0,153.81,36.0,0.05991,0.02245,black_bar,found,199.0,0.1943,6.0,0.71,0.865,1,
casent0101112,Camponotus,formicinae,Camponotus foersteri,April Nobile,commons,,"California Academy of Sciences, 2000-2007",train,p,data/images/Camponotus/casent0101112_p.jpg,False,2000.0,2007.0,a5a5862e26587a98e89c7d6afe9933aae572376738e419075cc3a952a149b2b8,https://upload.wikimedia.org/wikipedia/commons/3/33/Camponotus_pictipes_casent0101112_profile_1.jpg,"harvester downscale, byte-identical",commons_original,False,1024,660,1.5515,160998,186.0,215.0,209.0,202.2,-23.0,0.16841,0.06725,black_bar,found,149.0,0.1455,4.0,0.247,0.791,1,
casent0101113,Camponotus,formicinae,Camponotus radovae,April Nobile,commons,,"California Academy of Sciences, 2000-2007",test,p,data/images/Camponotus/casent0101113_p.jpg,False,2000.0,2007.0,00afb61bf981c49d3d41c85548f8701ba72e1639dbd7fc653ed267f1c2b167f3,https://upload.wikimedia.org/wikipedia/commons/c/c5/Camponotus_radovae_casent0101113_profile_1.jpg,"harvester downscale, byte-identical",commons_original,False,1024,771,1.3281,185764,138.0,132.0,111.0,129.35,27.0,0.06778,0.05011,black_bar,found,126.0,0.123,5.0,0.598,0.833,1,
casent0101114,Camponotus,formicinae,Camponotus radovae,April Nobile,commons,,"California Academy of Sciences, 2000-2007",train,p,data/images/Camponotus/casent0101114_p.jpg,False,2000.0,2007.0,047183881935c50d0dcf209c88cfdfe20a6e6d2323307d3f83be504592161536,https://upload.wikimedia.org/wikipedia/commons/f/fc/Camponotus_radovae_casent0101114_profile_1.jpg,"harvester downscale, byte-identical",commons_original,False,1024,609,1.6814,161309,158.0,149.0,128.0,154.25,30.0,0.12867,0.07602,black_bar,found,140.0,0.1367,4.0,0.584,0.811,1,
casent0101115,Camponotus,formicinae,Camponotus radovae,April Nobile,commons,,"California Academy of Sciences, 2000-2007",train,p,data/images/Camponotus/casent0101115_p.jpg,False,2000.0,2007.0,53ee47a34c4c0a1860491e7eb5511ea6e24d07e9eea028609011414c54655526,https://upload.wikimedia.org/wikipedia/commons/4/4c/Camponotus_radovae_radovaedarwinii_casent0101115_profile_1.jpg,"harvester downscale, byte-identical",commons_original,False,1024,771,1.3281,214160,169.0,130.0,104.0,149.76,65.0,0.17569,0.13463,black_bar,found,169.0,0.165,4.0,0.516,0.923,1,
casent0101116,Camponotus,formicinae,Camponotus imitator,April Nobile,commons,Paralectotype,"California Academy of Sciences, 2000-2007",train,p,data/images/Camponotus/casent0101116_p.jpg,True,2000.0,2007.0,fbcfd5e4933c8d22764ed4f07422935b67c896f3c1c253894fcfa66befb4f485,https://upload.wikimedia.org/wikipedia/commons/d/d2/Camponotus_imitator_casent0101116_profile_1.jpg,"harvester downscale, byte-identical",commons_original,False,1024,771,1.3281,193394,139.0,132.0,111.0,136.09,28.0,0.05794,0.04678,black_bar,found,133.0,0.1299,4.0,0.3,0.873,1,
casent0101117,Camponotus,formicinae,Camponotus imitator,April Nobile,commons,Lectotype,"California Academy of Sciences, 2000-2008",train,p,data/images/Camponotus/casent0101117_p.jpg,True,2000.0,2008.0,c74609ca0db07d76e14dae4c682307c89678d3a27efc2bae2380afbcd526f29a,https://upload.wikimedia.org/wikipedia/commons/2/2b/Camponotus_imitator_resinicola_casent0101117_profile_1.jpg,"harvester downscale, byte-identical",commons_original,False,1024,740,1.3838,212602,152.0,144.0,132.0,145.18,20.0,0.06199,0.03805,black_bar,found,139.0,0.1357,5.0,0.922,0.925,1,
casent0101118,Camponotus,formicinae,Camponotus imitator,April Nobile,commons,Paralectotype,"California Academy of Sciences, 2000-2008",test,p,data/images/Camponotus/casent0101118_p.jpg,True,2000.0,2008.0,73f41986553beeccfd2f0dd9062c77875a0d6fc3c5e7c02854b4c853a2bba687,https://upload.wikimedia.org/wikipedia/commons/0/0d/Camponotus_imitator_resinicola_casent0101118_profile_1.jpg,"harvester downscale, byte-identical",commons_original,False,1024,771,1.3281,194048,136.0,141.0,128.0,139.82,8.0,0.07047,0.0486,black_bar,found,123.0,0.1201,4.0,0.925,0.938,1,
casent0101119,Camponotus,formicinae,Camponotus imitator,April Nobile,commons,Paralectotype,"California Academy of Sciences, 2000-2008",test,p,data/images/Camponotus/casent0101119_p.jpg,True,2000.0,2008.0,183e4c4cb6d62deff6c2861d55e157ae4903a97746b8cb4ca0166562eef18873,https://upload.wikimedia.org/wikipedia/commons/e/e9/Camponotus_imitator_resinicola_casent0101119_profile_1.jpg,"harvester downscale, byte-identical",commons_original,False,1024,771,1.3281,201036,138.0,142.0,130.0,138.08,8.0,0.0754,0.05208,thin_line,found,134.0,0.1309,3.0,0.925,0.941,0,
casent0101120,Camponotus,formicinae,Camponotus grandidieri,April Nobile,commons,Paralectotype,"California Academy of Sciences, 2000-2007",train,p,data/images/Camponotus/casent0101120_p.jpg,True,2000.0,2007.0,f882d041ce58b1586ba0d877bb8fe9407cea37a1e55bc5bfa91fee07e466a359,https://upload.wikimedia.org/wikipedia/commons/a/a6/Camponotus_grandidieri_casent0101120_profile_1.jpg,"Commons server thumbnail, byte-identical",commons_thumbnail,True,1280,754,1.6976,270715,158.0,150.0,131.0,175.55,27.0,0.14251,0.07976,black_bar,found,172.0,0.1344,6.0,0.864,0.797,1,
casent0101121,Camponotus,formicinae,Camponotus grandidieri,April Nobile,commons,Lectotype,"California Academy of Sciences, 2000-2007",train,p,data/images/Camponotus/casent0101121_p.jpg,True,2000.0,2007.0,fcb1be4deb11e9e172ddca6a8f3d2377f4432c8450eed7bee7007c45553d2298,https://upload.wikimedia.org/wikipedia/commons/6/65/Camponotus_grandidieri_casent0101121_profile_1.jpg,"harvester downscale, byte-identical",commons_original,False,1024,660,1.5515,190485,154.0,147.0,125.0,178.35,29.0,0.11984,0.07466,black_bar,found,208.0,0.2031,4.0,0.683,0.708,1,
casent0101122,Camponotus,formicinae,Camponotus grandidieri,April Nobile,commons,Lectotype,"California Academy of Sciences, 2000-2008",train,p,data/images/Camponotus/casent0101122_p.jpg,True,2000.0,2008.0,206faab3b38eeb9967e0ea68d33551e8a9e75c58c65a474dabf271951b43b937,https://upload.wikimedia.org/wikipedia/commons/d/d8/Camponotus_grandidieri_atrabilis_casent0101122_profile_1.jpg,"harvester downscale, byte-identical",commons_original,False,1024,717,1.4282,240459,138.0,130.0,108.0,158.85,30.0,0.10708,0.08789,black_bar,found,150.0,0.1465,6.0,0.917,0.926,1,
casent0101123,Camponotus,formicinae,Camponotus grandidieri,April Nobile,commons,Paralectotype,"California Academy of Sciences, 2000-2007",train,p,data/images/Camponotus/casent0101123_p.jpg,True,2000.0,2007.0,5e85bff0b1e144082551389b484889abe04028c0d9b427662faf2a9e7926456e,https://upload.wikimedia.org/wikipedia/commons/5/54/Camponotus_grandidieri_atrabilis_casent0101123_profile_1.jpg,"harvester downscale, byte-identical",commons_original,False,1024,669,1.5306,185734,135.0,127.0,108.0,132.6,27.0,0.11605,0.10346,black_bar,found,156.0,0.1523,4.0,0.522,0.783,1,
casent0101128,Cardiocondyla,myrmicinae,Cardiocondyla cristata,April Nobile,commons,,"California Academy of Sciences, 2000-2008",train,p,data/images/Cardiocondyla/casent0101128_p.jpg,False,2000.0,2008.0,52a8a48d47b5cf363e0e534ea73f4b8eeea0a0eba13845e8f7542527ee0ae31d,https://upload.wikimedia.org/wikipedia/commons/b/b5/Cardiocondyla_cristata_casent0101128_profile_1.jpg,"harvester downscale, byte-identical",commons_original,False,808,808,1.0,196030,185.0,156.0,109.0,149.16,76.0,0.01129,0.0048,black_bar,found,265.0,0.328,5.0,0.77,0.872,1,
casent0101129,Cardiocondyla,myrmicinae,Cardiocondyla emeryi,April Nobile,commons,,"California Academy of Sciences, 2000-2007",train,p,data/images/Cardiocondyla/casent0101129_p.jpg,False,2000.0,2007.0,f58ab69e1d60d608af38c8d7ab4e8365d4279cb70f337937145dcacf2a8638e8,https://upload.wikimedia.org/wikipedia/commons/2/2c/Cardiocondyla_emeryi_casent0101129_profile_1.jpg,"harvester downscale, byte-identical",commons_original,False,1024,616,1.6623,136942,160.0,139.0,107.0,144.65,53.0,0.05467,0.02822,black_bar,found,60.0,0.0586,4.0,0.884,0.748,1,
casent0101130,Leptogenys,ponerinae,Leptogenys acutirostris,April Nobile,commons,Holotype,"California Academy of Sciences, 2000-2008",test,p,data/images/Leptogenys/casent0101130_p.jpg,True,2000.0,2008.0,90be85a29e868d60767f5350bf0ac00ef724bb6aa17c0d6eb1ab1dabb37bd6ec,https://upload.wikimedia.org/wikipedia/commons/0/01/Leptogenys_acutirostris_casent0101130_profile_1.jpg,"harvester downscale, byte-identical",commons_original,False,1024,728,1.4066,155339,159.0,154.0,136.0,153.94,23.0,0.13888,0.07145,black_bar,found,127.0,0.124,4.0,0.873,0.924,1,
casent0101131,Leptogenys,ponerinae,Leptogenys alluaudi,April Nobile,commons,,"California Academy of Sciences, 2000-2008",train,p,data/images/Leptogenys/casent0101131_p.jpg,False,2000.0,2008.0,b11d951e1016a6710ab23b8c18e07e1d3fb07e66e04ef51ef7f4da19be853e3c,https://upload.wikimedia.org/wikipedia/commons/5/53/Leptogenys_alluaudi_casent0101131_profile_1.jpg,"harvester downscale, byte-identical",commons_original,False,1024,510,2.0078,130154,144.0,140.0,130.0,141.32,14.0,0.13294,0.08942,black_bar,found,94.0,0.0918,4.0,0.941,0.908,1,
casent0101132,Leptogenys,ponerinae,Leptogenys arcirostris,April Nobile,commons,Holotype,"California Academy of Sciences, 2000-2008",train,p,data/images/Leptogenys/casent0101132_p.jpg,True,2000.0,2008.0,4ae60b31c0418c8eece94e6fa60dbb84fd41bc14d3f3d388f180c30d59e98378,https://upload.wikimedia.org/wikipedia/commons/c/c4/Leptogenys_arcirostris_casent0101132_profile_1.jpg,"Commons server thumbnail, pixel-identical",commons_thumbnail,True,1280,740,1.7297,179816,139.0,137.0,128.0,143.36,11.0,0.07894,0.05617,black_bar,found,169.0,0.132,5.0,0.921,0.922,1,
casent0101133,Leptogenys,ponerinae,Leptogenys truncatirostris,April Nobile,commons,,"California Academy of Sciences, 2000-2007",train,p,data/images/Leptogenys/casent0101133_p.jpg,False,2000.0,2007.0,a45c307380af9ded7ca1eeedde5649002cd8a8eca6406a768d2c932f38859b60,https://upload.wikimedia.org/wikipedia/commons/e/ec/Leptogenys_truncatirostris_casent0101133_profile_1.jpg,"harvester downscale, byte-identical",commons_original,False,1024,622,1.6463,157330,164.0,157.0,136.0,157.2,28.0,0.08689,0.03363,black_bar,found,126.0,0.123,4.0,0.267,0.696,1,
casent0101137,Mystrium,amblyoponinae,Mystrium voeltzkowi,April Nobile,commons,Paralectotype,"California Academy of Sciences, 2000-2007",test,p,data/images/Mystrium/casent0101137_p.jpg,True,2000.0,2007.0,ee4792b67f828427b3bf64c92de6c7679014a4e0fcee6d5800ad29fb56b5eb4a,https://upload.wikimedia.org/wikipedia/commons/8/84/Mystrium_voeltzkowi_casent0101137_profile_1.jpg,"harvester downscale, byte-identical",commons_original,False,1024,435,2.354,110277,150.0,141.0,120.0,142.94,30.0,0.07481,0.05159,black_bar,found,95.0,0.0928,4.0,0.715,0.756,1,
casent0101138,Tetramorium,myrmicinae,Tetramorium kelleri,April Nobile,commons,,"California Academy of Sciences, 2000-2012",train,p,data/images/Tetramorium/casent0101138_p.jpg,False,2000.0,2012.0,12870b0aa3ec00b0250a1758cd6e839aad5056649312186ee7111a8b5fcec1bf,https://upload.wikimedia.org/wikipedia/commons/f/f4/Tetramorium_kelleri_casent0101138_profile_1.jpg,"harvester downscale, byte-identical",commons_original,False,1024,483,2.1201,129355,157.0,148.0,124.0,154.24,33.0,0.01352,0.00314,none,not_found,,,,,,0,
casent0101139,Tetramorium,myrmicinae,Tetramorium sikorae,April Nobile,commons,,"California Academy of Sciences, 2000-2008",test,p,data/images/Tetramorium/casent0101139_p.jpg,False,2000.0,2008.0,ddf5863f22b470b7da8ede68bf6d87e24ce7ec178ba4d4d3211a5b3449f112c7,https://upload.wikimedia.org/wikipedia/commons/2/25/Tetramorium_sikorae_casent0101139_profile_1.jpg,"harvester downscale, byte-identical",commons_original,False,1024,659,1.5539,194641,218.0,186.0,159.0,188.84,59.0,0.13,0.01116,black_bar,found,237.0,0.2314,4.0,0.391,0.909,1,
casent0101140,Tetramorium,myrmicinae,Tetramorium sikorae,April Nobile,commons,Syntype,"California Academy of Sciences, 2000-2008",train,p,data/images/Tetramorium/casent0101140_p.jpg,True,2000.0,2008.0,34e1170d900812c9ff516327eb20c7f921f0b374ec25a4c6bda4e1161caff9b5,https://upload.wikimedia.org/wikipedia/commons/8/82/Tetramorium_sikorae_casent0101140_profile_1.jpg,"harvester downscale, byte-identical",commons_original,False,1024,420,2.4381,78692,154.0,147.0,128.0,165.92,26.0,0.04638,0.0157,black_bar,found,176.0,0.1719,4.0,0.886,0.857,1,
casent0101141,Tetramorium,myrmicinae,Tetramorium sikorae,April Nobile,commons,Syntype,"California Academy of Sciences, 2000-2007",train,p,data/images/Tetramorium/casent0101141_p.jpg,True,2000.0,2007.0,317a6b7743256a59f3006b19cb664f4c2bd65b6a38e48a34ae63eef19933a7d1,https://upload.wikimedia.org/wikipedia/commons/6/6f/Tetramorium_sikorae_casent0101141_profile_1.jpg,"harvester downscale, byte-identical",commons_original,False,1024,600,1.7067,142424,234.0,185.0,122.0,201.18,112.0,0.07265,0.00505,black_bar,found,229.0,0.2236,4.0,0.583,0.758,1,
casent0101142,Tetramorium,myrmicinae,Tetramorium sikorae,April Nobile,commons,Syntype,"California Academy of Sciences, 2000-2007",train,p,data/images/Tetramorium/casent0101142_p.jpg,True,2000.0,2007.0,bc112abad64c5860f185d99bba5b6b08f49a497a36fee0b6cef1b00a5b4e947e,https://upload.wikimedia.org/wikipedia/commons/5/54/Tetramorium_sikorae_casent0101142_profile_1.jpg,"harvester downscale, byte-identical",commons_original,False,1024,629,1.628,153202,233.0,208.0,166.0,191.23,67.0,0.16006,0.00598,black_bar,found,214.0,0.209,5.0,0.497,0.85,1,
casent0101143,Tetramorium,myrmicinae,Tetramorium sikorae,April Nobile,commons,Syntype,"California Academy of Sciences, 2000-2008",train,p,data/images/Tetramorium/casent0101143_p.jpg,True,2000.0,2008.0,4eae53a160c37f13626b6520c8c8f37f1efe24535694586cba0ffcd90586765a,https://upload.wikimedia.org/wikipedia/commons/4/46/Tetramorium_sikorae_casent0101143_profile_1.jpg,"harvester downscale, byte-identical",commons_original,False,1024,417,2.4556,86402,134.0,124.0,106.0,158.38,28.0,0.04277,0.03427,black_bar,found,173.0,0.1689,4.0,0.901,0.859,1,
casent0101144,Tetramorium,myrmicinae,Tetramorium sikorae,April Nobile,commons,Syntype,"California Academy of Sciences, 2000-2008",train,p,data/images/Tetramorium/casent0101144_p.jpg,True,2000.0,2008.0,485f534dc95b0bae643d1d5aedd06f78f143657f4b1ce296901240d9a991d7d5,https://upload.wikimedia.org/wikipedia/commons/0/0c/Tetramorium_sikorae_casent0101144_profile_1.jpg,"harvester downscale, byte-identical",commons_original,False,1024,505,2.0277,140293,216.0,181.0,115.0,177.09,101.0,0.0475,0.00479,black_bar,found,191.0,0.1865,4.0,0.874,0.879,1,
casent0101145,Tetramorium,myrmicinae,Tetramorium bessonii,April Nobile,commons,,"California Academy of Sciences, 2000-2007",train,p,data/images/Tetramorium/casent0101145_p.jpg,False,2000.0,2007.0,871ac9bd5debe1054b697fa7644447fa1686af6c0370fc2d7eda7084860d0b5f,https://upload.wikimedia.org/wikipedia/commons/2/2a/Tetramorium_bessonii_casent0101145_profile_1.jpg,"harvester downscale, byte-identical",commons_original,False,1024,771,1.3281,199512,156.0,135.0,108.0,157.22,48.0,0.05458,0.02956,black_bar,found,168.0,0.1641,4.0,0.275,0.877,1,
casent0101146,Tetramorium,myrmicinae,Tetramorium xanthogaster,April Nobile,commons,Holotype,"California Academy of Sciences, 2000-2007",test,p,data/images/Tetramorium/casent0101146_p.jpg,True,2000.0,2007.0,3b1b954565ff0d02db5ba994ac74979c6cb82e26b5fa0bbf4e69d45a1d882ced,https://upload.wikimedia.org/wikipedia/commons/3/33/Tetramorium_xanthogaster_casent0101146_profile_1.jpg,"harvester downscale, byte-identical",commons_original,False,1024,771,1.3281,197592,135.0,134.0,110.0,149.96,25.0,0.05014,0.03587,black_bar,found,228.0,0.2227,4.0,0.349,0.898,1,
casent0101147,Tetramorium,myrmicinae,Tetramorium degener,Cerise Chen,commons,Holotype,"California Academy of Sciences, 2000-2012",test,p,data/images/Tetramorium/casent0101147_p.jpg,True,2000.0,2012.0,0465c5a995415b5351647d695d5b5a301c0dc64af078baa5975d167571ccd78e,https://upload.wikimedia.org/wikipedia/commons/b/b9/Tetramorium_ranarum_casent0101147_profile_1.jpg,"harvester downscale, byte-identical",commons_original,False,1024,705,1.4525,175100,223.0,202.0,127.0,189.39,96.0,0.15907,0.038,black_bar,found,232.0,0.2266,4.0,0.846,0.721,1,
casent0101148,Hypoponera,ponerinae,Hypoponera madecassa,April Nobile,commons,Syntype,"California Academy of Sciences, 2000-2008",train,p,data/images/Hypoponera/casent0101148_p.jpg,True,2000.0,2008.0,cd41b9da163858d5f84ee14139e33a98fe8c4f88058239771cdf830b68a9f57d,https://upload.wikimedia.org/wikipedia/commons/9/99/Hypoponera_madecassa_casent0101148_profile_1.jpg,"Commons server thumbnail, byte-identical",commons_thumbnail,True,1280,567,2.2575,183410,183.0,160.0,131.0,170.1,52.0,0.089,0.03034,black_bar,found,184.0,0.1437,5.0,0.92,0.899,1,
casent0101154,Tetraponera,pseudomyrmecinae,Tetraponera mandibularis,April Nobile,commons,,"California Academy of Sciences, 2000-2007",train,p,data/images/Tetraponera/casent0101154_p.jpg,False,2000.0,2007.0,71846632a5a1f1f53413f337f42edebb93252cdcecc6f97ddbfd9a23b816e5f0,https://upload.wikimedia.org/wikipedia/commons/5/5f/Tetraponera_flexuosa_casent0101154_profile_1.jpg,"harvester downscale, byte-identical",commons_original,False,1024,429,2.3869,111875,160.0,152.0,133.0,157.88,27.0,0.10569,0.06551,black_bar,found,140.0,0.1367,4.0,0.76,0.748,1,
casent0101155,Tetraponera,pseudomyrmecinae,Tetraponera mandibularis,April Nobile,commons,,"California Academy of Sciences, 2000-2008",train,p,data/images/Tetraponera/casent0101155_p.jpg,False,2000.0,2008.0,28f29e6f3e626b596c0bc2ba395cd2caf539670b316d96c17b8dcaf7e8061089,https://upload.wikimedia.org/wikipedia/commons/2/2b/Tetraponera_flexuosa_casent0101155_profile_1.jpg,"harvester downscale, byte-identical",commons_original,False,1024,467,2.1927,134322,227.0,214.0,205.0,190.25,22.0,0.18439,0.06246,black_bar,found,140.0,0.1367,4.0,0.889,0.882,1,
casent0101156,Hypoponera,ponerinae,Hypoponera grandidieri,April Nobile,commons,,"California Academy of Sciences, 2000-2008",train,p,data/images/Hypoponera/casent0101156_p.jpg,False,2000.0,2008.0,a219e75be24c597f9159e2a901b59d44a7a51895ebe9ed88658ce2d99fec498b,https://upload.wikimedia.org/wikipedia/commons/0/06/Hypoponera_grandidieri_casent0101156_profile_1.jpg,"harvester downscale, byte-identical",commons_original,False,1024,567,1.806,129958,154.0,151.0,140.0,170.36,14.0,0.01005,0.00461,black_bar,found,194.0,0.1895,4.0,0.869,0.905,1,
casent0101157,Hypoponera,ponerinae,Hypoponera grandidieri,April Nobile,commons,Syntype,"California Academy of Sciences, 2000-2008",train,p,data/images/Hypoponera/casent0101157_p.jpg,True,2000.0,2008.0,84feba8444c8d8b6f3aa187f7d35d019a49f2263f29890f207c0c8ace8a72af5,https://upload.wikimedia.org/wikipedia/commons/3/3b/Hypoponera_grandidieri_casent0101157_profile_1.jpg,"harvester downscale, byte-identical",commons_original,False,1024,574,1.784,143267,130.0,133.0,143.0,150.88,-13.0,0.0054,0.00431,black_bar,found,210.0,0.2051,5.0,0.869,0.902,1,
casent0101160,Crematogaster,myrmicinae,Crematogaster lobata,April Nobile,commons,Lectotype,"California Academy of Sciences, 2000-2007",train,p,data/images/Crematogaster/casent0101160_p.jpg,True,2000.0,2007.0,48b03591e661960a059df799c262d871e201834a7de5002af2fb307b8542c499,https://upload.wikimedia.org/wikipedia/commons/4/4e/Crematogaster_lobata_pacifica_casent0101160_profile_1.jpg,"harvester downscale, byte-identical",commons_original,False,1024,560,1.8286,155307,214.0,196.0,154.0,183.21,60.0,0.26131,0.0828,black_bar,found,132.0,0.1289,5.0,0.865,0.787,1,
casent0101161,Crematogaster,myrmicinae,Crematogaster agnetis,April Nobile,commons,,"California Academy of Sciences, 2000-2007",train,p,data/images/Crematogaster/casent0101161_p.jpg,False,2000.0,2007.0,9ee401b8da29c348dd119ad14e16e25649639df1b3f64e319049c4c8b66f49d8,https://upload.wikimedia.org/wikipedia/commons/0/0e/Crematogaster_agnetis_casent0101161_profile_1.jpg,"harvester downscale, byte-identical",commons_original,False,1024,614,1.6678,134814,149.0,142.0,121.0,166.81,28.0,0.10496,0.06169,black_bar,found,146.0,0.1426,4.0,0.795,0.814,1,
casent0101162,Crematogaster,myrmicinae,Crematogaster ranavalonae,April Nobile,commons,,"California Academy of Sciences, 2000-2007",train,p,data/images/Crematogaster/casent0101162_p.jpg,False,2000.0,2007.0,a0339796efa4b376a12005010ffbb2056403f8acd8920821e535eab3448150df,https://upload.wikimedia.org/wikipedia/commons/9/96/Crematogaster_inops_casent0101162_profile_1.jpg,"harvester downscale, byte-identical",commons_original,False,1024,540,1.8963,143550,132.0,126.0,105.0,147.12,27.0,0.13929,0.12427,black_bar,found,132.0,0.1289,5.0,0.757,0.851,1,
casent0101163,Crematogaster,myrmicinae,Crematogaster ranavalonae,April Nobile,commons,Syntype,"California Academy of Sciences, 2000-2008",train,p,data/images/Crematogaster/casent0101163_p.jpg,True,2000.0,2008.0,6260fd5e79cd50acb488bf67ee1675171bc0f926c2d82806909dfaaf30f716e6,https://upload.wikimedia.org/wikipedia/commons/e/e9/Crematogaster_inops_casent0101163_profile_1.jpg,"harvester downscale, byte-identical",commons_original,False,1024,664,1.5422,171032,157.0,152.0,135.0,176.51,22.0,0.08173,0.02745,black_bar,found,132.0,0.1289,4.0,0.924,0.917,1,
casent0101164,Crematogaster,myrmicinae,Crematogaster ranavalonae,April Nobile,commons,,"California Academy of Sciences, 2000-2008",train,p,data/images/Crematogaster/casent0101164_p.jpg,False,2000.0,2008.0,7cbf364e049cfcb411880c309a871fa1d9c5628f8388d8d5627ed5931ba2c55c,https://upload.wikimedia.org/wikipedia/commons/2/23/Crematogaster_inops_casent0101164_profile_1.jpg,"harvester downscale, byte-identical",commons_original,False,1024,771,1.3281,217310,221.0,185.0,125.0,176.64,96.0,0.15989,0.03117,black_bar,found,145.0,0.1416,5.0,0.888,0.915,1,
casent0101165,Crematogaster,myrmicinae,Crematogaster ranavalonae,April Nobile,commons,,"California Academy of Sciences, 2000-2007",train,p,data/images/Crematogaster/casent0101165_p.jpg,False,2000.0,2007.0,6b10d9bc979612339b81a77158fd52e122dc0e3afac44caa9475753e5b983c5e,https://upload.wikimedia.org/wikipedia/commons/7/7a/Crematogaster_descarpentriesi_casent0101165_profile_1.jpg,"harvester downscale, byte-identical",commons_original,False,1024,648,1.5802,167513,132.0,124.0,103.0,152.35,29.0,0.16065,0.15033,black_bar,found,169.0,0.165,5.0,0.722,0.811,1,
casent0101166,Crematogaster,myrmicinae,Crematogaster ranavalonae,April Nobile,commons,,"California Academy of Sciences, 2000-2007",train,p,data/images/Crematogaster/casent0101166_p.jpg,False,2000.0,2007.0,c8a08040a94f8f5d9465367464279973c6ce1d31a99864d16cf591f7a60211fd,https://upload.wikimedia.org/wikipedia/commons/d/d6/Crematogaster_descarpentriesi_casent0101166_profile_1.jpg,"harvester downscale, byte-identical",commons_original,False,1024,615,1.665,176701,224.0,212.0,173.0,190.77,51.0,0.20577,0.03863,black_bar,found,125.0,0.1221,4.0,0.392,0.709,1,
casent0101167,Crematogaster,myrmicinae,Crematogaster ranavalonae,April Nobile,commons,,"California Academy of Sciences, 2000-2007",train,p,data/images/Crematogaster/casent0101167_p.jpg,False,2000.0,2007.0,f36d4902eb3f658c58138be88c69f77e5c91f958d7d84a1c3eeed6b3a2cd4b95,https://upload.wikimedia.org/wikipedia/commons/8/80/Crematogaster_descarpentriesi_casent0101167_profile_1.jpg,"Commons server thumbnail, byte-identical",commons_thumbnail,True,1280,727,1.7607,201099,149.0,142.0,119.0,160.35,30.0,0.10844,0.05674,black_bar,found,171.0,0.1336,5.0,0.678,0.83,1,
casent0101168,Crematogaster,myrmicinae,Crematogaster ranavalonae,April Nobile,commons,,"California Academy of Sciences, 2000-2007",train,p,data/images/Crematogaster/casent0101168_p.jpg,False,2000.0,2007.0,b644b963f880d10738772e29430a84cc6f8117ef473bec0c2c09bac3aa54ffbb,https://upload.wikimedia.org/wikipedia/commons/6/63/Crematogaster_descarpentriesi_casent0101168_profile_1.jpg,"harvester downscale, byte-identical",commons_original,False,1024,589,1.7385,150487,219.0,196.0,151.0,172.69,68.0,0.2088,0.05959,black_bar,found,143.0,0.1396,4.0,0.909,0.896,1,
casent0101169,Crematogaster,myrmicinae,Crematogaster ranavalonae,April Nobile,commons,Syntype,"California Academy of Sciences, 2000-2008",test,p,data/images/Crematogaster/casent0101169_p.jpg,True,2000.0,2008.0,5f749990fdcc3fdc511e84549d85bbb666b8341f9803b1c4eb241e562728d4a7,https://upload.wikimedia.org/wikipedia/commons/c/c9/Crematogaster_descarpentriesi_casent0101169_profile_1.jpg,"harvester downscale, byte-identical",commons_original,False,1024,757,1.3527,197480,121.0,123.0,115.0,149.45,6.0,0.08566,0.0838,black_bar,found,280.0,0.2734,5.0,0.848,0.931,1,
casent0101171,Crematogaster,myrmicinae,Crematogaster degeeri,April Nobile,commons,,"California Academy of Sciences, 2000-2007",train,p,data/images/Crematogaster/casent0101171_p.jpg,False,2000.0,2007.0,f444cbb22bf81684227af37209e5537f76156458e1e85f05973a852ea9ef55c4,https://upload.wikimedia.org/wikipedia/commons/b/b5/Crematogaster_degeeri_casent0101171_profile_1.jpg,"harvester downscale, byte-identical",commons_original,False,1024,550,1.8618,152073,236.0,220.0,183.0,217.77,53.0,0.17894,0.01676,black_bar,found,146.0,0.1426,4.0,0.641,0.767,1,
casent0101172,Crematogaster,myrmicinae,Crematogaster degeeri,April Nobile,commons,,"California Academy of Sciences, 2000-2007",train,p,data/images/Crematogaster/casent0101172_p.jpg,False,2000.0,2007.0,c4141c73e699c2ccd0391e6d2d933a9e1064e3af4a2424d460b6b863e51e73d5,https://upload.wikimedia.org/wikipedia/commons/a/a0/Crematogaster_degeeri_casent0101172_profile_1.jpg,"harvester downscale, byte-identical",commons_original,False,1024,598,1.7124,191740,224.0,213.0,175.0,190.2,49.0,0.3463,0.1124,black_bar,found,168.0,0.1641,4.0,0.842,0.819,1,
casent0101173,Crematogaster,myrmicinae,Crematogaster degeeri,April Nobile,commons,,"California Academy of Sciences, 2000-2007",train,p,data/images/Crematogaster/casent0101173_p.jpg,False,2000.0,2007.0,51c1eaa9e460c5b20c69945aa64fc109ff30acd9bd6ceee90214a1da0a683bfb,https://upload.wikimedia.org/wikipedia/commons/5/5a/Crematogaster_degeeri_casent0101173_profile_1.jpg,"harvester downscale, byte-identical",commons_original,False,1024,543,1.8858,150392,141.0,134.0,114.0,161.58,27.0,0.07517,0.04612,black_bar,found,148.0,0.1445,5.0,0.341,0.75,1,
casent0101174,Crematogaster,myrmicinae,Crematogaster degeeri,April Nobile,commons,Lectotype,"California Academy of Sciences, 2000-2008",test,p,data/images/Crematogaster/casent0101174_p.jpg,True,2000.0,2008.0,0c2f26f5cf7cb103f6e010af81ebbeea43c6cd95350a3f7c3e924adada7c59eb,https://upload.wikimedia.org/wikipedia/commons/2/22/Crematogaster_degeeri_lunaris_casent0101174_profile_1.jpg,"harvester downscale, byte-identical",commons_original,False,1024,491,2.0855,127725,161.0,155.0,136.0,175.01,25.0,0.13274,0.06795,black_bar,found,133.0,0.1299,4.0,0.292,0.788,1,
casent0101175,Camponotus,formicinae,Camponotus repens,April Nobile,commons,Paralectotype,"California Academy of Sciences, 2000-2007",train,p,data/images/Camponotus/casent0101175_p.jpg,True,2000.0,2007.0,a7341d7ad589d5935a3f9389c9776c64a625aeaee7c549228bc2517d6ac2856e,https://upload.wikimedia.org/wikipedia/commons/d/dd/Camponotus_repens_casent0101175_profile_1.jpg,"harvester downscale, byte-identical",commons_original,False,1024,564,1.8156,161902,146.0,142.0,120.0,170.31,26.0,0.06141,0.03391,black_bar,found,141.0,0.1377,4.0,0.259,0.798,1,
casent0101176,Camponotus,formicinae,Camponotus ethicus,April Nobile,commons,Paralectotype,"California Academy of Sciences, 2000-2007",train,p,data/images/Camponotus/casent0101176_p.jpg,True,2000.0,2007.0,3be098b19520684efd394801c0f3cb31dac44c926bb376bf78a8054d80440220,https://upload.wikimedia.org/wikipedia/commons/c/ce/Camponotus_ethicus_casent0101176_profile_1.jpg,"Commons server thumbnail, byte-identical",commons_thumbnail,True,1280,798,1.604,227705,137.0,131.0,113.0,130.75,24.0,0.1186,0.09392,black_bar,found,118.0,0.0922,5.0,0.291,0.879,1,
casent0101178,Camponotus,formicinae,Camponotus cervicalis,April Nobile,commons,Lectotype,"California Academy of Sciences, 2000-2007",train,p,data/images/Camponotus/casent0101178_p.jpg,True,2000.0,2007.0,d7e9a843ade19c9d671f03f624d1d70cfcc5f03e3b2fd5fe95e38a6706e5e916,https://upload.wikimedia.org/wikipedia/commons/f/ff/Camponotus_cervicalis_casent0101178_profile_1.jpg,"harvester downscale, byte-identical",commons_original,False,1024,771,1.3281,201687,143.0,137.0,115.0,133.85,28.0,0.01932,0.0113,black_bar,found,86.0,0.084,4.0,0.467,0.792,1,
casent0101179,Camponotus,formicinae,Camponotus cervicalis,April Nobile,commons,Lectotype,"California Academy of Sciences, 2000-2007",train,p,data/images/Camponotus/casent0101179_p.jpg,True,2000.0,2007.0,48008c4f54eb51cbe58720d3723ae6e3f04847e6124bafcd15bd00fa74a9c2bf,https://upload.wikimedia.org/wikipedia/commons/4/41/Camponotus_cervicalis_gaullei_casent0101179_profile_1.jpg,"harvester downscale, byte-identical",commons_original,False,1024,688,1.4884,193656,137.0,131.0,111.0,128.84,26.0,0.05907,0.04271,black_bar,found,95.0,0.0928,4.0,0.814,0.872,1,
casent0101180,Camponotus,formicinae,Camponotus cervicalis,April Nobile,commons,,"California Academy of Sciences, 2000-2008",train,p,data/images/Camponotus/casent0101180_p.jpg,False,2000.0,2008.0,c52b96998f6d8202f1bad598fc85fdaf3e99cf6daf7634863d69ea92cc716d09,https://upload.wikimedia.org/wikipedia/commons/c/c0/Camponotus_cervicalis_gaullei_casent0101180_profile_1.jpg,"harvester downscale, byte-identical",commons_original,False,1024,771,1.3281,205007,127.0,121.0,111.0,122.05,16.0,0.01657,0.01572,black_bar,found,95.0,0.0928,4.0,0.936,0.94,1,
casent0101181,Camponotus,formicinae,Camponotus cervicalis,April Nobile,commons,,"California Academy of Sciences, 2000-2007",train,p,data/images/Camponotus/casent0101181_p.jpg,False,2000.0,2007.0,05d1db82885494397f80ea6e3d38c5ac60c1f61ce5fabed73e20707fe5dfb1c5,https://upload.wikimedia.org/wikipedia/commons/c/c8/Camponotus_cervicalis_gaullei_casent0101181_profile_1.jpg,"harvester downscale, byte-identical",commons_original,False,1024,726,1.4105,218799,193.0,185.0,157.0,188.27,36.0,0.03585,0.00831,black_bar,found,97.0,0.0947,4.0,0.213,0.782,1,
casent0101186,Camponotus,formicinae,Camponotus darwinii,April Nobile,commons,,"California Academy of Sciences, 2000-2007",train,p,data/images/Camponotus/casent0101186_p.jpg,False,2000.0,2007.0,b3e57a7ee16105a9afd82bd9a680ce87cd3f170dccc94948f0c099111e3522bd,https://upload.wikimedia.org/wikipedia/commons/4/42/Camponotus_darwinii_casent0101186_profile_1.jpg,"harvester downscale, byte-identical",commons_original,False,1024,725,1.4124,234979,157.0,153.0,129.0,169.18,28.0,0.14947,0.08693,black_bar,found,162.0,0.1582,5.0,0.9,0.915,1,
casent0101193,Camponotus,formicinae,Camponotus darwinii,April Nobile,commons,,"California Academy of Sciences, 2000-2007",train,p,data/images/Camponotus/casent0101193_p.jpg,False,2000.0,2007.0,2059e4f7090e56bcec08e4cebdfecff309ffa07b94d82ac679a939cfb088b4bd,https://upload.wikimedia.org/wikipedia/commons/1/17/Camponotus_darwinii_rubropilosus_casent0101193_profile_1.jpg,"harvester downscale, byte-identical",commons_original,False,1024,771,1.3281,186723,163.0,156.0,132.0,156.92,31.0,0.19074,0.10096,black_bar,found,163.0,0.1592,4.0,0.562,0.78,1,
casent0101194,Camponotus,formicinae,Camponotus darwinii,April Nobile,commons,,"California Academy of Sciences, 2000-2007",test,p,data/images/Camponotus/casent0101194_p.jpg,False,2000.0,2007.0,54ce486a01a601f460aae61ec90ca6a15f157ef8055a12a3e0abd8719fc455c3,https://upload.wikimedia.org/wikipedia/commons/9/94/Camponotus_darwinii_rubropilosus_casent0101194_profile_1.jpg,"harvester downscale, byte-identical",commons_original,False,1024,771,1.3281,204197,180.0,170.0,143.0,172.4,37.0,0.16073,0.08545,black_bar,found,134.0,0.1309,3.0,0.379,0.826,1,
casent0101195,Camponotus,formicinae,Camponotus darwinii,April Nobile,commons,,"California Academy of Sciences, 2000-2007",train,p,data/images/Camponotus/casent0101195_p.jpg,False,2000.0,2007.0,8ade4e48aa57a480e10ba284e66e84283a8ff060f24166242e362362b77496d0,https://upload.wikimedia.org/wikipedia/commons/9/9d/Camponotus_darwinii_rubropilosus_casent0101195_profile_1.jpg,"harvester downscale, byte-identical",commons_original,False,1024,751,1.3635,195659,140.0,135.0,119.0,137.45,21.0,0.12544,0.09453,black_bar,found,109.0,0.1064,4.0,0.26,0.77,1,
casent0101196,Camponotus,formicinae,Camponotus ellioti,April Nobile,commons,,"California Academy of Sciences, 2000-2008",test,p,data/images/Camponotus/casent0101196_p.jpg,False,2000.0,2008.0,1e7c4ca9cef37328d24ff423894c8098b320c4354306fbb284d38c1a2d40e055,https://upload.wikimedia.org/wikipedia/commons/0/0f/Camponotus_ellioti_relucens_casent0101196_profile_1.jpg,"harvester downscale, byte-identical",commons_original,False,1024,596,1.7181,162242,174.0,166.0,157.0,169.86,17.0,0.16226,0.04202,black_bar,found,135.0,0.1318,4.0,0.923,0.913,1,
casent0101197,Camponotus,formicinae,Camponotus ellioti,April Nobile,commons,,"California Academy of Sciences, 2000-2007",train,p,data/images/Camponotus/casent0101197_p.jpg,False,2000.0,2007.0,27bf6831770186eb4b541d2ed5a4596786f7942fe2297f5ed991e5bf1b913559,https://upload.wikimedia.org/wikipedia/commons/1/17/Camponotus_ellioti_relucens_casent0101197_profile_1.jpg,"harvester downscale, byte-identical",commons_original,False,1024,670,1.5284,184498,174.0,167.0,144.0,167.8,30.0,0.17019,0.05796,black_bar,found,135.0,0.1318,4.0,0.251,0.807,1,
casent0101198,Camponotus,formicinae,Camponotus ellioti,April Nobile,commons,,"California Academy of Sciences, 2000-2007",train,p,data/images/Camponotus/casent0101198_p.jpg,False,2000.0,2007.0,c1f67e8bf7d1e23f4d92e32c9b5b45d5e84f24a59d1c3b5877e20c112b89b54b,https://upload.wikimedia.org/wikipedia/commons/d/dd/Camponotus_ellioti_casent0101198_profile_1.jpg,"harvester downscale, byte-identical",commons_original,False,1024,771,1.3281,217251,195.0,189.0,165.0,184.33,30.0,0.20855,0.05839,black_bar,found,85.0,0.083,4.0,0.869,0.834,1,
casent0101202,Camponotus,formicinae,Camponotus descarpentriesi,April Nobile,gbif_cache,Paralectotype,"California Academy of Sciences, 2000-2008",test,p,data/images/Camponotus/casent0101202_p.jpg,True,2000.0,2008.0,7b339a4e5b61e95cbaf4cb5e747d834ba92433f9fee9a5701cf44bb12af57724,https://api.gbif.org/v1/image/cache/1024x1024/occurrence/865114279/media/b65207d9170cf622bc7825e15d29eb56,,gbif_cache,False,1024,1024,1.0,192591,159.0,154.0,135.0,159.84,24.0,0.24042,0.15654,none,not_found,,,,,,0,
casent0101205,Camponotus,formicinae,Camponotus descarpentriesi,April Nobile,commons,Paralectotype,"California Academy of Sciences, 2000-2007",test,p,data/images/Camponotus/casent0101205_p.jpg,True,2000.0,2007.0,0c13f354701965b284514316e34ca7cc1e96fd467bf84f471eb370093ffd824f,https://upload.wikimedia.org/wikipedia/commons/d/d7/Camponotus_descarpentriesi_casent0101205_profile_1.jpg,"harvester downscale, byte-identical",commons_original,False,1024,676,1.5148,194983,127.0,121.0,100.0,134.56,27.0,0.11344,0.1135,black_bar,found,120.0,0.1172,4.0,0.587,0.817,1,
casent0101206,Camponotus,formicinae,Camponotus descarpentriesi,April Nobile,commons,Lectotype,"California Academy of Sciences, 2000-2007",train,p,data/images/Camponotus/casent0101206_p.jpg,True,2000.0,2007.0,8a461e165f27cd0d0db5b6b2bb9e005fecc22d85e0bd4f09c6aeb7084fd83582,https://upload.wikimedia.org/wikipedia/commons/5/59/Camponotus_descarpentriesi_casent0101206_profile_1.jpg,"Commons server thumbnail, byte-identical",commons_thumbnail,True,1280,685,1.8686,243787,154.0,147.0,124.0,177.58,30.0,0.13629,0.09571,black_bar,found,176.0,0.1375,5.0,0.259,0.833,1,
casent0101208,Cardiocondyla,myrmicinae,Cardiocondyla emeryi,April Nobile,commons,,"California Academy of Sciences, 2000-2008",test,p,data/images/Cardiocondyla/casent0101208_p.jpg,False,2000.0,2008.0,8f7642a9b711657df5a527fed825b9edca71966a4312dff5c4664763b303e8db,https://upload.wikimedia.org/wikipedia/commons/0/0b/Cardiocondyla_emeryi_casent0101208_profile_1.jpg,"harvester downscale, byte-identical",commons_original,False,1024,780,1.3128,186625,227.0,222.0,198.0,200.61,29.0,0.22255,0.0469,black_bar,found,134.0,0.1309,4.0,0.686,0.945,1,
casent0101209,Cardiocondyla,myrmicinae,Cardiocondyla emeryi,April Nobile,commons,,"California Academy of Sciences, 2000-2008",train,p,data/images/Cardiocondyla/casent0101209_p.jpg,False,2000.0,2008.0,52eabfabef8a221331bef2f5e2bd794d0b08827fe1971fb3555da855d781defc,https://upload.wikimedia.org/wikipedia/commons/a/aa/Cardiocondyla_emeryi_casent0101209_profile_1.jpg,"harvester downscale, byte-identical",commons_original,False,1024,508,2.0157,121103,226.0,225.0,214.0,201.68,12.0,0.21504,0.02938,black_bar,found,106.0,0.1035,4.0,0.884,0.913,1,
casent0101218,Cardiocondyla,myrmicinae,Cardiocondyla shuckardi,April Nobile,commons,Syntype,"California Academy of Sciences, 2000-2008",train,p,data/images/Cardiocondyla/casent0101218_p.jpg,True,2000.0,2008.0,fb9a224f7fc317b133ebc63069bd8d320059b44d6ec546250a115a83b95f3ad1,https://upload.wikimedia.org/wikipedia/commons/d/d7/Cardiocondyla_shuckardi_casent0101218_profile_1.jpg,"harvester downscale, byte-identical",commons_original,False,1024,750,1.3653,160995,212.0,211.0,213.0,196.87,-1.0,0.17027,0.02198,black_bar,found,102.0,0.0996,4.0,0.866,0.933,1,
casent0101219,Cardiocondyla,myrmicinae,Cardiocondyla shuckardi,April Nobile,commons,Syntype,"California Academy of Sciences, 2000-2008",train,p,data/images/Cardiocondyla/casent0101219_p.jpg,True,2000.0,2008.0,18b4d5b59ef0a27e8c4412bbcd6192834e108357ac12f8a768a5b44ea3308d84,https://upload.wikimedia.org/wikipedia/commons/4/4e/Cardiocondyla_shuckardi_casent0101219_profile_1.jpg,"harvester downscale, byte-identical",commons_original,False,1024,660,1.5515,144542,210.0,210.0,202.0,198.03,8.0,0.143,0.00552,black_bar,found,94.0,0.0918,5.0,0.839,0.927,1,
casent0101230,Meranoplus,myrmicinae,Meranoplus mayri,Nick Olgeirson,commons,Lectotype,"California Academy of Sciences, 2000-2008",train,p,data/images/Meranoplus/casent0101230_p.jpg,True,2000.0,2008.0,854bbdcdf2a8015caddac456f7f49b8355c38ab11e12e53e4d8ac403a712ca64,https://upload.wikimedia.org/wikipedia/commons/b/bf/Meranoplus_mayri_casent0101230_profile_1.jpg,"harvester downscale, byte-identical",commons_original,False,1024,564,1.8156,158804,213.0,215.0,208.0,212.4,5.0,0.20411,0.01727,black_bar,found,246.0,0.2402,4.0,0.531,0.849,1,
casent0101231,Meranoplus,myrmicinae,Meranoplus mayri,April Nobile,commons,,"California Academy of Sciences, 2000-2008",test,p,data/images/Meranoplus/casent0101231_p.jpg,False,2000.0,2008.0,f1469c367a9d1746301cc1299e4f87b774170f81c68dfb914779038385e57fc1,https://upload.wikimedia.org/wikipedia/commons/b/b1/Meranoplus_mayri_casent0101231_profile_1.jpg,"harvester downscale, byte-identical",commons_original,False,1024,634,1.6151,160207,221.0,221.0,219.0,220.52,2.0,0.11353,0.00803,black_bar,found,208.0,0.2031,4.0,0.853,0.916,1,
casent0101236,Meranoplus,myrmicinae,Meranoplus mayri,Nick Olgeirson,commons,,"California Academy of Sciences, 2000-2008",train,p,data/images/Meranoplus/casent0101236_p.jpg,False,2000.0,2008.0,e0ebc949859c2fb190d890dc6a16a057355178afae084eff0b5b7ef8b5bc61d9,https://upload.wikimedia.org/wikipedia/commons/f/fa/Meranoplus_mayri_casent0101236_profile_1.jpg,"Commons server thumbnail, byte-identical",commons_thumbnail,True,1280,655,1.9542,258684,217.0,220.0,217.0,217.25,0.0,0.24238,0.03991,black_bar,found,330.0,0.2578,4.0,0.792,0.895,1,
casent0101237,Meranoplus,myrmicinae,Meranoplus mayri,April Nobile,commons,,"California Academy of Sciences, 2000-2008",train,p,data/images/Meranoplus/casent0101237_p.jpg,False,2000.0,2008.0,35e9cd4c69c2626fbd6c647dfecc0e13609d5c52eea25ea0398b53a8997814d5,https://upload.wikimedia.org/wikipedia/commons/6/62/Meranoplus_mayri_casent0101237_profile_1.jpg,"harvester downscale, byte-identical",commons_original,False,1024,606,1.6898,147047,217.0,217.0,215.0,216.32,2.0,0.06055,0.00394,black_bar,found,187.0,0.1826,4.0,0.697,0.924,1,
casent0101238,Meranoplus,myrmicinae,Meranoplus radamae,April Nobile,commons,,"California Academy of Sciences, 2000-2008",train,p,data/images/Meranoplus/casent0101238_p.jpg,False,2000.0,2008.0,72ccb45611b9d401669ff780847484b50d757f0d430c1fab2650830ccb14b569,https://upload.wikimedia.org/wikipedia/commons/b/b1/Meranoplus_radamae_casent0101238_profile_1.jpg,"harvester downscale, byte-identical",commons_original,False,1024,577,1.7747,149438,218.0,218.0,216.0,208.58,2.0,0.15357,0.00853,black_bar,found,132.0,0.1289,4.0,0.802,0.86,1,
casent0101239,Meranoplus,myrmicinae,Meranoplus radamae,April Nobile,commons,Lectotype,"California Academy of Sciences, 2000-2008",train,p,data/images/Meranoplus/casent0101239_p.jpg,True,2000.0,2008.0,95723b07b55c88c700896b44c77e93b1b807c546b6ee12c42e21f1c048d8ca24,https://upload.wikimedia.org/wikipedia/commons/5/55/Meranoplus_radamae_casent0101239_profile_1.jpg,"harvester downscale, byte-identical",commons_original,False,1024,698,1.467,182716,216.0,215.0,212.0,205.6,4.0,0.10006,0.00361,black_bar,found,144.0,0.1406,4.0,0.33,0.92,1,
casent0101240,Cataulacus,myrmicinae,Cataulacus regularis,April Nobile,commons,,"California Academy of Sciences, 2000-2008",train,p,data/images/Cataulacus/casent0101240_p.jpg,False,2000.0,2008.0,0673dabe5e5b21734736fbcc651ab1545d38b27edf7a39094c1f091e901900ee,https://upload.wikimedia.org/wikipedia/commons/6/61/Cataulacus_regularis_casent0101240_profile_1.jpg,"harvester downscale, byte-identical",commons_original,False,1024,592,1.7297,140664,185.0,184.0,185.0,183.97,0.0,0.13787,0.03231,black_bar,found,201.0,0.1963,4.0,0.604,0.863,1,
casent0101241,Cataulacus,myrmicinae,Cataulacus regularis,April Nobile,commons,Syntype,"California Academy of Sciences, 2000-2008",train,p,data/images/Cataulacus/casent0101241_p.jpg,True,2000.0,2008.0,9983dbcf4233085522d61590e522e4f6637a03d3fa8f277d239d16516dabbcea,https://upload.wikimedia.org/wikipedia/commons/b/ba/Cataulacus_regularis_casent0101241_profile_1.jpg,"harvester downscale, byte-identical",commons_original,False,1024,504,2.0317,121944,172.0,171.0,171.0,182.29,1.0,0.1682,0.04536,black_bar,found,182.0,0.1777,4.0,0.548,0.855,1,
casent0101245,Cataulacus,myrmicinae,Cataulacus ebrardi,Nick Olgeirson,commons,Syntype,"California Academy of Sciences, 2000-2008",train,p,data/images/Cataulacus/casent0101245_p.jpg,True,2000.0,2008.0,5dee402eb76e66a5b8234c5172c914124f6801c618050c9880f5fd93244c88c4,https://upload.wikimedia.org/wikipedia/commons/b/b0/Cataulacus_ebrardi_casent0101245_profile_1.jpg,"harvester downscale, byte-identical",commons_original,False,1024,404,2.5347,114736,189.0,187.0,184.0,178.93,5.0,0.26825,0.16544,black_bar,found,245.0,0.2393,4.0,0.458,0.814,1,
casent0101246,Cataulacus,myrmicinae,Cataulacus ebrardi,April Nobile,commons,Syntype,"California Academy of Sciences, 2000-2008",train,p,data/images/Cataulacus/casent0101246_p.jpg,True,2000.0,2008.0,14645988477af37572ae503cf19a6c362949dc43b220ce2e1a2ff13a2c163860,https://upload.wikimedia.org/wikipedia/commons/9/9f/Cataulacus_ebrardi_casent0101246_profile_1.jpg,"harvester downscale, byte-identical",commons_original,False,1024,584,1.7534,148769,237.0,238.0,235.0,212.22,2.0,0.3257,0.11492,black_bar,found,251.0,0.2451,4.0,0.865,0.926,1,
casent0101247,Cataulacus,myrmicinae,Cataulacus intrudens,April Nobile,commons,Syntype,"California Academy of Sciences, 2000-2008",train,p,data/images/Cataulacus/casent0101247_p.jpg,True,2000.0,2008.0,adf12dd18d84d7f9249d6077453efe74d001dbe2a07e0fbc02c76cf1bda0b73f,https://upload.wikimedia.org/wikipedia/commons/c/c4/Cataulacus_intrudens_casent0101247_profile_1.jpg,"harvester downscale, byte-identical",commons_original,False,1024,737,1.3894,208038,168.0,166.0,168.0,166.37,0.0,0.19013,0.06953,black_bar,found,131.0,0.1279,4.0,0.48,0.919,1,
casent0101248,Cataulacus,myrmicinae,Cataulacus intrudens,April Nobile,commons,Syntype,"California Academy of Sciences, 2000-2008",train,p,data/images/Cataulacus/casent0101248_p.jpg,True,2000.0,2008.0,381f0d79e45df27e8b88cfeb6e3b912925082353a996bc4d71f9a41a34084b39,https://upload.wikimedia.org/wikipedia/commons/5/5a/Cataulacus_intrudens_casent0101248_profile_1.jpg,"harvester downscale, byte-identical",commons_original,False,1024,666,1.5375,178679,166.0,167.0,164.0,181.03,2.0,0.13701,0.04736,black_bar,found,234.0,0.2285,4.0,0.368,0.92,1,
casent0101253,Strumigenys,myrmicinae,Strumigenys grandidieri,April Nobile,gbif_cache,Syntype,"California Academy of Sciences, 2000-2008",train,p,data/images/Strumigenys/casent0101253_p.jpg,True,2000.0,2008.0,10515eef1e54b7ed56ceab4b721c3b159f9f31fa4fd7b56b558a04438da16cd7,https://api.gbif.org/v1/image/cache/1024x1024/occurrence/865114451/media/fff7433b88666d89ce99f66ba57319f9,,gbif_cache,False,1024,1024,1.0,129171,168.0,165.0,164.0,160.87,4.0,0.01341,0.00064,black_bar,truncated,,,,0.968,0.907,1,
casent0101254,Strumigenys,myrmicinae,Strumigenys grandidieri,April Nobile,commons,Syntype,"California Academy of Sciences, 2000-2008",train,p,data/images/Strumigenys/casent0101254_p.jpg,True,2000.0,2008.0,c8a4ffa7c3a23712e85e2f8c733aec52daf13632fc3467eab9811ffe867e3afc,https://upload.wikimedia.org/wikipedia/commons/5/5a/Strumigenys_grandidieri_casent0101254_profile_1.jpg,"Commons server thumbnail, byte-identical",commons_thumbnail,True,1280,746,1.7158,163137,144.0,139.0,141.0,146.78,3.0,0.01777,0.01034,black_bar,found,293.0,0.2289,6.0,0.474,0.912,1,
casent0101255,Tapinoma,dolichoderinae,Tapinoma pallipes,April Nobile,commons,Syntype,"California Academy of Sciences, 2000-2007",train,p,data/images/Tapinoma/casent0101255_p.jpg,True,2000.0,2007.0,777d70f7615a11cf5d7b137a655a89d93ede26aee92e590a44e11e0874ac20fa,https://upload.wikimedia.org/wikipedia/commons/8/84/Technomyrmex_pallipes_casent0101255_profile_1.jpg,"harvester downscale, byte-identical",commons_original,False,1024,668,1.5329,131019,154.0,147.0,142.0,161.88,12.0,0.03197,0.00821,black_bar,found,210.0,0.2051,4.0,0.142,0.903,1,
casent0101256,Tapinoma,dolichoderinae,Tapinoma pallipes,April Nobile,commons,,"California Academy of Sciences, 2000-2007",train,p,data/images/Tapinoma/casent0101256_p.jpg,False,2000.0,2007.0,207a5d4c51fe9981051e1b95cc1772eff4874ea3f2c639d3a2f3fa110e3fa67b,https://upload.wikimedia.org/wikipedia/commons/e/e4/Technomyrmex_pallipes_casent0101256_profile_1.jpg,"harvester downscale, byte-identical",commons_original,False,1024,735,1.3932,134585,127.0,127.0,123.0,133.39,4.0,0.01477,0.00604,black_bar,found,184.0,0.1797,5.0,0.657,0.923,1,
casent0101257,Tetramorium,myrmicinae,Tetramorium steinheili,April Nobile,commons,Paralectotype,"California Academy of Sciences, 2000-2008",test,p,data/images/Tetramorium/casent0101257_p.jpg,True,2000.0,2008.0,98b195fd848c2b551dd60c49aafbcbedff67c9939e81ba5325f6047cff15b995,https://upload.wikimedia.org/wikipedia/commons/4/41/Tetramorium_steinheili_casent0101257_profile_1.jpg,"harvester downscale, byte-identical",commons_original,False,1024,655,1.5634,151597,213.0,213.0,212.0,201.41,1.0,0.12616,0.00758,black_bar,found,132.0,0.1289,4.0,0.634,0.902,1,
casent0101258,Tetramorium,myrmicinae,Tetramorium steinheili,April Nobile,commons,Paralectotype,"California Academy of Sciences, 2000-2008",train,p,data/images/Tetramorium/casent0101258_p.jpg,True,2000.0,2008.0,fd5b9619d77c6d19e4cd07b884baa7c5ddf4fc7f5634bb306ad98df73c72f5bc,https://upload.wikimedia.org/wikipedia/commons/a/ad/Tetramorium_steinheili_casent0101258_profile_1.jpg,"harvester downscale, byte-identical",commons_original,False,1024,696,1.4713,181128,221.0,221.0,224.0,215.54,-3.0,0.15319,0.00522,black_bar,found,168.0,0.1641,4.0,0.42,0.925,1,
casent0101259,Tetramorium,myrmicinae,Tetramorium sikorae,Michele Esposito,commons,Paralectotype,"California Academy of Sciences, 2000-2008",test,p,data/images/Tetramorium/casent0101259_p.jpg,True,2000.0,2008.0,c0833ed118435764cb46c54d5d502bb8570b48592daf497c8408b604d2a07f15,https://upload.wikimedia.org/wikipedia/commons/b/b9/Tetramorium_sikorae_casent0101259_profile_1.jpg,"harvester downscale, byte-identical",commons_original,False,1024,642,1.595,160502,211.0,209.0,205.0,200.97,6.0,0.06567,0.00319,black_bar,found,205.0,0.2002,5.0,0.765,0.878,1,
casent0101260,Tetramorium,myrmicinae,Tetramorium sikorae,Michele Esposito,commons,Lectotype,"California Academy of Sciences, 2000-2008",test,p,data/images/Tetramorium/casent0101260_p.jpg,True,2000.0,2008.0,9f9d15949dab4d7482f5d12c6b8632ddeac3d8a8563c5dc3e4de59f6abc9c3d5,https://upload.wikimedia.org/wikipedia/commons/b/bb/Tetramorium_sikorae_casent0101260_profile_1.jpg,"harvester downscale, byte-identical",commons_original,False,1024,777,1.3179,195336,219.0,216.0,212.0,202.94,7.0,0.02973,0.00281,black_bar,found,229.0,0.2236,5.0,0.763,0.88,1,
casent0101265,Tetramorium,myrmicinae,Tetramorium sericeiventre,April Nobile,commons,,"California Academy of Sciences, 2000-2008",train,p,data/images/Tetramorium/casent0101265_p.jpg,False,2000.0,2008.0,56bccd75b54ffd1b6f5a737f0935330e4d5cc6785aa9c2ebee973e0354125612,https://upload.wikimedia.org/wikipedia/commons/5/57/Tetramorium_sericeiventre_casent0101265_profile_1.jpg,"harvester downscale, byte-identical",commons_original,False,1017,808,1.2587,188443,219.0,217.0,215.0,204.69,4.0,0.11541,0.0028,black_bar,found,176.0,0.1731,4.0,0.211,0.939,1,
casent0101266,Tetramorium,myrmicinae,Tetramorium sericeiventre,April Nobile,commons,Syntype,"California Academy of Sciences, 2000-2008",train,p,data/images/Tetramorium/casent0101266_p.jpg,True,2000.0,2008.0,dede26ea32e2005f14475b25722499c6f72a2e462aafcace0011d2290813f91c,https://upload.wikimedia.org/wikipedia/commons/a/a7/Tetramorium_sericeiventre_casent0101266_profile_1.jpg,"harvester downscale, byte-identical",commons_original,False,1024,771,1.3281,155838,219.0,218.0,213.0,207.2,6.0,0.09272,0.00243,black_bar,found,168.0,0.1641,4.0,0.896,0.92,1,
casent0101267,Tetramorium,myrmicinae,Tetramorium sericeiventre,April Nobile,commons,,"California Academy of Sciences, 2000-2008",test,p,data/images/Tetramorium/casent0101267_p.jpg,False,2000.0,2008.0,9caf187ff3c932c92c69abb249383a485ec43e91d336bb0ad2662c0d64b39cc5,https://upload.wikimedia.org/wikipedia/commons/f/fa/Tetramorium_sericeiventre_casent0101267_profile_1.jpg,"harvester downscale, byte-identical",commons_original,False,1024,784,1.3061,179538,213.0,212.0,209.0,207.66,4.0,0.17092,0.00955,black_bar,found,170.0,0.166,4.0,0.497,0.923,1,
casent0101268,Tetramorium,myrmicinae,Tetramorium sericeiventre,April Nobile,commons,,"California Academy of Sciences, 2000-2008",train,p,data/images/Tetramorium/casent0101268_p.jpg,False,2000.0,2008.0,3e092d7f716a2d00f16a7dbee27b861188f20b8a9db04d5f263fcf9386407909,https://upload.wikimedia.org/wikipedia/commons/0/0e/Tetramorium_sericeiventre_casent0101268_profile_1.jpg,"harvester downscale, byte-identical",commons_original,False,1024,771,1.3281,175819,214.0,214.0,212.0,199.63,2.0,0.19313,0.0079,black_bar,found,167.0,0.1631,5.0,0.484,0.938,1,
casent0101269,Tetramorium,myrmicinae,Tetramorium sericeiventre,April Nobile,commons,,"California Academy of Sciences, 2000-2008",train,p,data/images/Tetramorium/casent0101269_p.jpg,False,2000.0,2008.0,7a937cc218d4b915adaa2b8a27484bc072c5db1b46ff8a370960c582844a9690,https://upload.wikimedia.org/wikipedia/commons/c/c7/Tetramorium_sericeiventre_casent0101269_profile_1.jpg,"harvester downscale, byte-identical",commons_original,False,1024,708,1.4463,182391,165.0,161.0,158.0,160.24,7.0,0.06759,0.0103,black_bar,found,144.0,0.1406,4.0,0.246,0.911,1,
casent0101270,Tetramorium,myrmicinae,Tetramorium sericeiventre,April Nobile,commons,,"California Academy of Sciences, 2000-2008",train,p,data/images/Tetramorium/casent0101270_p.jpg,False,2000.0,2008.0,a177d0f677087fed6edec0b7278e3efa0800117ee81ef7d1bf475a5126d2afb8,https://upload.wikimedia.org/wikipedia/commons/7/7f/Tetramorium_sericeiventre_casent0101270_profile_1.jpg,"harvester downscale, byte-identical",commons_original,False,1024,771,1.3281,215338,170.0,165.0,163.0,170.87,7.0,0.06373,0.01029,black_bar,found,168.0,0.1641,5.0,0.424,0.896,1,
casent0101277,Tetramorium,myrmicinae,Tetramorium bessonii,April Nobile,commons,,"California Academy of Sciences, 2000-2008",test,p,data/images/Tetramorium/casent0101277_p.jpg,False,2000.0,2008.0,e84b3a304cab431354365f6b5df15104a673e91bd8271ba58b58d7858daa46d3,https://upload.wikimedia.org/wikipedia/commons/4/4d/Tetramorium_bessonii_casent0101277_profile_1.jpg,"harvester downscale, byte-identical",commons_original,False,1024,725,1.4124,168127,210.0,210.0,208.0,184.7,2.0,0.22721,0.00949,black_bar,found,181.0,0.1768,4.0,0.849,0.92,1,
casent0101278,Tetramorium,myrmicinae,Tetramorium bessonii,April Nobile,commons,,"California Academy of Sciences, 2000-2008",train,p,data/images/Tetramorium/casent0101278_p.jpg,False,2000.0,2008.0,622b85ece97e99f75fd4f5ad889a5f710fdd625fea0fe1e78af7ed72f6429e20,https://upload.wikimedia.org/wikipedia/commons/2/29/Tetramorium_bessonii_casent0101278_profile_1.jpg,"harvester downscale, byte-identical",commons_original,False,1024,713,1.4362,172378,214.0,214.0,213.0,203.6,1.0,0.13995,0.00801,black_bar,found,170.0,0.166,4.0,0.28,0.907,1,
casent0101279,Tetramorium,myrmicinae,Tetramorium andrei,April Nobile,commons,Syntype,"California Academy of Sciences, 2000-2008",train,p,data/images/Tetramorium/casent0101279_p.jpg,True,2000.0,2008.0,f56925114e37117ca534c0d2c65b615f3cfcae1b129282137c221fd5568ed0c6,https://upload.wikimedia.org/wikipedia/commons/f/f9/Tetramorium_robustior_casent0101279_profile_1.jpg,"harvester downscale, byte-identical",commons_original,False,1024,771,1.3281,197069,227.0,222.0,221.0,222.56,6.0,0.10758,0.00836,black_bar,found,119.0,0.1162,4.0,0.73,0.883,1,
casent0101280,Tetramorium,myrmicinae,Tetramorium andrei,April Nobile,commons,Syntype,"California Academy of Sciences, 2000-2008",train,p,data/images/Tetramorium/casent0101280_p.jpg,True,2000.0,2008.0,1a232f8b6666ec172c6180c12820290dfdb80c788a28c41fb7feae646077de86,https://upload.wikimedia.org/wikipedia/commons/d/d3/Tetramorium_robustior_casent0101280_profile_1.jpg,"harvester downscale, byte-identical",commons_original,False,1024,771,1.3281,199105,218.0,219.0,218.0,211.58,0.0,0.17318,0.01944,black_bar,found,131.0,0.1279,4.0,0.814,0.926,1,
casent0101281,Tetramorium,myrmicinae,Tetramorium andrei,April Nobile,commons,Paralectotype,"California Academy of Sciences, 2000-2008",train,p,data/images/Tetramorium/casent0101281_p.jpg,True,2000.0,2008.0,72dba0bad9c8430174470ee43c2ba16e36cf665f4bc04017892b21cb46bd9cbf,https://upload.wikimedia.org/wikipedia/commons/7/7d/Tetramorium_andrei_casent0101281_profile_1.jpg,"harvester downscale, byte-identical",commons_original,False,1024,654,1.5657,145014,216.0,216.0,217.0,214.54,-1.0,0.06461,0.00412,black_bar,found,118.0,0.1152,4.0,0.91,0.934,1,
casent0101282,Tetramorium,myrmicinae,Tetramorium andrei,April Nobile,commons,Paralectotype,"California Academy of Sciences, 2000-2008",test,p,data/images/Tetramorium/casent0101282_p.jpg,True,2000.0,2008.0,0b66b51662baccfe417535078a6cedc5ae3ed451dd311f32d74d5242bd3c35fc,https://upload.wikimedia.org/wikipedia/commons/d/df/Tetramorium_andrei_casent0101282_profile_1.jpg,"harvester downscale, byte-identical",commons_original,False,1024,666,1.5375,154304,210.0,211.0,210.0,199.45,0.0,0.10355,0.00307,black_bar,found,131.0,0.1279,4.0,0.884,0.923,1,
casent0101285,Tetramorium,myrmicinae,Tetramorium ranarum,April Nobile,commons,,"California Academy of Sciences, 2000-2008",train,p,data/images/Tetramorium/casent0101285_p.jpg,False,2000.0,2008.0,461896772f85db0b9d58ab26d7b4f8f0908d0c7af812eeca881c593079661c38,https://upload.wikimedia.org/wikipedia/commons/8/80/Tetramorium_ranarum_casent0101285_profile_1.jpg,"harvester downscale, byte-identical",commons_original,False,1024,734,1.3951,180828,221.0,219.0,213.0,201.62,8.0,0.15527,0.01526,black_bar,found,210.0,0.2051,5.0,0.832,0.919,1,
casent0101286,Tetramorium,myrmicinae,Tetramorium ranarum,April Nobile,commons,,"California Academy of Sciences, 2000-2008",train,p,data/images/Tetramorium/casent0101286_p.jpg,False,2000.0,2008.0,90c6be88599facdb3ef4e0c3aa1769934727c45e57166ecc69afca8d7d5e0f9d,https://upload.wikimedia.org/wikipedia/commons/7/7f/Tetramorium_ranarum_casent0101286_profile_1.jpg,"Commons server thumbnail, byte-identical",commons_thumbnail,True,1280,803,1.594,207012,214.0,212.0,214.0,200.6,0.0,0.18366,0.01958,black_bar,found,226.0,0.1766,5.0,0.867,0.879,1,
casent0101287,Tetramorium,myrmicinae,Tetramorium marginatum,April Nobile,commons,,"California Academy of Sciences, 2000-2008",train,p,data/images/Tetramorium/casent0101287_p.jpg,False,2000.0,2008.0,605af9ff5e5ed12630dbf863085b86fc1fa8afe6ae0a0f616800c38f4e487b38,https://upload.wikimedia.org/wikipedia/commons/a/a8/Tetramorium_marginatum_casent0101287_profile_1.jpg,"harvester downscale, byte-identical",commons_original,False,1024,688,1.4884,183189,150.0,150.0,146.0,165.54,4.0,0.14844,0.08925,black_bar,found,167.0,0.1631,4.0,0.307,0.923,1,
casent0101288,Tetramorium,myrmicinae,Tetramorium marginatum,April Nobile,commons,,"California Academy of Sciences, 2000-2008",train,p,data/images/Tetramorium/casent0101288_p.jpg,False,2000.0,2008.0,fe91449914d2b8cf3f8d6021e4ace173cff86db348f441b165bee89f5d7427c4,https://upload.wikimedia.org/wikipedia/commons/b/b1/Tetramorium_marginatum_casent0101288_profile_1.jpg,"Commons server thumbnail, byte-identical",commons_thumbnail,True,1280,761,1.682,240377,189.0,175.0,155.0,174.94,34.0,0.12563,0.04367,black_bar,found,180.0,0.1406,5.0,0.484,0.907,1,
casent0101289,Tetramorium,myrmicinae,Tetramorium nassonowii,April Nobile,commons,Lectotype,"California Academy of Sciences, 2000-2008",train,p,data/images/Tetramorium/casent0101289_p.jpg,True,2000.0,2008.0,557a4f897831f3e579c1ff7165b36aef180029269af8a554cd667d3bfb6931e1,https://upload.wikimedia.org/wikipedia/commons/e/e5/Tetramorium_schaufussii_casent0101289_profile_1.jpg,"harvester downscale, byte-identical",commons_original,False,1024,696,1.4713,159632,215.0,215.0,213.0,202.03,2.0,0.11326,0.0061,black_bar,found,144.0,0.1406,4.0,0.854,0.93,1,
casent0101290,Tetramorium,myrmicinae,Tetramorium nassonowii,April Nobile,commons,Paralectotype,"California Academy of Sciences, 2000-2008",train,p,data/images/Tetramorium/casent0101290_p.jpg,True,2000.0,2008.0,eb7de611d2b6f6e3524e29eb66eb0186178cdeb2a756531c43d2c8bcf32201e8,https://upload.wikimedia.org/wikipedia/commons/e/e7/Tetramorium_schaufussii_casent0101290_profile_1.jpg,"harvester downscale, byte-identical",commons_original,False,1024,654,1.5657,152499,218.0,218.0,219.0,213.06,-1.0,0.09224,0.00547,black_bar,found,144.0,0.1406,3.0,0.854,0.895,1,
casent0101291,Tetramorium,myrmicinae,Tetramorium latreillei,April Nobile,commons,Syntype,"California Academy of Sciences, 2000-2008",train,p,data/images/Tetramorium/casent0101291_p.jpg,True,2000.0,2008.0,95fe95d62553d453f0524404a7cd6091b2d265ebdc35f733fa35b96e255b8a4a,https://upload.wikimedia.org/wikipedia/commons/2/29/Tetramorium_latreillei_casent0101291_profile_1.jpg,"harvester downscale, byte-identical",commons_original,False,1024,567,1.806,160259,169.0,169.0,166.0,168.08,3.0,0.15133,0.05629,black_bar,found,234.0,0.2285,4.0,0.62,0.882,1,
casent0101292,Tetramorium,myrmicinae,Tetramorium latreillei,April Nobile,commons,,"California Academy of Sciences, 2000-2008",train,p,data/images/Tetramorium/casent0101292_p.jpg,False,2000.0,2008.0,b65047adbdb01cb92a3d3ecc9e7ad4da37629bd08fb23a1ada512ea5cc6ae41d,https://upload.wikimedia.org/wikipedia/commons/4/4b/Tetramorium_latreillei_casent0101292_profile_1.jpg,"harvester downscale, byte-identical",commons_original,False,1024,716,1.4302,185952,154.0,153.0,152.0,164.21,2.0,0.13365,0.07923,black_bar,found,131.0,0.1279,4.0,0.703,0.933,1,
casent0101293,Tetramorium,myrmicinae,Tetramorium kelleri,April Nobile,commons,,"California Academy of Sciences, 2000-2008",train,p,data/images/Tetramorium/casent0101293_p.jpg,False,2000.0,2008.0,361ffe4e894e6c76ff9b13b1e9081fc3912e44ded0ca04eabe30a2d2285c8ca4,https://upload.wikimedia.org/wikipedia/commons/e/e5/Tetramorium_kelleri_casent0101293_profile_1.jpg,"harvester downscale, byte-identical",commons_original,False,1024,716,1.4302,197604,158.0,157.0,153.0,155.05,5.0,0.01285,0.00322,black_bar,found,201.0,0.1963,5.0,0.255,0.929,1,
casent0101294,Tetramorium,myrmicinae,Tetramorium kelleri,April Nobile,commons,,"California Academy of Sciences, 2000-2008",train,p,data/images/Tetramorium/casent0101294_p.jpg,False,2000.0,2008.0,9d41f6b98850a410648adf5ff3b5a678a4bb6cc22f70d3032b87c61c7370b2a3,https://upload.wikimedia.org/wikipedia/commons/f/f0/Tetramorium_kelleri_casent0101294_profile_1.jpg,"harvester downscale, byte-identical",commons_original,False,1024,693,1.4776,189760,164.0,163.0,161.0,160.13,3.0,0.00829,0.00273,black_bar,found,201.0,0.1963,4.0,0.71,0.922,1,
casent0101297,Tetramorium,myrmicinae,Tetramorium bessonii,April Nobile,commons,,"California Academy of Sciences, 2000-2008",train,p,data/images/Tetramorium/casent0101297_p.jpg,False,2000.0,2008.0,bd28dfcf942f2d8da3f79589105adf4d2ddf80be35f2b9ceacd8e235df5e4a84,https://upload.wikimedia.org/wikipedia/commons/4/42/Tetramorium_bessonii_casent0101297_profile_1.jpg,"harvester downscale, byte-identical",commons_original,False,1024,771,1.3281,217372,166.0,165.0,160.0,158.66,6.0,0.13966,0.02279,black_bar,found,168.0,0.1641,5.0,0.809,0.927,1,
casent0101298,Tetramorium,myrmicinae,Tetramorium bessonii,April Nobile,commons,,"California Academy of Sciences, 2000-2008",train,p,data/images/Tetramorium/casent0101298_p.jpg,False,2000.0,2008.0,28ad63d6f279b7762c7d9add3ded34560ef13d61524a5c6c29b86a96d06ac24b,https://upload.wikimedia.org/wikipedia/commons/f/f6/Tetramorium_bessonii_casent0101298_profile_1.jpg,"harvester downscale, byte-identical",commons_original,False,1024,701,1.4608,199731,170.0,167.0,165.0,177.53,5.0,0.04759,0.009,black_bar,found,144.0,0.1406,4.0,0.84,0.916,1,
casent0101299,Nylanderia,formicinae,,April Nobile,commons,,"California Academy of Sciences, 2000-2007",train,p,data/images/Nylanderia/casent0101299_p.jpg,False,2000.0,2007.0,ebb7e5a6ddbfc054583685c4ca59f339d32585f4c77df11c5884db34db0ae621,https://upload.wikimedia.org/wikipedia/commons/2/2f/Paratrechina_gracilis_casent0101299_profile_1.jpg,"harvester downscale, byte-identical",commons_original,False,1024,771,1.3281,150384,151.0,150.0,145.0,150.99,6.0,0.00257,0.002,black_bar,found,144.0,0.1406,5.0,0.833,0.938,1,
casent0101300,Nylanderia,formicinae,,April Nobile,commons,Syntype,"California Academy of Sciences, 2000-2008",test,p,data/images/Nylanderia/casent0101300_p.jpg,True,2000.0,2008.0,06494a733bf257e4296c1b55caf65a5a9cff229aebc66a7e93571c25c641b988,https://upload.wikimedia.org/wikipedia/commons/f/f4/Paratrechina_gracilis_casent0101300_profile_1.jpg,"harvester downscale, byte-identical",commons_original,False,1024,715,1.4322,145006,158.0,155.0,151.0,157.13,7.0,0.00434,0.00231,black_bar,found,148.0,0.1445,5.0,0.262,0.929,1,
casent0101311,Nylanderia,formicinae,Nylanderia amblyops,April Nobile,commons,Syntype,"California Academy of Sciences, 2000-2007",train,p,data/images/Nylanderia/casent0101311_p.jpg,True,2000.0,2007.0,c315e36cc7cdb7505c788899f7c6e626a2cad83c171d2dc92df20d6556b98d87,https://upload.wikimedia.org/wikipedia/commons/9/9e/Paratrechina_amblyops_rubescens_casent0101311_profile_1.jpg,"harvester downscale, byte-identical",commons_original,False,1024,665,1.5398,138690,138.0,138.0,133.0,140.75,5.0,0.01061,0.00245,black_bar,found,136.0,0.1328,5.0,0.409,0.891,1,
casent0101312,Nylanderia,formicinae,Nylanderia amblyops,April Nobile,commons,Syntype,"California Academy of Sciences, 2000-2007",train,p,data/images/Nylanderia/casent0101312_p.jpg,True,2000.0,2007.0,a83d45d7fa274a190f3a75d584ec44460019ab182850b79d702f9aa54b1c11a5,https://upload.wikimedia.org/wikipedia/commons/3/32/Paratrechina_amblyops_rubescens_casent0101312_profile_1.jpg,"harvester downscale, byte-identical",commons_original,False,1024,680,1.5059,144942,136.0,136.0,131.0,139.92,5.0,0.00269,0.00241,black_bar,found,184.0,0.1797,4.0,0.232,0.912,1,
casent0101315,Nylanderia,formicinae,Nylanderia humbloti,April Nobile,commons,,"California Academy of Sciences, 2000-2008",train,p,data/images/Nylanderia/casent0101315_p.jpg,False,2000.0,2008.0,5d332e333d6a81c8cfc568849b130c7d1cc3e26c24052d1de053288c4d41d220,https://upload.wikimedia.org/wikipedia/commons/a/a2/Paratrechina_humbloti_casent0101315_profile_1.jpg,"harvester downscale, byte-identical",commons_original,False,1024,775,1.3213,150298,146.0,144.0,139.0,159.32,7.0,0.00772,0.00256,black_bar,found,172.0,0.168,4.0,0.177,0.914,1,
casent0101316,Nylanderia,formicinae,Nylanderia humbloti,April Nobile,gbif_cache,Syntype,"California Academy of Sciences, 2000-2007",test,p,data/images/Nylanderia/casent0101316_p.jpg,True,2000.0,2007.0,644853fedbe07ff17cdfe4f20ebe221704386f45d2f67da5dab90da0397bd9ff,https://api.gbif.org/v1/image/cache/1024x1024/occurrence/865114669/media/78573f8106cb731abd682e07c2fbfcfa,,gbif_cache,False,1024,1024,1.0,119089,157.0,153.0,148.0,161.95,9.0,0.00712,0.0029,black_bar,found,222.0,0.2168,6.0,0.5,0.92,1,
casent0101318,Nylanderia,formicinae,Nylanderia madagascarensis,April Nobile,commons,Syntype,"California Academy of Sciences, 2000-2007",train,p,data/images/Nylanderia/casent0101318_p.jpg,True,2000.0,2007.0,e0e79ac938774028735c9ea45835bd1728b27b2c964aa25b17ac30e599d6e710,https://upload.wikimedia.org/wikipedia/commons/f/f7/Paratrechina_madagascarensis_casent0101318_profile_1.jpg,"harvester downscale, byte-identical",commons_original,False,977,808,1.2092,160054,121.0,119.0,116.0,126.73,5.0,0.00274,0.00274,black_bar,found,223.0,0.2282,5.0,0.528,0.919,1,
casent0101319,Nylanderia,formicinae,Nylanderia madagascarensis,April Nobile,commons,Syntype,"California Academy of Sciences, 2000-2008",train,p,data/images/Nylanderia/casent0101319_p.jpg,True,2000.0,2008.0,417d54768a01e855f4642c22375d421d33c13fa73cf631ef6ccb03f8f4db7071,https://upload.wikimedia.org/wikipedia/commons/2/24/Paratrechina_madagascarensis_casent0101319_profile_1.jpg,"harvester downscale, byte-identical",commons_original,False,1013,808,1.2537,170998,195.0,172.0,144.0,168.19,51.0,0.01518,0.00347,black_bar,found,238.0,0.2349,5.0,0.53,0.92,1,
casent0101320,Nylanderia,formicinae,Nylanderia madagascarensis,April Nobile,commons,Syntype,"California Academy of Sciences, 2000-2008",train,p,data/images/Nylanderia/casent0101320_p.jpg,True,2000.0,2008.0,b576a7d9b34a758a9fbacd5e7fa6bd3b185f589caf098e8df4efc7138fe814f2,https://upload.wikimedia.org/wikipedia/commons/2/2d/Paratrechina_madagascarensis_casent0101320_profile_1.jpg,"harvester downscale, byte-identical",commons_original,False,1024,707,1.4484,145919,145.0,145.0,140.0,147.04,5.0,0.01365,0.00858,black_bar,found,209.0,0.2041,5.0,0.751,0.912,1,
casent0101321,Pheidole,myrmicinae,Pheidole petax,April Nobile,commons,,"California Academy of Sciences, 2000-2008",train,p,data/images/Pheidole/casent0101321_p.jpg,False,2000.0,2008.0,b669653a99c8d81cd59394d5939705bf05b3a537ecb3b8fbaeacd329da2d66e1,https://upload.wikimedia.org/wikipedia/commons/9/99/Pheidole_nemoralis_petax_casent0101321_profile_1.jpg,"harvester downscale, byte-identical",commons_original,False,1024,802,1.2768,187173,212.0,211.0,207.0,198.11,5.0,0.16127,0.01358,black_bar,found,136.0,0.1328,4.0,0.648,0.93,1,
casent0101322,Pheidole,myrmicinae,Pheidole petax,April Nobile,commons,Syntype,"California Academy of Sciences, 2000-2008",train,p,data/images/Pheidole/casent0101322_p.jpg,True,2000.0,2008.0,804290b7339c6a3d71d2107164da100ed2a299fab3856dc048657abd9f86738f,https://upload.wikimedia.org/wikipedia/commons/8/80/Pheidole_nemoralis_petax_casent0101322_profile_1.jpg,"harvester downscale, byte-identical",commons_original,False,1024,768,1.3333,204450,218.0,211.0,191.0,200.1,27.0,0.04499,0.00253,black_bar,found,118.0,0.1152,4.0,0.86,0.94,1,
casent0101323,Pheidole,myrmicinae,Pheidole nemoralis,Nick Olgeirson,commons,,"California Academy of Sciences, 2000-2008",train,p,data/images/Pheidole/casent0101323_p.jpg,False,2000.0,2008.0,65f914bb177905be92579407748820cb0e7af3335220fc6e9c29aaffa4782e82,https://upload.wikimedia.org/wikipedia/commons/b/bb/Pheidole_nemoralis_casent0101323_profile_1.jpg,"Commons server thumbnail, byte-identical",commons_thumbnail,True,1280,672,1.9048,237846,229.0,229.0,226.0,217.28,3.0,0.11903,0.01064,black_bar,found,309.0,0.2414,5.0,0.847,0.911,1,
casent0101324,Pheidole,myrmicinae,Pheidole nemoralis,Nick Olgeirson,commons,Syntype,"California Academy of Sciences, 2000-2008",train,p,data/images/Pheidole/casent0101324_p.jpg,True,2000.0,2008.0,6408a5ccf993e330dc2eafb85ed51eeda1d411ff2ddc8f3b1caf693a64b6e3b9,https://upload.wikimedia.org/wikipedia/commons/e/e9/Pheidole_nemoralis_casent0101324_profile_1.jpg,"harvester downscale, byte-identical",commons_original,False,1024,717,1.4282,192894,219.0,219.0,213.0,195.15,6.0,0.11925,0.00478,black_bar,found,163.0,0.1592,4.0,0.796,0.911,1,
casent0101326,Pheidole,myrmicinae,Pheidole indica,Nick Olgeirson,commons,Syntype,"California Academy of Sciences, 2000-2008",train,p,data/images/Pheidole/casent0101326_p.jpg,True,2000.0,2008.0,244494ec0cd86b3cb74db86eb5e6582908db6e90f835409242006818e0b762e5,https://upload.wikimedia.org/wikipedia/commons/5/54/Pheidole_voeltzkowii_casent0101326_profile_1.jpg,"harvester downscale, byte-identical",commons_original,False,1024,702,1.4587,208646,211.0,215.0,210.0,208.25,1.0,0.09408,0.00794,black_bar,found,230.0,0.2246,5.0,0.773,0.928,1,
casent0101327,Pheidole,myrmicinae,Pheidole indica,Nick Olgeirson,commons,Syntype,"California Academy of Sciences, 2000-2008",train,p,data/images/Pheidole/casent0101327_p.jpg,True,2000.0,2008.0,bf7f7c759d96abba7628637043bf9669605ef44b40289a45809049ebd5dc8740,https://upload.wikimedia.org/wikipedia/commons/1/1f/Pheidole_voeltzkowii_casent0101327_profile_1.jpg,"harvester downscale, byte-identical",commons_original,False,1024,706,1.4504,212906,178.0,179.0,168.0,176.78,10.0,0.03608,0.00805,black_bar,found,209.0,0.2041,5.0,0.871,0.875,1,
casent0101328,Pheidole,myrmicinae,Pheidole bessonii,April Nobile,commons,,"California Academy of Sciences, 2000-2008",train,p,data/images/Pheidole/casent0101328_p.jpg,False,2000.0,2008.0,038c0d5281aacbe08243c183f394b0d6da0f3c0f3b816f28c8b7fb9657260523,https://upload.wikimedia.org/wikipedia/commons/1/19/Pheidole_bessonii_casent0101328_profile_1.jpg,"harvester downscale, byte-identical",commons_original,False,1024,690,1.4841,166043,215.0,217.0,215.0,214.72,0.0,0.13397,0.01296,black_bar,found,166.0,0.1621,5.0,0.9,0.938,1,
casent0101329,Pheidole,myrmicinae,Pheidole bessonii,April Nobile,commons,Syntype,"California Academy of Sciences, 2000-2008",train,p,data/images/Pheidole/casent0101329_p.jpg,True,2000.0,2008.0,6dd5503ca4e8366e8aa722c3ca5ef28701dffd6e68d7d15ef1c4b0f4807665d0,https://upload.wikimedia.org/wikipedia/commons/a/ab/Pheidole_bessonii_casent0101329_profile_1.jpg,"harvester downscale, byte-identical",commons_original,False,1024,716,1.4302,177542,209.0,211.0,205.0,206.64,4.0,0.05563,0.00597,black_bar,found,148.0,0.1445,4.0,0.921,0.936,1,
casent0101330,Pheidole,myrmicinae,Pheidole spinosa,Nick Olgeirson,commons,Lectotype,"California Academy of Sciences, 2000-2008",test,p,data/images/Pheidole/casent0101330_p.jpg,True,2000.0,2008.0,1c91b88b33172c3a23ddf94344585702735d5228ca70bfdb3f5082e0d951424d,https://upload.wikimedia.org/wikipedia/commons/6/6b/Pheidole_punctulata_spinosa_casent0101330_profile_1.jpg,"harvester downscale, byte-identical",commons_original,False,1024,640,1.6,193955,210.0,210.0,207.0,197.9,3.0,0.17021,0.03406,black_bar,found,222.0,0.2168,4.0,0.852,0.928,1,
casent0101331,Pheidole,myrmicinae,Pheidole spinosa,Nick Olgeirson,commons,Paralectotype,"California Academy of Sciences, 2000-2008",test,p,data/images/Pheidole/casent0101331_p.jpg,True,2000.0,2008.0,096d5f09ece46435ce0fce51c63eb226e1a644055c7713fe6b8ed842868cadb7,https://upload.wikimedia.org/wikipedia/commons/a/a1/Pheidole_punctulata_spinosa_casent0101331_profile_1.jpg,"harvester downscale, byte-identical",commons_original,False,1024,708,1.4463,190890,225.0,227.0,233.0,216.4,-8.0,0.1433,0.0096,black_bar,found,229.0,0.2236,4.0,0.406,0.929,1,
casent0101333,Pheidole,myrmicinae,Pheidole spinosa,Michele Esposito,commons,Paralectotype,"California Academy of Sciences, 2000-2008",train,p,data/images/Pheidole/casent0101333_p.jpg,True,2000.0,2008.0,b6498bc15b4c2679fa004585e9cbdc1a9d2fe55a081513d0a8146099056d4415,https://upload.wikimedia.org/wikipedia/commons/2/28/Pheidole_picata_bernhardae_casent0101333_profile_1.jpg,"harvester downscale, byte-identical",commons_original,False,887,808,1.0978,189122,215.0,215.0,213.0,215.25,2.0,0.04966,0.00298,black_bar,found,156.0,0.1759,5.0,0.734,0.905,1,
casent0101334,Camponotus,formicinae,Camponotus maculatus,April Nobile,commons,,"California Academy of Sciences, 2000-2008",train,p,data/images/Camponotus/casent0101334_p.jpg,False,2000.0,2008.0,2e9e12274f46403b7ffb9febdb6870a4c282592d6f46e8e1a1c7c6caa1c66b86,https://upload.wikimedia.org/wikipedia/commons/2/28/Camponotus_hova_hovahovoides_casent0101334_profile_1.jpg,"Commons server thumbnail, byte-identical",commons_thumbnail,True,1280,758,1.6887,169885,162.0,156.0,141.0,152.62,21.0,0.03664,0.01142,black_bar,found,122.0,0.0953,6.0,0.931,0.918,1,
casent0101335,Camponotus,formicinae,Camponotus hovahovoides,April Nobile,commons,Lectotype,"California Academy of Sciences, 2000-2007",train,p,data/images/Camponotus/casent0101335_p.jpg,True,2000.0,2007.0,f6a272f0fe0ee1345a271b226c1d3127d6398e42bd564d3ab13937d34d2703cf,https://upload.wikimedia.org/wikipedia/commons/6/6f/Camponotus_hova_hovahovoides_casent0101335_profile_1.jpg,"harvester downscale, byte-identical",commons_original,False,1024,692,1.4798,149128,165.0,159.0,142.0,154.41,23.0,0.01979,0.00616,black_bar,found,106.0,0.1035,4.0,0.877,0.903,1,
casent0101336,Camponotus,formicinae,Camponotus hovahovoides,April Nobile,commons,,"California Academy of Sciences, 2000-2007",train,p,data/images/Camponotus/casent0101336_p.jpg,False,2000.0,2007.0,6e1ff813bab43eb5fffd0ea182ca793f60a697e30da2bb47c9be550c3029e778,https://upload.wikimedia.org/wikipedia/commons/9/9c/Camponotus_hova_hovoides_casent0101336_profile_1.jpg,"harvester downscale, byte-identical",commons_original,False,1024,635,1.6126,145303,154.0,149.0,131.0,145.64,23.0,0.04555,0.01763,black_bar,found,106.0,0.1035,4.0,0.719,0.923,1,
casent0101337,Camponotus,formicinae,Camponotus hovahovoides,April Nobile,commons,Paralectotype,"California Academy of Sciences, 2000-2007",train,p,data/images/Camponotus/casent0101337_p.jpg,True,2000.0,2007.0,b398023667aeaaa367dcfb331a2730e166b81e46fa12ff2311e2e5d30b8a67fa,https://upload.wikimedia.org/wikipedia/commons/a/ab/Camponotus_hova_hovoides_casent0101337_profile_1.jpg,"harvester downscale, byte-identical",commons_original,False,1024,693,1.4776,144177,156.0,151.0,133.0,146.02,23.0,0.01374,0.00459,black_bar,found,133.0,0.1299,4.0,0.914,0.921,1,
casent0101338,Camponotus,formicinae,Camponotus strangulatus,April Nobile,commons,Paralectotype,"California Academy of Sciences, 2000-2007",test,p,data/images/Camponotus/casent0101338_p.jpg,True,2000.0,2007.0,f96869bd522ac94a71c0609b9c934863b0a5f005460ee1aa222c0a5f6aebdcd8,https://upload.wikimedia.org/wikipedia/commons/3/36/Camponotus_maculatus_casent0101338_profile_1.jpg,"harvester downscale, byte-identical",commons_original,False,1024,668,1.5329,170071,170.0,163.0,141.0,162.5,29.0,0.04788,0.0115,black_bar,found,88.0,0.0859,4.0,0.445,0.931,1,
casent0101339,Camponotus,formicinae,Camponotus strangulatus,April Nobile,commons,Paralectotype,"California Academy of Sciences, 2000-2007",train,p,data/images/Camponotus/casent0101339_p.jpg,True,2000.0,2007.0,6311093d64029c40cf9530f8381440dac260796034b1e200025b7c6a7c0e2466,https://upload.wikimedia.org/wikipedia/commons/0/0d/Camponotus_maculatus_casent0101339_profile_1.jpg,"harvester downscale, byte-identical",commons_original,False,1024,771,1.3281,144535,179.0,171.0,152.0,171.41,27.0,0.01604,0.00307,black_bar,found,95.0,0.0928,4.0,0.41,0.896,1,
casent0101342,Camponotus,formicinae,Camponotus boivini,April Nobile,commons,Paralectotype,"California Academy of Sciences, 2000-2008",train,p,data/images/Camponotus/casent0101342_p.jpg,True,2000.0,2008.0,696f95eb954ea734e0c9dd2d84c9bb08db4df1fd6ae684c959ad270c87de11ea,https://upload.wikimedia.org/wikipedia/commons/a/a6/Camponotus_hova_boivini_casent0101342_profile_1.jpg,"harvester downscale, byte-identical",commons_original,False,1024,653,1.5681,171322,185.0,186.0,186.0,177.0,-1.0,0.18575,0.06182,black_bar,found,298.0,0.291,4.0,0.842,0.926,1,
casent0101343,Camponotus,formicinae,Camponotus boivini,April Nobile,commons,Lectotype,"California Academy of Sciences, 2000-2008",train,p,data/images/Camponotus/casent0101343_p.jpg,True,2000.0,2008.0,857877367b6de64f8f9ffaac2798f4704678e53d2a8fb10dae39096ebe9cfdd8,https://upload.wikimedia.org/wikipedia/commons/f/f0/Camponotus_hova_boivini_casent0101343_profile_1.jpg,"harvester downscale, byte-identical",commons_original,False,1024,755,1.3563,191651,181.0,181.0,179.0,173.21,2.0,0.0674,0.02614,black_bar,found,205.0,0.2002,4.0,0.887,0.932,1,
casent0101346,Camponotus,formicinae,Camponotus radamae,April Nobile,commons,Paralectotype,"California Academy of Sciences, 2000-2008",test,p,data/images/Camponotus/casent0101346_p.jpg,True,2000.0,2008.0,2af070b7461dbc30ef250059e8b93043b065e1dee509da8f98b74ec87ad59b0d,https://upload.wikimedia.org/wikipedia/commons/2/2d/Camponotus_hova_radamae_casent0101346_profile_1.jpg,"harvester downscale, byte-identical",commons_original,False,1024,771,1.3281,157618,214.0,213.0,212.0,207.16,2.0,0.09449,0.0049,black_bar,found,249.0,0.2432,4.0,0.857,0.92,1,
casent0101347,Camponotus,formicinae,Camponotus radamae,April Nobile,commons,Paralectotype,"California Academy of Sciences, 2000-2008",test,p,data/images/Camponotus/casent0101347_p.jpg,True,2000.0,2008.0,1b121750e048fcd88918487c65542e67760bda82ef4774a977fe615d19afce0e,https://upload.wikimedia.org/wikipedia/commons/0/05/Camponotus_hova_radamae_casent0101347_profile_1.jpg,"harvester downscale, byte-identical",commons_original,False,1024,755,1.3563,155277,212.0,212.0,213.0,204.63,-1.0,0.03835,0.00182,black_bar,found,165.0,0.1611,4.0,0.797,0.934,1,
casent0101348,Camponotus,formicinae,Camponotus boivini,April Nobile,commons,Paralectotype,"California Academy of Sciences, 2000-2008",train,p,data/images/Camponotus/casent0101348_p.jpg,True,2000.0,2008.0,05452a87ac0c6f888a5534195abbf7566c12eba8b1810092ef71f7be8fee85b6,https://upload.wikimedia.org/wikipedia/commons/8/8e/Camponotus_hova_boivini_casent0101348_profile_1.jpg,"Commons server thumbnail, byte-identical",commons_thumbnail,True,1280,783,1.6347,163077,152.0,152.0,155.0,149.08,-3.0,0.03312,0.00628,black_bar,found,143.0,0.1117,5.0,0.817,0.92,1,
casent0101349,Camponotus,formicinae,Camponotus boivini,April Nobile,commons,Paralectotype,"California Academy of Sciences, 2000-2008",train,p,data/images/Camponotus/casent0101349_p.jpg,True,2000.0,2008.0,7686b4a9f8780855e08465d81a1e343c84878f22a27f3b2409368f58e9839c19,https://upload.wikimedia.org/wikipedia/commons/6/66/Camponotus_hova_boivini_casent0101349_profile_1.jpg,"harvester downscale, byte-identical",commons_original,False,1024,670,1.5284,144297,146.0,147.0,147.0,142.71,-1.0,0.0096,0.00268,black_bar,found,201.0,0.1963,4.0,0.886,0.918,1,
casent0101350,Camponotus,formicinae,Camponotus cervicalis,April Nobile,commons,Lectotype,"California Academy of Sciences, 2000-2008",train,p,data/images/Camponotus/casent0101350_p.jpg,True,2000.0,2008.0,4d5be8ded0df5d030a57d55de33ce4fe17cf2c188043ec3309bf897bb9d987c6,https://upload.wikimedia.org/wikipedia/commons/7/74/Camponotus_perroti_casent0101350_profile_1.jpg,"harvester downscale, byte-identical",commons_original,False,1024,771,1.3281,153089,145.0,146.0,145.0,144.22,0.0,0.05238,0.02513,black_bar,found,148.0,0.1445,5.0,0.914,0.938,1,
casent0101351,Camponotus,formicinae,Camponotus cervicalis,April Nobile,commons,Paralectotype,"California Academy of Sciences, 2000-2008",test,p,data/images/Camponotus/casent0101351_p.jpg,True,2000.0,2008.0,0abfae7310c433e3b5dfed27dddeab3c51baba019308aa4998d1e1af6adc2cdb,https://upload.wikimedia.org/wikipedia/commons/9/97/Camponotus_perroti_casent0101351_profile_1.jpg,"harvester downscale, byte-identical",commons_original,False,1024,682,1.5015,133032,150.0,150.0,147.0,148.26,3.0,0.03227,0.01598,black_bar,found,113.0,0.1104,5.0,0.935,0.936,1,
casent0101352,Camponotus,formicinae,Camponotus maculatus,April Nobile,commons,,"California Academy of Sciences, 2000-2008",train,p,data/images/Camponotus/casent0101352_p.jpg,False,2000.0,2008.0,94730e5bbcf66664ac9d412820d5409827357f61dff91a1e83393af0f2fe5867,https://upload.wikimedia.org/wikipedia/commons/f/f8/Camponotus_maculatus_casent0101352_profile_1.jpg,"harvester downscale, byte-identical",commons_original,False,1024,705,1.4525,174381,206.0,205.0,201.0,185.32,5.0,0.1832,0.00963,black_bar,found,225.0,0.2197,4.0,0.861,0.928,1,
casent0101353,Camponotus,formicinae,Camponotus maculatus,April Nobile,commons,,"California Academy of Sciences, 2000-2008",train,p,data/images/Camponotus/casent0101353_p.jpg,False,2000.0,2008.0,ea67b5e324db92423f6f39c47bdf7c5abb5439c70e9a6e979ba65c4736f2c0db,https://upload.wikimedia.org/wikipedia/commons/6/60/Camponotus_maculatus_casent0101353_profile_1.jpg,"harvester downscale, byte-identical",commons_original,False,1024,662,1.5468,117988,129.0,130.0,128.0,130.41,1.0,0.00258,0.00224,black_bar,found,110.0,0.1074,4.0,0.39,0.814,1,
casent0101354,Camponotus,formicinae,Camponotus maculatus,April Nobile,commons,,"California Academy of Sciences, 2000-2008",train,p,data/images/Camponotus/casent0101354_p.jpg,False,2000.0,2008.0,6bccdad024d824a37f791dbf4a732925c906b974002c8f4fedaab1d0388313c2,https://upload.wikimedia.org/wikipedia/commons/d/da/Camponotus_maculatus_casent0101354_profile_1.jpg,"harvester downscale, byte-identical",commons_original,False,1024,625,1.6384,135424,142.0,142.0,135.0,141.15,7.0,0.04431,0.0152,black_bar,found,102.0,0.0996,5.0,0.329,0.87,1,
casent0101356,Camponotus,formicinae,Camponotus maculatus,April Nobile,commons,,"California Academy of Sciences, 2000-2008",train,p,data/images/Camponotus/casent0101356_p.jpg,False,2000.0,2008.0,13714d414500dd36582c40eac25528388aef7a779e5e1cea0f764773d35c3f22,https://upload.wikimedia.org/wikipedia/commons/0/02/Camponotus_maculatus_casent0101356_profile_1.jpg,"harvester downscale, byte-identical",commons_original,False,1024,771,1.3281,171194,205.0,203.0,199.0,195.65,6.0,0.06628,0.0073,black_bar,found,164.0,0.1602,4.0,0.882,0.93,1,
casent0101357,Camponotus,formicinae,Camponotus concolor,April Nobile,commons,,"California Academy of Sciences, 2000-2008",train,p,data/images/Camponotus/casent0101357_p.jpg,False,2000.0,2008.0,171dd12c200268c4184f1fa79d7dd54eb52fd90e60180f9fb7b74f7116cc72c6,https://upload.wikimedia.org/wikipedia/commons/d/dd/Camponotus_concolor_casent0101357_profile_1.jpg,"harvester downscale, byte-identical",commons_original,False,1024,665,1.5398,202747,221.0,221.0,211.0,204.38,10.0,0.11016,0.00764,black_bar,found,211.0,0.2061,5.0,0.88,0.924,1,
casent0101358,Camponotus,formicinae,Camponotus concolor,Nick Olgeirson,commons,,"California Academy of Sciences, 2000-2008",test,p,data/images/Camponotus/casent0101358_p.jpg,False,2000.0,2008.0,8cb8f57cb14f6bf2394b0ec99e6fbeb6a86e8105471209ead193f974193e6df9,https://upload.wikimedia.org/wikipedia/commons/2/24/Camponotus_concolor_casent0101358_profile_1.jpg,"harvester downscale, byte-identical",commons_original,False,1024,726,1.4105,204208,219.0,218.0,211.0,210.21,8.0,0.16499,0.01753,black_bar,found,217.0,0.2119,4.0,0.871,0.916,1,
casent0101359,Camponotus,formicinae,Camponotus concolor,Nick Olgeirson,commons,,"California Academy of Sciences, 2000-2008",train,p,data/images/Camponotus/casent0101359_p.jpg,False,2000.0,2008.0,2cb1a06f0b536eae52e88a0b5b0020a2f5ea51527148227b9decfd5c0d3eb176,https://upload.wikimedia.org/wikipedia/commons/4/42/Camponotus_concolor_casent0101359_profile_1.jpg,"harvester downscale, byte-identical",commons_original,False,1024,664,1.5422,175979,204.0,208.0,201.0,204.43,3.0,0.0697,0.00985,black_bar,found,130.0,0.127,5.0,0.869,0.831,1,
casent0101360,Camponotus,formicinae,Camponotus nasicus,April Nobile,commons,,"California Academy of Sciences, 2000-2008",train,p,data/images/Camponotus/casent0101360_p.jpg,False,2000.0,2008.0,f272750b06153ca88f8e6e93d3cd9734f7fde1b0f48d0bdf27d8b64dacf7a969,https://upload.wikimedia.org/wikipedia/commons/b/b9/Camponotus_nasicus_casent0101360_profile_1.jpg,"harvester downscale, byte-identical",commons_original,False,1006,808,1.245,271840,220.0,218.0,204.0,208.12,16.0,0.30783,0.13145,black_bar,found,239.0,0.2376,5.0,0.696,0.939,1,
casent0101362,Camponotus,formicinae,Camponotus radovae,Nick Olgeirson,commons,,"California Academy of Sciences, 2000-2008",train,p,data/images/Camponotus/casent0101362_p.jpg,False,2000.0,2008.0,bf210afdef7f5858f481d26e0790c9123306bc0ead634d409bb2f08c539f8df9,https://upload.wikimedia.org/wikipedia/commons/1/1b/Camponotus_radovae_casent0101362_profile_1.jpg,"harvester downscale, byte-identical",commons_original,False,1024,733,1.397,226487,214.0,213.0,206.0,198.01,8.0,0.35092,0.13698,black_bar,found,153.0,0.1494,4.0,0.435,0.839,1,
casent0101363,Camponotus,formicinae,Camponotus radovae,Nick Olgeirson,commons,,"California Academy of Sciences, 2000-2008",train,p,data/images/Camponotus/casent0101363_p.jpg,False,2000.0,2008.0,ab5c19e93caf16eb3dad474e97084fcabe5667d718e3b53da63bcaa9b6ebeded,https://upload.wikimedia.org/wikipedia/commons/4/44/Camponotus_radovae_casent0101363_profile_1.jpg,"Commons server thumbnail, byte-identical",commons_thumbnail,True,1280,769,1.6645,218679,206.0,203.0,197.0,192.06,9.0,0.32801,0.16164,black_bar,found,193.0,0.1508,6.0,0.268,0.902,1,
casent0101364,Camponotus,formicinae,Camponotus radovae,April Nobile,commons,,"California Academy of Sciences, 2000-2008",train,p,data/images/Camponotus/casent0101364_p.jpg,False,2000.0,2008.0,865c88e836e443e2f17aca4da8a1501c4a6c3e459169eb7df4ef15678b27af66,https://upload.wikimedia.org/wikipedia/commons/f/fa/Camponotus_radovae_casent0101364_profile_1.jpg,"harvester downscale, byte-identical",commons_original,False,1024,771,1.3281,219097,205.0,207.0,199.0,197.05,6.0,0.33968,0.12427,black_bar,found,180.0,0.1758,10.0,0.899,0.946,1,
casent0101365,Camponotus,formicinae,Camponotus imitator,April Nobile,commons,Lectotype,"California Academy of Sciences, 2000-2008",train,p,data/images/Camponotus/casent0101365_p.jpg,True,2000.0,2008.0,d6f8fb172e00a518f0d57b1b1eab72ecdc1770c8fd3c35cc9c701e7d697d757b,https://upload.wikimedia.org/wikipedia/commons/7/7e/Camponotus_imitator_casent0101365_profile_1.jpg,"harvester downscale, byte-identical",commons_original,False,1024,771,1.3281,176410,210.0,210.0,208.0,196.17,2.0,0.2427,0.0463,black_bar,found,249.0,0.2432,4.0,0.859,0.929,1,
casent0101366,Camponotus,formicinae,Camponotus batesii,April Nobile,commons,,"California Academy of Sciences, 2000-2008",train,p,data/images/Camponotus/casent0101366_p.jpg,False,2000.0,2008.0,7aeb5406fe13eb9f6f1c39682b752d0a92d8344932ea84a493fcb6fdc56264eb,https://upload.wikimedia.org/wikipedia/commons/5/55/Camponotus_batesii_casent0101366_profile_1.jpg,"harvester downscale, byte-identical",commons_original,False,1024,771,1.3281,179194,215.0,215.0,215.0,206.17,0.0,0.09499,0.00428,black_bar,found,205.0,0.2002,4.0,0.879,0.92,1,
casent0101367,Camponotus,formicinae,Camponotus radovae,April Nobile,commons,,"California Academy of Sciences, 2000-2008",train,p,data/images/Camponotus/casent0101367_p.jpg,False,2000.0,2008.0,1e82944641a68c43ce40133f9bbc06d2e07e6cd70eb671e8a0072e9cd7294e81,https://upload.wikimedia.org/wikipedia/commons/0/0d/Camponotus_radovae_radovaedarwinii_casent0101367_profile_1.jpg,"harvester downscale, byte-identical",commons_original,False,1014,808,1.255,204035,214.0,214.0,213.0,204.26,1.0,0.25542,0.04841,black_bar,found,261.0,0.2574,4.0,0.86,0.921,1,
casent0101368,Camponotus,formicinae,Camponotus grandidieri,Nick Olgeirson,commons,Paralectotype,"California Academy of Sciences, 2000-2008",train,p,data/images/Camponotus/casent0101368_p.jpg,True,2000.0,2008.0,6c5376f555a89268afa1efe0b9a32e8772cec11e1d12a304cad6d86736f7c4a9,https://upload.wikimedia.org/wikipedia/commons/4/4f/Camponotus_grandidieri_casent0101368_profile_1.jpg,"harvester downscale, byte-identical",commons_original,False,1024,675,1.517,219380,235.0,235.0,230.0,232.23,5.0,0.27368,0.0542,black_bar,found,146.0,0.1426,4.0,0.887,0.916,1,
casent0101369,Camponotus,formicinae,Camponotus grandidieri,April Nobile,commons,Paralectotype,"California Academy of Sciences, 2000-2008",train,p,data/images/Camponotus/casent0101369_p.jpg,True,2000.0,2008.0,c58abcd424f9a27af1831a717b1f919d27cbf79417a63ad9ebc905de8d3ce05f,https://upload.wikimedia.org/wikipedia/commons/3/30/Camponotus_grandidieri_casent0101369_profile_1.jpg,"harvester downscale, byte-identical",commons_original,False,1024,675,1.517,167195,213.0,214.0,214.0,206.51,-1.0,0.22324,0.04102,black_bar,found,126.0,0.123,4.0,0.874,0.911,1,
casent0101370,Camponotus,formicinae,Camponotus grandidieri,April Nobile,commons,Paralectotype,"California Academy of Sciences, 2000-2008",train,p,data/images/Camponotus/casent0101370_p.jpg,True,2000.0,2008.0,b2b85371acdc0d1b6ba491a8ca3d0ffb79a6bfa87ba37c9ba92d743855f248ca,https://upload.wikimedia.org/wikipedia/commons/2/21/Camponotus_grandidieri_casent0101370_profile_1.jpg,"harvester downscale, byte-identical",commons_original,False,1024,771,1.3281,210429,220.0,221.0,221.0,214.16,-1.0,0.25809,0.04769,black_bar,found,182.0,0.1777,4.0,0.891,0.92,1,
casent0101373,Camponotus,formicinae,Camponotus nossibeensis,Nick Olgeirson,commons,,"California Academy of Sciences, 2000-2008",train,p,data/images/Camponotus/casent0101373_p.jpg,False,2000.0,2008.0,e6d1b7246c232d48164644f392daff53379f19e68476b14bc79ad4dd57fbcd6d,https://upload.wikimedia.org/wikipedia/commons/6/65/Camponotus_nossibeensis_casent0101373_profile_1.jpg,"harvester downscale, byte-identical",commons_original,False,1024,716,1.4302,222702,225.0,223.0,216.0,213.02,9.0,0.37826,0.14278,black_bar,found,156.0,0.1523,4.0,0.122,0.902,1,
casent0101374,Camponotus,formicinae,Camponotus ursus,April Nobile,commons,,"California Academy of Sciences, 2000-2008",train,p,data/images/Camponotus/casent0101374_p.jpg,False,2000.0,2008.0,c49359502a43cf9447aba699edca2b70aa5db06ff9b566a1f5fa631b10facc97,https://upload.wikimedia.org/wikipedia/commons/e/e6/Camponotus_ursus_casent0101374_profile_1.jpg,"harvester downscale, byte-identical",commons_original,False,1024,799,1.2816,246113,229.0,228.0,222.0,219.32,7.0,0.33647,0.10322,black_bar,found,156.0,0.1523,4.0,0.912,0.926,1,
casent0101375,Camponotus,formicinae,Camponotus ursus,Nick Olgeirson,commons,,"California Academy of Sciences, 2000-2008",test,p,data/images/Camponotus/casent0101375_p.jpg,False,2000.0,2008.0,e14b336ef933fe1dccb034563de1fe7f622d6729ee8930f5ca0158424c6f0dc4,https://upload.wikimedia.org/wikipedia/commons/0/0d/Camponotus_ursus_casent0101375_profile_1.jpg,"harvester downscale, byte-identical",commons_original,False,1024,771,1.3281,230977,197.0,199.0,195.0,190.8,2.0,0.35176,0.1998,black_bar,found,170.0,0.166,5.0,0.733,0.938,1,
casent0101376,Camponotus,formicinae,Camponotus voeltzkowii,April Nobile,commons,Lectotype,"California Academy of Sciences, 2000-2008",test,p,data/images/Camponotus/casent0101376_p.jpg,True,2000.0,2008.0,74725b0e83dd5acc4aab16a078e0be9c0ded381492c19a87056ffea2259f456f,https://upload.wikimedia.org/wikipedia/commons/3/3b/Camponotus_voeltzkowii_casent0101376_profile_1.jpg,"harvester downscale, byte-identical",commons_original,False,1024,704,1.4545,182103,211.0,211.0,209.0,206.47,2.0,0.21424,0.02448,black_bar,found,165.0,0.1611,4.0,0.649,0.919,1,
casent0101377,Camponotus,formicinae,Camponotus voeltzkowii,Nick Olgeirson,commons,Paralectotype,"California Academy of Sciences, 2000-2008",train,p,data/images/Camponotus/casent0101377_p.jpg,True,2000.0,2008.0,bcf96f560d558bf8df008a4406a21392269d2446c95e006622d3a4e49a74f35a,https://upload.wikimedia.org/wikipedia/commons/2/22/Camponotus_voeltzkowii_casent0101377_profile_1.jpg,"harvester downscale, byte-identical",commons_original,False,1024,651,1.573,170164,178.0,178.0,176.0,176.54,2.0,0.15337,0.07251,black_bar,found,257.0,0.251,4.0,0.565,0.849,1,
casent0101378,Camponotus,formicinae,Camponotus darwinii,April Nobile,commons,,"California Academy of Sciences, 2000-2008",train,p,data/images/Camponotus/casent0101378_p.jpg,False,2000.0,2008.0,aa03b482fa5b7bca8bfb00f285aa76175a2c3587b34325893de02a2a2b0f5535,https://upload.wikimedia.org/wikipedia/commons/d/da/Camponotus_darwinii_rubropilosus_casent0101378_profile_1.jpg,"harvester downscale, byte-identical",commons_original,False,1024,676,1.5148,164601,217.0,214.0,212.0,211.03,5.0,0.26653,0.06087,black_bar,found,225.0,0.2197,4.0,0.611,0.913,1,
casent0101379,Camponotus,formicinae,Camponotus echinoploides,April Nobile,commons,Holotype,"California Academy of Sciences, 2000-2008",train,p,data/images/Camponotus/casent0101379_p.jpg,True,2000.0,2008.0,114854832df8b3dfcecd9031475a5bd6a34954cc2c839e79682d44f4e5be02e9,https://upload.wikimedia.org/wikipedia/commons/4/4e/Camponotus_echinoploides_casent0101379_profile_1.jpg,"harvester downscale, byte-identical",commons_original,False,1024,685,1.4949,209909,206.0,207.0,203.0,192.53,3.0,0.3237,0.09632,black_bar,found,170.0,0.166,4.0,0.894,0.93,1,
casent0101380,Camponotus,formicinae,Camponotus darwinii,April Nobile,commons,,"California Academy of Sciences, 2000-2008",train,p,data/images/Camponotus/casent0101380_p.jpg,False,2000.0,2008.0,2e5684f4bcb15e0a1f8bcf06733bd1cfd55b1eecae554a695b7633928b0a678a,https://upload.wikimedia.org/wikipedia/commons/a/a7/Camponotus_darwinii_rubropilosus_casent0101380_profile_1.jpg,"harvester downscale, byte-identical",commons_original,False,1024,751,1.3635,180076,213.0,213.0,212.0,206.07,1.0,0.20123,0.05287,black_bar,found,219.0,0.2139,4.0,0.255,0.932,1,
casent0101381,Camponotus,formicinae,Camponotus themistocles,Nick Olgeirson,commons,,"California Academy of Sciences, 2000-2008",test,p,data/images/Camponotus/casent0101381_p.jpg,False,2000.0,2008.0,ffa35e1da1f19683b367760c9154d370b790eb480a5b812ca1ae1e076d1ae847,https://upload.wikimedia.org/wikipedia/commons/0/0c/Camponotus_darwinii_themistocles_casent0101381_profile_1.jpg,"harvester downscale, byte-identical",commons_original,False,1024,655,1.5634,188880,199.0,198.0,192.0,192.78,7.0,0.3302,0.18557,black_bar,found,256.0,0.25,4.0,0.727,0.901,1,
casent0101382,Camponotus,formicinae,Camponotus ellioti,Nick Olgeirson,commons,,"California Academy of Sciences, 2000-2008",train,p,data/images/Camponotus/casent0101382_p.jpg,False,2000.0,2008.0,0040a1b006af0aeaeec4cd77b3ae228b7c900cf4091dcfb776775b5c27ac0f3a,https://upload.wikimedia.org/wikipedia/commons/a/a6/Camponotus_ellioti_casent0101382_profile_1.jpg,"Commons server thumbnail, byte-identical",commons_thumbnail,True,1280,718,1.7827,205766,209.0,206.0,200.0,192.79,9.0,0.32532,0.10522,black_bar,found,297.0,0.232,6.0,0.452,0.855,1,
casent0101383,Camponotus,formicinae,Camponotus madagascarensis,April Nobile,commons,Lectotype,"California Academy of Sciences, 2000-2008",train,p,data/images/Camponotus/casent0101383_p.jpg,True,2000.0,2008.0,a4119604911d6f052444182bc2b92c5170d7aac6162a4378810541b9d630bb82,https://upload.wikimedia.org/wikipedia/commons/7/70/Camponotus_niveosetosus_madagascarensis_casent0101383_profile_1.jpg,"harvester downscale, byte-identical",commons_original,False,1024,748,1.369,150321,157.0,160.0,160.0,153.08,-3.0,0.10886,0.02737,black_bar,found,165.0,0.1611,5.0,0.908,0.935,1,
casent0101384,Camponotus,formicinae,Camponotus edmondi,Nick Olgeirson,commons,Lectotype,"California Academy of Sciences, 2000-2008",train,p,data/images/Camponotus/casent0101384_p.jpg,True,2000.0,2008.0,c623723de1299a246729f8065ee4f552759434057e6e4f4becef38eeaae0a884,https://upload.wikimedia.org/wikipedia/commons/7/70/Camponotus_edmondi_casent0101384_profile_1.jpg,"harvester downscale, byte-identical",commons_original,False,1024,560,1.8286,140306,202.0,203.0,199.0,199.6,3.0,0.27815,0.12606,black_bar,found,189.0,0.1846,4.0,0.85,0.9,1,
casent0101386,Camponotus,formicinae,Camponotus darwinii,Nick Olgeirson,commons,,"California Academy of Sciences, 2000-2008",train,p,data/images/Camponotus/casent0101386_p.jpg,False,2000.0,2008.0,75c4232b70d64004a038d0f31b9ad6b57b2bedaba138b985ce1650c65081924b,https://upload.wikimedia.org/wikipedia/commons/5/54/Camponotus_darwinii_casent0101386_profile_1.jpg,"harvester downscale, byte-identical",commons_original,False,1024,719,1.4242,200125,189.0,186.0,183.0,179.39,6.0,0.31271,0.19121,black_bar,found,257.0,0.251,4.0,0.265,0.896,1,
casent0101388,Camponotus,formicinae,Camponotus ethicus,April Nobile,commons,Paralectotype,"California Academy of Sciences, 2000-2008",train,p,data/images/Camponotus/casent0101388_p.jpg,True,2000.0,2008.0,a0a14428ce633da4fa91478b140aea82df0cc532d933d93f1981ba19fc3beec0,https://upload.wikimedia.org/wikipedia/commons/c/c3/Camponotus_ethicus_casent0101388_profile_1.jpg,"harvester downscale, byte-identical",commons_original,False,1024,771,1.3281,163164,215.0,215.0,213.0,205.71,2.0,0.28718,0.04796,black_bar,found,249.0,0.2432,5.0,0.865,0.933,1,
casent0101389,Camponotus,formicinae,Camponotus ethicus,April Nobile,commons,Lectotype,"California Academy of Sciences, 2000-2008",train,p,data/images/Camponotus/casent0101389_p.jpg,True,2000.0,2008.0,5da7a5f6bb2dc413a86d5e2a9c34c7b6e2112ba5925de8ae1f96ae6dabc23f58,https://upload.wikimedia.org/wikipedia/commons/e/ea/Camponotus_ethicus_casent0101389_profile_1.jpg,"harvester downscale, byte-identical",commons_original,False,1024,771,1.3281,169623,221.0,221.0,220.0,217.28,1.0,0.26847,0.04377,black_bar,found,225.0,0.2197,4.0,0.649,0.948,1,
casent0101390,Camponotus,formicinae,Camponotus robustus,April Nobile,commons,Lectotype,"California Academy of Sciences, 2000-2008",test,p,data/images/Camponotus/casent0101390_p.jpg,True,2000.0,2008.0,1790bd603211b6ef91c68fb56dfd6e9fd86ef23f74457862a451b2ac2a058bc2,https://upload.wikimedia.org/wikipedia/commons/5/5f/Camponotus_robustus_casent0101390_profile_1.jpg,"harvester downscale, byte-identical",commons_original,False,1024,741,1.3819,197727,221.0,217.0,214.0,201.94,7.0,0.30894,0.05396,black_bar,found,115.0,0.1123,4.0,0.933,0.942,1,
casent0101391,Camponotus,formicinae,Camponotus darwinii,Nick Olgeirson,commons,,"California Academy of Sciences, 2000-2008",train,p,data/images/Camponotus/casent0101391_p.jpg,False,2000.0,2008.0,f40765e9dbdf0569e1eaa9a73ea30c2d60d98173b316d8b254fc675785240a42,https://upload.wikimedia.org/wikipedia/commons/b/bc/Camponotus_darwinii_casent0101391_profile_1.jpg,"harvester downscale, byte-identical",commons_original,False,1024,635,1.6126,202004,201.0,200.0,196.0,196.79,5.0,0.35858,0.24294,black_bar,found,170.0,0.166,4.0,0.215,0.89,1,
casent0101392,Camponotus,formicinae,Camponotus darwinii,April Nobile,commons,,"California Academy of Sciences, 2000-2008",train,p,data/images/Camponotus/casent0101392_p.jpg,False,2000.0,2008.0,6e126f93f69432eac04dcb96e69dfe90e10a8917fe9aceb990271cfc1c2e4082,https://upload.wikimedia.org/wikipedia/commons/e/ea/Camponotus_darwinii_rubropilosus_casent0101392_profile_1.jpg,"harvester downscale, byte-identical",commons_original,False,1024,660,1.5515,188321,213.0,214.0,212.0,200.78,1.0,0.32066,0.14158,black_bar,found,120.0,0.1172,3.0,0.938,0.939,1,
casent0101393,Camponotus,formicinae,Camponotus darwinii,Nick Olgeirson,commons,,"California Academy of Sciences, 2000-2008",test,p,data/images/Camponotus/casent0101393_p.jpg,False,2000.0,2008.0,ea348d17af183bd413777e6621efe587b5b516c69cb6021f32fe426276c97a63,https://upload.wikimedia.org/wikipedia/commons/8/8d/Camponotus_darwinii_rubropilosus_casent0101393_profile_1.jpg,"harvester downscale, byte-identical",commons_original,False,998,808,1.2351,244251,216.0,218.0,218.0,209.67,-2.0,0.36117,0.1536,black_bar,found,125.0,0.1253,5.0,0.132,0.921,1,
casent0101395,Tetraponera,pseudomyrmecinae,Tetraponera longula,April Nobile,commons,,"California Academy of Sciences, 2000-2008",train,p,data/images/Tetraponera/casent0101395_p.jpg,False,2000.0,2008.0,06d7427210f2bfbdb9326e6414c1a6f507f0771e9a5838895d91dae3da34876b,https://upload.wikimedia.org/wikipedia/commons/c/cc/Tetraponera_sahlbergi_longula_casent0101395_profile_1.jpg,"harvester downscale, byte-identical",commons_original,False,1024,730,1.4027,244437,228.0,215.0,185.0,193.53,43.0,0.21495,0.08394,black_bar,found,221.0,0.2158,4.0,0.372,0.933,1,
casent0101396,Tetraponera,pseudomyrmecinae,Tetraponera morondaviensis,April Nobile,commons,,"California Academy of Sciences, 2000-2007",test,p,data/images/Tetraponera/casent0101396_p.jpg,False,2000.0,2007.0,a7881e3164b8d99433cddc2a3ff058e96e995fa4d9ad894b3c2434d84c328f33,https://upload.wikimedia.org/wikipedia/commons/8/80/Tetraponera_demens_casent0101396_profile_1.jpg,"Commons server thumbnail, byte-identical",commons_thumbnail,True,1280,626,2.0447,215744,146.0,140.0,127.0,143.2,19.0,0.15339,0.12349,black_bar,found,257.0,0.2008,6.0,0.622,0.749,1,
casent0101398,Leptogenys,ponerinae,Leptogenys voeltzkowi,April Nobile,commons,,"California Academy of Sciences, 2000-2007",train,p,data/images/Leptogenys/casent0101398_p.jpg,False,2000.0,2007.0,7af86e75c28fdfebe6052ca87ec4b168655813f445dc248cb76be412ef8ab26c,https://upload.wikimedia.org/wikipedia/commons/9/90/Leptogenys_voeltzkowi_casent0101398_profile_1.jpg,"harvester downscale, byte-identical",commons_original,False,1024,625,1.6384,124369,143.0,136.0,124.0,136.89,19.0,0.0849,0.05968,black_bar,found,107.0,0.1045,4.0,0.32,0.706,1,
casent0101401,Pachycondyla,ponerinae,Pachycondyla perroti,April Nobile,commons,Holotype,"California Academy of Sciences, 2000-2007",test,p,data/images/Pachycondyla/casent0101401_p.jpg,True,2000.0,2007.0,6d3a3f89848c201e1de0fc179b960c63e9dc9ebd5de18852a42a7856402b1038,https://upload.wikimedia.org/wikipedia/commons/2/29/Bothroponera_perroti_casent0101401_profile_1.jpg,"harvester downscale, byte-identical",commons_original,False,1024,543,1.8858,113773,142.0,141.0,133.0,141.37,9.0,0.07809,0.03929,black_bar,found,107.0,0.1045,5.0,0.356,0.692,1,
casent0101403,Pachycondyla,ponerinae,Euponera sikorae,April Nobile,commons,,"California Academy of Sciences, 2000-2007",train,p,data/images/Pachycondyla/casent0101403_p.jpg,False,2000.0,2007.0,d8e37a5712f16f9079ce64aed2c191bb6baabed1ce84248330f4089f6c37c2a1,https://upload.wikimedia.org/wikipedia/commons/8/8c/Pachycondyla_sikorae_casent0101403_profile_1.jpg,"harvester downscale, byte-identical",commons_original,False,1024,604,1.6954,132899,170.0,167.0,159.0,164.57,11.0,0.15023,0.07198,black_bar,found,118.0,0.1152,4.0,0.915,0.899,1,
casent0101404,Bothroponera,ponerinae,Bothroponera cambouei,April Nobile,commons,Paralectotype,"California Academy of Sciences, 2000-2007",train,p,data/images/Bothroponera/casent0101404_p.jpg,True,2000.0,2007.0,050bf4954033a7ab7e9d2070c873a0f0526af320e0b7daeee16fa3af60d07d57,https://upload.wikimedia.org/wikipedia/commons/5/56/Pachycondyla_cambouei_casent0101404_profile_1.jpg,"harvester downscale, byte-identical",commons_original,False,1024,689,1.4862,169261,178.0,175.0,163.0,171.46,15.0,0.15857,0.07182,black_bar,found,118.0,0.1152,4.0,0.46,0.697,1,
casent0101405,Hypoponera,ponerinae,Hypoponera sakalava,April Nobile,commons,Syntype,"California Academy of Sciences, 2000-2007",test,p,data/images/Hypoponera/casent0101405_p.jpg,True,2000.0,2007.0,72e89dcafb8ba42fe62107c3f7d11b225c608f11ce26f6813ca658d29a8af430,https://upload.wikimedia.org/wikipedia/commons/6/61/Hypoponera_sakalava_casent0101405_profile_1.jpg,"harvester downscale, byte-identical",commons_original,False,1024,572,1.7902,124583,140.0,135.0,127.0,146.91,13.0,0.087,0.06758,black_bar,found,205.0,0.2002,4.0,0.8,0.892,1,
casent0101406,Bothroponera,ponerinae,Bothroponera comorensis,April Nobile,commons,Lectotype,"California Academy of Sciences, 2000-2007",test,p,data/images/Bothroponera/casent0101406_p.jpg,True,2000.0,2007.0,ab106fc165f60b081c681ad3cfe7c0697939d178dd666c6ce50a65e901a9a522,https://upload.wikimedia.org/wikipedia/commons/1/15/Pachycondyla_comorensis_casent0101406_profile_1.jpg,"harvester downscale, byte-identical",commons_original,False,1024,507,2.0197,130277,162.0,159.0,147.0,157.37,15.0,0.14479,0.06691,black_bar,found,308.0,0.3008,5.0,0.452,0.849,1,
casent0101407,Bothroponera,ponerinae,Bothroponera comorensis,April Nobile,commons,Paralectotype,"California Academy of Sciences, 2000-2007",train,p,data/images/Bothroponera/casent0101407_p.jpg,True,2000.0,2007.0,d07dd2274048777f46d507db5707aad1fff9869b695802b6de99932ace9364cb,https://upload.wikimedia.org/wikipedia/commons/c/c8/Pachycondyla_comorensis_casent0101407_profile_1.jpg,"harvester downscale, byte-identical",commons_original,False,1024,574,1.784,156520,179.0,176.0,164.0,176.94,15.0,0.12166,0.05673,black_bar,found,259.0,0.2529,4.0,0.694,0.812,1,
casent0101409,Crematogaster,myrmicinae,Crematogaster madagascariensis,April Nobile,commons,,"California Academy of Sciences, 2000-2007",train,p,data/images/Crematogaster/casent0101409_p.jpg,False,2000.0,2007.0,d8ebe49bb75abff06eb683972b6743dce1010899cb43574e0e90a0740d4c05ea,https://upload.wikimedia.org/wikipedia/commons/7/75/Crematogaster_madagascariensis_casent0101409_profile_1.jpg,"Commons server thumbnail, byte-identical",commons_thumbnail,True,1280,683,1.8741,230854,235.0,217.0,176.0,198.21,59.0,0.2181,0.03887,black_bar,found,367.0,0.2867,5.0,0.209,0.802,1,
casent0101410,Crematogaster,myrmicinae,Crematogaster madagascariensis,April Nobile,commons,,"California Academy of Sciences, 2000-2007",train,p,data/images/Crematogaster/casent0101410_p.jpg,False,2000.0,2007.0,52be6691ad1a53a3b578240e2554e0ed9d28856857abaeb7195e224271735274,https://upload.wikimedia.org/wikipedia/commons/f/fd/Crematogaster_madagascariensis_casent0101410_profile_1.jpg,"harvester downscale, byte-identical",commons_original,False,1024,442,2.3167,98455,123.0,115.0,104.0,125.93,19.0,0.08385,0.09265,black_bar,found,260.0,0.2539,4.0,0.435,0.805,1,
casent0101413,Camponotus,formicinae,Camponotus roeseli,April Nobile,commons,Holotype,"California Academy of Sciences, 2000-2008",train,p,data/images/Camponotus/casent0101413_p.jpg,True,2000.0,2008.0,06957c643fb4d3441f51836980a62b9ea5a946786d7b5e3a7e93a9b4cab7dbda,https://upload.wikimedia.org/wikipedia/commons/a/a2/Camponotus_legionarium_casent0101413_profile_1.jpg,"harvester downscale, byte-identical",commons_original,False,1024,717,1.4282,199070,201.0,199.0,188.0,197.31,13.0,0.14846,0.04112,thin_line,found,310.0,0.3027,4.0,0.841,0.933,0,
casent0101416,Nylanderia,formicinae,Nylanderia madagascarensis,April Nobile,commons,Syntype,"California Academy of Sciences, 2000-2007",test,p,data/images/Nylanderia/casent0101416_p.jpg,True,2000.0,2007.0,18bf3fec1cde906e44a4b6a8b33bc8c732fbb656218954e946f3f7c9bf6452a6,https://upload.wikimedia.org/wikipedia/commons/9/99/Paratrechina_madagascarensis_ellisii_casent0101416_profile_1.jpg,"harvester downscale, byte-identical",commons_original,False,1024,728,1.4066,163196,146.0,132.0,121.0,143.05,25.0,0.0235,0.01531,black_bar,found,184.0,0.1797,4.0,0.896,0.897,1,
casent0101419,Pheidole,myrmicinae,Pheidole longispinosa,April Nobile,commons,,"California Academy of Sciences, 2000-2007",train,p,data/images/Pheidole/casent0101419_p.jpg,False,2000.0,2007.0,1bdb92f9c68eb4f07a68ade318252c10b04194269f2fd5d1c111ebb24db4bf6e,https://upload.wikimedia.org/wikipedia/commons/9/93/Pheidole_longispinosa_casent0101419_profile_1.jpg,"harvester downscale, byte-identical",commons_original,False,1024,684,1.4971,171880,171.0,169.0,160.0,164.51,11.0,0.18421,0.07459,black_bar,found,163.0,0.1592,4.0,0.584,0.808,1,
casent0101421,Camponotus,formicinae,Camponotus maculatus,April Nobile,gbif_cache,Lectotype,"California Academy of Sciences, 2000-2007",train,p,data/images/Camponotus/casent0101421_p.jpg,True,2000.0,2007.0,f36d1a4de1b89ddcd62fc4c5c17e59f5e108b7687212ab8853bc7d7116d89a16,https://api.gbif.org/v1/image/cache/1024x1024/occurrence/865114777/media/f767c89acf8e30f237aea9da09e66dec,,gbif_cache,False,1024,1024,1.0,119608,173.0,170.0,156.0,162.14,17.0,0.04941,0.01211,black_bar,found,174.0,0.1699,5.0,0.738,0.818,1,
casent0101423,Camponotus,formicinae,Camponotus dromedarius,April Nobile,commons,,"California Academy of Sciences, 2000-2007",train,p,data/images/Camponotus/casent0101423_p.jpg,False,2000.0,2007.0,91164ea9fa98b53ece4a1c604851e0e06c72eade0eb60ec3a1b87968bd230665,https://upload.wikimedia.org/wikipedia/commons/a/af/Camponotus_dromedarius_casent0101423_profile_1.jpg,"harvester downscale, byte-identical",commons_original,False,1024,771,1.3281,141935,167.0,169.0,158.0,161.49,9.0,0.12302,0.0482,black_bar,found,131.0,0.1279,4.0,0.554,0.78,1,
casent0101424,Camponotus,formicinae,Camponotus voeltzkowii,April Nobile,commons,,"California Academy of Sciences, 2000-2008",train,p,data/images/Camponotus/casent0101424_p.jpg,False,2000.0,2008.0,5a7603bc5270353f41b8409828d0c6e847991fb8dcb0295a5bed37880e629eea,https://upload.wikimedia.org/wikipedia/commons/7/72/Camponotus_voeltzkowii_casent0101424_profile_1.jpg,"harvester downscale, byte-identical",commons_original,False,1024,771,1.3281,197905,170.0,166.0,147.0,183.08,23.0,0.20213,0.08435,black_bar,found,144.0,0.1406,4.0,0.906,0.929,1,
casent0101425,Camponotus,formicinae,Camponotus nossibeensis,April Nobile,commons,,"California Academy of Sciences, 2000-2007",train,p,data/images/Camponotus/casent0101425_p.jpg,False,2000.0,2007.0,8c7cd11bdff89b604d9e26975ab2836164e4c6c5742c405d0b730c77f5d844b4,https://upload.wikimedia.org/wikipedia/commons/7/7c/Camponotus_nossibeensis_casent0101425_profile_1.jpg,"harvester downscale, byte-identical",commons_original,False,1024,771,1.3281,187291,202.0,200.0,187.0,193.36,15.0,0.277,0.09612,black_bar,found,118.0,0.1152,4.0,0.667,0.8,1,
casent0101426,Camponotus,formicinae,Camponotus maculatus,April Nobile,gbif_cache,Paralectotype,"California Academy of Sciences, 2000-2008",train,p,data/images/Camponotus/casent0101426_p.jpg,True,2000.0,2008.0,42965fd5d239f5a85ff9a250cb14a7c8f72bbee59a431d0d544600284f7b4603,https://api.gbif.org/v1/image/cache/1024x1024/occurrence/865114857/media/1affcd9aca76e6f30c969c06e23897fb,,gbif_cache,False,1024,1024,1.0,133633,146.0,143.0,131.0,153.26,15.0,0.02941,0.02199,black_bar,truncated,,,,0.983,0.928,1,
casent0101427,Camponotus,formicinae,Camponotus maculatus,April Nobile,gbif_cache,Paralectotype,"California Academy of Sciences, 2000-2007",train,p,data/images/Camponotus/casent0101427_p.jpg,True,2000.0,2007.0,ebe2af27f73ad40f323be27358fd4e3609368041acc505b9997979494f952a5d,https://api.gbif.org/v1/image/cache/1024x1024/occurrence/865114874/media/dcdfdceadc9bc7a5401f157b485bef25,,gbif_cache,False,1024,1024,1.0,132953,168.0,166.0,151.0,150.9,17.0,0.0637,0.02151,black_bar,found,191.0,0.1865,5.0,0.884,0.838,1,
casent0101429,Camponotus,formicinae,Camponotus maculatus,April Nobile,gbif_cache,Paralectotype,"California Academy of Sciences, 2000-2007",train,p,data/images/Camponotus/casent0101429_p.jpg,True,2000.0,2007.0,1fd5086e050d3b798111293e0c18dacd4ab5e95331380e0e02b2a68a5dcdece9,https://api.gbif.org/v1/image/cache/1024x1024/occurrence/865114911/media/344d2d6e34f0141723f9d63275095298,,gbif_cache,False,1024,1024,1.0,137993,147.0,141.0,131.0,139.27,16.0,0.02981,0.01788,black_bar,found,212.0,0.207,7.0,0.667,0.808,1,
casent0101430,Camponotus,formicinae,Camponotus nasicus,April Nobile,commons,,"California Academy of Sciences, 2000-2007",train,p,data/images/Camponotus/casent0101430_p.jpg,False,2000.0,2007.0,1813688fa4f98a3264db634290c54064a711991afc17c0d42f8afc72cc4a834a,https://upload.wikimedia.org/wikipedia/commons/6/64/Camponotus_nasicus_casent0101430_profile_1.jpg,"harvester downscale, byte-identical",commons_original,False,1024,741,1.3819,176633,177.0,176.0,167.0,172.69,10.0,0.20625,0.12373,black_bar,found,123.0,0.1201,4.0,0.926,0.915,1,
casent0101431,Camponotus,formicinae,Camponotus nasicus,April Nobile,commons,,"California Academy of Sciences, 2000-2007",test,p,data/images/Camponotus/casent0101431_p.jpg,False,2000.0,2007.0,cccd2efa16d3fcdcc0dde44ddd22fe5a75474be7fa0425c34ac86f64340970a1,https://upload.wikimedia.org/wikipedia/commons/6/6d/Camponotus_nasicus_casent0101431_profile_1.jpg,"harvester downscale, byte-identical",commons_original,False,1024,753,1.3599,214789,171.0,171.0,158.0,162.22,13.0,0.28259,0.12569,black_bar,found,131.0,0.1279,4.0,0.928,0.923,1,
casent0101432,Camponotus,formicinae,Camponotus maculatus,April Nobile,commons,,"California Academy of Sciences, 2000-2008",test,p,data/images/Camponotus/casent0101432_p.jpg,False,2000.0,2008.0,af1dd70f367e9d74eef35129a68ef23351309f2e190c075564652eaedfaf1d66,https://upload.wikimedia.org/wikipedia/commons/a/a6/Camponotus_hova_hovoides_casent0101432_profile_1.jpg,"harvester downscale, byte-identical",commons_original,False,1024,644,1.5901,136855,163.0,161.0,152.0,159.14,11.0,0.02977,0.0058,black_bar,found,135.0,0.1318,4.0,0.92,0.922,1,
casent0101435,Camponotus,formicinae,Camponotus christi,April Nobile,commons,Paralectotype,"California Academy of Sciences, 2000-2007",train,p,data/images/Camponotus/casent0101435_p.jpg,True,2000.0,2007.0,15bb60e45248758faaacb3decc595f14cf6c0e2f13f7534899e5d042e36b1769,https://upload.wikimedia.org/wikipedia/commons/f/f2/Camponotus_christi_casent0101435_profile_1.jpg,"harvester downscale, byte-identical",commons_original,False,1024,685,1.4949,153860,158.0,154.0,146.0,155.17,12.0,0.04002,0.0176,black_bar,found,205.0,0.2002,4.0,0.879,0.92,1,
casent0101436,Camponotus,formicinae,Camponotus christi,April Nobile,commons,,"California Academy of Sciences, 2000-2007",train,p,data/images/Camponotus/casent0101436_p.jpg,False,2000.0,2007.0,d524886e920f2ba62ebfe1df9d0c93d0466d7540c78d435a21fee214f70689a1,https://upload.wikimedia.org/wikipedia/commons/f/f8/Camponotus_christi_casent0101436_profile_1.jpg,"harvester downscale, byte-identical",commons_original,False,1024,685,1.4949,146530,144.0,142.0,129.0,150.25,15.0,0.02958,0.01493,black_bar,found,194.0,0.1895,5.0,0.884,0.899,1,
casent0101437,Camponotus,formicinae,Camponotus lubbocki,April Nobile,commons,,"California Academy of Sciences, 2000-2007",test,p,data/images/Camponotus/casent0101437_p.jpg,False,2000.0,2007.0,b6e2c9d6ff13af9a972eea042a7e36d7ccc5b2818c00246bdeaa012b26b83b63,https://upload.wikimedia.org/wikipedia/commons/c/ce/Camponotus_lubbocki_casent0101437_profile_1.jpg,"harvester downscale, byte-identical",commons_original,False,1024,771,1.3281,164890,175.0,179.0,179.0,177.75,-4.0,0.16129,0.05394,black_bar,found,231.0,0.2256,5.0,0.874,0.919,1,
casent0101438,Camponotus,formicinae,Camponotus lubbocki,April Nobile,commons,,"California Academy of Sciences, 2000-2007",test,p,data/images/Camponotus/casent0101438_p.jpg,False,2000.0,2007.0,5d6deff0b1b457aab0cda43a360a58bb78d5101ecd8b45000850bf3c18c17629,https://upload.wikimedia.org/wikipedia/commons/7/78/Camponotus_lubbocki_casent0101438_profile_1.jpg,"harvester downscale, byte-identical",commons_original,False,1024,686,1.4927,143249,170.0,168.0,160.0,163.78,10.0,0.12173,0.05086,black_bar,found,205.0,0.2002,4.0,0.499,0.655,1,
casent0101439,Camponotus,formicinae,Camponotus gibber,April Nobile,commons,,"California Academy of Sciences, 2000-2007",test,p,data/images/Camponotus/casent0101439_p.jpg,False,2000.0,2007.0,13b9bc1a9b933cc771040cd6ec18bcdc0ec406be2ac21af48ac66313d9fad654,https://upload.wikimedia.org/wikipedia/commons/f/f5/Camponotus_gibber_casent0101439_profile_1.jpg,"harvester downscale, byte-identical",commons_original,False,1024,771,1.3281,149238,166.0,168.0,162.0,165.64,4.0,0.07728,0.02493,black_bar,found,130.0,0.127,5.0,0.662,0.754,1,
casent0101440,Camponotus,formicinae,Camponotus gibber,April Nobile,commons,,"California Academy of Sciences, 2000-2007",train,p,data/images/Camponotus/casent0101440_p.jpg,False,2000.0,2007.0,e55f71ee7203a834836ff9f7eaa36e6ac67aacca7bba289cfa31044c181b4b15,https://upload.wikimedia.org/wikipedia/commons/b/bc/Camponotus_gibber_casent0101440_profile_1.jpg,"harvester downscale, byte-identical",commons_original,False,1024,660,1.5515,155014,187.0,184.0,172.0,180.97,15.0,0.15157,0.04174,black_bar,found,131.0,0.1279,4.0,0.92,0.915,1,
casent0101441,Camponotus,formicinae,Camponotus foersteri,April Nobile,commons,,"California Academy of Sciences, 2000-2007",train,p,data/images/Camponotus/casent0101441_p.jpg,False,2000.0,2007.0,91244ed264c857235e46bfba4a75903414217542281fec2024a4731702d0b43b,https://upload.wikimedia.org/wikipedia/commons/b/b9/Camponotus_christi_foersteri_casent0101441_profile_1.jpg,"harvester downscale, byte-identical",commons_original,False,1024,655,1.5634,130109,156.0,152.0,142.0,159.68,14.0,0.07348,0.03751,black_bar,found,209.0,0.2041,5.0,0.874,0.917,1,
casent0101448,Mystrium,amblyoponinae,Mystrium voeltzkowi,April Nobile,commons,,"California Academy of Sciences, 2000-2007",train,p,data/images/Mystrium/casent0101448_p.jpg,False,2000.0,2007.0,bf5bc5f43629205a5a74e8fc99b7fd2a33984bfee9580fa6405e77319c5fc3fe,https://upload.wikimedia.org/wikipedia/commons/8/86/Mystrium_voeltzkowi_casent0101448_profile_1.jpg,"harvester downscale, byte-identical",commons_original,False,1024,771,1.3281,161804,151.0,150.0,142.0,149.58,9.0,0.15861,0.11777,black_bar,found,143.0,0.1396,4.0,0.554,0.815,1,
casent0101461,Cardiocondyla,myrmicinae,Cardiocondyla shuckardi,April Nobile,commons,Syntype,"California Academy of Sciences, 2000-2007",train,p,data/images/Cardiocondyla/casent0101461_p.jpg,True,2000.0,2007.0,d2958ebcf92b1bc1a0a1eaa7619ef5504db4ff4d6b3fbe9bdfa3442609422373,https://upload.wikimedia.org/wikipedia/commons/8/88/Cardiocondyla_shuckardi_casent0101461_profile_1.jpg,"harvester downscale, byte-identical",commons_original,False,1024,659,1.5539,130580,163.0,163.0,154.0,168.33,9.0,0.10821,0.0546,black_bar,found,230.0,0.2246,3.0,0.531,0.731,1,
casent0101467,Technomyrmex,dolichoderinae,Technomyrmex vitiensis,April Nobile,commons,,"California Academy of Sciences, 2000-2007",test,p,data/images/Technomyrmex/casent0101467_p.jpg,False,2000.0,2007.0,ade888da2051399238a2336483fa5b5baf31a80086a9edb0e054ad7ff880f811,https://upload.wikimedia.org/wikipedia/commons/e/ec/Technomyrmex_albipes_casent0101467_profile_1.jpg,"Commons server thumbnail, byte-identical",commons_thumbnail,True,1280,704,1.8182,153213,146.0,147.0,140.0,153.94,6.0,0.06618,0.02994,black_bar,found,233.0,0.182,6.0,0.89,0.903,1,
casent0101468,Tapinoma,dolichoderinae,Tapinoma melanocephalum,April Nobile,commons,,"California Academy of Sciences, 2000-2007",test,p,data/images/Tapinoma/casent0101468_p.jpg,False,2000.0,2007.0,1a4ddf85d8267c0b6f0859e42e742e4af13fb386a3a0e41427b2d33242ed523f,https://upload.wikimedia.org/wikipedia/commons/2/23/Tapinoma_melanocephalum_casent0101468_profile_1.jpg,"harvester downscale, byte-identical",commons_original,False,1024,771,1.3281,146073,96.0,93.0,85.0,101.53,11.0,0.00407,0.00958,black_bar,found,289.0,0.2822,5.0,0.838,0.92,1,
casent0101472,Monomorium,myrmicinae,Monomorium pharaonis,April Nobile,commons,,"California Academy of Sciences, 2000-2007",test,p,data/images/Monomorium/casent0101472_p.jpg,False,2000.0,2007.0,dc258ee17bad9c31d40dad5bf9710c00ba1a6f52b41d0d92121059a8b13cb112,https://upload.wikimedia.org/wikipedia/commons/a/a8/Monomorium_pharaonis_casent0101472_profile_1.jpg,"harvester downscale, byte-identical",commons_original,False,1024,655,1.5634,170762,211.0,177.0,136.0,177.49,75.0,0.07724,0.01708,black_bar,found,203.0,0.1982,4.0,0.441,0.858,1,
casent0101473,Monomorium,myrmicinae,Monomorium destructor,April Nobile,commons,,"California Academy of Sciences, 2000-2008",train,p,data/images/Monomorium/casent0101473_p.jpg,False,2000.0,2008.0,8ac9a42f992f95a3f3136ed233fcbba3b8df5d2beac19b96b3eac6fe8c77ac9e,https://upload.wikimedia.org/wikipedia/commons/8/8e/Trichomyrmex_destructor_casent0101473_profile_1.jpg,"harvester downscale, byte-identical",commons_original,False,1024,489,2.0941,95740,117.0,117.0,111.0,130.7,6.0,0.02341,0.02476,black_bar,found,164.0,0.1602,4.0,0.239,0.699,1,
casent0101474,Monomorium,myrmicinae,Monomorium destructor,April Nobile,commons,,"California Academy of Sciences, 2000-2007",train,p,data/images/Monomorium/casent0101474_p.jpg,False,2000.0,2007.0,6a0bab85354b815c3d6b451fdf444f472e7b45b1f3331c9947b0bfead5c065e2,https://upload.wikimedia.org/wikipedia/commons/3/36/Trichomyrmex_destructor_casent0101474_profile_1.jpg,"harvester downscale, byte-identical",commons_original,False,1024,771,1.3281,155347,120.0,119.0,109.0,131.09,11.0,0.02646,0.02864,black_bar,found,203.0,0.1982,4.0,0.698,0.689,1,
casent0101475,Crematogaster,myrmicinae,Crematogaster schencki,April Nobile,commons,,"California Academy of Sciences, 2000-2007",train,p,data/images/Crematogaster/casent0101475_p.jpg,False,2000.0,2007.0,336e783e3272c65e039096e7a50ae7b0c62e3cc8cc4fd1356844f3b75eadec50,https://upload.wikimedia.org/wikipedia/commons/f/f0/Crematogaster_schencki_casent0101475_profile_1.jpg,"harvester downscale, byte-identical",commons_original,False,1024,715,1.4322,133212,148.0,145.0,139.0,159.41,9.0,0.09138,0.05279,black_bar,found,232.0,0.2266,5.0,0.38,0.833,1,
casent0101476,Tetramorium,myrmicinae,Tetramorium sericeiventre,April Nobile,commons,,"California Academy of Sciences, 2000-2007",train,p,data/images/Tetramorium/casent0101476_p.jpg,False,2000.0,2007.0,0f956bbb032e67a9a4d64a068c34ab33b394691b343923de61abab628c843602,https://upload.wikimedia.org/wikipedia/commons/6/66/Tetramorium_quadrispinosum_casent0101476_profile_1.jpg,"harvester downscale, byte-identical",commons_original,False,1024,528,1.9394,128110,168.0,165.0,157.0,163.5,11.0,0.09406,0.02123,black_bar,found,231.0,0.2256,5.0,0.574,0.732,1,
casent0101477,Camponotus,formicinae,Camponotus edmondi,April Nobile,commons,,"California Academy of Sciences, 2000-2007",train,p,data/images/Camponotus/casent0101477_p.jpg,False,2000.0,2007.0,ed165cfaaf1f020713cbb6f4c7e34cb4ad8b58b3fac69cc1c047200a44ba115a,https://upload.wikimedia.org/wikipedia/commons/2/22/Camponotus_edmondi_casent0101477_profile_1.jpg,"harvester downscale, byte-identical",commons_original,False,1024,715,1.4322,185652,211.0,211.0,199.0,205.47,12.0,0.31874,0.09841,black_bar,found,181.0,0.1768,4.0,0.583,0.845,1,
casent0101478,Camponotus,formicinae,Camponotus edmondi,April Nobile,commons,,"California Academy of Sciences, 2000-2008",train,p,data/images/Camponotus/casent0101478_p.jpg,False,2000.0,2008.0,fd02c530740492cae8a3d9b36f15be7ddaff9b031ac69e989317b90b4147ac4a,https://upload.wikimedia.org/wikipedia/commons/3/32/Camponotus_edmondi_casent0101478_profile_1.jpg,"harvester downscale, byte-identical",commons_original,False,1024,636,1.6101,166400,246.0,228.0,186.0,209.09,60.0,0.34596,0.09601,black_bar,found,205.0,0.2002,4.0,0.886,0.918,1,
casent0101480,Tetramorium,myrmicinae,Tetramorium bicarinatum,April Nobile,commons,,"California Academy of Sciences, 2000-2007",train,p,data/images/Tetramorium/casent0101480_p.jpg,False,2000.0,2007.0,7e8c30d3f63a7dd55a5a8adea735f63d9b18e6de83053acbe6237be0cd7d9854,https://upload.wikimedia.org/wikipedia/commons/2/26/Tetramorium_bicarinatum_casent0101480_profile_1.jpg,"harvester downscale, byte-identical",commons_original,False,1024,412,2.4854,105257,186.0,162.0,149.0,185.04,37.0,0.0461,0.0091,black_bar,found,261.0,0.2549,4.0,0.462,0.828,1,
casent0101481,Camponotus,formicinae,Camponotus robustus,April Nobile,commons,,"California Academy of Sciences, 2000-2007",train,p,data/images/Camponotus/casent0101481_p.jpg,False,2000.0,2007.0,9d12c84e18010db3bff9c843f140a18cde007b5673da1d3f156ff60e9b12c6c8,https://upload.wikimedia.org/wikipedia/commons/a/a9/Camponotus_robustus_casent0101481_profile_1.jpg,"harvester downscale, byte-identical",commons_original,False,1024,771,1.3281,173031,176.0,177.0,171.0,171.83,5.0,0.19344,0.08009,black_bar,found,107.0,0.1045,3.0,0.515,0.798,1,
casent0101482,Aphaenogaster,myrmicinae,Aphaenogaster swammerdami,April Nobile,commons,Syntype,"California Academy of Sciences, 2000-2007",train,p,data/images/Aphaenogaster/casent0101482_p.jpg,True,2000.0,2007.0,4e36d7469eb37dd1dc04aa823f969c0e77b53752dc35e7cf070150ba333f2242,https://upload.wikimedia.org/wikipedia/commons/a/ac/Aphaenogaster_swammerdami_clara_casent0101482_profile_1.jpg,"harvester downscale, byte-identical",commons_original,False,1024,793,1.2913,111522,130.0,130.0,119.0,128.19,11.0,0.02174,0.01524,black_bar,found,97.0,0.0947,5.0,0.907,0.781,1,
casent0101483,Tetramorium,myrmicinae,Tetramorium sericeiventre,April Nobile,commons,,"California Academy of Sciences, 2000-2007",train,p,data/images/Tetramorium/casent0101483_p.jpg,False,2000.0,2007.0,3439c5ae86906d426c8e264a1ea52569bd06ee4bb2f94cfe3bbbd0b1f125e257,https://upload.wikimedia.org/wikipedia/commons/0/08/Tetramorium_sericeiventre_casent0101483_profile_1.jpg,"Commons server thumbnail, byte-identical",commons_thumbnail,True,1280,655,1.9542,208628,176.0,173.0,164.0,186.17,12.0,0.11735,0.03307,black_bar,found,326.0,0.2547,5.0,0.675,0.773,1,
casent0101484,Tetramorium,myrmicinae,Tetramorium bessonii,April Nobile,gbif_cache,,"California Academy of Sciences, 2000-2007",train,p,data/images/Tetramorium/casent0101484_p.jpg,False,2000.0,2007.0,ae284bbdb4dbc61cedabb05ea15e61053b088b051b3bfea03b988640006d5ef4,https://api.gbif.org/v1/image/cache/1024x1024/occurrence/865114176/media/d8458021b74eae99a62415ed83013514,,gbif_cache,False,1024,1024,1.0,145443,153.0,151.0,140.0,130.12,13.0,0.17455,0.10214,thin_line,truncated,,,,0.951,0.857,0,
casent0101488,Nylanderia,formicinae,Nylanderia humbloti,April Nobile,gbif_cache,Syntype,"California Academy of Sciences, 2000-2007",train,p,data/images/Nylanderia/casent0101488_p.jpg,True,2000.0,2007.0,ece302b4352efb213430902eaf59803d3fca3bb89be05c9d879812d89d1d8730,https://api.gbif.org/v1/image/cache/1024x1024/occurrence/865114276/media/16d986875d16faa099f274cc54ddc31c,,gbif_cache,False,1024,1024,1.0,133429,169.0,145.0,111.0,154.54,58.0,0.02332,0.00517,black_bar,found,241.0,0.2354,7.0,0.81,0.736,1,
casent0101492,Camponotus,formicinae,Camponotus hagensii,April Nobile,commons,,"California Academy of Sciences, 2000-2007",train,p,data/images/Camponotus/casent0101492_p.jpg,False,2000.0,2007.0,921b8e394b4a66406d88db3b9d7cd7663af206399ee686d1d0e932cc02956c4b,https://upload.wikimedia.org/wikipedia/commons/2/2e/Camponotus_hagensii_casent0101492_profile_1.jpg,"harvester downscale, byte-identical",commons_original,False,1024,633,1.6177,143773,138.0,136.0,124.0,139.95,14.0,0.10082,0.08227,black_bar,found,164.0,0.1602,5.0,0.867,0.897,1,
casent0101494,Camponotus,formicinae,Camponotus hagensii,April Nobile,commons,Paralectotype,"California Academy of Sciences, 2000-2008",train,p,data/images/Camponotus/casent0101494_p.jpg,True,2000.0,2008.0,6e37ffe7f2d1dc81c364221b40e9a4ad9ebe8b616d9b554237f6edde06508be5,https://upload.wikimedia.org/wikipedia/commons/5/57/Camponotus_hagensii_casent0101494_profile_1.jpg,"harvester downscale, byte-identical",commons_original,False,1024,771,1.3281,192721,200.0,199.0,188.0,192.84,12.0,0.21857,0.09918,black_bar,found,118.0,0.1152,4.0,0.923,0.935,1,
casent0101511,Camponotus,formicinae,Camponotus mocquerysi,April Nobile,commons,,"California Academy of Sciences, 2000-2008",test,p,data/images/Camponotus/casent0101511_p.jpg,False,2000.0,2008.0,cf99bb5cd5857dcaf3bdb1a8bbef5b1fb156e7d858b08fd5cc96ffd9167baa7a,https://upload.wikimedia.org/wikipedia/commons/e/e3/Camponotus_mocquerysi_casent0101511_profile_1.jpg,"harvester downscale, byte-identical",commons_original,False,1024,707,1.4484,144580,175.0,176.0,175.0,176.72,0.0,0.09119,0.01842,black_bar,found,109.0,0.1064,4.0,0.835,0.857,1,
casent0101512,Camponotus,formicinae,Camponotus lubbocki,April Nobile,commons,Lectotype,"California Academy of Sciences, 2000-2007",train,p,data/images/Camponotus/casent0101512_p.jpg,True,2000.0,2007.0,d3f7c0f0dc0c518a434621c80aef1fe71184339363f03b1daba5caa774be084f,https://upload.wikimedia.org/wikipedia/commons/b/b7/Camponotus_lubbocki_casent0101512_profile_1.jpg,"harvester downscale, byte-identical",commons_original,False,1024,719,1.4242,156959,139.0,142.0,138.0,142.21,1.0,0.08773,0.05159,black_bar,found,206.0,0.2012,4.0,0.804,0.864,1,
casent0101513,Camponotus,formicinae,Camponotus gibber,Michele Esposito,commons,Lectotype,"California Academy of Sciences, 2000-2008",test,p,data/images/Camponotus/casent0101513_p.jpg,True,2000.0,2008.0,27a11c4030aadd5893c872b614c04b4067f8f98dcfabed3d1c61c6a14e589a11,https://upload.wikimedia.org/wikipedia/commons/0/0e/Camponotus_gibber_casent0101513_profile_1.jpg,"harvester downscale, byte-identical",commons_original,False,1024,685,1.4949,155758,221.0,221.0,219.0,212.71,2.0,0.22927,0.02823,black_bar,found,200.0,0.1953,4.0,0.87,0.92,1,
casent0101514,Camponotus,formicinae,Camponotus lubbocki,April Nobile,commons,Paralectotype,"California Academy of Sciences, 2000-2008",train,p,data/images/Camponotus/casent0101514_p.jpg,True,2000.0,2008.0,f486b04f0e4ed50ac157ae4c2915a86ccbc97b221ddef1eacb6c8185b2e290ed,https://upload.wikimedia.org/wikipedia/commons/5/59/Camponotus_lubbocki_casent0101514_profile_1.jpg,"harvester downscale, byte-identical",commons_original,False,1024,651,1.573,134110,175.0,175.0,177.0,177.81,-2.0,0.09825,0.0275,black_bar,found,164.0,0.1602,4.0,0.855,0.922,1,
casent0101516,Camponotus,formicinae,Camponotus lubbocki,Nick Olgeirson,commons,Paralectotype,"California Academy of Sciences, 2000-2008",train,p,data/images/Camponotus/casent0101516_p.jpg,True,2000.0,2008.0,8fd535d7601b74c27d50ed72e2977565f345ff029ffb90692bae0bb3623663d2,https://upload.wikimedia.org/wikipedia/commons/e/ed/Camponotus_lubbocki_casent0101516_profile_1.jpg,"Commons server thumbnail, byte-identical",commons_thumbnail,True,1280,793,1.6141,235993,209.0,210.0,220.0,202.66,-11.0,0.3336,0.12694,black_bar,found,266.0,0.2078,5.0,0.155,0.91,1,
casent0101517,Camponotus,formicinae,Camponotus quadrimaculatus,April Nobile,commons,Lectotype,"California Academy of Sciences, 2000-2008",train,p,data/images/Camponotus/casent0101517_p.jpg,True,2000.0,2008.0,304d4f72f7939cead75fa58f2d08a6cce1cc46558fd1c148eae7913f9ec0e216,https://upload.wikimedia.org/wikipedia/commons/d/dd/Camponotus_kelleri_invalidus_casent0101517_profile_1.jpg,"harvester downscale, byte-identical",commons_original,False,1024,771,1.3281,174032,202.0,198.0,185.0,189.22,17.0,0.02255,0.0017,black_bar,found,200.0,0.1953,4.0,0.205,0.939,1,
casent0101518,Camponotus,formicinae,Camponotus lubbocki,April Nobile,commons,Lectotype,"California Academy of Sciences, 2000-2008",train,p,data/images/Camponotus/casent0101518_p.jpg,True,2000.0,2008.0,464836b225cea669b900db2e8d09b0e00c3ddaaa8fb6e850b63a03aee4dd0209,https://upload.wikimedia.org/wikipedia/commons/d/d0/Camponotus_lubbocki_casent0101518_profile_1.jpg,"harvester downscale, byte-identical",commons_original,False,1024,730,1.4027,158139,213.0,213.0,213.0,200.3,0.0,0.24679,0.02991,black_bar,found,131.0,0.1279,4.0,0.714,0.918,1,
casent0101519,Camponotus,formicinae,Camponotus quadrimaculatus,April Nobile,commons,Lectotype,"California Academy of Sciences, 2000-2008",train,p,data/images/Camponotus/casent0101519_p.jpg,True,2000.0,2008.0,6e679aafe8ad8de2cc5e4f3a77be868120abe0001785c235f08005d1f3fdf14a,https://upload.wikimedia.org/wikipedia/commons/f/f1/Camponotus_kelleri_casent0101519_profile_1.jpg,"harvester downscale, byte-identical",commons_original,False,1024,771,1.3281,168597,212.0,212.0,210.0,200.01,2.0,0.06805,0.00973,black_bar,found,249.0,0.2432,5.0,0.868,0.935,1,
casent0101520,Camponotus,formicinae,Camponotus quadrimaculatus,April Nobile,commons,Paralectotype,"California Academy of Sciences, 2000-2008",train,p,data/images/Camponotus/casent0101520_p.jpg,True,2000.0,2008.0,9c566881a521fd4a969cc36d173a88887ed238031420ad266c3f001e9aae6eb5,https://upload.wikimedia.org/wikipedia/commons/c/c5/Camponotus_kelleri_invalidus_casent0101520_profile_1.jpg,"harvester downscale, byte-identical",commons_original,False,1024,675,1.517,150015,212.0,212.0,210.0,203.9,2.0,0.0593,0.00262,black_bar,found,165.0,0.1611,4.0,0.91,0.924,1,
casent0101521,Camponotus,formicinae,Camponotus christi,April Nobile,commons,,"California Academy of Sciences, 2000-2008",train,p,data/images/Camponotus/casent0101521_p.jpg,False,2000.0,2008.0,f9bfb439df9d2af7c13abdeee2bff900e7252004540eb4c8a266d156a3d2f2e9,https://upload.wikimedia.org/wikipedia/commons/4/47/Camponotus_christi_casent0101521_profile_1.jpg,"harvester downscale, byte-identical",commons_original,False,984,808,1.2178,149912,149.0,151.0,148.0,143.48,1.0,0.00733,0.00265,black_bar,found,155.0,0.1575,4.0,0.629,0.937,1,
casent0101524,Camponotus,formicinae,Camponotus quadrimaculatus,April Nobile,commons,Paralectotype,"California Academy of Sciences, 2000-2008",train,p,data/images/Camponotus/casent0101524_p.jpg,True,2000.0,2008.0,a6125ecd02d8217ac5ee1ff1bbc18ed76f06883f672a78ce26fc8909e276af59,https://upload.wikimedia.org/wikipedia/commons/d/d4/Camponotus_kelleri_casent0101524_profile_1.jpg,"Commons server thumbnail, pixel-identical",commons_thumbnail,True,1280,759,1.6864,150001,151.0,151.0,153.0,148.31,-2.0,0.01142,0.00385,black_bar,found,143.0,0.1117,5.0,0.867,0.882,1,
casent0101525,Camponotus,formicinae,Camponotus quadrimaculatus,April Nobile,commons,Paralectotype,"California Academy of Sciences, 2000-2008",train,p,data/images/Camponotus/casent0101525_p.jpg,True,2000.0,2008.0,731695198b5705ffe26d20afff8db91ca80b185ec65d88110a1d71940c09b70e,https://upload.wikimedia.org/wikipedia/commons/c/c1/Camponotus_kelleri_casent0101525_profile_1.jpg,"harvester downscale, byte-identical",commons_original,False,1024,721,1.4202,140419,163.0,161.0,160.0,171.5,3.0,0.00442,0.00184,black_bar,found,144.0,0.1406,5.0,0.265,0.827,1,
casent0101526,Camponotus,formicinae,Camponotus heteroclitus,Nick Olgeirson,commons,,"California Academy of Sciences, 2000-2008",train,p,data/images/Camponotus/casent0101526_p.jpg,False,2000.0,2008.0,dfc93c0aef99a41c9ba508c670df968caea717d6998512f72937a8e30ce1b81b,https://upload.wikimedia.org/wikipedia/commons/4/40/Camponotus_heteroclitus_casent0101526_profile_1.jpg,"harvester downscale, byte-identical",commons_original,False,1024,622,1.6463,168777,216.0,216.0,216.0,209.41,0.0,0.22396,0.08689,black_bar,found,177.0,0.1729,4.0,0.883,0.916,1,
casent0101527,Camponotus,formicinae,Camponotus heteroclitus,Nick Olgeirson,commons,,"California Academy of Sciences, 2000-2008",train,p,data/images/Camponotus/casent0101527_p.jpg,False,2000.0,2008.0,3f1f413dc23ea2822ba2b09111df8ebe1271c6e61bcee37a91c8213bc98a29bf,https://upload.wikimedia.org/wikipedia/commons/7/72/Camponotus_heteroclitus_casent0101527_profile_1.jpg,"harvester downscale, byte-identical",commons_original,False,1024,735,1.3932,184855,218.0,218.0,218.0,211.16,0.0,0.18622,0.0534,black_bar,found,191.0,0.1865,4.0,0.885,0.925,1,
casent0101528,Camponotus,formicinae,Camponotus gibber,April Nobile,commons,Paralectotype,"California Academy of Sciences, 2000-2008",train,p,data/images/Camponotus/casent0101528_p.jpg,True,2000.0,2008.0,213c4ab99fd3e1c017ccc530e183e21bb7b39fcd133c82537932798a7098b959,https://upload.wikimedia.org/wikipedia/commons/a/ac/Camponotus_gibber_casent0101528_profile_1.jpg,"harvester downscale, byte-identical",commons_original,False,1024,650,1.5754,133047,161.0,162.0,161.0,158.43,0.0,0.08913,0.02846,black_bar,found,132.0,0.1289,5.0,0.924,0.932,1,
casent0101531,Camponotus,formicinae,Camponotus dromedarius,April Nobile,commons,Paralectotype,"California Academy of Sciences, 2000-2008",train,p,data/images/Camponotus/casent0101531_p.jpg,True,2000.0,2008.0,3d7696726f204f00258b4d0a565d712dc14212a8fa2d4d528bcd8aaa56650ff0,https://upload.wikimedia.org/wikipedia/commons/9/9c/Camponotus_dromedarius_casent0101531_profile_1.jpg,"harvester downscale, byte-identical",commons_original,False,1024,669,1.5306,121202,148.0,149.0,149.0,145.35,-1.0,0.07239,0.03323,black_bar,found,143.0,0.1396,4.0,0.91,0.936,1,
casent0101532,Camponotus,formicinae,Camponotus dromedarius,April Nobile,commons,Syntype,"California Academy of Sciences, 2000-2008",train,p,data/images/Camponotus/casent0101532_p.jpg,True,2000.0,2008.0,3906d646239e1aed0455d52f3b98937259ff5c0180d6e797a37928646410c44b,https://upload.wikimedia.org/wikipedia/commons/b/b4/Camponotus_dromedarius_pulcher_casent0101532_profile_1.jpg,"harvester downscale, byte-identical",commons_original,False,1024,641,1.5975,126417,163.0,162.0,161.0,162.81,2.0,0.03191,0.0124,black_bar,found,184.0,0.1797,4.0,0.455,0.864,1,
casent0101533,Camponotus,formicinae,Camponotus dromedarius,April Nobile,commons,Lectotype,"California Academy of Sciences, 2000-2007",train,p,data/images/Camponotus/casent0101533_p.jpg,True,2000.0,2007.0,bd2a05351a528e4a87d7f969e233daa1cb9c2e090f3494b70070fb85b8f19c20,https://upload.wikimedia.org/wikipedia/commons/3/3b/Camponotus_dromedarius_pulcher_casent0101533_profile_1.jpg,"harvester downscale, byte-identical",commons_original,False,1024,696,1.4713,136842,168.0,167.0,164.0,166.51,4.0,0.0346,0.01103,black_bar,found,152.0,0.1484,4.0,0.89,0.914,1,
casent0101534,Camponotus,formicinae,Camponotus dromedarius,April Nobile,commons,Lectotype,"California Academy of Sciences, 2000-2008",train,p,data/images/Camponotus/casent0101534_p.jpg,True,2000.0,2008.0,11902df93dddbf019a93130b5f26a436e5697d9aada25524bc4e10ac0018db50,https://upload.wikimedia.org/wikipedia/commons/1/17/Camponotus_dromedarius_casent0101534_profile_1.jpg,"harvester downscale, byte-identical",commons_original,False,1024,726,1.4105,142850,153.0,155.0,152.0,148.81,1.0,0.10424,0.04858,black_bar,found,148.0,0.1445,4.0,0.312,0.937,1,
casent0101535,Camponotus,formicinae,Camponotus foersteri,April Nobile,commons,Lectotype,"California Academy of Sciences, 2000-2008",test,p,data/images/Camponotus/casent0101535_p.jpg,True,2000.0,2008.0,d7d2845487eea67e3e7dec1a2af202b806d9138e99b37575760ce102a0292cfb,https://upload.wikimedia.org/wikipedia/commons/3/35/Camponotus_christi_ambustus_casent0101535_profile_1.jpg,"harvester downscale, byte-identical",commons_original,False,984,808,1.2178,159355,162.0,165.0,167.0,162.06,-5.0,0.02879,0.0095,black_bar,found,173.0,0.1758,5.0,0.902,0.939,1,
casent0101538,Camponotus,formicinae,Camponotus dromedarius,April Nobile,commons,,"California Academy of Sciences, 2000-2008",train,p,data/images/Camponotus/casent0101538_p.jpg,False,2000.0,2008.0,a5350e1cbd238997c66cf404752597ab5065d273d0840be7ebdd0392b3942352,https://upload.wikimedia.org/wikipedia/commons/8/85/Camponotus_dromedarius_casent0101538_profile_1.jpg,"harvester downscale, byte-identical",commons_original,False,1024,786,1.3028,155449,174.0,173.0,171.0,167.88,3.0,0.06949,0.02446,black_bar,found,134.0,0.1309,4.0,0.472,0.936,1,
casent0101539,Camponotus,formicinae,Camponotus maculiventris,April Nobile,commons,Paralectotype,"California Academy of Sciences, 2000-2008",train,p,data/images/Camponotus/casent0101539_p.jpg,True,2000.0,2008.0,f209e47fe13e2889eb0ee72e0b4cec5f98753eee9f872f0bf05b47fe17b50b10,https://upload.wikimedia.org/wikipedia/commons/0/0d/Camponotus_christi_maculiventris_casent0101539_profile_1.jpg,"harvester downscale, byte-identical",commons_original,False,1024,670,1.5284,145967,161.0,163.0,159.0,166.57,2.0,0.1102,0.05,black_bar,found,201.0,0.1963,4.0,0.651,0.796,1,
casent0101540,Camponotus,formicinae,Camponotus maculiventris,April Nobile,commons,Paralectotype,"California Academy of Sciences, 2000-2008",train,p,data/images/Camponotus/casent0101540_p.jpg,True,2000.0,2008.0,c48bbb34c66ccc6bdb8c276b222b3e049de9f1c0c42b449b5cc757a7ec84f95d,https://upload.wikimedia.org/wikipedia/commons/6/60/Camponotus_christi_maculiventris_casent0101540_profile_1.jpg,"Commons server thumbnail, byte-identical",commons_thumbnail,True,1280,716,1.7877,174935,169.0,171.0,164.0,189.0,5.0,0.19211,0.06188,black_bar,found,107.0,0.0836,6.0,0.929,0.883,1,
casent0101542,Camponotus,formicinae,Camponotus christi,April Nobile,commons,,"California Academy of Sciences, 2000-2008",train,p,data/images/Camponotus/casent0101542_p.jpg,False,2000.0,2008.0,897c689993e26e02ae91b40c7030d3ebd8a40c2c7925fb443631d853aa9c203f,https://upload.wikimedia.org/wikipedia/commons/6/62/Camponotus_christi_casent0101542_profile_1.jpg,"harvester downscale, byte-identical",commons_original,False,1024,771,1.3281,150033,150.0,154.0,157.0,151.82,-7.0,0.02016,0.0054,black_bar,found,164.0,0.1602,4.0,0.909,0.93,1,
casent0101543,Camponotus,formicinae,Camponotus foersteri,April Nobile,commons,Lectotype,"California Academy of Sciences, 2000-2008",train,p,data/images/Camponotus/casent0101543_p.jpg,True,2000.0,2008.0,04d4a225fc3be905b490302111c8af370f4031a03be3e0aabdd9130b3a8c6a14,https://upload.wikimedia.org/wikipedia/commons/4/48/Camponotus_christi_foersteri_casent0101543_profile_1.jpg,"harvester downscale, byte-identical",commons_original,False,1024,625,1.6384,136937,173.0,179.0,186.0,176.82,-13.0,0.11479,0.02357,black_bar,found,182.0,0.1777,5.0,0.907,0.927,1,
casent0101544,Camponotus,formicinae,Camponotus christi,April Nobile,commons,Lectotype,"California Academy of Sciences, 2000-2008",train,p,data/images/Camponotus/casent0101544_p.jpg,True,2000.0,2008.0,8d42a1f39d7687e5bc9de0ca96fa14584a5de430e0b82ae57df8a0ffac3390dd,https://upload.wikimedia.org/wikipedia/commons/a/ac/Camponotus_christi_casent0101544_profile_1.jpg,"harvester downscale, byte-identical",commons_original,False,1024,775,1.3213,147764,156.0,158.0,157.0,157.71,-1.0,0.00692,0.00278,black_bar,found,171.0,0.167,4.0,0.273,0.862,1,
casent0101545,Camponotus,formicinae,Camponotus foersteri,Nick Olgeirson,commons,Paralectotype,"California Academy of Sciences, 2000-2026",test,p,data/images/Camponotus/casent0101545_p.jpg,True,2000.0,2026.0,361d951e475e75eaea62b8723a1cf0b6ad62beb6d4f1e3207b509958479b1562,https://upload.wikimedia.org/wikipedia/commons/6/6b/Camponotus_christi_foersteri_casent0101545_profile_1.jpg,"harvester downscale, byte-identical",commons_original,False,1024,670,1.5284,178356,208.0,209.0,208.0,197.84,0.0,0.26937,0.10062,black_bar,found,120.0,0.1172,4.0,0.657,0.927,1,
casent0101551,Camponotus,formicinae,Camponotus cervicalis,April Nobile,commons,Paralectotype,"California Academy of Sciences, 2000-2007",train,p,data/images/Camponotus/casent0101551_p.jpg,True,2000.0,2007.0,ce6177547923c96a748cc21bab577d56ab3d6fb58d23162c51dc8f153487b9bc,https://upload.wikimedia.org/wikipedia/commons/4/40/Camponotus_cervicalis_casent0101551_profile_1.jpg,"harvester downscale, byte-identical",commons_original,False,1018,808,1.2599,192275,146.0,149.0,150.0,148.34,-4.0,0.00934,0.00437,black_bar,found,205.0,0.2014,5.0,0.783,0.939,1,
casent0101552,Camponotus,formicinae,Camponotus cervicalis,April Nobile,commons,Paralectotype,"California Academy of Sciences, 2000-2007",train,p,data/images/Camponotus/casent0101552_p.jpg,True,2000.0,2007.0,4f83f52f9927ad376732603f47ef5ff85d2736ae4a1a8e98c55258cd52690841,https://upload.wikimedia.org/wikipedia/commons/1/11/Camponotus_cervicalis_casent0101552_profile_1.jpg,"harvester downscale, byte-identical",commons_original,False,1024,637,1.6075,137625,147.0,141.0,135.0,144.7,12.0,0.00337,0.00283,black_bar,found,189.0,0.1846,5.0,0.866,0.922,1,
casent0101553,Bothroponera,ponerinae,Bothroponera comorensis,April Nobile,commons,,"California Academy of Sciences, 2000-2008",test,p,data/images/Bothroponera/casent0101553_p.jpg,False,2000.0,2008.0,e367e9e56ea99d300319fa1fd4aa32f718ac8819a5126552abe6037192bef2b0,https://upload.wikimedia.org/wikipedia/commons/0/0b/Pachycondyla_comorensis_casent0101553_profile_1.jpg,"harvester downscale, byte-identical",commons_original,False,1024,732,1.3989,167030,169.0,169.0,168.0,167.4,1.0,0.12126,0.04558,black_bar,found,301.0,0.2939,5.0,0.558,0.839,1,
casent0101554,Pheidole,myrmicinae,Pheidole spinosa,Nick Olgeirson,commons,Paralectotype,"California Academy of Sciences, 2000-2008",train,p,data/images/Pheidole/casent0101554_p.jpg,True,2000.0,2008.0,7966b988d753fc299d0d424bc94c1a193e80f808e80fe4a0861fdf9f56ee7c9f,https://upload.wikimedia.org/wikipedia/commons/2/27/Pheidole_punctulata_spinosa_casent0101554_profile_1.jpg,"harvester downscale, byte-identical",commons_original,False,1008,808,1.2475,247882,234.0,233.0,231.0,224.27,3.0,0.07431,0.00539,black_bar,found,140.0,0.1389,4.0,0.84,0.939,1,
casent0101556,Tetramorium,myrmicinae,Tetramorium obiwan,April Nobile,commons,,"California Academy of Sciences, 2000-2008",train,p,data/images/Tetramorium/casent0101556_p.jpg,False,2000.0,2008.0,b70ca835e8995bc266919befd4a585c3cf0df03a08f9ab81880d44b8739aa1a8,https://upload.wikimedia.org/wikipedia/commons/6/64/Tetramorium_schaufussii_casent0101556_profile_1.jpg,"harvester downscale, byte-identical",commons_original,False,1024,671,1.5261,158731,216.0,216.0,213.0,208.63,3.0,0.03364,0.00242,black_bar,found,209.0,0.2041,4.0,0.809,0.911,1,
casent0101557,Crematogaster,myrmicinae,Crematogaster kelleri,April Nobile,commons,Lectotype,"California Academy of Sciences, 2000-2008",train,p,data/images/Crematogaster/casent0101557_p.jpg,True,2000.0,2008.0,9d7a8bd055e10f0d947b8839f2b6fac4adce9250fa558dae0d7d930fda16349d,https://upload.wikimedia.org/wikipedia/commons/6/69/Crematogaster_kelleri_casent0101557_profile_1.jpg,"Commons server thumbnail, byte-identical",commons_thumbnail,True,1280,701,1.826,161477,210.0,207.0,195.0,197.94,15.0,0.0427,0.00293,black_bar,found,262.0,0.2047,5.0,0.842,0.902,1,
casent0101558,Crematogaster,myrmicinae,Crematogaster grevei,Nick Olgeirson,commons,,"California Academy of Sciences, 2000-2008",train,p,data/images/Crematogaster/casent0101558_p.jpg,False,2000.0,2008.0,aae957342dee280e200ebb239f05fb5784934cda83d87acc574d15b3b9bc82c5,https://upload.wikimedia.org/wikipedia/commons/5/5f/Crematogaster_grevei_casent0101558_profile_1.jpg,"harvester downscale, byte-identical",commons_original,False,1024,501,2.0439,136020,193.0,191.0,185.0,184.15,8.0,0.32737,0.18831,black_bar,found,183.0,0.1787,4.0,0.476,0.904,1,
casent0101559,Cataulacus,myrmicinae,Cataulacus ebrardi,April Nobile,commons,Syntype,"California Academy of Sciences, 2000-2008",test,p,data/images/Cataulacus/casent0101559_p.jpg,True,2000.0,2008.0,cfd14ed21637cbdf20611919ba9c58b79b0657c37e729e6c6f1408926237a0b0,https://upload.wikimedia.org/wikipedia/commons/3/36/Cataulacus_ebrardi_casent0101559_profile_1.jpg,"harvester downscale, byte-identical",commons_original,False,1024,546,1.8755,120058,169.0,168.0,168.0,169.34,1.0,0.16647,0.05506,black_bar,found,233.0,0.2275,4.0,0.379,0.907,1,
casent0101560,Pheidole,myrmicinae,Pheidole spinosa,April Nobile,commons,Lectotype,"California Academy of Sciences, 2000-2008",train,p,data/images/Pheidole/casent0101560_p.jpg,True,2000.0,2008.0,e5feaca72cf536fd8997987d849039854609674472ec69b469a26e446660a27b,https://upload.wikimedia.org/wikipedia/commons/c/ca/Pheidole_megacephala_scabrior_casent0101560_profile_1.jpg,"harvester downscale, byte-identical",commons_original,False,1024,558,1.8351,155636,129.0,135.0,132.0,141.84,-3.0,0.02956,0.0203,black_bar,found,266.0,0.2598,4.0,0.858,0.91,1,
casent0101562,Crematogaster,myrmicinae,Crematogaster ranavalonae,April Nobile,commons,,"California Academy of Sciences, 2000-2008",train,p,data/images/Crematogaster/casent0101562_p.jpg,False,2000.0,2008.0,9429ebf09003b2d147fc55db21339570b166a701e89477166fa678a1f0e14718,https://upload.wikimedia.org/wikipedia/commons/c/c1/Crematogaster_ranavalonae_pepo_casent0101562_profile_1.jpg,"harvester downscale, byte-identical",commons_original,False,1024,771,1.3281,175154,209.0,210.0,207.0,205.11,2.0,0.15234,0.019,black_bar,found,168.0,0.1641,4.0,0.278,0.916,1,
casent0101564,Pheidole,myrmicinae,Pheidole indica,April Nobile,commons,Syntype,"California Academy of Sciences, 2000-2008",train,p,data/images/Pheidole/casent0101564_p.jpg,True,2000.0,2008.0,c5eeda6e02e04169686ff0ac91d6a4451548ca1127a6015afa2e1a4cf5741c66,https://upload.wikimedia.org/wikipedia/commons/4/4c/Pheidole_voeltzkowii_casent0101564_profile_1.jpg,"harvester downscale, byte-identical",commons_original,False,1024,742,1.3801,168839,210.0,208.0,201.0,201.21,9.0,0.04689,0.01081,black_bar,found,200.0,0.1953,4.0,0.894,0.922,1,
casent0101567,Pheidole,myrmicinae,Pheidole veteratrix,April Nobile,commons,Syntype,"California Academy of Sciences, 2000-2008",train,p,data/images/Pheidole/casent0101567_p.jpg,True,2000.0,2008.0,d0d73df7f5136620b435213a5009cad38eaa5e2106d91df3f16be60239e2fb80,https://upload.wikimedia.org/wikipedia/commons/0/04/Pheidole_veteratrix_angustinoda_casent0101567_profile_1.jpg,"harvester downscale, byte-identical",commons_original,False,1024,728,1.4066,149091,212.0,212.0,208.0,202.77,4.0,0.10569,0.00434,black_bar,found,200.0,0.1953,4.0,0.67,0.926,1,
casent0101570,Pheidole,myrmicinae,Pheidole spinosa,Michele Esposito,commons,Paralectotype,"California Academy of Sciences, 2000-2008",train,p,data/images/Pheidole/casent0101570_p.jpg,True,2000.0,2008.0,c193a33b21363f9ceff55eb8451fbc5722b59e60bacdccf59efe19331fd3c8e0,https://upload.wikimedia.org/wikipedia/commons/c/c4/Pheidole_punctulata_spinosa_casent0101570_profile_1.jpg,"harvester downscale, byte-identical",commons_original,False,1024,582,1.7595,149748,213.0,215.0,195.0,203.82,18.0,0.21937,0.03091,black_bar,found,169.0,0.165,5.0,0.729,0.894,1,
casent0101572,Crematogaster,myrmicinae,Crematogaster grevei,April Nobile,commons,Lectotype,"California Academy of Sciences, 2000-2008",test,p,data/images/Crematogaster/casent0101572_p.jpg,True,2000.0,2008.0,8deb66a86e3254ed5fa29cdf9e96f00364dfd5b3d03dc183e7236eee28461ade,https://upload.wikimedia.org/wikipedia/commons/5/58/Crematogaster_grevei_casent0101572_profile_1.jpg,"harvester downscale, byte-identical",commons_original,False,1024,560,1.8286,131162,173.0,171.0,173.0,179.23,0.0,0.1374,0.03799,black_bar,found,181.0,0.1768,4.0,0.86,0.877,1,
casent0101574,Anochetus,ponerinae,Anochetus madagascarensis,April Nobile,commons,Lectotype,"California Academy of Sciences, 2000-2007",train,p,data/images/Anochetus/casent0101574_p.jpg,True,2000.0,2007.0,62fbb73fc90fe48105e9b30e65b0b59f983e40b1f44fad38419dcafbea23289a,https://upload.wikimedia.org/wikipedia/commons/d/dd/Anochetus_madagascarensis_casent0101574_profile_1.jpg,"harvester downscale, byte-identical",commons_original,False,1024,581,1.7625,131949,156.0,148.0,127.0,154.68,29.0,0.02423,0.00939,black_bar,found,162.0,0.1582,5.0,0.9,0.894,1,
casent0101575,Tetraponera,pseudomyrmecinae,Tetraponera hysterica,April Nobile,commons,,"California Academy of Sciences, 2000-2007",train,p,data/images/Tetraponera/casent0101575_p.jpg,False,2000.0,2007.0,d542ed945be851ee4110c106749bc2066465d4fffb8d2f0744b283c45bcd0c9f,https://upload.wikimedia.org/wikipedia/commons/7/78/Tetraponera_hysterica_inflata_casent0101575_profile_1.jpg,"harvester downscale, byte-identical",commons_original,False,1024,567,1.806,135185,163.0,157.0,136.0,163.93,27.0,0.16145,0.07345,black_bar,found,194.0,0.1895,4.0,0.478,0.818,1,
casent0101579,Anochetus,ponerinae,Anochetus madagascarensis,April Nobile,commons,,"California Academy of Sciences, 2000-2007",train,p,data/images/Anochetus/casent0101579_p.jpg,False,2000.0,2007.0,b62f3051118c1440d9d6275d6a2e0f04fccd1f2017ff54c03484e0ab88afacb7,https://upload.wikimedia.org/wikipedia/commons/e/eb/Anochetus_madagascarensis_casent0101579_profile_1.jpg,"harvester downscale, byte-identical",commons_original,False,1024,771,1.3281,145008,151.0,148.0,123.0,150.17,28.0,0.01211,0.00216,black_bar,found,183.0,0.1787,5.0,0.89,0.92,1,
casent0101580,Pheidole,myrmicinae,Pheidole spinosa,Michele Esposito,commons,Paralectotype,"California Academy of Sciences, 2000-2008",train,p,data/images/Pheidole/casent0101580_p.jpg,True,2000.0,2008.0,557ee803bd90edb296e751808354f16e3c6059b2e0cea4f65dc7346e517f7e05,https://upload.wikimedia.org/wikipedia/commons/8/8c/Pheidole_megacephala_scabrior_casent0101580_profile_1.jpg,"harvester downscale, byte-identical",commons_original,False,1024,745,1.3745,222146,188.0,186.0,168.0,171.37,20.0,0.0601,0.01141,black_bar,found,185.0,0.1807,5.0,0.843,0.917,1,
casent0101583,Cataulacus,myrmicinae,Cataulacus ebrardi,April Nobile,commons,Syntype,"California Academy of Sciences, 2000-2008",test,p,data/images/Cataulacus/casent0101583_p.jpg,True,2000.0,2008.0,6bf78ab284224b50c993b2d86bd2c6c54e40c90d66b88700916e9d4a61e1c0ec,https://upload.wikimedia.org/wikipedia/commons/8/86/Cataulacus_ebrardi_casent0101583_profile_1.jpg,"Commons server thumbnail, byte-identical",commons_thumbnail,True,1280,618,2.0712,210379,168.0,166.0,167.0,168.11,1.0,0.13074,0.0462,black_bar,found,293.0,0.2289,5.0,0.519,0.863,1,
casent0101584,Pheidole,myrmicinae,Pheidole nemoralis,Michele Esposito,commons,Syntype,"California Academy of Sciences, 2000-2008",train,p,data/images/Pheidole/casent0101584_p.jpg,True,2000.0,2008.0,30cf19b0a766c21c6719c977bce667ad63bcb767855f1d52d1b4de27262539b5,https://upload.wikimedia.org/wikipedia/commons/3/39/Pheidole_nemoralis_casent0101584_profile_1.jpg,"harvester downscale, byte-identical",commons_original,False,1024,614,1.6678,140532,215.0,214.0,210.0,215.26,5.0,0.01461,0.0046,black_bar,found,91.0,0.0889,4.0,0.908,0.862,1,
casent0101585,Crematogaster,myrmicinae,Crematogaster lobata,April Nobile,commons,,"California Academy of Sciences, 2000-2008",test,p,data/images/Crematogaster/casent0101585_p.jpg,False,2000.0,2008.0,4471a98aaeb7ae2f3e292e5ebfcfc1f0cdec39b7730e9948d91bb5f7f9e71533,https://upload.wikimedia.org/wikipedia/commons/c/c5/Crematogaster_lobata_casent0101585_profile_1.jpg,"harvester downscale, byte-identical",commons_original,False,1024,688,1.4884,214227,219.0,206.0,185.0,199.13,34.0,0.16743,0.03259,black_bar,found,168.0,0.1641,4.0,0.853,0.933,1,
casent0101587,Anochetus,ponerinae,Anochetus madagascarensis,April Nobile,commons,,"California Academy of Sciences, 2000-2007",test,p,data/images/Anochetus/casent0101587_p.jpg,False,2000.0,2007.0,40b744b51ded06173e76de8a70eda5dcef88ba458f5acac380912834254bd322,https://upload.wikimedia.org/wikipedia/commons/e/e2/Anochetus_madagascarensis_casent0101587_profile_1.jpg,"harvester downscale, byte-identical",commons_original,False,1024,545,1.8789,117384,162.0,154.0,131.0,150.46,31.0,0.02134,0.00352,black_bar,found,141.0,0.1377,4.0,0.87,0.864,1,
casent0101589,Leptogenys,ponerinae,Leptogenys grandidieri,April Nobile,commons,Holotype,"California Academy of Sciences, 2000-2008",train,p,data/images/Leptogenys/casent0101589_p.jpg,True,2000.0,2008.0,1606ca6b8d0c6f36815e039b49c4afe5a64f505f3b4aeb09ecee34a08deeafda,https://upload.wikimedia.org/wikipedia/commons/d/d0/Leptogenys_grandidieri_casent0101589_profile_1.jpg,"harvester downscale, byte-identical",commons_original,False,1024,771,1.3281,178037,157.0,150.0,135.0,153.74,22.0,0.08811,0.05247,black_bar,found,157.0,0.1533,4.0,0.917,0.934,1,
casent0101594,Pheidole,myrmicinae,Pheidole veteratrix,Nick Olgeirson,commons,Syntype,"California Academy of Sciences, 2000-2008",train,p,data/images/Pheidole/casent0101594_p.jpg,True,2000.0,2008.0,51734af5015c62ead5ae3d1818d49a6774d7d6d2543101952ea2e333905ed797,https://upload.wikimedia.org/wikipedia/commons/8/8e/Pheidole_veteratrix_casent0101594_profile_1.jpg,"harvester downscale, byte-identical",commons_original,False,1024,600,1.7067,158090,201.0,199.0,195.0,189.82,6.0,0.16084,0.0173,black_bar,found,227.0,0.2217,4.0,0.355,0.902,1,
casent0101597,Crematogaster,myrmicinae,Crematogaster degeeri,April Nobile,commons,,"California Academy of Sciences, 2000-2008",train,p,data/images/Crematogaster/casent0101597_p.jpg,False,2000.0,2008.0,26408c82f2fef5e17ea30b8a51fc10afaab71a7d76c25caf6746fa0720e81e36,https://upload.wikimedia.org/wikipedia/commons/d/d9/Crematogaster_degeeri_casent0101597_profile_1.jpg,"harvester downscale, byte-identical",commons_original,False,1024,550,1.8618,131887,157.0,153.0,152.0,150.88,5.0,0.03572,0.0082,black_bar,found,201.0,0.1963,4.0,0.3,0.911,1,
casent0101598,Pheidole,myrmicinae,Pheidole longispinosa,April Nobile,commons,Syntype,"California Academy of Sciences, 2000-2008",train,p,data/images/Pheidole/casent0101598_p.jpg,True,2000.0,2008.0,b24cba4d64f59f26a2aa0278ed3a86dedf0805f176e0bc365c26be491d3638c9,https://upload.wikimedia.org/wikipedia/commons/c/c2/Pheidole_longispinosa_casent0101598_profile_1.jpg,"harvester downscale, byte-identical",commons_original,False,1024,723,1.4163,187201,135.0,135.0,129.0,126.79,6.0,0.07964,0.05057,black_bar,found,201.0,0.1963,4.0,0.321,0.927,1,
casent0101599,Crematogaster,myrmicinae,Crematogaster sewellii,April Nobile,commons,Lectotype,"California Academy of Sciences, 2000-2008",test,p,data/images/Crematogaster/casent0101599_p.jpg,True,2000.0,2008.0,32171341bb6ac8c09a21a417daba76f285ebcf95139f4abf47cb101d2a85879a,https://upload.wikimedia.org/wikipedia/commons/3/3d/Crematogaster_sewellii_casent0101599_profile_1.jpg,"harvester downscale, byte-identical",commons_original,False,1024,654,1.5657,166242,134.0,133.0,130.0,150.62,4.0,0.01676,0.01,black_bar,found,144.0,0.1406,4.0,0.749,0.907,1,
casent0101602,Camponotus,formicinae,Camponotus roeseli,April Nobile,commons,Lectotype,"California Academy of Sciences, 2000-2008",train,p,data/images/Camponotus/casent0101602_p.jpg,True,2000.0,2008.0,8db7e57433c3566fc670c176412f00a4225254c269859c1842118afd21a1e809,https://upload.wikimedia.org/wikipedia/commons/f/f3/Camponotus_roeseli_casent0101602_profile_1.jpg,"Commons server thumbnail, pixel-identical",commons_thumbnail,True,1280,768,1.6667,189316,148.0,148.0,146.0,146.38,2.0,0.14042,0.07925,black_bar,found,200.0,0.1562,8.0,0.912,0.922,1,
casent0101608,Cataulacus,myrmicinae,Cataulacus intrudens,April Nobile,commons,Syntype,"California Academy of Sciences, 2000-2008",train,p,data/images/Cataulacus/casent0101608_p.jpg,True,2000.0,2008.0,b9eb82929433bfabe24e13a72313c2648d1f77bb794b74c2ea9acbd72d134b0d,https://upload.wikimedia.org/wikipedia/commons/2/29/Cataulacus_intrudens_casent0101608_profile_1.jpg,"harvester downscale, byte-identical",commons_original,False,1024,583,1.7564,169877,191.0,191.0,190.0,195.8,1.0,0.24128,0.08721,black_bar,found,234.0,0.2285,4.0,0.588,0.871,1,
casent0101609,Anochetus,ponerinae,Anochetus madagascarensis,April Nobile,commons,,"California Academy of Sciences, 2000-2008",train,p,data/images/Anochetus/casent0101609_p.jpg,False,2000.0,2008.0,c16d9469794de58a1cb18a89136cd1f73591fa890df83838783c07fe5f2e8a64,https://upload.wikimedia.org/wikipedia/commons/c/c5/Anochetus_madagascarensis_casent0101609_profile_1.jpg,"harvester downscale, byte-identical",commons_original,False,1024,491,2.0855,111245,144.0,142.0,141.0,140.72,3.0,0.03467,0.0194,black_bar,found,249.0,0.2432,5.0,0.21,0.852,1,
casent0101613,Crematogaster,myrmicinae,Crematogaster rasoherinae,April Nobile,commons,,"California Academy of Sciences, 2000-2008",test,p,data/images/Crematogaster/casent0101613_p.jpg,False,2000.0,2008.0,75865df5c5f989a857dd5b893bcb3e9e687c58272646eca6e2f9102d0f9fac8d,https://upload.wikimedia.org/wikipedia/commons/c/c2/Crematogaster_rasoherinae_casent0101613_profile_1.jpg,"harvester downscale, byte-identical",commons_original,False,1024,615,1.665,136242,221.0,221.0,220.0,221.27,1.0,0.13081,0.00974,black_bar,found,181.0,0.1768,4.0,0.867,0.873,1,
casent0101616,Nesomyrmex,myrmicinae,Nesomyrmex retusispinosus,April Nobile,commons,,"California Academy of Sciences, 2000-2008",test,p,data/images/Nesomyrmex/casent0101616_p.jpg,False,2000.0,2008.0,ab136f8acb4c59a214aee26e9f0ae9fe0a84e22e3e9248fd3b11cbe91e7f53f0,https://upload.wikimedia.org/wikipedia/commons/7/76/Nesomyrmex_retusispinosus_casent0101616_profile_1.jpg,"harvester downscale, byte-identical",commons_original,False,1024,607,1.687,152086,150.0,144.0,145.0,156.69,5.0,0.03039,0.01011,black_bar,found,131.0,0.1279,4.0,0.636,0.893,1,
casent0101618,Terataner,myrmicinae,Terataner rufipes,April Nobile,commons,Syntype,"California Academy of Sciences, 2000-2008",train,p,data/images/Terataner/casent0101618_p.jpg,True,2000.0,2008.0,5ba7bd46e765d1ecead90e4b531f0638af1a9f74a0afd671ce116eebcdbc8cd2,https://upload.wikimedia.org/wikipedia/commons/f/f4/Terataner_rufipes_casent0101618_profile_1.jpg,"harvester downscale, byte-identical",commons_original,False,1024,803,1.2752,257614,247.0,243.0,237.0,228.02,10.0,0.2519,0.06061,black_bar,found,136.0,0.1328,5.0,0.84,0.928,1,
casent0101624,Pheidole,myrmicinae,Pheidole lucida,April Nobile,commons,Syntype,"California Academy of Sciences, 2000-2008",train,p,data/images/Pheidole/casent0101624_p.jpg,True,2000.0,2008.0,cbf1a8c219446f7af5f5a653a13e7f63c5bc365bd45e549bc982b24fdb12a24d,https://upload.wikimedia.org/wikipedia/commons/a/a9/Pheidole_lucida_casent0101624_profile_1.jpg,"harvester downscale, byte-identical",commons_original,False,1024,657,1.5586,164365,204.0,207.0,199.0,193.76,5.0,0.05438,0.0025,black_bar,found,186.0,0.1816,4.0,0.883,0.921,1,
casent0101626,Leptogenys,ponerinae,Leptogenys truncatirostris,April Nobile,commons,Paralectotype,"California Academy of Sciences, 2000-2008",train,p,data/images/Leptogenys/casent0101626_p.jpg,True,2000.0,2008.0,349fd0315a0ffe45a1189aa24c4f03d0b32ced5c128f1ee1a84c6f99d54d0ca6,https://upload.wikimedia.org/wikipedia/commons/4/4b/Leptogenys_truncatirostris_casent0101626_profile_1.jpg,"harvester downscale, byte-identical",commons_original,False,1024,545,1.8789,135541,151.0,143.0,125.0,160.44,26.0,0.06269,0.035,black_bar,found,106.0,0.1035,4.0,0.423,0.673,1,
casent0101628,Pheidole,myrmicinae,Pheidole litigiosa,Michele Esposito,commons,Lectotype,"California Academy of Sciences, 2000-2008",train,p,data/images/Pheidole/casent0101628_p.jpg,True,2000.0,2008.0,0b0c39634cb60df40e23a552bcee4253c29901b2d79a01938704b44a3cf62e8b,https://upload.wikimedia.org/wikipedia/commons/1/1a/Pheidole_sikorae_litigiosa_casent0101628_profile_1.jpg,"harvester downscale, byte-identical",commons_original,False,1024,626,1.6358,145966,210.0,205.0,203.0,192.6,7.0,0.1222,0.03129,black_bar,found,131.0,0.1279,4.0,0.818,0.922,1,
casent0101630,Pheidole,myrmicinae,Pheidole veteratrix,Michele Esposito,commons,Syntype,"California Academy of Sciences, 2000-2008",train,p,data/images/Pheidole/casent0101630_p.jpg,True,2000.0,2008.0,0c922958efe3346e9c9398b31b34d4f95b3ff595e338e44a5867a3d06b7f7455,https://upload.wikimedia.org/wikipedia/commons/e/eb/Pheidole_veteratrix_casent0101630_profile_1.jpg,"harvester downscale, byte-identical",commons_original,False,1024,571,1.7933,151019,215.0,215.0,211.0,200.08,4.0,0.17439,0.05331,black_bar,found,129.0,0.126,4.0,0.919,0.921,1,
casent0101631,Crematogaster,myrmicinae,Crematogaster ensifera,April Nobile,commons,,"California Academy of Sciences, 2000-2008",train,p,data/images/Crematogaster/casent0101631_p.jpg,False,2000.0,2008.0,c58c73e84398f02b31f95a6d4473f0de3d99a6726912f1b391aa424d8cc5246c,https://upload.wikimedia.org/wikipedia/commons/5/54/Crematogaster_ensifera_casent0101631_profile_1.jpg,"harvester downscale, byte-identical",commons_original,False,1024,696,1.4713,147875,211.0,211.0,210.0,194.72,1.0,0.26659,0.03355,black_bar,found,167.0,0.1631,4.0,0.567,0.932,1,
casent0101632,Crematogaster,myrmicinae,Crematogaster sewellii,April Nobile,commons,,"California Academy of Sciences, 2000-2008",test,p,data/images/Crematogaster/casent0101632_p.jpg,False,2000.0,2008.0,55aa9dd78926989066ef18553e4a0cf5460d27fa3d2b0335c5df1161457e1801,https://upload.wikimedia.org/wikipedia/commons/5/55/Crematogaster_sewellii_casent0101632_profile_1.jpg,"harvester downscale, byte-identical",commons_original,False,1024,641,1.5975,156623,205.0,206.0,203.0,193.79,2.0,0.11234,0.00621,black_bar,found,168.0,0.1641,4.0,0.841,0.863,1,
casent0101634,Meranoplus,myrmicinae,Meranoplus radamae,April Nobile,commons,,"California Academy of Sciences, 2000-2008",train,p,data/images/Meranoplus/casent0101634_p.jpg,False,2000.0,2008.0,76f2d41318363a74d003f478791a657a4431c362815aa6724b1e05c74f0cd194,https://upload.wikimedia.org/wikipedia/commons/7/74/Meranoplus_radamae_casent0101634_profile_1.jpg,"harvester downscale, byte-identical",commons_original,False,1024,773,1.3247,220596,223.0,224.0,222.0,216.12,1.0,0.17862,0.00639,black_bar,found,184.0,0.1797,4.0,0.216,0.938,1,
casent0101635,Tetraponera,pseudomyrmecinae,Tetraponera hysterica,April Nobile,commons,Syntype,"California Academy of Sciences, 2000-2007",train,p,data/images/Tetraponera/casent0101635_p.jpg,True,2000.0,2007.0,ff5151daa159bb27592c9268a182d8ceae831e0aa315ad865d3b8432a7c960c5,https://upload.wikimedia.org/wikipedia/commons/5/5e/Tetraponera_hysterica_casent0101635_profile_1.jpg,"harvester downscale, byte-identical",commons_original,False,1024,574,1.784,123846,175.0,170.0,149.0,165.42,26.0,0.14514,0.05609,black_bar,found,195.0,0.1904,4.0,0.236,0.768,1,
casent0101636,Technomyrmex,dolichoderinae,Technomyrmex madecassus,April Nobile,commons,,"California Academy of Sciences, 2000-2007",train,p,data/images/Technomyrmex/casent0101636_p.jpg,False,2000.0,2007.0,26040b2417d6e546f792bc8b2ed7e297e7b3a1ae77f0fb3440fd68e37ee800d0,https://upload.wikimedia.org/wikipedia/commons/5/56/Technomyrmex_madecassus_casent0101636_profile_1.jpg,"harvester downscale, byte-identical",commons_original,False,1024,531,1.9284,112404,129.0,129.0,121.0,156.34,8.0,0.00417,0.00381,black_bar,found,169.0,0.165,5.0,0.899,0.892,1,
casent0101638,Pheidole,myrmicinae,Pheidole litigiosa,Michele Esposito,commons,Syntype,"California Academy of Sciences, 2000-2008",test,p,data/images/Pheidole/casent0101638_p.jpg,True,2000.0,2008.0,86d9401618f997873f0867f57a3481220d06630b7ddb9dd52a325ba4a407b0e6,https://upload.wikimedia.org/wikipedia/commons/7/76/Pheidole_sikorae_litigiosa_casent0101638_profile_1.jpg,"harvester downscale, byte-identical",commons_original,False,1024,588,1.7415,142495,158.0,152.0,152.0,152.84,6.0,0.09472,0.02916,black_bar,found,182.0,0.1777,5.0,0.757,0.839,1,
casent0101639,Crematogaster,myrmicinae,Crematogaster ranavalonae,Nick Olgeirson,commons,,"California Academy of Sciences, 2000-2008",train,p,data/images/Crematogaster/casent0101639_p.jpg,False,2000.0,2008.0,73227ed24184bd0e11a04ba2a2c7214ca5c7c91ff6bb219a3bdebbc547c86a0a,https://upload.wikimedia.org/wikipedia/commons/0/0c/Crematogaster_emmae_casent0101639_profile_1.jpg,"harvester downscale, byte-identical",commons_original,False,1024,725,1.4124,188927,206.0,204.0,195.0,201.32,11.0,0.1398,0.01892,black_bar,found,253.0,0.2471,4.0,0.573,0.895,1,
casent0101640,Pheidole,myrmicinae,Pheidole oswaldi,Nick Olgeirson,commons,,"California Academy of Sciences, 2000-2008",train,p,data/images/Pheidole/casent0101640_p.jpg,False,2000.0,2008.0,fcafb1de321f94ac9bce7ed18866a3ecd2eff9f25e1ee4cadc060539291450cf,https://upload.wikimedia.org/wikipedia/commons/0/08/Pheidole_oswaldi_casent0101640_profile_1.jpg,"harvester downscale, byte-identical",commons_original,False,1024,711,1.4402,196632,129.0,134.0,129.0,127.32,0.0,0.0726,0.04888,black_bar,found,215.0,0.21,5.0,0.525,0.897,1,
casent0101641,Meranoplus,myrmicinae,Meranoplus radamae,Nick Olgeirson,commons,,"California Academy of Sciences, 2000-2008",test,p,data/images/Meranoplus/casent0101641_p.jpg,False,2000.0,2008.0,5720e8c92367b17347e50da9c292ca46b55e24f08fc1d24575ffb690e6c8e272,https://upload.wikimedia.org/wikipedia/commons/0/06/Meranoplus_radamae_casent0101641_profile_1.jpg,"harvester downscale, byte-identical",commons_original,False,1024,713,1.4362,207471,221.0,226.0,225.0,215.74,-4.0,0.19738,0.02178,black_bar,found,154.0,0.1504,4.0,0.915,0.94,1,
casent0101644,Camponotus,formicinae,Camponotus dufouri,April Nobile,commons,Lectotype,"California Academy of Sciences, 2000-2007",train,p,data/images/Camponotus/casent0101644_p.jpg,True,2000.0,2007.0,7232fc9c82aec1a522f52fc9b46e15e3727447c171b436ffe80d8a25fd57e20b,https://upload.wikimedia.org/wikipedia/commons/f/fd/Camponotus_dufouri_casent0101644_profile_1.jpg,"harvester downscale, byte-identical",commons_original,False,1024,735,1.3932,172832,156.0,157.0,167.0,154.95,-11.0,0.09083,0.03836,black_bar,found,153.0,0.1494,4.0,0.91,0.937,1,
casent0101650,Pheidole,myrmicinae,Pheidole ensifera,April Nobile,gbif_cache,,"California Academy of Sciences, 2000-2008",train,p,data/images/Pheidole/casent0101650_p.jpg,False,2000.0,2008.0,fbca5a7ad96989337cc32cb106dd0014c7b27e8dc080851b01f5106901c7ed64,https://api.gbif.org/v1/image/cache/1024x1024/occurrence/865114866/media/337988da9fb91e487416e63ba1470479,,gbif_cache,False,1024,1024,1.0,125761,219.0,218.0,214.0,205.16,5.0,0.05285,0.00208,black_bar,truncated,,,,0.938,0.856,1,
casent0101651,Anochetus,ponerinae,Anochetus madagascarensis,April Nobile,commons,Lectotype,"California Academy of Sciences, 2000-2007",train,p,data/images/Anochetus/casent0101651_p.jpg,True,2000.0,2007.0,f36b3843f513ce5976c1d98ae3e0d1f75c5a1e7d396c10e2c48ec1b3546f5f0f,https://upload.wikimedia.org/wikipedia/commons/0/0a/Anochetus_madagascarensis_casent0101651_profile_1.jpg,"Commons server thumbnail, byte-identical",commons_thumbnail,True,1280,740,1.7297,161716,135.0,127.0,109.0,131.32,26.0,0.02874,0.02273,black_bar,found,166.0,0.1297,6.0,0.623,0.82,1,
casent0101652,Tetraponera,pseudomyrmecinae,Tetraponera grandidieri,April Nobile,commons,Lectotype,"California Academy of Sciences, 2000-2008",test,p,data/images/Tetraponera/casent0101652_p.jpg,True,2000.0,2008.0,3a74063fa9f9b615682540d6c96a0c39f38d57717f60a65e6859664c60416cc6,https://upload.wikimedia.org/wikipedia/commons/2/25/Tetraponera_grandidieri_casent0101652_profile_1.jpg,"harvester downscale, byte-identical",commons_original,False,1024,771,1.3281,148730,154.0,147.0,130.0,146.39,24.0,0.02479,0.01429,black_bar,found,134.0,0.1309,4.0,0.644,0.957,1,
casent0101655,Crematogaster,myrmicinae,Crematogaster hova,April Nobile,commons,Lectotype,"California Academy of Sciences, 2000-2008",test,p,data/images/Crematogaster/casent0101655_p.jpg,True,2000.0,2008.0,6374df9d6fd456224138f0a3e7e44ae49734037f3f61167831f9c1dd677122e0,https://upload.wikimedia.org/wikipedia/commons/f/f3/Crematogaster_hova_latinoda_casent0101655_profile_1.jpg,"harvester downscale, byte-identical",commons_original,False,1024,550,1.8618,134185,162.0,157.0,159.0,179.08,3.0,0.03425,0.01101,black_bar,found,145.0,0.1416,5.0,0.9,0.903,1,
casent0101659,Crematogaster,myrmicinae,Crematogaster hova,April Nobile,commons,,"California Academy of Sciences, 2000-2008",train,p,data/images/Crematogaster/casent0101659_p.jpg,False,2000.0,2008.0,06291ccff55489b44f44357576d79cfa0fedf291d0042059107b9e3d80090a45,https://upload.wikimedia.org/wikipedia/commons/f/f8/Crematogaster_hova_casent0101659_profile_1.jpg,"harvester downscale, byte-identical",commons_original,False,1024,684,1.4971,186647,144.0,139.0,140.0,165.69,4.0,0.04634,0.02126,black_bar,found,144.0,0.1406,4.0,0.806,0.915,1,
casent0101661,Pheidole,myrmicinae,Pheidole veteratrix,April Nobile,commons,Syntype,"California Academy of Sciences, 2000-2008",train,p,data/images/Pheidole/casent0101661_p.jpg,True,2000.0,2008.0,40bededc05a223d545d45226d91d8eed0c855356f66916996c7030f9483f4a0c,https://upload.wikimedia.org/wikipedia/commons/b/be/Pheidole_veteratrix_angustinoda_casent0101661_profile_1.jpg,"harvester downscale, byte-identical",commons_original,False,1024,771,1.3281,168097,216.0,214.0,212.0,209.46,4.0,0.06196,0.00277,black_bar,found,210.0,0.2051,5.0,0.2,0.942,1,
casent0101663,Anochetus,ponerinae,Anochetus madagascarensis,April Nobile,commons,,"California Academy of Sciences, 2000-2007",train,p,data/images/Anochetus/casent0101663_p.jpg,False,2000.0,2007.0,1fcfac0ff66b08e7e642c39cbc5916aef70025d4656c1e0dbcda6e7f3cc19c9a,https://upload.wikimedia.org/wikipedia/commons/d/d7/Anochetus_madagascarensis_casent0101663_profile_1.jpg,"harvester downscale, byte-identical",commons_original,False,1024,637,1.6075,136404,146.0,142.0,120.0,141.12,26.0,0.01084,0.00584,black_bar,found,184.0,0.1797,4.0,0.596,0.86,1,
casent0101667,Nesomyrmex,myrmicinae,Nesomyrmex madecassus,Michele Esposito,gbif_cache,Syntype,"California Academy of Sciences, 2000-2008",train,p,data/images/Nesomyrmex/casent0101667_p.jpg,True,2000.0,2008.0,c9879dd70162bb67ad29a2b7b503964d2183b97864583250b27b3bf49bb56d16,https://api.gbif.org/v1/image/cache/1024x1024/occurrence/865115153/media/bb4c945de6db35b601123aa3e5fb299d,,gbif_cache,False,1024,1024,1.0,135233,225.0,221.0,215.0,186.44,10.0,0.27669,0.00995,black_bar,found,245.0,0.2393,5.0,0.295,0.899,1,
casent0101668,Pheidole,myrmicinae,Pheidole sikorae,Michele Esposito,commons,Syntype,"California Academy of Sciences, 2000-2008",train,p,data/images/Pheidole/casent0101668_p.jpg,True,2000.0,2008.0,f54043bc42d750c6ada9fc14e9a12182f7309267bd2d8127136f3c130cefbadc,https://upload.wikimedia.org/wikipedia/commons/6/61/Pheidole_sikorae_casent0101668_profile_1.jpg,"harvester downscale, byte-identical",commons_original,False,1024,730,1.4027,201909,173.0,173.0,156.0,153.68,17.0,0.05586,0.02479,black_bar,found,101.0,0.0986,5.0,0.759,0.909,1,
casent0101669,Camponotus,formicinae,Camponotus dufouri,April Nobile,commons,Paralectotype,"California Academy of Sciences, 2000-2007",train,p,data/images/Camponotus/casent0101669_p.jpg,True,2000.0,2007.0,970ffb5c3ba16c2d57733004231d17e76ce0cf1e2dfdec7ac007b58401aedc56,https://upload.wikimedia.org/wikipedia/commons/b/b0/Camponotus_dufouri_casent0101669_profile_1.jpg,"harvester downscale, byte-identical",commons_original,False,1024,608,1.6842,129582,165.0,164.0,176.0,163.65,-11.0,0.06622,0.02856,black_bar,found,80.0,0.0781,4.0,0.933,0.934,1,
casent0101670,Mystrium,amblyoponinae,Mystrium rogeri,April Nobile,commons,Lectotype,"California Academy of Sciences, 2000-2007",train,p,data/images/Mystrium/casent0101670_p.jpg,True,2000.0,2007.0,7931686fe55850ef5719b2917be1a24aa15aef820aaab5574ac4851b0f03518e,https://upload.wikimedia.org/wikipedia/commons/e/e4/Mystrium_rogeri_casent0101670_profile_1.jpg,"Commons server thumbnail, pixel-identical",commons_thumbnail,True,1280,540,2.3704,211744,170.0,161.0,140.0,161.29,30.0,0.10717,0.051,black_bar,found,158.0,0.1234,6.0,0.709,0.77,1,
casent0101674,Anochetus,ponerinae,Anochetus madagascarensis,April Nobile,commons,Paralectotype,"California Academy of Sciences, 2000-2007",test,p,data/images/Anochetus/casent0101674_p.jpg,True,2000.0,2007.0,e133d66a1b3c1ac6a4b4ff008f7c6f371d60090b649e42c62315a3907184e60e,https://upload.wikimedia.org/wikipedia/commons/5/59/Anochetus_madagascarensis_casent0101674_profile_1.jpg,"harvester downscale, byte-identical",commons_original,False,1024,568,1.8028,122674,137.0,130.0,111.0,139.29,26.0,0.06324,0.04618,black_bar,found,126.0,0.123,4.0,0.579,0.785,1,
casent0101678,Cardiocondyla,myrmicinae,Cardiocondyla shuckardi,April Nobile,commons,Syntype,"California Academy of Sciences, 2000-2008",test,p,data/images/Cardiocondyla/casent0101678_p.jpg,True,2000.0,2008.0,7c2cbc28faddb1f8fe33d42a1f2cf3eb3f89e4ba12e40ad3dfcf4026c38686db,https://upload.wikimedia.org/wikipedia/commons/b/bf/Cardiocondyla_shuckardi_casent0101678_profile_1.jpg,"harvester downscale, byte-identical",commons_original,False,1024,680,1.5059,168666,146.0,146.0,143.0,152.74,3.0,0.06743,0.03416,black_bar,found,209.0,0.2041,4.0,0.705,0.919,1,
casent0101682,Pheidole,myrmicinae,Pheidole longispinosa,April Nobile,commons,Syntype,"California Academy of Sciences, 2000-2008",train,p,data/images/Pheidole/casent0101682_p.jpg,True,2000.0,2008.0,a7d907d33481ef09a60adf99dd899831cfbb6d9c7d5782c70f60186ba626671f,https://upload.wikimedia.org/wikipedia/commons/d/dd/Pheidole_longispinosa_casent0101682_profile_1.jpg,"harvester downscale, byte-identical",commons_original,False,1024,749,1.3672,178945,215.0,216.0,213.0,206.85,2.0,0.21806,0.02478,black_bar,found,164.0,0.1602,3.0,0.814,0.903,1,
casent0101683,Crematogaster,myrmicinae,Crematogaster dentata,April Nobile,commons,Lectotype,"California Academy of Sciences, 2000-2008",train,p,data/images/Crematogaster/casent0101683_p.jpg,True,2000.0,2008.0,5313c71fabd078d1576ab75f1bb5e37a5b7d59155bb2736f4497d3ca2951c281,https://upload.wikimedia.org/wikipedia/commons/c/c4/Crematogaster_sewellei_dentata_casent0101683_profile_1.jpg,"harvester downscale, byte-identical",commons_original,False,1024,575,1.7809,144571,185.0,182.0,183.0,183.21,2.0,0.08399,0.01037,black_bar,found,200.0,0.1953,4.0,0.769,0.906,1,
casent0101687,Nesomyrmex,myrmicinae,Nesomyrmex madecassus,April Nobile,commons,Syntype,"California Academy of Sciences, 2000-2008",train,p,data/images/Nesomyrmex/casent0101687_p.jpg,True,2000.0,2008.0,5dd99d66c64c71a3d4a7debf04c6d4b555b39ddb473cae82e07e86f18c46dd85,https://upload.wikimedia.org/wikipedia/commons/3/31/Nesomyrmex_madecassus_casent0101687_profile_1.jpg,"harvester downscale, byte-identical",commons_original,False,1024,713,1.4362,181633,156.0,151.0,154.0,172.33,2.0,0.02008,0.0065,black_bar,found,168.0,0.1641,5.0,0.896,0.933,1,
casent0101688,Pheidole,myrmicinae,Pheidole annemariae,April Nobile,commons,,"California Academy of Sciences, 2000-2008",test,p,data/images/Pheidole/casent0101688_p.jpg,False,2000.0,2008.0,008ad681e40d16050180425fe2f2533ae62f4189e58afed55be2155a3b58429e,https://upload.wikimedia.org/wikipedia/commons/7/72/Pheidole_annemariae_casent0101688_profile_1.jpg,"harvester downscale, byte-identical",commons_original,False,1024,563,1.8188,147808,203.0,191.0,166.0,179.47,37.0,0.10206,0.01623,black_bar,found,144.0,0.1406,4.0,0.394,0.844,1,
casent0101690,Crematogaster,myrmicinae,Crematogaster degeeri,April Nobile,commons,Lectotype,"California Academy of Sciences, 2000-2008",train,p,data/images/Crematogaster/casent0101690_p.jpg,True,2000.0,2008.0,386c0a6d7612aa94a99affc68bf0af40b00e1b13f549710c7700513931a21f8c,https://upload.wikimedia.org/wikipedia/commons/8/82/Crematogaster_degeeri_casent0101690_profile_1.jpg,"harvester downscale, byte-identical",commons_original,False,1024,582,1.7595,123535,210.0,210.0,207.0,209.53,3.0,0.19088,0.02085,black_bar,found,131.0,0.1279,4.0,0.836,0.852,1,
casent0101692,Pheidole,myrmicinae,Pheidole sikorae,April Nobile,commons,Syntype,"California Academy of Sciences, 2000-2008",test,p,data/images/Pheidole/casent0101692_p.jpg,True,2000.0,2008.0,b63b25186f5df8308a4c6ddf3e18453086f964d56fa9411e58ec8b7a513defe2,https://upload.wikimedia.org/wikipedia/commons/9/98/Pheidole_sikorae_casent0101692_profile_1.jpg,"harvester downscale, byte-identical",commons_original,False,1024,633,1.6177,178032,225.0,226.0,222.0,195.65,3.0,0.11197,0.0053,black_bar,found,173.0,0.1689,4.0,0.862,0.904,1,
casent0101693,Tetramorium,myrmicinae,Tetramorium severini,April Nobile,commons,,"California Academy of Sciences, 2000-2008",test,p,data/images/Tetramorium/casent0101693_p.jpg,False,2000.0,2008.0,0741728cf1ff613574be617b9c7bef14474de102ad072bc98007f35edd2c1e90,https://upload.wikimedia.org/wikipedia/commons/e/e6/Tetramorium_severini_casent0101693_profile_1.jpg,"harvester downscale, byte-identical",commons_original,False,1024,699,1.4649,201973,165.0,163.0,160.0,168.3,5.0,0.14016,0.07262,black_bar,found,132.0,0.1289,4.0,0.388,0.927,1,
casent0101695,Pheidole,myrmicinae,Pheidole scabrata,Nick Olgeirson,commons,,"California Academy of Sciences, 2000-2008",train,p,data/images/Pheidole/casent0101695_p.jpg,False,2000.0,2008.0,264b3d737ccec1e28bb3446cbb46855a2570f0dff04bc8d4b78bbc8759253a82,https://upload.wikimedia.org/wikipedia/commons/0/0d/Pheidole_longispinosa_scabrata_casent0101695_profile_1.jpg,"Commons server thumbnail, byte-identical",commons_thumbnail,True,1280,765,1.6732,235126,212.0,208.0,203.0,202.62,9.0,0.35474,0.13495,black_bar,found,212.0,0.1656,5.0,0.546,0.907,1,
casent0101696,Terataner,myrmicinae,Terataner alluaudi,April Nobile,commons,Syntype,"California Academy of Sciences, 2000-2008",train,p,data/images/Terataner/casent0101696_p.jpg,True,2000.0,2008.0,66d1af3508f93355e62c40d25d579f0b191caf984d4ad9618fb5b132007f5596,https://upload.wikimedia.org/wikipedia/commons/3/3a/Terataner_alluaudi_casent0101696_profile_1.jpg,"harvester downscale, byte-identical",commons_original,False,1024,654,1.5657,208570,144.0,144.0,146.0,160.12,-2.0,0.15586,0.1012,black_bar,found,164.0,0.1602,4.0,0.888,0.894,1,
casent0101697,Tetramorium,myrmicinae,Tetramorium schaufussii,Nick Olgeirson,commons,Holotype,"California Academy of Sciences, 2000-2008",train,p,data/images/Tetramorium/casent0101697_p.jpg,True,2000.0,2008.0,b27c2dd08b06a10d5818d828b417753868ead5e775ca344f021dbe76a3d8f6e6,https://upload.wikimedia.org/wikipedia/commons/0/00/Tetramorium_schaufussii_casent0101697_profile_1.jpg,"harvester downscale, byte-identical",commons_original,False,1024,773,1.3247,275424,222.0,197.0,163.0,189.07,59.0,0.25374,0.07739,black_bar,found,160.0,0.1562,4.0,0.53,0.928,1,
casent0101703,Terataner,myrmicinae,Terataner foreli,April Nobile,commons,Syntype,"California Academy of Sciences, 2000-2008",train,p,data/images/Terataner/casent0101703_p.jpg,True,2000.0,2008.0,fdc23e4ac5c2d7d5d9803dff45189f04f332e08bb3048537f042500bec8d9145,https://upload.wikimedia.org/wikipedia/commons/5/5e/Terataner_foreli_casent0101703_profile_1.jpg,"harvester downscale, byte-identical",commons_original,False,1024,771,1.3281,244215,236.0,232.0,227.0,202.59,9.0,0.25169,0.07395,black_bar,found,201.0,0.1963,4.0,0.664,0.883,1,
casent0101704,Camponotus,formicinae,Camponotus cervicalis,April Nobile,commons,Paralectotype,"California Academy of Sciences, 2000-2007",train,p,data/images/Camponotus/casent0101704_p.jpg,True,2000.0,2007.0,fc520b22dd7995e3d5a921ea585e6fd1a337d5c0dc36fe39b0eac944e964efa5,https://upload.wikimedia.org/wikipedia/commons/4/4d/Camponotus_cervicalis_casent0101704_profile_1.jpg,"harvester downscale, byte-identical",commons_original,False,1024,701,1.4608,177366,158.0,150.0,125.0,147.71,33.0,0.0296,0.0139,black_bar,found,94.0,0.0918,5.0,0.934,0.912,1,
casent0101705,Technomyrmex,dolichoderinae,Technomyrmex madecassus,April Nobile,commons,Holotype,"California Academy of Sciences, 2000-2007",test,p,data/images/Technomyrmex/casent0101705_p.jpg,True,2000.0,2007.0,b04cac4098bda5b24bac9f8385a9efa84f905374f002bed5fb891b960b7a1aa1,https://upload.wikimedia.org/wikipedia/commons/2/25/Technomyrmex_madecassus_casent0101705_profile_1.jpg,"harvester downscale, byte-identical",commons_original,False,1020,808,1.2624,136411,141.0,118.0,91.0,144.39,50.0,0.00505,0.00517,black_bar,found,181.0,0.1775,5.0,0.909,0.919,1,
casent0101707,Pheidole,myrmicinae,Pheidole madecassa,Michele Esposito,commons,,"California Academy of Sciences, 2000-2008",train,p,data/images/Pheidole/casent0101707_p.jpg,False,2000.0,2008.0,e0b1041dec1a12bf246f381d8b3913f44939075a5ad34e6d65a6c6c061d005f6,https://upload.wikimedia.org/wikipedia/commons/b/bb/Pheidole_madecassa_casent0101707_profile_1.jpg,"harvester downscale, byte-identical",commons_original,False,1024,735,1.3932,182928,226.0,225.0,223.0,217.4,3.0,0.20153,0.01719,black_bar,found,166.0,0.1621,4.0,0.781,0.899,1,
casent0101710,Mystrium,amblyoponinae,Mystrium voeltzkowi,April Nobile,commons,Paralectotype,"California Academy of Sciences, 2000-2007",train,p,data/images/Mystrium/casent0101710_p.jpg,True,2000.0,2007.0,64b09624766d04930dca3699adf3bf83c5c5bc3bb82e7a53c06fdf9e196ec696,https://upload.wikimedia.org/wikipedia/commons/9/95/Mystrium_voeltzkowi_casent0101710_profile_1.jpg,"Commons server thumbnail, byte-identical",commons_thumbnail,True,1280,719,1.7803,191411,154.0,145.0,126.0,147.89,28.0,0.09768,0.05549,black_bar,found,159.0,0.1242,6.0,0.293,0.837,1,
casent0101711,Lioponera,dorylinae,,April Nobile,commons,,"California Academy of Sciences, 2000-2012",test,p,data/images/Lioponera/casent0101711_p.jpg,False,2000.0,2012.0,cea97177ab1cb0c708b0116d4a97967cf34f1fe8ee8743e98392960abc8e7f77,https://upload.wikimedia.org/wikipedia/commons/6/66/Cerapachys_kraepelinii_casent0101711_profile_1.jpg,"harvester downscale, byte-identical",commons_original,False,1024,777,1.3179,176007,171.0,173.0,160.0,170.99,11.0,0.10746,0.04274,black_bar,found,261.0,0.2549,4.0,0.868,0.946,1,
casent0101712,Anochetus,ponerinae,Anochetus madagascarensis,April Nobile,commons,,"California Academy of Sciences, 2000-2007",train,p,data/images/Anochetus/casent0101712_p.jpg,False,2000.0,2007.0,b605125e64dd031ae163f3a037c2f1886067590cd6f190078064ece6c8aa6180,https://upload.wikimedia.org/wikipedia/commons/0/0e/Anochetus_madagascarensis_casent0101712_profile_1.jpg,"harvester downscale, byte-identical",commons_original,False,1024,319,3.21,76735,158.0,149.0,133.0,154.61,25.0,0.06808,0.03441,black_bar,found,133.0,0.1299,4.0,0.235,0.793,1,
casent0101713,Tetraponera,pseudomyrmecinae,Tetraponera rakotonis,April Nobile,commons,,"California Academy of Sciences, 2000-2008",test,p,data/images/Tetraponera/casent0101713_p.jpg,False,2000.0,2008.0,f7d4523b2e0b73d0ef3617705b2700a69c120e28dd165516d3fd7f3fb6afaa01,https://upload.wikimedia.org/wikipedia/commons/7/70/Tetraponera_rakotonis_casent0101713_profile_1.jpg,"harvester downscale, byte-identical",commons_original,False,1024,548,1.8686,110289,186.0,185.0,180.0,182.0,6.0,0.12537,0.04095,black_bar,found,141.0,0.1377,4.0,0.677,0.912,1,
casent0101714,Leptogenys,ponerinae,Leptogenys truncatirostris,April Nobile,commons,Paralectotype,"California Academy of Sciences, 2000-2007",train,p,data/images/Leptogenys/casent0101714_p.jpg,True,2000.0,2007.0,085939741929585e9d0971c01ef3d6a7b59fb567532bf83ea8e2a4b6b1d18c65,https://upload.wikimedia.org/wikipedia/commons/d/d4/Leptogenys_truncatirostris_casent0101714_profile_1.jpg,"harvester downscale, byte-identical",commons_original,False,1024,581,1.7625,157790,176.0,168.0,148.0,169.48,28.0,0.08951,0.03398,black_bar,found,106.0,0.1035,4.0,0.205,0.864,1,
casent0101715,Tetraponera,pseudomyrmecinae,Tetraponera morondaviensis,April Nobile,commons,,"California Academy of Sciences, 2000-2008",train,p,data/images/Tetraponera/casent0101715_p.jpg,False,2000.0,2008.0,0697675a986f87fcf7c53d2d8c896d77b734648f4caff80f010d50c93d6aac45,https://upload.wikimedia.org/wikipedia/commons/e/e1/Tetraponera_morondaviensis_casent0101715_profile_1.jpg,"harvester downscale, byte-identical",commons_original,False,1024,448,2.2857,94502,170.0,171.0,164.0,168.68,6.0,0.12151,0.04398,black_bar,found,198.0,0.1934,5.0,0.551,0.738,1,
casent0101716,Pheidole,myrmicinae,Pheidole decollata,Michele Esposito,commons,,"California Academy of Sciences, 2000-2008",test,p,data/images/Pheidole/casent0101716_p.jpg,False,2000.0,2008.0,d4203fc6c31835d14af05139a5e7367cef452f20ba0577bdb9927c1feaab3600,https://upload.wikimedia.org/wikipedia/commons/b/bf/Pheidole_oswaldi_decollata_casent0101716_profile_1.jpg,"harvester downscale, byte-identical",commons_original,False,1024,633,1.6177,148846,226.0,222.0,220.0,215.33,6.0,0.11411,0.00649,black_bar,found,162.0,0.1582,5.0,0.703,0.893,1,
casent0101718,Platythyrea,ponerinae,Platythyrea arthuri,April Nobile,commons,Syntype,"California Academy of Sciences, 2000-2007",train,p,data/images/Platythyrea/casent0101718_p.jpg,True,2000.0,2007.0,738cfd9a8bda70cffdb8dc47560942d3e69329cdc8f8efbd32427f10b3884ad2,https://upload.wikimedia.org/wikipedia/commons/2/2d/Platythyrea_arthuri_casent0101718_profile_1.jpg,"harvester downscale, byte-identical",commons_original,False,1024,332,3.0843,91336,163.0,155.0,135.0,158.85,28.0,0.14405,0.07392,black_bar,found,135.0,0.1318,4.0,0.356,0.813,1,
casent0101720,Pheidole,myrmicinae,Pheidole decollata,April Nobile,commons,Syntype,"California Academy of Sciences, 2000-2008",train,p,data/images/Pheidole/casent0101720_p.jpg,True,2000.0,2008.0,3a78183e5e5bcaec6f9f7d6b0bbc70129479e70eb7f9e77a6a8f684e11d1c7b1,https://upload.wikimedia.org/wikipedia/commons/3/33/Pheidole_oswaldi_decollata_casent0101720_profile_1.jpg,"harvester downscale, byte-identical",commons_original,False,1024,644,1.5901,146547,210.0,209.0,207.0,199.01,3.0,0.05118,0.00217,black_bar,found,144.0,0.1406,4.0,0.854,0.899,1,
casent0101721,Tetramorium,myrmicinae,Tetramorium delagoense,Michele Esposito,commons,Holotype,"California Academy of Sciences, 2000-2008",train,p,data/images/Tetramorium/casent0101721_p.jpg,True,2000.0,2008.0,2292a310a3757890a24325ea1812f2c7b34b211a01a3df953629bd332008322a,https://upload.wikimedia.org/wikipedia/commons/e/e3/Tetramorium_delagoense_casent0101721_profile_1.jpg,"harvester downscale, byte-identical",commons_original,False,1024,753,1.3599,200017,226.0,222.0,201.0,201.43,25.0,0.11469,0.00401,black_bar,found,240.0,0.2344,4.0,0.583,0.898,1,
casent0101722,Platythyrea,ponerinae,Platythyrea mocquerysi,April Nobile,commons,Lectotype,"California Academy of Sciences, 2000-2007",test,p,data/images/Platythyrea/casent0101722_p.jpg,True,2000.0,2007.0,b662ab7ebcef0d4a5ddec13b7e36fb71dc4dc48a2e8d739dd1969a9a8619f986,https://upload.wikimedia.org/wikipedia/commons/d/d2/Platythyrea_mocquerysi_casent0101722_profile_1.jpg,"harvester downscale, byte-identical",commons_original,False,1024,448,2.2857,123055,158.0,146.0,122.0,165.94,36.0,0.09149,0.05412,black_bar,found,113.0,0.1104,4.0,0.923,0.891,1,
casent0101723,Leptogenys,ponerinae,,April Nobile,commons,,"California Academy of Sciences, 2000-2007",train,p,data/images/Leptogenys/casent0101723_p.jpg,False,2000.0,2007.0,8adbde92be12b87df85afaaaecff071117d2abae99a0f346e2aec188af20c400,https://upload.wikimedia.org/wikipedia/commons/f/f9/Leptogenys_incisa_casent0101723_profile_1.jpg,"harvester downscale, byte-identical",commons_original,False,1024,648,1.5802,153337,187.0,178.0,154.0,178.26,33.0,0.10044,0.04433,black_bar,found,106.0,0.1035,4.0,0.39,0.826,1,
casent0101724,Pheidole,myrmicinae,Pheidole oswaldi,April Nobile,commons,Syntype,"California Academy of Sciences, 2000-2008",train,p,data/images/Pheidole/casent0101724_p.jpg,True,2000.0,2008.0,35aea4641e2cd1b4939d7632c2058f1255b89cc5ea2ea3df95e76fc9ff326a6b,https://upload.wikimedia.org/wikipedia/commons/5/56/Pheidole_oswaldi_casent0101724_profile_1.jpg,"harvester downscale, byte-identical",commons_original,False,1024,710,1.4423,193112,222.0,223.0,215.0,201.78,7.0,0.04993,0.0024,black_bar,found,168.0,0.1641,4.0,0.839,0.924,1,
casent0101727,Leptogenys,ponerinae,Leptogenys truncatirostris,April Nobile,commons,Paralectotype,"California Academy of Sciences, 2000-2007",train,p,data/images/Leptogenys/casent0101727_p.jpg,True,2000.0,2007.0,cdefefc36143632a6cb9838178f5c90be59cc3f33b01ab6fecd92b1a738fe174,https://upload.wikimedia.org/wikipedia/commons/e/e4/Leptogenys_truncatirostris_casent0101727_profile_1.jpg,"Commons server thumbnail, byte-identical",commons_thumbnail,True,1280,646,1.9814,187160,148.0,141.0,128.0,146.86,20.0,0.10632,0.0716,black_bar,found,142.0,0.1109,6.0,0.117,0.898,1,
casent0101729,Anochetus,ponerinae,Anochetus madagascarensis,April Nobile,commons,Paralectotype,"California Academy of Sciences, 2000-2007",train,p,data/images/Anochetus/casent0101729_p.jpg,True,2000.0,2007.0,de3b505627ab3eaa29c3ddd786d7b84254b07b57e595c9c12be6c731bc2f1f90,https://upload.wikimedia.org/wikipedia/commons/1/1b/Anochetus_madagascarensis_casent0101729_profile_1.jpg,"harvester downscale, byte-identical",commons_original,False,1024,561,1.8253,114002,158.0,151.0,139.0,154.9,19.0,0.04526,0.01714,black_bar,found,123.0,0.1201,5.0,0.922,0.91,1,
casent0101731,Crematogaster,myrmicinae,Crematogaster agnetis,April Nobile,commons,Lectotype,"California Academy of Sciences, 2000-2008",train,p,data/images/Crematogaster/casent0101731_p.jpg,True,2000.0,2008.0,cfc8f43d18daa2131cf7ad1ec43f2e5ab8de44a21a9ce5fd3e8315cf2c646afc,https://upload.wikimedia.org/wikipedia/commons/5/55/Crematogaster_agnetis_casent0101731_profile_1.jpg,"harvester downscale, byte-identical",commons_original,False,1024,585,1.7504,128901,143.0,140.0,137.0,157.56,6.0,0.04087,0.01527,black_bar,found,234.0,0.2285,4.0,0.859,0.884,1,
casent0101733,Lioponera,dorylinae,,April Nobile,commons,Syntype,"California Academy of Sciences, 2000-2007",train,p,data/images/Lioponera/casent0101733_p.jpg,True,2000.0,2007.0,40cffb31722dd8faaa5219553afd7b47df2254a9c44e9b5c8f5e245b3515cc65,https://upload.wikimedia.org/wikipedia/commons/d/d3/Cerapachys_kraepelinii_casent0101733_profile_1.jpg,"harvester downscale, byte-identical",commons_original,False,1024,631,1.6228,153843,163.0,158.0,137.0,163.8,26.0,0.1517,0.07347,black_bar,found,259.0,0.2529,5.0,0.353,0.801,1,
casent0101735,Crematogaster,myrmicinae,Crematogaster kelleri,April Nobile,commons,,"California Academy of Sciences, 2000-2008",train,p,data/images/Crematogaster/casent0101735_p.jpg,False,2000.0,2008.0,4dd832c70f255ad9230a8c126e6e774a88caed51129343dafff239e5fb0c06f1,https://upload.wikimedia.org/wikipedia/commons/3/3c/Crematogaster_kelleri_casent0101735_profile_1.jpg,"harvester downscale, byte-identical",commons_original,False,1024,723,1.4163,164519,194.0,188.0,173.0,180.37,21.0,0.04099,0.00277,black_bar,found,117.0,0.1143,5.0,0.443,0.905,1,
casent0101738,Tetraponera,pseudomyrmecinae,Tetraponera exasciata,April Nobile,commons,,"California Academy of Sciences, 2000-2007",train,p,data/images/Tetraponera/casent0101738_p.jpg,False,2000.0,2007.0,07994291b59dc518a514fc5310971972568382b2cc3fb37120a247b71f1ceccc,https://upload.wikimedia.org/wikipedia/commons/8/89/Tetraponera_exasciata_casent0101738_profile_1.jpg,"harvester downscale, byte-identical",commons_original,False,1024,568,1.8028,126817,170.0,162.0,142.0,164.61,28.0,0.14188,0.0612,black_bar,found,195.0,0.1904,4.0,0.576,0.785,1,
casent0101740,Tetraponera,pseudomyrmecinae,Tetraponera grandidieri,April Nobile,commons,,"California Academy of Sciences, 2000-2007",train,p,data/images/Tetraponera/casent0101740_p.jpg,False,2000.0,2007.0,cb6a357b9ca4e64c1cb2058891f6bd0cd91cde2be008b962378e73aec0414e6b,https://upload.wikimedia.org/wikipedia/commons/9/9c/Tetraponera_grandidieri_casent0101740_profile_1.jpg,"harvester downscale, byte-identical",commons_original,False,1024,537,1.9069,127990,140.0,131.0,114.0,141.05,26.0,0.0117,0.00763,black_bar,found,204.0,0.1992,5.0,0.515,0.792,1,
casent0101742,Crematogaster,myrmicinae,Crematogaster ranavalonae,April Nobile,commons,,"California Academy of Sciences, 2000-2008",train,p,data/images/Crematogaster/casent0101742_p.jpg,False,2000.0,2008.0,be7ecde0bbe91a5521c22f9f045aa50f0b2500da50aa7cbd2eecb1a7532537ea,https://upload.wikimedia.org/wikipedia/commons/8/84/Crematogaster_emmae_laticeps_casent0101742_profile_1.jpg,"harvester downscale, byte-identical",commons_original,False,1024,689,1.4862,176482,144.0,143.0,140.0,143.28,4.0,0.02534,0.00946,black_bar,found,145.0,0.1416,4.0,0.909,0.91,1,
casent0101744,Tetramorium,myrmicinae,Tetramorium orientale,April Nobile,commons,Holotype,"California Academy of Sciences, 2000-2008",train,p,data/images/Tetramorium/casent0101744_p.jpg,True,2000.0,2008.0,f8043fc500156fc67b77a335f2d609a331902b328b967f2c587c644cfe9bbdda,https://upload.wikimedia.org/wikipedia/commons/9/9e/Tetramorium_bessonii_casent0101744_profile_1.jpg,"harvester downscale, byte-identical",commons_original,False,1024,635,1.6126,159990,215.0,213.0,209.0,202.41,6.0,0.1703,0.01238,black_bar,found,144.0,0.1406,4.0,0.85,0.902,1,
casent0101745,Pheidole,myrmicinae,Pheidole indica,Michele Esposito,commons,,"California Academy of Sciences, 2000-2008",test,p,data/images/Pheidole/casent0101745_p.jpg,False,2000.0,2008.0,7e20b0fbb130a3149b6ca489ab3dc9aedb08547eebdc1dcbdd94d2a0266caca5,https://upload.wikimedia.org/wikipedia/commons/a/ad/Pheidole_voeltzkowii_casent0101745_profile_1.jpg,"harvester downscale, byte-identical",commons_original,False,1024,749,1.3672,178195,210.0,207.0,196.0,203.72,14.0,0.00372,0.00207,black_bar,found,198.0,0.1934,4.0,0.883,0.941,1,
casent0101747,Camponotus,formicinae,Camponotus strangulatus,April Nobile,commons,Paralectotype,"California Academy of Sciences, 2000-2008",test,p,data/images/Camponotus/casent0101747_p.jpg,True,2000.0,2008.0,da5687140bd1c8f3d16e86044a3a3b22a3e20bff42c2bede0a13ee2f21b1fa53,https://upload.wikimedia.org/wikipedia/commons/1/11/Camponotus_maculatus_casent0101747_profile_1.jpg,"harvester downscale, byte-identical",commons_original,False,1024,683,1.4993,141051,138.0,137.0,130.0,137.64,8.0,0.01442,0.00766,black_bar,found,92.0,0.0898,3.0,0.913,0.935,1,
casent0101748,Crematogaster,myrmicinae,Crematogaster schencki,Nick Olgeirson,commons,Lectotype,"California Academy of Sciences, 2000-2008",test,p,data/images/Crematogaster/casent0101748_p.jpg,True,2000.0,2008.0,6f3b524293e22be70786ac8cb1c31a714395ed9cdca4154f91f1d79df525c040,https://upload.wikimedia.org/wikipedia/commons/b/b1/Crematogaster_schencki_casent0101748_profile_1.jpg,"Commons server thumbnail, pixel-identical",commons_thumbnail,True,1280,671,1.9076,257639,218.0,219.0,213.0,209.53,5.0,0.25929,0.09102,black_bar,found,316.0,0.2469,6.0,0.856,0.912,1,
casent0101749,Nylanderia,formicinae,Nylanderia amblyops,April Nobile,commons,Syntype,"California Academy of Sciences, 2000-2008",train,p,data/images/Nylanderia/casent0101749_p.jpg,True,2000.0,2008.0,9ae40a0d00f66214481d90f8ad219bececcd0cd54f7550f6616c3f421ba56ebf,https://upload.wikimedia.org/wikipedia/commons/a/aa/Paratrechina_amblyops_casent0101749_profile_1.jpg,"harvester downscale, byte-identical",commons_original,False,1024,644,1.5901,127764,160.0,153.0,134.0,141.82,26.0,0.02618,0.01726,black_bar,found,145.0,0.1416,5.0,0.862,0.923,1,
casent0101750,Crematogaster,myrmicinae,Crematogaster rasoherinae,April Nobile,commons,Syntype,"California Academy of Sciences, 2000-2008",train,p,data/images/Crematogaster/casent0101750_p.jpg,True,2000.0,2008.0,8d885485fcb26ead221814e864ee5834a01ab40770c8e98e81f0c66ce92ad5a8,https://upload.wikimedia.org/wikipedia/commons/0/07/Crematogaster_rasoherinae_brunneola_casent0101750_profile_1.jpg,"harvester downscale, byte-identical",commons_original,False,1024,580,1.7655,122744,188.0,188.0,181.0,190.27,7.0,0.04816,0.00425,black_bar,found,210.0,0.2051,4.0,0.638,0.838,1,
casent0101755,Pheidole,myrmicinae,Pheidole spinosa,April Nobile,commons,Paralectotype,"California Academy of Sciences, 2000-2008",train,p,data/images/Pheidole/casent0101755_p.jpg,True,2000.0,2008.0,b920afeb6581aba085506ea29f9fe37b0e0d3f0d133d446dce5190cb8d1ae3c5,https://upload.wikimedia.org/wikipedia/commons/2/20/Pheidole_picata_casent0101755_profile_1.jpg,"harvester downscale, byte-identical",commons_original,False,1024,769,1.3316,159307,221.0,221.0,217.0,209.2,4.0,0.05706,0.00378,black_bar,found,215.0,0.21,4.0,0.823,0.912,1,
casent0101756,Anochetus,ponerinae,Anochetus madagascarensis,April Nobile,commons,,"California Academy of Sciences, 2000-2007",train,p,data/images/Anochetus/casent0101756_p.jpg,False,2000.0,2007.0,b3bc947fb43f9c36c2e863c568f726ca6e6a03081e9611bf7e180bdbd727bdb7,https://upload.wikimedia.org/wikipedia/commons/f/f0/Anochetus_madagascarensis_casent0101756_profile_1.jpg,"harvester downscale, byte-identical",commons_original,False,1024,697,1.4692,134123,135.0,130.0,112.0,128.51,23.0,0.00498,0.00367,black_bar,found,167.0,0.1631,4.0,0.216,0.869,1,
casent0101761,Crematogaster,myrmicinae,Crematogaster hova,April Nobile,commons,,"California Academy of Sciences, 2000-2008",train,p,data/images/Crematogaster/casent0101761_p.jpg,False,2000.0,2008.0,f390d11b62d854184a192b720ee7fabfc7de4ccaffa26e039302701950d61345,https://upload.wikimedia.org/wikipedia/commons/c/c8/Crematogaster_hova_latinoda_casent0101761_profile_1.jpg,"harvester downscale, byte-identical",commons_original,False,958,808,1.1856,186952,213.0,213.0,212.0,198.83,1.0,0.20576,0.01192,black_bar,found,138.0,0.1441,5.0,0.783,0.929,1,
casent0101762,Crematogaster,myrmicinae,Crematogaster ranavalonae,April Nobile,commons,Lectotype,"California Academy of Sciences, 2000-2008",train,p,data/images/Crematogaster/casent0101762_p.jpg,True,2000.0,2008.0,924d5da7b313b9adc83d419bc97529067a2d3659de39ea7d5a2059b9e306b95f,https://upload.wikimedia.org/wikipedia/commons/f/f8/Crematogaster_ranavalonae_casent0101762_profile_1.jpg,"harvester downscale, byte-identical",commons_original,False,1024,771,1.3281,171264,202.0,201.0,193.0,183.86,9.0,0.10689,0.00367,black_bar,found,131.0,0.1279,4.0,0.603,0.912,1,
casent0101766,Platythyrea,ponerinae,Platythyrea bicuspis,April Nobile,commons,Syntype,"California Academy of Sciences, 2000-2007",train,p,data/images/Platythyrea/casent0101766_p.jpg,True,2000.0,2007.0,02fb9aa2f322fbe8a2d69eda7e68dc5a8b9bc75aed8081249871c58e24b10ec2,https://upload.wikimedia.org/wikipedia/commons/4/47/Platythyrea_bicuspis_casent0101766_profile_1.jpg,"harvester downscale, byte-identical",commons_original,False,1024,448,2.2857,140574,168.0,158.0,137.0,161.89,31.0,0.08648,0.03259,black_bar,found,95.0,0.0928,4.0,0.359,0.799,1,
casent0101767,Pheidole,myrmicinae,Pheidole spinosa,Nick Olgeirson,commons,Paralectotype,"California Academy of Sciences, 2000-2008",train,p,data/images/Pheidole/casent0101767_p.jpg,True,2000.0,2008.0,e063f5edc05fcf8833664376f986c9c02056b50d94a3b4409a8cbb59f7e34ad3,https://upload.wikimedia.org/wikipedia/commons/e/e2/Pheidole_megacephala_casent0101767_profile_1.jpg,"harvester downscale, byte-identical",commons_original,False,1024,596,1.7181,144919,112.0,117.0,113.0,112.29,-1.0,0.07162,0.07951,black_bar,found,164.0,0.1602,5.0,0.49,0.801,1,
casent0101769,Crematogaster,myrmicinae,Crematogaster kelleri,April Nobile,commons,Lectotype,"California Academy of Sciences, 2000-2008",train,p,data/images/Crematogaster/casent0101769_p.jpg,True,2000.0,2008.0,08424cb5111084bf9ff7a61e0c432cc13c56e44e7270b4b2cf3a03ff93d645d5,https://upload.wikimedia.org/wikipedia/commons/5/50/Crematogaster_adrepens_casent0101769_profile_1.jpg,"harvester downscale, byte-identical",commons_original,False,1024,748,1.369,173438,210.0,209.0,204.0,202.76,6.0,0.0167,0.00206,black_bar,found,181.0,0.1768,4.0,0.843,0.929,1,
casent0101770,Bothroponera,ponerinae,Bothroponera cambouei,April Nobile,commons,Lectotype,"California Academy of Sciences, 2000-2008",train,p,data/images/Bothroponera/casent0101770_p.jpg,True,2000.0,2008.0,559cb230f6971e50f66096c3acdda3851a28b2f9626811010c830dcd435fa712,https://upload.wikimedia.org/wikipedia/commons/e/e9/Pachycondyla_cambouei_casent0101770_profile_1.jpg,"Commons server thumbnail, byte-identical",commons_thumbnail,True,1280,681,1.8796,202622,196.0,192.0,187.0,189.23,9.0,0.08956,0.01364,black_bar,found,256.0,0.2,6.0,0.277,0.883,1,
casent0101771,Crematogaster,myrmicinae,Crematogaster ranavalonae,April Nobile,commons,Holotype,"California Academy of Sciences, 2000-2008",train,p,data/images/Crematogaster/casent0101771_p.jpg,True,2000.0,2008.0,97ff9c32a668abe0bd38415cdc8fe15f29e453c0e8558bc92a71d80d4ca68254,https://upload.wikimedia.org/wikipedia/commons/2/26/Crematogaster_inops_casent0101771_profile_1.jpg,"harvester downscale, byte-identical",commons_original,False,1024,740,1.3838,197225,196.0,194.0,179.0,184.72,17.0,0.05001,0.0038,black_bar,found,105.0,0.1025,4.0,0.104,0.918,1,
casent0101772,Cataulacus,myrmicinae,Cataulacus porcatus,April Nobile,commons,Syntype,"California Academy of Sciences, 2000-2008",test,p,data/images/Cataulacus/casent0101772_p.jpg,True,2000.0,2008.0,c4a02e8648a3c0454d361d377b180952e6245364c5cc0f853fa32e246d9d54a1,https://upload.wikimedia.org/wikipedia/commons/7/75/Cataulacus_porcatus_casent0101772_profile_1.jpg,"harvester downscale, byte-identical",commons_original,False,1024,641,1.5975,190093,249.0,246.0,240.0,237.64,9.0,0.35464,0.08213,black_bar,found,168.0,0.1641,4.0,0.15,0.878,1,
casent0101773,Crematogaster,myrmicinae,Crematogaster lobata,April Nobile,commons,,"California Academy of Sciences, 2000-2008",test,p,data/images/Crematogaster/casent0101773_p.jpg,False,2000.0,2008.0,b30b3c9abaa55e1de655fbfa4ce20527e0e4ea1ef3dfcfaea8f14c759134caa8,https://upload.wikimedia.org/wikipedia/commons/b/bc/Crematogaster_lobata_casent0101773_profile_1.jpg,"harvester downscale, byte-identical",commons_original,False,1024,702,1.4587,162787,210.0,210.0,209.0,205.23,1.0,0.08643,0.00367,black_bar,found,200.0,0.1953,4.0,0.724,0.932,1,
casent0101777,Camponotus,formicinae,Camponotus becki,Nick Olgeirson,commons,Paralectotype,"California Academy of Sciences, 2000-2008",train,p,data/images/Camponotus/casent0101777_p.jpg,True,2000.0,2008.0,170dc2d6918733c7e073d2f08dc2f810da299a5f108a600c4b23c00b40ebcf9b,https://upload.wikimedia.org/wikipedia/commons/f/f8/Camponotus_hova_becki_casent0101777_profile_1.jpg,"harvester downscale, byte-identical",commons_original,False,1024,607,1.687,163655,212.0,215.0,209.0,206.14,3.0,0.20797,0.07511,black_bar,found,181.0,0.1768,4.0,0.835,0.895,1,
casent0101779,Camponotus,formicinae,Camponotus cervicalis,April Nobile,commons,Paralectotype,"California Academy of Sciences, 2000-2007",test,p,data/images/Camponotus/casent0101779_p.jpg,True,2000.0,2007.0,2c1a9e298e537b3deabe1df534c070cb0ec211dde44843f7c69804805a7f1330,https://upload.wikimedia.org/wikipedia/commons/6/6a/Camponotus_cervicalis_casent0101779_profile_1.jpg,"harvester downscale, byte-identical",commons_original,False,1024,771,1.3281,168541,147.0,144.0,133.0,139.34,14.0,0.02452,0.0133,black_bar,found,369.0,0.3604,2.0,0.543,0.923,1,
casent0101780,Pheidole,myrmicinae,Pheidole ensifera,April Nobile,commons,Syntype,"California Academy of Sciences, 2000-2008",train,p,data/images/Pheidole/casent0101780_p.jpg,True,2000.0,2008.0,e0e3966b0be57d234fcc04b28b00e9b4a6496f2085ee7f77202947f7acf510a9,https://upload.wikimedia.org/wikipedia/commons/7/72/Pheidole_ensifera_casent0101780_profile_1.jpg,"harvester downscale, byte-identical",commons_original,False,1024,591,1.7327,124228,211.0,212.0,211.0,209.91,0.0,0.12788,0.01142,black_bar,found,204.0,0.1992,4.0,0.856,0.926,1,
casent0101781,Nylanderia,formicinae,Nylanderia madagascarensis,April Nobile,commons,Syntype,"California Academy of Sciences, 2000-2008",train,p,data/images/Nylanderia/casent0101781_p.jpg,True,2000.0,2008.0,389a59724f22d74dc4aac264125bb842088046636a09ffecfa9e2e0d64ac9f1f,https://upload.wikimedia.org/wikipedia/commons/9/98/Paratrechina_madagascarensis_ellisii_casent0101781_profile_1.jpg,"harvester downscale, byte-identical",commons_original,False,1024,604,1.6954,120918,138.0,135.0,126.0,137.14,12.0,0.01086,0.00454,black_bar,found,210.0,0.2051,5.0,0.169,0.895,1,
casent0101786,Crematogaster,myrmicinae,Crematogaster schencki,April Nobile,commons,,"California Academy of Sciences, 2000-2008",train,p,data/images/Crematogaster/casent0101786_p.jpg,False,2000.0,2008.0,c143f2b13e784022981c1871abd018ba588731867104dcf04fe4b09ff0f8123e,https://upload.wikimedia.org/wikipedia/commons/d/db/Crematogaster_schencki_casent0101786_profile_1.jpg,"harvester downscale, byte-identical",commons_original,False,1024,653,1.5681,179271,156.0,156.0,154.0,160.5,2.0,0.12033,0.04865,black_bar,found,145.0,0.1416,5.0,0.166,0.88,1,
casent0101787,Hypoponera,ponerinae,Hypoponera indigens,April Nobile,commons,Syntype,"California Academy of Sciences, 2000-2007",test,p,data/images/Hypoponera/casent0101787_p.jpg,True,2000.0,2007.0,a3f6e89aa60e00190e6f8e4db060fcef82144f98ffcc4b6fed8c4822449e51a5,https://upload.wikimedia.org/wikipedia/commons/7/7e/Hypoponera_indigens_bellicosa_casent0101787_profile_1.jpg,"Commons server thumbnail, pixel-identical",commons_thumbnail,True,1280,647,1.9784,216166,174.0,162.0,139.0,171.01,35.0,0.05425,0.01325,black_bar,found,230.0,0.1797,5.0,0.619,0.753,1,
casent0101788,Camponotus,formicinae,Camponotus roeseli,April Nobile,commons,Paralectotype,"California Academy of Sciences, 2000-2008",train,p,data/images/Camponotus/casent0101788_p.jpg,True,2000.0,2008.0,7a9431f9e3264643c152d525c5bf37079c4dcad69b3b8f54ba377d11e254767d,https://upload.wikimedia.org/wikipedia/commons/0/0f/Camponotus_roeseli_casent0101788_profile_1.jpg,"harvester downscale, byte-identical",commons_original,False,1024,684,1.4971,141439,161.0,161.0,161.0,159.42,0.0,0.09342,0.02925,black_bar,found,130.0,0.127,4.0,0.919,0.939,1,
casent0101789,Tetraponera,pseudomyrmecinae,Tetraponera rakotonis,April Nobile,commons,,"California Academy of Sciences, 2000-2007",train,p,data/images/Tetraponera/casent0101789_p.jpg,False,2000.0,2007.0,8a9ffbff4d9d04ba29bedc6af81f892cad7c074d7e6b93c329cc3c504d5d3833,https://upload.wikimedia.org/wikipedia/commons/3/37/Tetraponera_rakotonis_casent0101789_profile_1.jpg,"harvester downscale, byte-identical",commons_original,False,1024,694,1.4755,149530,185.0,179.0,155.0,174.22,30.0,0.09148,0.02693,black_bar,found,194.0,0.1895,4.0,0.405,0.827,1,
casent0101790,Crematogaster,myrmicinae,Crematogaster ensifera,April Nobile,commons,Lectotype,"California Academy of Sciences, 2000-2008",test,p,data/images/Crematogaster/casent0101790_p.jpg,True,2000.0,2008.0,ef82a5a0bc00e95bac99535273478cf102186cd9c041faf3c18a77e4b06a3f84,https://upload.wikimedia.org/wikipedia/commons/7/76/Crematogaster_ensifera_casent0101790_profile_1.jpg,"harvester downscale, byte-identical",commons_original,False,1024,571,1.7933,131335,216.0,216.0,215.0,213.09,1.0,0.19056,0.02657,black_bar,found,144.0,0.1406,4.0,0.488,0.89,1,
casent0101791,Technomyrmex,dolichoderinae,Technomyrmex difficilis,April Nobile,commons,,"California Academy of Sciences, 2000-2007",train,p,data/images/Technomyrmex/casent0101791_p.jpg,False,2000.0,2007.0,1a004444248d4a117c8a238518455ac6a1c35ef25b5299347f68a97c37a46a3c,https://upload.wikimedia.org/wikipedia/commons/6/6e/Technomyrmex_difficilis_casent0101791_profile_1.jpg,"harvester downscale, byte-identical",commons_original,False,1024,771,1.3281,166338,193.0,176.0,132.0,177.81,61.0,0.05371,0.00446,black_bar,found,204.0,0.1992,4.0,0.88,0.921,1,
casent0101792,Hypoponera,ponerinae,Hypoponera indigens,April Nobile,commons,Syntype,"California Academy of Sciences, 2000-2008",train,p,data/images/Hypoponera/casent0101792_p.jpg,True,2000.0,2008.0,78df000139d1808e47d0a4f6d26fd5db39cbda08ce6558ff282a95da55947994,https://upload.wikimedia.org/wikipedia/commons/7/7d/Hypoponera_indigens_bellicosa_casent0101792_profile_1.jpg,"harvester downscale, byte-identical",commons_original,False,1024,713,1.4362,188509,171.0,156.0,151.0,179.68,20.0,0.00937,0.00378,black_bar,found,202.0,0.1973,4.0,0.892,0.926,1,
casent0101795,Leptogenys,ponerinae,,April Nobile,commons,Lectotype,"California Academy of Sciences, 2000-2007",train,p,data/images/Leptogenys/casent0101795_p.jpg,True,2000.0,2007.0,bc8aff936c63e7f8e47db85348b770b69386d9ac86eb217a1f8b50632a32528a,https://upload.wikimedia.org/wikipedia/commons/0/00/Leptogenys_incisa_casent0101795_profile_1.jpg,"harvester downscale, byte-identical",commons_original,False,1024,534,1.9176,130680,171.0,162.0,142.0,160.22,29.0,0.07288,0.02621,black_bar,found,95.0,0.0928,5.0,0.715,0.862,1,
casent0101798,Leptogenys,ponerinae,Leptogenys angusta,April Nobile,commons,Paralectotype,"California Academy of Sciences, 2000-2007",train,p,data/images/Leptogenys/casent0101798_p.jpg,True,2000.0,2007.0,e86330b975093cc98cc934c738dd5c8b16cb18ed33682a3a6c98bb526f5d2037,https://upload.wikimedia.org/wikipedia/commons/6/61/Leptogenys_angusta_casent0101798_profile_1.jpg,"harvester downscale, byte-identical",commons_original,False,1024,476,2.1513,121196,176.0,166.0,145.0,164.23,31.0,0.1045,0.04692,black_bar,found,81.0,0.0791,4.0,0.642,0.847,1,
casent0101802,Crematogaster,myrmicinae,Crematogaster marthae,April Nobile,commons,Lectotype,"California Academy of Sciences, 2000-2008",test,p,data/images/Crematogaster/casent0101802_p.jpg,True,2000.0,2008.0,19187ecd7a2fd543a21ca08f9d7710bd3c607ba7243ae607b4e987eb1b909224,https://upload.wikimedia.org/wikipedia/commons/f/f6/Crematogaster_marthae_casent0101802_profile_1.jpg,"harvester downscale, byte-identical",commons_original,False,1024,562,1.8221,123427,227.0,218.0,212.0,215.01,15.0,0.20971,0.00938,black_bar,found,131.0,0.1279,4.0,0.872,0.899,1,
casent0101804,Crematogaster,myrmicinae,Crematogaster hova,April Nobile,commons,Lectotype,"California Academy of Sciences, 2000-2008",train,p,data/images/Crematogaster/casent0101804_p.jpg,True,2000.0,2008.0,ec98b75bdfba929e048004ff0a3cd2f394a94e391b623120f88bf1ae65d54db6,https://upload.wikimedia.org/wikipedia/commons/2/2e/Crematogaster_hova_casent0101804_profile_1.jpg,"harvester downscale, byte-identical",commons_original,False,1024,730,1.4027,156090,216.0,216.0,214.0,204.5,2.0,0.13449,0.00448,black_bar,found,181.0,0.1768,5.0,0.603,0.91,1,
casent0101805,Leptogenys,ponerinae,Leptogenys saussurei,April Nobile,commons,Holotype,"California Academy of Sciences, 2000-2007",test,p,data/images/Leptogenys/casent0101805_p.jpg,True,2000.0,2007.0,54f5f7a30cc462677f53be268f674ccb9c35cfa217e3e75f4774bfc0628b42bb,https://upload.wikimedia.org/wikipedia/commons/9/99/Leptogenys_saussurei_casent0101805_profile_1.jpg,"harvester downscale, byte-identical",commons_original,False,1024,628,1.6306,180758,184.0,178.0,155.0,172.72,29.0,0.18625,0.05186,black_bar,found,95.0,0.0928,4.0,0.564,0.89,1,
casent0101806,Platythyrea,ponerinae,Platythyrea mocquerysi,April Nobile,commons,Syntype,"California Academy of Sciences, 2000-2007",test,p,data/images/Platythyrea/casent0101806_p.jpg,True,2000.0,2007.0,acf30ff07d7c4001b64a89fd6f0e74eb6aa183a2a95c265349fc76eec9544801,https://upload.wikimedia.org/wikipedia/commons/3/38/Platythyrea_mocquerysi_casent0101806_profile_1.jpg,"harvester downscale, byte-identical",commons_original,False,1024,503,2.0358,122297,166.0,157.0,133.0,161.65,33.0,0.0662,0.02196,black_bar,found,146.0,0.1426,4.0,0.595,0.801,1,
casent0101812,Camponotus,formicinae,Camponotus dufouri,April Nobile,commons,Lectotype,"California Academy of Sciences, 2000-2008",train,p,data/images/Camponotus/casent0101812_p.jpg,True,2000.0,2008.0,eff354417235e6037c0bfb95dfbcc4c65111af016e9892e9476a7e3e96798e1e,https://upload.wikimedia.org/wikipedia/commons/1/10/Camponotus_dufouri_imerinensis_casent0101812_profile_1.jpg,"harvester downscale, byte-identical",commons_original,False,1011,808,1.2512,207628,166.0,162.0,153.0,158.29,13.0,0.03648,0.01593,black_bar,found,104.0,0.1029,5.0,0.928,0.931,1,
casent0101814,Tetramorium,myrmicinae,Tetramorium steinheili,Nick Olgeirson,commons,Lectotype,"California Academy of Sciences, 2000-2008",train,p,data/images/Tetramorium/casent0101814_p.jpg,True,2000.0,2008.0,357af9802b74bd038dc28e614a80fa916736ad8890c876480e216afeb061fd90,https://upload.wikimedia.org/wikipedia/commons/4/46/Tetramorium_steinheili_casent0101814_profile_1.jpg,"harvester downscale, byte-identical",commons_original,False,1024,796,1.2864,203142,186.0,185.0,180.0,184.24,6.0,0.11346,0.02117,black_bar,found,144.0,0.1406,5.0,0.318,0.903,1,
casent0101819,Anochetus,ponerinae,Anochetus grandidieri,April Nobile,commons,Lectotype,"California Academy of Sciences, 2000-2007",test,p,data/images/Anochetus/casent0101819_p.jpg,True,2000.0,2007.0,57a9d617e1b239d3d47b6d6918bb29b65ff33220b1a3b69b10bb530b57c4319e,https://upload.wikimedia.org/wikipedia/commons/2/20/Anochetus_grandidieri_casent0101819_profile_1.jpg,"Commons server thumbnail, byte-identical",commons_thumbnail,True,1280,795,1.6101,166491,142.0,138.0,117.0,139.45,25.0,0.05185,0.02968,black_bar,found,212.0,0.1656,6.0,0.554,0.769,1,
casent0101821,Tetramorium,myrmicinae,Tetramorium andrei,April Nobile,commons,Lectotype,"California Academy of Sciences, 2000-2008",train,p,data/images/Tetramorium/casent0101821_p.jpg,True,2000.0,2008.0,fab5726be8b3b135c302245a2660c193f6da682ab3300982a750dec7e5a648d1,https://upload.wikimedia.org/wikipedia/commons/5/5c/Tetramorium_andrei_casent0101821_profile_1.jpg,"harvester downscale, byte-identical",commons_original,False,1024,751,1.3635,185886,216.0,216.0,215.0,209.1,1.0,0.11145,0.00476,black_bar,found,144.0,0.1406,4.0,0.473,0.925,1,
casent0101823,Technomyrmex,dolichoderinae,Technomyrmex difficilis,April Nobile,commons,,"California Academy of Sciences, 2000-2007",train,p,data/images/Technomyrmex/casent0101823_p.jpg,False,2000.0,2007.0,22ffef889c9672969dce4d12a99ea8e2d24139aa933596811c5b8668e8536f4b,https://upload.wikimedia.org/wikipedia/commons/3/30/Technomyrmex_difficilis_casent0101823_profile_1.jpg,"harvester downscale, byte-identical",commons_original,False,1024,506,2.0237,120738,175.0,161.0,126.0,157.62,49.0,0.1277,0.03806,black_bar,found,164.0,0.1602,4.0,0.517,0.889,1,
casent0101824,Crematogaster,myrmicinae,Crematogaster ranavalonae,April Nobile,commons,,"California Academy of Sciences, 2000-2008",test,p,data/images/Crematogaster/casent0101824_p.jpg,False,2000.0,2008.0,c130bcc34268b45bc7823539f543da401e7df348a53d6e36264f9db2f3db6243,https://upload.wikimedia.org/wikipedia/commons/4/42/Crematogaster_ranavalonae_paulinae_casent0101824_profile_1.jpg,"harvester downscale, byte-identical",commons_original,False,1024,705,1.4525,164498,213.0,213.0,211.0,214.04,2.0,0.18691,0.01802,black_bar,found,209.0,0.2041,4.0,0.845,0.93,1,
casent0101825,Leptogenys,ponerinae,,April Nobile,commons,Paralectotype,"California Academy of Sciences, 2000-2007",test,p,data/images/Leptogenys/casent0101825_p.jpg,True,2000.0,2007.0,ea8a1d97d3d2697d91cc3c2a1ff216f05303b1c47f642e4b5d7a6dfda10620fb,https://upload.wikimedia.org/wikipedia/commons/5/5a/Leptogenys_incisa_casent0101825_profile_1.jpg,"harvester downscale, byte-identical",commons_original,False,1024,607,1.687,159368,141.0,134.0,112.0,134.41,29.0,0.05771,0.04228,black_bar,found,123.0,0.1201,4.0,0.574,0.88,1,
casent0101827,Lioponera,dorylinae,,April Nobile,commons,,"California Academy of Sciences, 2000-2007",train,p,data/images/Lioponera/casent0101827_p.jpg,False,2000.0,2007.0,615874e4ce6f0b45deb96aafe931eefc2704a5f6561c0deb1ee395bfeb8d33e2,https://upload.wikimedia.org/wikipedia/commons/4/43/Cerapachys_mayri_casent0101827_profile_1.jpg,"harvester downscale, byte-identical",commons_original,False,1024,611,1.6759,153170,170.0,165.0,143.0,157.43,27.0,0.09187,0.04475,black_bar,found,120.0,0.1172,4.0,0.409,0.799,1,
casent0101828,Camponotus,formicinae,Camponotus dufouri,April Nobile,commons,,"California Academy of Sciences, 2000-2008",test,p,data/images/Camponotus/casent0101828_p.jpg,False,2000.0,2008.0,108e940d897e37b77c8ac047e942f303a5e76e7868b8cb22531e306389f9f762,https://upload.wikimedia.org/wikipedia/commons/5/5b/Camponotus_dufouri_imerinensis_casent0101828_profile_1.jpg,"harvester downscale, byte-identical",commons_original,False,1024,771,1.3281,167724,159.0,156.0,146.0,146.89,13.0,0.06055,0.02402,black_bar,found,85.0,0.083,5.0,0.936,0.938,1,
casent0101829,Pheidole,myrmicinae,Pheidole annemariae,April Nobile,commons,Syntype,"California Academy of Sciences, 2000-2008",test,p,data/images/Pheidole/casent0101829_p.jpg,True,2000.0,2008.0,3739a34eed67c2847571b376b08da451b366e4868f3d9c0f0ab7b6a964609f50,https://upload.wikimedia.org/wikipedia/commons/b/b3/Pheidole_annemariae_casent0101829_profile_1.jpg,"harvester downscale, byte-identical",commons_original,False,1024,662,1.5468,183873,184.0,171.0,147.0,157.35,37.0,0.01814,0.00203,black_bar,found,127.0,0.124,5.0,0.267,0.91,1,
casent0101830,Crematogaster,myrmicinae,Crematogaster ranavalonae,April Nobile,commons,,"California Academy of Sciences, 2000-2008",test,p,data/images/Crematogaster/casent0101830_p.jpg,False,2000.0,2008.0,1999be505a9ee7354e2bea630922a91ff5d26e9bef58f64fff68056a6914c7db,https://upload.wikimedia.org/wikipedia/commons/2/25/Crematogaster_ranavalonae_pepo_casent0101830_profile_1.jpg,"harvester downscale, byte-identical",commons_original,False,1024,595,1.721,148946,165.0,160.0,158.0,171.05,7.0,0.01146,0.0033,black_bar,found,144.0,0.1406,4.0,0.642,0.918,1,
casent0101831,Lioponera,dorylinae,,April Nobile,commons,Syntype,"California Academy of Sciences, 2000-2007",train,p,data/images/Lioponera/casent0101831_p.jpg,True,2000.0,2007.0,434527a08cf2b46d64c427165dc5beac15567bc1f9d3b78838451b2ddbe64d98,https://upload.wikimedia.org/wikipedia/commons/a/a4/Cerapachys_mayri_casent0101831_profile_1.jpg,"harvester downscale, byte-identical",commons_original,False,1024,577,1.7747,148682,172.0,167.0,144.0,162.11,28.0,0.12397,0.05156,black_bar,found,127.0,0.124,4.0,0.917,0.894,1,
casent0101832,Technomyrmex,dolichoderinae,Technomyrmex madecassus,April Nobile,commons,,"California Academy of Sciences, 2000-2007",train,p,data/images/Technomyrmex/casent0101832_p.jpg,False,2000.0,2007.0,05536d47bb8e0c332ed8d8540a0e21350777605a3302401fc12b43494739c735,https://upload.wikimedia.org/wikipedia/commons/b/bb/Technomyrmex_madecassus_casent0101832_profile_1.jpg,"harvester downscale, byte-identical",commons_original,False,1024,594,1.7239,135939,127.0,110.0,85.0,135.73,42.0,0.00523,0.0077,black_bar,found,149.0,0.1455,4.0,0.538,0.879,1,
casent0101833,Nylanderia,formicinae,Nylanderia madagascarensis,April Nobile,commons,Syntype,"California Academy of Sciences, 2000-2007",test,p,data/images/Nylanderia/casent0101833_p.jpg,True,2000.0,2007.0,4ee99a9e4cb8414d18d7b6373478d65346663df68c5477805a6b46153f6f622a,https://upload.wikimedia.org/wikipedia/commons/e/ea/Paratrechina_madagascarensis_rufescens_casent0101833_profile_1.jpg,"harvester downscale, byte-identical",commons_original,False,1024,672,1.5238,124403,131.0,130.0,125.0,145.11,6.0,0.00229,0.00226,black_bar,found,168.0,0.1641,4.0,0.48,0.911,1,
casent0101834,Leptogenys,ponerinae,Leptogenys angusta,April Nobile,commons,Lectotype,"California Academy of Sciences, 2000-2008",train,p,data/images/Leptogenys/casent0101834_p.jpg,True,2000.0,2008.0,f99027f7d64de9bfbbe850fb0c42b0181e497cfd3734a9cfb67cbe2b312095cd,https://upload.wikimedia.org/wikipedia/commons/6/6f/Leptogenys_angusta_casent0101834_profile_1.jpg,"Commons server thumbnail, byte-identical",commons_thumbnail,True,1280,770,1.6623,199685,181.0,174.0,157.0,169.96,24.0,0.09195,0.02509,black_bar,found,132.0,0.1031,6.0,0.94,0.919,1,
casent0101836,Crematogaster,myrmicinae,Crematogaster rasoherinae,April Nobile,commons,Lectotype,"California Academy of Sciences, 2000-2008",train,p,data/images/Crematogaster/casent0101836_p.jpg,True,2000.0,2008.0,4a3cbeec38331719e323ea9fc506fb1d7f30a0514c57e2f402e7313c1ea14263,https://upload.wikimedia.org/wikipedia/commons/8/84/Crematogaster_rasoherinae_brunneola_casent0101836_profile_1.jpg,"harvester downscale, byte-identical",commons_original,False,1024,594,1.7239,109325,206.0,206.0,201.0,199.69,5.0,0.04961,0.00328,black_bar,found,209.0,0.2041,4.0,0.828,0.899,1,
casent0101837,Leptogenys,ponerinae,Leptogenys oswaldi,April Nobile,commons,Holotype,"California Academy of Sciences, 2000-2008",test,p,data/images/Leptogenys/casent0101837_p.jpg,True,2000.0,2008.0,62e0bf0323db60ea7d8a9aab647111e29b037f361b6d40a43b93a09a2f7abf5e,https://upload.wikimedia.org/wikipedia/commons/e/e5/Leptogenys_oswaldi_casent0101837_profile_1.jpg,"harvester downscale, byte-identical",commons_original,False,1024,687,1.4905,181882,177.0,169.0,144.0,164.1,33.0,0.15512,0.07932,black_bar,found,98.0,0.0957,4.0,0.938,0.914,1,
casent0101838,Pheidole,myrmicinae,Pheidole bessonii,Michele Esposito,commons,Syntype,"California Academy of Sciences, 2000-2008",train,p,data/images/Pheidole/casent0101838_p.jpg,True,2000.0,2008.0,2cd69933ef92743e574d471a6c62bc3ade01c66c2aebd6ea4f2030d5d5335bcd,https://upload.wikimedia.org/wikipedia/commons/9/98/Pheidole_bessonii_casent0101838_profile_1.jpg,"harvester downscale, byte-identical",commons_original,False,1024,799,1.2816,198152,211.0,210.0,205.0,198.12,6.0,0.09209,0.00396,black_bar,found,142.0,0.1387,4.0,0.901,0.924,1,
casent0101840,Crematogaster,myrmicinae,Crematogaster ranavalonae,April Nobile,commons,,"California Academy of Sciences, 2000-2008",train,p,data/images/Crematogaster/casent0101840_p.jpg,False,2000.0,2008.0,ef1316b8bd8bdf15225ff664e05de05ea2491d0eaf41eb56f6628b2287dacbf8,https://upload.wikimedia.org/wikipedia/commons/5/55/Crematogaster_ranavalonae_casent0101840_profile_1.jpg,"harvester downscale, byte-identical",commons_original,False,1024,615,1.665,173225,160.0,159.0,157.0,165.36,3.0,0.02862,0.00663,black_bar,found,144.0,0.1406,4.0,0.49,0.883,1,
casent0101841,Lioponera,dorylinae,,April Nobile,commons,Syntype,"California Academy of Sciences, 2000-2007",train,p,data/images/Lioponera/casent0101841_p.jpg,True,2000.0,2007.0,18b036e6e5c62a8d24d71288a661a66c9e7553ba1b76cb6407f2561f2c64fe1d,https://upload.wikimedia.org/wikipedia/commons/7/73/Cerapachys_mayri_casent0101841_profile_1.jpg,"harvester downscale, byte-identical",commons_original,False,1024,472,2.1695,137271,168.0,162.0,143.0,171.71,25.0,0.15553,0.07673,black_bar,found,152.0,0.1484,4.0,0.521,0.86,1,
casent0101845,Crematogaster,myrmicinae,Crematogaster rasoherinae,April Nobile,commons,Syntype,"California Academy of Sciences, 2000-2008",train,p,data/images/Crematogaster/casent0101845_p.jpg,True,2000.0,2008.0,d10b42a2eb4b4c0351f42cb55ff02979ad700e8a37678076c34c25c474bdb5b0,https://upload.wikimedia.org/wikipedia/commons/9/9b/Crematogaster_rasoherinae_brunneola_casent0101845_profile_1.jpg,"Commons server thumbnail, byte-identical",commons_thumbnail,True,1280,771,1.6602,196931,229.0,225.0,207.0,218.88,22.0,0.17474,0.03782,black_bar,found,263.0,0.2055,5.0,0.869,0.833,1,
casent0101847,Crematogaster,myrmicinae,Crematogaster ranavalonae,April Nobile,commons,,"California Academy of Sciences, 2000-2008",train,p,data/images/Crematogaster/casent0101847_p.jpg,False,2000.0,2008.0,4b6656487e687268de2ace195b95d4ff74f852482ca3d60ed61245fd7db9607a,https://upload.wikimedia.org/wikipedia/commons/2/28/Crematogaster_ranavalonae_paulinae_casent0101847_profile_1.jpg,"harvester downscale, byte-identical",commons_original,False,1024,539,1.8998,126269,216.0,217.0,215.0,212.8,1.0,0.14907,0.01983,black_bar,found,132.0,0.1289,4.0,0.849,0.924,1,
casent0101850,Camponotus,formicinae,Camponotus gouldi,April Nobile,commons,,"California Academy of Sciences, 2000-2008",train,p,data/images/Camponotus/casent0101850_p.jpg,False,2000.0,2008.0,bb9a4913e47a4881e21ff1fe84b5a0ffd164c7446dc4b0ef4ab1d12f342260e2,https://upload.wikimedia.org/wikipedia/commons/1/18/Camponotus_gouldi_casent0101850_profile_1.jpg,"harvester downscale, byte-identical",commons_original,False,1024,556,1.8417,108907,166.0,164.0,159.0,162.08,7.0,0.16391,0.05533,black_bar,found,116.0,0.1133,4.0,0.928,0.924,1,
casent0101851,Camponotus,formicinae,Camponotus hovahovoides,April Nobile,gbif_cache,Paralectotype,"California Academy of Sciences, 2000-2007",train,p,data/images/Camponotus/casent0101851_p.jpg,True,2000.0,2007.0,db0a7529eeb0c606932b3e282b950b58395b73d1f8313fa7bfd6148a20b534ef,https://api.gbif.org/v1/image/cache/1024x1024/occurrence/865114928/media/af46eabf025d08f73bcbfb6cfd235ed8,,gbif_cache,False,1024,1024,1.0,150763,178.0,172.0,147.0,150.99,31.0,0.22265,0.09379,black_bar,truncated,,,,0.919,0.754,1,
casent0101854,Camponotus,formicinae,Camponotus butteli,April Nobile,commons,,"California Academy of Sciences, 2000-2008",train,p,data/images/Camponotus/casent0101854_p.jpg,False,2000.0,2008.0,9eea32cab96e50c8135cecb3cc859e6bc0fef5322e7b3457c3d38704c9bc46b3,https://upload.wikimedia.org/wikipedia/commons/8/89/Camponotus_butteli_casent0101854_profile_1.jpg,"harvester downscale, byte-identical",commons_original,False,1024,696,1.4713,187766,178.0,174.0,153.0,172.29,25.0,0.09658,0.02441,black_bar,found,133.0,0.1299,4.0,0.922,0.932,1,
casent0101859,Cardiocondyla,myrmicinae,Cardiocondyla shuckardi,Michele Esposito,commons,Syntype,"California Academy of Sciences, 2000-2008",train,p,data/images/Cardiocondyla/casent0101859_p.jpg,True,2000.0,2008.0,6acd702778da2cd119b08f832ced5fa54ae26db1815216ed44340d1b3eebd8c9,https://upload.wikimedia.org/wikipedia/commons/0/0b/Cardiocondyla_shuckardi_casent0101859_profile_1.jpg,"harvester downscale, byte-identical",commons_original,False,1024,707,1.4484,184485,226.0,222.0,211.0,208.51,15.0,0.23856,0.06959,black_bar,found,110.0,0.1074,4.0,0.381,0.915,1,
casent0101860,Cardiocondyla,myrmicinae,Cardiocondyla emeryi,April Nobile,commons,,"California Academy of Sciences, 2000-2008",train,p,data/images/Cardiocondyla/casent0101860_p.jpg,False,2000.0,2008.0,954f490fa16428f55ce33587e3b6f9c3b8d57bc6ad2dbaec56cc1123d52a7430,https://upload.wikimedia.org/wikipedia/commons/a/a5/Cardiocondyla_emeryi_casent0101860_profile_1.jpg,"harvester downscale, byte-identical",commons_original,False,1024,519,1.973,121712,219.0,202.0,175.0,190.88,44.0,0.11206,0.00954,black_bar,found,120.0,0.1172,4.0,0.823,0.913,1,
casent0101861,Crematogaster,myrmicinae,Crematogaster agnetis,Nick Olgeirson,commons,,"California Academy of Sciences, 2000-2008",test,p,data/images/Crematogaster/casent0101861_p.jpg,False,2000.0,2008.0,ee02d8d5908c589eb5ef251fb36116d16d03fa324313265d9d55f42f906daf63,https://upload.wikimedia.org/wikipedia/commons/e/e0/Crematogaster_agnetis_casent0101861_profile_1.jpg,"harvester downscale, byte-identical",commons_original,False,1024,547,1.872,127550,126.0,130.0,128.0,125.59,-2.0,0.12975,0.11608,black_bar,found,224.0,0.2188,3.0,0.424,0.794,1,
casent0101862,Pachycondyla,ponerinae,Euponera sikorae,April Nobile,commons,Lectotype,"California Academy of Sciences, 2000-2008",train,p,data/images/Pachycondyla/casent0101862_p.jpg,True,2000.0,2008.0,e09957bdde962b5ef3c6a9a89b6ccb753f7618e64af8d7b0daba51f159606a43,https://upload.wikimedia.org/wikipedia/commons/8/84/Pachycondyla_sikorae_casent0101862_profile_1.jpg,"harvester downscale, byte-identical",commons_original,False,1024,540,1.8963,104905,190.0,175.0,166.0,175.71,24.0,0.09769,0.03232,black_bar,found,81.0,0.0791,4.0,0.57,0.809,1,
casent0101864,Platythyrea,ponerinae,Platythyrea mocquerysi,April Nobile,gbif_cache,Syntype,"California Academy of Sciences, 2000-2007",train,p,data/images/Platythyrea/casent0101864_p.jpg,True,2000.0,2007.0,f36f5bbce7239be43a618fc7dbdc30cc38e8d13ce5502465a85201092e5ede9e,https://api.gbif.org/v1/image/cache/1024x1024/occurrence/865115149/media/6b706b473f1ba59a9bf15968e6459c5f,,gbif_cache,False,1024,1024,1.0,144602,136.0,127.0,109.0,131.85,27.0,0.11273,0.09445,black_bar,truncated,,,,0.918,0.776,1,
casent0101866,Crematogaster,myrmicinae,Crematogaster madagascariensis,April Nobile,commons,,"California Academy of Sciences, 2000-2008",train,p,data/images/Crematogaster/casent0101866_p.jpg,False,2000.0,2008.0,fec942c0b74eb09a3c10f697d2f4c700eff5a5ab65202b7776630e041231a04d,https://upload.wikimedia.org/wikipedia/commons/9/9e/Crematogaster_madagascariensis_casent0101866_profile_1.jpg,"harvester downscale, byte-identical",commons_original,False,1024,540,1.8963,123253,225.0,224.0,220.0,219.19,5.0,0.15539,0.0189,black_bar,found,131.0,0.1279,4.0,0.616,0.924,1,
casent0101867,Camponotus,formicinae,Camponotus radamae,April Nobile,commons,Paralectotype,"California Academy of Sciences, 2000-2008",train,p,data/images/Camponotus/casent0101867_p.jpg,True,2000.0,2008.0,1341778720100c7d2fdfd5b3bb96fa85918974301fa7352b89bcfdd8f6b1ea28,https://upload.wikimedia.org/wikipedia/commons/1/1c/Camponotus_hova_radamae_casent0101867_profile_1.jpg,"harvester downscale, byte-identical",commons_original,False,1024,747,1.3708,184994,195.0,195.0,192.0,191.06,3.0,0.09271,0.02324,black_bar,found,155.0,0.1514,4.0,0.832,0.926,1,
casent0101869,Pheidole,myrmicinae,Pheidole scabrata,April Nobile,commons,Syntype,"California Academy of Sciences, 2000-2008",test,p,data/images/Pheidole/casent0101869_p.jpg,True,2000.0,2008.0,98c632c840116beb5080ba44740809b4c2e9f9b6d8d3757ec9220305b91781c6,https://upload.wikimedia.org/wikipedia/commons/7/7d/Pheidole_longispinosa_scabrata_casent0101869_profile_1.jpg,"harvester downscale, byte-identical",commons_original,False,1012,808,1.2525,237798,220.0,218.0,214.0,206.91,6.0,0.20123,0.02994,black_bar,found,248.0,0.2451,4.0,0.862,0.937,1,
casent0101872,Mystrium,amblyoponinae,Mystrium rogeri,April Nobile,commons,Paralectotype,"California Academy of Sciences, 2000-2007",train,p,data/images/Mystrium/casent0101872_p.jpg,True,2000.0,2007.0,43acfcd37e683515ec56cf45bae06c70836ca04f11a70fe8a483a13874c3caad,https://upload.wikimedia.org/wikipedia/commons/b/bc/Mystrium_stadelmanni_casent0101872_profile_1.jpg,"harvester downscale, byte-identical",commons_original,False,1024,687,1.4905,166671,154.0,148.0,122.0,146.65,32.0,0.04923,0.02144,black_bar,found,194.0,0.1895,5.0,0.556,0.858,1,
casent0101877,Crematogaster,myrmicinae,Crematogaster ranavalonae,April Nobile,commons,,"California Academy of Sciences, 2000-2008",train,p,data/images/Crematogaster/casent0101877_p.jpg,False,2000.0,2008.0,3a3bab0eb2a664ef3933a9aa68f27308b537395bd9b2ce547c9c96697fc24739,https://upload.wikimedia.org/wikipedia/commons/5/51/Crematogaster_ranavalonae_paulinae_casent0101877_profile_1.jpg,"harvester downscale, byte-identical",commons_original,False,1024,687,1.4905,173205,214.0,214.0,210.0,205.3,4.0,0.17105,0.02572,black_bar,found,119.0,0.1162,4.0,0.691,0.936,1,
casent0101878,Crematogaster,myrmicinae,Crematogaster ranavalonae,April Nobile,commons,,"California Academy of Sciences, 2000-2008",train,p,data/images/Crematogaster/casent0101878_p.jpg,False,2000.0,2008.0,5564bba590e93253bfd38b44f40d1df079c45ce36dc659bf95394bd69aa1f83f,https://upload.wikimedia.org/wikipedia/commons/f/f4/Crematogaster_ranavalonae_paulinae_casent0101878_profile_1.jpg,"Commons server thumbnail, byte-identical",commons_thumbnail,True,1280,587,2.1806,197741,217.0,217.0,215.0,214.36,2.0,0.17916,0.03354,black_bar,found,167.0,0.1305,6.0,0.856,0.901,1,
casent0101881,Tetraponera,pseudomyrmecinae,Tetraponera exasciata,April Nobile,commons,,"California Academy of Sciences, 2000-2007",test,p,data/images/Tetraponera/casent0101881_p.jpg,False,2000.0,2007.0,2c0cd82ca50a8d05ef56907f0da6471cb54472c120f588f7cb8733ea0b00152d,https://upload.wikimedia.org/wikipedia/commons/3/3b/Tetraponera_exasciata_casent0101881_profile_1.jpg,"harvester downscale, byte-identical",commons_original,False,1024,485,2.1113,120666,185.0,178.0,155.0,182.25,30.0,0.11383,0.03921,none,not_found,,,,,,0,
casent0101883,Tetraponera,pseudomyrmecinae,Tetraponera grandidieri,April Nobile,commons,Holotype,"California Academy of Sciences, 2000-2007",train,p,data/images/Tetraponera/casent0101883_p.jpg,True,2000.0,2007.0,0d0f9447a3d3379da515159e8a0248601cc9792cbce2dff478c661be16253fb1,https://upload.wikimedia.org/wikipedia/commons/f/f5/Tetraponera_grandidieri_hildebrandti_casent0101883_profile_1.jpg,"harvester downscale, byte-identical",commons_original,False,1024,482,2.1245,116638,164.0,156.0,136.0,156.83,28.0,0.04313,0.01465,black_bar,found,133.0,0.1299,4.0,0.686,0.807,1,
casent0101884,Leptogenys,ponerinae,Leptogenys ridens,April Nobile,commons,Holotype,"California Academy of Sciences, 2000-2008",train,p,data/images/Leptogenys/casent0101884_p.jpg,True,2000.0,2008.0,0555a8567be7ae687445612f8486694909d037eb6a3c1536f3174fdec5e8ae00,https://upload.wikimedia.org/wikipedia/commons/e/e5/Leptogenys_ridens_casent0101884_profile_1.jpg,"harvester downscale, byte-identical",commons_original,False,1024,691,1.4819,146267,140.0,135.0,121.0,136.34,19.0,0.08003,0.06165,black_bar,found,106.0,0.1035,5.0,0.935,0.927,1,
casent0101887,Nylanderia,formicinae,Nylanderia madagascarensis,April Nobile,commons,Syntype,"California Academy of Sciences, 2000-2007",train,p,data/images/Nylanderia/casent0101887_p.jpg,True,2000.0,2007.0,5c2f2f5363f212ad89df5b9e6da383ed020732a83aa7ebd47f1256d6cc48c319,https://upload.wikimedia.org/wikipedia/commons/b/b1/Paratrechina_madagascarensis_ellisii_casent0101887_profile_1.jpg,"harvester downscale, byte-identical",commons_original,False,1024,686,1.4927,134493,133.0,134.0,128.0,143.55,5.0,0.00905,0.00344,black_bar,found,210.0,0.2051,4.0,0.504,0.921,1,
casent0101888,Leptogenys,ponerinae,Leptogenys voeltzkowi,April Nobile,commons,Lectotype,"California Academy of Sciences, 2000-2008",train,p,data/images/Leptogenys/casent0101888_p.jpg,True,2000.0,2008.0,df5948748f3f9268e2e67445c958695692f27b3c8709392f25eb9844f7eb0554,https://upload.wikimedia.org/wikipedia/commons/c/c9/Leptogenys_voeltzkowi_casent0101888_profile_1.jpg,"harvester downscale, byte-identical",commons_original,False,1024,633,1.6177,156024,186.0,178.0,156.0,179.61,30.0,0.10805,0.04382,black_bar,found,133.0,0.1299,4.0,0.921,0.927,1,
casent0101890,Platythyrea,ponerinae,Platythyrea mocquerysi,April Nobile,commons,Syntype,"California Academy of Sciences, 2000-2007",train,p,data/images/Platythyrea/casent0101890_p.jpg,True,2000.0,2007.0,1667f331f0fae93f7b469a5f6ad922c0779c5c85413442693dd2f896dc440cdd,https://upload.wikimedia.org/wikipedia/commons/1/14/Platythyrea_mocquerysi_casent0101890_profile_1.jpg,"harvester downscale, byte-identical",commons_original,False,1024,501,2.0439,109014,153.0,145.0,127.0,146.08,26.0,0.0621,0.02547,black_bar,found,133.0,0.1299,5.0,0.914,0.877,1,
casent0101891,Cardiocondyla,myrmicinae,Cardiocondyla shuckardi,April Nobile,commons,Syntype,"California Academy of Sciences, 2000-2008",train,p,data/images/Cardiocondyla/casent0101891_p.jpg,True,2000.0,2008.0,dd2aee76ebc73a6db2f17d3029eac025f93f8a24d11596908d45730828fac0e5,https://upload.wikimedia.org/wikipedia/commons/d/de/Cardiocondyla_shuckardi_casent0101891_profile_1.jpg,"harvester downscale, byte-identical",commons_original,False,1024,657,1.5586,174543,160.0,160.0,162.0,163.05,-2.0,0.02895,0.00672,black_bar,found,210.0,0.2051,4.0,0.797,0.887,1,
casent0101893,Camponotus,formicinae,Camponotus mixtellus,Nick Olgeirson,commons,Lectotype,"California Academy of Sciences, 2000-2008",test,p,data/images/Camponotus/casent0101893_p.jpg,True,2000.0,2008.0,b069f21c29a3252753db141158f419e73b067742365122dc512033adccebef75,https://upload.wikimedia.org/wikipedia/commons/a/ad/Camponotus_hova_mixtellus_casent0101893_profile_1.jpg,"harvester downscale, byte-identical",commons_original,False,1024,778,1.3162,227344,221.0,221.0,210.0,212.78,11.0,0.10902,0.01557,black_bar,found,213.0,0.208,4.0,0.708,0.938,1,
casent0101897,Pheidole,myrmicinae,Pheidole madecassa,April Nobile,commons,Syntype,"California Academy of Sciences, 2000-2008",test,p,data/images/Pheidole/casent0101897_p.jpg,True,2000.0,2008.0,e9d05881afd1f65617486bbaa1be1d5753bc9fe4ccc96598606063b283086133,https://upload.wikimedia.org/wikipedia/commons/8/80/Pheidole_madecassa_casent0101897_profile_1.jpg,"harvester downscale, byte-identical",commons_original,False,1024,625,1.6384,151322,211.0,211.0,201.0,201.0,10.0,0.06209,0.0027,black_bar,found,173.0,0.1689,4.0,0.871,0.92,1,
casent0101898,Tetramorium,myrmicinae,Tetramorium sikorae,April Nobile,commons,Paralectotype,"California Academy of Sciences, 2000-2008",train,p,data/images/Tetramorium/casent0101898_p.jpg,True,2000.0,2008.0,22277a548ca6fe68501ffc163665abac4c4f886dff96ae2af5edb83a785d0664,https://upload.wikimedia.org/wikipedia/commons/b/b0/Tetramorium_sikorae_casent0101898_profile_1.jpg,"harvester downscale, byte-identical",commons_original,False,1024,710,1.4423,185143,218.0,217.0,216.0,205.07,2.0,0.05098,0.00226,black_bar,found,126.0,0.123,4.0,0.748,0.923,1,
casent0101899,Aphaenogaster,myrmicinae,Aphaenogaster gonacantha,April Nobile,commons,Syntype,"California Academy of Sciences, 2000-2007",train,p,data/images/Aphaenogaster/casent0101899_p.jpg,True,2000.0,2007.0,aef3cc4d289e0699af62e62bcc6652cbeb74528a8b0e92ed3e4dad3e9af39776,https://upload.wikimedia.org/wikipedia/commons/9/96/Aphaenogaster_gonacantha_casent0101899_profile_1.jpg,"harvester downscale, byte-identical",commons_original,False,1024,771,1.3281,168621,181.0,175.0,150.0,180.5,31.0,0.06778,0.01786,black_bar,found,106.0,0.1035,4.0,0.86,0.852,1,
casent0101903,Tetramorium,myrmicinae,Tetramorium tosii,April Nobile,commons,,"California Academy of Sciences, 2000-2008",train,p,data/images/Tetramorium/casent0101903_p.jpg,False,2000.0,2008.0,b62e40793c1b5b303b50992eceaeb3dbaca6ed570f0ba726c8ba4c43c82a2a5b,https://upload.wikimedia.org/wikipedia/commons/2/29/Tetramorium_tosii_casent0101903_profile_1.jpg,"harvester downscale, byte-identical",commons_original,False,1024,766,1.3368,186952,223.0,225.0,225.0,214.99,-2.0,0.14935,0.0313,black_bar,found,118.0,0.1152,4.0,0.831,0.936,1,
casent0101906,Camponotus,formicinae,Camponotus hildebrandti,April Nobile,commons,Lectotype,"California Academy of Sciences, 2000-2008",train,p,data/images/Camponotus/casent0101906_p.jpg,True,2000.0,2008.0,b6b521a885fe268e20628c8a413b3464ddb0749ad4cf7ea839ecd112f78ee7b3,https://upload.wikimedia.org/wikipedia/commons/0/04/Camponotus_hildebrandti_casent0101906_profile_1.jpg,"harvester downscale, byte-identical",commons_original,False,1024,694,1.4755,157608,174.0,170.0,162.0,170.26,12.0,0.14814,0.04886,black_bar,found,97.0,0.0947,4.0,0.942,0.928,1,
casent0101908,Camponotus,formicinae,Camponotus maculatus,April Nobile,gbif_cache,Lectotype,"California Academy of Sciences, 2000-2008",train,p,data/images/Camponotus/casent0101908_p.jpg,True,2000.0,2008.0,eaa62816e58fec2a4d3c80809bbe73a842f468aa1cb7ce7f63f200219015f5b9,https://api.gbif.org/v1/image/cache/1024x1024/occurrence/865115044/media/615b8487ad8e3c0c68aeec5fadd58ea3,,gbif_cache,False,1024,1024,1.0,147390,156.0,158.0,155.0,142.07,1.0,0.0681,0.02427,none,not_found,,,,,,0,
casent0101913,Tetraponera,pseudomyrmecinae,Tetraponera rakotonis,April Nobile,commons,,"California Academy of Sciences, 2000-2007",train,p,data/images/Tetraponera/casent0101913_p.jpg,False,2000.0,2007.0,8c1e322c6c88740b18b056546245425e4a9c2fe8e3be2259b6cc8ac62c592608,https://upload.wikimedia.org/wikipedia/commons/7/77/Tetraponera_rakotonis_casent0101913_profile_1.jpg,"Commons server thumbnail, byte-identical",commons_thumbnail,True,1280,526,2.4335,180684,175.0,166.0,145.0,171.22,30.0,0.10098,0.04513,black_bar,found,168.0,0.1313,5.0,0.368,0.754,1,
casent0101914,Leptogenys,ponerinae,Leptogenys truncatirostris,April Nobile,commons,Paralectotype,"California Academy of Sciences, 2000-2007",train,p,data/images/Leptogenys/casent0101914_p.jpg,True,2000.0,2007.0,24424ac2c8526d3ee3bfb153b4084eb4f6e1f79582de2570c9a21651c9e637e2,https://upload.wikimedia.org/wikipedia/commons/1/1c/Leptogenys_truncatirostris_casent0101914_profile_1.jpg,"harvester downscale, byte-identical",commons_original,False,971,808,1.2017,146071,156.0,150.0,130.0,151.65,26.0,0.065,0.03312,black_bar,found,119.0,0.1226,5.0,0.156,0.851,1,
casent0101916,Lioponera,dorylinae,,April Nobile,commons,Syntype,"California Academy of Sciences, 2000-2007",train,p,data/images/Lioponera/casent0101916_p.jpg,True,2000.0,2007.0,c6cae20825410d73f24846032a622670cdc1d137e78b76aef4b1fceb33e0e829,https://upload.wikimedia.org/wikipedia/commons/e/e6/Cerapachys_kraepelinii_casent0101916_profile_1.jpg,"harvester downscale, byte-identical",commons_original,False,1024,658,1.5562,179834,149.0,141.0,122.0,155.55,27.0,0.10871,0.06709,black_bar,found,248.0,0.2422,5.0,0.41,0.894,1,
casent0101919,Camponotus,formicinae,Camponotus dufouri,April Nobile,commons,Paralectotype,"California Academy of Sciences, 2000-2007",train,p,data/images/Camponotus/casent0101919_p.jpg,True,2000.0,2007.0,e1bff559d83eaff4b022441640bccbdaee846bb9eec62751e69caa01caa106cd,https://upload.wikimedia.org/wikipedia/commons/2/24/Camponotus_dufouri_casent0101919_profile_1.jpg,"harvester downscale, byte-identical",commons_original,False,1024,771,1.3281,154897,187.0,188.0,198.0,187.03,-11.0,0.03866,0.00494,black_bar,found,92.0,0.0898,2.0,0.606,0.866,1,
casent0101924,Camponotus,formicinae,Camponotus mixtellus,April Nobile,commons,Paralectotype,"California Academy of Sciences, 2000-2007",train,p,data/images/Camponotus/casent0101924_p.jpg,True,2000.0,2007.0,93749902b1dab6fc9c67c70d8a1a9a0a2603fe5d43f4fc3d70a51d0ed039591a,https://upload.wikimedia.org/wikipedia/commons/c/c4/Camponotus_hova_mixtellus_casent0101924_profile_1.jpg,"harvester downscale, byte-identical",commons_original,False,1024,680,1.5059,187764,157.0,151.0,132.0,153.67,25.0,0.02127,0.00745,black_bar,found,106.0,0.1035,4.0,0.388,0.772,1,
casent0101926,Technomyrmex,dolichoderinae,Technomyrmex mayri,April Nobile,commons,Syntype,"California Academy of Sciences, 2000-2007",train,p,data/images/Technomyrmex/casent0101926_p.jpg,True,2000.0,2007.0,755325f2c8f54898a7eb7595ee2164d62b47d6c4588b3649bd9f4f0e2568ed5d,https://upload.wikimedia.org/wikipedia/commons/8/81/Technomyrmex_mayri_casent0101926_profile_1.jpg,"harvester downscale, byte-identical",commons_original,False,1024,715,1.4322,138012,184.0,178.0,168.0,177.13,16.0,0.03872,0.00616,black_bar,found,121.0,0.1182,4.0,0.309,0.841,1,
casent0101927,Nylanderia,formicinae,Nylanderia humbloti,April Nobile,commons,Syntype,"California Academy of Sciences, 2000-2007",train,p,data/images/Nylanderia/casent0101927_p.jpg,True,2000.0,2007.0,89475e21d5cebdfcc1b8582af7279423ccd6c73c5f511bbfb1352466878bb5ac,https://upload.wikimedia.org/wikipedia/commons/1/17/Paratrechina_humbloti_casent0101927_profile_1.jpg,"harvester downscale, byte-identical",commons_original,False,1024,771,1.3281,141623,213.0,192.0,159.0,180.93,54.0,0.02833,0.002,black_bar,found,144.0,0.1406,4.0,0.349,0.913,1,
casent0101931,Camponotus,formicinae,Camponotus hovahovoides,April Nobile,commons,,"California Academy of Sciences, 2000-2008",train,p,data/images/Camponotus/casent0101931_p.jpg,False,2000.0,2008.0,6d09fc264b0e239204404b3aadaf513d33323dc815d148f3f8c816787d862616,https://upload.wikimedia.org/wikipedia/commons/b/b5/Camponotus_hova_hovoides_casent0101931_profile_1.jpg,"harvester downscale, byte-identical",commons_original,False,1024,662,1.5468,159530,157.0,153.0,135.0,149.43,22.0,0.0779,0.04015,black_bar,found,123.0,0.1201,4.0,0.932,0.92,1,
casent0101932,Technomyrmex,dolichoderinae,Technomyrmex difficilis,April Nobile,commons,Syntype,"California Academy of Sciences, 2000-2007",train,p,data/images/Technomyrmex/casent0101932_p.jpg,True,2000.0,2007.0,fef170a2f6a45e8fcfdb3e2125a294f5373a67e348b515a86e667e3e664275c7,https://upload.wikimedia.org/wikipedia/commons/f/ff/Technomyrmex_difficilis_casent0101932_profile_1.jpg,"Commons server thumbnail, byte-identical",commons_thumbnail,True,1280,628,2.0382,204022,152.0,146.0,127.0,168.64,25.0,0.02188,0.00805,black_bar,found,207.0,0.1617,6.0,0.803,0.752,1,
casent0101938,Tetramorium,myrmicinae,Tetramorium kelleri,April Nobile,commons,,"California Academy of Sciences, 2000-2008",train,p,data/images/Tetramorium/casent0101938_p.jpg,False,2000.0,2008.0,168c8f9a8b8156d283954e8d43f9d01c04791a2ad0e21cd950b8fcfcbb44175e,https://upload.wikimedia.org/wikipedia/commons/b/be/Tetramorium_kelleri_casent0101938_profile_1.jpg,"harvester downscale, byte-identical",commons_original,False,1024,680,1.5059,191007,132.0,131.0,127.0,131.51,5.0,0.00801,0.00568,black_bar,found,234.0,0.2285,4.0,0.275,0.922,1,
casent0101940,Leptogenys,ponerinae,Leptogenys truncatirostris,April Nobile,commons,Lectotype,"California Academy of Sciences, 2000-2007",train,p,data/images/Leptogenys/casent0101940_p.jpg,True,2000.0,2007.0,46bcb94465ea9feb83854225435e82e373894749754dfc06f6dead01fc5462cc,https://upload.wikimedia.org/wikipedia/commons/5/58/Leptogenys_truncatirostris_casent0101940_profile_1.jpg,"harvester downscale, byte-identical",commons_original,False,1024,726,1.4105,147354,180.0,173.0,153.0,173.45,27.0,0.05115,0.01303,black_bar,found,109.0,0.1064,5.0,0.302,0.822,1,
casent0101941,Tetraponera,pseudomyrmecinae,Tetraponera hysterica,April Nobile,commons,,"California Academy of Sciences, 2000-2007",train,p,data/images/Tetraponera/casent0101941_p.jpg,False,2000.0,2007.0,ba349506a15ef523b95bebdd93054e935b9467b86b20454e8b58cbd2f78d7c4a,https://upload.wikimedia.org/wikipedia/commons/4/4c/Tetraponera_hysterica_casent0101941_profile_1.jpg,"harvester downscale, byte-identical",commons_original,False,1024,509,2.0118,117841,186.0,179.0,155.0,191.57,31.0,0.11965,0.04352,black_bar,found,203.0,0.1982,4.0,0.441,0.794,1,
casent0101943,Pheidole,myrmicinae,Pheidole grallatrix,April Nobile,commons,Syntype,"California Academy of Sciences, 2000-2008",test,p,data/images/Pheidole/casent0101943_p.jpg,True,2000.0,2008.0,afb6faf6c639ef3222017a78d3dea61b0d716722515123f08f315b00c2523312,https://upload.wikimedia.org/wikipedia/commons/7/73/Pheidole_grallatrix_casent0101943_profile_1.jpg,"harvester downscale, byte-identical",commons_original,False,1024,771,1.3281,173679,203.0,203.0,195.0,197.19,8.0,0.08426,0.01137,black_bar,found,119.0,0.1162,4.0,0.725,0.9,1,
casent0101947,Leptogenys,ponerinae,Leptogenys voeltzkowi,April Nobile,commons,Paralectotype,"California Academy of Sciences, 2000-2007",train,p,data/images/Leptogenys/casent0101947_p.jpg,True,2000.0,2007.0,d1d4a0fdb1a20d0f00421f2a5a8aa03c23d321f59bc840ce31509d5cc98bb51e,https://upload.wikimedia.org/wikipedia/commons/3/32/Leptogenys_voeltzkowi_casent0101947_profile_1.jpg,"harvester downscale, byte-identical",commons_original,False,1024,549,1.8652,139496,187.0,179.0,160.0,179.84,27.0,0.10989,0.02284,black_bar,found,133.0,0.1299,5.0,0.178,0.861,1,
casent0101952,Mystrium,amblyoponinae,Mystrium voeltzkowi,April Nobile,commons,Lectotype,"California Academy of Sciences, 2000-2007",train,p,data/images/Mystrium/casent0101952_p.jpg,True,2000.0,2007.0,77792441ebaf80381d889f2ed9e32e73e2770a89d295498899b1df7dd73a0087,https://upload.wikimedia.org/wikipedia/commons/d/d0/Mystrium_voeltzkowi_casent0101952_profile_1.jpg,"harvester downscale, byte-identical",commons_original,False,1024,484,2.1157,124501,178.0,168.0,149.0,168.9,29.0,0.08363,0.02351,black_bar,found,106.0,0.1035,4.0,0.413,0.835,1,
casent0101954,Camponotus,formicinae,Camponotus hova,April Nobile,commons,Paralectotype,"California Academy of Sciences, 2000-2007",train,p,data/images/Camponotus/casent0101954_p.jpg,True,2000.0,2007.0,c48931a772bcb1b909e1a20d14de93323e6d327fcbcc505b83702a291e1101e2,https://upload.wikimedia.org/wikipedia/commons/c/c1/Camponotus_hova_hovoides_casent0101954_profile_1.jpg,"harvester downscale, byte-identical",commons_original,False,1024,617,1.6596,163299,158.0,156.0,160.0,157.53,-2.0,0.07384,0.0316,black_bar,found,94.0,0.0918,5.0,0.376,0.798,1,
casent0101955,Hypoponera,ponerinae,Hypoponera indigens,April Nobile,commons,Syntype,"California Academy of Sciences, 2000-2007",train,p,data/images/Hypoponera/casent0101955_p.jpg,True,2000.0,2007.0,c6f5f29f0c03f092cb48bc71425fd1b5b5ec7a61bc28cee24b915cc51ba2b383,https://upload.wikimedia.org/wikipedia/commons/f/fd/Hypoponera_indigens_bellicosa_casent0101955_profile_1.jpg,"harvester downscale, byte-identical",commons_original,False,1024,631,1.6228,155349,182.0,166.0,140.0,176.54,42.0,0.03261,0.00618,black_bar,found,192.0,0.1875,4.0,0.512,0.808,1,
casent0101957,Anochetus,ponerinae,Anochetus madagascarensis,April Nobile,commons,Paralectotype,"California Academy of Sciences, 2000-2007",train,p,data/images/Anochetus/casent0101957_p.jpg,True,2000.0,2007.0,9345cd4c15de10687aabdee4a9edab50160c1ceb772f1b56fb3983d23827b9da,https://upload.wikimedia.org/wikipedia/commons/4/45/Anochetus_madagascarensis_casent0101957_profile_1.jpg,"Commons server thumbnail, byte-identical",commons_thumbnail,True,1280,572,2.2378,218058,134.0,123.0,109.0,150.83,25.0,0.07695,0.06885,black_bar,found,172.0,0.1344,6.0,0.772,0.844,1,
casent0101958,Hypoponera,ponerinae,Hypoponera indigens,April Nobile,commons,Syntype,"California Academy of Sciences, 2000-2007",train,p,data/images/Hypoponera/casent0101958_p.jpg,True,2000.0,2007.0,c1d067e7eb7c49aca23c8fe8902e007f3cb53bd77dbee74f7f38c33ec9b28fc1,https://upload.wikimedia.org/wikipedia/commons/b/b8/Hypoponera_indigens_bellicosa_casent0101958_profile_1.jpg,"harvester downscale, byte-identical",commons_original,False,1024,567,1.806,159773,172.0,151.0,124.0,169.89,48.0,0.06065,0.01978,black_bar,found,179.0,0.1748,5.0,0.759,0.756,1,
casent0101960,Technomyrmex,dolichoderinae,Technomyrmex madecassus,April Nobile,commons,,"California Academy of Sciences, 2000-2007",test,p,data/images/Technomyrmex/casent0101960_p.jpg,False,2000.0,2007.0,a952ca9893257099f9e2270b600857171f7d155a326284d807e21d7ff2a82839,https://upload.wikimedia.org/wikipedia/commons/2/24/Technomyrmex_madecassus_casent0101960_profile_1.jpg,"harvester downscale, byte-identical",commons_original,False,1024,677,1.5126,132740,203.0,177.0,133.0,160.85,70.0,0.01155,0.00297,black_bar,found,190.0,0.1855,4.0,0.87,0.756,1,
casent0101969,Lioponera,dorylinae,,April Nobile,commons,Syntype,"California Academy of Sciences, 2000-2007",train,p,data/images/Lioponera/casent0101969_p.jpg,True,2000.0,2007.0,e19a682d22d65f4b447b8eec10b9a6695ceb51a5598a8d1ca36acb8ccfa6eeed,https://upload.wikimedia.org/wikipedia/commons/a/ac/Cerapachys_mayri_casent0101969_profile_1.jpg,"harvester downscale, byte-identical",commons_original,False,1024,693,1.4776,204484,171.0,162.0,144.0,172.58,27.0,0.15329,0.07194,black_bar,found,146.0,0.1426,4.0,0.594,0.801,1,
casent0101971,Pheidole,myrmicinae,Pheidole spinosa,Nick Olgeirson,commons,Lectotype,"California Academy of Sciences, 2000-2008",train,p,data/images/Pheidole/casent0101971_p.jpg,True,2000.0,2008.0,6ab5062827c0ba5f5a190a60a974a7e4ea2d2eb364c5498403bc539aff4f42e8,https://upload.wikimedia.org/wikipedia/commons/4/4e/Pheidole_picata_casent0101971_profile_1.jpg,"harvester downscale, byte-identical",commons_original,False,1024,711,1.4402,183175,172.0,170.0,164.0,159.42,8.0,0.19526,0.10913,black_bar,found,300.0,0.293,4.0,0.347,0.899,1,
casent0101972,Leptogenys,ponerinae,Leptogenys angusta,April Nobile,commons,Paralectotype,"California Academy of Sciences, 2000-2007",train,p,data/images/Leptogenys/casent0101972_p.jpg,True,2000.0,2007.0,9d73ce58e0f96c48e15c583ec48e7058bd0894d32b98c49d5ca295afac0d29ef,https://upload.wikimedia.org/wikipedia/commons/1/10/Leptogenys_angusta_casent0101972_profile_1.jpg,"harvester downscale, byte-identical",commons_original,False,1024,422,2.4265,108247,147.0,138.0,120.0,139.3,27.0,0.1057,0.07123,black_bar,found,95.0,0.0928,5.0,0.624,0.809,1,
casent0101974,Technomyrmex,dolichoderinae,Technomyrmex madecassus,April Nobile,commons,,"California Academy of Sciences, 2000-2007",train,p,data/images/Technomyrmex/casent0101974_p.jpg,False,2000.0,2007.0,b4413e38dfe590a205adac7fe366a8f41f40e17dd01ef4f5c6e7228bbf12089d,https://upload.wikimedia.org/wikipedia/commons/5/5c/Technomyrmex_madecassus_casent0101974_profile_1.jpg,"harvester downscale, byte-identical",commons_original,False,1024,613,1.6705,162919,125.0,121.0,99.0,141.46,26.0,0.00343,0.00345,black_bar,found,213.0,0.208,5.0,0.44,0.927,1,
casent0101975,Leptogenys,ponerinae,Leptogenys truncatirostris,April Nobile,commons,Paralectotype,"California Academy of Sciences, 2000-2007",train,p,data/images/Leptogenys/casent0101975_p.jpg,True,2000.0,2007.0,3ea479d423338e777170eabcbaaab4cca3c241d748b75df0b14457132204cbff,https://upload.wikimedia.org/wikipedia/commons/5/5a/Leptogenys_truncatirostris_casent0101975_profile_1.jpg,"harvester downscale, byte-identical",commons_original,False,1024,392,2.6122,112668,184.0,170.0,150.0,179.51,34.0,0.1035,0.03872,black_bar,found,95.0,0.0928,4.0,0.163,0.844,1,
casent0101979,Tetraponera,pseudomyrmecinae,Tetraponera mandibularis,April Nobile,commons,,"California Academy of Sciences, 2000-2007",train,p,data/images/Tetraponera/casent0101979_p.jpg,False,2000.0,2007.0,df65377ebbb502f0d76ad2b9a66e150f25e625c18b4661f5000b544c1b5482a8,https://upload.wikimedia.org/wikipedia/commons/8/83/Tetraponera_flexuosa_casent0101979_profile_1.jpg,"harvester downscale, byte-identical",commons_original,False,1024,375,2.7307,98438,174.0,165.0,139.0,177.73,35.0,0.10966,0.04974,black_bar,found,168.0,0.1641,4.0,0.857,0.829,1,
casent0101980,Lioponera,dorylinae,,April Nobile,commons,Syntype,"California Academy of Sciences, 2000-2007",train,p,data/images/Lioponera/casent0101980_p.jpg,True,2000.0,2007.0,1e3678362fcdcf0f6f968c1e8a672255a66b26eb123d2d17a21f912f4d3a895d,https://upload.wikimedia.org/wikipedia/commons/e/eb/Cerapachys_mayri_casent0101980_profile_1.jpg,"harvester downscale, byte-identical",commons_original,False,1024,749,1.3672,176858,170.0,167.0,143.0,162.65,27.0,0.09659,0.02969,black_bar,found,151.0,0.1475,5.0,0.254,0.864,1,
casent0101985,Lioponera,dorylinae,,April Nobile,commons,,"California Academy of Sciences, 2000-2008",train,p,data/images/Lioponera/casent0101985_p.jpg,False,2000.0,2008.0,3f57c6741d9cd6568fd6d6255db93b422c4cb653001d9d2ab98f88f9c9e4c4be,https://upload.wikimedia.org/wikipedia/commons/7/7f/Cerapachys_imerinensis_casent0101985_profile_1.jpg,"Commons server thumbnail, pixel-identical",commons_thumbnail,True,1280,731,1.751,182399,154.0,149.0,133.0,150.12,21.0,0.06935,0.03663,black_bar,found,178.0,0.1391,5.0,0.92,0.925,1,
casent0101986,Odontomachus,ponerinae,Odontomachus coquereli,April Nobile,commons,,"California Academy of Sciences, 2000-2007",train,p,data/images/Odontomachus/casent0101986_p.jpg,False,2000.0,2007.0,eb187f73e3154ff89d3217e4cf578092978e3df172453bf73c3bbf74f8dcb606,https://upload.wikimedia.org/wikipedia/commons/e/e4/Odontomachus_coquereli_casent0101986_profile_1.jpg,"harvester downscale, byte-identical",commons_original,False,1024,482,2.1245,125703,151.0,141.0,122.0,143.14,29.0,0.07116,0.04638,black_bar,found,71.0,0.0693,4.0,0.57,0.77,1,
casent0101987,Cataulacus,myrmicinae,Cataulacus oberthueri,Nick Olgeirson,commons,,"California Academy of Sciences, 2000-2008",train,p,data/images/Cataulacus/casent0101987_p.jpg,False,2000.0,2008.0,77e3f35fd62c63bad605e927a71ede2520cbc7c0b718793c9f678ba48593ff82,https://upload.wikimedia.org/wikipedia/commons/a/a8/Cataulacus_oberthueri_casent0101987_profile_1.jpg,"harvester downscale, byte-identical",commons_original,False,1024,743,1.3782,193812,196.0,196.0,192.0,190.36,4.0,0.32669,0.18363,black_bar,found,259.0,0.2529,4.0,0.303,0.799,1,
casent0101989,Leptogenys,ponerinae,Leptogenys voeltzkowi,April Nobile,commons,Paralectotype,"California Academy of Sciences, 2000-2007",train,p,data/images/Leptogenys/casent0101989_p.jpg,True,2000.0,2007.0,4fe4583658300422c554dad0b8609df8645510a20448e6c5549a980bb54362eb,https://upload.wikimedia.org/wikipedia/commons/3/35/Leptogenys_voeltzkowi_casent0101989_profile_1.jpg,"harvester downscale, byte-identical",commons_original,False,1024,592,1.7297,142825,185.0,177.0,158.0,176.55,27.0,0.09146,0.03341,black_bar,found,124.0,0.1211,4.0,0.497,0.804,1,
casent0101992,Camponotus,formicinae,Camponotus becki,Nick Olgeirson,commons,Lectotype,"California Academy of Sciences, 2000-2008",train,p,data/images/Camponotus/casent0101992_p.jpg,True,2000.0,2008.0,6f6d426a5be8a8d8e952ee6df7ab132869a9e48cdc49b792592b10edbd5362a8,https://upload.wikimedia.org/wikipedia/commons/9/99/Camponotus_hova_becki_casent0101992_profile_1.jpg,"harvester downscale, byte-identical",commons_original,False,1024,531,1.9284,137750,192.0,194.0,192.0,184.96,0.0,0.11664,0.03217,black_bar,found,151.0,0.1475,4.0,0.838,0.928,1,
casent0101993,Mystrium,amblyoponinae,Mystrium oberthueri,April Nobile,commons,Lectotype,"California Academy of Sciences, 2000-2007",test,p,data/images/Mystrium/casent0101993_p.jpg,True,2000.0,2007.0,f5c8fb0f9797520ae07e0fa6d3da390e99455adcbeaac6c239583166571d72c2,https://upload.wikimedia.org/wikipedia/commons/9/9f/Mystrium_oberthueri_casent0101993_profile_1.jpg,"harvester downscale, byte-identical",commons_original,False,1024,284,3.6056,87595,174.0,164.0,146.0,165.62,28.0,0.16436,0.0827,black_bar,found,95.0,0.0928,4.0,0.561,0.831,1,
casent0101995,Mystrium,amblyoponinae,Mystrium voeltzkowi,April Nobile,commons,Lectotype,"California Academy of Sciences, 2000-2007",train,p,data/images/Mystrium/casent0101995_p.jpg,True,2000.0,2007.0,325557f8a06ab55983c6559b2f86a6c68976a42ed2ff17ad677c398f07b2ff04,https://upload.wikimedia.org/wikipedia/commons/4/43/Mystrium_fallax_casent0101995_profile_1.jpg,"harvester downscale, byte-identical",commons_original,False,1024,771,1.3281,166906,151.0,148.0,125.0,149.51,26.0,0.04316,0.01757,black_bar,found,204.0,0.1992,5.0,0.686,0.833,1,
casent0101998,Cataulacus,myrmicinae,Cataulacus wasmanni,Nick Olgeirson,commons,Syntype,"California Academy of Sciences, 2000-2008",train,p,data/images/Cataulacus/casent0101998_p.jpg,True,2000.0,2008.0,2ee44bf97ae83e300553ae90f46fdb41d7308e3bf2fbd8ef614191642dbe4c3d,https://upload.wikimedia.org/wikipedia/commons/1/1f/Cataulacus_wasmanni_casent0101998_profile_1.jpg,"harvester downscale, byte-identical",commons_original,False,1024,771,1.3281,211513,187.0,189.0,182.0,183.86,5.0,0.26519,0.19377,black_bar,found,180.0,0.1758,3.0,0.368,0.907,1,
casent0102004,Platythyrea,ponerinae,Platythyrea bicuspis,April Nobile,commons,Syntype,"California Academy of Sciences, 2000-2008",test,p,data/images/Platythyrea/casent0102004_p.jpg,True,2000.0,2008.0,fe30e48dbbc50c9a74d1ba32080da23b9b6a07a6cfc2181dd50bbd9adaa476a3,https://upload.wikimedia.org/wikipedia/commons/a/a4/Platythyrea_bicuspis_casent0102004_profile_1.jpg,"harvester downscale, byte-identical",commons_original,False,1024,645,1.5876,157627,133.0,131.0,123.0,141.65,10.0,0.05475,0.03936,black_bar,found,114.0,0.1113,4.0,0.924,0.924,1,
casent0102005,Platythyrea,ponerinae,Platythyrea bicuspis,April Nobile,commons,Syntype,"California Academy of Sciences, 2000-2008",train,p,data/images/Platythyrea/casent0102005_p.jpg,True,2000.0,2008.0,2455cfe5456774c404848c0952864111e712b1384ae4a0d8d93ac50a007fcfa4,https://upload.wikimedia.org/wikipedia/commons/1/15/Platythyrea_bicuspis_casent0102005_profile_1.jpg,"harvester downscale, byte-identical",commons_original,False,1024,746,1.3727,162347,137.0,137.0,128.0,141.63,9.0,0.10513,0.06611,black_bar,found,114.0,0.1113,4.0,0.913,0.913,1,
casent0102006,Platythyrea,ponerinae,Platythyrea bicuspis,April Nobile,commons,Syntype,"California Academy of Sciences, 2000-2008",train,p,data/images/Platythyrea/casent0102006_p.jpg,True,2000.0,2008.0,93ed8409f9743b8193a2461a0f5ba30329de38985e77f83a52fc8ebc35a645c7,https://upload.wikimedia.org/wikipedia/commons/2/24/Platythyrea_bicuspis_casent0102006_profile_1.jpg,"harvester downscale, byte-identical",commons_original,False,1024,770,1.3299,166704,142.0,141.0,135.0,148.79,7.0,0.0447,0.02449,black_bar,found,115.0,0.1123,5.0,0.877,0.921,1,
casent0102008,Platythyrea,ponerinae,Platythyrea mocquerysi,April Nobile,commons,Paralectotype,"California Academy of Sciences, 2000-2008",train,p,data/images/Platythyrea/casent0102008_p.jpg,True,2000.0,2008.0,208fbe794a79cf24266ccf086d28de8254ab63f4493d74d42f66eeb7edf68f40,https://upload.wikimedia.org/wikipedia/commons/b/bf/Platythyrea_mocquerysi_casent0102008_profile_1.jpg,"harvester downscale, byte-identical",commons_original,False,1024,528,1.9394,105535,165.0,165.0,164.0,168.17,1.0,0.10112,0.05081,black_bar,found,132.0,0.1289,4.0,0.912,0.892,1,
casent0102009,Platythyrea,ponerinae,Platythyrea mocquerysi,April Nobile,commons,Paralectotype,"California Academy of Sciences, 2000-2008",train,p,data/images/Platythyrea/casent0102009_p.jpg,True,2000.0,2008.0,77bbc48335bef64ad4ab257389678122a790f5e5e02c7d27c5882173b5ccb50e,https://upload.wikimedia.org/wikipedia/commons/9/97/Platythyrea_mocquerysi_casent0102009_profile_1.jpg,"harvester downscale, byte-identical",commons_original,False,1024,761,1.3456,151202,135.0,132.0,124.0,137.59,11.0,0.0839,0.06383,black_bar,found,116.0,0.1133,4.0,0.908,0.913,1,
casent0102011,Bothroponera,ponerinae,Bothroponera comorensis,April Nobile,commons,Paralectotype,"California Academy of Sciences, 2000-2008",train,p,data/images/Bothroponera/casent0102011_p.jpg,True,2000.0,2008.0,8e8917a696720db39f1975d7f23fc04bda750a705b4a11fbd2732212d13807fe,https://upload.wikimedia.org/wikipedia/commons/d/de/Pachycondyla_comorensis_casent0102011_profile_1.jpg,"harvester downscale, byte-identical",commons_original,False,1024,690,1.4841,177100,162.0,159.0,155.0,160.76,7.0,0.1747,0.09488,black_bar,found,80.0,0.0781,4.0,0.917,0.904,1,
casent0102014,Leptogenys,ponerinae,Leptogenys suarensis,April Nobile,commons,Lectotype,"California Academy of Sciences, 2000-2008",train,p,data/images/Leptogenys/casent0102014_p.jpg,True,2000.0,2008.0,611b716bd2a169e290978bd4828a81e7bfdfd2e5ada8a053518f549a2804f1ce,https://upload.wikimedia.org/wikipedia/commons/3/38/Leptogenys_incisa_casent0102014_profile_1.jpg,"Commons server thumbnail, byte-identical",commons_thumbnail,True,1280,535,2.3925,146434,152.0,150.0,146.0,153.14,6.0,0.12242,0.07942,black_bar,found,139.0,0.1086,5.0,0.918,0.859,1,
casent0102015,Leptogenys,ponerinae,Leptogenys antongilensis,April Nobile,commons,Lectotype,"California Academy of Sciences, 2000-2008",test,p,data/images/Leptogenys/casent0102015_p.jpg,True,2000.0,2008.0,e49581be0f95b1a00e01ed2c33c47268c6feadd0a90357330cd698bf92a9d8ff,https://upload.wikimedia.org/wikipedia/commons/1/1a/Leptogenys_antongilensis_casent0102015_profile_1.jpg,"harvester downscale, byte-identical",commons_original,False,1024,716,1.4302,187735,125.0,120.0,115.0,151.04,10.0,0.0814,0.07939,black_bar,found,112.0,0.1094,4.0,0.915,0.912,1,
casent0102016,Leptogenys,ponerinae,Leptogenys antongilensis,April Nobile,commons,Paralectotype,"California Academy of Sciences, 2000-2008",train,p,data/images/Leptogenys/casent0102016_p.jpg,True,2000.0,2008.0,9f1b7ba6fa6380b0a0479ffd0eb4cca0c3ed6be77c55b953bf2200803011eac3,https://upload.wikimedia.org/wikipedia/commons/5/57/Leptogenys_antongilensis_casent0102016_profile_1.jpg,"harvester downscale, byte-identical",commons_original,False,1024,691,1.4819,154940,130.0,126.0,118.0,145.44,12.0,0.06149,0.05256,black_bar,found,113.0,0.1104,5.0,0.914,0.908,1,
casent0102017,Leptogenys,ponerinae,Leptogenys gracilis,April Nobile,commons,Lectotype,"California Academy of Sciences, 2000-2008",train,p,data/images/Leptogenys/casent0102017_p.jpg,True,2000.0,2008.0,47bffe637a0ae22bfda9dbe19eb87901792f8abd7dd38e1bd3397ffbd792771a,https://upload.wikimedia.org/wikipedia/commons/4/4f/Leptogenys_gracilis_casent0102017_profile_1.jpg,"harvester downscale, byte-identical",commons_original,False,1024,698,1.467,166153,134.0,135.0,123.0,166.11,11.0,0.05615,0.03993,black_bar,found,85.0,0.083,4.0,0.917,0.905,1,
casent0102019,Odontomachus,ponerinae,Odontomachus coquereli,April Nobile,commons,,"California Academy of Sciences, 2000-2008",test,p,data/images/Odontomachus/casent0102019_p.jpg,False,2000.0,2008.0,6d251cbb48bfd07e33ccd9a1c071cb12b0ecccae3d50f9051b29572871f94c53,https://upload.wikimedia.org/wikipedia/commons/b/b8/Odontomachus_coquereli_casent0102019_profile_1.jpg,"harvester downscale, byte-identical",commons_original,False,1024,715,1.4322,178948,115.0,112.0,103.0,117.6,12.0,0.02826,0.03541,black_bar,found,144.0,0.1406,4.0,0.899,0.912,1,
casent0102021,Odontomachus,ponerinae,Odontomachus coquereli,April Nobile,commons,Lectotype,"California Academy of Sciences, 2000-2008",train,p,data/images/Odontomachus/casent0102021_p.jpg,True,2000.0,2008.0,e2e24132f9216db016179aa87e8ec55c38d206bd3bd245ffcc45f35634b4e966,https://upload.wikimedia.org/wikipedia/commons/4/46/Odontomachus_coquereli_casent0102021_profile_1.jpg,"harvester downscale, byte-identical",commons_original,False,1024,659,1.5539,171654,128.0,125.0,114.0,139.96,14.0,0.02834,0.02445,black_bar,found,144.0,0.1406,4.0,0.926,0.924,1,
casent0102025,Leptogenys,ponerinae,Leptogenys coerulescens,April Nobile,commons,Paralectotype,"California Academy of Sciences, 2000-2008",test,p,data/images/Leptogenys/casent0102025_p.jpg,True,2000.0,2008.0,1147924fc1a3b0217ceb8f040758f3cdc375ed03e45da34e2913aee2e8d7b4be,https://upload.wikimedia.org/wikipedia/commons/e/e3/Leptogenys_coerulescens_casent0102025_profile_1.jpg,"harvester downscale, byte-identical",commons_original,False,1024,661,1.5492,179095,223.0,201.0,178.0,206.01,45.0,0.18354,0.05763,black_bar,found,92.0,0.0898,3.0,0.923,0.904,1,
casent0102026,Leptogenys,ponerinae,Leptogenys coerulescens,April Nobile,commons,Paralectotype,"California Academy of Sciences, 2000-2008",train,p,data/images/Leptogenys/casent0102026_p.jpg,True,2000.0,2008.0,444bdb8c0a0dbfe4207f78932a60693f56efdf5426b8f1257401c18c69cb0952,https://upload.wikimedia.org/wikipedia/commons/3/32/Leptogenys_coerulescens_casent0102026_profile_1.jpg,"harvester downscale, byte-identical",commons_original,False,1024,654,1.5657,146935,167.0,162.0,160.0,155.27,7.0,0.15427,0.09098,black_bar,found,161.0,0.1572,5.0,0.886,0.898,1,
casent0102027,Leptogenys,ponerinae,Leptogenys coerulescens,April Nobile,commons,Lectotype,"California Academy of Sciences, 2000-2008",train,p,data/images/Leptogenys/casent0102027_p.jpg,True,2000.0,2008.0,504ee45de6da9b3d896df30b573a4cad65bb6ee5206860b2e20f460388423af4,https://upload.wikimedia.org/wikipedia/commons/5/58/Leptogenys_coerulescens_casent0102027_profile_1.jpg,"Commons server thumbnail, byte-identical",commons_thumbnail,True,1280,759,1.6864,195600,162.0,158.0,157.0,162.72,5.0,0.14267,0.074,black_bar,found,221.0,0.1727,6.0,0.876,0.895,1,
casent0102029,Tetraponera,pseudomyrmecinae,Tetraponera grandidieri,April Nobile,commons,Paralectotype,"California Academy of Sciences, 2000-2008",train,p,data/images/Tetraponera/casent0102029_p.jpg,True,2000.0,2008.0,e3cc4c5cee3ef78499cd45067104d80e42434d7e4cf4f51c42f72272af347c50,https://upload.wikimedia.org/wikipedia/commons/d/d4/Tetraponera_grandidieri_casent0102029_profile_1.jpg,"harvester downscale, byte-identical",commons_original,False,883,808,1.0928,158912,133.0,130.0,125.0,135.06,8.0,0.02562,0.0188,black_bar,found,87.0,0.0985,4.0,0.904,0.921,1,
casent0102032,Tetraponera,pseudomyrmecinae,Tetraponera hysterica,April Nobile,commons,,"California Academy of Sciences, 2000-2008",train,p,data/images/Tetraponera/casent0102032_p.jpg,False,2000.0,2008.0,ca04eb05dae0850b88b30b15db8bda7bffcbbc918e6da08176d8667f287e07eb,https://upload.wikimedia.org/wikipedia/commons/a/a9/Tetraponera_hysterica_inflata_casent0102032_profile_1.jpg,"harvester downscale, byte-identical",commons_original,False,1024,771,1.3281,197071,222.0,194.0,165.0,181.95,57.0,0.3048,0.11683,black_bar,found,131.0,0.1279,4.0,0.898,0.913,1,
casent0102033,Tetraponera,pseudomyrmecinae,Tetraponera hysterica,April Nobile,commons,,"California Academy of Sciences, 2000-2008",train,p,data/images/Tetraponera/casent0102033_p.jpg,False,2000.0,2008.0,3b86c0db32ab7b23b11ab94f93b1d219ca111f2248145604b9c2034cb75558db,https://upload.wikimedia.org/wikipedia/commons/6/62/Tetraponera_hysterica_inflata_casent0102033_profile_1.jpg,"harvester downscale, byte-identical",commons_original,False,1024,646,1.5851,167549,240.0,228.0,204.0,202.92,36.0,0.29849,0.09716,black_bar,found,131.0,0.1279,4.0,0.904,0.904,1,
casent0102034,Tetraponera,pseudomyrmecinae,Tetraponera hysterica,April Nobile,commons,,"California Academy of Sciences, 2000-2008",train,p,data/images/Tetraponera/casent0102034_p.jpg,False,2000.0,2008.0,e068f3002412a56788244e03a00b84693efc30e762608a528969b904daa1f169,https://upload.wikimedia.org/wikipedia/commons/d/da/Tetraponera_hysterica_casent0102034_profile_1.jpg,"harvester downscale, byte-identical",commons_original,False,1024,784,1.3061,154917,133.0,132.0,127.0,127.65,6.0,0.13047,0.09868,black_bar,found,104.0,0.1016,5.0,0.933,0.937,1,
casent0102035,Tetraponera,pseudomyrmecinae,Tetraponera morondaviensis,April Nobile,commons,,"California Academy of Sciences, 2000-2008",test,p,data/images/Tetraponera/casent0102035_p.jpg,False,2000.0,2008.0,b54b2e64b83b25fbc7b16827511c6d2690ca857ff59122b053cccb89490e7c2e,https://upload.wikimedia.org/wikipedia/commons/8/8a/Tetraponera_hysterica_dimidiata_casent0102035_profile_1.jpg,"harvester downscale, byte-identical",commons_original,False,1024,612,1.6732,172684,223.0,196.0,170.0,194.83,53.0,0.24446,0.0522,black_bar,found,98.0,0.0957,4.0,0.942,0.933,1,
casent0102037,Tetraponera,pseudomyrmecinae,Tetraponera rakotonis,April Nobile,commons,,"California Academy of Sciences, 2000-2008",test,p,data/images/Tetraponera/casent0102037_p.jpg,False,2000.0,2008.0,ed3f10d72b95fa096a969963cf0dcb1751339e80166466f1788d9dcc13b252fb,https://upload.wikimedia.org/wikipedia/commons/b/b1/Tetraponera_rakotonis_casent0102037_profile_1.jpg,"harvester downscale, byte-identical",commons_original,False,1024,574,1.784,118605,139.0,135.0,130.0,137.87,9.0,0.09394,0.06619,black_bar,found,92.0,0.0898,5.0,0.915,0.891,1,
casent0102038,Aphaenogaster,myrmicinae,Aphaenogaster gonacantha,April Nobile,commons,Syntype,"California Academy of Sciences, 2000-2008",train,p,data/images/Aphaenogaster/casent0102038_p.jpg,True,2000.0,2008.0,e9283e15371d8afa76e5c69dc8abdc54e7231236d75c70f8ddc1f41bac0387ea,https://upload.wikimedia.org/wikipedia/commons/2/29/Aphaenogaster_gonacantha_casent0102038_profile_1.jpg,"harvester downscale, byte-identical",commons_original,False,1024,671,1.5261,171202,137.0,128.0,117.0,159.29,20.0,0.05834,0.04659,black_bar,found,201.0,0.1963,5.0,0.85,0.91,1,
casent0102039,Aphaenogaster,myrmicinae,Aphaenogaster gonacantha,April Nobile,commons,Syntype,"California Academy of Sciences, 2000-2008",test,p,data/images/Aphaenogaster/casent0102039_p.jpg,True,2000.0,2008.0,f01db0f533771967d01b91bacdb2d8b950b817360eec1bfdeebc846452ef26fc,https://upload.wikimedia.org/wikipedia/commons/a/a3/Aphaenogaster_gonacantha_casent0102039_profile_1.jpg,"harvester downscale, byte-identical",commons_original,False,963,808,1.1918,224247,226.0,215.0,191.0,181.74,35.0,0.159,0.0364,black_bar,found,191.0,0.1983,5.0,0.864,0.913,1,
casent0102040,Aphaenogaster,myrmicinae,Aphaenogaster gonacantha,April Nobile,commons,Syntype,"California Academy of Sciences, 2000-2008",train,p,data/images/Aphaenogaster/casent0102040_p.jpg,True,2000.0,2008.0,92b6315d28e6836102f487e9e788ddc3ddb5f81b6ed3c20f255e1514528813ed,https://upload.wikimedia.org/wikipedia/commons/d/df/Aphaenogaster_gonacantha_casent0102040_profile_1.jpg,"harvester downscale, byte-identical",commons_original,False,1024,723,1.4163,192641,213.0,182.0,155.0,169.93,58.0,0.20778,0.05925,black_bar,found,237.0,0.2314,5.0,0.876,0.926,1,
casent0102047,Terataner,myrmicinae,Terataner alluaudi,April Nobile,commons,Syntype,"California Academy of Sciences, 2000-2008",train,p,data/images/Terataner/casent0102047_p.jpg,True,2000.0,2008.0,23b532f2bce252dea20d550269a07a6c3187853b8a58ddf27c795ff684664a51,https://upload.wikimedia.org/wikipedia/commons/c/c5/Terataner_alluaudi_casent0102047_profile_1.jpg,"harvester downscale, byte-identical",commons_original,False,1024,687,1.4905,159305,161.0,165.0,166.0,165.79,-5.0,0.12479,0.0497,black_bar,found,226.0,0.2207,4.0,0.858,0.916,1,
casent0102048,Terataner,myrmicinae,Terataner rufipes,April Nobile,commons,Syntype,"California Academy of Sciences, 2000-2008",train,p,data/images/Terataner/casent0102048_p.jpg,True,2000.0,2008.0,0184c4c7871b35efeadabab8fe31aeccf2aed3144e9b8cb50164e362a67d131d,https://upload.wikimedia.org/wikipedia/commons/d/da/Terataner_rufipes_casent0102048_profile_1.jpg,"Commons server thumbnail, byte-identical",commons_thumbnail,True,1280,772,1.658,170361,146.0,144.0,141.0,150.32,5.0,0.13749,0.08724,black_bar,found,257.0,0.2008,6.0,0.872,0.904,1,
casent0102049,Terataner,myrmicinae,Terataner rufipes,April Nobile,commons,Syntype,"California Academy of Sciences, 2000-2008",train,p,data/images/Terataner/casent0102049_p.jpg,True,2000.0,2008.0,455db194bb65463a0b5368212e3285606d1b3f03df944215e450b2822df618e1,https://upload.wikimedia.org/wikipedia/commons/c/c7/Terataner_rufipes_casent0102049_profile_1.jpg,"harvester downscale, byte-identical",commons_original,False,1024,714,1.4342,189622,234.0,218.0,190.0,204.49,44.0,0.24152,0.06494,black_bar,found,206.0,0.2012,4.0,0.868,0.912,1,
casent0102053,Crematogaster,myrmicinae,Crematogaster madecassa,April Nobile,commons,,"California Academy of Sciences, 2000-2008",train,p,data/images/Crematogaster/casent0102053_p.jpg,False,2000.0,2008.0,bb5cbc1a5c88d529d9d9871f5f50257f430a0b643f751934c6aca1c43bb084a8,https://upload.wikimedia.org/wikipedia/commons/d/d5/Crematogaster_madecassa_casent0102053_profile_1.jpg,"harvester downscale, byte-identical",commons_original,False,1024,504,2.0317,98521,179.0,153.0,128.0,149.08,51.0,0.02343,0.01211,black_bar,found,230.0,0.2246,4.0,0.859,0.879,1,
casent0102054,Crematogaster,myrmicinae,Crematogaster madecassa,April Nobile,commons,Lectotype,"California Academy of Sciences, 2000-2008",train,p,data/images/Crematogaster/casent0102054_p.jpg,True,2000.0,2008.0,47aba737b86d6f7cf8b9025d49cc9f89f22274883e07e2e76059f5a8aaf0a806,https://upload.wikimedia.org/wikipedia/commons/5/5f/Crematogaster_madecassa_casent0102054_profile_1.jpg,"harvester downscale, byte-identical",commons_original,False,1024,497,2.0604,99964,181.0,157.0,135.0,149.98,46.0,0.06304,0.02928,black_bar,found,209.0,0.2041,4.0,0.869,0.879,1,
casent0102055,Crematogaster,myrmicinae,Crematogaster lobata,April Nobile,commons,Lectotype,"California Academy of Sciences, 2000-2008",train,p,data/images/Crematogaster/casent0102055_p.jpg,True,2000.0,2008.0,740ac878e053339c6caaef8528a225c456f3a19f73b54040e4b1b3b4d13bee40,https://upload.wikimedia.org/wikipedia/commons/0/03/Crematogaster_lobata_casent0102055_profile_1.jpg,"harvester downscale, byte-identical",commons_original,False,869,808,1.0755,185497,233.0,212.0,178.0,191.35,55.0,0.25956,0.0736,black_bar,found,131.0,0.1507,4.0,0.911,0.944,1,
casent0102064,Nesomyrmex,myrmicinae,Nesomyrmex sikorai,April Nobile,commons,,"California Academy of Sciences, 2000-2008",train,p,data/images/Nesomyrmex/casent0102064_p.jpg,False,2000.0,2008.0,e8e23ce2702c2c13a3caa04360804f83cd69621a77533d862063691f634b8e48,https://upload.wikimedia.org/wikipedia/commons/d/d9/Nesomyrmex_sikorai_casent0102064_profile_1.jpg,"harvester downscale, byte-identical",commons_original,False,1024,685,1.4949,196030,230.0,222.0,199.0,217.04,31.0,0.24988,0.06554,black_bar,found,164.0,0.1602,4.0,0.888,0.911,1,
casent0102065,Nesomyrmex,myrmicinae,Nesomyrmex madecassus,April Nobile,commons,Syntype,"California Academy of Sciences, 2000-2008",train,p,data/images/Nesomyrmex/casent0102065_p.jpg,True,2000.0,2008.0,ebd0af9bea64516118b0dd424afd19b995695617551f17e2c9eb4a96dbd835e6,https://upload.wikimedia.org/wikipedia/commons/d/de/Nesomyrmex_madecassus_casent0102065_profile_1.jpg,"harvester downscale, byte-identical",commons_original,False,1024,544,1.8824,152668,232.0,212.0,182.0,206.78,50.0,0.27147,0.08212,black_bar,found,260.0,0.2539,4.0,0.846,0.888,1,
casent0102066,Meranoplus,myrmicinae,Meranoplus radamae,April Nobile,commons,,"California Academy of Sciences, 2000-2008",train,p,data/images/Meranoplus/casent0102066_p.jpg,False,2000.0,2008.0,deac346968726152f00a45a9c8cd9d4e7c14959614b6fb526dbce457ac646b9d,https://upload.wikimedia.org/wikipedia/commons/8/83/Meranoplus_radamae_casent0102066_profile_1.jpg,"harvester downscale, byte-identical",commons_original,False,1024,779,1.3145,189094,141.0,142.0,133.0,131.32,8.0,0.05071,0.01894,black_bar,found,172.0,0.168,5.0,0.886,0.929,1,
casent0102067,Meranoplus,myrmicinae,Meranoplus mayri,April Nobile,commons,,"California Academy of Sciences, 2000-2008",test,p,data/images/Meranoplus/casent0102067_p.jpg,False,2000.0,2008.0,31c4a7b6239efaa72b5d4a1c42bc7fb655bf59ab518d0e3dfb4a4c509fb9fc61,https://upload.wikimedia.org/wikipedia/commons/9/9e/Meranoplus_mayri_casent0102067_profile_1.jpg,"harvester downscale, byte-identical",commons_original,False,1024,633,1.6177,148167,124.0,123.0,114.0,132.01,10.0,0.06018,0.05605,black_bar,found,206.0,0.2012,4.0,0.872,0.905,1,
casent0102068,Cataulacus,myrmicinae,Cataulacus oberthueri,April Nobile,commons,,"California Academy of Sciences, 2000-2008",train,p,data/images/Cataulacus/casent0102068_p.jpg,False,2000.0,2008.0,1cc02bc35a64cb6d456eaf8f2f44587cc80a5a20c47cbc16725477f67c63c798,https://upload.wikimedia.org/wikipedia/commons/b/b0/Cataulacus_oberthueri_casent0102068_profile_1.jpg,"harvester downscale, byte-identical",commons_original,False,1024,613,1.6705,121481,146.0,143.0,140.0,142.41,6.0,0.17397,0.12747,black_bar,found,214.0,0.209,4.0,0.867,0.902,1,
casent0102069,Cataulacus,myrmicinae,Cataulacus porcatus,April Nobile,commons,Syntype,"California Academy of Sciences, 2000-2008",train,p,data/images/Cataulacus/casent0102069_p.jpg,True,2000.0,2008.0,9b972b95368590b6200ce6a17eb5c5fabf6e6d5dc33851e563c4418f96031d09,https://upload.wikimedia.org/wikipedia/commons/8/8e/Cataulacus_porcatus_casent0102069_profile_1.jpg,"harvester downscale, byte-identical",commons_original,False,1024,587,1.7445,140530,244.0,236.0,228.0,233.98,16.0,0.33965,0.09578,black_bar,found,180.0,0.1758,4.0,0.885,0.898,1,
casent0102071,Tetramorium,myrmicinae,Tetramorium tosii,April Nobile,commons,Syntype,"California Academy of Sciences, 2000-2008",train,p,data/images/Tetramorium/casent0102071_p.jpg,True,2000.0,2008.0,16958e78aea431065d7020df3910a29f801ceda6149fc29c3c5f8693068113d2,https://upload.wikimedia.org/wikipedia/commons/6/6f/Tetramorium_tosii_casent0102071_profile_1.jpg,"harvester downscale, byte-identical",commons_original,False,1024,802,1.2768,221143,232.0,223.0,210.0,196.45,22.0,0.28619,0.07728,black_bar,found,242.0,0.2363,4.0,0.851,0.924,1,
casent0102072,Tetramorium,myrmicinae,Tetramorium tosii,April Nobile,commons,Syntype,"California Academy of Sciences, 2000-2008",train,p,data/images/Tetramorium/casent0102072_p.jpg,True,2000.0,2008.0,5658a109a9c7b753b49f30ab611566b15b21b272b85fb85fc949ed3f264c8182,https://upload.wikimedia.org/wikipedia/commons/5/53/Tetramorium_tosii_casent0102072_profile_1.jpg,"harvester downscale, byte-identical",commons_original,False,1024,769,1.3316,200821,232.0,209.0,173.0,192.79,59.0,0.22409,0.05788,black_bar,found,133.0,0.1299,4.0,0.908,0.925,1,
casent0102078,Tetramorium,myrmicinae,Tetramorium severini,April Nobile,commons,Holotype,"California Academy of Sciences, 2000-2008",train,p,data/images/Tetramorium/casent0102078_p.jpg,True,2000.0,2008.0,98c85f3419064a8c3fedc31661ba1833c73a51e816c7b9b40a3c773848c7235b,https://upload.wikimedia.org/wikipedia/commons/0/02/Tetramorium_severini_casent0102078_profile_1.jpg,"harvester downscale, byte-identical",commons_original,False,1024,688,1.4884,200388,230.0,208.0,178.0,205.55,52.0,0.28089,0.10882,black_bar,found,201.0,0.1963,4.0,0.874,0.908,1,
casent0102092,Camponotus,formicinae,Camponotus hildebrandti,April Nobile,commons,,"California Academy of Sciences, 2000-2008",train,p,data/images/Camponotus/casent0102092_p.jpg,False,2000.0,2008.0,3cfade82749ff0c53fd45439143d25d942db7dec857e77da3cc46fb6564ed997,https://upload.wikimedia.org/wikipedia/commons/2/23/Camponotus_hildebrandti_dichromothrix_casent0102092_profile_1.jpg,"harvester downscale, byte-identical",commons_original,False,1024,612,1.6732,148845,159.0,153.0,140.0,158.53,19.0,0.18141,0.08644,black_bar,found,87.0,0.085,5.0,0.934,0.931,1,
casent0102093,Terataner,myrmicinae,Terataner foreli,April Nobile,commons,Syntype,"California Academy of Sciences, 2000-2008",train,p,data/images/Terataner/casent0102093_p.jpg,True,2000.0,2008.0,ec0024d51937523fcb4e08371bef5754076539553cadcb4c7afcde03febc81d2,https://upload.wikimedia.org/wikipedia/commons/c/c3/Terataner_foreli_casent0102093_profile_1.jpg,"harvester downscale, byte-identical",commons_original,False,1024,621,1.649,197830,229.0,221.0,203.0,214.95,26.0,0.27814,0.10518,black_bar,found,183.0,0.1787,5.0,0.887,0.906,2,
casent0102096,Camponotus,formicinae,Camponotus sikorai,April Nobile,commons,,"California Academy of Sciences, 2000-2008",train,p,data/images/Camponotus/casent0102096_p.jpg,False,2000.0,2008.0,0a31270c801c79463c6970dc075f7041d04b78e8e1a8e4be46326389b2715dbc,https://upload.wikimedia.org/wikipedia/commons/a/a1/Camponotus_sikorai_casent0102096_profile_1.jpg,"harvester downscale, byte-identical",commons_original,False,1024,531,1.9284,99926,136.0,135.0,131.0,147.61,5.0,0.17936,0.11716,black_bar,found,145.0,0.1416,5.0,0.904,0.895,1,
casent0102097,Camponotus,formicinae,Camponotus mocquerysi,April Nobile,commons,,"California Academy of Sciences, 2000-2008",train,p,data/images/Camponotus/casent0102097_p.jpg,False,2000.0,2008.0,31c5c693a382dfc068556540663c40c98f248db4ad010fb035515fd1fa6f7080,https://upload.wikimedia.org/wikipedia/commons/0/04/Camponotus_mocquerysi_casent0102097_profile_1.jpg,"harvester downscale, byte-identical",commons_original,False,1024,694,1.4755,166806,139.0,136.0,130.0,163.44,9.0,0.1033,0.0727,black_bar,found,221.0,0.2158,4.0,0.877,0.927,1,
casent0102098,Camponotus,formicinae,Camponotus mocquerysi,April Nobile,commons,,"California Academy of Sciences, 2000-2008",train,p,data/images/Camponotus/casent0102098_p.jpg,False,2000.0,2008.0,ad6107b2373a2ba5bee5d78458c82685e5552afdb586f165847966ccaccf3a00,https://upload.wikimedia.org/wikipedia/commons/6/6e/Camponotus_mocquerysi_casent0102098_profile_1.jpg,"harvester downscale, byte-identical",commons_original,False,1024,650,1.5754,160799,129.0,125.0,115.0,147.23,14.0,0.10025,0.08867,black_bar,found,223.0,0.2178,4.0,0.867,0.914,1,
casent0102099,Camponotus,formicinae,Camponotus leveillei,April Nobile,commons,,"California Academy of Sciences, 2000-2008",train,p,data/images/Camponotus/casent0102099_p.jpg,False,2000.0,2008.0,7ce36e3afeeb159a7c4207c24eadb733a75b4d8fd772ec9aade2e24088edf7be,https://upload.wikimedia.org/wikipedia/commons/e/e3/Camponotus_leveillei_casent0102099_profile_1.jpg,"harvester downscale, byte-identical",commons_original,False,1024,628,1.6306,146212,151.0,150.0,146.0,174.46,5.0,0.11391,0.05687,black_bar,found,181.0,0.1768,4.0,0.9,0.938,1,
casent0102103,Camponotus,formicinae,Camponotus maculiventris,April Nobile,commons,Paralectotype,"California Academy of Sciences, 2000-2008",test,p,data/images/Camponotus/casent0102103_p.jpg,True,2000.0,2008.0,d085b18a529b141f6ae427ee0dfa49ed5e8546b34eb1c7027af8005fa3facc1d,https://upload.wikimedia.org/wikipedia/commons/e/e3/Camponotus_christi_maculiventris_casent0102103_profile_1.jpg,"harvester downscale, byte-identical",commons_original,False,1024,686,1.4927,173978,230.0,214.0,179.0,207.86,51.0,0.2646,0.08391,black_bar,found,192.0,0.1875,5.0,0.884,0.918,1,
casent0102104,Camponotus,formicinae,Camponotus maculiventris,April Nobile,commons,Lectotype,"California Academy of Sciences, 2000-2008",train,p,data/images/Camponotus/casent0102104_p.jpg,True,2000.0,2008.0,f7b687d378edb5d00a5b30fb6464274c600aa9f8ca9b9da9941b32fde7d2a9cf,https://upload.wikimedia.org/wikipedia/commons/6/6e/Camponotus_christi_maculiventris_casent0102104_profile_1.jpg,"harvester downscale, byte-identical",commons_original,False,1012,808,1.2525,214372,205.0,177.0,151.0,178.07,54.0,0.20615,0.07575,black_bar,found,258.0,0.2549,4.0,0.844,0.921,1,
casent0102106,Camponotus,formicinae,Camponotus quadrimaculatus,April Nobile,commons,Paralectotype,"California Academy of Sciences, 2000-2008",train,p,data/images/Camponotus/casent0102106_p.jpg,True,2000.0,2008.0,b7258be84b934d3629a01a6bdc5c6b2463c961680f2f6e37ffdaa61352c6428e,https://upload.wikimedia.org/wikipedia/commons/7/79/Camponotus_quadrimaculatus_opacatus_casent0102106_profile_1.jpg,"harvester downscale, byte-identical",commons_original,False,1024,651,1.573,173830,152.0,148.0,138.0,165.25,14.0,0.103,0.05402,black_bar,found,145.0,0.1416,5.0,0.907,0.912,1,
casent0102107,Camponotus,formicinae,Camponotus immaculatus,April Nobile,commons,Lectotype,"California Academy of Sciences, 2000-2008",train,p,data/images/Camponotus/casent0102107_p.jpg,True,2000.0,2008.0,0bc5463cfdc75231ff8a2eff33bf526e061c13dd7e06e2c7d26e95b31e10f88a,https://upload.wikimedia.org/wikipedia/commons/4/47/Camponotus_quadrimaculatus_opacatus_casent0102107_profile_1.jpg,"Commons server thumbnail, byte-identical",commons_thumbnail,True,1280,796,1.608,209053,229.0,218.0,213.0,195.93,16.0,0.2363,0.07933,black_bar,found,227.0,0.1773,5.0,0.889,0.914,1,
casent0102109,Camponotus,formicinae,Camponotus quadrimaculatus,April Nobile,commons,Lectotype,"California Academy of Sciences, 2000-2008",train,p,data/images/Camponotus/casent0102109_p.jpg,True,2000.0,2008.0,56459fa2583cd5a9ad705631c38743249113a1dd68b624016192048acb39abab,https://upload.wikimedia.org/wikipedia/commons/c/c8/Camponotus_quadrimaculatus_sellaris_casent0102109_profile_1.jpg,"harvester downscale, byte-identical",commons_original,False,1024,768,1.3333,195482,138.0,137.0,130.0,168.35,8.0,0.18283,0.13057,black_bar,found,204.0,0.1992,4.0,0.878,0.927,1,
casent0102110,Camponotus,formicinae,Camponotus quadrimaculatus,April Nobile,commons,Paralectotype,"California Academy of Sciences, 2000-2008",train,p,data/images/Camponotus/casent0102110_p.jpg,True,2000.0,2008.0,cdf770ab3444023485bb702d3e2241e179163c1058e18543f15f6259999a4a74,https://upload.wikimedia.org/wikipedia/commons/7/7d/Camponotus_quadrimaculatus_sellaris_casent0102110_profile_1.jpg,"harvester downscale, byte-identical",commons_original,False,1024,693,1.4776,159837,164.0,163.0,159.0,167.97,5.0,0.23298,0.1095,black_bar,found,188.0,0.1836,4.0,0.885,0.921,1,
casent0102111,Camponotus,formicinae,Camponotus immaculatus,April Nobile,commons,Paralectotype,"California Academy of Sciences, 2000-2008",train,p,data/images/Camponotus/casent0102111_p.jpg,True,2000.0,2008.0,0d40c29b4dfc5a7741faf5030047d1c4f64b5ebd9f5bad017282ebe23823e1fb,https://upload.wikimedia.org/wikipedia/commons/1/1a/Camponotus_quadrimaculatus_sellaris_casent0102111_profile_1.jpg,"harvester downscale, byte-identical",commons_original,False,1024,633,1.6177,149407,150.0,149.0,145.0,153.35,5.0,0.1886,0.11631,black_bar,found,263.0,0.2568,5.0,0.848,0.906,1,
casent0102136,Terataner,myrmicinae,Terataner foreli,April Nobile,commons,Syntype,"California Academy of Sciences, 2000-2008",train,p,data/images/Terataner/casent0102136_p.jpg,True,2000.0,2008.0,ae6702d4e6c43bb5dc9e867866a5df74887594f0b6b6f7d1635f6215ac400633,https://upload.wikimedia.org/wikipedia/commons/e/eb/Terataner_foreli_casent0102136_profile_1.jpg,"harvester downscale, byte-identical",commons_original,False,1024,701,1.4608,183172,209.0,179.0,135.0,172.71,74.0,0.32202,0.15389,black_bar,found,234.0,0.2285,4.0,0.864,0.92,1,
casent0102139,Hypoponera,ponerinae,Hypoponera johannae,April Nobile,commons,Syntype,"California Academy of Sciences, 2000-2008",train,p,data/images/Hypoponera/casent0102139_p.jpg,True,2000.0,2008.0,59ded75e830d710d915259ffd3a347529c469f77832c74e9f8b4812f1d2bd3e3,https://upload.wikimedia.org/wikipedia/commons/e/ef/Hypoponera_johannae_casent0102139_profile_1.jpg,"harvester downscale, byte-identical",commons_original,False,1024,771,1.3281,151417,109.0,109.0,106.0,124.6,3.0,0.01428,0.02161,black_bar,found,227.0,0.2217,5.0,0.867,0.931,1,
casent0102164,Lioponera,dorylinae,,April Nobile,commons,,"California Academy of Sciences, 2000-2007",train,p,data/images/Lioponera/casent0102164_p.jpg,False,2000.0,2007.0,0cbe853417a6fd6428250fcf66fb4375d035932927c0259909db276d0a728f2d,https://upload.wikimedia.org/wikipedia/commons/6/6f/Cerapachys_mayri_casent0102164_profile_1.jpg,"harvester downscale, byte-identical",commons_original,False,1024,739,1.3857,174803,148.0,149.0,143.0,160.04,5.0,0.14236,0.06761,black_bar,found,152.0,0.1484,4.0,0.354,0.842,1,
casent0102165,Lioponera,dorylinae,,April Nobile,commons,,"California Academy of Sciences, 2000-2007",test,p,data/images/Lioponera/casent0102165_p.jpg,False,2000.0,2007.0,e6f79c23c8d7be1e7c3ff1bf2ddfd614e7ee67b9442797b19e40948796e3360a,https://upload.wikimedia.org/wikipedia/commons/2/22/Cerapachys_mayri_casent0102165_profile_1.jpg,"harvester downscale, byte-identical",commons_original,False,1024,771,1.3281,205394,221.0,215.0,190.0,186.99,31.0,0.18493,0.0402,black_bar,found,165.0,0.1611,3.0,0.456,0.822,1,
casent0102171,Mystrium,amblyoponinae,Mystrium mysticum,April Nobile,commons,,"California Academy of Sciences, 2000-2007",test,p,data/images/Mystrium/casent0102171_p.jpg,False,2000.0,2007.0,ef32be8377dcd820e96a8f9adac244965d0807e242fdad67c19610e77c2734dc,https://upload.wikimedia.org/wikipedia/commons/d/d8/Mystrium_mysticum_casent0102171_profile_1.jpg,"harvester downscale, byte-identical",commons_original,False,949,808,1.1745,139247,170.0,175.0,172.0,172.68,-2.0,0.09981,0.02536,black_bar,found,173.0,0.1823,4.0,0.293,0.853,1,
casent0102172,Mystrium,amblyoponinae,Mystrium rogeri,April Nobile,commons,,"California Academy of Sciences, 2000-2007",test,p,data/images/Mystrium/casent0102172_p.jpg,False,2000.0,2007.0,42f40558e7b6ab861835940b9b1b95fda4b7d5085b6e7f1d7f4cfeea90ac3374,https://upload.wikimedia.org/wikipedia/commons/9/96/Mystrium_rogeri_casent0102172_profile_1.jpg,"Commons server thumbnail, byte-identical",commons_thumbnail,True,1280,677,1.8907,204730,150.0,151.0,150.0,144.64,0.0,0.08528,0.04627,black_bar,found,158.0,0.1234,6.0,0.217,0.768,1,
casent0102235,Terataner,myrmicinae,Terataner rufipes,April Nobile,commons,,"California Academy of Sciences, 2000-2007",train,p,data/images/Terataner/casent0102235_p.jpg,False,2000.0,2007.0,6e20727710ecf83888f8148a190e9be532548c24f0a81c5f1219b9a7b2e093f7,https://upload.wikimedia.org/wikipedia/commons/9/92/Terataner_rufipes_casent0102235_profile_1.jpg,"harvester downscale, byte-identical",commons_original,False,1024,736,1.3913,166298,176.0,175.0,172.0,173.39,4.0,0.13625,0.028,black_bar,found,197.0,0.1924,5.0,0.619,0.877,1,
casent0102258,Strumigenys,myrmicinae,Strumigenys fautrix,April Nobile,commons,Holotype,"California Academy of Sciences, 2000-2007",train,p,data/images/Strumigenys/casent0102258_p.jpg,True,2000.0,2007.0,29f74ad5d6ec8ce94bda0738db0ccc18ed069b2bb54b3db81f170d88eed9a921,https://upload.wikimedia.org/wikipedia/commons/b/b7/Strumigenys_fautrix_casent0102258_profile_1.jpg,"harvester downscale, byte-identical",commons_original,False,1024,606,1.6898,111724,106.0,106.0,102.0,129.75,4.0,0.00207,0.00211,black_bar,found,121.0,0.1182,5.0,0.819,0.824,1,
casent0102259,Strumigenys,myrmicinae,,April Nobile,commons,Holotype,"California Academy of Sciences, 2000-2007",train,p,data/images/Strumigenys/casent0102259_p.jpg,True,2000.0,2007.0,c6e1138b7d01762dbce1c396571927249d4f4180cd5815153cb267a76585debd,https://upload.wikimedia.org/wikipedia/commons/e/e5/Strumigenys_tathula_casent0102259_profile_1.jpg,"harvester downscale, byte-identical",commons_original,False,1024,762,1.3438,145432,119.0,116.0,115.0,135.36,4.0,0.00283,0.00298,black_bar,found,167.0,0.1631,5.0,0.227,0.902,1,
casent0102260,Strumigenys,myrmicinae,,April Nobile,commons,,"California Academy of Sciences, 2000-2007",train,p,data/images/Strumigenys/casent0102260_p.jpg,False,2000.0,2007.0,98b1dffca61f22cb7fd35d5d4372bb14606abecc181391aa99dc4ad680f98f21,https://upload.wikimedia.org/wikipedia/commons/1/1d/Strumigenys_tathula_casent0102260_profile_1.jpg,"harvester downscale, byte-identical",commons_original,False,980,808,1.2129,107725,115.0,112.0,107.0,122.24,8.0,0.00206,0.00209,black_bar,found,133.0,0.1357,5.0,0.344,0.866,1,
casent0102262,Strumigenys,myrmicinae,Strumigenys khakaura,April Nobile,commons,Holotype,"California Academy of Sciences, 2000-2008",test,p,data/images/Strumigenys/casent0102262_p.jpg,True,2000.0,2008.0,59cd4e6f2ddf6cba0b9ec13dedd0478147fae546c8108101e31b9ed255eec9ac,https://upload.wikimedia.org/wikipedia/commons/8/86/Pyramica_khakaura_casent0102262_profile_1.jpg,"harvester downscale, byte-identical",commons_original,False,1024,756,1.3545,151104,134.0,132.0,130.0,142.07,4.0,0.00585,0.00318,black_bar,found,110.0,0.1074,5.0,0.368,0.837,1,
casent0102263,Strumigenys,myrmicinae,Strumigenys olsoni,April Nobile,commons,Holotype,"California Academy of Sciences, 2000-2007",train,p,data/images/Strumigenys/casent0102263_p.jpg,True,2000.0,2007.0,c183d6874ec1500d1a1cb6b627bc8d51eb834e83cf52a4ebf10f9912db8ba802,https://upload.wikimedia.org/wikipedia/commons/d/d4/Strumigenys_olsoni_casent0102263_profile_1.jpg,"harvester downscale, byte-identical",commons_original,False,1024,746,1.3727,132994,131.0,128.0,126.0,133.44,5.0,0.00586,0.0043,black_bar,found,235.0,0.2295,5.0,0.255,0.868,1,
casent0102265,Strumigenys,myrmicinae,,April Nobile,commons,,"California Academy of Sciences, 2000-2007",train,p,data/images/Strumigenys/casent0102265_p.jpg,False,2000.0,2007.0,7339f1de37ad978d84357e938c1f5003924f739a7193d9c5fecbae492773cfbd,https://upload.wikimedia.org/wikipedia/commons/b/b6/Strumigenys_symmetrix_casent0102265_profile_1.jpg,"harvester downscale, byte-identical",commons_original,False,1024,757,1.3527,155979,97.0,94.0,86.0,108.07,11.0,0.00172,0.00193,black_bar,found,151.0,0.1475,4.0,0.393,0.797,1,
casent0102275,Hypoponera,ponerinae,Hypoponera sakalava,April Nobile,commons,,"California Academy of Sciences, 2000-2007",train,p,data/images/Hypoponera/casent0102275_p.jpg,False,2000.0,2007.0,6a040000d7a87ed7c256488f0b555bfd890ce1bb0f8a702c58360145cb62fcd7,https://upload.wikimedia.org/wikipedia/commons/9/9e/Hypoponera_sakalava_casent0102275_profile_1.jpg,"harvester downscale, byte-identical",commons_original,False,1024,771,1.3281,139500,139.0,136.0,134.0,141.56,5.0,0.02021,0.01044,black_bar,found,234.0,0.2285,5.0,0.264,0.87,1,
casent0102309,Camponotus,formicinae,Camponotus cervicalis,April Nobile,commons,Paralectotype,"California Academy of Sciences, 2000-2007",train,p,data/images/Camponotus/casent0102309_p.jpg,True,2000.0,2007.0,91d31c4df930e68c4f1cbfc78b954051fddef3e17a6c9250b06e3052ac7ee5f6,https://upload.wikimedia.org/wikipedia/commons/8/89/Camponotus_gerberti_casent0102309_profile_1.jpg,"harvester downscale, byte-identical",commons_original,False,1024,465,2.2022,95980,139.0,134.0,132.0,143.7,7.0,0.01397,0.00862,black_bar,found,227.0,0.2217,4.0,0.684,0.839,1,
casent0102310,Camponotus,formicinae,Camponotus cervicalis,April Nobile,commons,Lectotype,"California Academy of Sciences, 2000-2008",test,p,data/images/Camponotus/casent0102310_p.jpg,True,2000.0,2008.0,8f7f9026c4706e879473873de178b644d7504ca3811a04a9a03bd1354049df66,https://upload.wikimedia.org/wikipedia/commons/a/a5/Camponotus_gerberti_casent0102310_profile_1.jpg,"harvester downscale, byte-identical",commons_original,False,1024,673,1.5215,153718,148.0,146.0,139.0,153.8,9.0,0.00543,0.00342,black_bar,found,225.0,0.2197,5.0,0.876,0.931,1,
casent0102311,Camponotus,formicinae,Camponotus cervicalis,April Nobile,commons,Paralectotype,"California Academy of Sciences, 2000-2008",train,p,data/images/Camponotus/casent0102311_p.jpg,True,2000.0,2008.0,62444c689bc42e3852fc869b184ed463ba8ff5997cd734f5be511c9210f2ee8d,https://upload.wikimedia.org/wikipedia/commons/2/22/Camponotus_gerberti_casent0102311_profile_1.jpg,"harvester downscale, byte-identical",commons_original,False,1024,735,1.3932,149194,125.0,121.0,117.0,129.25,8.0,0.0033,0.00319,black_bar,found,154.0,0.1504,4.0,0.921,0.941,1,
casent0102334,Tetramorium,myrmicinae,Tetramorium anodontion,April Nobile,commons,,"California Academy of Sciences, 2000-2007",train,p,data/images/Tetramorium/casent0102334_p.jpg,False,2000.0,2007.0,1d42b0a0bbcb00284c24d1d5f2f31c2787245a082629d29eaa634d6a510f6ca3,https://upload.wikimedia.org/wikipedia/commons/a/a6/Tetramorium_anodontion_casent0102334_profile_1.jpg,"harvester downscale, byte-identical",commons_original,False,1024,705,1.4525,139938,141.0,138.0,135.0,149.44,6.0,0.00954,0.00378,black_bar,found,233.0,0.2275,5.0,0.394,0.904,1,
casent0102335,Tetramorium,myrmicinae,Tetramorium anodontion,April Nobile,commons,,"California Academy of Sciences, 2000-2007",train,p,data/images/Tetramorium/casent0102335_p.jpg,False,2000.0,2007.0,abb4b590ff18ab14f9056f28124ed17da6d78b4ae52f7fea91a35ec1662eeb9b,https://upload.wikimedia.org/wikipedia/commons/2/2d/Tetramorium_anodontion_casent0102335_profile_1.jpg,"harvester downscale, byte-identical",commons_original,False,1024,804,1.2736,157352,136.0,134.0,132.0,149.41,4.0,0.02231,0.01045,black_bar,found,266.0,0.2598,4.0,0.459,0.902,1,
casent0102336,Tetramorium,myrmicinae,Tetramorium scytalum,April Nobile,commons,,"California Academy of Sciences, 2000-2007",train,p,data/images/Tetramorium/casent0102336_p.jpg,False,2000.0,2007.0,e842cd0f0b9e90a15fcae478e3ffe013e78017835e276515097785c5179acccd,https://upload.wikimedia.org/wikipedia/commons/1/1a/Tetramorium_scytalum_casent0102336_profile_1.jpg,"harvester downscale, byte-identical",commons_original,False,1024,730,1.4027,125735,179.0,170.0,171.0,175.39,8.0,0.092,0.01143,black_bar,found,256.0,0.25,5.0,0.678,0.897,1,
casent0102337,Tetramorium,myrmicinae,Tetramorium scytalum,April Nobile,commons,,"California Academy of Sciences, 2000-2007",train,p,data/images/Tetramorium/casent0102337_p.jpg,False,2000.0,2007.0,faef85c3fc6d8b934cdbdbc1c604c8bae5e7396ec2941903d2447a051734707e,https://upload.wikimedia.org/wikipedia/commons/1/16/Tetramorium_scytalum_casent0102337_profile_1.jpg,"harvester downscale, byte-identical",commons_original,False,1024,747,1.3708,132836,166.0,158.0,154.0,158.94,12.0,0.05701,0.00939,black_bar,found,257.0,0.251,4.0,0.853,0.929,1,
casent0102338,Tetramorium,myrmicinae,Tetramorium tantillum,April Nobile,commons,,"California Academy of Sciences, 2000-2007",train,p,data/images/Tetramorium/casent0102338_p.jpg,False,2000.0,2007.0,9225439af3a8e37ed2eb4e25c50230b07b01c7b6099f4997d45cd09a4f37098a,https://upload.wikimedia.org/wikipedia/commons/0/0d/Tetramorium_tantillum_casent0102338_profile_1.jpg,"harvester downscale, byte-identical",commons_original,False,1024,771,1.3281,140686,147.0,145.0,142.0,143.61,5.0,0.06777,0.02595,black_bar,found,259.0,0.2529,4.0,0.161,0.931,1,
casent0102339,Tetramorium,myrmicinae,Tetramorium kelleri,April Nobile,commons,,"California Academy of Sciences, 2000-2007",train,p,data/images/Tetramorium/casent0102339_p.jpg,False,2000.0,2007.0,409d58accb328ad3770eef642d76f032b141c45f047629744da9b2685fd97f18,https://upload.wikimedia.org/wikipedia/commons/f/f5/Tetramorium_kelleri_casent0102339_profile_1.jpg,"harvester downscale, byte-identical",commons_original,False,1024,675,1.517,119879,125.0,124.0,120.0,128.2,5.0,0.00211,0.0021,black_bar,found,205.0,0.2002,4.0,0.303,0.896,1,
casent0102340,Tetramorium,myrmicinae,Tetramorium latreillei,April Nobile,commons,,"California Academy of Sciences, 2000-2007",train,p,data/images/Tetramorium/casent0102340_p.jpg,False,2000.0,2007.0,7fcfb0cb6466bc321d1d9f8b86c4afb2e895bcde78d7cc0eb99ba1fc543806af,https://upload.wikimedia.org/wikipedia/commons/6/62/Tetramorium_latreillei_casent0102340_profile_1.jpg,"harvester downscale, byte-identical",commons_original,False,1024,649,1.5778,139331,140.0,139.0,139.0,157.88,1.0,0.10862,0.06569,black_bar,found,234.0,0.2285,4.0,0.483,0.903,1,
casent0102341,Tetramorium,myrmicinae,Tetramorium proximum,April Nobile,commons,Paratype,"California Academy of Sciences, 2000-2007",train,p,data/images/Tetramorium/casent0102341_p.jpg,True,2000.0,2007.0,0fd6295a61ead677edeefe8b1679a74e73e8c563672c7c94d281d6a32054834f,https://upload.wikimedia.org/wikipedia/commons/3/3e/Tetramorium_proximum_casent0102341_profile_1.jpg,"harvester downscale, byte-identical",commons_original,False,1024,771,1.3281,141881,141.0,141.0,140.0,152.93,1.0,0.01771,0.00662,black_bar,found,209.0,0.2041,4.0,0.83,0.879,1,
casent0102342,Tetramorium,myrmicinae,Tetramorium proximum,April Nobile,commons,Paratype,"California Academy of Sciences, 2000-2007",train,p,data/images/Tetramorium/casent0102342_p.jpg,True,2000.0,2007.0,395d932b37cd8874449c31a41038589fc6698604bb50e01346e8e72c907f1871,https://upload.wikimedia.org/wikipedia/commons/7/7a/Tetramorium_proximum_casent0102342_profile_1.jpg,"harvester downscale, byte-identical",commons_original,False,1024,721,1.4202,139866,143.0,143.0,141.0,145.11,2.0,0.01361,0.00454,black_bar,found,228.0,0.2227,4.0,0.868,0.914,1,
casent0102343,Tetramorium,myrmicinae,Tetramorium cognatum,April Nobile,commons,,"California Academy of Sciences, 2000-2007",test,p,data/images/Tetramorium/casent0102343_p.jpg,False,2000.0,2007.0,86a27773950621341bffa792116a548040625ad15cfbec96c7c333ddcb54a660,https://upload.wikimedia.org/wikipedia/commons/1/1f/Tetramorium_cognatum_casent0102343_profile_1.jpg,"harvester downscale, byte-identical",commons_original,False,1024,682,1.5015,127986,145.0,142.0,140.0,155.15,5.0,0.00941,0.00427,black_bar,found,210.0,0.2051,4.0,0.229,0.881,1,
casent0102345,Tetramorium,myrmicinae,Tetramorium naganum,April Nobile,commons,,"California Academy of Sciences, 2000-2007",test,p,data/images/Tetramorium/casent0102345_p.jpg,False,2000.0,2007.0,a462e4ba2b895e82d40b6502a68610c1393302e38a025cb4032648d96d5a8cac,https://upload.wikimedia.org/wikipedia/commons/7/73/Tetramorium_naganum_casent0102345_profile_1.jpg,"harvester downscale, byte-identical",commons_original,False,972,808,1.203,125346,122.0,125.0,115.0,138.78,7.0,0.01069,0.00964,black_bar,found,220.0,0.2263,4.0,0.526,0.899,1,
casent0102346,Tetramorium,myrmicinae,Tetramorium naganum,April Nobile,commons,Paratype,"California Academy of Sciences, 2000-2007",train,p,data/images/Tetramorium/casent0102346_p.jpg,True,2000.0,2007.0,4b3f0a83a849a1e75953241664517048831830c8fceaab24e1c60ac760ecb69e,https://upload.wikimedia.org/wikipedia/commons/6/64/Tetramorium_naganum_casent0102346_profile_1.jpg,"harvester downscale, byte-identical",commons_original,False,1024,729,1.4047,141116,135.0,137.0,135.0,141.6,0.0,0.00741,0.00422,black_bar,found,215.0,0.21,4.0,0.798,0.877,1,
casent0102347,Tetramorium,myrmicinae,Tetramorium bessonii,April Nobile,commons,,"California Academy of Sciences, 2000-2007",train,p,data/images/Tetramorium/casent0102347_p.jpg,False,2000.0,2007.0,f934662ee260a5ba5491fe3272a6ac4cdbb90b30d7cf24438adc70185ecba194,https://upload.wikimedia.org/wikipedia/commons/0/01/Tetramorium_bessonii_casent0102347_profile_1.jpg,"harvester downscale, byte-identical",commons_original,False,1024,735,1.3932,141241,134.0,135.0,131.0,152.57,3.0,0.03992,0.02086,black_bar,found,168.0,0.1641,4.0,0.306,0.888,1,
casent0102348,Tetramorium,myrmicinae,Tetramorium dysalum,April Nobile,commons,,"California Academy of Sciences, 2000-2007",train,p,data/images/Tetramorium/casent0102348_p.jpg,False,2000.0,2007.0,2327c2e063dde711265fab92f13a916f010f39f9d9d1df806c8951950f45cd13,https://upload.wikimedia.org/wikipedia/commons/4/4c/Tetramorium_dysalum_casent0102348_profile_1.jpg,"harvester downscale, byte-identical",commons_original,False,1024,759,1.3491,129908,140.0,142.0,137.0,155.7,3.0,0.05657,0.02704,black_bar,found,181.0,0.1768,4.0,0.805,0.888,1,
casent0102349,Tetramorium,myrmicinae,Tetramorium dysalum,April Nobile,commons,,"California Academy of Sciences, 2000-2007",train,p,data/images/Tetramorium/casent0102349_p.jpg,False,2000.0,2007.0,abe40bbb9446be796e1cd3faa5882d540ed701d6e31e8936f042a0bea2186a23,https://upload.wikimedia.org/wikipedia/commons/8/8d/Tetramorium_dysalum_casent0102349_profile_1.jpg,"harvester downscale, byte-identical",commons_original,False,1024,782,1.3095,134960,147.0,143.0,143.0,148.66,4.0,0.08425,0.04,black_bar,found,186.0,0.1816,4.0,0.198,0.898,1,
casent0102350,Tetramorium,myrmicinae,Tetramorium electrum,April Nobile,commons,,"California Academy of Sciences, 2000-2007",train,p,data/images/Tetramorium/casent0102350_p.jpg,False,2000.0,2007.0,f1aa61ad6ad3d2de60f5e8273a3f646810f6de39be7d66ce8e902f0a715412f0,https://upload.wikimedia.org/wikipedia/commons/9/9e/Tetramorium_electrum_casent0102350_profile_1.jpg,"harvester downscale, byte-identical",commons_original,False,1024,760,1.3474,135325,146.0,145.0,139.0,156.89,7.0,0.04396,0.01396,black_bar,found,269.0,0.2627,4.0,0.176,0.887,1,
casent0102352,Tetramorium,myrmicinae,Tetramorium coillum,April Nobile,commons,,"California Academy of Sciences, 2000-2010",train,p,data/images/Tetramorium/casent0102352_p.jpg,False,2000.0,2010.0,70d334239db12db20cc2183fe53d006357be956da4ddb5d932428c8195a6fd4e,https://upload.wikimedia.org/wikipedia/commons/f/ff/Tetramorium_coillum_casent0102352_profile_1.jpg,"harvester downscale, byte-identical",commons_original,False,1024,725,1.4124,140081,166.0,160.0,156.0,166.31,10.0,0.07987,0.01469,black_bar,found,226.0,0.2207,4.0,0.206,0.899,1,
casent0102353,Tetramorium,myrmicinae,Tetramorium quasirum,April Nobile,commons,,"California Academy of Sciences, 2000-2007",train,p,data/images/Tetramorium/casent0102353_p.jpg,False,2000.0,2007.0,926650235b6a33e266606f63f40886e57ed786b30b1176aee9b391fb7034785c,https://upload.wikimedia.org/wikipedia/commons/2/29/Tetramorium_quasirum_casent0102353_profile_1.jpg,"harvester downscale, byte-identical",commons_original,False,1024,739,1.3857,140215,146.0,147.0,137.0,152.89,9.0,0.03369,0.00941,black_bar,found,250.0,0.2441,4.0,0.818,0.934,1,
casent0102354,Tetramorium,myrmicinae,Tetramorium quasirum,April Nobile,commons,,"California Academy of Sciences, 2000-2007",train,p,data/images/Tetramorium/casent0102354_p.jpg,False,2000.0,2007.0,f468b78890ffc6c4c43981cd8a3bed1fd153c020d3eb6326fba9886ce4c68f34,https://upload.wikimedia.org/wikipedia/commons/f/fd/Tetramorium_quasirum_casent0102354_profile_1.jpg,"harvester downscale, byte-identical",commons_original,False,1024,730,1.4027,143577,151.0,149.0,143.0,157.98,8.0,0.03955,0.01062,black_bar,found,254.0,0.248,4.0,0.335,0.927,1,
casent0102355,Tetramorium,myrmicinae,Tetramorium zenatum,April Nobile,commons,,"California Academy of Sciences, 2000-2007",train,p,data/images/Tetramorium/casent0102355_p.jpg,False,2000.0,2007.0,2e20aaf4f94f4416ba601a828705aeb16bf75421777e45466200808956f8e966,https://upload.wikimedia.org/wikipedia/commons/7/73/Tetramorium_zenatum_casent0102355_profile_1.jpg,"harvester downscale, byte-identical",commons_original,False,1003,808,1.2413,129753,122.0,123.0,120.0,152.94,2.0,0.00282,0.00275,black_bar,found,273.0,0.2722,4.0,0.568,0.926,1,
casent0102385,Tetramorium,myrmicinae,Tetramorium sericeiventre,April Nobile,commons,,"California Academy of Sciences, 2000-2007",train,p,data/images/Tetramorium/casent0102385_p.jpg,False,2000.0,2007.0,ec20f90333275ef0b16c8961704dae1240a122a39f26dc2768c69f253fbe0f52,https://upload.wikimedia.org/wikipedia/commons/1/16/Tetramorium_quadrispinosum_casent0102385_profile_1.jpg,"harvester downscale, byte-identical",commons_original,False,1024,778,1.3162,138174,139.0,140.0,137.0,141.71,2.0,0.01685,0.00627,black_bar,found,179.0,0.1748,5.0,0.476,0.927,1,
casent0102387,Tetramorium,myrmicinae,Tetramorium sericeiventre,April Nobile,commons,,"California Academy of Sciences, 2000-2007",train,p,data/images/Tetramorium/casent0102387_p.jpg,False,2000.0,2007.0,0ee3a285d1df831179cc72e6ba2ea3d86fda839c0f88ef9ea5e8e30710424d41,https://upload.wikimedia.org/wikipedia/commons/6/67/Tetramorium_quadrispinosum_casent0102387_profile_1.jpg,"harvester downscale, byte-identical",commons_original,False,1024,746,1.3727,136890,144.0,144.0,138.0,143.3,6.0,0.0419,0.01781,black_bar,found,172.0,0.168,4.0,0.831,0.933,1,
casent0102388,Tetramorium,myrmicinae,Tetramorium sericeiventre,April Nobile,commons,,"California Academy of Sciences, 2000-2008",test,p,data/images/Tetramorium/casent0102388_p.jpg,False,2000.0,2008.0,a4c1557ae0eebb8cbb5681f13d2ea7e2dee5e524b85c14e65b5ff652330f6d2a,https://upload.wikimedia.org/wikipedia/commons/6/6d/Tetramorium_sericeiventre_casent0102388_profile_1.jpg,"harvester downscale, byte-identical",commons_original,False,1024,771,1.3281,141826,140.0,139.0,133.0,141.17,7.0,0.01776,0.00718,black_bar,found,260.0,0.2539,5.0,0.213,0.887,1,
casent0102392,Tetramorium,myrmicinae,Tetramorium ranarum,April Nobile,commons,,"California Academy of Sciences, 2000-2008",test,p,data/images/Tetramorium/casent0102392_p.jpg,False,2000.0,2008.0,17ebebaad6ba6f4a8beb11c33ed70c50753eccbf6e30ab6c168ec052415ca655,https://upload.wikimedia.org/wikipedia/commons/c/c2/Tetramorium_ranarum_casent0102392_profile_1.jpg,"harvester downscale, byte-identical",commons_original,False,1024,728,1.4066,147365,140.0,137.0,134.0,146.11,6.0,0.02221,0.00947,black_bar,found,182.0,0.1777,4.0,0.772,0.905,1,
casent0102393,Tetramorium,myrmicinae,Tetramorium steinheili,April Nobile,commons,,"California Academy of Sciences, 2000-2008",train,p,data/images/Tetramorium/casent0102393_p.jpg,False,2000.0,2008.0,53c6a9130a85bc6faa3c6b177b781b4cadde89f0d229511210b6c922d103eb5b,https://upload.wikimedia.org/wikipedia/commons/6/62/Tetramorium_steinheili_casent0102393_profile_1.jpg,"harvester downscale, byte-identical",commons_original,False,947,808,1.172,173728,147.0,147.0,140.0,159.41,7.0,0.02609,0.0098,black_bar,found,151.0,0.1595,4.0,0.238,0.926,1,
casent0102394,Tetramorium,myrmicinae,Tetramorium steinheili,April Nobile,commons,,"California Academy of Sciences, 2000-2008",train,p,data/images/Tetramorium/casent0102394_p.jpg,False,2000.0,2008.0,6243b0e1946b1a85fdbbf2a86cd4cac7c755b5e33b6121c09f4f3020181bd736,https://upload.wikimedia.org/wikipedia/commons/1/18/Tetramorium_steinheili_casent0102394_profile_1.jpg,"harvester downscale, byte-identical",commons_original,False,1024,805,1.272,157233,150.0,151.0,149.0,159.14,1.0,0.02606,0.00635,black_bar,found,189.0,0.1846,5.0,0.291,0.895,1,
casent0102395,Tetramorium,myrmicinae,Tetramorium andrei,April Nobile,commons,,"California Academy of Sciences, 2000-2008",train,p,data/images/Tetramorium/casent0102395_p.jpg,False,2000.0,2008.0,7e014634dfd5fd0d773a064cff841c5ff24ae89d7aab283a81d1506faf901931,https://upload.wikimedia.org/wikipedia/commons/8/8e/Tetramorium_andrei_casent0102395_profile_1.jpg,"harvester downscale, byte-identical",commons_original,False,1024,771,1.3281,140869,147.0,141.0,136.0,156.67,11.0,0.03667,0.01422,black_bar,found,235.0,0.2295,5.0,0.188,0.896,1,
casent0102398,Tetramorium,myrmicinae,Tetramorium marginatum,April Nobile,commons,,"California Academy of Sciences, 2000-2008",train,p,data/images/Tetramorium/casent0102398_p.jpg,False,2000.0,2008.0,c41770547f26b912c5ae2087be6ad56fdf87c3e87cc983d56f09ec64320b3c7c,https://upload.wikimedia.org/wikipedia/commons/f/f3/Tetramorium_marginatum_casent0102398_profile_1.jpg,"harvester downscale, byte-identical",commons_original,False,1024,771,1.3281,122314,147.0,149.0,144.0,161.05,3.0,0.04726,0.0169,black_bar,found,168.0,0.1641,4.0,0.273,0.857,1,
casent0102399,Tetramorium,myrmicinae,Tetramorium pleganon,April Nobile,commons,,"California Academy of Sciences, 2000-2008",train,p,data/images/Tetramorium/casent0102399_p.jpg,False,2000.0,2008.0,763c9186d884be31e440e5079783fea754d9abd481bd45c9a831f29d60fcbe88,https://upload.wikimedia.org/wikipedia/commons/1/15/Tetramorium_pleganon_casent0102399_profile_1.jpg,"harvester downscale, byte-identical",commons_original,False,1012,808,1.2525,164038,149.0,151.0,144.0,167.14,5.0,0.03894,0.00877,black_bar,found,175.0,0.1729,5.0,0.411,0.904,1,
casent0102400,Tetramorium,myrmicinae,Tetramorium xanthogaster,April Nobile,commons,,"California Academy of Sciences, 2000-2008",train,p,data/images/Tetramorium/casent0102400_p.jpg,False,2000.0,2008.0,d262824ad9129a917c71c6b3a799dcd1d8a6a6ee25f7cdbeb119d817933c663b,https://upload.wikimedia.org/wikipedia/commons/3/37/Tetramorium_xanthogaster_casent0102400_profile_1.jpg,"harvester downscale, byte-identical",commons_original,False,1024,757,1.3527,133982,150.0,150.0,145.0,153.87,5.0,0.02928,0.00656,black_bar,found,181.0,0.1768,4.0,0.515,0.909,1,
casent0102401,Tetramorium,myrmicinae,Tetramorium merina,April Nobile,commons,,"California Academy of Sciences, 2000-2008",train,p,data/images/Tetramorium/casent0102401_p.jpg,False,2000.0,2008.0,e6334802772f8dd0b7aafe5f6d8dee4df03803d7038ea24372a01b34afcdf7f0,https://upload.wikimedia.org/wikipedia/commons/3/3c/Tetramorium_schaufussii_casent0102401_profile_1.jpg,"harvester downscale, byte-identical",commons_original,False,1024,705,1.4525,136370,159.0,161.0,159.0,164.88,0.0,0.01453,0.00305,black_bar,found,213.0,0.208,4.0,0.162,0.925,1,
casent0102402,Tetramorium,myrmicinae,Tetramorium sikorae,April Nobile,commons,,"California Academy of Sciences, 2000-2008",train,p,data/images/Tetramorium/casent0102402_p.jpg,False,2000.0,2008.0,6a8dbc17a2a8fd2a8aab69f2e94681445030b67f09278b456448b2db94ca48fb,https://upload.wikimedia.org/wikipedia/commons/1/12/Tetramorium_sikorae_casent0102402_profile_1.jpg,"harvester downscale, byte-identical",commons_original,False,1024,742,1.3801,128969,135.0,136.0,125.0,153.84,10.0,0.00354,0.00246,black_bar,found,210.0,0.2051,4.0,0.876,0.916,1,
casent0102403,Tetramorium,myrmicinae,,April Nobile,commons,,"California Academy of Sciences, 2000-2008",train,p,data/images/Tetramorium/casent0102403_p.jpg,False,2000.0,2008.0,9db7af0b9063e53bb64a5066d67ab2b301dff017eedf6304e738198c525bbce7,https://upload.wikimedia.org/wikipedia/commons/9/92/Tetramorium_degener_casent0102403_profile_1.jpg,"harvester downscale, byte-identical",commons_original,False,1024,677,1.5126,129534,143.0,141.0,137.0,160.81,6.0,0.00554,0.00324,black_bar,found,251.0,0.2451,5.0,0.847,0.89,1,
casent0102404,Tetramorium,myrmicinae,Tetramorium bicarinatum,April Nobile,commons,,"California Academy of Sciences, 2000-2008",test,p,data/images/Tetramorium/casent0102404_p.jpg,False,2000.0,2008.0,9357fbd269fb6b4e54c08948d9404fc0777a799debb872624e65b71bc3b7377e,https://upload.wikimedia.org/wikipedia/commons/7/78/Tetramorium_bicarinatum_casent0102404_profile_1.jpg,"harvester downscale, byte-identical",commons_original,False,1024,795,1.2881,146168,135.0,135.0,127.0,138.87,8.0,0.00475,0.00296,black_bar,found,173.0,0.1689,5.0,0.57,0.889,1,
casent0102407,Bothroponera,ponerinae,Bothroponera cambouei,April Nobile,commons,,"California Academy of Sciences, 2000-2008",train,p,data/images/Bothroponera/casent0102407_p.jpg,False,2000.0,2008.0,01c458c9234e44cf2898f33d78ae18684580c411848f88592f5bb8e3d053f3e6,https://upload.wikimedia.org/wikipedia/commons/d/df/Pachycondyla_cambouei_casent0102407_profile_1.jpg,"harvester downscale, byte-identical",commons_original,False,1021,808,1.2636,194810,177.0,173.0,166.0,172.76,11.0,0.12576,0.01787,black_bar,found,160.0,0.1567,4.0,0.867,0.899,1,
casent0102408,Bothroponera,ponerinae,Bothroponera comorensis,April Nobile,commons,,"California Academy of Sciences, 2000-2008",train,p,data/images/Bothroponera/casent0102408_p.jpg,False,2000.0,2008.0,be819a89543f9c8a8901d3e6fb60b78761737603ea2c462aedf04dcc90822db0,https://upload.wikimedia.org/wikipedia/commons/e/e4/Pachycondyla_comorensis_casent0102408_profile_1.jpg,"harvester downscale, byte-identical",commons_original,False,1024,748,1.369,157211,166.0,162.0,158.0,161.09,8.0,0.08659,0.02169,black_bar,found,177.0,0.1729,4.0,0.808,0.908,1,
casent0102409,Bothroponera,ponerinae,Bothroponera wasmannii,April Nobile,commons,,"California Academy of Sciences, 2000-2008",train,p,data/images/Bothroponera/casent0102409_p.jpg,False,2000.0,2008.0,b4b05a873290da86a4178b10f3f43a71fb11429f3836e23876dbe764e8c64f7f,https://upload.wikimedia.org/wikipedia/commons/d/dd/Pachycondyla_wasmannii_casent0102409_profile_1.jpg,"harvester downscale, byte-identical",commons_original,False,1024,768,1.3333,156289,163.0,159.0,151.0,158.45,12.0,0.03751,0.01008,black_bar,found,179.0,0.1748,4.0,0.23,0.909,1,
casent0102410,Bothroponera,ponerinae,Bothroponera cambouei,April Nobile,commons,,"California Academy of Sciences, 2000-2008",train,p,data/images/Bothroponera/casent0102410_p.jpg,False,2000.0,2008.0,1318e38805b11c88f4a8560d9ddaed39e8304aac3844d9060b64a2853995bb58,https://upload.wikimedia.org/wikipedia/commons/4/41/Pachycondyla_cambouei_casent0102410_profile_1.jpg,"harvester downscale, byte-identical",commons_original,False,1024,761,1.3456,159845,164.0,163.0,155.0,159.32,9.0,0.14022,0.0236,black_bar,found,148.0,0.1445,4.0,0.198,0.901,1,
casent0102411,Bothroponera,ponerinae,Bothroponera cambouei,April Nobile,commons,,"California Academy of Sciences, 2000-2008",train,p,data/images/Bothroponera/casent0102411_p.jpg,False,2000.0,2008.0,333e6f99755d06c2d5558e7a3e776e9154dc78fe68110d6a49bc59b80b2538ba,https://upload.wikimedia.org/wikipedia/commons/7/75/Pachycondyla_cambouei_casent0102411_profile_1.jpg,"harvester downscale, byte-identical",commons_original,False,1024,708,1.4463,140413,169.0,169.0,164.0,167.13,5.0,0.02355,0.00516,black_bar,found,182.0,0.1777,4.0,0.21,0.931,1,
casent0102412,Leptogenys,ponerinae,Leptogenys truncatirostris,April Nobile,commons,,"California Academy of Sciences, 2000-2008",test,p,data/images/Leptogenys/casent0102412_p.jpg,False,2000.0,2008.0,e1409e551047be093cb39749864775e2e38769ab1a68751048ac0a452e4865a7,https://upload.wikimedia.org/wikipedia/commons/4/46/Leptogenys_truncatirostris_casent0102412_profile_1.jpg,"harvester downscale, byte-identical",commons_original,False,1024,766,1.3368,154512,167.0,164.0,157.0,167.56,10.0,0.05212,0.01234,black_bar,found,240.0,0.2344,4.0,0.23,0.927,1,
casent0102413,Leptogenys,ponerinae,Leptogenys coerulescens,April Nobile,commons,,"California Academy of Sciences, 2000-2008",test,p,data/images/Leptogenys/casent0102413_p.jpg,False,2000.0,2008.0,0f3ab1959e29112f2f8a53c381fd4f2c1f130a201c4ff2b8b994e403801bef95,https://upload.wikimedia.org/wikipedia/commons/6/69/Leptogenys_coerulescens_casent0102413_profile_1.jpg,"harvester downscale, byte-identical",commons_original,False,949,808,1.1745,152753,158.0,153.0,146.0,157.8,12.0,0.08306,0.03062,black_bar,found,186.0,0.196,4.0,0.179,0.869,1,
casent0102414,Leptogenys,ponerinae,,April Nobile,commons,,"California Academy of Sciences, 2000-2008",train,p,data/images/Leptogenys/casent0102414_p.jpg,False,2000.0,2008.0,5a8e5fcc5032ebd9ac27689d9a8190c7e6a6b3ffba18a1268db0888ab460354c,https://upload.wikimedia.org/wikipedia/commons/2/27/Leptogenys_incisa_casent0102414_profile_1.jpg,"harvester downscale, byte-identical",commons_original,False,1024,656,1.561,142087,147.0,144.0,133.0,169.02,14.0,0.03309,0.0165,black_bar,found,177.0,0.1729,4.0,0.438,0.901,1,
casent0102415,Camponotus,formicinae,Camponotus putatus,April Nobile,commons,,"California Academy of Sciences, 2000-2007",train,p,data/images/Camponotus/casent0102415_p.jpg,False,2000.0,2007.0,ffb6214d8babc9d60c0cafb4dfa8d6fb43135a09fe60462fdc10259e5424cbef,https://upload.wikimedia.org/wikipedia/commons/e/e8/Camponotus_putatus_casent0102415_profile_1.jpg,"harvester downscale, byte-identical",commons_original,False,946,808,1.1708,113274,141.0,140.0,137.0,140.52,4.0,0.02356,0.00924,black_bar,found,191.0,0.2019,5.0,0.521,0.886,1,
casent0102416,Camponotus,formicinae,Camponotus putatus,April Nobile,commons,,"California Academy of Sciences, 2000-2007",train,p,data/images/Camponotus/casent0102416_p.jpg,False,2000.0,2007.0,667cb3581c9dda2ee048c25de0188ecf4ff8ce53fc7c1d0311e0cba621839c18,https://upload.wikimedia.org/wikipedia/commons/1/17/Camponotus_putatus_casent0102416_profile_1.jpg,"harvester downscale, byte-identical",commons_original,False,1024,656,1.561,140530,140.0,140.0,137.0,139.58,3.0,0.05503,0.02657,black_bar,found,152.0,0.1484,4.0,0.413,0.852,1,
casent0102417,Camponotus,formicinae,Camponotus putatus,April Nobile,commons,,"California Academy of Sciences, 2000-2007",test,p,data/images/Camponotus/casent0102417_p.jpg,False,2000.0,2007.0,a600229beaf80ef2d0f354c7f03697b9fd830c8012b5135a74f7be9f4cc16e8f,https://upload.wikimedia.org/wikipedia/commons/f/ff/Camponotus_putatus_casent0102417_profile_1.jpg,"harvester downscale, byte-identical",commons_original,False,1024,752,1.3617,124890,137.0,136.0,136.0,140.27,1.0,0.0176,0.0074,black_bar,found,148.0,0.1445,4.0,0.731,0.899,1,
casent0102418,Camponotus,formicinae,Camponotus reaumuri,April Nobile,commons,,"California Academy of Sciences, 2000-2007",test,p,data/images/Camponotus/casent0102418_p.jpg,False,2000.0,2007.0,e549c0e4c8af4416aa2de70ae639c001a3fea6c73b8b051852e6886298986d3c,https://upload.wikimedia.org/wikipedia/commons/b/ba/Camponotus_reaumuri_casent0102418_profile_1.jpg,"harvester downscale, byte-identical",commons_original,False,1024,771,1.3281,146550,141.0,140.0,138.0,144.85,3.0,0.00655,0.00314,black_bar,found,234.0,0.2285,4.0,0.776,0.852,1,
casent0102419,Camponotus,formicinae,Camponotus reaumuri,April Nobile,commons,,"California Academy of Sciences, 2000-2007",train,p,data/images/Camponotus/casent0102419_p.jpg,False,2000.0,2007.0,4d95380f1e5f6817dcebdda26fd7605787f7253dc2a9ae920d9960fd568fa690,https://upload.wikimedia.org/wikipedia/commons/6/6a/Camponotus_reaumuri_casent0102419_profile_1.jpg,"harvester downscale, byte-identical",commons_original,False,1024,692,1.4798,139370,135.0,135.0,131.0,140.6,4.0,0.00711,0.00377,black_bar,found,201.0,0.1963,5.0,0.229,0.897,1,
casent0102420,Camponotus,formicinae,Camponotus reaumuri,April Nobile,commons,,"California Academy of Sciences, 2000-2007",train,p,data/images/Camponotus/casent0102420_p.jpg,False,2000.0,2007.0,5aca5cdb1cbedefcb8303ebb24e4b29f6a8a621881b7d2f90bd5ea1387f8a7a0,https://upload.wikimedia.org/wikipedia/commons/e/ef/Camponotus_reaumuri_casent0102420_profile_1.jpg,"harvester downscale, byte-identical",commons_original,False,1024,648,1.5802,134205,140.0,140.0,137.0,140.09,3.0,0.00806,0.00246,black_bar,found,234.0,0.2285,4.0,0.868,0.887,1,
casent0102421,Camponotus,formicinae,Camponotus foersteri,April Nobile,commons,Paralectotype,"California Academy of Sciences, 2000-2007",train,p,data/images/Camponotus/casent0102421_p.jpg,True,2000.0,2007.0,62098e418f8eb870396ebf605025de4aa7f9d0d8b0bd9df4a276fabc6beb5d13,https://upload.wikimedia.org/wikipedia/commons/8/81/Camponotus_pictipes_casent0102421_profile_1.jpg,"harvester downscale, byte-identical",commons_original,False,1024,657,1.5586,132183,151.0,150.0,148.0,148.66,3.0,0.12235,0.0521,black_bar,found,154.0,0.1504,4.0,0.311,0.861,1,
casent0102422,Camponotus,formicinae,Camponotus foersteri,April Nobile,commons,Lectotype,"California Academy of Sciences, 2000-2007",train,p,data/images/Camponotus/casent0102422_p.jpg,True,2000.0,2007.0,2b47fff07aa6fc90cd5428dd5789ff3ba087b345382fbb4375c97f651ce68628,https://upload.wikimedia.org/wikipedia/commons/e/e3/Camponotus_pictipes_casent0102422_profile_1.jpg,"harvester downscale, byte-identical",commons_original,False,1024,726,1.4105,136179,141.0,141.0,138.0,137.49,3.0,0.08209,0.0463,black_bar,found,205.0,0.2002,5.0,0.822,0.864,1,
casent0102423,Camponotus,formicinae,Camponotus foersteri,April Nobile,commons,Paralectotype,"California Academy of Sciences, 2000-2007",test,p,data/images/Camponotus/casent0102423_p.jpg,True,2000.0,2007.0,284734fc173d2bde91799cc423f7ca3990eecb64f19b34558d09b1fa46112617,https://upload.wikimedia.org/wikipedia/commons/3/38/Camponotus_pictipes_casent0102423_profile_1.jpg,"harvester downscale, byte-identical",commons_original,False,1024,696,1.4713,136320,146.0,148.0,152.0,144.63,-6.0,0.10489,0.04288,black_bar,found,148.0,0.1445,5.0,0.851,0.92,1,
casent0102426,Camponotus,formicinae,Camponotus quadrimaculatus,April Nobile,commons,Lectotype,"California Academy of Sciences, 2000-2007",train,p,data/images/Camponotus/casent0102426_p.jpg,True,2000.0,2007.0,4078a170c80f5804c086e2c1c44539eadbb2800b356f64358ac1eb362b77eebd,https://upload.wikimedia.org/wikipedia/commons/f/fe/Camponotus_quadrimaculatus_casent0102426_profile_1.jpg,"harvester downscale, byte-identical",commons_original,False,1024,771,1.3281,135055,138.0,139.0,139.0,125.99,-1.0,0.08755,0.04414,black_bar,found,164.0,0.1602,4.0,0.651,0.918,1,
casent0102427,Camponotus,formicinae,Camponotus quadrimaculatus,April Nobile,commons,Paralectotype,"California Academy of Sciences, 2000-2007",test,p,data/images/Camponotus/casent0102427_p.jpg,True,2000.0,2007.0,4eb5a70226905e834085666035a34ab390bfb3d38225bfcd3b995a2b299aa1aa,https://upload.wikimedia.org/wikipedia/commons/5/50/Camponotus_quadrimaculatus_casent0102427_profile_1.jpg,"Commons server thumbnail, byte-identical",commons_thumbnail,True,1280,793,1.6141,159603,157.0,155.0,149.0,152.8,8.0,0.0996,0.02691,black_bar,found,256.0,0.2,5.0,0.784,0.872,1,
casent0102433,Camponotus,formicinae,Camponotus immaculatus,April Nobile,commons,Paralectotype,"California Academy of Sciences, 2000-2026",train,p,data/images/Camponotus/casent0102433_p.jpg,True,2000.0,2026.0,91e36c6cfc96b28518922adc24f2ee6aeff6b5addc2ff6248019ca639e1dc335,https://upload.wikimedia.org/wikipedia/commons/1/19/Camponotus_quadrimaculatus_opacatus_casent0102433_profile_1.jpg,"Commons server thumbnail, byte-identical",commons_thumbnail,True,1280,781,1.6389,168247,167.0,166.0,163.0,170.15,4.0,0.12159,0.03702,black_bar,found,169.0,0.132,6.0,0.754,0.821,1,
casent0102434,Camponotus,formicinae,Camponotus immaculatus,April Nobile,commons,Paralectotype,"California Academy of Sciences, 2000-2007",train,p,data/images/Camponotus/casent0102434_p.jpg,True,2000.0,2007.0,270177740c7ac1f748af403687296b6fcfbb1639d0cd894cf0ca3e5a9b16eeae,https://upload.wikimedia.org/wikipedia/commons/2/2e/Camponotus_quadrimaculatus_opacatus_casent0102434_profile_1.jpg,"harvester downscale, byte-identical",commons_original,False,1024,669,1.5306,138921,144.0,142.0,136.0,150.41,8.0,0.16171,0.09033,black_bar,found,205.0,0.2002,4.0,0.375,0.91,1,
casent0102435,Camponotus,formicinae,Camponotus quadrimaculatus,April Nobile,commons,Paralectotype,"California Academy of Sciences, 2000-2007",train,p,data/images/Camponotus/casent0102435_p.jpg,True,2000.0,2007.0,e2eba90eeaf710c0694796902b1ed3458db6ea88ba167fbb3f7df77def8b7490,https://upload.wikimedia.org/wikipedia/commons/e/eb/Camponotus_quadrimaculatus_sellaris_casent0102435_profile_1.jpg,"harvester downscale, byte-identical",commons_original,False,1024,638,1.605,148280,158.0,158.0,151.0,163.99,7.0,0.12593,0.03823,black_bar,found,148.0,0.1445,4.0,0.788,0.9,1,
casent0102436,Camponotus,formicinae,Camponotus quadrimaculatus,April Nobile,commons,Paralectotype,"California Academy of Sciences, 2000-2007",train,p,data/images/Camponotus/casent0102436_p.jpg,True,2000.0,2007.0,77586206906f9bf310572e6ecd2de09a6aa08442de01b3c1f8dcb001abdb0883,https://upload.wikimedia.org/wikipedia/commons/d/d2/Camponotus_quadrimaculatus_sellaris_casent0102436_profile_1.jpg,"harvester downscale, byte-identical",commons_original,False,1024,705,1.4525,137045,130.0,130.0,123.0,137.9,7.0,0.10602,0.08043,black_bar,found,131.0,0.1279,4.0,0.7,0.902,1,
casent0102437,Camponotus,formicinae,Camponotus repens,April Nobile,commons,Lectotype,"California Academy of Sciences, 2000-2007",train,p,data/images/Camponotus/casent0102437_p.jpg,True,2000.0,2007.0,98ed7ed01ab426c48709bf1ff58ef6ffed293ce88f6a31455dcd0b0e3518ddc3,https://upload.wikimedia.org/wikipedia/commons/5/57/Camponotus_repens_casent0102437_profile_1.jpg,"harvester downscale, byte-identical",commons_original,False,1024,783,1.3078,144229,136.0,135.0,136.0,139.8,0.0,0.07072,0.03846,black_bar,found,207.0,0.2021,5.0,0.845,0.877,1,
casent0102438,Camponotus,formicinae,Camponotus repens,April Nobile,commons,Paralectotype,"California Academy of Sciences, 2000-2007",train,p,data/images/Camponotus/casent0102438_p.jpg,True,2000.0,2007.0,6388edb3703dc324de6a4c17ffde60e71160974eb77d17f288a86980da8caa83,https://upload.wikimedia.org/wikipedia/commons/8/80/Camponotus_repens_casent0102438_profile_1.jpg,"harvester downscale, byte-identical",commons_original,False,1024,680,1.5059,129871,147.0,145.0,144.0,147.47,3.0,0.05531,0.02279,black_bar,found,151.0,0.1475,5.0,0.471,0.851,1,
casent0102439,Camponotus,formicinae,Camponotus repens,April Nobile,commons,,"California Academy of Sciences, 2000-2007",train,p,data/images/Camponotus/casent0102439_p.jpg,False,2000.0,2007.0,43e9fe331862e9417c891f9182b2dea58708a18f61950da2e151cfb079c9fe6d,https://upload.wikimedia.org/wikipedia/commons/3/33/Camponotus_repens_casent0102439_profile_1.jpg,"harvester downscale, byte-identical",commons_original,False,1024,571,1.7933,105141,139.0,137.0,136.0,139.51,3.0,0.09849,0.04639,black_bar,found,237.0,0.2314,5.0,0.823,0.878,1,
casent0102440,Camponotus,formicinae,Camponotus ellioti,April Nobile,commons,,"California Academy of Sciences, 2000-2008",train,p,data/images/Camponotus/casent0102440_p.jpg,False,2000.0,2008.0,1613b801df489311c4f5b1247ff12cb304e37c8cce760cf1ec71bdfe941fb249,https://upload.wikimedia.org/wikipedia/commons/e/ea/Camponotus_ellioti_casent0102440_profile_1.jpg,"harvester downscale, byte-identical",commons_original,False,1024,652,1.5706,171809,152.0,154.0,155.0,153.5,-3.0,0.23695,0.15722,black_bar,found,157.0,0.1533,6.0,0.917,0.925,1,
casent0102441,Camponotus,formicinae,Camponotus nossibeensis,April Nobile,commons,,"California Academy of Sciences, 2000-2008",train,p,data/images/Camponotus/casent0102441_p.jpg,False,2000.0,2008.0,15d0f6de94d92a15bc418ed53ce36dc30f27782e8c2cf16da3f448a136568935,https://upload.wikimedia.org/wikipedia/commons/4/4c/Camponotus_nossibeensis_casent0102441_profile_1.jpg,"harvester downscale, byte-identical",commons_original,False,1024,701,1.4608,176421,143.0,142.0,133.0,136.24,10.0,0.14288,0.08451,thin_line,found,193.0,0.1885,3.0,0.899,0.931,0,
casent0102442,Camponotus,formicinae,Camponotus quadrimaculatus,April Nobile,commons,Paralectotype,"California Academy of Sciences, 2000-2007",test,p,data/images/Camponotus/casent0102442_p.jpg,True,2000.0,2007.0,8710f6cd640793aa2fffb152d1022a7454e70b558462ae5740d1f9794cabffb6,https://upload.wikimedia.org/wikipedia/commons/9/97/Camponotus_quadrimaculatus_casent0102442_profile_1.jpg,"harvester downscale, byte-identical",commons_original,False,1024,743,1.3782,124384,139.0,137.0,130.0,136.76,9.0,0.0813,0.04288,black_bar,found,126.0,0.123,5.0,0.429,0.936,1,
casent0102443,Camponotus,formicinae,Camponotus quadrimaculatus,April Nobile,commons,Paralectotype,"California Academy of Sciences, 2000-2007",test,p,data/images/Camponotus/casent0102443_p.jpg,True,2000.0,2007.0,94830a5aa187d99fd9f8b800d03c1d412d512901d4fbf5f910b4a50ebf21cec8,https://upload.wikimedia.org/wikipedia/commons/f/fa/Camponotus_quadrimaculatus_casent0102443_profile_1.jpg,"harvester downscale, byte-identical",commons_original,False,1024,771,1.3281,137225,155.0,154.0,149.0,167.63,6.0,0.0997,0.0343,black_bar,found,182.0,0.1777,4.0,0.422,0.892,1,
casent0102452,Camponotus,formicinae,Camponotus grandidieri,April Nobile,commons,Paralectotype,"California Academy of Sciences, 2000-2007",train,p,data/images/Camponotus/casent0102452_p.jpg,True,2000.0,2007.0,cd70f9b338c69e0557d6499f145cf5c1b8db754eb05bd731455443f2bb57e4e2,https://upload.wikimedia.org/wikipedia/commons/f/f8/Camponotus_grandidieri_casent0102452_profile_1.jpg,"harvester downscale, byte-identical",commons_original,False,1024,669,1.5306,157051,140.0,136.0,128.0,153.22,12.0,0.08987,0.04349,black_bar,found,183.0,0.1787,4.0,0.553,0.913,1,
casent0102930,Platythyrea,ponerinae,Platythyrea bicuspis,April Nobile,commons,,"California Academy of Sciences, 2000-2008",test,p,data/images/Platythyrea/casent0102930_p.jpg,False,2000.0,2008.0,1c1a77659bdfb490816e106594e2d07232f0fa0dfefe9684a247168a6e5f9a55,https://upload.wikimedia.org/wikipedia/commons/c/c0/Platythyrea_bicuspis_casent0102930_profile_1.jpg,"harvester downscale, byte-identical",commons_original,False,1024,723,1.4163,155819,176.0,174.0,169.0,176.3,7.0,0.04327,0.01371,black_bar,found,252.0,0.2461,4.0,0.79,0.935,1,
casent0102931,Anochetus,ponerinae,Anochetus grandidieri,April Nobile,commons,,"California Academy of Sciences, 2000-2008",train,p,data/images/Anochetus/casent0102931_p.jpg,False,2000.0,2008.0,2a2b6384795a813d140be730db8deb5c90dc80e8d33f1448ee1d52d76afa8c31,https://upload.wikimedia.org/wikipedia/commons/4/4b/Anochetus_grandidieri_casent0102931_profile_1.jpg,"harvester downscale, byte-identical",commons_original,False,1024,682,1.5015,177869,143.0,141.0,140.0,149.23,3.0,0.00924,0.00492,black_bar,found,168.0,0.1641,4.0,0.675,0.922,1,
casent0102932,Anochetus,ponerinae,Anochetus madagascarensis,April Nobile,commons,,"California Academy of Sciences, 2000-2008",train,p,data/images/Anochetus/casent0102932_p.jpg,False,2000.0,2008.0,24efe50a472748f79d113593a91503447bfc51572698021260ca27798e9a181a,https://upload.wikimedia.org/wikipedia/commons/4/4a/Anochetus_madagascarensis_casent0102932_profile_1.jpg,"harvester downscale, byte-identical",commons_original,False,1024,711,1.4402,144573,148.0,148.0,143.0,150.08,5.0,0.00825,0.00396,black_bar,found,201.0,0.1963,4.0,0.259,0.91,1,
casent0102933,Anochetus,ponerinae,Anochetus madagascarensis,April Nobile,commons,,"California Academy of Sciences, 2000-2008",test,p,data/images/Anochetus/casent0102933_p.jpg,False,2000.0,2008.0,45803fc07925635a66b22c666be5fe462dad1a69adcf85486201102c1e500038,https://upload.wikimedia.org/wikipedia/commons/6/65/Anochetus_madagascarensis_casent0102933_profile_1.jpg,"harvester downscale, byte-identical",commons_original,False,1024,687,1.4905,167672,174.0,173.0,171.0,168.07,3.0,0.00893,0.00272,black_bar,found,164.0,0.1602,5.0,0.189,0.922,1,
casent0102938,Crematogaster,myrmicinae,Crematogaster madagascariensis,April Nobile,commons,,"California Academy of Sciences, 2000-2008",train,p,data/images/Crematogaster/casent0102938_p.jpg,False,2000.0,2008.0,4ef58b4156f0a36f0d2879e20a4b7096abf9010e39ff2aaa561c67f5edb463b0,https://upload.wikimedia.org/wikipedia/commons/b/b2/Crematogaster_madagascariensis_casent0102938_profile_1.jpg,"Commons server thumbnail, byte-identical",commons_thumbnail,True,1280,711,1.8003,197689,158.0,160.0,161.0,165.31,-3.0,0.21151,0.10187,black_bar,found,209.0,0.1633,5.0,0.836,0.876,1,
casent0102939,Crematogaster,myrmicinae,Crematogaster marthae,April Nobile,commons,,"California Academy of Sciences, 2000-2008",train,p,data/images/Crematogaster/casent0102939_p.jpg,False,2000.0,2008.0,6da08ae83844592b886a2a51a9c245aeb17770a7fea13d9384a63065f9d2af4e,https://upload.wikimedia.org/wikipedia/commons/f/f4/Crematogaster_marthae_casent0102939_profile_1.jpg,"harvester downscale, byte-identical",commons_original,False,1024,619,1.6543,156839,135.0,131.0,125.0,130.81,10.0,0.06361,0.04612,black_bar,found,140.0,0.1367,4.0,0.5,0.916,1,
casent0102941,Crematogaster,myrmicinae,Crematogaster degeeri,April Nobile,commons,,"California Academy of Sciences, 2000-2008",train,p,data/images/Crematogaster/casent0102941_p.jpg,False,2000.0,2008.0,1831a62340df644a4438bf0a92d85e386f8fc26408e8aa97dcdec73ea7f82be7,https://upload.wikimedia.org/wikipedia/commons/6/67/Crematogaster_degeeri_casent0102941_profile_1.jpg,"harvester downscale, byte-identical",commons_original,False,1024,509,2.0118,128081,134.0,130.0,130.0,148.74,4.0,0.17275,0.13522,black_bar,found,260.0,0.2539,5.0,0.608,0.893,1,
casent0102955,Crematogaster,myrmicinae,Crematogaster hova,April Nobile,commons,,"California Academy of Sciences, 2000-2008",train,p,data/images/Crematogaster/casent0102955_p.jpg,False,2000.0,2008.0,803130f1e852be305bf437969aca1234d631d7a0e36d93cc8c5d2d0fca9b983e,https://upload.wikimedia.org/wikipedia/commons/d/d3/Crematogaster_hova_casent0102955_profile_1.jpg,"harvester downscale, byte-identical",commons_original,False,1024,633,1.6177,159543,141.0,137.0,135.0,141.69,6.0,0.01251,0.00299,black_bar,found,144.0,0.1406,4.0,0.882,0.907,1,
casent0102956,Crematogaster,myrmicinae,Crematogaster schencki,April Nobile,commons,,"California Academy of Sciences, 2000-2008",train,p,data/images/Crematogaster/casent0102956_p.jpg,False,2000.0,2008.0,23ca2108d5947de8cc1568bdb9eff38bc40682898dd916a783832274a2c8dfa8,https://upload.wikimedia.org/wikipedia/commons/6/6c/Crematogaster_schencki_casent0102956_profile_1.jpg,"harvester downscale, byte-identical",commons_original,False,1024,788,1.2995,190817,172.0,171.0,167.0,173.13,5.0,0.08482,0.01984,black_bar,found,265.0,0.2588,4.0,0.816,0.92,1,
casent0102957,Crematogaster,myrmicinae,Crematogaster ranavalonae,April Nobile,commons,,"California Academy of Sciences, 2000-2008",train,p,data/images/Crematogaster/casent0102957_p.jpg,False,2000.0,2008.0,7bfd79786bdb5f8b8c6ebeffc3f6a6c219841bf4799ff14399469d4b95a2ff7e,https://upload.wikimedia.org/wikipedia/commons/6/6a/Crematogaster_ranavalonae_casent0102957_profile_1.jpg,"harvester downscale, byte-identical",commons_original,False,1024,574,1.784,131582,154.0,152.0,150.0,158.0,4.0,0.04891,0.00918,black_bar,found,259.0,0.2529,4.0,0.304,0.897,1,
casent0102970,Crematogaster,myrmicinae,Crematogaster castanea,April Nobile,commons,,"California Academy of Sciences, 2000-2008",train,p,data/images/Crematogaster/casent0102970_p.jpg,False,2000.0,2008.0,cdc26b190faa5d1b8db5b21a08b65fcdf5b16beb10065045028c571a884b49da,https://upload.wikimedia.org/wikipedia/commons/c/c1/Crematogaster_castanea_casent0102970_profile_1.jpg,"harvester downscale, byte-identical",commons_original,False,1024,596,1.7181,140967,163.0,165.0,165.0,165.49,-2.0,0.05263,0.01919,black_bar,found,234.0,0.2285,4.0,0.875,0.913,1,
casent0102977,Nylanderia,formicinae,Nylanderia madagascarensis,April Nobile,commons,Syntype,"California Academy of Sciences, 2000-2008",train,p,data/images/Nylanderia/casent0102977_p.jpg,True,2000.0,2008.0,72cce69d8b5549609c2892d0e9748592ff83caf12b2d35299335d259e88c1e43,https://upload.wikimedia.org/wikipedia/commons/1/16/Paratrechina_madagascarensis_ellisii_casent0102977_profile_1.jpg,"harvester downscale, byte-identical",commons_original,False,1024,741,1.3819,157138,149.0,149.0,143.0,152.67,6.0,0.01656,0.00517,black_bar,found,219.0,0.2139,5.0,0.413,0.908,1,
casent0102983,Tetramorium,myrmicinae,Tetramorium nazgul,April Nobile,commons,,"California Academy of Sciences, 2000-2008",train,p,data/images/Tetramorium/casent0102983_p.jpg,False,2000.0,2008.0,aca0dc058a8015955e3f8f69985bc3d3a2ec06a8ed1cecfe2702502be4c3c6f9,https://upload.wikimedia.org/wikipedia/commons/d/de/Tetramorium_robustior_casent0102983_profile_1.jpg,"harvester downscale, byte-identical",commons_original,False,1024,771,1.3281,206530,154.0,155.0,146.0,161.88,8.0,0.1181,0.03869,black_bar,found,167.0,0.1631,4.0,0.165,0.943,1,
casent0102984,Cataulacus,myrmicinae,Cataulacus ebrardi,April Nobile,commons,,"California Academy of Sciences, 2000-2008",train,p,data/images/Cataulacus/casent0102984_p.jpg,False,2000.0,2008.0,43bf8a7aa1155974526b11b8ead3338e405cd88374b176e7d81ea9ac02506fd2,https://upload.wikimedia.org/wikipedia/commons/7/77/Cataulacus_ebrardi_casent0102984_profile_1.jpg,"harvester downscale, byte-identical",commons_original,False,1024,771,1.3281,170425,171.0,173.0,168.0,172.85,3.0,0.15083,0.04088,black_bar,found,167.0,0.1631,4.0,0.842,0.929,1,
casent0102996,Platythyrea,ponerinae,Platythyrea mocquerysi,April Nobile,commons,,"California Academy of Sciences, 2000-2008",train,p,data/images/Platythyrea/casent0102996_p.jpg,False,2000.0,2008.0,2239e10917a3291ac57b7b86fb6c6e3c3009cfed5b9da41174ea58f7fd558f2b,https://upload.wikimedia.org/wikipedia/commons/1/1e/Platythyrea_mocquerysi_casent0102996_profile_1.jpg,"harvester downscale, byte-identical",commons_original,False,1024,718,1.4262,152745,145.0,144.0,141.0,145.8,4.0,0.04993,0.02404,black_bar,found,182.0,0.1777,4.0,0.892,0.921,1,
casent0103270,Technomyrmex,dolichoderinae,Technomyrmex curiosus,April Nobile,commons,Holotype,"California Academy of Sciences, 2000-2008",train,p,data/images/Technomyrmex/casent0103270_p.jpg,True,2000.0,2008.0,4aaddef2b3a2d8595845d449cdc7547e40ff59727586de257c8d6cab2cd48d2e,https://upload.wikimedia.org/wikipedia/commons/5/5f/Technomyrmex_curiosus_casent0103270_profile_1.jpg,"harvester downscale, byte-identical",commons_original,False,1024,739,1.3857,152861,208.0,209.0,206.0,197.04,2.0,0.20425,0.0447,black_bar,found,167.0,0.1631,4.0,0.902,0.923,1,
casent0103296,Pheidole,myrmicinae,Pheidole spinosa,April Nobile,commons,Lectotype,"California Academy of Sciences, 2000-2008",train,p,data/images/Pheidole/casent0103296_p.jpg,True,2000.0,2008.0,f5ac83e3a79e1678e9e63251becfafe4e7873c94f7ad30332d4ff9ce0f518342,https://upload.wikimedia.org/wikipedia/commons/d/d0/Pheidole_picata_gietleni_casent0103296_profile_1.jpg,"harvester downscale, byte-identical",commons_original,False,1024,708,1.4463,164745,211.0,211.0,209.0,209.77,2.0,0.02365,0.00243,black_bar,found,181.0,0.1768,4.0,0.885,0.915,1,
casent0103297,Pheidole,myrmicinae,Pheidole spinosa,April Nobile,commons,Paralectotype,"California Academy of Sciences, 2000-2008",train,p,data/images/Pheidole/casent0103297_p.jpg,True,2000.0,2008.0,925ef470672d6155fc09f8f0064e502b2d327817e77f15e3e5ed76000c7dd814,https://upload.wikimedia.org/wikipedia/commons/c/ca/Pheidole_picata_gietleni_casent0103297_profile_1.jpg,"harvester downscale, byte-identical",commons_original,False,1024,754,1.3581,181610,195.0,193.0,186.0,189.78,9.0,0.02829,0.00397,black_bar,found,171.0,0.167,4.0,0.894,0.923,1,
casent0103307,Pheidole,myrmicinae,Pheidole spinosa,April Nobile,commons,Paralectotype,"California Academy of Sciences, 2000-2008",train,p,data/images/Pheidole/casent0103307_p.jpg,True,2000.0,2008.0,c3c96f8eebfbdcd46082bf98e010fb04d37383ffe82e6b05edb46eae799b523e,https://upload.wikimedia.org/wikipedia/commons/8/8d/Pheidole_picata_gietleni_casent0103307_profile_1.jpg,"harvester downscale, byte-identical",commons_original,False,1024,746,1.3727,155696,174.0,171.0,165.0,169.65,9.0,0.01147,0.00348,black_bar,found,210.0,0.2051,4.0,0.726,0.91,1,
casent0103308,Pheidole,myrmicinae,Pheidole spinosa,April Nobile,commons,Paralectotype,"California Academy of Sciences, 2000-2008",train,p,data/images/Pheidole/casent0103308_p.jpg,True,2000.0,2008.0,6a6ee74d39e226f6fca25e215104e79a486902f44a2f2c4a7524f570ddc4648e,https://upload.wikimedia.org/wikipedia/commons/5/54/Pheidole_picata_gietleni_casent0103308_profile_1.jpg,"harvester downscale, byte-identical",commons_original,False,1009,808,1.2488,208147,187.0,182.0,174.0,183.32,13.0,0.01953,0.00307,black_bar,found,237.0,0.2349,5.0,0.339,0.915,1,
casent0103323,Tapinoma,dolichoderinae,Tapinoma melanocephalum,April Nobile,commons,,"California Academy of Sciences, 2000-2007",train,p,data/images/Tapinoma/casent0103323_p.jpg,False,2000.0,2007.0,3e964d46591203299a5adf09e611fb0fe13f4cdac6d893ab312817aca9f253c7,https://upload.wikimedia.org/wikipedia/commons/b/b2/Tapinoma_melanocephalum_casent0103323_profile_1.jpg,"harvester downscale, byte-identical",commons_original,False,1024,771,1.3281,155191,179.0,186.0,176.0,187.58,3.0,0.03002,0.00556,black_bar,found,132.0,0.1289,4.0,0.696,0.903,1,
casent0104343,Technomyrmex,dolichoderinae,Technomyrmex albipes,April Nobile,commons,,"California Academy of Sciences, 2000-2007",train,p,data/images/Technomyrmex/casent0104343_p.jpg,False,2000.0,2007.0,c41a0b17ff2fb54fd18c954d0b20b8b29ca0f62757baae9d366bbb8b918aa3ee,https://upload.wikimedia.org/wikipedia/commons/1/16/Technomyrmex_albipes_casent0104343_profile_1.jpg,"harvester downscale, byte-identical",commons_original,False,1024,657,1.5586,114155,133.0,133.0,131.0,140.03,2.0,0.05046,0.03641,black_bar,found,210.0,0.2051,5.0,0.247,0.906,1,
casent0104542,Anochetus,ponerinae,Anochetus boltoni,April Nobile,gbif_cache,Holotype,"California Academy of Sciences, 2000-2007",train,p,data/images/Anochetus/casent0104542_p.jpg,True,2000.0,2007.0,37affd139494f4c5f3c2051dfbae83e5b6e9c1567c93ed954148f63dc04da36d,https://api.gbif.org/v1/image/cache/1024x1024/occurrence/865117376/media/ab7515770a081cc3d5717646bd2c9a6f,,gbif_cache,False,1024,1024,1.0,103497,162.0,164.0,158.0,141.85,4.0,0.10516,0.03552,black_bar,found,201.0,0.1963,6.0,0.486,0.926,1,
casent0104543,Anochetus,ponerinae,Anochetus goodmani,April Nobile,commons,,"California Academy of Sciences, 2000-2007",train,p,data/images/Anochetus/casent0104543_p.jpg,False,2000.0,2007.0,9d3e65e376b3dc78f829eb25887fee70031ea723c219bbfb79b0d826412d826d,https://upload.wikimedia.org/wikipedia/commons/4/49/Anochetus_goodmani_casent0104543_profile_1.jpg,"harvester downscale, byte-identical",commons_original,False,1024,710,1.4423,134735,156.0,156.0,154.0,152.45,2.0,0.0466,0.00826,black_bar,found,148.0,0.1445,5.0,0.5,0.929,1,
casent0104547,Anochetus,ponerinae,Anochetus madagascarensis,April Nobile,commons,,"California Academy of Sciences, 2000-2008",test,p,data/images/Anochetus/casent0104547_p.jpg,False,2000.0,2008.0,de8c589e4e853487c178c237e7fd993c37a97277471682ce669001ac2913eda6,https://upload.wikimedia.org/wikipedia/commons/9/97/Anochetus_madagascarensis_casent0104547_profile_1.jpg,"harvester downscale, byte-identical",commons_original,False,1024,771,1.3281,146230,145.0,145.0,142.0,136.83,3.0,0.06235,0.0138,black_bar,found,200.0,0.1953,4.0,0.24,0.939,1,
casent0104548,Anochetus,ponerinae,Anochetus goodmani,April Nobile,commons,Paratype,"California Academy of Sciences, 2000-2012",test,p,data/images/Anochetus/casent0104548_p.jpg,True,2000.0,2012.0,ae53c2e8543191e8eeae534cbf4490b6b6fabb106333b3a65507d5c6a5625764,https://upload.wikimedia.org/wikipedia/commons/1/1e/Anochetus_goodmani_casent0104548_profile_1.jpg,"harvester downscale, byte-identical",commons_original,False,1024,771,1.3281,142536,153.0,152.0,150.0,144.19,3.0,0.02358,0.00445,black_bar,found,164.0,0.1602,5.0,0.243,0.931,1,
casent0104549,Odontomachus,ponerinae,Odontomachus coquereli,April Nobile,commons,Lectotype,"California Academy of Sciences, 2000-2008",test,p,data/images/Odontomachus/casent0104549_p.jpg,True,2000.0,2008.0,eb681f8666cd82a7d8e011c48c9ec37c1b750b4003756240412eb91156762105,https://upload.wikimedia.org/wikipedia/commons/b/bc/Odontomachus_coquereli_casent0104549_profile_1.jpg,"harvester downscale, byte-identical",commons_original,False,1024,771,1.3281,196686,151.0,151.0,149.0,148.63,2.0,0.01964,0.00656,black_bar,found,160.0,0.1562,4.0,0.09,0.934,1,
casent0104550,Odontomachus,ponerinae,Odontomachus coquereli,April Nobile,commons,,"California Academy of Sciences, 2000-2008",train,p,data/images/Odontomachus/casent0104550_p.jpg,False,2000.0,2008.0,bba05418e47cb31d2177da8807f14971b9652e2a3de61c20b26a5297f1bab87d,https://upload.wikimedia.org/wikipedia/commons/8/87/Odontomachus_coquereli_casent0104550_profile_1.jpg,"harvester downscale, byte-identical",commons_original,False,1024,737,1.3894,191065,153.0,153.0,150.0,148.62,3.0,0.04525,0.01554,black_bar,found,148.0,0.1445,4.0,0.716,0.936,1,
casent0104551,Odontomachus,ponerinae,Odontomachus coquereli,April Nobile,commons,,"California Academy of Sciences, 2000-2008",train,p,data/images/Odontomachus/casent0104551_p.jpg,False,2000.0,2008.0,a33bfdb220ec93fc3b325a74e41a3722fef1aeb532140c088ee8a69268f98b84,https://upload.wikimedia.org/wikipedia/commons/3/36/Odontomachus_coquereli_casent0104551_profile_1.jpg,"harvester downscale, byte-identical",commons_original,False,1024,733,1.397,191229,145.0,142.0,138.0,156.46,7.0,0.02118,0.0108,black_bar,found,121.0,0.1182,4.0,0.909,0.911,1,
casent0104552,Odontomachus,ponerinae,Odontomachus coquereli,April Nobile,commons,,"California Academy of Sciences, 2000-2008",train,p,data/images/Odontomachus/casent0104552_p.jpg,False,2000.0,2008.0,6ea57b0f0baa5b2ea686cf206f0d786067d3051092cef964387a96a4189e341c,https://upload.wikimedia.org/wikipedia/commons/f/fe/Odontomachus_coquereli_casent0104552_profile_1.jpg,"harvester downscale, byte-identical",commons_original,False,1024,739,1.3857,238805,159.0,157.0,151.0,166.45,8.0,0.02532,0.00935,black_bar,found,149.0,0.1455,4.0,0.913,0.934,1,
casent0104554,Anochetus,ponerinae,Anochetus madagascarensis,April Nobile,commons,,"California Academy of Sciences, 2000-2008",train,p,data/images/Anochetus/casent0104554_p.jpg,False,2000.0,2008.0,17e1f250ea6a91d83f0a6f5a6cc076baf59cb99454d335f9f35699a3ce7d4f92,https://upload.wikimedia.org/wikipedia/commons/d/d4/Anochetus_madagascarensis_casent0104554_profile_1.jpg,"harvester downscale, byte-identical",commons_original,False,1024,705,1.4525,150528,167.0,167.0,163.0,163.38,4.0,0.0364,0.0061,black_bar,found,165.0,0.1611,4.0,0.85,0.922,1,
casent0104555,Mystrium,amblyoponinae,Mystrium rogeri,April Nobile,commons,,"California Academy of Sciences, 2000-2008",train,p,data/images/Mystrium/casent0104555_p.jpg,False,2000.0,2008.0,c997fa3ef229ceb2390332ad51451291eb36e627252d895253ba5cf17f3bd0bf,https://upload.wikimedia.org/wikipedia/commons/3/34/Mystrium_mysticum_casent0104555_profile_1.jpg,"Commons server thumbnail, byte-identical",commons_thumbnail,True,1280,583,2.1955,191782,167.0,167.0,162.0,184.53,5.0,0.09821,0.04207,black_bar,found,256.0,0.2,6.0,0.51,0.889,1,
casent0104556,Mystrium,amblyoponinae,Mystrium rogeri,April Nobile,commons,,"California Academy of Sciences, 2000-2008",train,p,data/images/Mystrium/casent0104556_p.jpg,False,2000.0,2008.0,78a5e6d4f4b416aba739f13fac15cc677ecb33478ae1363bf9bad991a1e86ca3,https://upload.wikimedia.org/wikipedia/commons/1/19/Mystrium_mysticum_casent0104556_profile_1.jpg,"Commons server thumbnail, pixel-identical",commons_thumbnail,True,1280,593,2.1585,157405,157.0,157.0,153.0,177.85,4.0,0.07672,0.02885,black_bar,found,274.0,0.2141,6.0,0.215,0.858,1,
casent0104557,Mystrium,amblyoponinae,Mystrium mysticum,April Nobile,commons,,"California Academy of Sciences, 2000-2008",train,p,data/images/Mystrium/casent0104557_p.jpg,False,2000.0,2008.0,d9024d6d2cdf04190e49ef55f298e847c5aa0994fb2c0558197eec698130923f,https://upload.wikimedia.org/wikipedia/commons/3/39/Mystrium_mysticum_casent0104557_profile_1.jpg,"harvester downscale, byte-identical",commons_original,False,1024,653,1.5681,154795,151.0,151.0,148.0,152.51,3.0,0.05998,0.02494,black_bar,found,143.0,0.1396,4.0,0.88,0.914,1,
casent0104560,Mystrium,amblyoponinae,Mystrium rogeri,April Nobile,commons,Paralectotype,"California Academy of Sciences, 2000-2008",train,p,data/images/Mystrium/casent0104560_p.jpg,True,2000.0,2008.0,30d70814e8881b6b5812973d5e91723cbeae816ca0811801254a354db8c9122d,https://upload.wikimedia.org/wikipedia/commons/d/de/Mystrium_stadelmanni_casent0104560_profile_1.jpg,"harvester downscale, byte-identical",commons_original,False,1024,795,1.2881,205109,160.0,159.0,152.0,155.97,8.0,0.04403,0.00875,black_bar,found,245.0,0.2393,4.0,0.504,0.93,1,
casent0104561,Mystrium,amblyoponinae,Mystrium mysticum,April Nobile,commons,Lectotype,"California Academy of Sciences, 2000-2008",train,p,data/images/Mystrium/casent0104561_p.jpg,True,2000.0,2008.0,ddefa4de459b2ee02477c49d5663277936f007ef5fc3ae5877bcd1fcbed995e4,https://upload.wikimedia.org/wikipedia/commons/2/20/Mystrium_stadelmanni_casent0104561_profile_1.jpg,"harvester downscale, byte-identical",commons_original,False,1024,771,1.3281,192134,154.0,153.0,149.0,155.19,5.0,0.05702,0.01628,black_bar,found,165.0,0.1611,4.0,0.865,0.923,1,
casent0104562,Mystrium,amblyoponinae,Mystrium mysticum,April Nobile,commons,Paralectotype,"California Academy of Sciences, 2000-2008",train,p,data/images/Mystrium/casent0104562_p.jpg,True,2000.0,2008.0,993c3c80e7e9cfb3ffaf6a14a0d652965c8c4c823cbbb5019f40927be89db315,https://upload.wikimedia.org/wikipedia/commons/a/a1/Mystrium_stadelmanni_casent0104562_profile_1.jpg,"harvester downscale, byte-identical",commons_original,False,1024,771,1.3281,204856,154.0,155.0,148.0,158.29,6.0,0.03383,0.00814,black_bar,found,201.0,0.1963,4.0,0.762,0.931,1,
casent0104563,Mystrium,amblyoponinae,Mystrium voeltzkowi,April Nobile,commons,,"California Academy of Sciences, 2000-2008",train,p,data/images/Mystrium/casent0104563_p.jpg,False,2000.0,2008.0,8ac70bf2e827461e82f42577fce6dba6b2c6bdcb9089cf694bc9a6be8c7d1e3d,https://upload.wikimedia.org/wikipedia/commons/9/95/Mystrium_voeltzkowi_casent0104563_profile_1.jpg,"harvester downscale, byte-identical",commons_original,False,1024,641,1.5975,163034,159.0,159.0,157.0,159.97,2.0,0.08864,0.03691,black_bar,found,249.0,0.2432,4.0,0.507,0.911,1,
casent0104564,Leptogenys,ponerinae,Leptogenys voeltzkowi,April Nobile,commons,Syntype,"California Academy of Sciences, 2000-2008",train,p,data/images/Leptogenys/casent0104564_p.jpg,True,2000.0,2008.0,5e26aec1ff84996fd16c13b5db1a042582fd2419f81bcf9c9e11a6383042127f,https://upload.wikimedia.org/wikipedia/commons/9/90/Leptogenys_voeltzkowi_casent0104564_profile_1.jpg,"harvester downscale, byte-identical",commons_original,False,1024,741,1.3819,211963,152.0,153.0,147.0,149.82,5.0,0.20857,0.12391,black_bar,found,238.0,0.2324,5.0,0.188,0.925,1,
casent0104582,Lioponera,dorylinae,,April Nobile,commons,Syntype,"California Academy of Sciences, 2000-2008",train,p,data/images/Lioponera/casent0104582_p.jpg,True,2000.0,2008.0,a864f15cd520b67b7ae1f48abb6c1b1ce798424b7228960157444480b29d454d,https://upload.wikimedia.org/wikipedia/commons/6/6e/Cerapachys_mayri_casent0104582_profile_1.jpg,"harvester downscale, byte-identical",commons_original,False,1024,524,1.9542,135946,186.0,184.0,182.0,185.08,4.0,0.08574,0.0251,black_bar,found,148.0,0.1445,4.0,0.649,0.908,1,
casent0104583,Lioponera,dorylinae,,April Nobile,commons,Syntype,"California Academy of Sciences, 2000-2008",test,p,data/images/Lioponera/casent0104583_p.jpg,True,2000.0,2008.0,f4a12d5b6c259fa8f17731037d41b40bc0aa7e58c2bc49e9b31a19f0e7ec90ee,https://upload.wikimedia.org/wikipedia/commons/7/73/Cerapachys_mayri_casent0104583_profile_1.jpg,"harvester downscale, byte-identical",commons_original,False,1024,485,2.1113,132484,190.0,188.0,186.0,185.57,4.0,0.11455,0.03767,black_bar,found,249.0,0.2432,4.0,0.515,0.901,1,
casent0104587,Crematogaster,myrmicinae,Crematogaster ensifera,April Nobile,commons,Syntype,"California Academy of Sciences, 2000-2008",train,p,data/images/Crematogaster/casent0104587_p.jpg,True,2000.0,2008.0,d3a0b1055f013e1c8b85398ddef3241ebb0a262d411b12d8bccd084a2e28197d,https://upload.wikimedia.org/wikipedia/commons/7/77/Crematogaster_ensifera_casent0104587_profile_1.jpg,"harvester downscale, byte-identical",commons_original,False,1024,598,1.7124,173808,180.0,178.0,173.0,183.0,7.0,0.0953,0.01908,black_bar,found,144.0,0.1406,4.0,0.099,0.908,1,
casent0104593,Crematogaster,myrmicinae,Crematogaster kelleri,April Nobile,commons,Paratype,"California Academy of Sciences, 2000-2008",train,p,data/images/Crematogaster/casent0104593_p.jpg,True,2000.0,2008.0,7ac0f5b43408d795ac8c63680fb2be302d9c6108a527fe3f0d40090e68e23641,https://upload.wikimedia.org/wikipedia/commons/b/b5/Crematogaster_adrepens_casent0104593_profile_1.jpg,"harvester downscale, byte-identical",commons_original,False,1024,574,1.784,133876,128.0,126.0,124.0,144.11,4.0,0.01806,0.01406,black_bar,found,285.0,0.2783,4.0,0.833,0.834,1,
casent0104594,Pheidole,myrmicinae,Pheidole spinosa,April Nobile,commons,Syntype,"California Academy of Sciences, 2000-2008",train,p,data/images/Pheidole/casent0104594_p.jpg,True,2000.0,2008.0,7c2e7261db352fe3e1504bd7ce375d230faffec81be1387678fbbc687d8ff3e2,https://upload.wikimedia.org/wikipedia/commons/b/b6/Pheidole_picata_casent0104594_profile_1.jpg,"harvester downscale, byte-identical",commons_original,False,1024,648,1.5802,177335,142.0,142.0,137.0,143.51,5.0,0.04407,0.0221,black_bar,found,259.0,0.2529,4.0,0.869,0.92,1,
casent0104595,Pheidole,myrmicinae,Pheidole spinosa,April Nobile,commons,Syntype,"California Academy of Sciences, 2000-2008",train,p,data/images/Pheidole/casent0104595_p.jpg,True,2000.0,2008.0,592859b4c8c539d2647489b9b1d8cf519b6397fc922e181df989156f15c96eaa,https://upload.wikimedia.org/wikipedia/commons/f/f7/Pheidole_picata_casent0104595_profile_1.jpg,"Commons server thumbnail, pixel-identical",commons_thumbnail,True,1280,793,1.6141,241503,196.0,182.0,156.0,165.4,40.0,0.04581,0.00617,black_bar,found,284.0,0.2219,5.0,0.562,0.921,1,
casent0104596,Pheidole,myrmicinae,Pheidole annemariae,April Nobile,commons,Syntype,"California Academy of Sciences, 2000-2008",train,p,data/images/Pheidole/casent0104596_p.jpg,True,2000.0,2008.0,174ac1780314d9840f46550af002cf413d02734b3218758fbb57989cd24b27bc,https://upload.wikimedia.org/wikipedia/commons/c/ca/Pheidole_annemariae_casent0104596_profile_1.jpg,"harvester downscale, byte-identical",commons_original,False,1024,723,1.4163,208572,137.0,134.0,132.0,147.51,5.0,0.04545,0.02869,black_bar,found,168.0,0.1641,4.0,0.896,0.934,1,
casent0104597,Pheidole,myrmicinae,Pheidole annemariae,April Nobile,commons,Syntype,"California Academy of Sciences, 2000-2008",train,p,data/images/Pheidole/casent0104597_p.jpg,True,2000.0,2008.0,d27aec4cfcfb30eefd287f9fa9713822496431beecb685c3d4b1b0349df7905f,https://upload.wikimedia.org/wikipedia/commons/0/05/Pheidole_annemariae_casent0104597_profile_1.jpg,"harvester downscale, byte-identical",commons_original,False,1024,771,1.3281,178701,132.0,132.0,136.0,148.48,-4.0,0.01654,0.00344,black_bar,found,251.0,0.2451,4.0,0.856,0.92,1,
casent0104600,Pheidole,myrmicinae,Pheidole ensifera,April Nobile,commons,Syntype,"California Academy of Sciences, 2000-2008",train,p,data/images/Pheidole/casent0104600_p.jpg,True,2000.0,2008.0,46dd975abc366a15dad8563bdafe712fa805677ac0b3dc5c3f5c2c1be4f7e86e,https://upload.wikimedia.org/wikipedia/commons/2/25/Pheidole_ensifera_casent0104600_profile_1.jpg,"harvester downscale, byte-identical",commons_original,False,1024,771,1.3281,192381,134.0,133.0,126.0,128.28,8.0,0.10242,0.07425,black_bar,found,234.0,0.2285,5.0,0.786,0.937,1,
casent0104601,Pheidole,myrmicinae,Pheidole ensifera,April Nobile,commons,Syntype,"California Academy of Sciences, 2000-2008",train,p,data/images/Pheidole/casent0104601_p.jpg,True,2000.0,2008.0,44bc3a9e21ae6c1b29ca5f015081955e51eec11c5abbeb8328ed3a310cc7c403,https://upload.wikimedia.org/wikipedia/commons/5/5a/Pheidole_ensifera_casent0104601_profile_1.jpg,"harvester downscale, byte-identical",commons_original,False,1024,696,1.4713,186759,167.0,167.0,161.0,165.17,6.0,0.07078,0.01829,black_bar,found,233.0,0.2275,4.0,0.358,0.92,1,
casent0104604,Pheidole,myrmicinae,Pheidole indica,April Nobile,commons,Syntype,"California Academy of Sciences, 2000-2008",train,p,data/images/Pheidole/casent0104604_p.jpg,True,2000.0,2008.0,bc0fdf55d178f1564b4a949cafc769e67c7fc362a1cc12ab9299abaa90e338e8,https://upload.wikimedia.org/wikipedia/commons/4/4c/Pheidole_voeltzkowii_casent0104604_profile_1.jpg,"harvester downscale, byte-identical",commons_original,False,1024,662,1.5468,197439,173.0,172.0,166.0,175.13,7.0,0.09334,0.03208,black_bar,found,260.0,0.2539,4.0,0.668,0.914,1,
casent0104605,Pheidole,myrmicinae,Pheidole indica,April Nobile,commons,Syntype,"California Academy of Sciences, 2000-2008",train,p,data/images/Pheidole/casent0104605_p.jpg,True,2000.0,2008.0,2e437076a73405e200040e94d5621347e649a49ab218eb60541487f1af63efd4,https://upload.wikimedia.org/wikipedia/commons/1/1f/Pheidole_voeltzkowii_casent0104605_profile_1.jpg,"harvester downscale, byte-identical",commons_original,False,1024,652,1.5706,164633,127.0,125.0,120.0,130.11,7.0,0.00491,0.00389,black_bar,found,210.0,0.2051,5.0,0.854,0.909,1,
casent0104606,Tetramorium,myrmicinae,Tetramorium bessonii,April Nobile,commons,Syntype,"California Academy of Sciences, 2000-2008",train,p,data/images/Tetramorium/casent0104606_p.jpg,True,2000.0,2008.0,6412c517c110453b2a3fe8836fd1cc9c1d8e743faba6243291cfafa80c8c2969,https://upload.wikimedia.org/wikipedia/commons/1/1a/Tetramorium_bessonii_casent0104606_profile_1.jpg,"harvester downscale, byte-identical",commons_original,False,1024,771,1.3281,208473,148.0,147.0,141.0,137.82,7.0,0.07295,0.03133,black_bar,found,181.0,0.1768,5.0,0.211,0.938,1,
casent0104607,Tetramorium,myrmicinae,Tetramorium kelleri,April Nobile,commons,Syntype,"California Academy of Sciences, 2000-2008",train,p,data/images/Tetramorium/casent0104607_p.jpg,True,2000.0,2008.0,9a7bf6c634589e9b91a348a652743da72c018ca7e26768a0cffae0aadbca7885,https://upload.wikimedia.org/wikipedia/commons/5/5a/Tetramorium_kelleri_casent0104607_profile_1.jpg,"harvester downscale, byte-identical",commons_original,False,1024,723,1.4163,197870,147.0,146.0,141.0,143.78,6.0,0.01728,0.00736,black_bar,found,234.0,0.2285,5.0,0.479,0.934,1,
casent0104611,Meranoplus,myrmicinae,Meranoplus radamae,April Nobile,commons,Syntype,"California Academy of Sciences, 2000-2008",train,p,data/images/Meranoplus/casent0104611_p.jpg,True,2000.0,2008.0,32a2964bceff7d5aa9d133cedd0dfd44bcbad14db0c15b3be995c5fc02cb7060,https://upload.wikimedia.org/wikipedia/commons/0/0e/Meranoplus_radamae_casent0104611_profile_1.jpg,"harvester downscale, byte-identical",commons_original,False,1024,645,1.5876,184930,132.0,132.0,126.0,143.41,6.0,0.09737,0.06764,black_bar,found,167.0,0.1631,4.0,0.764,0.909,1,
casent0104621,Camponotus,formicinae,Camponotus robustus,April Nobile,commons,Paralectotype,"California Academy of Sciences, 2000-2008",test,p,data/images/Camponotus/casent0104621_p.jpg,True,2000.0,2008.0,f91cc4f2f307324dafa3fd535e511c173bc7ed2c6db3151fc6e2ede20e7915f0,https://upload.wikimedia.org/wikipedia/commons/5/52/Camponotus_robustus_casent0104621_profile_1.jpg,"harvester downscale, byte-identical",commons_original,False,1024,771,1.3281,233212,183.0,184.0,177.0,180.61,6.0,0.2618,0.08814,black_bar,found,164.0,0.1602,4.0,0.885,0.912,1,
casent0104622,Camponotus,formicinae,Camponotus robustus,April Nobile,commons,Paralectotype,"California Academy of Sciences, 2000-2008",test,p,data/images/Camponotus/casent0104622_p.jpg,True,2000.0,2008.0,687ed3b3c9b8c6e8dc63d7739ac8160a27bfa031806cb0e9c982ba99a49734e8,https://upload.wikimedia.org/wikipedia/commons/b/ba/Camponotus_robustus_casent0104622_profile_1.jpg,"Commons server thumbnail, pixel-identical",commons_thumbnail,True,1280,636,2.0126,252236,177.0,177.0,172.0,175.48,5.0,0.23496,0.1187,black_bar,found,256.0,0.2,6.0,0.23,0.895,1,
casent0104623,Camponotus,formicinae,Camponotus repens,April Nobile,commons,Syntype,"California Academy of Sciences, 2000-2008",train,p,data/images/Camponotus/casent0104623_p.jpg,True,2000.0,2008.0,4b2c9d01b8931f5bd63a0c53b06f704ea6b70d14b112ab10525921555ef2a4cd,https://upload.wikimedia.org/wikipedia/commons/3/39/Camponotus_repens_casent0104623_profile_1.jpg,"harvester downscale, byte-identical",commons_original,False,1024,710,1.4423,169830,146.0,146.0,142.0,143.55,4.0,0.07585,0.03683,black_bar,found,164.0,0.1602,4.0,0.85,0.927,1,
casent0104626,Camponotus,formicinae,Camponotus darwinii,April Nobile,commons,Syntype,"California Academy of Sciences, 2000-2008",train,p,data/images/Camponotus/casent0104626_p.jpg,True,2000.0,2008.0,735a436cf4555f75980b1ae4d67afff83069f1a1a555f4d38e99dcd8fcd5345e,https://upload.wikimedia.org/wikipedia/commons/d/d0/Camponotus_darwinii_casent0104626_profile_1.jpg,"harvester downscale, byte-identical",commons_original,False,1024,612,1.6732,181843,171.0,171.0,166.0,169.92,5.0,0.19216,0.09279,black_bar,found,248.0,0.2422,4.0,0.816,0.915,1,
casent0104627,Camponotus,formicinae,Camponotus darwinii,April Nobile,commons,Syntype,"California Academy of Sciences, 2000-2008",train,p,data/images/Camponotus/casent0104627_p.jpg,True,2000.0,2008.0,cfd3beba2d97c1ef961e8b13e3a429e5e5221102b5e272edf6b84ec3ffea6a72,https://upload.wikimedia.org/wikipedia/commons/f/fc/Camponotus_darwinii_casent0104627_profile_1.jpg,"harvester downscale, byte-identical",commons_original,False,1024,738,1.3875,227171,163.0,163.0,156.0,161.59,7.0,0.18692,0.09216,black_bar,found,167.0,0.1631,4.0,0.597,0.935,1,
casent0104628,Camponotus,formicinae,Camponotus darwinii,April Nobile,commons,Syntype,"California Academy of Sciences, 2000-2008",test,p,data/images/Camponotus/casent0104628_p.jpg,True,2000.0,2008.0,dcbc33026e83142fb42f1e2aeb2e22db762434c3bfdda1ec88328733e15f88ab,https://upload.wikimedia.org/wikipedia/commons/6/61/Camponotus_darwinii_rubropilosus_casent0104628_profile_1.jpg,"harvester downscale, byte-identical",commons_original,False,1024,705,1.4525,217848,184.0,185.0,179.0,178.26,5.0,0.19735,0.06555,black_bar,found,249.0,0.2432,4.0,0.309,0.925,1,
casent0104629,Camponotus,formicinae,Camponotus darwinii,April Nobile,commons,Syntype,"California Academy of Sciences, 2000-2008",train,p,data/images/Camponotus/casent0104629_p.jpg,True,2000.0,2008.0,7689c65a6c8b52f8b654c548aadd521ded65680ff303bc827e6efc8eacf8eed6,https://upload.wikimedia.org/wikipedia/commons/f/fe/Camponotus_darwinii_rubropilosus_casent0104629_profile_1.jpg,"harvester downscale, byte-identical",commons_original,False,1024,723,1.4163,215637,180.0,179.0,172.0,175.69,8.0,0.15927,0.04963,black_bar,found,219.0,0.2139,4.0,0.863,0.924,1,
casent0104632,Camponotus,formicinae,Camponotus hagensii,April Nobile,commons,Paralectotype,"California Academy of Sciences, 2000-2008",train,p,data/images/Camponotus/casent0104632_p.jpg,True,2000.0,2008.0,b14ecc22cef8fdb1996ab30d15668b6600be47271230341f558cd555d03f10a6,https://upload.wikimedia.org/wikipedia/commons/d/dc/Camponotus_hagensii_casent0104632_profile_1.jpg,"harvester downscale, byte-identical",commons_original,False,1024,739,1.3857,206192,187.0,187.0,182.0,183.62,5.0,0.12028,0.02007,black_bar,found,145.0,0.1416,4.0,0.917,0.953,1,
casent0104633,Camponotus,formicinae,Camponotus hagensii,April Nobile,gbif_cache,Paratype,"California Academy of Sciences, 2000-2008",train,p,data/images/Camponotus/casent0104633_p.jpg,True,2000.0,2008.0,fbc6a73af438f307a2ece33d5bf2c0f78a2aa4750e3a6c1facf91cbc343ea19a,https://api.gbif.org/v1/image/cache/1024x1024/occurrence/865117363/media/2b964006b9c43a8cc2c1e9e992496764,,gbif_cache,False,1024,1024,1.0,146880,161.0,162.0,152.0,144.97,9.0,0.11336,0.03946,black_bar,found,218.0,0.2129,6.0,0.48,0.915,1,
casent0104634,Camponotus,formicinae,Camponotus cervicalis,April Nobile,commons,Paralectotype,"California Academy of Sciences, 2000-2008",train,p,data/images/Camponotus/casent0104634_p.jpg,True,2000.0,2008.0,a53478e62289497fdc94864a7d745916e4ba9ad8afe48b2d3b515184f9c38b49,https://upload.wikimedia.org/wikipedia/commons/0/07/Camponotus_cervicalis_casent0104634_profile_1.jpg,"harvester downscale, byte-identical",commons_original,False,1024,677,1.5126,217066,173.0,168.0,153.0,190.61,20.0,0.02184,0.00464,black_bar,found,183.0,0.1787,4.0,0.143,0.923,1,
casent0104638,Camponotus,formicinae,Camponotus maculatus,April Nobile,gbif_cache,,"California Academy of Sciences, 2000-2007",train,p,data/images/Camponotus/casent0104638_p.jpg,False,2000.0,2007.0,1c39a59068dd62f3e9c4940355b47a746e2feae259346e05adbc476887ee2b56,https://api.gbif.org/v1/image/cache/1024x1024/occurrence/865117474/media/b812277aa5d2a6b1e53416acbdab994a,,gbif_cache,False,1024,1024,1.0,119270,137.0,133.0,129.0,133.09,8.0,0.02936,0.02177,black_bar,truncated,,,,0.982,0.893,1,
casent0104639,Camponotus,formicinae,Camponotus maculatus,April Nobile,gbif_cache,Lectotype,"California Academy of Sciences, 2000-2008",train,p,data/images/Camponotus/casent0104639_p.jpg,True,2000.0,2008.0,01d6ebe899fec6240fa644b62f79c444241f5f9a2deb187698441e3126782642,https://api.gbif.org/v1/image/cache/1024x1024/occurrence/865117497/media/5a80ee5da3aef1b16692d221b306bb85,,gbif_cache,False,1024,1024,1.0,131577,141.0,137.0,133.0,144.5,8.0,0.00179,0.00171,black_bar,truncated,,,,0.927,0.926,1,
casent0104640,Camponotus,formicinae,Camponotus maculatus,April Nobile,commons,Syntype,"California Academy of Sciences, 2000-2008",train,p,data/images/Camponotus/casent0104640_p.jpg,True,2000.0,2008.0,cfab77cf0c39d230b8eaa281e83a9976413268f9ae45a10d7c71d64a4a39de46,https://upload.wikimedia.org/wikipedia/commons/e/e9/Camponotus_hova_obscuratus_casent0104640_profile_1.jpg,"harvester downscale, byte-identical",commons_original,False,1024,757,1.3527,198291,165.0,163.0,159.0,161.09,6.0,0.14841,0.04133,black_bar,found,164.0,0.1602,4.0,0.874,0.935,1,
casent0104641,Camponotus,formicinae,Camponotus maculatus,April Nobile,gbif_cache,Syntype,"California Academy of Sciences, 2000-2008",train,p,data/images/Camponotus/casent0104641_p.jpg,True,2000.0,2008.0,f1bece6ad6e7d8acf50e74b5b94efd9be270c32b72e7af42675f144a9f7eab95,https://api.gbif.org/v1/image/cache/1024x1024/occurrence/865117535/media/1784a671df56d5116ca73ddf15c181fa,,gbif_cache,False,1024,1024,1.0,140537,151.0,151.0,143.0,142.8,8.0,0.04544,0.01723,black_bar,found,331.0,0.3232,6.0,0.451,0.926,1,
casent0104642,Nylanderia,formicinae,Nylanderia humbloti,April Nobile,commons,Syntype,"California Academy of Sciences, 2000-2008",train,p,data/images/Nylanderia/casent0104642_p.jpg,True,2000.0,2008.0,1c77c1ed6262b048ab96ef747cf7c276ea257cf476eb3ce47fdb7c04bb9c6667,https://upload.wikimedia.org/wikipedia/commons/b/bb/Paratrechina_humbloti_casent0104642_profile_1.jpg,"harvester downscale, byte-identical",commons_original,False,1024,735,1.3932,191515,152.0,149.0,145.0,163.05,7.0,0.01568,0.00446,black_bar,found,181.0,0.1768,4.0,0.881,0.914,1,
casent0104643,Nylanderia,formicinae,Nylanderia madagascarensis,April Nobile,commons,,"California Academy of Sciences, 2000-2008",train,p,data/images/Nylanderia/casent0104643_p.jpg,False,2000.0,2008.0,005e7dbfb28f7551a7d0520998bcc8fea71784e048615ed83cc3eecccb022f44,https://upload.wikimedia.org/wikipedia/commons/9/9c/Paratrechina_madagascarensis_rufescens_casent0104643_profile_1.jpg,"harvester downscale, byte-identical",commons_original,False,1024,612,1.6732,167870,164.0,155.0,142.0,163.22,22.0,0.02359,0.00577,black_bar,found,210.0,0.2051,4.0,0.842,0.918,1,
casent0104646,Technomyrmex,dolichoderinae,Technomyrmex madecassus,April Nobile,commons,Syntype,"California Academy of Sciences, 2000-2008",train,p,data/images/Technomyrmex/casent0104646_p.jpg,True,2000.0,2008.0,34c8a902dc5730f6873aa9122952424845be48e2f03c237efc59a18ed7bf1d1f,https://upload.wikimedia.org/wikipedia/commons/c/cc/Technomyrmex_madecassus_casent0104646_profile_1.jpg,"harvester downscale, byte-identical",commons_original,False,1024,620,1.6516,160076,139.0,134.0,125.0,145.49,14.0,0.00272,0.00253,black_bar,found,181.0,0.1768,4.0,0.855,0.916,1,
casent0104647,Camponotus,formicinae,Camponotus imitator,April Nobile,commons,Paralectotype,"California Academy of Sciences, 2000-2008",train,p,data/images/Camponotus/casent0104647_p.jpg,True,2000.0,2008.0,608523e51ab016a34551fb051fd9bab49703a865b9b6a01b176d8d770585b577,https://upload.wikimedia.org/wikipedia/commons/b/ba/Camponotus_imitator_casent0104647_profile_1.jpg,"harvester downscale, byte-identical",commons_original,False,1024,771,1.3281,208437,148.0,156.0,159.0,149.73,-11.0,0.09119,0.0417,black_bar,found,164.0,0.1602,4.0,0.909,0.938,1,
casent0106094,Platythyrea,ponerinae,Platythyrea mocquerysi,Michael Branstetter,commons,,"California Academy of Sciences, 2000-2008",train,p,data/images/Platythyrea/casent0106094_p.jpg,False,2000.0,2008.0,3b8fffc95b2c7f08294f4c1413be011a3be85da4b47149327be59d813f241193,https://upload.wikimedia.org/wikipedia/commons/c/cd/Platythyrea_mocquerysi_casent0106094_profile_1.jpg,"Commons server thumbnail, byte-identical",commons_thumbnail,True,1280,791,1.6182,246215,165.0,151.0,143.0,152.45,22.0,0.11009,0.05964,black_bar,found,197.0,0.1539,6.0,0.887,0.903,1,
casent0106134,Tetraponera,pseudomyrmecinae,,April Nobile,commons,Holotype,"California Academy of Sciences, 2000-2008",train,p,data/images/Tetraponera/casent0106134_p.jpg,True,2000.0,2008.0,9a24cd3160b218b3f89f2a3783b7a3794074ecc55c62da2ffbc39106f66649c3,https://upload.wikimedia.org/wikipedia/commons/a/a4/Tetraponera_phragmotica_casent0106134_profile_1.jpg,"harvester downscale, byte-identical",commons_original,False,1024,739,1.3857,155555,213.0,214.0,214.0,212.36,-1.0,0.18937,0.04061,black_bar,found,144.0,0.1406,4.0,0.909,0.916,1,
casent0107566,Aphaenogaster,myrmicinae,Aphaenogaster gonacantha,April Nobile,commons,,"California Academy of Sciences, 2000-2008",test,p,data/images/Aphaenogaster/casent0107566_p.jpg,False,2000.0,2008.0,aca66f89d613469dbcb672583e98ee99f2de1cdeac64b652f3d595acf3065291,https://upload.wikimedia.org/wikipedia/commons/8/8b/Aphaenogaster_gonacantha_casent0107566_profile_1.jpg,"harvester downscale, byte-identical",commons_original,False,1024,771,1.3281,193285,212.0,213.0,209.0,201.67,3.0,0.20044,0.02756,black_bar,found,249.0,0.2432,4.0,0.859,0.931,1,
casent0110604,Terataner,myrmicinae,Terataner steinheili,Erin Prado,commons,,"California Academy of Sciences, 2000-2008",test,p,data/images/Terataner/casent0110604_p.jpg,False,2000.0,2008.0,8104d69dfb7103f48c0841657f97b03398738758c65871dd6a13b240b0ddd2ae,https://upload.wikimedia.org/wikipedia/commons/0/09/Terataner_steinheili_casent0110604_profile_1.jpg,"harvester downscale, byte-identical",commons_original,False,1024,784,1.3061,194116,211.0,214.0,211.0,212.47,0.0,0.18756,0.05607,black_bar,found,167.0,0.1631,4.0,0.893,0.935,1,
casent0121078,Crematogaster,myrmicinae,Crematogaster tricolor,Bonnie Blaimer,gbif_cache,,"California Academy of Sciences, 2000-2010",train,p,data/images/Crematogaster/casent0121078_p.jpg,False,2000.0,2010.0,e2465271857995f12a6d9767da1669848ac8db655e711522a45cee66919cc3c6,https://api.gbif.org/v1/image/cache/1024x1024/occurrence/865127505/media/106cc1ffb24da04f8ce45e8d3082264b,,gbif_cache,False,1024,1024,1.0,177097,200.0,200.0,193.0,172.06,7.0,0.33475,0.17973,black_bar,truncated,,,,0.957,0.917,1,
casent0121244,Tetramorium,myrmicinae,Tetramorium smaug,Shannon Hartman,gbif_cache,Holotype,"California Academy of Sciences, 2000-2010",train,p,data/images/Tetramorium/casent0121244_p.jpg,True,2000.0,2010.0,0f1467976af98ae514c1f979cf6f6a9cca01abc523b7e8d67109f811c768eb7f,https://api.gbif.org/v1/image/cache/1024x1024/occurrence/865127968/media/759e73bd6fdfcfb042631801ae697185,,gbif_cache,False,1024,1024,1.0,144290,193.0,191.0,191.0,154.25,2.0,0.3864,0.23864,black_bar,truncated,,,,0.944,0.97,1,
casent0121525,Camponotus,formicinae,Camponotus themistocles,Michele Esposito,gbif_cache,,"California Academy of Sciences, 2000-2019",test,d,data/images/Camponotus/casent0121525_d.jpg,False,2000.0,2019.0,74e98839a5e8ce9691d272e0c594e0102421d1c134679685a8eaa75cd2e5fa23,https://api.gbif.org/v1/image/cache/1024x1024/occurrence/865127866/media/a3933ee35f0cedfbc94c558631633d7a,,gbif_cache,False,1024,1024,1.0,210520,109.0,105.0,102.0,107.51,7.0,0.14856,0.20169,none,not_found,,,,,,0,
casent0125609,Technomyrmex,dolichoderinae,Technomyrmex vitiensis,April Nobile,commons,,"California Academy of Sciences, 2000-2008",train,p,data/images/Technomyrmex/casent0125609_p.jpg,False,2000.0,2008.0,4872438e48705b027c1104e6425a8517e36d189cba80c416a7e528d9f26b5ef3,https://upload.wikimedia.org/wikipedia/commons/d/d6/Technomyrmex_vitiensis_casent0125609_profile_1.jpg,"harvester downscale, byte-identical",commons_original,False,1024,771,1.3281,153340,212.0,213.0,210.0,202.68,2.0,0.17429,0.03494,black_bar,found,181.0,0.1768,4.0,0.891,0.92,1,
casent0128362,Royidris,myrmicinae,Royidris singularis,Michele Esposito,gbif_cache,Holotype,"California Academy of Sciences, 2000-2012",test,p,data/images/Royidris/casent0128362_p.jpg,True,2000.0,2012.0,32b2cc40b2e6f7c8935f0cbea695430dd32f9edbcaef1ba78c6d581e1027eb76,https://api.gbif.org/v1/image/cache/1024x1024/occurrence/865133051/media/f7a7d92c62ac83834b7757486aa1a1ea,,gbif_cache,False,1024,1024,1.0,97214,150.0,151.0,149.0,144.3,1.0,0.05479,0.0273,black_bar,truncated,,,,0.934,0.923,1,
casent0128740,Technomyrmex,dolichoderinae,Technomyrmex madecassus,April Nobile,commons,,"California Academy of Sciences, 2000-2008",train,p,data/images/Technomyrmex/casent0128740_p.jpg,False,2000.0,2008.0,8a523fdb1a0ed475ad14e2d3e40ffefbe2998205e5acddb58ecabdbdb45bc902,https://upload.wikimedia.org/wikipedia/commons/7/7f/Technomyrmex_madecassus_casent0128740_profile_1.jpg,"harvester downscale, byte-identical",commons_original,False,1024,746,1.3727,160501,212.0,213.0,208.0,204.11,4.0,0.04587,0.00361,black_bar,found,166.0,0.1621,4.0,0.897,0.917,1,
casent0128782,Tapinoma,dolichoderinae,Tapinoma pallipes,April Nobile,commons,,"California Academy of Sciences, 2000-2008",train,p,data/images/Tapinoma/casent0128782_p.jpg,False,2000.0,2008.0,3404491d8008cd74c4eb7de04b289c67d1866c36d759ca6fcadc314a0e632fb7,https://upload.wikimedia.org/wikipedia/commons/e/e0/Technomyrmex_pallipes_casent0128782_profile_1.jpg,"harvester downscale, byte-identical",commons_original,False,1024,737,1.3894,149346,217.0,217.0,215.0,189.67,2.0,0.18859,0.02528,black_bar,found,203.0,0.1982,4.0,0.88,0.916,1,
casent0136347,Cataulacus,myrmicinae,Cataulacus oberthueri,Erin Prado,commons,,"California Academy of Sciences, 2000-2008",train,p,data/images/Cataulacus/casent0136347_p.jpg,False,2000.0,2008.0,92f2eaa402cb2c458e37b74dba88a1da0f75dd913ac2f0ed7c0573c035b0d551,https://upload.wikimedia.org/wikipedia/commons/d/db/Cataulacus_oberthueri_casent0136347_profile_1.jpg,"harvester downscale, byte-identical",commons_original,False,898,808,1.1114,160423,235.0,236.0,235.0,229.78,0.0,0.34834,0.08536,black_bar,found,121.0,0.1347,4.0,0.889,0.932,1,
casent0136420,Tetraponera,pseudomyrmecinae,,April Nobile,commons,,"California Academy of Sciences, 2000-2008",train,p,data/images/Tetraponera/casent0136420_p.jpg,False,2000.0,2008.0,b3eab923ad3c5f2ab07bef6f3d6ef4dd6645193da23a79e0f65adbdd70ab5646,https://upload.wikimedia.org/wikipedia/commons/7/7b/Tetraponera_phragmotica_casent0136420_profile_1.jpg,"harvester downscale, byte-identical",commons_original,False,1024,694,1.4755,142562,212.0,213.0,212.0,205.13,0.0,0.24409,0.04983,black_bar,found,208.0,0.2031,4.0,0.878,0.924,1,
casent0136493,Mystrium,amblyoponinae,Mystrium oberthueri,Erin Prado,commons,,"California Academy of Sciences, 2000-2008",train,p,data/images/Mystrium/casent0136493_p.jpg,False,2000.0,2008.0,30573ec33bb9adcbf13d185e1321434fce4a600cf3ab3e3b709c1921c2a7dc01,https://upload.wikimedia.org/wikipedia/commons/6/61/Mystrium_oberthueri_casent0136493_profile_1.jpg,"harvester downscale, byte-identical",commons_original,False,1024,609,1.6814,140944,233.0,230.0,227.0,225.77,6.0,0.19685,0.03492,black_bar,found,97.0,0.0947,4.0,0.917,0.908,1,
casent0136912,Tetraponera,pseudomyrmecinae,,April Nobile,commons,,"California Academy of Sciences, 2000-2008",train,p,data/images/Tetraponera/casent0136912_p.jpg,False,2000.0,2008.0,ce8a24cc19bdb67cbba152303a139705c884767d13cfaa25d82974b6cfbe4dbc,https://upload.wikimedia.org/wikipedia/commons/2/28/Tetraponera_phragmotica_casent0136912_profile_1.jpg,"harvester downscale, byte-identical",commons_original,False,1024,725,1.4124,133904,221.0,220.0,219.0,213.51,2.0,0.16796,0.02595,black_bar,found,213.0,0.208,4.0,0.875,0.923,1,
casent0140925,Crematogaster,myrmicinae,Crematogaster malala,Bonnie Blaimer,gbif_cache,Holotype,"California Academy of Sciences, 2000-2010",train,p,data/images/Crematogaster/casent0140925_p.jpg,True,2000.0,2010.0,13486d6b59e507c1b1971876a5c3021be5a0f12452eb78aa5750f51a47dc9fab,https://api.gbif.org/v1/image/cache/1024x1024/occurrence/865140602/media/d7773ae8e253483c60cc9871475772b2,,gbif_cache,False,1024,1024,1.0,158919,232.0,234.0,234.0,214.95,-2.0,0.19678,0.07407,black_bar,truncated,,,,0.91,0.92,1,
casent0141843,Mystrium,amblyoponinae,Mystrium voeltzkowi,Erin Prado,commons,,"California Academy of Sciences, 2000-2008",train,p,data/images/Mystrium/casent0141843_p.jpg,False,2000.0,2008.0,37c2ba78e1739e4ee72c44a6e309b028da11ba99f2235609561e00c79a85db3e,https://upload.wikimedia.org/wikipedia/commons/1/15/Mystrium_oberthueri_casent0141843_profile_1.jpg,"harvester downscale, byte-identical",commons_original,False,1024,789,1.2978,203354,229.0,230.0,230.0,210.82,-1.0,0.32344,0.04448,black_bar,found,254.0,0.248,4.0,0.825,0.909,1,
casent0145284,Camponotus,formicinae,Camponotus tendryi,Michele Esposito,gbif_cache,Holotype,"California Academy of Sciences, 2000-2019",train,p,data/images/Camponotus/casent0145284_p.jpg,True,2000.0,2019.0,517e6d4691f8b1c75bd9f654f9dc62dd6663982286ae4913ed66b1f97f497632,https://api.gbif.org/v1/image/cache/1024x1024/occurrence/865143445/media/a336f30a099c3f9b0062e153facc8c58,,gbif_cache,False,1024,1024,1.0,99808,138.0,138.0,138.0,134.6,0.0,0.03805,0.02134,black_bar,found,168.0,0.1641,9.0,0.852,0.969,1,
casent0148842,Monomorium,myrmicinae,Monomorium exiguum,Erin Prado,gbif_cache,,"California Academy of Sciences, 2000-2010",train,p,data/images/Monomorium/casent0148842_p.jpg,False,2000.0,2010.0,ae133ce53c1f08bfc77458f2a291663196379f19133ecf025669ccdba33ce9d8,https://api.gbif.org/v1/image/cache/1024x1024/occurrence/865145828/media/f15b4ec602442171577c9ec52389a274,,gbif_cache,False,1024,1024,1.0,88406,209.0,197.0,191.0,191.8,18.0,0.14837,0.07669,black_bar,truncated,,,,0.95,0.962,1,
casent0150215,Camponotus,formicinae,Camponotus hova,Michele Esposito,gbif_cache,,"California Academy of Sciences, 2000-2019",train,p,data/images/Camponotus/casent0150215_p.jpg,False,2000.0,2019.0,480a6805b6176fe64e87f5e8b3ced753de825c476e6565b8ffc2223b4387d631,https://api.gbif.org/v1/image/cache/1024x1024/occurrence/865146841/media/397fb74d638015669220c06086d16d4a,,gbif_cache,False,1024,1024,1.0,115392,117.0,117.0,116.0,109.51,1.0,0.0685,0.07304,black_bar,truncated,,,,0.938,0.968,1,
casent0153610,Tetramorium,myrmicinae,Tetramorium cognatum,Estella Ortega,gbif_cache,,"California Academy of Sciences, 2000-2010",train,p,data/images/Tetramorium/casent0153610_p.jpg,False,2000.0,2010.0,aad21fd251ce9ba2c0b54c96c1d16c4afe3b85aa65dfd7496501718824f8c017,https://api.gbif.org/v1/image/cache/1024x1024/occurrence/865148753/media/2bf26fc028f1583e24be6c6bf5a7c568,,gbif_cache,False,1024,1024,1.0,122834,182.0,180.0,181.0,161.59,1.0,0.18564,0.09424,black_bar,truncated,,,,0.867,0.961,1,
casent0161442,Pheidole,myrmicinae,Pheidole mantadioflava,Michele Esposito,gbif_cache,,"California Academy of Sciences, 2000-2012",test,p,data/images/Pheidole/casent0161442_p.jpg,False,2000.0,2012.0,75abe81ce2ee7da082aab782c89626fca46ee1d6c31a997606d5880068a94412,https://api.gbif.org/v1/image/cache/1024x1024/occurrence/865152647/media/1124f6a635df7deb5d9e358874f2ab47,,gbif_cache,False,1024,1024,1.0,122900,146.0,146.0,148.0,142.95,-2.0,0.07428,0.0416,black_bar,found,136.0,0.1328,10.0,0.901,0.942,1,
casent0163357,Tetramorium,myrmicinae,,Estella Ortega,gbif_cache,,"California Academy of Sciences, 2000-2010",train,p,data/images/Tetramorium/casent0163357_p.jpg,False,2000.0,2010.0,23c33d6476af57534a384af4608f1165889d72ada4f65227c55641e78dba7d5d,https://api.gbif.org/v1/image/cache/1024x1024/occurrence/865154986/media/e28a9bc539d2b4daa0b489d4c2c32755,,gbif_cache,False,1024,1024,1.0,145422,157.0,145.0,131.0,136.46,26.0,0.23232,0.13797,black_bar,truncated,,,,0.896,0.929,1,
casent0164205,Pachycondyla,ponerinae,,Erin Prado,gbif_cache,,"California Academy of Sciences, 2000-2010",train,p,data/images/Pachycondyla/casent0164205_p.jpg,False,2000.0,2010.0,190f75b7d97aca476cdd2c82464d292e0beacf3b2379ac960e6ab699265fb2a6,https://api.gbif.org/v1/image/cache/1024x1024/occurrence/865154556/media/374d653fb8255aad48d5005e72332755,,gbif_cache,False,1024,1024,1.0,187992,210.0,213.0,203.0,181.44,7.0,0.32707,0.10681,black_bar,truncated,,,,0.913,0.925,1,
casent0172602,Mystrium,amblyoponinae,Mystrium rogeri,April Nobile,commons,,"California Academy of Sciences, 2000-2008",train,p,data/images/Mystrium/casent0172602_p.jpg,False,2000.0,2008.0,6126388e8d3de603ebb6fc6a4746c758c348feb0fed9b8152c4d1449242d1cec,https://upload.wikimedia.org/wikipedia/commons/5/5c/Mystrium_rogeri_casent0172602_profile_1.jpg,"harvester downscale, byte-identical",commons_original,False,1024,521,1.9655,106555,221.0,221.0,222.0,217.26,-1.0,0.13121,0.01648,black_bar,found,183.0,0.1787,4.0,0.866,0.898,1,
casent0172819,Crematogaster,myrmicinae,Crematogaster dentata,April Nobile,commons,,"California Academy of Sciences, 2000-2007",train,p,data/images/Crematogaster/casent0172819_p.jpg,False,2000.0,2007.0,962207339c98253f1bf18ccfe03fc20a0100206073dc7de7b25b0cc387b9f377,https://upload.wikimedia.org/wikipedia/commons/7/76/Crematogaster_sewellii_casent0172819_profile_1.jpg,"harvester downscale, byte-identical",commons_original,False,1024,771,1.3281,180215,212.0,212.0,211.0,213.85,1.0,0.18513,0.02767,black_bar,found,166.0,0.1621,3.0,0.849,0.927,1,
casent0172822,Crematogaster,myrmicinae,Crematogaster schencki,April Nobile,commons,,"California Academy of Sciences, 2000-2008",train,p,data/images/Crematogaster/casent0172822_p.jpg,False,2000.0,2008.0,2113a5d28da0b26436230a3ed20c05d9e7a56b327ed089bf9d110161a3112f71,https://upload.wikimedia.org/wikipedia/commons/0/06/Crematogaster_schencki_casent0172822_profile_1.jpg,"harvester downscale, byte-identical",commons_original,False,1024,725,1.4124,168955,222.0,222.0,221.0,216.34,1.0,0.21375,0.04787,black_bar,found,151.0,0.1475,4.0,0.727,0.917,1,
casent0172826,Terataner,myrmicinae,Terataner steinheili,April Nobile,commons,,"California Academy of Sciences, 2000-2008",test,p,data/images/Terataner/casent0172826_p.jpg,False,2000.0,2008.0,efc79606c32e6d63f5e31c8bb1fc68fe0a235d4f6c6cfb158549844c43ca9289,https://upload.wikimedia.org/wikipedia/commons/3/33/Terataner_steinheili_casent0172826_profile_1.jpg,"harvester downscale, byte-identical",commons_original,False,1024,771,1.3281,199962,210.0,211.0,208.0,201.68,2.0,0.31658,0.11973,black_bar,found,208.0,0.2031,4.0,0.878,0.92,1,
casent0172827,Terataner,myrmicinae,Terataner steinheili,April Nobile,commons,,"California Academy of Sciences, 2000-2008",train,p,data/images/Terataner/casent0172827_p.jpg,False,2000.0,2008.0,f65a9ee61c72ecea68c28eb1d0ec03e3bd595c1d75ca11be480aceca323265dd,https://upload.wikimedia.org/wikipedia/commons/9/9c/Terataner_steinheili_casent0172827_profile_1.jpg,"harvester downscale, byte-identical",commons_original,False,1024,771,1.3281,184924,214.0,215.0,212.0,206.8,2.0,0.29727,0.08308,black_bar,found,181.0,0.1768,4.0,0.867,0.917,1,
casent0172829,Tetramorium,myrmicinae,Tetramorium isectum,April Nobile,commons,Holotype,"California Academy of Sciences, 2000-2008",test,p,data/images/Tetramorium/casent0172829_p.jpg,True,2000.0,2008.0,973a4edbdcd53070d9af046611f69e54eb1af8d6d086dc2e6239762ba1ad6a54,https://upload.wikimedia.org/wikipedia/commons/5/5a/Tetramorium_isectum_casent0172829_profile_1.jpg,"harvester downscale, byte-identical",commons_original,False,1024,771,1.3281,182282,232.0,233.0,231.0,232.63,1.0,0.1097,0.0072,black_bar,found,147.0,0.1436,4.0,0.902,0.931,1,
casent0172830,Tetramorium,myrmicinae,Tetramorium ibycterum,April Nobile,commons,Holotype,"California Academy of Sciences, 2000-2008",train,p,data/images/Tetramorium/casent0172830_p.jpg,True,2000.0,2008.0,f3a8a61a9df3c6630deb95f08ea74b493b1e15d89dc0275a3b7dc9a6a0e519c2,https://upload.wikimedia.org/wikipedia/commons/a/a9/Tetramorium_ibycterum_casent0172830_profile_1.jpg,"harvester downscale, byte-identical",commons_original,False,1024,777,1.3179,189028,203.0,206.0,199.0,205.75,4.0,0.0681,0.00612,black_bar,found,236.0,0.2305,4.0,0.67,0.892,1,
casent0172831,Tetramorium,myrmicinae,Tetramorium plesiarum,April Nobile,commons,Holotype,"California Academy of Sciences, 2000-2008",test,p,data/images/Tetramorium/casent0172831_p.jpg,True,2000.0,2008.0,1cc843d914a92aedfc92fc1654a6db1a1b0b6d853cb1f9dc4984925ce50d8fa8,https://upload.wikimedia.org/wikipedia/commons/d/d4/Tetramorium_plesiarum_casent0172831_profile_1.jpg,"harvester downscale, byte-identical",commons_original,False,1024,779,1.3145,195714,214.0,218.0,216.0,215.65,-2.0,0.15762,0.01698,black_bar,found,206.0,0.2012,4.0,0.478,0.922,1,
casent0172864,Syllophopsis,myrmicinae,Syllophopsis adiastolon,April Nobile,commons,Holotype,"California Academy of Sciences, 2000-2008",train,p,data/images/Syllophopsis/casent0172864_p.jpg,True,2000.0,2008.0,673c476bc375ea6094e2fd8cbc19fc8bdef0f0a77f94888856e57106b55d94f3,https://upload.wikimedia.org/wikipedia/commons/3/3c/Syllophopsis_adiastolon_casent0172864_profile_1.jpg,"harvester downscale, byte-identical",commons_original,False,1024,771,1.3281,186329,200.0,203.0,199.0,203.47,1.0,0.01721,0.00235,black_bar,found,181.0,0.1768,4.0,0.891,0.92,1,
casent0172919,Syllophopsis,myrmicinae,,April Nobile,commons,Holotype,"California Academy of Sciences, 2000-2008",test,p,data/images/Syllophopsis/casent0172919_p.jpg,True,2000.0,2008.0,e4cb095a2ea8e8dd0b8c54f93d605039e933115e054268ac58e0be13d732c34a,https://upload.wikimedia.org/wikipedia/commons/4/4d/Syllophopsis_aureorugosa_casent0172919_profile_1.jpg,"harvester downscale, byte-identical",commons_original,False,1024,771,1.3281,193060,192.0,191.0,185.0,189.9,7.0,0.04282,0.00448,black_bar,found,234.0,0.2285,4.0,0.864,0.92,1,
casent0173078,Lioponera,dorylinae,,April Nobile,commons,,"California Academy of Sciences, 2000-2008",train,p,data/images/Lioponera/casent0173078_p.jpg,False,2000.0,2008.0,06b66adb00ed95f0c7734f62a9ba539633f09e2cf66bc940514fca71a082c64f,https://upload.wikimedia.org/wikipedia/commons/b/bc/Cerapachys_mayri_casent0173078_profile_1.jpg,"harvester downscale, byte-identical",commons_original,False,1017,808,1.2587,216522,210.0,210.0,209.0,207.88,1.0,0.19839,0.0517,black_bar,found,218.0,0.2144,4.0,0.532,0.936,1,
casent0173211,Crematogaster,myrmicinae,Crematogaster madecassa,April Nobile,commons,,"California Academy of Sciences, 2000-2008",train,p,data/images/Crematogaster/casent0173211_p.jpg,False,2000.0,2008.0,071760814ee3b077511b2fc66753172731af6c5a4628ee833b62c53d88ef523d,https://upload.wikimedia.org/wikipedia/commons/0/05/Crematogaster_madecassa_casent0173211_profile_1.jpg,"harvester downscale, byte-identical",commons_original,False,1024,767,1.3351,159031,186.0,178.0,169.0,184.54,17.0,0.00435,0.0027,black_bar,found,234.0,0.2285,5.0,0.857,0.929,1,
casent0173312,Pheidole,myrmicinae,Pheidole spinosa,April Nobile,commons,,"California Academy of Sciences, 2000-2008",train,p,data/images/Pheidole/casent0173312_p.jpg,False,2000.0,2008.0,2ae1ffcdfecee02ff073981bf5ce4b24ea51a2a1187df290ddaaa65eca264c4d,https://upload.wikimedia.org/wikipedia/commons/f/fb/Pheidole_punctulata_casent0173312_profile_1.jpg,"Commons server thumbnail, byte-identical",commons_thumbnail,True,1280,794,1.6121,221322,219.0,219.0,217.0,212.96,2.0,0.13638,0.01289,black_bar,found,293.0,0.2289,6.0,0.872,0.916,1,
casent0173547,Monomorium,myrmicinae,Monomorium bifidoclypeatum,April Nobile,commons,Holotype,"California Academy of Sciences, 2000-2008",train,p,data/images/Monomorium/casent0173547_p.jpg,True,2000.0,2008.0,ef77cbf5c1c88808b7f1dcafbd3860d648c0c47089f851ae7b05750ef456cf56,https://upload.wikimedia.org/wikipedia/commons/d/dd/Monomorium_bifidoclypeatum_casent0173547_profile_1.jpg,"harvester downscale, byte-identical",commons_original,False,1024,755,1.3563,166604,190.0,192.0,186.0,183.61,4.0,0.04123,0.0024,black_bar,found,120.0,0.1172,4.0,0.8,0.934,1,
casent0173584,Monomorium,myrmicinae,Monomorium cryptobium,April Nobile,commons,,"California Academy of Sciences, 2000-2008",train,p,data/images/Monomorium/casent0173584_p.jpg,False,2000.0,2008.0,d9779d09253a5b0fcf6e6dc32616526e4d459bdff3016bf9c249ff91ae4823ef,https://upload.wikimedia.org/wikipedia/commons/f/f3/Syllophopsis_cryptobia_casent0173584_profile_1.jpg,"harvester downscale, byte-identical",commons_original,False,1024,683,1.4993,153471,180.0,179.0,178.0,171.65,2.0,0.00296,0.00193,black_bar,found,134.0,0.1309,4.0,0.914,0.909,1,
casent0173588,Syllophopsis,myrmicinae,Syllophopsis ferodens,April Nobile,commons,Holotype,"California Academy of Sciences, 2000-2008",train,p,data/images/Syllophopsis/casent0173588_p.jpg,True,2000.0,2008.0,49faf1ccd7d560bfc71b5c501fd23de35f96a8ff0fdaaa2664a3b2e8f84d08c3,https://upload.wikimedia.org/wikipedia/commons/8/82/Monomorium_ferodens_casent0173588_profile_1.jpg,"harvester downscale, byte-identical",commons_original,False,1024,802,1.2768,174985,169.0,167.0,160.0,157.47,9.0,0.00277,0.00225,black_bar,found,239.0,0.2334,5.0,0.849,0.93,1,
casent0173589,Monomorium,myrmicinae,Monomorium bifidoclypeatum,April Nobile,commons,,"California Academy of Sciences, 2000-2008",train,p,data/images/Monomorium/casent0173589_p.jpg,False,2000.0,2008.0,33d656c717a16d2d4127c158b1a3759fcad9114875a2af56ec052e3746451149,https://upload.wikimedia.org/wikipedia/commons/0/0f/Monomorium_bifidoclypeatum_casent0173589_profile_1.jpg,"harvester downscale, byte-identical",commons_original,False,1024,771,1.3281,165532,182.0,184.0,179.0,183.94,3.0,0.00286,0.00169,black_bar,found,117.0,0.1143,4.0,0.917,0.926,1,
casent0173590,Syllophopsis,myrmicinae,Syllophopsis gongromos,April Nobile,commons,Holotype,"California Academy of Sciences, 2000-2008",train,p,data/images/Syllophopsis/casent0173590_p.jpg,True,2000.0,2008.0,6df44f07d5a0a5f62ce265c9aee3cf2db6728a0dc26306fcd4e16f79fcd2a76b,https://upload.wikimedia.org/wikipedia/commons/d/d6/Syllophopsis_gongromos_casent0173590_profile_1.jpg,"harvester downscale, byte-identical",commons_original,False,1024,705,1.4525,155067,192.0,193.0,188.0,198.02,4.0,0.04644,0.00833,black_bar,found,233.0,0.2275,4.0,0.868,0.898,1,
casent0173591,Syllophopsis,myrmicinae,Syllophopsis infusca,April Nobile,commons,Holotype,"California Academy of Sciences, 2000-2008",test,p,data/images/Syllophopsis/casent0173591_p.jpg,True,2000.0,2008.0,2a8c2f16e1fae355778dfe788b565dc7c2995bbd37b289c491d43d4220659471,https://upload.wikimedia.org/wikipedia/commons/6/66/Syllophopsis_infusca_casent0173591_profile_1.jpg,"harvester downscale, byte-identical",commons_original,False,1024,790,1.2962,161066,218.0,218.0,217.0,211.68,1.0,0.18834,0.03752,black_bar,found,213.0,0.208,4.0,0.875,0.925,1,
casent0173593,Monomorium,myrmicinae,Monomorium bifidoclypeatum,April Nobile,commons,,"California Academy of Sciences, 2000-2008",train,p,data/images/Monomorium/casent0173593_p.jpg,False,2000.0,2008.0,379b610f3082e458e135274316a18fffdba0594ffc853b28958a2a66b5d49040,https://upload.wikimedia.org/wikipedia/commons/a/ae/Monomorium_bifidoclypeatum_casent0173593_profile_1.jpg,"harvester downscale, byte-identical",commons_original,False,1024,739,1.3857,164645,183.0,181.0,179.0,187.8,4.0,0.00609,0.00208,black_bar,found,112.0,0.1094,5.0,0.91,0.919,1,
casent0173599,Monomorium,myrmicinae,Monomorium micrommaton,April Nobile,commons,Holotype,"California Academy of Sciences, 2000-2008",train,p,data/images/Monomorium/casent0173599_p.jpg,True,2000.0,2008.0,910964d69fddc945abba47b4641c6fe92dc8629125be902eb0eed753365d71f1,https://upload.wikimedia.org/wikipedia/commons/7/75/Monomorium_micrommaton_casent0173599_profile_1.jpg,"harvester downscale, byte-identical",commons_original,False,1024,771,1.3281,160246,164.0,166.0,167.0,180.35,-3.0,0.0023,0.0018,black_bar,found,148.0,0.1445,4.0,0.906,0.92,1,
casent0178196,Aphaenogaster,myrmicinae,Aphaenogaster swammerdami,April Nobile,commons,,"California Academy of Sciences, 2000-2008",train,p,data/images/Aphaenogaster/casent0178196_p.jpg,False,2000.0,2008.0,29719427237fc5e6881abe2c02ef93164e0d690cf33b0ddbcf721bc34c32036e,https://upload.wikimedia.org/wikipedia/commons/e/e4/Aphaenogaster_swammerdami_casent0178196_profile_1.jpg,"harvester downscale, byte-identical",commons_original,False,1024,771,1.3281,201609,215.0,214.0,214.0,199.38,1.0,0.34408,0.088,black_bar,found,139.0,0.1357,5.0,0.897,0.945,1,
casent0178903,Cataulacus,myrmicinae,Cataulacus intrudens,Erin Prado,commons,,"California Academy of Sciences, 2000-2008",train,p,data/images/Cataulacus/casent0178903_p.jpg,False,2000.0,2008.0,a8e078e7cf80b4934f73a80d60f99b77637a195b13a713ff01f3c105276f016e,https://upload.wikimedia.org/wikipedia/commons/a/ad/Cataulacus_intrudens_casent0178903_profile_1.jpg,"harvester downscale, byte-identical",commons_original,False,1024,739,1.3857,173294,223.0,224.0,224.0,217.75,-1.0,0.32639,0.10464,black_bar,found,211.0,0.2061,4.0,0.87,0.924,1,
casent0179448,Camponotus,formicinae,Camponotus becki,Erin Prado,gbif_cache,,"California Academy of Sciences, 2000-2010",test,p,data/images/Camponotus/casent0179448_p.jpg,False,2000.0,2010.0,9000a423a1000b7ec4dcbebf8b352832cbb57012bbd80139963bb9f1c5c9da79,https://api.gbif.org/v1/image/cache/1024x1024/occurrence/865163468/media/80198975cb7c72d09ba66b13907f4cfb,,gbif_cache,False,1024,1024,1.0,157470,219.0,222.0,208.0,196.78,11.0,0.25734,0.05395,black_bar,truncated,,,,0.967,0.922,1,
casent0189276,Nesomyrmex,myrmicinae,Nesomyrmex flavus,Erin Prado,commons,,"California Academy of Sciences, 2000-2008",train,p,data/images/Nesomyrmex/casent0189276_p.jpg,False,2000.0,2008.0,cded2823d0623a75cfd9c32a2e62c2ac74af7066a97106c7b940540f6d1132aa,https://upload.wikimedia.org/wikipedia/commons/b/ba/Nesomyrmex_madecassus_casent0189276_profile_1.jpg,"harvester downscale, byte-identical",commons_original,False,1024,708,1.4463,175567,202.0,199.0,187.0,183.8,15.0,0.03054,0.00306,black_bar,found,199.0,0.1943,6.0,0.877,0.908,1,
casent0189277,Nesomyrmex,myrmicinae,Nesomyrmex sikorai,Erin Prado,commons,,"California Academy of Sciences, 2000-2008",train,p,data/images/Nesomyrmex/casent0189277_p.jpg,False,2000.0,2008.0,ea8eb7fdbe5db34ded96c01fbdd080be542a55467566e6252584973efa83d0a0,https://upload.wikimedia.org/wikipedia/commons/b/bc/Nesomyrmex_sikorai_casent0189277_profile_1.jpg,"harvester downscale, byte-identical",commons_original,False,1024,786,1.3028,179809,211.0,212.0,203.0,203.52,8.0,0.21162,0.06994,black_bar,found,170.0,0.166,4.0,0.891,0.924,1,
casent0192117,Camponotus,formicinae,Camponotus dufouri,Michele Esposito,gbif_cache,,"California Academy of Sciences, 2000-2012",train,p,data/images/Camponotus/casent0192117_p.jpg,False,2000.0,2012.0,8771a2e55a3bba102918f2c4d3a1c9f0062bf0c092dc4aff72ad86887cffbd07,https://api.gbif.org/v1/image/cache/1024x1024/occurrence/865173604/media/8bc256570ac60ce54f23e4edaa95e606,,gbif_cache,False,1024,1024,1.0,141414,118.0,93.0,65.0,108.8,53.0,0.19493,0.31642,none,not_found,,,,,,0,
casent0193045,Crematogaster,myrmicinae,Crematogaster lobata,Bonnie Blaimer,gbif_cache,,"California Academy of Sciences, 2000-2010",train,d,data/images/Crematogaster/casent0193045_d.jpg,False,2000.0,2010.0,4fe658dadc874a2c5aadbef2d89267218061f80f6f8a9d22d36cfd0403bbf5d0,https://api.gbif.org/v1/image/cache/1024x1024/occurrence/865174302/media/031c32d84f2abffb004957d93f5bee15,,gbif_cache,False,1024,1024,1.0,106186,53.0,28.0,17.0,67.46,36.0,0.17722,0.53783,black_bar,truncated,,,,0.096,0.909,1,
casent0195294,Camponotus,formicinae,Camponotus repens,Michele Esposito,gbif_cache,,"California Academy of Sciences, 2000-2012",train,p,data/images/Camponotus/casent0195294_p.jpg,False,2000.0,2012.0,740c7ec28e144f486d23729faf5ca89e398b6fde1a801458f9d912075c6ef236,https://api.gbif.org/v1/image/cache/1024x1024/occurrence/865175556/media/492ebbedd3dbc01b73bd4cb209f2e34e,,gbif_cache,False,1024,1024,1.0,115711,144.0,144.0,146.0,139.99,-2.0,0.11477,0.08417,none,not_found,,,,,,0,
casent0198009,Pheidole,myrmicinae,Pheidole maro,Shannon Hartman,gbif_cache,,"California Academy of Sciences, 2000-2010",train,p,data/images/Pheidole/casent0198009_p.jpg,False,2000.0,2010.0,4cbaa26f3ffcc51c4313f586ebf62a902ab24873843df1a9f313f5e0ae9ca3b8,https://api.gbif.org/v1/image/cache/1024x1024/occurrence/865176318/media/2e354fd5e2fca69b235f48bc6a8d83e4,,gbif_cache,False,1024,1024,1.0,132473,157.0,154.0,160.0,144.46,-3.0,0.13041,0.05841,none,not_found,,,,,,0,
casent0209055,Camponotus,formicinae,Camponotus imitator,Nicole Rasoamanana,gbif_cache,,"California Academy of Sciences, 2000-2012",train,p,data/images/Camponotus/casent0209055_p.jpg,False,2000.0,2012.0,fc05b94712cfd3971ef31697431e009c1608ea218d8435f09ef8abc9f0b0fb57,https://api.gbif.org/v1/image/cache/1024x1024/occurrence/865179373/media/8c0145bfe9ec8d6eaa95786ebfa8282c,,gbif_cache,False,1024,1024,1.0,212180,223.0,220.0,234.0,201.56,-11.0,0.15766,0.08219,black_bar,truncated,,,,0.902,0.966,1,
casent0217757,Tetramorium,myrmicinae,Tetramorium cognatum,Estella Ortega,gbif_cache,,"California Academy of Sciences, 2000-2010",test,p,data/images/Tetramorium/casent0217757_p.jpg,False,2000.0,2010.0,c155c37e488ef95333db4993f4d7f5cb18c5088d158266e42b5db7f1842479ee,https://api.gbif.org/v1/image/cache/1024x1024/occurrence/865182645/media/8e834769071ee41169cb2e10d0f5d783,,gbif_cache,False,1024,1024,1.0,134627,155.0,151.0,152.0,150.1,3.0,0.23072,0.11106,black_bar,truncated,,,,0.938,0.959,1,
casent0230800,Pheidole,myrmicinae,Pheidole flavodepressa,Michele Esposito,gbif_cache,Paratype,"California Academy of Sciences, 2000-2019",train,p,data/images/Pheidole/casent0230800_p.jpg,True,2000.0,2019.0,cf9f16bc84812547c762901de3d8dbe8f6b3c868e4c16037e9ffa12162eb797c,https://api.gbif.org/v1/image/cache/1024x1024/occurrence/865186641/media/a973d9b3b4bfb47ad7413549462e149e,,gbif_cache,False,1024,1024,1.0,77703,122.0,120.0,121.0,130.45,1.0,0.00466,0.00457,black_bar,truncated,,,,0.904,0.962,1,
casent0235036,Pheidole,myrmicinae,Pheidole tenebrovulgaris,Michele Esposito,gbif_cache,Paratype,"California Academy of Sciences, 2000-2019",train,p,data/images/Pheidole/casent0235036_p.jpg,True,2000.0,2019.0,8d5df220e69e8c63026f20da8bf730434c98a983b3856bc17c374f590c0c47ad,https://api.gbif.org/v1/image/cache/1024x1024/occurrence/865189428/media/7e1727c3f829696f1e497dee205d3714,,gbif_cache,False,1024,1024,1.0,110607,124.0,119.0,118.0,126.6,6.0,0.063,0.06109,black_bar,truncated,,,,0.906,0.945,1,
casent0274442,Syllophopsis,myrmicinae,Syllophopsis fisheri,Michele Esposito,gbif_cache,,"California Academy of Sciences, 2000-2012",train,d,data/images/Syllophopsis/casent0274442_d.jpg,False,2000.0,2012.0,86daf68e3d7c7d0f72daaee6e576229fe9a973a009ce5bd43e7c69ce318b1621,https://api.gbif.org/v1/image/cache/1024x1024/occurrence/865203684/media/035a005cc285991e2546167065056231,,gbif_cache,False,1024,1024,1.0,100849,131.0,132.0,133.0,130.8,-2.0,0.15473,0.11381,none,not_found,,,,,,0,
casent0274827,Cataulacus,myrmicinae,Cataulacus porcatus,Michele Esposito,gbif_cache,,"California Academy of Sciences, 2000-2012",train,p,data/images/Cataulacus/casent0274827_p.jpg,False,2000.0,2012.0,cf7ac59efd36b6c8857c87eda92bbbeb3101a02702f962e9be0ea2041f21c261,https://api.gbif.org/v1/image/cache/1024x1024/occurrence/865204005/media/f98f118eba49cb9c199bc9c670efa4e1,,gbif_cache,False,1024,1024,1.0,198823,95.0,88.0,86.0,95.57,9.0,0.2174,0.30292,none,not_found,,,,,,0,
casent0291293,Syllophopsis,myrmicinae,,Michele Esposito,gbif_cache,,"California Academy of Sciences, 2000-2012",train,p,data/images/Syllophopsis/casent0291293_p.jpg,False,2000.0,2012.0,f0d1789278d8ff37b8265984ea4b905d1a3c7b92a2f5ebf0716e301c8db19832,https://api.gbif.org/v1/image/cache/1024x1024/occurrence/865208020/media/d08a13b41911e3972b2912ff6236fb1e,,gbif_cache,False,1024,1024,1.0,47988,155.0,154.0,156.0,157.53,-1.0,7e-05,0.0,none,not_found,,,,,,0,
casent0299307,Pheidole,myrmicinae,Pheidole maro,Michele Esposito,gbif_cache,Paratype,"California Academy of Sciences, 2000-2019",train,p,data/images/Pheidole/casent0299307_p.jpg,True,2000.0,2019.0,0eb2e9a40113b26b6b1c8408e92d6e6f029903d20d4484f4f9d66f246b36ffde,https://api.gbif.org/v1/image/cache/1024x1024/occurrence/2416978470/media/fbe768770da9c41ed20689879541714b,,gbif_cache,False,1024,1024,1.0,96524,128.0,128.0,132.0,136.78,-4.0,0.02709,0.01973,black_bar,found,136.0,0.1328,10.0,0.872,0.949,1,
casent0300018,Camponotus,formicinae,Camponotus vano,Michele Esposito,gbif_cache,,"California Academy of Sciences, 2000-2023",train,p,data/images/Camponotus/casent0300018_p.jpg,False,2000.0,2023.0,18d6a15727b6bd3983aa74eda01a8a75008ac1ea07753b8fe8ddf39cd763f5b2,https://api.gbif.org/v1/image/cache/1024x1024/occurrence/1213715136/media/8f05eb9c859a8d406f9c7e0513022cc9,,gbif_cache,False,1024,1024,1.0,107255,108.0,112.0,107.0,118.96,1.0,0.00233,0.00276,black_bar,truncated,,,,0.95,0.948,1,
casent0300904,Pachycondyla,ponerinae,Euponera sikorae,Michele Esposito,gbif_cache,,"California Academy of Sciences, 2000-2012",test,p,data/images/Pachycondyla/casent0300904_p.jpg,False,2000.0,2012.0,638a0fe8f965fbbb4c3915cba878376755229874c8136043b5cd8fd5feeb71da,https://api.gbif.org/v1/image/cache/1024x1024/occurrence/865208156/media/7a6ed4e46d44995465394abef061704f,,gbif_cache,False,1024,1024,1.0,146710,134.0,133.0,132.0,128.06,2.0,0.18327,0.16518,black_bar,truncated,,,,0.945,0.975,1,
casent0317397,Mystrium,amblyoponinae,Mystrium eques,Estella Ortega,gbif_cache,Paratype,"California Academy of Sciences, 2000-2012",test,p,data/images/Mystrium/casent0317397_p.jpg,True,2000.0,2012.0,4a79f1c86be5072866b72e7515f3b27f7697e4b39ef8c9664a481819e8d5b337,https://api.gbif.org/v1/image/cache/1024x1024/occurrence/865209011/media/f531d2ad58cf4e0602af6ee57c23c853,,gbif_cache,False,1024,1024,1.0,133927,163.0,168.0,166.0,159.61,-3.0,0.20882,0.07895,none,not_found,,,,,,0,
casent0317582,Mystrium,amblyoponinae,Mystrium mirror,Masashi Yoshimura,gbif_cache,,"California Academy of Sciences, 2000-2012",test,p,data/images/Mystrium/casent0317582_p.jpg,False,2000.0,2012.0,77d49d840e74fe299f9dfe0cf0a8f43e81d409d6831ea0f38b2592ace9a47b60,https://api.gbif.org/v1/image/cache/1024x1024/occurrence/865209597/media/01453c625f33222d1427a404cb81f803,,gbif_cache,False,1024,1024,1.0,103850,122.0,136.0,146.0,123.11,-24.0,0.15553,0.07927,black_bar,found,475.0,0.4639,11.0,0.583,0.929,1,
casent0317758,Crematogaster,myrmicinae,Crematogaster maina,Estella Ortega,gbif_cache,Holotype,"California Academy of Sciences, 2000-2012",train,p,data/images/Crematogaster/casent0317758_p.jpg,True,2000.0,2012.0,58c75220e04219bb9574c1be0bf355fa2faff8eeede2a0efba1dd8e94211681a,https://api.gbif.org/v1/image/cache/1024x1024/occurrence/865209356/media/804e5a64b206006388c4be14b4784a80,,gbif_cache,False,1024,1024,1.0,106753,120.0,120.0,113.0,116.43,7.0,0.15838,0.16378,none,not_found,,,,,,0,
casent0317759,Crematogaster,myrmicinae,Crematogaster maina,Estella Ortega,gbif_cache,,"California Academy of Sciences, 2000-2012",test,p,data/images/Crematogaster/casent0317759_p.jpg,False,2000.0,2012.0,daedd6bd378234e9577687dd14b3e68bd61903694b571e6de052e0d245feffe7,https://api.gbif.org/v1/image/cache/1024x1024/occurrence/865209375/media/9e1ca197013a029317b8badd636b6c65,,gbif_cache,False,1024,1024,1.0,105236,130.0,127.0,116.0,109.02,14.0,0.24591,0.23598,none,not_found,,,,,,0,
casent0318920,Mystrium,amblyoponinae,Mystrium shadow,Estella Ortega,gbif_cache,Paratype,"California Academy of Sciences, 2000-2012",train,p,data/images/Mystrium/casent0318920_p.jpg,True,2000.0,2012.0,f469ad869f73acc09dd4adb42e0f68873f88a3d16e3dc9db445d02ac9fb6066e,https://api.gbif.org/v1/image/cache/1024x1024/occurrence/865209854/media/7f4f4c5ca855d9dde7d2b0bcea32aeb8,,gbif_cache,False,1024,1024,1.0,153039,178.0,182.0,182.0,172.85,-4.0,0.29361,0.09923,none,not_found,,,,,,0,
casent0389498,Pachycondyla,ponerinae,Pachycondyla darwinii,Flavia Esteves,gbif_cache,,"California Academy of Sciences, 2000-2021",train,p,data/images/Pachycondyla/casent0389498_p.jpg,False,2000.0,2021.0,00d72df18dd606b7738179914acb35fd7a946c6a5585a14a94f49692f4812256,https://api.gbif.org/v1/image/cache/1024x1024/occurrence/1839280262/media/a652f00d491994329dc8e00e69a017c6,,gbif_cache,False,1024,1024,1.0,151426,140.0,140.0,140.0,128.38,0.0,0.14775,0.03518,none,not_found,,,,,,0,
casent0393113,Nesomyrmex,myrmicinae,Nesomyrmex flavus,Michele Esposito,gbif_cache,Holotype,"California Academy of Sciences, 2000-2012",train,p,data/images/Nesomyrmex/casent0393113_p.jpg,True,2000.0,2012.0,a29c22b901f7d112716e427765560077d05bebd05d5a2f600e6cc0ca3cec32f0,https://api.gbif.org/v1/image/cache/1024x1024/occurrence/1234560828/media/a051d6918c873784c2b7a49450bcf1d4,,gbif_cache,False,1024,1024,1.0,82399,114.0,114.0,110.0,123.65,4.0,0.00268,0.00274,black_bar,truncated,,,,0.911,0.907,1,
casent0393121,Nesomyrmex,myrmicinae,Nesomyrmex striatus,Michele Esposito,gbif_cache,Holotype,"California Academy of Sciences, 2000-2012",train,p,data/images/Nesomyrmex/casent0393121_p.jpg,True,2000.0,2012.0,b0b167c48e4d2d5542819a7ea4e1d4968b118b890bca415ff734eb8741df45b2,https://api.gbif.org/v1/image/cache/1024x1024/occurrence/1213719255/media/090f6b794dc8a9e9e9c407cf8ce57591,,gbif_cache,False,1024,1024,1.0,132608,178.0,176.0,173.0,172.28,5.0,0.16374,0.08786,black_bar,truncated,,,,0.972,0.975,1,
casent0401520,Monomorium,myrmicinae,Monomorium flavimembra,April Nobile,commons,Holotype,"California Academy of Sciences, 2000-2008",train,p,data/images/Monomorium/casent0401520_p.jpg,True,2000.0,2008.0,3a5392f3ef54adedf938117707dcad450cdfa67e1e51cd95580bc7b182dfe3ba,https://upload.wikimedia.org/wikipedia/commons/b/b0/Monomorium_flavimembra_casent0401520_profile_1.jpg,"harvester downscale, byte-identical",commons_original,False,1024,771,1.3281,158416,164.0,162.0,157.0,176.89,7.0,0.05806,0.02288,black_bar,found,108.0,0.1055,4.0,0.924,0.92,1,
casent0403269,Pheidole,myrmicinae,Pheidole similis,Will Ericson,gbif_cache,,"California Academy of Sciences, 2000-2010",train,p,data/images/Pheidole/casent0403269_p.jpg,False,2000.0,2010.0,b2b6066c976e76bd64d7cd458619e86c1faf1360db4d23925e45a004f6fe3f49,https://api.gbif.org/v1/image/cache/1024x1024/occurrence/865210836/media/fcfb80744749350c6803b2c16e94f6ac,,gbif_cache,False,1024,1024,1.0,106648,152.0,150.0,159.0,148.55,-7.0,0.01293,0.0057,black_bar,found,153.0,0.1494,11.0,0.915,0.972,1,
casent0408976,Camponotus,formicinae,Camponotus lamosy,Erin Prado,gbif_cache,Holotype,"California Academy of Sciences, 2000-2010",train,p,data/images/Camponotus/casent0408976_p.jpg,True,2000.0,2010.0,fd7079f712a600687708060aeb2ee3e54bedea17d2b3a54f5bdec6ad2f0d855a,https://api.gbif.org/v1/image/cache/1024x1024/occurrence/865212371/media/7d50d8672fa87b55cd12e2299c487596,,gbif_cache,False,1024,1024,1.0,159633,202.0,202.0,190.0,189.65,12.0,0.04646,0.0111,black_bar,truncated,,,,0.962,0.919,1,
casent0409559,Tetraponera,pseudomyrmecinae,Tetraponera variegata,Erin Prado,commons,,"California Academy of Sciences, 2000-2008",test,p,data/images/Tetraponera/casent0409559_p.jpg,False,2000.0,2008.0,71c95b41e494061fa40bcbaa68e9006624fe8bd70f47c36e35281ff0e6bd420a,https://upload.wikimedia.org/wikipedia/commons/3/3b/Tetraponera_grandidieri_casent0409559_profile_1.jpg,"harvester downscale, byte-identical",commons_original,False,866,808,1.0718,151045,229.0,228.0,225.0,222.03,4.0,0.10875,0.01113,black_bar,found,148.0,0.1709,5.0,0.891,0.93,1,
casent0410131,Bothroponera,ponerinae,Bothroponera cambouei,Jean Claude Rakotonirina,commons,,"California Academy of Sciences, 2000-2008",train,p,data/images/Bothroponera/casent0410131_p.jpg,False,2000.0,2008.0,c1a8b3a3c98eb171d4ced3194a477c23e71005a12d68c75970f3faeb04db6683,https://upload.wikimedia.org/wikipedia/commons/c/c8/Pachycondyla_cambouei_casent0410131_profile_1.jpg,"harvester downscale, byte-identical",commons_original,False,1024,732,1.3989,185708,212.0,213.0,214.0,203.75,-2.0,0.18693,0.02555,black_bar,found,147.0,0.1436,4.0,0.156,0.939,1,
casent0410152,Bothroponera,ponerinae,,Jean Claude Rakotonirina,commons,,"California Academy of Sciences, 2000-2008",train,p,data/images/Bothroponera/casent0410152_p.jpg,False,2000.0,2008.0,336d0a863422ac8a141e64967c3ea140f667276571a06eada760aad6f4e44a14,https://upload.wikimedia.org/wikipedia/commons/f/fd/Pachycondyla_comorensis_casent0410152_profile_1.jpg,"harvester downscale, byte-identical",commons_original,False,1024,753,1.3599,185289,203.0,200.0,196.0,187.65,7.0,0.18796,0.02252,black_bar,found,183.0,0.1787,5.0,0.115,0.913,1,
casent0410164,Bothroponera,ponerinae,Bothroponera comorensis,Jean Claude Rakotonirina,commons,,"California Academy of Sciences, 2000-2008",train,p,data/images/Bothroponera/casent0410164_p.jpg,False,2000.0,2008.0,e1537677884b3c68f3449a16f814d0fe82a0f88fbff723589fddbc646b23ae89,https://upload.wikimedia.org/wikipedia/commons/9/9e/Pachycondyla_comorensis_casent0410164_profile_1.jpg,"harvester downscale, byte-identical",commons_original,False,1024,765,1.3386,238090,167.0,164.0,160.0,159.58,7.0,0.2338,0.111,black_bar,found,186.0,0.1816,5.0,0.099,0.91,1,
casent0412167,Monomorium,myrmicinae,Monomorium termitobium,April Nobile,commons,,"California Academy of Sciences, 2000-2008",train,p,data/images/Monomorium/casent0412167_p.jpg,False,2000.0,2008.0,5c336e0a1ccc8eca31c7b15c732d743b1982ad4f368419957590e9aa9846f68d,https://upload.wikimedia.org/wikipedia/commons/e/eb/Monomorium_termitobium_casent0412167_profile_1.jpg,"harvester downscale, byte-identical",commons_original,False,1024,751,1.3635,162119,127.0,123.0,117.0,148.01,10.0,0.00195,0.00192,black_bar,found,129.0,0.126,5.0,0.927,0.935,1,
casent0416250,Platythyrea,ponerinae,Platythyrea arthuri,Erin Prado,commons,,"California Academy of Sciences, 2000-2008",train,p,data/images/Platythyrea/casent0416250_p.jpg,False,2000.0,2008.0,84b1d7b69f7f4fbb9d35af24b6385f212c14445ba46262122f6dd09e73fdc11e,https://upload.wikimedia.org/wikipedia/commons/9/97/Platythyrea_arthuri_casent0416250_profile_1.jpg,"harvester downscale, byte-identical",commons_original,False,1024,674,1.5193,147621,220.0,221.0,220.0,217.63,0.0,0.19576,0.01749,black_bar,found,166.0,0.1621,4.0,0.887,0.917,1,
casent0416368,Anochetus,ponerinae,Anochetus goodmani,April Nobile,commons,,"California Academy of Sciences, 2000-2008",train,p,data/images/Anochetus/casent0416368_p.jpg,False,2000.0,2008.0,324197d5adc2410e07bdec003800d3e87e6fbf7c6a38a336a40dbc1de29cf96d,https://upload.wikimedia.org/wikipedia/commons/2/26/Anochetus_goodmani_casent0416368_profile_1.jpg,"harvester downscale, byte-identical",commons_original,False,1024,676,1.5148,108602,155.0,152.0,154.0,155.57,1.0,0.0052,0.0019,black_bar,found,126.0,0.123,4.0,0.362,0.93,1,
casent0419034,Technomyrmex,dolichoderinae,Technomyrmex difficilis,April Nobile,commons,,"California Academy of Sciences, 2000-2008",train,p,data/images/Technomyrmex/casent0419034_p.jpg,False,2000.0,2008.0,e64ebe6497616bc0e0f95bbc5233a654903a6cf13e18286ed8351e70ca768835,https://upload.wikimedia.org/wikipedia/commons/5/5d/Technomyrmex_difficilis_casent0419034_profile_1.jpg,"harvester downscale, byte-identical",commons_original,False,1024,771,1.3281,130884,212.0,213.0,211.0,188.58,1.0,0.23789,0.02834,black_bar,found,181.0,0.1768,4.0,0.891,0.92,1,
casent0419194,Technomyrmex,dolichoderinae,Technomyrmex difficilis,April Nobile,commons,,"California Academy of Sciences, 2000-2008",train,p,data/images/Technomyrmex/casent0419194_p.jpg,False,2000.0,2008.0,fe2f7094c244c650900635585d98ad8ef0d031890ef48068b3218aa132597aef,https://upload.wikimedia.org/wikipedia/commons/a/a9/Technomyrmex_difficilis_casent0419194_profile_1.jpg,"harvester downscale, byte-identical",commons_original,False,1024,771,1.3281,159439,186.0,185.0,176.0,183.93,10.0,0.00758,0.00209,black_bar,found,203.0,0.1982,4.0,0.88,0.92,1,
casent0421554,Aphaenogaster,myrmicinae,Aphaenogaster swammerdami,April Nobile,commons,,"California Academy of Sciences, 2000-2008",train,p,data/images/Aphaenogaster/casent0421554_p.jpg,False,2000.0,2008.0,69867d081a366d6d5cb1a7b5925804c0d1602d7307694058ec343a019fc24db9,https://upload.wikimedia.org/wikipedia/commons/8/8c/Aphaenogaster_swammerdami_casent0421554_profile_1.jpg,"harvester downscale, byte-identical",commons_original,False,1024,771,1.3281,174731,216.0,216.0,213.0,206.09,3.0,0.14496,0.01819,black_bar,found,249.0,0.2432,4.0,0.863,0.929,1,
casent0422630,Nesomyrmex,myrmicinae,Nesomyrmex nitidus,Erin Prado,commons,,"California Academy of Sciences, 2000-2008",train,p,data/images/Nesomyrmex/casent0422630_p.jpg,False,2000.0,2008.0,7a40a6e907ef7953bbaff482bb667cebcf65095e6fcb6128d5f5542b791e3c0d,https://upload.wikimedia.org/wikipedia/commons/5/51/Nesomyrmex_madecassus_casent0422630_profile_1.jpg,"harvester downscale, byte-identical",commons_original,False,1024,699,1.4649,167560,177.0,175.0,169.0,176.01,8.0,0.00466,0.0034,black_bar,found,261.0,0.2549,5.0,0.83,0.918,1,
casent0423124,Crematogaster,myrmicinae,Crematogaster lobata,April Nobile,gbif_cache,,"California Academy of Sciences, 2000-2007",train,p,data/images/Crematogaster/casent0423124_p.jpg,False,2000.0,2007.0,098d3d676637c5ac4195d17bdb46e6670e9cc7b22b6a5082c0973891b33cef26,https://api.gbif.org/v1/image/cache/1024x1024/occurrence/865214557/media/4b05608f80c59efffc9c77bab1cfbf15,,gbif_cache,False,1024,1024,1.0,139954,143.0,140.0,130.0,136.57,13.0,0.12172,0.08998,thin_line,found,381.0,0.3721,3.0,0.499,0.942,0,
casent0429930,Mystrium,amblyoponinae,Mystrium mysticum,Erin Prado,commons,,"California Academy of Sciences, 2000-2008",test,p,data/images/Mystrium/casent0429930_p.jpg,False,2000.0,2008.0,d7536474b944265675608ce6f75df5a24f877277a7e62ec21d237f816427a97a,https://upload.wikimedia.org/wikipedia/commons/a/a5/Mystrium_rogeri_casent0429930_profile_1.jpg,"harvester downscale, byte-identical",commons_original,False,934,808,1.1559,200192,216.0,217.0,219.0,206.52,-3.0,0.20362,0.0175,black_bar,found,178.0,0.1906,5.0,0.844,0.92,1,
casent0429953,Mystrium,amblyoponinae,Mystrium mysticum,April Nobile,commons,,"California Academy of Sciences, 2000-2007",train,p,data/images/Mystrium/casent0429953_p.jpg,False,2000.0,2007.0,b77672d0f1093ec0f00656ad8a4959b68443a16679ddce8d9788909e3c4cc35c,https://upload.wikimedia.org/wikipedia/commons/1/1b/Mystrium_rogeri_casent0429953_profile_1.jpg,"harvester downscale, byte-identical",commons_original,False,1023,808,1.2661,156702,146.0,148.0,143.0,144.43,3.0,0.02674,0.01289,thin_line,found,215.0,0.2102,3.0,0.544,0.947,0,
casent0429955,Mystrium,amblyoponinae,Mystrium mysticum,April Nobile,commons,,"California Academy of Sciences, 2000-2007",train,p,data/images/Mystrium/casent0429955_p.jpg,False,2000.0,2007.0,46c933d862d72d3f2b0ea7497f2456042da54fa0c946f3e188a8050e463e399e,https://upload.wikimedia.org/wikipedia/commons/8/84/Mystrium_rogeri_casent0429955_profile_1.jpg,"harvester downscale, byte-identical",commons_original,False,1024,773,1.3247,173965,144.0,147.0,140.0,143.11,4.0,0.16231,0.10964,thin_line,found,336.0,0.3281,3.0,0.499,0.95,0,
casent0430421,Meranoplus,myrmicinae,Meranoplus mayri,April Nobile,commons,,"California Academy of Sciences, 2000-2007",train,p,data/images/Meranoplus/casent0430421_p.jpg,False,2000.0,2007.0,736972f26c464d92615210542ae62cfbc88d61a1ffdb3fa40c45c07dc9fc3734,https://upload.wikimedia.org/wikipedia/commons/c/c3/Meranoplus_mayri_casent0430421_profile_1.jpg,"harvester downscale, byte-identical",commons_original,False,1024,802,1.2768,182159,146.0,145.0,136.0,142.12,10.0,0.03266,0.01293,thin_line,found,220.0,0.2148,3.0,0.48,0.95,0,
casent0430841,Syllophopsis,myrmicinae,Syllophopsis fisheri,April Nobile,commons,Holotype,"California Academy of Sciences, 2000-2008",train,p,data/images/Syllophopsis/casent0430841_p.jpg,True,2000.0,2008.0,202ec55e02d3df4b59097496cc3f2a9374128aa87702dd9c5da5150605be2ea7,https://upload.wikimedia.org/wikipedia/commons/5/53/Syllophopsis_fisheri_casent0430841_profile_1.jpg,"harvester downscale, byte-identical",commons_original,False,1024,760,1.3474,177457,179.0,177.0,170.0,168.55,9.0,0.03164,0.01548,black_bar,found,166.0,0.1621,4.0,0.898,0.941,1,
casent0433301,Monomorium,myrmicinae,Monomorium versicolor,April Nobile,commons,,"California Academy of Sciences, 2000-2008",train,p,data/images/Monomorium/casent0433301_p.jpg,False,2000.0,2008.0,11f5491643973b00290ba6cb19891568055188a0b780c97cff8d3d79bbb70fd8,https://upload.wikimedia.org/wikipedia/commons/e/ea/Monomorium_versicolor_casent0433301_profile_1.jpg,"harvester downscale, byte-identical",commons_original,False,1024,771,1.3281,173823,203.0,204.0,203.0,186.92,0.0,0.19578,0.03308,black_bar,found,108.0,0.1055,4.0,0.921,0.933,1,
casent0435387,Technomyrmex,dolichoderinae,Technomyrmex fisheri,April Nobile,commons,Holotype,"California Academy of Sciences, 2000-2008",test,p,data/images/Technomyrmex/casent0435387_p.jpg,True,2000.0,2008.0,542b83a322204f282d731da1d304f21138b2f91fb68f3e1164549afa44cdc075,https://upload.wikimedia.org/wikipedia/commons/8/85/Technomyrmex_fisheri_casent0435387_profile_1.jpg,"harvester downscale, byte-identical",commons_original,False,1024,771,1.3281,157750,175.0,171.0,165.0,174.21,10.0,0.00657,0.00224,black_bar,found,210.0,0.2051,4.0,0.311,0.917,1,
casent0435450,Technomyrmex,dolichoderinae,Technomyrmex docens,April Nobile,commons,,"California Academy of Sciences, 2000-2008",train,p,data/images/Technomyrmex/casent0435450_p.jpg,False,2000.0,2008.0,f8dabc4dd477efae96ac344a458f060f50222d5c1bf1da7234af5681c6e6c503,https://upload.wikimedia.org/wikipedia/commons/9/98/Technomyrmex_docens_casent0435450_profile_1.jpg,"harvester downscale, byte-identical",commons_original,False,1024,735,1.3932,158798,186.0,185.0,179.0,177.04,7.0,0.00555,0.00216,black_bar,found,182.0,0.1777,4.0,0.89,0.916,1,
casent0435894,Cataulacus,myrmicinae,Cataulacus oberthueri,Erin Prado,commons,,"California Academy of Sciences, 2000-2008",train,p,data/images/Cataulacus/casent0435894_p.jpg,False,2000.0,2008.0,2037cc8cef70c68877a113c2acb35bf829f3fecb07c713b6728ec78baafd8557,https://upload.wikimedia.org/wikipedia/commons/d/d2/Cataulacus_oberthueri_casent0435894_profile_1.jpg,"harvester downscale, byte-identical",commons_original,False,1024,731,1.4008,157654,219.0,220.0,221.0,214.55,-2.0,0.31832,0.09425,black_bar,found,148.0,0.1445,4.0,0.896,0.922,1,
casent0435903,Cataulacus,myrmicinae,Cataulacus oberthueri,April Nobile,commons,,"California Academy of Sciences, 2000-2007",train,p,data/images/Cataulacus/casent0435903_p.jpg,False,2000.0,2007.0,85d6e0b3865176fe35d13a38369e850e9d7fcfa02bc2797f932d88e96e39161f,https://upload.wikimedia.org/wikipedia/commons/6/66/Cataulacus_oberthueri_casent0435903_profile_1.jpg,"harvester downscale, byte-identical",commons_original,False,1024,773,1.3247,143261,160.0,160.0,153.0,157.73,7.0,0.18661,0.09872,thin_line,found,238.0,0.2324,3.0,0.499,0.95,0,
casent0436719,Strumigenys,myrmicinae,Strumigenys chroa,April Nobile,commons,,"California Academy of Sciences, 2000-2008",train,p,data/images/Strumigenys/casent0436719_p.jpg,False,2000.0,2008.0,217829172b4507d7abd6eacfc1ca1e6086673c7a80e29d85f46b5830549bb542,https://upload.wikimedia.org/wikipedia/commons/d/d1/Strumigenys_chroa_casent0436719_profile_1.jpg,"harvester downscale, byte-identical",commons_original,False,1024,772,1.3264,174763,210.0,210.0,207.0,208.89,3.0,0.08718,0.00481,black_bar,found,210.0,0.2051,4.0,0.883,0.917,1,
casent0439766,Technomyrmex,dolichoderinae,Technomyrmex docens,April Nobile,commons,Holotype,"California Academy of Sciences, 2000-2008",train,p,data/images/Technomyrmex/casent0439766_p.jpg,True,2000.0,2008.0,7999ff4d2b729a4637d586b11d15a7c729fa3846c9268f5889600ae071494555,https://upload.wikimedia.org/wikipedia/commons/4/4a/Technomyrmex_docens_casent0439766_profile_1.jpg,"harvester downscale, byte-identical",commons_original,False,1024,733,1.397,163497,164.0,162.0,158.0,156.31,6.0,0.01791,0.00236,black_bar,found,228.0,0.2227,4.0,0.759,0.925,1,
casent0442208,Monomorium,myrmicinae,Monomorium lepidum,April Nobile,commons,Holotype,"California Academy of Sciences, 2000-2008",test,p,data/images/Monomorium/casent0442208_p.jpg,True,2000.0,2008.0,942264c4d42d170e274d54be72839e31d152b70a25c8f22c8b7f1f4622ac445b,https://upload.wikimedia.org/wikipedia/commons/5/5f/Monomorium_lepidum_casent0442208_profile_1.jpg,"harvester downscale, byte-identical",commons_original,False,1024,771,1.3281,169307,196.0,195.0,193.0,196.23,3.0,0.02691,0.00275,black_bar,found,116.0,0.1133,4.0,0.922,0.92,1,
casent0442524,Monomorium,myrmicinae,Monomorium versicolor,April Nobile,commons,Holotype,"California Academy of Sciences, 2000-2008",train,p,data/images/Monomorium/casent0442524_p.jpg,True,2000.0,2008.0,82e0bb13aae5878b4942308560126c97183f3845d67d4547eed9c9e3a491567f,https://upload.wikimedia.org/wikipedia/commons/7/7c/Monomorium_versicolor_casent0442524_profile_1.jpg,"harvester downscale, byte-identical",commons_original,False,1024,737,1.3894,169595,182.0,181.0,174.0,168.93,8.0,0.11895,0.04022,black_bar,found,108.0,0.1055,4.0,0.924,0.916,1,
casent0443365,Technomyrmex,dolichoderinae,Technomyrmex innocens,April Nobile,commons,,"California Academy of Sciences, 2000-2008",test,p,data/images/Technomyrmex/casent0443365_p.jpg,False,2000.0,2008.0,d3f9ebaea42a94f1697597c14a1d3d462b1864f19a4a30b551e19e76cdc50a99,https://upload.wikimedia.org/wikipedia/commons/5/51/Technomyrmex_innocens_casent0443365_profile_1.jpg,"harvester downscale, byte-identical",commons_original,False,1024,728,1.4066,153353,203.0,203.0,198.0,182.86,5.0,0.12664,0.00788,black_bar,found,182.0,0.1777,4.0,0.891,0.915,1,
casent0443515,Nesomyrmex,myrmicinae,Nesomyrmex spinosus,Michele Esposito,gbif_cache,Holotype,"California Academy of Sciences, 2000-2012",train,p,data/images/Nesomyrmex/casent0443515_p.jpg,True,2000.0,2012.0,179a00da14ed3191865e8272306ae8adf60c8d6e6c6441be69337d1a0d3f29eb,https://api.gbif.org/v1/image/cache/1024x1024/occurrence/865219079/media/b53c57504d8184e1e2adc31e768f3482,,gbif_cache,False,1024,1024,1.0,113146,142.0,140.0,133.0,136.09,9.0,0.01752,0.00865,black_bar,truncated,,,,0.958,0.929,1,
casent0446582,Terataner,myrmicinae,Terataner rufipes,Erin Prado,commons,,"California Academy of Sciences, 2000-2008",train,p,data/images/Terataner/casent0446582_p.jpg,False,2000.0,2008.0,3c2f1420675cee8c8367c0083ebbc200e298963fce6567222cd578ffb994bcf6,https://upload.wikimedia.org/wikipedia/commons/a/a4/Terataner_rufipes_casent0446582_profile_1.jpg,"harvester downscale, byte-identical",commons_original,False,1024,771,1.3281,207411,215.0,216.0,214.0,207.02,1.0,0.18335,0.04513,black_bar,found,209.0,0.2041,4.0,0.878,0.93,1,
casent0447670,Anochetus,ponerinae,Anochetus madagascarensis,April Nobile,commons,,"California Academy of Sciences, 2000-2008",train,p,data/images/Anochetus/casent0447670_p.jpg,False,2000.0,2008.0,d1dce4ec45d7c2f731d84bdd58f9f30b78e105b2d538fd23db1e882029cd68b9,https://upload.wikimedia.org/wikipedia/commons/e/e8/Anochetus_madagascarensis_casent0447670_profile_1.jpg,"harvester downscale, byte-identical",commons_original,False,1024,796,1.2864,141412,157.0,156.0,154.0,144.2,3.0,0.0913,0.01512,black_bar,found,207.0,0.2021,4.0,0.516,0.92,1,
casent0451074,Technomyrmex,dolichoderinae,Technomyrmex voeltzkowi,April Nobile,commons,,"California Academy of Sciences, 2000-2008",train,p,data/images/Technomyrmex/casent0451074_p.jpg,False,2000.0,2008.0,43a8247029374eadcc95acbe865fcd425255253aaa962236840eb548c6cf2bc1,https://upload.wikimedia.org/wikipedia/commons/6/67/Technomyrmex_voeltzkowi_casent0451074_profile_1.jpg,"harvester downscale, byte-identical",commons_original,False,1024,771,1.3281,154217,212.0,212.0,210.0,204.5,2.0,0.12119,0.0058,black_bar,found,147.0,0.1436,4.0,0.907,0.92,1,
casent0451572,Bothroponera,ponerinae,Bothroponera cambouei,Jean Claude Rakotonirina,commons,,"California Academy of Sciences, 2000-2008",train,p,data/images/Bothroponera/casent0451572_p.jpg,False,2000.0,2008.0,49e3e09099d2700e26d6504851b4a5f0a0d9a83cf94ec3e916b50867727f243a,https://upload.wikimedia.org/wikipedia/commons/1/1c/Pachycondyla_cambouei_casent0451572_profile_1.jpg,"harvester downscale, byte-identical",commons_original,False,1024,704,1.4545,159540,190.0,190.0,187.0,184.43,3.0,0.18198,0.0361,black_bar,found,164.0,0.1602,4.0,0.897,0.932,1,
casent0453961,Tapinoma,dolichoderinae,Tapinoma subtile,April Nobile,commons,,"California Academy of Sciences, 2000-2007",train,p,data/images/Tapinoma/casent0453961_p.jpg,False,2000.0,2007.0,2cab73d9b9e02500dd3c2aa82111818dcfdf0b769e712c5a31678685d679c461,https://upload.wikimedia.org/wikipedia/commons/9/99/Tapinoma_subtile_casent0453961_profile_1.jpg,"harvester downscale, byte-identical",commons_original,False,1024,654,1.5657,134059,164.0,168.0,162.0,143.22,2.0,0.1969,0.12999,thin_line,found,120.0,0.1172,3.0,0.847,0.897,0,
casent0453991,Tapinoma,dolichoderinae,Tapinoma subtile,April Nobile,commons,,"California Academy of Sciences, 2000-2007",test,p,data/images/Tapinoma/casent0453991_p.jpg,False,2000.0,2007.0,7b2762c25372842f9c232740da19a29a3cda563e05d58a45dad43829a7c57a88,https://upload.wikimedia.org/wikipedia/commons/3/31/Tapinoma_subtile_casent0453991_profile_1.jpg,"harvester downscale, byte-identical",commons_original,False,1024,694,1.4755,148956,194.0,196.0,194.0,180.01,0.0,0.14494,0.01996,black_bar,found,108.0,0.1055,4.0,0.924,0.928,1,
casent0454495,Tetramorium,myrmicinae,Tetramorium ryanphelanae,Erin Prado,gbif_cache,Holotype,"California Academy of Sciences, 2000-2010",test,p,data/images/Tetramorium/casent0454495_p.jpg,True,2000.0,2010.0,95ad3b23b0a2ef9b27cc24859bcd078f0cccac204673697398a2abba7997e24a,https://api.gbif.org/v1/image/cache/1024x1024/occurrence/865221177/media/5b7533af71011c32695de21ac7b94333,,gbif_cache,False,1024,1024,1.0,147536,203.0,194.0,197.0,178.31,6.0,0.30696,0.05056,black_bar,truncated,,,,0.924,0.916,1,
casent0455428,Nesomyrmex,myrmicinae,Nesomyrmex medusus,Sandor Csosz,gbif_cache,Holotype,"California Academy of Sciences, 2000-2012",train,p,data/images/Nesomyrmex/casent0455428_p.jpg,True,2000.0,2012.0,ffa71c8eeea6cd3bc163d1ff5d889f07132683733b72ca4a1cf934eaac11c2db,https://api.gbif.org/v1/image/cache/1024x1024/occurrence/865220485/media/ae126f6397896980877f972ef2724acc,,gbif_cache,False,1024,1024,1.0,121489,105.0,104.0,90.0,107.46,15.0,0.02342,0.05578,none,not_found,,,,,,0,
casent0456151,Strumigenys,myrmicinae,,April Nobile,commons,,"California Academy of Sciences, 2000-2007",train,p,data/images/Strumigenys/casent0456151_p.jpg,False,2000.0,2007.0,310be3e07239a765a50ec2fd03887eefd22b0eff819da74c3350ecfeca38aaea,https://upload.wikimedia.org/wikipedia/commons/b/b3/Strumigenys_exiguaevitae_casent0456151_profile_1.jpg,"harvester downscale, byte-identical",commons_original,False,1024,771,1.3281,153180,215.0,215.0,213.0,205.18,2.0,0.18935,0.03728,black_bar,found,181.0,0.1768,4.0,0.891,0.92,1,
casent0456886,Tapinoma,dolichoderinae,Tapinoma pallipes,April Nobile,commons,,"California Academy of Sciences, 2000-2008",train,p,data/images/Tapinoma/casent0456886_p.jpg,False,2000.0,2008.0,5526d8101a0cef001c79e66fb18561e2bf808f5b637740b2d72e0a9c31de9ebe,https://upload.wikimedia.org/wikipedia/commons/3/3c/Technomyrmex_pallipes_casent0456886_profile_1.jpg,"harvester downscale, byte-identical",commons_original,False,1024,771,1.3281,151967,190.0,190.0,179.0,171.32,11.0,0.21292,0.01057,black_bar,found,231.0,0.2256,5.0,0.867,0.92,1,
casent0467063,Tetramorium,myrmicinae,Tetramorium kelleri,April Nobile,commons,,"California Academy of Sciences, 2000-2007",test,p,data/images/Tetramorium/casent0467063_p.jpg,False,2000.0,2007.0,31b62264e78b475be210d412f87ef82f8ca67b4c4069c182122bb91988186c93,https://upload.wikimedia.org/wikipedia/commons/d/d0/Tetramorium_kelleri_casent0467063_profile_1.jpg,"harvester downscale, byte-identical",commons_original,False,1024,771,1.3281,148243,145.0,147.0,142.0,141.0,3.0,0.0217,0.005,black_bar,found,201.0,0.1963,2.0,0.5,0.952,1,
casent0470383,Monomorium,myrmicinae,Monomorium termitobium,April Nobile,commons,,"California Academy of Sciences, 2000-2008",train,p,data/images/Monomorium/casent0470383_p.jpg,False,2000.0,2008.0,ad2decb59d2c7645f469eba1515f33172d78b1f1b0313bddb91673392718a172,https://upload.wikimedia.org/wikipedia/commons/4/41/Monomorium_termitobium_casent0470383_profile_1.jpg,"harvester downscale, byte-identical",commons_original,False,1024,713,1.4362,155263,193.0,189.0,179.0,173.52,14.0,0.13277,0.04911,black_bar,found,151.0,0.1475,4.0,0.917,0.91,1,
casent0470747,Monomorium,myrmicinae,Monomorium exiguum,April Nobile,commons,,"California Academy of Sciences, 2000-2008",test,p,data/images/Monomorium/casent0470747_p.jpg,False,2000.0,2008.0,3baaa3e696de12c69074b20eb501acd4a395ae28bc144fb52f1ad417a3b6921e,https://upload.wikimedia.org/wikipedia/commons/9/97/Monomorium_exiguum_casent0470747_profile_1.jpg,"harvester downscale, byte-identical",commons_original,False,1024,769,1.3316,163759,153.0,151.0,147.0,139.75,6.0,0.20431,0.16153,black_bar,found,202.0,0.1973,5.0,0.893,0.919,1,
casent0475908,Monomorium,myrmicinae,Monomorium sakalavum,April Nobile,commons,,"California Academy of Sciences, 2000-2008",train,p,data/images/Monomorium/casent0475908_p.jpg,False,2000.0,2008.0,8ec1613ef1751dd34b81d0146503bf49f44ba5bcd36b9394c255128995ff7a57,https://upload.wikimedia.org/wikipedia/commons/8/8b/Monomorium_sakalavum_casent0475908_profile_1.jpg,"harvester downscale, byte-identical",commons_original,False,1024,711,1.4402,154068,188.0,187.0,182.0,180.91,6.0,0.10653,0.02591,black_bar,found,108.0,0.1055,4.0,0.917,0.925,1,
casent0478937,Syllophopsis,myrmicinae,Syllophopsis ferodens,April Nobile,commons,,"California Academy of Sciences, 2000-2008",train,p,data/images/Syllophopsis/casent0478937_p.jpg,False,2000.0,2008.0,bd75559b819cc30641845164d35a7e99dc4c73f5f336b6ebfb8d44ac886f004c,https://upload.wikimedia.org/wikipedia/commons/1/17/Monomorium_ferodens_casent0478937_profile_1.jpg,"harvester downscale, byte-identical",commons_original,False,1024,758,1.3509,177476,182.0,176.0,172.0,161.9,10.0,0.10532,0.0853,black_bar,found,119.0,0.1162,4.0,0.914,0.922,1,
casent0481865,Monomorium,myrmicinae,Monomorium destructor,April Nobile,commons,,"California Academy of Sciences, 2000-2008",train,p,data/images/Monomorium/casent0481865_p.jpg,False,2000.0,2008.0,9f34a9c18e5a06ef9c3f0b4c9bffee58ad263a013df0fe89d3cdd1dcf5f2fd81,https://upload.wikimedia.org/wikipedia/commons/3/30/Trichomyrmex_destructor_casent0481865_profile_1.jpg,"harvester downscale, byte-identical",commons_original,False,1024,771,1.3281,179466,176.0,177.0,170.0,174.24,6.0,0.07762,0.02109,black_bar,found,108.0,0.1055,4.0,0.907,0.935,1,
casent0481867,Monomorium,myrmicinae,Monomorium destructor,April Nobile,commons,,"California Academy of Sciences, 2000-2008",train,p,data/images/Monomorium/casent0481867_p.jpg,False,2000.0,2008.0,3370ceb91e9d2b8c269012ab54f7cea9994a4b6c0a998364f141340f0c3decce,https://upload.wikimedia.org/wikipedia/commons/3/3f/Trichomyrmex_destructor_casent0481867_profile_1.jpg,"harvester downscale, byte-identical",commons_original,False,1024,780,1.3128,179482,200.0,200.0,197.0,182.6,3.0,0.15657,0.01893,black_bar,found,211.0,0.2061,5.0,0.878,0.929,1,
casent0481871,Monomorium,myrmicinae,Monomorium floricola,April Nobile,commons,,"California Academy of Sciences, 2000-2008",train,p,data/images/Monomorium/casent0481871_p.jpg,False,2000.0,2008.0,35733591d6530b91e08ebc281ab06eb63c831b73a5be0fe1f83a5918e469930e,https://upload.wikimedia.org/wikipedia/commons/d/dc/Monomorium_floricola_casent0481871_profile_1.jpg,"harvester downscale, byte-identical",commons_original,False,959,808,1.1869,199761,168.0,170.0,165.0,168.09,3.0,0.07692,0.03366,black_bar,found,139.0,0.1449,5.0,0.893,0.929,1,
casent0485349,Technomyrmex,dolichoderinae,Technomyrmex fisheri,April Nobile,commons,,"California Academy of Sciences, 2000-2008",train,p,data/images/Technomyrmex/casent0485349_p.jpg,False,2000.0,2008.0,9563178b63ddb800c75addaf54da9175e62a32214c7d67d71a036ad87fa0da56,https://upload.wikimedia.org/wikipedia/commons/3/32/Technomyrmex_fisheri_casent0485349_profile_1.jpg,"harvester downscale, byte-identical",commons_original,False,1024,771,1.3281,168465,215.0,216.0,212.0,202.4,3.0,0.08396,0.01075,black_bar,found,230.0,0.2246,4.0,0.867,0.92,1,
casent0485542,Technomyrmex,dolichoderinae,Technomyrmex innocens,April Nobile,commons,Holotype,"California Academy of Sciences, 2000-2008",train,p,data/images/Technomyrmex/casent0485542_p.jpg,True,2000.0,2008.0,565c263ace65a75e4f9cf8801a17e99ad1681a5491167dce8659a2f907ffd487,https://upload.wikimedia.org/wikipedia/commons/4/43/Technomyrmex_innocens_casent0485542_profile_1.jpg,"harvester downscale, byte-identical",commons_original,False,1024,771,1.3281,165631,190.0,193.0,183.0,166.41,7.0,0.10833,0.03841,black_bar,found,209.0,0.2041,4.0,0.866,0.939,1,
casent0486683,Meranoplus,myrmicinae,Meranoplus radamae,Brendon Boudinot,gbif_cache,,"California Academy of Sciences, 2000-2012",train,p,data/images/Meranoplus/casent0486683_p.jpg,False,2000.0,2012.0,bcb010abfe5c525421012e7bace2fa67ddf651ae6aead33dd6590545fa4e19e8,https://api.gbif.org/v1/image/cache/1024x1024/occurrence/865225106/media/f790f9cb50d020a0f57c5cd6de947926,,gbif_cache,False,1024,1024,1.0,174374,112.0,75.0,46.0,85.12,66.0,0.12514,0.2075,none,not_found,,,,,,0,
casent0486686,Meranoplus,myrmicinae,Meranoplus radamae,April Nobile,commons,,"California Academy of Sciences, 2000-2007",train,p,data/images/Meranoplus/casent0486686_p.jpg,False,2000.0,2007.0,572bef01df5fbb337693a6b0f8560f9f87195f0f535ebcdcf75b04e41bcee087,https://upload.wikimedia.org/wikipedia/commons/e/e6/Meranoplus_radamae_casent0486686_profile_1.jpg,"harvester downscale, byte-identical",commons_original,False,1024,805,1.272,251194,207.0,207.0,209.0,174.43,-2.0,0.28224,0.08878,black_bar,found,188.0,0.1836,4.0,0.891,0.922,1,
casent0487130,Nesomyrmex,myrmicinae,Nesomyrmex madecassus,April Nobile,commons,,"California Academy of Sciences, 2000-2007",train,p,data/images/Nesomyrmex/casent0487130_p.jpg,False,2000.0,2007.0,ca758ea17a7a52393ce381cbab7e3019163a6bd05af5f39fc8aabd6eeb3a8779,https://upload.wikimedia.org/wikipedia/commons/c/c1/Nesomyrmex_madecassus_casent0487130_profile_1.jpg,"harvester downscale, byte-identical",commons_original,False,1024,723,1.4163,177284,226.0,225.0,217.0,209.59,9.0,0.21426,0.02527,black_bar,found,203.0,0.1982,4.0,0.708,0.873,1,
casent0487142,Nesomyrmex,myrmicinae,Nesomyrmex madecassus,Erin Prado,commons,,"California Academy of Sciences, 2000-2008",train,p,data/images/Nesomyrmex/casent0487142_p.jpg,False,2000.0,2008.0,06c60e83ecb18775bc13907a6f2f5b37ef6e3592b8b8cad65304d4c76f6d9616,https://upload.wikimedia.org/wikipedia/commons/1/1f/Nesomyrmex_madecassus_casent0487142_profile_1.jpg,"harvester downscale, byte-identical",commons_original,False,1024,693,1.4776,172169,227.0,229.0,220.0,214.49,7.0,0.26123,0.01861,black_bar,found,156.0,0.1523,4.0,0.888,0.903,1,
casent0487553,Cataulacus,myrmicinae,Cataulacus ebrardi,April Nobile,commons,,"California Academy of Sciences, 2000-2007",test,p,data/images/Cataulacus/casent0487553_p.jpg,False,2000.0,2007.0,e5e5e5d191d0a8f9feae298b1b641e1f5449bcaaff4dcb70e17ccd4065e21474,https://upload.wikimedia.org/wikipedia/commons/9/9c/Cataulacus_ebrardi_casent0487553_profile_1.jpg,"harvester downscale, byte-identical",commons_original,False,978,808,1.2104,172257,220.0,221.0,220.0,219.45,0.0,0.33203,0.09004,black_bar,found,140.0,0.1431,5.0,0.657,0.928,1,
casent0487725,Camponotus,formicinae,Camponotus dufouri,Erin Prado,gbif_cache,,"California Academy of Sciences, 2000-2009",train,p,data/images/Camponotus/casent0487725_p.jpg,False,2000.0,2009.0,dc8bf320025f04824eb657f8d55ef181096bd4599db85c51acb7b89a537f5fa3,https://api.gbif.org/v1/image/cache/1024x1024/occurrence/865226279/media/07e5d9fcc32f81799851243676bd65b2,,gbif_cache,False,1024,1024,1.0,163920,234.0,233.0,228.0,207.7,6.0,0.19093,0.02503,black_bar,truncated,,,,0.98,0.928,1,
casent0487769,Cataulacus,myrmicinae,Cataulacus regularis,Erin Prado,commons,,"California Academy of Sciences, 2000-2008",train,p,data/images/Cataulacus/casent0487769_p.jpg,False,2000.0,2008.0,8c9d5c703722eda71c043fc161424e0c7a06528322239c9df82e28eccb792f9b,https://upload.wikimedia.org/wikipedia/commons/f/f4/Cataulacus_regularis_casent0487769_profile_1.jpg,"harvester downscale, byte-identical",commons_original,False,1024,731,1.4008,160981,230.0,231.0,231.0,222.65,-1.0,0.34234,0.09424,black_bar,found,211.0,0.2061,4.0,0.875,0.923,1,
casent0487770,Cataulacus,myrmicinae,Cataulacus regularis,April Nobile,commons,,"California Academy of Sciences, 2000-2008",train,p,data/images/Cataulacus/casent0487770_p.jpg,False,2000.0,2008.0,29f50183f79459c52bcae43f806f68561b9c42b5f5d08087609402f8e380eb89,https://upload.wikimedia.org/wikipedia/commons/0/09/Cataulacus_regularis_casent0487770_profile_1.jpg,"harvester downscale, byte-identical",commons_original,False,1024,771,1.3281,162926,216.0,216.0,216.0,210.2,0.0,0.35507,0.08476,black_bar,found,133.0,0.1299,4.0,0.91,0.931,1,
casent0487847,Pachycondyla,ponerinae,Euponera sikorae,April Nobile,commons,,"California Academy of Sciences, 2000-2007",train,p,data/images/Pachycondyla/casent0487847_p.jpg,False,2000.0,2007.0,6830015fa4525dd915eee5fcc1dfbfb76f44c78159a4d1da227b5b03055b748b,https://upload.wikimedia.org/wikipedia/commons/4/4b/Pachycondyla_sikorae_casent0487847_profile_1.jpg,"harvester downscale, byte-identical",commons_original,False,956,808,1.1832,157920,223.0,224.0,223.0,218.29,0.0,0.28283,0.05543,black_bar,found,261.0,0.273,5.0,0.269,0.938,1,
casent0489647,Aphaenogaster,myrmicinae,Aphaenogaster swammerdami,April Nobile,commons,,"California Academy of Sciences, 2000-2007",train,p,data/images/Aphaenogaster/casent0489647_p.jpg,False,2000.0,2007.0,5942e35e733059aa125291673696f95c14e3fcc5d64848c7871413987ecb857e,https://upload.wikimedia.org/wikipedia/commons/0/08/Aphaenogaster_swammerdami_casent0489647_profile_1.jpg,"harvester downscale, byte-identical",commons_original,False,1024,712,1.4382,185113,170.0,174.0,175.0,170.35,-5.0,0.17351,0.08658,thin_line,found,172.0,0.168,4.0,0.499,0.945,0,
casent0490190,Monomorium,myrmicinae,Monomorium madecassum,Michele Esposito,commons,,"California Academy of Sciences, 2000-2008",train,p,data/images/Monomorium/casent0490190_p.jpg,False,2000.0,2008.0,8a1462abf43e3c31284ad503cd978933691f1324b4ff3d1010fc716c11dfe883,https://upload.wikimedia.org/wikipedia/commons/c/c2/Monomorium_madecassum_casent0490190_profile_1.jpg,"harvester downscale, byte-identical",commons_original,False,1024,784,1.3061,187243,206.0,203.0,195.0,195.72,11.0,0.18721,0.03409,black_bar,found,120.0,0.1172,5.0,0.917,0.923,1,
casent0491274,Cataulacus,myrmicinae,Cataulacus ebrardi,Erin Prado,commons,,"California Academy of Sciences, 2000-2008",train,p,data/images/Cataulacus/casent0491274_p.jpg,False,2000.0,2008.0,36fe099b3c806270baa90ad622a4ccec594cbeaa33a40b8c17c39dafdb820bb6,https://upload.wikimedia.org/wikipedia/commons/2/29/Cataulacus_ebrardi_casent0491274_profile_1.jpg,"harvester downscale, byte-identical",commons_original,False,1024,771,1.3281,183326,223.0,231.0,229.0,210.56,-6.0,0.31787,0.07679,black_bar,found,132.0,0.1289,4.0,0.91,0.926,1,
casent0491318,Cataulacus,myrmicinae,Cataulacus ebrardi,Erin Prado,commons,,"California Academy of Sciences, 2000-2008",train,p,data/images/Cataulacus/casent0491318_p.jpg,False,2000.0,2008.0,0aad3222db42f093edea029ba98d6aba7b312574e56905e00b9da11cc7edfd49,https://upload.wikimedia.org/wikipedia/commons/4/44/Cataulacus_ebrardi_casent0491318_profile_1.jpg,"harvester downscale, byte-identical",commons_original,False,1024,745,1.3745,184159,225.0,231.0,230.0,200.76,-5.0,0.30511,0.08465,black_bar,found,159.0,0.1553,5.0,0.888,0.923,1,
casent0491427,Pheidole,myrmicinae,Pheidole bessonii,Michele Esposito,gbif_cache,Holotype,"California Academy of Sciences, 2000-2019",train,p,data/images/Pheidole/casent0491427_p.jpg,True,2000.0,2019.0,6c9ef1958b8db821eb14080778d47d5295648533c0bb02d8c5920e208ddbc3d9,https://api.gbif.org/v1/image/cache/1024x1024/occurrence/2416978497/media/45d6e97bee8bb096e9266757f20098de,,gbif_cache,False,1024,1024,1.0,130816,121.0,121.0,121.0,115.63,0.0,0.12586,0.12391,black_bar,found,158.0,0.1543,10.0,0.895,0.955,1,
casent0491610,Syllophopsis,myrmicinae,Syllophopsis fisheri,April Nobile,commons,,"California Academy of Sciences, 2000-2007",train,p,data/images/Syllophopsis/casent0491610_p.jpg,False,2000.0,2007.0,051b0676ab93e07cb42ab9ce06913403c4cad8338c6c3923bdb80c20b592f7aa,https://upload.wikimedia.org/wikipedia/commons/2/27/Syllophopsis_fisheri_casent0491610_profile_1.jpg,"harvester downscale, byte-identical",commons_original,False,997,808,1.2339,214868,215.0,215.0,213.0,209.15,2.0,0.117,0.02475,black_bar,found,153.0,0.1535,4.0,0.878,0.931,1,
casent0492794,Tetramorium,myrmicinae,Tetramorium obiwan,Estella Ortega,gbif_cache,,"California Academy of Sciences, 2000-2010",train,p,data/images/Tetramorium/casent0492794_p.jpg,False,2000.0,2010.0,260ad5340b2da826e90e0f1385e42fd53488a8ff10bf459a267c696755fd072d,https://api.gbif.org/v1/image/cache/1024x1024/occurrence/865228573/media/1e75d8d9ad87cdfe840bef23e3643522,,gbif_cache,False,1024,1024,1.0,93804,146.0,148.0,147.0,133.68,-1.0,0.057,0.02522,black_bar,truncated,,,,0.941,0.964,1,
casent0492837,Crematogaster,myrmicinae,Crematogaster alafara,Estella Ortega,gbif_cache,Holotype,"California Academy of Sciences, 2000-2012",train,p,data/images/Crematogaster/casent0492837_p.jpg,True,2000.0,2012.0,831222a8ceaf0b2d8ee8d44528f2d8a9d1eda26c546f0ff11def7c19326e6818,https://api.gbif.org/v1/image/cache/1024x1024/occurrence/865228209/media/9c629f93c81fdfc7e1be775971d2a90e,,gbif_cache,False,1024,1024,1.0,120190,176.0,177.0,181.0,163.72,-5.0,0.05465,0.01171,black_bar,truncated,,,,0.965,0.963,1,
casent0492888,Camponotus,formicinae,Camponotus varatra,Erin Prado,gbif_cache,Holotype,"California Academy of Sciences, 2000-2010",train,p,data/images/Camponotus/casent0492888_p.jpg,True,2000.0,2010.0,df5d8b83e6f19028dfbb9a805e890c13973fe60fcfe59c91d02721b304f24999,https://api.gbif.org/v1/image/cache/1024x1024/occurrence/865228737/media/73e428b64f12d5a667dc9f40153bd7d0,,gbif_cache,False,1024,1024,1.0,145204,219.0,219.0,218.0,211.42,1.0,0.27493,0.06629,black_bar,found,311.0,0.3037,6.0,0.833,0.911,1,
casent0494141,Hypoponera,ponerinae,Hypoponera sakalava,April Nobile,commons,,"California Academy of Sciences, 2000-2008",train,p,data/images/Hypoponera/casent0494141_p.jpg,False,2000.0,2008.0,d212615ed2d1e5679c4a5e7edb8959f05035b2bd0ede89cc4382f092c9abc36d,https://upload.wikimedia.org/wikipedia/commons/8/89/Hypoponera_sakalava_casent0494141_profile_1.jpg,"harvester downscale, byte-identical",commons_original,False,1024,798,1.2832,165082,219.0,218.0,219.0,211.14,0.0,0.26869,0.04387,black_bar,found,242.0,0.2363,4.0,0.872,0.927,1,
casent0494149,Tetramorium,myrmicinae,Tetramorium severini,April Nobile,commons,,"California Academy of Sciences, 2000-2007",train,p,data/images/Tetramorium/casent0494149_p.jpg,False,2000.0,2007.0,a6668a1f64d6c9915d5446bc325af6af9657dd241b04f9541493d62abd6907f2,https://upload.wikimedia.org/wikipedia/commons/f/f2/Tetramorium_severini_casent0494149_profile_1.jpg,"harvester downscale, byte-identical",commons_original,False,1024,771,1.3281,191681,228.0,229.0,227.0,203.73,1.0,0.40583,0.1015,black_bar,found,133.0,0.1299,4.0,0.914,0.92,1,
casent0494701,Pheidole,myrmicinae,Pheidole praegrandis,April Nobile,commons,,"California Academy of Sciences, 2000-2007",train,p,data/images/Pheidole/casent0494701_p.jpg,False,2000.0,2007.0,c60a5709e14b7d798e485a5aa4ef23d19136693dda63a73795dab9da480ce7de,https://upload.wikimedia.org/wikipedia/commons/b/be/Pheidole_longispinosa_casent0494701_profile_1.jpg,"harvester downscale, byte-identical",commons_original,False,1024,771,1.3281,163806,226.0,225.0,223.0,219.32,3.0,0.29399,0.06751,black_bar,found,219.0,0.2139,5.0,0.872,0.92,1,
casent0495513,Bothroponera,ponerinae,Bothroponera cambouei,Jean Claude Rakotonirina,commons,,"California Academy of Sciences, 2000-2008",train,p,data/images/Bothroponera/casent0495513_p.jpg,False,2000.0,2008.0,807e446a129b3b01e320e8d66a42e97d8f8a19f70f4f76af7baaf2177d1c9cab,https://upload.wikimedia.org/wikipedia/commons/1/1a/Pachycondyla_cambouei_casent0495513_profile_1.jpg,"harvester downscale, byte-identical",commons_original,False,1024,745,1.3745,187782,179.0,181.0,183.0,174.69,-4.0,0.21697,0.04985,black_bar,found,170.0,0.166,4.0,0.193,0.923,1,
casent0497202,Pachycondyla,ponerinae,Euponera sikorae,Jean Claude Rakotonirina,commons,,"California Academy of Sciences, 2000-2008",train,p,data/images/Pachycondyla/casent0497202_p.jpg,False,2000.0,2008.0,ad90ca7ae1ce39f18ee3988bdca8b4e9819c1096b2a796a8e438974a540149f4,https://upload.wikimedia.org/wikipedia/commons/1/19/Pachycondyla_sikorae_casent0497202_profile_1.jpg,"harvester downscale, byte-identical",commons_original,False,1024,719,1.4242,202521,161.0,159.0,157.0,156.71,4.0,0.18897,0.10158,black_bar,found,223.0,0.2178,4.0,0.826,0.871,1,
casent0497580,Anochetus,ponerinae,Anochetus grandidieri,April Nobile,commons,,"California Academy of Sciences, 2000-2008",train,p,data/images/Anochetus/casent0497580_p.jpg,False,2000.0,2008.0,114ce488efb78d13187b65326d2547543f54f2142c55a23eabb0fb4723386f8c,https://upload.wikimedia.org/wikipedia/commons/6/6f/Anochetus_grandidieri_casent0497580_profile_1.jpg,"harvester downscale, byte-identical",commons_original,False,1024,771,1.3281,147499,147.0,142.0,139.0,130.95,8.0,0.09281,0.0309,black_bar,found,144.0,0.1406,4.0,0.651,0.936,1,
casent0497789,Platythyrea,ponerinae,Platythyrea bicuspis,Erin Prado,commons,,"California Academy of Sciences, 2000-2008",train,p,data/images/Platythyrea/casent0497789_p.jpg,False,2000.0,2008.0,73b1a7b29df1099ae258150118934da84db190138b5b3394d20da8cab81b102b,https://upload.wikimedia.org/wikipedia/commons/4/45/Platythyrea_bicuspis_casent0497789_profile_1.jpg,"harvester downscale, byte-identical",commons_original,False,1024,771,1.3281,132922,222.0,222.0,219.0,217.55,3.0,0.1115,0.00577,black_bar,found,146.0,0.1426,4.0,0.881,0.92,1,
casent0498309,Anochetus,ponerinae,Anochetus goodmani,April Nobile,commons,Holotype,"California Academy of Sciences, 2000-2007",train,p,data/images/Anochetus/casent0498309_p.jpg,True,2000.0,2007.0,deaad0eb855855651594df1a7afd1c8eef8877f9e760bdc101fcd63f543e2240,https://upload.wikimedia.org/wikipedia/commons/2/2e/Anochetus_goodmani_casent0498309_profile_1.jpg,"harvester downscale, byte-identical",commons_original,False,1024,771,1.3281,149709,154.0,154.0,145.0,134.7,9.0,0.05646,0.00519,black_bar,found,165.0,0.1611,5.0,0.592,0.935,1,
casent0498428,Aphaenogaster,myrmicinae,Aphaenogaster swammerdami,April Nobile,commons,,"California Academy of Sciences, 2000-2008",train,p,data/images/Aphaenogaster/casent0498428_p.jpg,False,2000.0,2008.0,3f60dafb09ee7a2b732df1b37b6605af300980e251dec9141e54a722845e46c6,https://upload.wikimedia.org/wikipedia/commons/a/ad/Aphaenogaster_swammerdami_casent0498428_profile_1.jpg,"harvester downscale, byte-identical",commons_original,False,1024,771,1.3281,180200,224.0,224.0,223.0,213.67,1.0,0.22316,0.04237,black_bar,found,219.0,0.2139,5.0,0.884,0.928,1,
casent0498535,Platythyrea,ponerinae,Platythyrea arthuri,April Nobile,commons,,"California Academy of Sciences, 2000-2007",train,p,data/images/Platythyrea/casent0498535_p.jpg,False,2000.0,2007.0,e6de58e376ab81565411961b2d867ef21323904da161d3ffadd7f620ffd9ca7c,https://upload.wikimedia.org/wikipedia/commons/3/3c/Platythyrea_arthuri_casent0498535_profile_1.jpg,"harvester downscale, byte-identical",commons_original,False,1024,746,1.3727,146179,221.0,222.0,220.0,213.11,1.0,0.24559,0.02791,black_bar,found,165.0,0.1611,4.0,0.899,0.917,1,
casent0498558,Cataulacus,myrmicinae,Cataulacus wasmanni,Erin Prado,gbif_cache,,"California Academy of Sciences, 2000-2008",train,p,data/images/Cataulacus/casent0498558_p.jpg,False,2000.0,2008.0,01b44f48d80dc4a2e317ee11e020b632809b22292dc7672fadc68d85c13a9a09,https://api.gbif.org/v1/image/cache/1024x1024/occurrence/865231951/media/96bbe49d6787246aa7e633b1920b1bb5,,gbif_cache,False,1024,1024,1.0,133822,234.0,236.0,235.0,210.38,-1.0,0.34647,0.09444,black_bar,truncated,,,,0.943,0.936,1,
casent0498567,Cataulacus,myrmicinae,Cataulacus wasmanni,April Nobile,commons,,"California Academy of Sciences, 2000-2008",test,p,data/images/Cataulacus/casent0498567_p.jpg,False,2000.0,2008.0,43d8eb89416eda0acabf938a771ac0a0fda3dade4badac5a96034b602896d58a,https://upload.wikimedia.org/wikipedia/commons/f/f7/Cataulacus_wasmanni_casent0498567_profile_1.jpg,"harvester downscale, byte-identical",commons_original,False,1024,794,1.2897,164894,214.0,214.0,213.0,210.02,1.0,0.32491,0.08864,black_bar,found,186.0,0.1816,4.0,0.898,0.931,1,
casent0498593,Anochetus,ponerinae,Anochetus madagascarensis,April Nobile,commons,,"California Academy of Sciences, 2000-2008",train,p,data/images/Anochetus/casent0498593_p.jpg,False,2000.0,2008.0,70093c3e904ca1cab98602f207f3c2d24a5747edc0f64e723b683a3cbd74f963,https://upload.wikimedia.org/wikipedia/commons/7/70/Anochetus_madagascarensis_casent0498593_profile_1.jpg,"harvester downscale, byte-identical",commons_original,False,1024,771,1.3281,169801,212.0,211.0,210.0,207.88,2.0,0.17339,0.03777,black_bar,found,208.0,0.2031,5.0,0.887,0.927,1,
casent0498885,Crematogaster,myrmicinae,Crematogaster kelleri,April Nobile,commons,,"California Academy of Sciences, 2000-2007",train,p,data/images/Crematogaster/casent0498885_p.jpg,False,2000.0,2007.0,5f8ac76a646ff4705a7390abad3f3f41ef3fdf4ae3e06fcf44461d4b81969db6,https://upload.wikimedia.org/wikipedia/commons/e/e0/Crematogaster_adrepens_casent0498885_profile_1.jpg,"harvester downscale, byte-identical",commons_original,False,1024,741,1.3819,155086,214.0,214.0,209.0,201.52,5.0,0.13764,0.01997,black_bar,found,181.0,0.1768,4.0,0.891,0.916,1,
casent0498916,Camponotus,formicinae,Camponotus sada,Erin Prado,gbif_cache,Holotype,"California Academy of Sciences, 2000-2010",train,p,data/images/Camponotus/casent0498916_p.jpg,True,2000.0,2010.0,8aabcc924171ccb4c03fe5d3472ec7c8d19e9f3263664c738591af17084e5834,https://api.gbif.org/v1/image/cache/1024x1024/occurrence/865231657/media/41792119d02ed585e8e19011189922f1,,gbif_cache,False,1024,1024,1.0,159861,226.0,220.0,208.0,191.43,18.0,0.21583,0.05053,black_bar,truncated,,,,0.948,0.927,1,
casent0499051,Camponotus,formicinae,Camponotus raina,Erin Prado,gbif_cache,Holotype,"California Academy of Sciences, 2000-2010",train,p,data/images/Camponotus/casent0499051_p.jpg,True,2000.0,2010.0,6c94eb1f10cea64a6c24edcd3f2f3d76cf7b63217806de06923def25769458e3,https://api.gbif.org/v1/image/cache/1024x1024/occurrence/865231559/media/82f8497e9331b5c15d6133656c916c05,,gbif_cache,False,1024,1024,1.0,150874,226.0,224.0,210.0,215.17,16.0,0.11603,0.00929,black_bar,truncated,,,,0.976,0.923,1,
casent0499163,Terataner,myrmicinae,Terataner alluaudi,Erin Prado,commons,,"California Academy of Sciences, 2000-2008",train,p,data/images/Terataner/casent0499163_p.jpg,False,2000.0,2008.0,3786aac9e28b4d24be321023421e8a4ad08fcacba4f50db524aadd0d3c0381d0,https://upload.wikimedia.org/wikipedia/commons/c/c6/Terataner_alluaudi_casent0499163_profile_1.jpg,"harvester downscale, byte-identical",commons_original,False,1024,771,1.3281,190109,235.0,236.0,237.0,228.94,-2.0,0.20866,0.03615,black_bar,found,164.0,0.1602,4.0,0.896,0.93,1,
casent0499525,Odontomachus,ponerinae,Odontomachus coquereli,April Nobile,commons,,"California Academy of Sciences, 2000-2008",train,p,data/images/Odontomachus/casent0499525_p.jpg,False,2000.0,2008.0,ba063f46e1d741fbb148de2a46cc0deec284ebd4d80645809fee27e04bfeb329,https://upload.wikimedia.org/wikipedia/commons/5/56/Odontomachus_coquereli_casent0499525_profile_1.jpg,"harvester downscale, byte-identical",commons_original,False,1024,769,1.3316,163208,214.0,214.0,214.0,201.52,0.0,0.1625,0.02042,black_bar,found,205.0,0.2002,4.0,0.883,0.931,1,
casent0499794,Technomyrmex,dolichoderinae,Technomyrmex mayri,April Nobile,commons,,"California Academy of Sciences, 2000-2008",test,p,data/images/Technomyrmex/casent0499794_p.jpg,False,2000.0,2008.0,37dedf3417b6280a2e67452b2907f44f23aa939fbde678c7a6eebf4e24f0d271,https://upload.wikimedia.org/wikipedia/commons/3/3b/Technomyrmex_mayri_casent0499794_profile_1.jpg,"harvester downscale, byte-identical",commons_original,False,1024,771,1.3281,158849,222.0,222.0,221.0,195.95,1.0,0.28235,0.03246,black_bar,found,166.0,0.1621,5.0,0.897,0.92,1,
casent0499800,Strumigenys,myrmicinae,Strumigenys dicomas,April Nobile,commons,,"California Academy of Sciences, 2000-2007",train,p,data/images/Strumigenys/casent0499800_p.jpg,False,2000.0,2007.0,6b4088ab48bba4ba32cf868751d1775d8bc604a0c5b5b23f0746af372467381c,https://upload.wikimedia.org/wikipedia/commons/0/04/Strumigenys_dicomas_casent0499800_profile_1.jpg,"harvester downscale, byte-identical",commons_original,False,1024,737,1.3894,142331,212.0,212.0,211.0,192.63,1.0,0.20334,0.01134,black_bar,found,133.0,0.1299,4.0,0.916,0.927,1,
casent0704282,Pheidole,myrmicinae,Pheidole masoandro,Michele Esposito,gbif_cache,Holotype,"California Academy of Sciences, 2000-2019",test,p,data/images/Pheidole/casent0704282_p.jpg,True,2000.0,2019.0,573fa9bc2d88198d9c94c6435dc1aa3bf663724c93200c0f376c5f36459c736c,https://api.gbif.org/v1/image/cache/1024x1024/occurrence/2425456555/media/8d9646d3c39f03abe3c15b5611be2e40,,gbif_cache,False,1024,1024,1.0,102518,124.0,119.0,118.0,121.46,6.0,0.00637,0.00647,black_bar,truncated,,,,0.929,0.957,1,
casent0720924,Pheidole,myrmicinae,Pheidole ambohimanga,Michele Esposito,gbif_cache,Holotype,"California Academy of Sciences, 2000-2019",train,p,data/images/Pheidole/casent0720924_p.jpg,True,2000.0,2019.0,8e8a389b152eed04362beaa999ad87ccee3d14a8d2a17e4d25c2fb6f3b5c1056,https://api.gbif.org/v1/image/cache/1024x1024/occurrence/2425456579/media/06ef93a09227e7f6817f19eca369b5d9,,gbif_cache,False,1024,1024,1.0,122129,136.0,136.0,135.0,134.93,1.0,0.08042,0.05145,black_bar,found,303.0,0.2959,11.0,0.812,0.932,1,
casent0808080,Pheidole,myrmicinae,Pheidole ovalinoda,Michele Esposito,gbif_cache,Holotype,"California Academy of Sciences, 2000-2019",test,p,data/images/Pheidole/casent0808080_p.jpg,True,2000.0,2019.0,aa8a3d7f21b3f4445a06cbc3e8e333b2de7aaefd2a287388bb46ddad0a5b36b0,https://api.gbif.org/v1/image/cache/1024x1024/occurrence/1935635118/media/3e4d1e673b8d09f84270e2cb82455bb6,,gbif_cache,False,1024,1024,1.0,110949,148.0,147.0,149.0,145.52,-1.0,0.07854,0.04458,black_bar,truncated,,,,0.942,0.97,1,
casent0812061,Cardiocondyla,myrmicinae,Cardiocondyla emeryi,Peter Hawkes,gbif_cache,,"California Academy of Sciences, 2000-2012",test,p,data/images/Cardiocondyla/casent0812061_p.jpg,False,2000.0,2012.0,e9d6c313ff89471e343af6dd696efa7d342165d5657d94d946744064201ca914,https://api.gbif.org/v1/image/cache/1024x1024/occurrence/1848239287/media/349afeeae940eccfbf801ed87287d877,,gbif_cache,False,1024,1024,1.0,96792,190.0,186.0,175.0,182.92,15.0,0.07724,0.01919,black_bar,truncated,,,,0.881,0.962,1,
casent0822320,Aphaenogaster,myrmicinae,Aphaenogaster swammerdami,Michele Esposito,gbif_cache,,"California Academy of Sciences, 2000-2012",train,p,data/images/Aphaenogaster/casent0822320_p.jpg,False,2000.0,2012.0,2dec080e86e186ecd58c3bd08f3456f9a0f4c49aa3dfff20f4a3837ac261e286,https://api.gbif.org/v1/image/cache/1024x1024/occurrence/1413786162/media/bd6d9cf9062a1beae43668aa49e503e1,,gbif_cache,False,1024,1024,1.0,70434,188.0,187.0,193.0,173.44,-5.0,0.08017,0.02186,black_bar,truncated,,,,0.945,0.964,1,
casent0840847,Pachycondyla,ponerinae,Pachycondyla perroti,Wade Lee,gbif_cache,,"California Academy of Sciences, 2000-2012",train,p,data/images/Pachycondyla/casent0840847_p.jpg,False,2000.0,2012.0,cdc336549c38bb010ae28a048aa9b6775ef92cce163488b0a9d9362c8535bd27,https://api.gbif.org/v1/image/cache/1024x1024/occurrence/1839282015/media/bc9958aae9198d7e514f0e6bb1f4a737,,gbif_cache,False,1024,1024,1.0,107222,163.0,171.0,173.0,167.17,-10.0,0.25228,0.13435,black_bar,truncated,,,,0.93,0.95,1,
casent0905276,Camponotus,formicinae,Camponotus maculatus,Will Ericson,gbif_cache,,"California Academy of Sciences, 2000-2012",train,p,data/images/Camponotus/casent0905276_p.jpg,False,2000.0,2012.0,e5e0891866f4f7abe0bd2494fb66f19550aac5cd99805bd86fe97c70b937418e,https://api.gbif.org/v1/image/cache/1024x1024/occurrence/865266404/media/71dc28cdc27414d02e99f9c6e14414a4,,gbif_cache,False,1024,1024,1.0,143982,127.0,126.0,128.0,124.59,-1.0,0.11833,0.10477,none,not_found,,,,,,0,
casent0905277,Camponotus,formicinae,Camponotus maculatus,Will Ericson,gbif_cache,,"California Academy of Sciences, 2000-2012",train,p,data/images/Camponotus/casent0905277_p.jpg,False,2000.0,2012.0,5d191cbeaca815ba799fff7a72012789523cc332fdca7db19766a1a6b7c3d534,https://api.gbif.org/v1/image/cache/1024x1024/occurrence/865266429/media/9a51b2050cbf8050a98501ee07a9fc3d,,gbif_cache,False,1024,1024,1.0,121658,139.0,137.0,139.0,131.87,0.0,0.04853,0.03866,black_bar,truncated,,,,0.965,0.963,1,
casent0906497,Pheidole,myrmicinae,Pheidole maro,Michele Esposito,gbif_cache,,"California Academy of Sciences, 2000-2012",train,p,data/images/Pheidole/casent0906497_p.jpg,False,2000.0,2012.0,2793dcc6136bdfb924f6242b69880e2663bbda4adb322ddde69925f19b1a0ed7,https://api.gbif.org/v1/image/cache/1024x1024/occurrence/1213737804/media/04a21ea63985b6bd3f334e2d4b69ec55,,gbif_cache,False,1024,1024,1.0,95312,146.0,146.0,147.0,152.49,-1.0,0.00798,0.00396,black_bar,found,206.0,0.2012,9.0,0.784,0.924,1,
casent0906905,Mystrium,amblyoponinae,Mystrium rogeri,Michele Esposito,gbif_cache,,"California Academy of Sciences, 2000-2012",train,p,data/images/Mystrium/casent0906905_p.jpg,False,2000.0,2012.0,d50b336523423ff7acda03eb17fd6cb9dce50c0fc6557d24d9bd16ac68df8091,https://api.gbif.org/v1/image/cache/1024x1024/occurrence/1085685368/media/f5722b057506dabcc900465e1b03c945,,gbif_cache,False,1024,1024,1.0,112678,149.0,150.0,151.0,148.1,-2.0,0.14516,0.06169,none,not_found,,,,,,0,
casent0919664,Crematogaster,myrmicinae,Crematogaster castanea,Flavia Esteves,gbif_cache,Syntype,"California Academy of Sciences, 2000-2012",train,p,data/images/Crematogaster/casent0919664_p.jpg,True,2000.0,2012.0,6550e30c0178ae0baa983ee2403540a0752204775ceb50ef01c615391a6a4ff4,https://api.gbif.org/v1/image/cache/1024x1024/occurrence/1213738841/media/53e18f3fcbca6930c5b210dd7f572edf,,gbif_cache,False,1024,1024,1.0,117376,183.0,183.0,185.0,170.05,-2.0,0.13859,0.02954,none,not_found,,,,,,0,
casent0919845,Nesomyrmex,myrmicinae,Nesomyrmex cingulatus,Michele Esposito,gbif_cache,Holotype,"California Academy of Sciences, 2000-2012",test,p,data/images/Nesomyrmex/casent0919845_p.jpg,True,2000.0,2012.0,2b9720d796da7529ef6810cffc8c4cc0d063d04b0fc77ce998d6c6a3c760dc90,https://api.gbif.org/v1/image/cache/1024x1024/occurrence/1249180806/media/2613dc73e513e4a2531351b1f0c668d8,,gbif_cache,False,1024,1024,1.0,89969,130.0,130.0,117.0,125.68,13.0,0.01794,0.01325,none,not_found,,,,,,0,
casent0923194,Pheidole,myrmicinae,Pheidole sikorae,Michele Esposito,gbif_cache,Paralectotype,"California Academy of Sciences, 2000-2019",train,p,data/images/Pheidole/casent0923194_p.jpg,True,2000.0,2019.0,625e692cf37366372bba8cc0ceebdeaf017bfea7579b6352b640ce489a6f777e,https://api.gbif.org/v1/image/cache/1024x1024/occurrence/2252113798/media/486cd3eea10d22b7b1c20f820bd1c098,,gbif_cache,False,1024,1024,1.0,160638,151.0,121.0,116.0,155.95,35.0,0.0078,0.0067,none,not_found,,,,,,0,
casent0923257,Pheidole,myrmicinae,Pheidole alina,Michele Esposito,gbif_cache,Holotype,"California Academy of Sciences, 2000-2019",train,p,data/images/Pheidole/casent0923257_p.jpg,True,2000.0,2019.0,eb5781c012a41ab3e64e3efb7c5c4cc7500e24ee60af79908cebf70de0df88f8,https://api.gbif.org/v1/image/cache/1024x1024/occurrence/2425456608/media/6cb6876177573bb3c1ff635de6d37f68,,gbif_cache,False,1024,1024,1.0,132816,162.0,167.0,167.0,162.61,-5.0,0.12995,0.05962,black_bar,truncated,,,,0.945,0.969,1,
casent0923269,Pheidole,myrmicinae,Pheidole indica,Michele Esposito,gbif_cache,,"California Academy of Sciences, 2000-2019",train,p,data/images/Pheidole/casent0923269_p.jpg,False,2000.0,2019.0,751978d1d16b04b68f6841c1cdc1c0916a69956e63460d47df2663f20a6ee299,https://api.gbif.org/v1/image/cache/1024x1024/occurrence/2425456602/media/8cea9e43f520e0b9c07c1546236e6c28,,gbif_cache,False,1024,1024,1.0,111986,145.0,145.0,146.0,134.2,-1.0,0.05736,0.02791,black_bar,truncated,,,,0.963,0.965,1,
casent0923292,Pheidole,myrmicinae,Pheidole mahamavo,Michele Esposito,gbif_cache,Holotype,"California Academy of Sciences, 2000-2019",test,p,data/images/Pheidole/casent0923292_p.jpg,True,2000.0,2019.0,0624ef129c05aa8474bc6eccc37e40ed8974b6fc98a76de2653d6a4dc9ab17e5,https://api.gbif.org/v1/image/cache/1024x1024/occurrence/2459176539/media/875098ce6bab2f092429c40d7b631955,,gbif_cache,False,1024,1024,1.0,109455,144.0,144.0,142.0,141.86,2.0,0.05823,0.02705,black_bar,truncated,,,,0.953,0.929,1,
casent0923322,Pheidole,myrmicinae,Pheidole sikorae,Michele Esposito,gbif_cache,,"California Academy of Sciences, 2000-2019",train,p,data/images/Pheidole/casent0923322_p.jpg,False,2000.0,2019.0,4faceb0e86e42b4baa1fdafee60448beff1a7a2ec2711a1459a0943900cfcbbf,https://api.gbif.org/v1/image/cache/1024x1024/occurrence/2451562124/media/7a1685acaa912fbe01bd90b56ce17ae1,,gbif_cache,False,1024,1024,1.0,103524,134.0,125.0,103.0,121.01,31.0,0.02161,0.01819,black_bar,found,160.0,0.1562,11.0,0.771,0.948,1,
casent0923668,Tapinoma,dolichoderinae,Tapinoma glaesaria,Michele Esposito,commons,,"California Academy of Sciences, 2000-2022",train,p,data/images/Tapinoma/casent0923668_p.jpg,False,2000.0,2022.0,5e977813e90b2963f6734ecd8229d21505a0513e4b1ed6ad051d9ee27f50e16f,https://upload.wikimedia.org/wikipedia/commons/2/2b/Tapinoma_aberrans_casent0923668_profile_1.jpg,"Commons server thumbnail, byte-identical",commons_thumbnail,True,1280,939,1.3632,221886,83.0,85.0,83.0,83.93,0.0,0.01669,0.06539,black_bar,found,188.0,0.1469,9.0,0.895,0.96,1,
focol2361,Camponotus,formicinae,Camponotus maculatus,Christiana Klingenberg,gbif_cache,,"California Academy of Sciences, 2000-2012",train,p,data/images/Camponotus/focol2361_p.jpg,False,2000.0,2012.0,6fdc78c7ad0a9363c15cde5f17e000e1d6ad32918a7b0e9ae1742ef9b0149ad4,https://api.gbif.org/v1/image/cache/1024x1024/occurrence/1229647630/media/8e9e43053d6dd392fee8c17b81db7c8a,,gbif_cache,False,1024,1024,1.0,121030,224.0,224.0,211.0,206.78,13.0,0.06155,0.00162,none,not_found,,,,,,0,
focol2362,Camponotus,formicinae,Camponotus maculatus,Christiana Klingenberg,gbif_cache,,"California Academy of Sciences, 2000-2012",train,p,data/images/Camponotus/focol2362_p.jpg,False,2000.0,2012.0,fa245e3aea19ece0453cdc6fd89a867dfee5d4a95d33230dcfe144c3076e8b74,https://api.gbif.org/v1/image/cache/1024x1024/occurrence/1229647617/media/5027d3a264bcbba7d72bf6a03e0c61dd,,gbif_cache,False,1024,1024,1.0,123511,220.0,221.0,200.0,211.05,20.0,0.04281,0.00186,thin_line,truncated,,,,0.031,0.954,0,
focol2363,Camponotus,formicinae,Camponotus maculatus,Christiana Klingenberg,gbif_cache,,"California Academy of Sciences, 2000-2012",train,p,data/images/Camponotus/focol2363_p.jpg,False,2000.0,2012.0,89a68d47550da93746656134cec9d1316270cd4641f7dd6ef3a68df0255564de,https://api.gbif.org/v1/image/cache/1024x1024/occurrence/1229647615/media/c4fc502a0739465b43bb50cf7d53e931,,gbif_cache,False,1024,1024,1.0,120444,207.0,204.0,187.0,197.93,20.0,0.03253,0.00068,black_bar,truncated,,,,0.026,0.934,1,
focol2364,Camponotus,formicinae,Camponotus maculatus,Christiana Klingenberg,gbif_cache,,"California Academy of Sciences, 2000-2012",train,p,data/images/Camponotus/focol2364_p.jpg,False,2000.0,2012.0,00d19d8ee7acc63bc1fefaa629a7f30ea0765ec3f987f44401ed223e628ce326,https://api.gbif.org/v1/image/cache/1024x1024/occurrence/1229647609/media/833cd70dd08b3bb1c7816c85e7914ed9,,gbif_cache,False,1024,1024,1.0,132006,228.0,225.0,206.0,203.32,22.0,0.09109,0.00162,thin_line,truncated,,,,0.222,0.917,0,
focol2384,Camponotus,formicinae,Camponotus maculatus,Christiana Klingenberg,gbif_cache,,"California Academy of Sciences, 2000-2012",train,p,data/images/Camponotus/focol2384_p.jpg,False,2000.0,2012.0,d831b8624c325b866ae6987c545ad7e1936c32e76495e56f9f1a90912a9aec1d,https://api.gbif.org/v1/image/cache/1024x1024/occurrence/1229647637/media/53c962a850dfa2eae3b1214e8816d7c5,,gbif_cache,False,1024,1024,1.0,132769,200.0,190.0,169.0,190.15,31.0,0.04295,0.00811,none,not_found,,,,,,0,
focol2385,Camponotus,formicinae,Camponotus maculatus,Christiana Klingenberg,gbif_cache,,"California Academy of Sciences, 2000-2012",test,p,data/images/Camponotus/focol2385_p.jpg,False,2000.0,2012.0,13ce3d6cedfe4d25a5cf534961b7317824714a4096031e72041c6cdb1e7929ad,https://api.gbif.org/v1/image/cache/1024x1024/occurrence/1229647626/media/06c02eda1d27bdbab3c5404a7d3b61e1,,gbif_cache,False,1024,1024,1.0,121852,236.0,237.0,224.0,201.4,12.0,0.22572,0.01738,thin_line,truncated,,,,0.815,0.922,0,
