specimen_code,genus,view,image_path,n_candidates,candidate_rank,commons_file,commons_url,commons_sha1,commons_width,commons_height,commons_upload_timestamp,match_confidence,method,psnr_db,phash_distance,rank1_psnr_db,error
casent0000550,Mystrium,p,data/images/Mystrium/casent0000550_p.jpg,1.0,1.0,Mystrium mysticum casent0000550 profile 1.jpg,https://upload.wikimedia.org/wikipedia/commons/5/5a/Mystrium_mysticum_casent0000550_profile_1.jpg?utm_source=commons.wikimedia.org&utm_campaign=imageinfo&utm_content=original,692ddfecaf731b0478058a29485d6ee42234ee8b,1438.0,808.0,2009-10-20T11:36:58Z,exact,"Commons server thumbnail, byte-identical",inf,0.0,inf,
casent0000760,Mystrium,p,data/images/Mystrium/casent0000760_p.jpg,1.0,1.0,Mystrium rogeri casent0000760 profile 1.jpg,https://upload.wikimedia.org/wikipedia/commons/9/90/Mystrium_rogeri_casent0000760_profile_1.jpg?utm_source=commons.wikimedia.org&utm_campaign=imageinfo&utm_content=original,05f3d322eaad1de8c2a07d5c22916bb6857789f4,1254.0,808.0,2009-10-19T00:10:50Z,exact,"original file, byte-identical",inf,0.0,inf,
casent0001385,Aphaenogaster,p,data/images/Aphaenogaster/casent0001385_p.jpg,1.0,1.0,Aphaenogaster swammerdami casent0001385 profile 1.jpg,https://upload.wikimedia.org/wikipedia/commons/5/56/Aphaenogaster_swammerdami_casent0001385_profile_1.jpg?utm_source=commons.wikimedia.org&utm_campaign=imageinfo&utm_content=original,5213002c693225a46a21ebf9492897200980f4b7,1071.0,808.0,2009-10-18T12:22:58Z,exact,"original file, byte-identical",inf,0.0,inf,
casent0002102,Mystrium,p,data/images/Mystrium/casent0002102_p.jpg,1.0,1.0,Mystrium voeltzkowi casent0002102 profile 1.jpg,https://upload.wikimedia.org/wikipedia/commons/b/b4/Mystrium_voeltzkowi_casent0002102_profile_1.jpg?utm_source=commons.wikimedia.org&utm_campaign=imageinfo&utm_content=original,05fef361c8c4f80606853e0e40181da39f982465,1133.0,808.0,2009-10-20T22:17:50Z,exact,"original file, byte-identical",inf,0.0,inf,
casent0002219,Royidris,p,data/images/Royidris/casent0002219_p.jpg,1.0,1.0,Monomorium notorthotenes casent0002219 profile 1.jpg,https://upload.wikimedia.org/wikipedia/commons/8/84/Monomorium_notorthotenes_casent0002219_profile_1.jpg?utm_source=commons.wikimedia.org&utm_campaign=imageinfo&utm_content=original,1ac7e677255ddd8b60c41de4015464faab47ad97,1140.0,808.0,2009-10-20T23:02:24Z,exact,"original file, byte-identical",inf,0.0,inf,
casent0002244,Royidris,p,data/images/Royidris/casent0002244_p.jpg,1.0,1.0,Monomorium notorthotenes casent0002244 profile 1.jpg,https://upload.wikimedia.org/wikipedia/commons/a/a5/Monomorium_notorthotenes_casent0002244_profile_1.jpg?utm_source=commons.wikimedia.org&utm_campaign=imageinfo&utm_content=original,cc2331991d0722b4cbcb0ff44e36922f9c4fd7ad,1163.0,808.0,2009-10-18T18:03:00Z,exact,"original file, byte-identical",inf,0.0,inf,
casent0002257,Royidris,p,data/images/Royidris/casent0002257_p.jpg,1.0,1.0,Monomorium notorthotenes casent0002257 profile 1.jpg,https://upload.wikimedia.org/wikipedia/commons/5/51/Monomorium_notorthotenes_casent0002257_profile_1.jpg?utm_source=commons.wikimedia.org&utm_campaign=imageinfo&utm_content=original,654e8d2f9d1d3e16a9ca896b46fe6bd2cc121a5d,1113.0,808.0,2009-10-20T04:13:10Z,exact,"harvester downscale, byte-identical",inf,0.0,inf,
casent0002259,Royidris,p,data/images/Royidris/casent0002259_p.jpg,1.0,1.0,Monomorium notorthotenes casent0002259 profile 1.jpg,https://upload.wikimedia.org/wikipedia/commons/4/4a/Monomorium_notorthotenes_casent0002259_profile_1.jpg?utm_source=commons.wikimedia.org&utm_campaign=imageinfo&utm_content=original,890b5b94a0c97f275724c4b3c20ecb6e19bcd0d6,1120.0,808.0,2009-10-18T08:47:19Z,exact,"harvester downscale, byte-identical",inf,0.0,inf,
casent0002552,Terataner,p,data/images/Terataner/casent0002552_p.jpg,1.0,1.0,Terataner xaltus casent0002552 profile 1.jpg,https://upload.wikimedia.org/wikipedia/commons/a/a7/Terataner_xaltus_casent0002552_profile_1.jpg?utm_source=commons.wikimedia.org&utm_campaign=imageinfo&utm_content=original,576fd8ba01ceee1c2ace2481edda896a46c39795,1051.0,808.0,2009-10-21T09:47:57Z,exact,"harvester downscale, byte-identical",inf,0.0,inf,
casent0003120,Nesomyrmex,p,data/images/Nesomyrmex/casent0003120_p.jpg,1.0,1.0,Nesomyrmex sikorai casent0003120 profile 1.jpg,https://upload.wikimedia.org/wikipedia/commons/a/a6/Nesomyrmex_sikorai_casent0003120_profile_1.jpg?utm_source=commons.wikimedia.org&utm_campaign=imageinfo&utm_content=original,b81c667c504b97815a45b2a06537115c35d5f042,1184.0,808.0,2009-10-19T12:41:49Z,exact,"harvester downscale, byte-identical",inf,0.0,inf,
casent0003175,Technomyrmex,p,data/images/Technomyrmex/casent0003175_p.jpg,1.0,1.0,Technomyrmex difficilis casent0003175 profile 1.jpg,https://upload.wikimedia.org/wikipedia/commons/9/91/Technomyrmex_difficilis_casent0003175_profile_1.jpg?utm_source=commons.wikimedia.org&utm_campaign=imageinfo&utm_content=original,2b09d760c4af0e0cff5fb96c0d62ec1b81d4ae85,1094.0,808.0,2009-10-21T09:55:04Z,exact,"harvester downscale, byte-identical",inf,0.0,inf,
casent0003239,Strumigenys,p,data/images/Strumigenys/casent0003239_p.jpg,1.0,1.0,Strumigenys alperti casent0003239 profile 1.jpg,https://upload.wikimedia.org/wikipedia/commons/4/44/Strumigenys_alperti_casent0003239_profile_1.jpg?utm_source=commons.wikimedia.org&utm_campaign=imageinfo&utm_content=original,da1a2e77946d82c31f58dea45742fe237f4fd7ef,1190.0,808.0,2009-10-20T15:29:39Z,exact,"harvester downscale, byte-identical",inf,0.0,inf,
casent0003240,Strumigenys,p,data/images/Strumigenys/casent0003240_p.jpg,1.0,1.0,Strumigenys coveri casent0003240 profile 1.jpg,https://upload.wikimedia.org/wikipedia/commons/b/b2/Strumigenys_coveri_casent0003240_profile_1.jpg?utm_source=commons.wikimedia.org&utm_campaign=imageinfo&utm_content=original,be687f9e82828d3f4cf2659402b422ce50f42927,1284.0,808.0,2009-10-22T02:32:18Z,exact,"harvester downscale, byte-identical",inf,0.0,inf,
casent0003241,Strumigenys,p,data/images/Strumigenys/casent0003241_p.jpg,1.0,1.0,Strumigenys gorgon casent0003241 profile 1.jpg,https://upload.wikimedia.org/wikipedia/commons/7/7b/Strumigenys_gorgon_casent0003241_profile_1.jpg?utm_source=commons.wikimedia.org&utm_campaign=imageinfo&utm_content=original,59b12599f734a228b190f5d248402887e8c751dc,1132.0,808.0,2009-10-22T08:55:22Z,exact,"harvester downscale, byte-identical",inf,0.0,inf,
casent0003242,Strumigenys,p,data/images/Strumigenys/casent0003242_p.jpg,1.0,1.0,Strumigenys rabesoni casent0003242 profile 1.jpg,https://upload.wikimedia.org/wikipedia/commons/d/d1/Strumigenys_rabesoni_casent0003242_profile_1.jpg?utm_source=commons.wikimedia.org&utm_campaign=imageinfo&utm_content=original,48352e787a1363c4e4d1d1f15858887980c74aa7,1241.0,808.0,2009-10-22T11:51:07Z,exact,"harvester downscale, byte-identical",inf,0.0,inf,
casent0003243,Strumigenys,p,data/images/Strumigenys/casent0003243_p.jpg,1.0,1.0,Strumigenys wardi casent0003243 profile 1.jpg,https://upload.wikimedia.org/wikipedia/commons/e/eb/Strumigenys_wardi_casent0003243_profile_1.jpg?utm_source=commons.wikimedia.org&utm_campaign=imageinfo&utm_content=original,c24faa900d7917180bc225ec81fa544c26a55990,1166.0,808.0,2009-10-18T17:19:38Z,exact,"harvester downscale, byte-identical",inf,0.0,inf,
casent0003245,Strumigenys,p,data/images/Strumigenys/casent0003245_p.jpg,1.0,1.0,Strumigenys manga casent0003245 profile 1.jpg,https://upload.wikimedia.org/wikipedia/commons/2/21/Strumigenys_manga_casent0003245_profile_1.jpg?utm_source=commons.wikimedia.org&utm_campaign=imageinfo&utm_content=original,3b7210ea63593d8c328c256872b2166cef4e373c,1264.0,808.0,2009-10-19T22:23:24Z,exact,"harvester downscale, byte-identical",inf,0.0,inf,
casent0003246,Strumigenys,p,data/images/Strumigenys/casent0003246_p.jpg,1.0,1.0,Strumigenys adsita casent0003246 profile 1.jpg,https://upload.wikimedia.org/wikipedia/commons/7/76/Strumigenys_adsita_casent0003246_profile_1.jpg?utm_source=commons.wikimedia.org&utm_campaign=imageinfo&utm_content=original,9af0d8d35728b220482638d8fadeda64ae05364e,1479.0,808.0,2009-10-22T07:47:36Z,exact,"Commons server thumbnail, byte-identical",inf,0.0,inf,
casent0003307,Mystrium,p,data/images/Mystrium/casent0003307_p.jpg,1.0,1.0,Mystrium mysticum casent0003307 profile 1.jpg,https://upload.wikimedia.org/wikipedia/commons/7/7f/Mystrium_mysticum_casent0003307_profile_1.jpg?utm_source=commons.wikimedia.org&utm_campaign=imageinfo&utm_content=original,29f4162298caa4b926cf7f1b92b7b69ba9266865,1355.0,808.0,2009-10-19T11:02:26Z,exact,"harvester downscale, byte-identical",inf,0.0,inf,
casent0003308,Mystrium,p,data/images/Mystrium/casent0003308_p.jpg,1.0,1.0,Mystrium rogeri casent0003308 profile 1.jpg,https://upload.wikimedia.org/wikipedia/commons/e/e5/Mystrium_rogeri_casent0003308_profile_1.jpg?utm_source=commons.wikimedia.org&utm_campaign=imageinfo&utm_content=original,cc98bfe96730e585a8f11188c2eb85f0fff7f03c,946.0,808.0,2009-10-19T19:58:57Z,exact,"harvester downscale, byte-identical",inf,0.0,inf,
casent0003309,Mystrium,p,data/images/Mystrium/casent0003309_p.jpg,1.0,1.0,Mystrium rogeri casent0003309 profile 1.jpg,https://upload.wikimedia.org/wikipedia/commons/7/7d/Mystrium_rogeri_casent0003309_profile_1.jpg?utm_source=commons.wikimedia.org&utm_campaign=imageinfo&utm_content=original,dab2666301e242c501c6bb13ac588b4b2080361b,1438.0,808.0,2009-10-21T02:13:35Z,exact,"harvester downscale, byte-identical",inf,0.0,inf,
casent0003310,Mystrium,p,data/images/Mystrium/casent0003310_p.jpg,1.0,1.0,Mystrium rogeri casent0003310 profile 1.jpg,https://upload.wikimedia.org/wikipedia/commons/f/f0/Mystrium_rogeri_casent0003310_profile_1.jpg?utm_source=commons.wikimedia.org&utm_campaign=imageinfo&utm_content=original,7fef3c71f231491ed11314eedd791d0415049a5f,822.0,808.0,2009-10-22T06:18:20Z,exact,"harvester downscale, byte-identical",inf,0.0,inf,
casent0003327,Monomorium,p,data/images/Monomorium/casent0003327_p.jpg,1.0,1.0,Monomorium termitobium casent0003327 profile 1.jpg,https://upload.wikimedia.org/wikipedia/commons/a/ac/Monomorium_termitobium_casent0003327_profile_1.jpg?utm_source=commons.wikimedia.org&utm_campaign=imageinfo&utm_content=original,63f6a8689c4dd7ec691eefe60766aa8f1feba8b8,1073.0,808.0,2009-10-20T13:42:31Z,exact,"harvester downscale, byte-identical",inf,0.0,inf,
casent0003806,Mystrium,p,data/images/Mystrium/casent0003806_p.jpg,1.0,1.0,Mystrium rogeri casent0003806 profile 1.jpg,https://upload.wikimedia.org/wikipedia/commons/6/6f/Mystrium_rogeri_casent0003806_profile_1.jpg?utm_source=commons.wikimedia.org&utm_campaign=imageinfo&utm_content=original,f8f929c9a73afbaad948ba8fe343247ccb2460ce,1257.0,808.0,2009-10-22T06:43:53Z,exact,"harvester downscale, byte-identical",inf,0.0,inf,
casent0003814,Leptogenys,p,data/images/Leptogenys/casent0003814_p.jpg,1.0,1.0,Leptogenys falcigera casent0003814 profile 1.jpg,https://upload.wikimedia.org/wikipedia/commons/5/58/Leptogenys_falcigera_casent0003814_profile_1.jpg?utm_source=commons.wikimedia.org&utm_campaign=imageinfo&utm_content=original,84dc61388c82198c0b6d36727b390257cce4adc6,1038.0,808.0,2009-10-19T13:17:01Z,exact,"harvester downscale, byte-identical",inf,0.0,inf,
casent0003992,Monomorium,p,data/images/Monomorium/casent0003992_p.jpg,1.0,1.0,Monomorium termitobium casent0003992 profile 1.jpg,https://upload.wikimedia.org/wikipedia/commons/d/db/Monomorium_termitobium_casent0003992_profile_1.jpg?utm_source=commons.wikimedia.org&utm_campaign=imageinfo&utm_content=original,d5d5772ec09b26fb6b4fca367b5fef8e3ea71c46,1073.0,808.0,2009-10-22T21:09:22Z,exact,"harvester downscale, byte-identical",inf,0.0,inf,
casent0004370,Strumigenys,p,data/images/Strumigenys/casent0004370_p.jpg,1.0,1.0,Strumigenys bola casent0004370 profile 1.jpg,https://upload.wikimedia.org/wikipedia/commons/4/4f/Strumigenys_bola_casent0004370_profile_1.jpg?utm_source=commons.wikimedia.org&utm_campaign=imageinfo&utm_content=original,3b5df850a555c317d38754f68ef04b4b73dfa1cb,1267.0,808.0,2009-10-21T01:47:11Z,exact,"harvester downscale, byte-identical",inf,0.0,inf,
casent0005445,Strumigenys,p,data/images/Strumigenys/casent0005445_p.jpg,1.0,1.0,Strumigenys ambatrix casent0005445 profile 1.jpg,https://upload.wikimedia.org/wikipedia/commons/b/bb/Strumigenys_ambatrix_casent0005445_profile_1.jpg?utm_source=commons.wikimedia.org&utm_campaign=imageinfo&utm_content=original,8f4c805fd91d1b6abad5ef1a113294bb32eb1403,1319.0,808.0,2009-10-18T22:13:15Z,exact,"harvester downscale, byte-identical",inf,0.0,inf,
casent0005446,Strumigenys,p,data/images/Strumigenys/casent0005446_p.jpg,1.0,1.0,Strumigenys ambatrix casent0005446 profile 1.jpg,https://upload.wikimedia.org/wikipedia/commons/5/55/Strumigenys_ambatrix_casent0005446_profile_1.jpg?utm_source=commons.wikimedia.org&utm_campaign=imageinfo&utm_content=original,cab5d62b9f5783e42c55938039ff0ebfae7132fd,1385.0,808.0,2009-10-21T13:21:30Z,exact,"harvester downscale, byte-identical",inf,0.0,inf,
casent0005447,Strumigenys,p,data/images/Strumigenys/casent0005447_p.jpg,1.0,1.0,Strumigenys ambatrix casent0005447 profile 1.jpg,https://upload.wikimedia.org/wikipedia/commons/f/ff/Strumigenys_ambatrix_casent0005447_profile_1.jpg?utm_source=commons.wikimedia.org&utm_campaign=imageinfo&utm_content=original,c39ac57ea9bdff3987a28c32c9982f6f88e5954b,1074.0,808.0,2009-10-20T23:56:00Z,exact,"harvester downscale, byte-identical",inf,0.0,inf,
casent0005448,Strumigenys,p,data/images/Strumigenys/casent0005448_p.jpg,1.0,1.0,Strumigenys erynnes casent0005448 profile 1.jpg,https://upload.wikimedia.org/wikipedia/commons/a/ae/Strumigenys_erynnes_casent0005448_profile_1.jpg?utm_source=commons.wikimedia.org&utm_campaign=imageinfo&utm_content=original,70f422fcc3e1564de3a805907990686be1e5a35f,861.0,808.0,2009-10-21T04:39:08Z,exact,"harvester downscale, byte-identical",inf,0.0,inf,
casent0005449,Strumigenys,p,data/images/Strumigenys/casent0005449_p.jpg,1.0,1.0,Strumigenys erynnes casent0005449 profile 1.jpg,https://upload.wikimedia.org/wikipedia/commons/3/3f/Strumigenys_erynnes_casent0005449_profile_1.jpg?utm_source=commons.wikimedia.org&utm_campaign=imageinfo&utm_content=original,b288ca6d908ddb24faf04614446aac7cd33f0524,1337.0,808.0,2009-10-20T10:00:05Z,exact,"harvester downscale, byte-identical",inf,0.0,inf,
casent0005450,Strumigenys,p,data/images/Strumigenys/casent0005450_p.jpg,1.0,1.0,Strumigenys erynnes casent0005450 profile 1.jpg,https://upload.wikimedia.org/wikipedia/commons/3/35/Strumigenys_erynnes_casent0005450_profile_1.jpg?utm_source=commons.wikimedia.org&utm_campaign=imageinfo&utm_content=original,209ac71af50925d5bdb2386b757d0c7571694cb0,852.0,808.0,2009-10-22T15:13:32Z,exact,"harvester downscale, byte-identical",inf,0.0,inf,
casent0005451,Strumigenys,p,data/images/Strumigenys/casent0005451_p.jpg,2.0,1.0,Strumigenys hathor casent0005451 profile 1.jpg,https://upload.wikimedia.org/wikipedia/commons/8/88/Strumigenys_hathor_casent0005451_profile_1.jpg?utm_source=commons.wikimedia.org&utm_campaign=imageinfo&utm_content=original,efd4b4dc8647dcaaf6e3999664d2f23c9c7772d8,1223.0,808.0,2009-10-18T08:48:22Z,exact,"harvester downscale, byte-identical",inf,0.0,inf,
casent0005453,Strumigenys,p,data/images/Strumigenys/casent0005453_p.jpg,1.0,1.0,Strumigenys exiguaevitae casent0005453 profile 1.jpg,https://upload.wikimedia.org/wikipedia/commons/4/41/Strumigenys_exiguaevitae_casent0005453_profile_1.jpg?utm_source=commons.wikimedia.org&utm_campaign=imageinfo&utm_content=original,c3c887d6b79287c1f39bbb621e63aca493317c0b,1068.0,808.0,2009-10-20T04:16:06Z,exact,"harvester downscale, byte-identical",inf,0.0,inf,
casent0005454,Strumigenys,p,data/images/Strumigenys/casent0005454_p.jpg,1.0,1.0,Strumigenys exiguaevitae casent0005454 profile 1.jpg,https://upload.wikimedia.org/wikipedia/commons/e/e4/Strumigenys_exiguaevitae_casent0005454_profile_1.jpg?utm_source=commons.wikimedia.org&utm_campaign=imageinfo&utm_content=original,45758020d39525e9cb4f562b161971880cd40780,1241.0,808.0,2009-10-22T20:04:00Z,exact,"harvester downscale, byte-identical",inf,0.0,inf,
casent0005455,Strumigenys,p,data/images/Strumigenys/casent0005455_p.jpg,1.0,1.0,Strumigenys olsoni casent0005455 profile 1.jpg,https://upload.wikimedia.org/wikipedia/commons/9/9b/Strumigenys_olsoni_casent0005455_profile_1.jpg?utm_source=commons.wikimedia.org&utm_campaign=imageinfo&utm_content=original,aa24bf2caeb2b4f5c347b5c95ace699b6350f5a5,1185.0,808.0,2009-10-18T18:57:27Z,exact,"harvester downscale, byte-identical",inf,0.0,inf,
casent0005456,Strumigenys,p,data/images/Strumigenys/casent0005456_p.jpg,1.0,1.0,Strumigenys serket casent0005456 profile 1.jpg,https://upload.wikimedia.org/wikipedia/commons/b/b8/Strumigenys_serket_casent0005456_profile_1.jpg?utm_source=commons.wikimedia.org&utm_campaign=imageinfo&utm_content=original,4f9fb6d2ff43bb323de05c674fb4dbc8b57d7162,1229.0,808.0,2009-10-20T15:48:10Z,exact,"harvester downscale, byte-identical",inf,0.0,inf,
casent0005457,Strumigenys,p,data/images/Strumigenys/casent0005457_p.jpg,1.0,1.0,Strumigenys seti casent0005457 profile 1.jpg,https://upload.wikimedia.org/wikipedia/commons/b/b5/Strumigenys_seti_casent0005457_profile_1.jpg?utm_source=commons.wikimedia.org&utm_campaign=imageinfo&utm_content=original,0adca0d3c06578b91b11505f74c76cc6afe24620,1124.0,808.0,2009-10-18T19:20:36Z,exact,"harvester downscale, byte-identical",inf,0.0,inf,
casent0005458,Strumigenys,p,data/images/Strumigenys/casent0005458_p.jpg,1.0,1.0,Strumigenys seti casent0005458 profile 1.jpg,https://upload.wikimedia.org/wikipedia/commons/e/e0/Strumigenys_seti_casent0005458_profile_1.jpg?utm_source=commons.wikimedia.org&utm_campaign=imageinfo&utm_content=original,d4a28a0a87dd05c5f4399d26c041d724267e14da,1071.0,808.0,2009-10-18T21:18:38Z,exact,"harvester downscale, byte-identical",inf,0.0,inf,
casent0005459,Strumigenys,p,data/images/Strumigenys/casent0005459_p.jpg,1.0,1.0,Strumigenys seti casent0005459 profile 1.jpg,https://upload.wikimedia.org/wikipedia/commons/c/c8/Strumigenys_seti_casent0005459_profile_1.jpg?utm_source=commons.wikimedia.org&utm_campaign=imageinfo&utm_content=original,eeb1f29470ebc68e76dbce84b70a5df048ef9ce7,1219.0,808.0,2009-10-21T20:36:32Z,exact,"harvester downscale, byte-identical",inf,0.0,inf,
casent0005461,Strumigenys,p,data/images/Strumigenys/casent0005461_p.jpg,1.0,1.0,Strumigenys tathula casent0005461 profile 1.jpg,https://upload.wikimedia.org/wikipedia/commons/2/25/Strumigenys_tathula_casent0005461_profile_1.jpg?utm_source=commons.wikimedia.org&utm_campaign=imageinfo&utm_content=original,29a72fbde92a8ccb2af7d5995c0c95d8ca1faa3d,1136.0,808.0,2009-10-22T17:03:39Z,exact,"harvester downscale, byte-identical",inf,0.0,inf,
casent0005462,Strumigenys,p,data/images/Strumigenys/casent0005462_p.jpg,1.0,1.0,Strumigenys victrix casent0005462 profile 1.jpg,https://upload.wikimedia.org/wikipedia/commons/2/27/Strumigenys_victrix_casent0005462_profile_1.jpg?utm_source=commons.wikimedia.org&utm_campaign=imageinfo&utm_content=original,ead2873213ad650c106f9b431c6708ad19f3df02,1184.0,808.0,2009-10-19T05:10:25Z,exact,"harvester downscale, byte-identical",inf,0.0,inf,
casent0005463,Strumigenys,p,data/images/Strumigenys/casent0005463_p.jpg,1.0,1.0,Strumigenys victrix casent0005463 profile 1.jpg,https://upload.wikimedia.org/wikipedia/commons/0/03/Strumigenys_victrix_casent0005463_profile_1.jpg?utm_source=commons.wikimedia.org&utm_campaign=imageinfo&utm_content=original,3bed0690ad8a0a68a5d4bc0b5a5cc5836ce4f6d9,1167.0,808.0,2009-10-22T22:44:28Z,exact,"harvester downscale, byte-identical",inf,0.0,inf,
casent0005464,Strumigenys,p,data/images/Strumigenys/casent0005464_p.jpg,1.0,1.0,Strumigenys victrix casent0005464 profile 1.jpg,https://upload.wikimedia.org/wikipedia/commons/c/c2/Strumigenys_victrix_casent0005464_profile_1.jpg?utm_source=commons.wikimedia.org&utm_campaign=imageinfo&utm_content=original,5c7581144beb6e7c06a624d165e787db1c136799,1146.0,808.0,2009-10-19T01:46:23Z,exact,"harvester downscale, byte-identical",inf,0.0,inf,
casent0005465,Strumigenys,p,data/images/Strumigenys/casent0005465_p.jpg,1.0,1.0,Strumigenys abdera casent0005465 profile 1.jpg,https://upload.wikimedia.org/wikipedia/commons/7/77/Strumigenys_abdera_casent0005465_profile_1.jpg?utm_source=commons.wikimedia.org&utm_campaign=imageinfo&utm_content=original,948a7da8c7df363fc90ef77bb85ddccc2061287f,1188.0,808.0,2009-10-19T12:07:52Z,exact,"harvester downscale, byte-identical",inf,0.0,inf,
casent0005466,Strumigenys,p,data/images/Strumigenys/casent0005466_p.jpg,1.0,1.0,Strumigenys abdera casent0005466 profile 1.jpg,https://upload.wikimedia.org/wikipedia/commons/b/b8/Strumigenys_abdera_casent0005466_profile_1.jpg?utm_source=commons.wikimedia.org&utm_campaign=imageinfo&utm_content=original,e41c29e918acfd75c03c03b5d2bd5a92cb349f67,1254.0,808.0,2009-10-19T03:48:28Z,exact,"harvester downscale, byte-identical",inf,0.0,inf,
casent0005467,Strumigenys,p,data/images/Strumigenys/casent0005467_p.jpg,1.0,1.0,Strumigenys actis casent0005467 profile 1.jpg,https://upload.wikimedia.org/wikipedia/commons/2/24/Strumigenys_actis_casent0005467_profile_1.jpg?utm_source=commons.wikimedia.org&utm_campaign=imageinfo&utm_content=original,fac52d94aed367cd981b3f608e3997eb70e6383a,1366.0,808.0,2009-10-20T16:39:56Z,exact,"Commons server thumbnail, byte-identical",inf,0.0,inf,
casent0005468,Strumigenys,p,data/images/Strumigenys/casent0005468_p.jpg,1.0,1.0,Strumigenys admixta casent0005468 profile 1.jpg,https://upload.wikimedia.org/wikipedia/commons/1/15/Strumigenys_admixta_casent0005468_profile_1.jpg?utm_source=commons.wikimedia.org&utm_campaign=imageinfo&utm_content=original,9bd6d0c613e88d0801010b5cb4ede46f06688449,1479.0,808.0,2009-10-21T08:49:24Z,exact,"Commons server thumbnail, byte-identical",inf,0.0,inf,
casent0005469,Strumigenys,p,data/images/Strumigenys/casent0005469_p.jpg,1.0,1.0,Strumigenys admixta casent0005469 profile 1.jpg,https://upload.wikimedia.org/wikipedia/commons/b/bf/Strumigenys_admixta_casent0005469_profile_1.jpg?utm_source=commons.wikimedia.org&utm_campaign=imageinfo&utm_content=original,e51703b165976e131de771c09d80bf78e36fdc0e,1485.0,808.0,2009-10-20T21:59:56Z,exact,"Commons server thumbnail, byte-identical",inf,0.0,inf,
casent0005470,Strumigenys,p,data/images/Strumigenys/casent0005470_p.jpg,1.0,1.0,Strumigenys admixta casent0005470 profile 1.jpg,https://upload.wikimedia.org/wikipedia/commons/8/8f/Strumigenys_admixta_casent0005470_profile_1.jpg?utm_source=commons.wikimedia.org&utm_campaign=imageinfo&utm_content=original,5e4b22c40cfa18ac89c5adfb551de5e138da9ef6,1333.0,808.0,2009-10-21T06:20:41Z,exact,"harvester downscale, byte-identical",inf,0.0,inf,
casent0005472,Strumigenys,p,data/images/Strumigenys/casent0005472_p.jpg,1.0,1.0,Strumigenys adsita casent0005472 profile 1.jpg,https://upload.wikimedia.org/wikipedia/commons/5/54/Strumigenys_adsita_casent0005472_profile_1.jpg?utm_source=commons.wikimedia.org&utm_campaign=imageinfo&utm_content=original,69d551f3568c272b92c6283f798bc7c7379cac3f,1181.0,808.0,2009-10-19T20:16:55Z,exact,"harvester downscale, byte-identical",inf,0.0,inf,
casent0005473,Strumigenys,p,data/images/Strumigenys/casent0005473_p.jpg,1.0,1.0,Strumigenys adsita casent0005473 profile 1.jpg,https://upload.wikimedia.org/wikipedia/commons/8/80/Strumigenys_adsita_casent0005473_profile_1.jpg?utm_source=commons.wikimedia.org&utm_campaign=imageinfo&utm_content=original,9fa6fd939dce09a356037dfc411a2e9d4c3dddd3,1329.0,808.0,2009-10-22T07:18:49Z,exact,"harvester downscale, byte-identical",inf,0.0,inf,
casent0005474,Strumigenys,p,data/images/Strumigenys/casent0005474_p.jpg,1.0,1.0,Strumigenys adsita casent0005474 profile 1.jpg,https://upload.wikimedia.org/wikipedia/commons/3/39/Strumigenys_adsita_casent0005474_profile_1.jpg?utm_source=commons.wikimedia.org&utm_campaign=imageinfo&utm_content=original,9272bfa5e1b1c38714f8970ad07d8fc4f483c864,1341.0,808.0,2009-10-21T21:13:18Z,exact,"harvester downscale, byte-identical",inf,0.0,inf,
casent0005478,Strumigenys,p,data/images/Strumigenys/casent0005478_p.jpg,1.0,1.0,Strumigenys agra casent0005478 profile 1.jpg,https://upload.wikimedia.org/wikipedia/commons/6/60/Strumigenys_agra_casent0005478_profile_1.jpg?utm_source=commons.wikimedia.org&utm_campaign=imageinfo&utm_content=original,42ef7c0d6ac6780dbf2822b5c0eb84f0920235b5,1301.0,808.0,2009-10-20T07:56:57Z,exact,"harvester downscale, byte-identical",inf,0.0,inf,
casent0005479,Strumigenys,p,data/images/Strumigenys/casent0005479_p.jpg,1.0,1.0,Strumigenys agra casent0005479 profile 1.jpg,https://upload.wikimedia.org/wikipedia/commons/5/55/Strumigenys_agra_casent0005479_profile_1.jpg?utm_source=commons.wikimedia.org&utm_campaign=imageinfo&utm_content=original,79db2cebabf9eebd1c5f4269c344be666f9ac388,1404.0,808.0,2009-10-18T07:43:00Z,exact,"harvester downscale, byte-identical",inf,0.0,inf,
casent0005481,Strumigenys,p,data/images/Strumigenys/casent0005481_p.jpg,1.0,1.0,Strumigenys agra casent0005481 profile 1.jpg,https://upload.wikimedia.org/wikipedia/commons/d/dd/Strumigenys_agra_casent0005481_profile_1.jpg?utm_source=commons.wikimedia.org&utm_campaign=imageinfo&utm_content=original,8f743ab75b35fc575130368f684c1f060cc9840a,1038.0,808.0,2009-10-20T06:01:19Z,exact,"harvester downscale, byte-identical",inf,0.0,inf,
casent0005483,Strumigenys,p,data/images/Strumigenys/casent0005483_p.jpg,1.0,1.0,Strumigenys dolabra casent0005483 profile 1.jpg,https://upload.wikimedia.org/wikipedia/commons/0/0d/Strumigenys_dolabra_casent0005483_profile_1.jpg?utm_source=commons.wikimedia.org&utm_campaign=imageinfo&utm_content=original,7184d9ea23c831acbcbde2aac5848e88f85d7e35,1541.0,808.0,2009-10-20T07:48:18Z,exact,"harvester downscale, byte-identical",inf,0.0,inf,
casent0005484,Strumigenys,p,data/images/Strumigenys/casent0005484_p.jpg,1.0,1.0,Strumigenys ampyx casent0005484 profile 1.jpg,https://upload.wikimedia.org/wikipedia/commons/0/07/Strumigenys_ampyx_casent0005484_profile_1.jpg?utm_source=commons.wikimedia.org&utm_campaign=imageinfo&utm_content=original,da29835ac95bbd57a3aa8db749a8b8b6c763f0ba,1251.0,808.0,2009-10-22T05:49:22Z,exact,"harvester downscale, byte-identical",inf,0.0,inf,
casent0005485,Strumigenys,p,data/images/Strumigenys/casent0005485_p.jpg,1.0,1.0,Strumigenys ampyx casent0005485 profile 1.jpg,https://upload.wikimedia.org/wikipedia/commons/8/87/Strumigenys_ampyx_casent0005485_profile_1.jpg?utm_source=commons.wikimedia.org&utm_campaign=imageinfo&utm_content=original,f334930d742928c352f08346dbcec4f64b1c47ca,1261.0,808.0,2009-10-21T00:05:33Z,exact,"harvester downscale, byte-identical",inf,0.0,inf,
casent0005486,Strumigenys,p,data/images/Strumigenys/casent0005486_p.jpg,1.0,1.0,Strumigenys ampyx casent0005486 profile 1.jpg,https://upload.wikimedia.org/wikipedia/commons/7/76/Strumigenys_ampyx_casent0005486_profile_1.jpg?utm_source=commons.wikimedia.org&utm_campaign=imageinfo&utm_content=original,9f4f171ebaf061d121a7ca353bd53e67f0903e69,933.0,808.0,2009-10-20T06:40:46Z,exact,"harvester downscale, byte-identical",inf,0.0,inf,
casent0005487,Strumigenys,p,data/images/Strumigenys/casent0005487_p.jpg,1.0,1.0,Strumigenys apios casent0005487 profile 1.jpg,https://upload.wikimedia.org/wikipedia/commons/2/29/Strumigenys_apios_casent0005487_profile_1.jpg?utm_source=commons.wikimedia.org&utm_campaign=imageinfo&utm_content=original,8c5b93847082eecb415b3f3055a948615edf04a7,1346.0,808.0,2009-10-18T17:51:00Z,exact,"Commons server thumbnail, byte-identical",inf,0.0,inf,
casent0005488,Strumigenys,p,data/images/Strumigenys/casent0005488_p.jpg,1.0,1.0,Strumigenys apios casent0005488 profile 1.jpg,https://upload.wikimedia.org/wikipedia/commons/3/3f/Strumigenys_apios_casent0005488_profile_1.jpg?utm_source=commons.wikimedia.org&utm_campaign=imageinfo&utm_content=original,7793da4fc4375f84dbc9cb11b503e2157589280c,1436.0,808.0,2009-10-21T11:07:37Z,exact,"harvester downscale, byte-identical",inf,0.0,inf,
casent0005489,Strumigenys,p,data/images/Strumigenys/casent0005489_p.jpg,1.0,1.0,Strumigenys apios casent0005489 profile 1.jpg,https://upload.wikimedia.org/wikipedia/commons/6/6e/Strumigenys_apios_casent0005489_profile_1.jpg?utm_source=commons.wikimedia.org&utm_campaign=imageinfo&utm_content=original,debfbefa52edc6d7483df421af9f105fb5ece4f7,1374.0,808.0,2009-10-20T18:23:12Z,exact,"harvester downscale, byte-identical",inf,0.0,inf,
casent0005490,Strumigenys,p,data/images/Strumigenys/casent0005490_p.jpg,1.0,1.0,Strumigenys balux casent0005490 profile 1.jpg,https://upload.wikimedia.org/wikipedia/commons/b/b7/Strumigenys_balux_casent0005490_profile_1.jpg?utm_source=commons.wikimedia.org&utm_campaign=imageinfo&utm_content=original,bbe1ca1bfc816c5bebef987f8ecabd160bd249d4,1430.0,808.0,2009-10-20T08:19:00Z,exact,"harvester downscale, byte-identical",inf,0.0,inf,
casent0005492,Strumigenys,p,data/images/Strumigenys/casent0005492_p.jpg,1.0,1.0,Strumigenys bathron casent0005492 profile 1.jpg,https://upload.wikimedia.org/wikipedia/commons/5/50/Strumigenys_bathron_casent0005492_profile_1.jpg?utm_source=commons.wikimedia.org&utm_campaign=imageinfo&utm_content=original,d37b55b8b78c3d09c86684a3a229201d82f62e07,1569.0,808.0,2009-10-22T03:43:44Z,exact,"harvester downscale, byte-identical",inf,0.0,inf,
casent0005493,Strumigenys,p,data/images/Strumigenys/casent0005493_p.jpg,1.0,1.0,Strumigenys bibiolona casent0005493 profile 1.jpg,https://upload.wikimedia.org/wikipedia/commons/7/7a/Strumigenys_bibiolona_casent0005493_profile_1.jpg?utm_source=commons.wikimedia.org&utm_campaign=imageinfo&utm_content=original,cafd38db4df314c4dcfe5d65ce099349f59ff3fb,1503.0,808.0,2009-10-20T03:28:44Z,exact,"harvester downscale, byte-identical",inf,0.0,inf,
casent0005495,Strumigenys,p,data/images/Strumigenys/casent0005495_p.jpg,1.0,1.0,Strumigenys bibiolona casent0005495 profile 1.jpg,https://upload.wikimedia.org/wikipedia/commons/5/5e/Strumigenys_bibiolona_casent0005495_profile_1.jpg?utm_source=commons.wikimedia.org&utm_campaign=imageinfo&utm_content=original,579368e5a453d715c27b4dbce67e2ff974dbbba0,1343.0,808.0,2009-10-18T09:18:51Z,exact,"harvester downscale, byte-identical",inf,0.0,inf,
casent0005496,Strumigenys,p,data/images/Strumigenys/casent0005496_p.jpg,1.0,1.0,Strumigenys bibiolona casent0005496 profile 1.jpg,https://upload.wikimedia.org/wikipedia/commons/e/e6/Strumigenys_bibiolona_casent0005496_profile_1.jpg?utm_source=commons.wikimedia.org&utm_campaign=imageinfo&utm_content=original,1960c3adccdae7598803a4e7f1ae12fe6ab71f86,1610.0,808.0,2009-10-20T20:48:56Z,exact,"harvester downscale, byte-identical",inf,0.0,inf,
casent0005497,Strumigenys,p,data/images/Strumigenys/casent0005497_p.jpg,1.0,1.0,Strumigenys bola casent0005497 profile 1.jpg,https://upload.wikimedia.org/wikipedia/commons/4/4f/Strumigenys_bola_casent0005497_profile_1.jpg?utm_source=commons.wikimedia.org&utm_campaign=imageinfo&utm_content=original,1a8f47e913cca55c8a3b6f950abeab90a054a4eb,1373.0,808.0,2009-10-21T14:53:03Z,exact,"Commons server thumbnail, pixel-identical",inf,0.0,inf,
casent0005498,Strumigenys,p,data/images/Strumigenys/casent0005498_p.jpg,1.0,1.0,Strumigenys bola casent0005498 profile 1.jpg,https://upload.wikimedia.org/wikipedia/commons/f/f9/Strumigenys_bola_casent0005498_profile_1.jpg?utm_source=commons.wikimedia.org&utm_campaign=imageinfo&utm_content=original,15e8359f02614b5870e04c2d2ad3cf7e10540c8a,1208.0,808.0,2009-10-21T01:58:06Z,exact,"harvester downscale, byte-identical",inf,0.0,inf,
casent0005499,Strumigenys,p,data/images/Strumigenys/casent0005499_p.jpg,1.0,1.0,Strumigenys bola casent0005499 profile 1.jpg,https://upload.wikimedia.org/wikipedia/commons/e/e8/Strumigenys_bola_casent0005499_profile_1.jpg?utm_source=commons.wikimedia.org&utm_campaign=imageinfo&utm_content=original,b86641b93b06fad1f9018da2c3bed8e0e2b47c9f,1546.0,808.0,2009-10-19T07:55:01Z,exact,"harvester downscale, byte-identical",inf,0.0,inf,
casent0005500,Strumigenys,p,data/images/Strumigenys/casent0005500_p.jpg,1.0,1.0,Strumigenys carolinae casent0005500 profile 1.jpg,https://upload.wikimedia.org/wikipedia/commons/0/0b/Strumigenys_carolinae_casent0005500_profile_1.jpg?utm_source=commons.wikimedia.org&utm_campaign=imageinfo&utm_content=original,c55c1ec89d2d47d00e3b990fcb435e49e48e1a7d,1357.0,808.0,2009-10-19T09:58:43Z,exact,"harvester downscale, byte-identical",inf,0.0,inf,
casent0005501,Strumigenys,p,data/images/Strumigenys/casent0005501_p.jpg,1.0,1.0,Strumigenys carisa casent0005501 profile 1.jpg,https://upload.wikimedia.org/wikipedia/commons/6/60/Strumigenys_carisa_casent0005501_profile_1.jpg?utm_source=commons.wikimedia.org&utm_campaign=imageinfo&utm_content=original,0ec955cd978ff0dc27a6ce5153517623fb46673a,1189.0,808.0,2009-10-21T23:57:41Z,exact,"harvester downscale, byte-identical",inf,0.0,inf,
casent0005502,Strumigenys,p,data/images/Strumigenys/casent0005502_p.jpg,1.0,1.0,Strumigenys carolinae casent0005502 profile 1.jpg,https://upload.wikimedia.org/wikipedia/commons/5/5f/Strumigenys_carolinae_casent0005502_profile_1.jpg?utm_source=commons.wikimedia.org&utm_campaign=imageinfo&utm_content=original,3642342fe4cc88d5aede6ae567ae3087313f7aa7,1284.0,808.0,2009-10-19T20:51:25Z,exact,"harvester downscale, byte-identical",inf,0.0,inf,
casent0005503,Strumigenys,p,data/images/Strumigenys/casent0005503_p.jpg,1.0,1.0,Strumigenys carolinae casent0005503 profile 1.jpg,https://upload.wikimedia.org/wikipedia/commons/7/70/Strumigenys_carolinae_casent0005503_profile_1.jpg?utm_source=commons.wikimedia.org&utm_campaign=imageinfo&utm_content=original,943f4ad163c10f151853bffa9751c58c3ece7c7b,1410.0,808.0,2009-10-22T09:50:48Z,exact,"harvester downscale, byte-identical",inf,0.0,inf,
casent0005504,Strumigenys,p,data/images/Strumigenys/casent0005504_p.jpg,1.0,1.0,Strumigenys carolinae casent0005504 profile 1.jpg,https://upload.wikimedia.org/wikipedia/commons/3/30/Strumigenys_carolinae_casent0005504_profile_1.jpg?utm_source=commons.wikimedia.org&utm_campaign=imageinfo&utm_content=original,0e3280cced5e951436d5e2f4362c2ce9e53f0318,1351.0,808.0,2009-10-19T06:15:10Z,exact,"harvester downscale, byte-identical",inf,0.0,inf,
casent0005506,Strumigenys,p,data/images/Strumigenys/casent0005506_p.jpg,1.0,1.0,Strumigenys charino casent0005506 profile 1.jpg,https://upload.wikimedia.org/wikipedia/commons/a/ab/Strumigenys_charino_casent0005506_profile_1.jpg?utm_source=commons.wikimedia.org&utm_campaign=imageinfo&utm_content=original,f2ce5251a5390232f8ca1a92d83214fe610909dd,1301.0,808.0,2009-10-21T15:38:46Z,exact,"harvester downscale, byte-identical",inf,0.0,inf,
casent0005507,Strumigenys,p,data/images/Strumigenys/casent0005507_p.jpg,1.0,1.0,Strumigenys charino casent0005507 profile 1.jpg,https://upload.wikimedia.org/wikipedia/commons/3/3c/Strumigenys_charino_casent0005507_profile_1.jpg?utm_source=commons.wikimedia.org&utm_campaign=imageinfo&utm_content=original,6b6f2c2f182348aa0db1c6cc23fc9ad0d2261ad0,1178.0,808.0,2009-10-20T19:40:43Z,exact,"harvester downscale, byte-identical",inf,0.0,inf,
casent0005508,Strumigenys,p,data/images/Strumigenys/casent0005508_p.jpg,1.0,1.0,Strumigenys chilo casent0005508 profile 1.jpg,https://upload.wikimedia.org/wikipedia/commons/9/9f/Strumigenys_chilo_casent0005508_profile_1.jpg?utm_source=commons.wikimedia.org&utm_campaign=imageinfo&utm_content=original,69b318cbed42eec20aae28d4fc8354066ae7de2c,1367.0,808.0,2009-10-22T01:25:10Z,exact,"harvester downscale, byte-identical",inf,0.0,inf,
casent0005509,Strumigenys,p,data/images/Strumigenys/casent0005509_p.jpg,1.0,1.0,Strumigenys chilo casent0005509 profile 1.jpg,https://upload.wikimedia.org/wikipedia/commons/c/cf/Strumigenys_chilo_casent0005509_profile_1.jpg?utm_source=commons.wikimedia.org&utm_campaign=imageinfo&utm_content=original,8a87dbbe09391b3d5e26f2b42f43c332081d9196,1189.0,808.0,2009-10-18T23:00:21Z,exact,"harvester downscale, byte-identical",inf,0.0,inf,
casent0005510,Strumigenys,p,data/images/Strumigenys/casent0005510_p.jpg,1.0,1.0,Strumigenys chroa casent0005510 profile 1.jpg,https://upload.wikimedia.org/wikipedia/commons/8/82/Strumigenys_chroa_casent0005510_profile_1.jpg?utm_source=commons.wikimedia.org&utm_campaign=imageinfo&utm_content=original,8f88814fb0e374e5d8e67a4eeae60fcd6f4d1185,1293.0,808.0,2009-10-22T07:26:47Z,exact,"Commons server thumbnail, byte-identical",inf,0.0,inf,
casent0005511,Strumigenys,p,data/images/Strumigenys/casent0005511_p.jpg,1.0,1.0,Strumigenys chroa casent0005511 profile 1.jpg,https://upload.wikimedia.org/wikipedia/commons/8/80/Strumigenys_chroa_casent0005511_profile_1.jpg?utm_source=commons.wikimedia.org&utm_campaign=imageinfo&utm_content=original,4c3983c8cabeca532bf72dab8ec7328d0829fa08,1241.0,808.0,2009-10-20T04:05:18Z,exact,"harvester downscale, byte-identical",inf,0.0,inf,
casent0005512,Strumigenys,p,data/images/Strumigenys/casent0005512_p.jpg,1.0,1.0,Strumigenys covina casent0005512 profile 1.jpg,https://upload.wikimedia.org/wikipedia/commons/e/e4/Strumigenys_covina_casent0005512_profile_1.jpg?utm_source=commons.wikimedia.org&utm_campaign=imageinfo&utm_content=original,0f19f2f1478badbaf1065b48e6a73078524a82e2,1225.0,808.0,2009-10-22T03:17:58Z,exact,"harvester downscale, byte-identical",inf,0.0,inf,
casent0005513,Strumigenys,p,data/images/Strumigenys/casent0005513_p.jpg,1.0,1.0,Strumigenys deverra casent0005513 profile 1.jpg,https://upload.wikimedia.org/wikipedia/commons/e/ea/Strumigenys_deverra_casent0005513_profile_1.jpg?utm_source=commons.wikimedia.org&utm_campaign=imageinfo&utm_content=original,4d91bd9718f61d7c348d5dba8bb5b62ff1c44654,1160.0,808.0,2009-10-19T22:16:41Z,exact,"harvester downscale, byte-identical",inf,0.0,inf,
casent0005514,Strumigenys,p,data/images/Strumigenys/casent0005514_p.jpg,1.0,1.0,Strumigenys deverra casent0005514 profile 1.jpg,https://upload.wikimedia.org/wikipedia/commons/8/85/Strumigenys_deverra_casent0005514_profile_1.jpg?utm_source=commons.wikimedia.org&utm_campaign=imageinfo&utm_content=original,3302272b5b28efc270c933ce828b5b325895c448,1236.0,808.0,2009-10-19T02:33:48Z,exact,"harvester downscale, byte-identical",inf,0.0,inf,
casent0005515,Strumigenys,p,data/images/Strumigenys/casent0005515_p.jpg,1.0,1.0,Strumigenys deverra casent0005515 profile 1.jpg,https://upload.wikimedia.org/wikipedia/commons/2/22/Strumigenys_deverra_casent0005515_profile_1.jpg?utm_source=commons.wikimedia.org&utm_campaign=imageinfo&utm_content=original,65f56c3489116d81324d0309d13ae385058a69e6,1216.0,808.0,2009-10-22T09:51:50Z,exact,"harvester downscale, byte-identical",inf,0.0,inf,
casent0005516,Strumigenys,p,data/images/Strumigenys/casent0005516_p.jpg,1.0,1.0,Strumigenys deverra casent0005516 profile 1.jpg,https://upload.wikimedia.org/wikipedia/commons/9/9f/Strumigenys_deverra_casent0005516_profile_1.jpg?utm_source=commons.wikimedia.org&utm_campaign=imageinfo&utm_content=original,a7c714225b305d7c650be65bbb5312e8c2dc0979,1364.0,808.0,2009-10-20T06:23:36Z,exact,"harvester downscale, byte-identical",inf,0.0,inf,
casent0005517,Strumigenys,p,data/images/Strumigenys/casent0005517_p.jpg,1.0,1.0,Strumigenys dexis casent0005517 profile 1.jpg,https://upload.wikimedia.org/wikipedia/commons/7/7d/Strumigenys_dexis_casent0005517_profile_1.jpg?utm_source=commons.wikimedia.org&utm_campaign=imageinfo&utm_content=original,83b1a537d482151f2443e74f5d93d58a44643abf,1078.0,808.0,2009-10-22T20:21:47Z,exact,"harvester downscale, byte-identical",inf,0.0,inf,
casent0005518,Strumigenys,p,data/images/Strumigenys/casent0005518_p.jpg,1.0,1.0,Strumigenys dicomas casent0005518 profile 1.jpg,https://upload.wikimedia.org/wikipedia/commons/1/1a/Strumigenys_dicomas_casent0005518_profile_1.jpg?utm_source=commons.wikimedia.org&utm_campaign=imageinfo&utm_content=original,eeb9d44ef7e142b20f4ce93c3c64ee3739514551,1313.0,808.0,2009-10-20T17:22:22Z,exact,"harvester downscale, byte-identical",inf,0.0,inf,
casent0005519,Strumigenys,p,data/images/Strumigenys/casent0005519_p.jpg,1.0,1.0,Strumigenys dicomas casent0005519 profile 1.jpg,https://upload.wikimedia.org/wikipedia/commons/b/b6/Strumigenys_dicomas_casent0005519_profile_1.jpg?utm_source=commons.wikimedia.org&utm_campaign=imageinfo&utm_content=original,a58910b6656fcebccf96701c82dfc11171192036,1432.0,808.0,2009-10-18T10:38:24Z,exact,"harvester downscale, byte-identical",inf,0.0,inf,
casent0005521,Strumigenys,p,data/images/Strumigenys/casent0005521_p.jpg,1.0,1.0,Strumigenys dicomas casent0005521 profile 1.jpg,https://upload.wikimedia.org/wikipedia/commons/7/7e/Strumigenys_dicomas_casent0005521_profile_1.jpg?utm_source=commons.wikimedia.org&utm_campaign=imageinfo&utm_content=original,c0e313ab2d3d9dcd0b93cec13e2045e3254b785d,1304.0,808.0,2009-10-22T19:48:32Z,exact,"harvester downscale, byte-identical",inf,0.0,inf,
casent0005522,Strumigenys,p,data/images/Strumigenys/casent0005522_p.jpg,1.0,1.0,Strumigenys diota casent0005522 profile 1.jpg,https://upload.wikimedia.org/wikipedia/commons/0/00/Strumigenys_diota_casent0005522_profile_1.jpg?utm_source=commons.wikimedia.org&utm_campaign=imageinfo&utm_content=original,a768ce3d893433d7e3ef5da12c689bc66a91d824,1168.0,808.0,2009-10-19T13:10:56Z,exact,"harvester downscale, byte-identical",inf,0.0,inf,
casent0005523,Strumigenys,p,data/images/Strumigenys/casent0005523_p.jpg,1.0,1.0,Strumigenys dolabra casent0005523 profile 1.jpg,https://upload.wikimedia.org/wikipedia/commons/6/63/Strumigenys_dolabra_casent0005523_profile_1.jpg?utm_source=commons.wikimedia.org&utm_campaign=imageinfo&utm_content=original,19e62c4328f4ecae61485b71c6c83fdbd39d324e,1661.0,808.0,2009-10-21T02:48:47Z,exact,"Commons server thumbnail, byte-identical",inf,0.0,inf,
casent0005524,Strumigenys,p,data/images/Strumigenys/casent0005524_p.jpg,1.0,1.0,Strumigenys dora casent0005524 profile 1.jpg,https://upload.wikimedia.org/wikipedia/commons/f/f7/Strumigenys_dora_casent0005524_profile_1.jpg?utm_source=commons.wikimedia.org&utm_campaign=imageinfo&utm_content=original,1fc2296c2635040406df212423ba712e941b7795,1331.0,808.0,2009-10-19T01:09:58Z,exact,"harvester downscale, byte-identical",inf,0.0,inf,
casent0005527,Strumigenys,p,data/images/Strumigenys/casent0005527_p.jpg,1.0,1.0,Strumigenys doxa casent0005527 profile 1.jpg,https://upload.wikimedia.org/wikipedia/commons/3/3a/Strumigenys_doxa_casent0005527_profile_1.jpg?utm_source=commons.wikimedia.org&utm_campaign=imageinfo&utm_content=original,5b5b9902862ad16e8a6cf717a836572f7c1f7400,1130.0,808.0,2009-10-21T18:18:42Z,exact,"harvester downscale, byte-identical",inf,0.0,inf,
casent0005528,Strumigenys,p,data/images/Strumigenys/casent0005528_p.jpg,1.0,1.0,Strumigenys ection casent0005528 profile 1.jpg,https://upload.wikimedia.org/wikipedia/commons/4/44/Strumigenys_ection_casent0005528_profile_1.jpg?utm_source=commons.wikimedia.org&utm_campaign=imageinfo&utm_content=original,3504d195c5dfdc2e3f105dc46fb052d1fa441966,1267.0,808.0,2009-10-18T19:08:10Z,exact,"harvester downscale, byte-identical",inf,0.0,inf,
casent0005529,Strumigenys,p,data/images/Strumigenys/casent0005529_p.jpg,1.0,1.0,Strumigenys epulo casent0005529 profile 1.jpg,https://upload.wikimedia.org/wikipedia/commons/d/d1/Strumigenys_epulo_casent0005529_profile_1.jpg?utm_source=commons.wikimedia.org&utm_campaign=imageinfo&utm_content=original,0a78d1fb2775ac46f057d8b09aafab4e63aa73e4,1336.0,808.0,2009-10-20T18:50:21Z,exact,"harvester downscale, byte-identical",inf,0.0,inf,
casent0005531,Strumigenys,p,data/images/Strumigenys/casent0005531_p.jpg,1.0,1.0,Strumigenys epulo casent0005531 profile 1.jpg,https://upload.wikimedia.org/wikipedia/commons/9/9e/Strumigenys_epulo_casent0005531_profile_1.jpg?utm_source=commons.wikimedia.org&utm_campaign=imageinfo&utm_content=original,25a157aa3b76810b9afef5824ce5e6dc1220eb3a,1425.0,808.0,2009-10-18T08:35:38Z,exact,"harvester downscale, byte-identical",inf,0.0,inf,
casent0005532,Strumigenys,p,data/images/Strumigenys/casent0005532_p.jpg,1.0,1.0,Strumigenys epulo casent0005532 profile 1.jpg,https://upload.wikimedia.org/wikipedia/commons/9/9b/Strumigenys_epulo_casent0005532_profile_1.jpg?utm_source=commons.wikimedia.org&utm_campaign=imageinfo&utm_content=original,871fc5880738371380e4145c390e6cbb1afc3cc4,1364.0,808.0,2009-10-22T04:24:22Z,exact,"harvester downscale, byte-identical",inf,0.0,inf,
casent0005533,Strumigenys,p,data/images/Strumigenys/casent0005533_p.jpg,1.0,1.0,Strumigenys europs casent0005533 profile 1.jpg,https://upload.wikimedia.org/wikipedia/commons/8/8b/Strumigenys_europs_casent0005533_profile_1.jpg?utm_source=commons.wikimedia.org&utm_campaign=imageinfo&utm_content=original,db9c8d5173819a1701450ee67505006b9c18d173,1139.0,808.0,2009-10-21T20:19:09Z,exact,"harvester downscale, byte-identical",inf,0.0,inf,
casent0005534,Strumigenys,p,data/images/Strumigenys/casent0005534_p.jpg,1.0,1.0,Strumigenys europs casent0005534 profile 1.jpg,https://upload.wikimedia.org/wikipedia/commons/6/63/Strumigenys_europs_casent0005534_profile_1.jpg?utm_source=commons.wikimedia.org&utm_campaign=imageinfo&utm_content=original,10ebdc2d185f61482b24650fdfd344b29b8905b5,1316.0,808.0,2009-10-19T09:56:10Z,exact,"harvester downscale, byte-identical",inf,0.0,inf,
casent0005535,Strumigenys,p,data/images/Strumigenys/casent0005535_p.jpg,1.0,1.0,Strumigenys fanano casent0005535 profile 1.jpg,https://upload.wikimedia.org/wikipedia/commons/f/f4/Strumigenys_fanano_casent0005535_profile_1.jpg?utm_source=commons.wikimedia.org&utm_campaign=imageinfo&utm_content=original,510304282509d4cf5c1880e729678ad9d3698cd9,1449.0,808.0,2009-10-22T04:05:00Z,exact,"harvester downscale, byte-identical",inf,0.0,inf,
casent0005536,Strumigenys,p,data/images/Strumigenys/casent0005536_p.jpg,1.0,1.0,Strumigenys finator casent0005536 profile 1.jpg,https://upload.wikimedia.org/wikipedia/commons/6/6c/Strumigenys_finator_casent0005536_profile_1.jpg?utm_source=commons.wikimedia.org&utm_campaign=imageinfo&utm_content=original,8febabf7f78266aad952c8d466e958670bff9db0,1275.0,808.0,2009-10-21T09:15:36Z,exact,"harvester downscale, byte-identical",inf,0.0,inf,
casent0005537,Strumigenys,p,data/images/Strumigenys/casent0005537_p.jpg,1.0,1.0,Strumigenys finator casent0005537 profile 1.jpg,https://upload.wikimedia.org/wikipedia/commons/9/9c/Strumigenys_finator_casent0005537_profile_1.jpg?utm_source=commons.wikimedia.org&utm_campaign=imageinfo&utm_content=original,991afe77d3524fd1e86c6d5a135ef1229d0b22a9,1257.0,808.0,2009-10-18T22:30:07Z,exact,"harvester downscale, byte-identical",inf,0.0,inf,
casent0005538,Strumigenys,p,data/images/Strumigenys/casent0005538_p.jpg,1.0,1.0,Strumigenys fronto casent0005538 profile 1.jpg,https://upload.wikimedia.org/wikipedia/commons/f/fa/Strumigenys_fronto_casent0005538_profile_1.jpg?utm_source=commons.wikimedia.org&utm_campaign=imageinfo&utm_content=original,fa533fc516ac33188252802f24d70334c34ef4b9,1022.0,808.0,2009-10-19T10:47:40Z,exact,"harvester downscale, byte-identical",inf,0.0,inf,
casent0005539,Strumigenys,p,data/images/Strumigenys/casent0005539_p.jpg,1.0,1.0,Strumigenys fronto casent0005539 profile 1.jpg,https://upload.wikimedia.org/wikipedia/commons/d/da/Strumigenys_fronto_casent0005539_profile_1.jpg?utm_source=commons.wikimedia.org&utm_campaign=imageinfo&utm_content=original,35c227bc2e1fa39e5ce479e45725a7e635d6ae57,1050.0,808.0,2009-10-21T18:00:59Z,exact,"harvester downscale, byte-identical",inf,0.0,inf,
casent0005540,Strumigenys,p,data/images/Strumigenys/casent0005540_p.jpg,1.0,1.0,Strumigenys fronto casent0005540 profile 1.jpg,https://upload.wikimedia.org/wikipedia/commons/2/20/Strumigenys_fronto_casent0005540_profile_1.jpg?utm_source=commons.wikimedia.org&utm_campaign=imageinfo&utm_content=original,513447e502a9e0491f4293c987fa4d1baa4c62da,1346.0,808.0,2009-10-19T08:39:47Z,exact,"Commons server thumbnail, byte-identical",inf,0.0,inf,
casent0005541,Strumigenys,p,data/images/Strumigenys/casent0005541_p.jpg,1.0,1.0,Strumigenys fronto casent0005541 profile 1.jpg,https://upload.wikimedia.org/wikipedia/commons/e/e0/Strumigenys_fronto_casent0005541_profile_1.jpg?utm_source=commons.wikimedia.org&utm_campaign=imageinfo&utm_content=original,b47645b4a040a24336651ca7ee4cc5a67480dfb1,1507.0,808.0,2009-10-20T09:51:25Z,exact,"harvester downscale, byte-identical",inf,0.0,inf,
casent0005542,Strumigenys,p,data/images/Strumigenys/casent0005542_p.jpg,1.0,1.0,Strumigenys glycon casent0005542 profile 1.jpg,https://upload.wikimedia.org/wikipedia/commons/f/fd/Strumigenys_glycon_casent0005542_profile_1.jpg?utm_source=commons.wikimedia.org&utm_campaign=imageinfo&utm_content=original,239603052087bf31068c6e7c645bacef9ca2f854,1356.0,808.0,2009-10-20T18:28:05Z,exact,"harvester downscale, byte-identical",inf,0.0,inf,
casent0005543,Strumigenys,p,data/images/Strumigenys/casent0005543_p.jpg,1.0,1.0,Strumigenys glycon casent0005543 profile 1.jpg,https://upload.wikimedia.org/wikipedia/commons/9/96/Strumigenys_glycon_casent0005543_profile_1.jpg?utm_source=commons.wikimedia.org&utm_campaign=imageinfo&utm_content=original,d868e6bbe02bad3819bfce6340096d277144a78f,1347.0,808.0,2009-10-22T20:50:47Z,exact,"harvester downscale, byte-identical",inf,0.0,inf,
casent0005544,Strumigenys,p,data/images/Strumigenys/casent0005544_p.jpg,1.0,1.0,Strumigenys glycon casent0005544 profile 1.jpg,https://upload.wikimedia.org/wikipedia/commons/1/19/Strumigenys_glycon_casent0005544_profile_1.jpg?utm_source=commons.wikimedia.org&utm_campaign=imageinfo&utm_content=original,8395a17d0a683160b725120aaee97e9ef76343df,1254.0,808.0,2009-10-20T14:33:18Z,exact,"harvester downscale, byte-identical",inf,0.0,inf,
casent0005546,Strumigenys,p,data/images/Strumigenys/casent0005546_p.jpg,1.0,1.0,Strumigenys diota casent0005546 profile 1.jpg,https://upload.wikimedia.org/wikipedia/commons/2/2e/Strumigenys_diota_casent0005546_profile_1.jpg?utm_source=commons.wikimedia.org&utm_campaign=imageinfo&utm_content=original,bc089f9a3c2c563e62943694c90f4a88164f5000,1212.0,808.0,2009-10-22T04:20:42Z,exact,"harvester downscale, byte-identical",inf,0.0,inf,
casent0005549,Strumigenys,p,data/images/Strumigenys/casent0005549_p.jpg,1.0,1.0,Strumigenys gorgon casent0005549 profile 1.jpg,https://upload.wikimedia.org/wikipedia/commons/e/e1/Strumigenys_gorgon_casent0005549_profile_1.jpg?utm_source=commons.wikimedia.org&utm_campaign=imageinfo&utm_content=original,fae112e943711806102c5c9b88bd3769d6186374,1098.0,808.0,2009-10-22T19:46:00Z,exact,"harvester downscale, byte-identical",inf,0.0,inf,
casent0005551,Strumigenys,p,data/images/Strumigenys/casent0005551_p.jpg,1.0,1.0,Strumigenys heliani casent0005551 profile 1.jpg,https://upload.wikimedia.org/wikipedia/commons/0/03/Strumigenys_heliani_casent0005551_profile_1.jpg?utm_source=commons.wikimedia.org&utm_campaign=imageinfo&utm_content=original,16f37cf2992004849c42bd550aff30b7410fb704,1339.0,808.0,2009-10-20T16:42:21Z,exact,"harvester downscale, byte-identical",inf,0.0,inf,
casent0005552,Strumigenys,p,data/images/Strumigenys/casent0005552_p.jpg,1.0,1.0,Strumigenys hilaris casent0005552 profile 1.jpg,https://upload.wikimedia.org/wikipedia/commons/2/20/Strumigenys_hilaris_casent0005552_profile_1.jpg?utm_source=commons.wikimedia.org&utm_campaign=imageinfo&utm_content=original,77f4d59ed71ba1abc4cea65a77535fbedb83724d,1211.0,808.0,2009-10-20T00:45:45Z,exact,"harvester downscale, byte-identical",inf,0.0,inf,
casent0005553,Strumigenys,p,data/images/Strumigenys/casent0005553_p.jpg,1.0,1.0,Strumigenys hilaris casent0005553 profile 1.jpg,https://upload.wikimedia.org/wikipedia/commons/1/1f/Strumigenys_hilaris_casent0005553_profile_1.jpg?utm_source=commons.wikimedia.org&utm_campaign=imageinfo&utm_content=original,fb44047b27d26e2316d77510f430931ec4588f71,1177.0,808.0,2009-10-18T14:50:11Z,exact,"harvester downscale, byte-identical",inf,0.0,inf,
casent0005556,Strumigenys,p,data/images/Strumigenys/casent0005556_p.jpg,1.0,1.0,Strumigenys inatos casent0005556 profile 1.jpg,https://upload.wikimedia.org/wikipedia/commons/7/7b/Strumigenys_inatos_casent0005556_profile_1.jpg?utm_source=commons.wikimedia.org&utm_campaign=imageinfo&utm_content=original,329f97689ae08bdbd1854532592968a4e4f32124,1339.0,808.0,2009-10-21T16:13:36Z,exact,"harvester downscale, byte-identical",inf,0.0,inf,
casent0005557,Strumigenys,p,data/images/Strumigenys/casent0005557_p.jpg,1.0,1.0,Strumigenys inatos casent0005557 profile 1.jpg,https://upload.wikimedia.org/wikipedia/commons/e/e4/Strumigenys_inatos_casent0005557_profile_1.jpg?utm_source=commons.wikimedia.org&utm_campaign=imageinfo&utm_content=original,f9ee3346c545397c53114e0a6d8e9d0349579938,1030.0,808.0,2009-10-21T13:43:54Z,exact,"harvester downscale, byte-identical",inf,0.0,inf,
casent0005558,Strumigenys,p,data/images/Strumigenys/casent0005558_p.jpg,1.0,1.0,Strumigenys inatos casent0005558 profile 1.jpg,https://upload.wikimedia.org/wikipedia/commons/d/db/Strumigenys_inatos_casent0005558_profile_1.jpg?utm_source=commons.wikimedia.org&utm_campaign=imageinfo&utm_content=original,ae0558869c77a91aee2a0dc29b4d1b2f0a49d36a,1399.0,808.0,2009-10-19T21:22:58Z,exact,"Commons server thumbnail, byte-identical",inf,0.0,inf,
casent0005559,Strumigenys,p,data/images/Strumigenys/casent0005559_p.jpg,1.0,1.0,Strumigenys inatos casent0005559 profile 1.jpg,https://upload.wikimedia.org/wikipedia/commons/3/3f/Strumigenys_inatos_casent0005559_profile_1.jpg?utm_source=commons.wikimedia.org&utm_campaign=imageinfo&utm_content=original,9c21af54e2e9d34596d731ecdc1eaf89b76dddc3,1445.0,808.0,2009-10-19T03:41:29Z,exact,"harvester downscale, byte-identical",inf,0.0,inf,
casent0005560,Strumigenys,p,data/images/Strumigenys/casent0005560_p.jpg,1.0,1.0,Strumigenys ipsea casent0005560 profile 1.jpg,https://upload.wikimedia.org/wikipedia/commons/8/82/Strumigenys_ipsea_casent0005560_profile_1.jpg?utm_source=commons.wikimedia.org&utm_campaign=imageinfo&utm_content=original,e4c7e954c7d612f0ed66facf2caea3e5e8b30828,1293.0,808.0,2009-10-22T13:55:13Z,exact,"harvester downscale, byte-identical",inf,0.0,inf,
casent0005561,Strumigenys,p,data/images/Strumigenys/casent0005561_p.jpg,1.0,1.0,Strumigenys ipsea casent0005561 profile 1.jpg,https://upload.wikimedia.org/wikipedia/commons/6/6d/Strumigenys_ipsea_casent0005561_profile_1.jpg?utm_source=commons.wikimedia.org&utm_campaign=imageinfo&utm_content=original,0f9ac7e94bba7235c35381072f54844fe128dabb,1354.0,808.0,2009-10-21T11:17:20Z,exact,"harvester downscale, byte-identical",inf,0.0,inf,
casent0005562,Strumigenys,p,data/images/Strumigenys/casent0005562_p.jpg,1.0,1.0,Strumigenys ipsea casent0005562 profile 1.jpg,https://upload.wikimedia.org/wikipedia/commons/9/92/Strumigenys_ipsea_casent0005562_profile_1.jpg?utm_source=commons.wikimedia.org&utm_campaign=imageinfo&utm_content=original,77a75f8d9aa14ee2a50fee798b2c49c55353d55a,1248.0,808.0,2009-10-20T13:07:44Z,exact,"harvester downscale, byte-identical",inf,0.0,inf,
casent0005563,Strumigenys,p,data/images/Strumigenys/casent0005563_p.jpg,1.0,1.0,Strumigenys ipsea casent0005563 profile 1.jpg,https://upload.wikimedia.org/wikipedia/commons/e/ef/Strumigenys_ipsea_casent0005563_profile_1.jpg?utm_source=commons.wikimedia.org&utm_campaign=imageinfo&utm_content=original,9ba87080a98f5fcffbf120eaf2d4b215f9b738b8,1467.0,808.0,2009-10-19T02:30:08Z,exact,"harvester downscale, byte-identical",inf,0.0,inf,
casent0005564,Strumigenys,p,data/images/Strumigenys/casent0005564_p.jpg,1.0,1.0,Strumigenys labaris casent0005564 profile 1.jpg,https://upload.wikimedia.org/wikipedia/commons/2/28/Strumigenys_labaris_casent0005564_profile_1.jpg?utm_source=commons.wikimedia.org&utm_campaign=imageinfo&utm_content=original,4a94a0a70efb38c02811c33a2cfb73a1935bc1be,1443.0,808.0,2009-10-22T08:11:56Z,exact,"harvester downscale, byte-identical",inf,0.0,inf,
casent0005565,Strumigenys,p,data/images/Strumigenys/casent0005565_p.jpg,1.0,1.0,Strumigenys labaris casent0005565 profile 1.jpg,https://upload.wikimedia.org/wikipedia/commons/7/71/Strumigenys_labaris_casent0005565_profile_1.jpg?utm_source=commons.wikimedia.org&utm_campaign=imageinfo&utm_content=original,ba2f3278d6d473957a323f720870156c07d52ffb,1308.0,808.0,2009-10-19T03:37:15Z,exact,"harvester downscale, byte-identical",inf,0.0,inf,
casent0005566,Strumigenys,p,data/images/Strumigenys/casent0005566_p.jpg,1.0,1.0,Strumigenys langrandi casent0005566 profile 1.jpg,https://upload.wikimedia.org/wikipedia/commons/a/aa/Strumigenys_langrandi_casent0005566_profile_1.jpg?utm_source=commons.wikimedia.org&utm_campaign=imageinfo&utm_content=original,63cab124021e77c53c69c03846847f802f7d1070,1414.0,808.0,2009-10-21T02:17:10Z,exact,"harvester downscale, byte-identical",inf,0.0,inf,
casent0005568,Strumigenys,p,data/images/Strumigenys/casent0005568_p.jpg,1.0,1.0,Strumigenys langrandi casent0005568 profile 1.jpg,https://upload.wikimedia.org/wikipedia/commons/8/81/Strumigenys_langrandi_casent0005568_profile_1.jpg?utm_source=commons.wikimedia.org&utm_campaign=imageinfo&utm_content=original,11de7835f61f04896abd6aa06436b46e3cc56891,1324.0,808.0,2009-10-21T09:41:48Z,exact,"Commons server thumbnail, byte-identical",inf,0.0,inf,
casent0005569,Strumigenys,p,data/images/Strumigenys/casent0005569_p.jpg,1.0,1.0,Strumigenys levana casent0005569 profile 1.jpg,https://upload.wikimedia.org/wikipedia/commons/0/0f/Strumigenys_levana_casent0005569_profile_1.jpg?utm_source=commons.wikimedia.org&utm_campaign=imageinfo&utm_content=original,da680c0c47b2b7013327674f1690a9e0bde5e46a,1297.0,808.0,2009-10-21T04:06:06Z,exact,"harvester downscale, byte-identical",inf,0.0,inf,
casent0005570,Strumigenys,p,data/images/Strumigenys/casent0005570_p.jpg,1.0,1.0,Strumigenys levana casent0005570 profile 1.jpg,https://upload.wikimedia.org/wikipedia/commons/3/32/Strumigenys_levana_casent0005570_profile_1.jpg?utm_source=commons.wikimedia.org&utm_campaign=imageinfo&utm_content=original,d93e2828eea719166b4432bc9697f53caf732200,1568.0,808.0,2009-10-19T19:27:10Z,exact,"harvester downscale, byte-identical",inf,0.0,inf,
casent0005571,Strumigenys,p,data/images/Strumigenys/casent0005571_p.jpg,1.0,1.0,Strumigenys levana casent0005571 profile 1.jpg,https://upload.wikimedia.org/wikipedia/commons/1/10/Strumigenys_levana_casent0005571_profile_1.jpg?utm_source=commons.wikimedia.org&utm_campaign=imageinfo&utm_content=original,b89a235ca4eb2ad7514b3988a480fc52d1daf540,1270.0,808.0,2009-10-18T11:13:35Z,exact,"harvester downscale, byte-identical",inf,0.0,inf,
casent0005572,Strumigenys,p,data/images/Strumigenys/casent0005572_p.jpg,1.0,1.0,Strumigenys levana casent0005572 profile 1.jpg,https://upload.wikimedia.org/wikipedia/commons/9/97/Strumigenys_levana_casent0005572_profile_1.jpg?utm_source=commons.wikimedia.org&utm_campaign=imageinfo&utm_content=original,905e4d0d85890360e101faa0ccec89b9f8dbc781,1440.0,808.0,2009-10-19T03:01:02Z,exact,"harvester downscale, byte-identical",inf,0.0,inf,
casent0005573,Strumigenys,p,data/images/Strumigenys/casent0005573_p.jpg,1.0,1.0,Strumigenys lexex casent0005573 profile 1.jpg,https://upload.wikimedia.org/wikipedia/commons/8/81/Strumigenys_lexex_casent0005573_profile_1.jpg?utm_source=commons.wikimedia.org&utm_campaign=imageinfo&utm_content=original,8628c6b4d511dd84c01e2a7ff44e68ba0ca1a700,1259.0,808.0,2009-10-18T19:08:46Z,exact,"harvester downscale, byte-identical",inf,0.0,inf,
casent0005574,Strumigenys,p,data/images/Strumigenys/casent0005574_p.jpg,1.0,1.0,Strumigenys lexex casent0005574 profile 1.jpg,https://upload.wikimedia.org/wikipedia/commons/3/3a/Strumigenys_lexex_casent0005574_profile_1.jpg?utm_source=commons.wikimedia.org&utm_campaign=imageinfo&utm_content=original,21aba821bfc5a3ee2479e88bb93c08ad7af2d6c8,1261.0,808.0,2009-10-22T11:46:39Z,exact,"harvester downscale, byte-identical",inf,0.0,inf,
casent0005575,Strumigenys,p,data/images/Strumigenys/casent0005575_p.jpg,1.0,1.0,Strumigenys lexex casent0005575 profile 1.jpg,https://upload.wikimedia.org/wikipedia/commons/8/8d/Strumigenys_lexex_casent0005575_profile_1.jpg?utm_source=commons.wikimedia.org&utm_campaign=imageinfo&utm_content=original,a05699ae61b7afdb63a5e54c0a4f107fe4f7819b,1170.0,808.0,2009-10-19T11:22:08Z,exact,"harvester downscale, byte-identical",inf,0.0,inf,
casent0005576,Strumigenys,p,data/images/Strumigenys/casent0005576_p.jpg,1.0,1.0,Strumigenys lexex casent0005576 profile 1.jpg,https://upload.wikimedia.org/wikipedia/commons/7/7a/Strumigenys_lexex_casent0005576_profile_1.jpg?utm_source=commons.wikimedia.org&utm_campaign=imageinfo&utm_content=original,7a7f3da3483339daa7c287a728b54cda392af7cf,1481.0,808.0,2009-10-19T11:14:33Z,exact,"harvester downscale, byte-identical",inf,0.0,inf,
casent0005577,Strumigenys,p,data/images/Strumigenys/casent0005577_p.jpg,1.0,1.0,Strumigenys livens casent0005577 profile 1.jpg,https://upload.wikimedia.org/wikipedia/commons/6/60/Strumigenys_livens_casent0005577_profile_1.jpg?utm_source=commons.wikimedia.org&utm_campaign=imageinfo&utm_content=original,99d4dec9184f1ca2e29d75ec96ab8080811ed9e4,1344.0,808.0,2009-10-20T19:12:33Z,exact,"harvester downscale, byte-identical",inf,0.0,inf,
casent0005578,Strumigenys,p,data/images/Strumigenys/casent0005578_p.jpg,1.0,1.0,Strumigenys livens casent0005578 profile 1.jpg,https://upload.wikimedia.org/wikipedia/commons/3/3b/Strumigenys_livens_casent0005578_profile_1.jpg?utm_source=commons.wikimedia.org&utm_campaign=imageinfo&utm_content=original,fb0ba38c57be8fc435b96250e0ef51e8d3762071,1299.0,808.0,2009-10-18T17:16:20Z,exact,"harvester downscale, byte-identical",inf,0.0,inf,
casent0005579,Strumigenys,p,data/images/Strumigenys/casent0005579_p.jpg,1.0,1.0,Strumigenys livens casent0005579 profile 1.jpg,https://upload.wikimedia.org/wikipedia/commons/4/41/Strumigenys_livens_casent0005579_profile_1.jpg?utm_source=commons.wikimedia.org&utm_campaign=imageinfo&utm_content=original,10f004928fccb85e78d96806ab6cc9a7c8ed8a49,1409.0,808.0,2009-10-22T20:20:33Z,exact,"Commons server thumbnail, byte-identical",inf,0.0,inf,
casent0005580,Strumigenys,p,data/images/Strumigenys/casent0005580_p.jpg,1.0,1.0,Strumigenys livens casent0005580 profile 1.jpg,https://upload.wikimedia.org/wikipedia/commons/7/72/Strumigenys_livens_casent0005580_profile_1.jpg?utm_source=commons.wikimedia.org&utm_campaign=imageinfo&utm_content=original,7aee7b9ab9fa117584e23880dfcabad2f58bdcf3,1296.0,808.0,2009-10-20T23:54:44Z,exact,"harvester downscale, byte-identical",inf,0.0,inf,
casent0005582,Strumigenys,p,data/images/Strumigenys/casent0005582_p.jpg,1.0,1.0,Strumigenys luca casent0005582 profile 1.jpg,https://upload.wikimedia.org/wikipedia/commons/8/81/Strumigenys_luca_casent0005582_profile_1.jpg?utm_source=commons.wikimedia.org&utm_campaign=imageinfo&utm_content=original,77724ead89fe2ef09e7231e29e4fd83cc65ca74b,1337.0,808.0,2009-10-20T21:07:03Z,exact,"harvester downscale, byte-identical",inf,0.0,inf,
casent0005583,Strumigenys,p,data/images/Strumigenys/casent0005583_p.jpg,1.0,1.0,Strumigenys luca casent0005583 profile 1.jpg,https://upload.wikimedia.org/wikipedia/commons/b/b8/Strumigenys_luca_casent0005583_profile_1.jpg?utm_source=commons.wikimedia.org&utm_campaign=imageinfo&utm_content=original,858f9b4705cfc907c8a5c30add16f3e2033e6fa2,1239.0,808.0,2009-10-22T19:32:06Z,exact,"harvester downscale, byte-identical",inf,0.0,inf,
casent0005584,Strumigenys,p,data/images/Strumigenys/casent0005584_p.jpg,1.0,1.0,Strumigenys luca casent0005584 profile 1.jpg,https://upload.wikimedia.org/wikipedia/commons/c/c9/Strumigenys_luca_casent0005584_profile_1.jpg?utm_source=commons.wikimedia.org&utm_campaign=imageinfo&utm_content=original,fec4a959879db6a30a7fcbc123af6b9f3bb7b60d,1341.0,808.0,2009-10-20T04:21:44Z,exact,"harvester downscale, byte-identical",inf,0.0,inf,
casent0005585,Strumigenys,p,data/images/Strumigenys/casent0005585_p.jpg,1.0,1.0,Strumigenys lucomo casent0005585 profile 1.jpg,https://upload.wikimedia.org/wikipedia/commons/2/2b/Strumigenys_lucomo_casent0005585_profile_1.jpg?utm_source=commons.wikimedia.org&utm_campaign=imageinfo&utm_content=original,7b0871ef927d31dfae1e8b74c2d22ecd778a539d,1332.0,808.0,2009-10-19T06:20:46Z,exact,"harvester downscale, byte-identical",inf,0.0,inf,
casent0005586,Strumigenys,p,data/images/Strumigenys/casent0005586_p.jpg,1.0,1.0,Strumigenys lucomo casent0005586 profile 1.jpg,https://upload.wikimedia.org/wikipedia/commons/d/d4/Strumigenys_lucomo_casent0005586_profile_1.jpg?utm_source=commons.wikimedia.org&utm_campaign=imageinfo&utm_content=original,5af3f931b544c5369a543576d2ceb7f9b0179326,1331.0,808.0,2009-10-21T15:02:46Z,exact,"harvester downscale, byte-identical",inf,0.0,inf,
casent0005587,Strumigenys,p,data/images/Strumigenys/casent0005587_p.jpg,1.0,1.0,Strumigenys lucomo casent0005587 profile 1.jpg,https://upload.wikimedia.org/wikipedia/commons/a/a6/Strumigenys_lucomo_casent0005587_profile_1.jpg?utm_source=commons.wikimedia.org&utm_campaign=imageinfo&utm_content=original,6ef5c55981b9a9f363d779ed7af5bbb83675626f,1378.0,808.0,2009-10-22T14:51:43Z,exact,"harvester downscale, byte-identical",inf,0.0,inf,
casent0005588,Strumigenys,p,data/images/Strumigenys/casent0005588_p.jpg,1.0,1.0,Strumigenys lucomo casent0005588 profile 1.jpg,https://upload.wikimedia.org/wikipedia/commons/e/e3/Strumigenys_lucomo_casent0005588_profile_1.jpg?utm_source=commons.wikimedia.org&utm_campaign=imageinfo&utm_content=original,a3133d59fed54807ac2cf65cc61f4c3d7236ced8,1381.0,808.0,2009-10-18T09:38:47Z,exact,"harvester downscale, byte-identical",inf,0.0,inf,
casent0005589,Strumigenys,p,data/images/Strumigenys/casent0005589_p.jpg,1.0,1.0,Strumigenys lura casent0005589 profile 1.jpg,https://upload.wikimedia.org/wikipedia/commons/8/84/Strumigenys_lura_casent0005589_profile_1.jpg?utm_source=commons.wikimedia.org&utm_campaign=imageinfo&utm_content=original,610b26e4e95ff6897f2258bcb8a02630bab26c29,1423.0,808.0,2009-10-21T13:51:55Z,exact,"harvester downscale, byte-identical",inf,0.0,inf,
casent0005590,Strumigenys,p,data/images/Strumigenys/casent0005590_p.jpg,1.0,1.0,Strumigenys lura casent0005590 profile 1.jpg,https://upload.wikimedia.org/wikipedia/commons/d/d3/Strumigenys_lura_casent0005590_profile_1.jpg?utm_source=commons.wikimedia.org&utm_campaign=imageinfo&utm_content=original,de30f1c2744a15bcd8693e085ba259bd9ba17402,1440.0,808.0,2009-10-22T07:32:01Z,exact,"harvester downscale, byte-identical",inf,0.0,inf,
casent0005591,Strumigenys,p,data/images/Strumigenys/casent0005591_p.jpg,1.0,1.0,Strumigenys lura casent0005591 profile 1.jpg,https://upload.wikimedia.org/wikipedia/commons/3/33/Strumigenys_lura_casent0005591_profile_1.jpg?utm_source=commons.wikimedia.org&utm_campaign=imageinfo&utm_content=original,901f93ac9ab813811ca32269c7c5d2da351e0967,1184.0,808.0,2009-10-21T08:46:29Z,exact,"harvester downscale, byte-identical",inf,0.0,inf,
casent0005592,Strumigenys,p,data/images/Strumigenys/casent0005592_p.jpg,1.0,1.0,Strumigenys lura casent0005592 profile 1.jpg,https://upload.wikimedia.org/wikipedia/commons/1/1b/Strumigenys_lura_casent0005592_profile_1.jpg?utm_source=commons.wikimedia.org&utm_campaign=imageinfo&utm_content=original,13520447e242eed423b223da9b89d21b25354917,1336.0,808.0,2009-10-21T18:04:35Z,exact,"Commons server thumbnail, pixel-identical",inf,0.0,inf,
casent0005593,Strumigenys,p,data/images/Strumigenys/casent0005593_p.jpg,1.0,1.0,Strumigenys lutron casent0005593 profile 1.jpg,https://upload.wikimedia.org/wikipedia/commons/3/32/Strumigenys_lutron_casent0005593_profile_1.jpg?utm_source=commons.wikimedia.org&utm_campaign=imageinfo&utm_content=original,4caf09281a82f8ed23ea69ff19c895cec5d58674,1222.0,808.0,2009-10-20T19:04:45Z,exact,"harvester downscale, byte-identical",inf,0.0,inf,
casent0005594,Strumigenys,p,data/images/Strumigenys/casent0005594_p.jpg,1.0,1.0,Strumigenys lutron casent0005594 profile 1.jpg,https://upload.wikimedia.org/wikipedia/commons/4/4d/Strumigenys_lutron_casent0005594_profile_1.jpg?utm_source=commons.wikimedia.org&utm_campaign=imageinfo&utm_content=original,da84bc35650a03776479bb42e9563061f7ebc22c,1171.0,808.0,2009-10-19T07:59:45Z,exact,"harvester downscale, byte-identical",inf,0.0,inf,
casent0005595,Strumigenys,p,data/images/Strumigenys/casent0005595_p.jpg,1.0,1.0,Strumigenys lutron casent0005595 profile 1.jpg,https://upload.wikimedia.org/wikipedia/commons/7/75/Strumigenys_lutron_casent0005595_profile_1.jpg?utm_source=commons.wikimedia.org&utm_campaign=imageinfo&utm_content=original,1cfb5ca73bd9e3eb85b985f8a648025035957ecc,1579.0,808.0,2009-10-18T21:20:28Z,exact,"harvester downscale, byte-identical",inf,0.0,inf,
casent0005596,Strumigenys,p,data/images/Strumigenys/casent0005596_p.jpg,1.0,1.0,Strumigenys lysis casent0005596 profile 1.jpg,https://upload.wikimedia.org/wikipedia/commons/7/72/Strumigenys_lysis_casent0005596_profile_1.jpg?utm_source=commons.wikimedia.org&utm_campaign=imageinfo&utm_content=original,1648e9ad0b5164be0356e6c0279c186ac9384033,1324.0,808.0,2009-10-20T13:12:15Z,exact,"harvester downscale, byte-identical",inf,0.0,inf,
casent0005597,Strumigenys,p,data/images/Strumigenys/casent0005597_p.jpg,1.0,1.0,Strumigenys lysis casent0005597 profile 1.jpg,https://upload.wikimedia.org/wikipedia/commons/7/76/Strumigenys_lysis_casent0005597_profile_1.jpg?utm_source=commons.wikimedia.org&utm_campaign=imageinfo&utm_content=original,4b2f7790aa7866375d9472cd2d5f77218d9d9fc1,1278.0,808.0,2009-10-18T10:24:02Z,exact,"harvester downscale, byte-identical",inf,0.0,inf,
casent0005598,Strumigenys,p,data/images/Strumigenys/casent0005598_p.jpg,1.0,1.0,Strumigenys lysis casent0005598 profile 1.jpg,https://upload.wikimedia.org/wikipedia/commons/0/0d/Strumigenys_lysis_casent0005598_profile_1.jpg?utm_source=commons.wikimedia.org&utm_campaign=imageinfo&utm_content=original,4d77c24d7762620c3a9c53b62d44fa576fcd8a64,1233.0,808.0,2009-10-20T22:39:50Z,exact,"harvester downscale, byte-identical",inf,0.0,inf,
casent0005599,Strumigenys,p,data/images/Strumigenys/casent0005599_p.jpg,1.0,1.0,Strumigenys lysis casent0005599 profile 1.jpg,https://upload.wikimedia.org/wikipedia/commons/3/36/Strumigenys_lysis_casent0005599_profile_1.jpg?utm_source=commons.wikimedia.org&utm_campaign=imageinfo&utm_content=original,e60c6fadc6eb9df6e870d1de360c63e8b0f65701,1240.0,808.0,2009-10-18T16:14:31Z,exact,"harvester downscale, byte-identical",inf,0.0,inf,
casent0005601,Strumigenys,p,data/images/Strumigenys/casent0005601_p.jpg,1.0,1.0,Strumigenys manga casent0005601 profile 1.jpg,https://upload.wikimedia.org/wikipedia/commons/1/19/Strumigenys_manga_casent0005601_profile_1.jpg?utm_source=commons.wikimedia.org&utm_campaign=imageinfo&utm_content=original,0cde4618c827f252f24813f7cad5b6820308b4b2,1071.0,808.0,2009-10-20T17:40:48Z,exact,"harvester downscale, byte-identical",inf,0.0,inf,
casent0005602,Strumigenys,p,data/images/Strumigenys/casent0005602_p.jpg,1.0,1.0,Strumigenys micrans casent0005602 profile 1.jpg,https://upload.wikimedia.org/wikipedia/commons/b/b9/Strumigenys_micrans_casent0005602_profile_1.jpg?utm_source=commons.wikimedia.org&utm_campaign=imageinfo&utm_content=original,654b0a4de5211be49d5f6b1a1756621866b7f4a9,1287.0,808.0,2009-10-20T21:03:23Z,exact,"harvester downscale, byte-identical",inf,0.0,inf,
casent0005603,Strumigenys,p,data/images/Strumigenys/casent0005603_p.jpg,1.0,1.0,Strumigenys milae casent0005603 profile 1.jpg,https://upload.wikimedia.org/wikipedia/commons/6/66/Strumigenys_milae_casent0005603_profile_1.jpg?utm_source=commons.wikimedia.org&utm_campaign=imageinfo&utm_content=original,cfb32a5dcd4ddfeeded5dd0fb6f0f9eb2a6b8839,1267.0,808.0,2009-10-18T08:20:58Z,exact,"harvester downscale, byte-identical",inf,0.0,inf,
casent0005604,Strumigenys,p,data/images/Strumigenys/casent0005604_p.jpg,1.0,1.0,Strumigenys milae casent0005604 profile 1.jpg,https://upload.wikimedia.org/wikipedia/commons/5/5c/Strumigenys_milae_casent0005604_profile_1.jpg?utm_source=commons.wikimedia.org&utm_campaign=imageinfo&utm_content=original,9cfb79daf02ffb4b5364f827e0750347cf927bef,1120.0,808.0,2009-10-22T04:25:27Z,exact,"harvester downscale, byte-identical",inf,0.0,inf,
casent0005605,Strumigenys,p,data/images/Strumigenys/casent0005605_p.jpg,1.0,1.0,Strumigenys mola casent0005605 profile 1.jpg,https://upload.wikimedia.org/wikipedia/commons/b/b2/Strumigenys_mola_casent0005605_profile_1.jpg?utm_source=commons.wikimedia.org&utm_campaign=imageinfo&utm_content=original,8e8e3e7c029f825e9508e17379eef146d398b386,1369.0,808.0,2009-10-22T07:12:24Z,exact,"Commons server thumbnail, pixel-identical",inf,0.0,inf,
casent0005608,Strumigenys,p,data/images/Strumigenys/casent0005608_p.jpg,1.0,1.0,Strumigenys mola casent0005608 profile 1.jpg,https://upload.wikimedia.org/wikipedia/commons/c/cc/Strumigenys_mola_casent0005608_profile_1.jpg?utm_source=commons.wikimedia.org&utm_campaign=imageinfo&utm_content=original,ee5ec4103405e575bdda0a8d119e04ddc96324c4,1327.0,808.0,2009-10-19T12:00:04Z,exact,"harvester downscale, byte-identical",inf,0.0,inf,
casent0005609,Strumigenys,p,data/images/Strumigenys/casent0005609_p.jpg,1.0,1.0,Strumigenys nambao casent0005609 profile 1.jpg,https://upload.wikimedia.org/wikipedia/commons/e/e5/Strumigenys_nambao_casent0005609_profile_1.jpg?utm_source=commons.wikimedia.org&utm_campaign=imageinfo&utm_content=original,3bf372a22a798d3259808c551264a96225d6acd3,1371.0,808.0,2009-10-21T15:57:51Z,exact,"harvester downscale, byte-identical",inf,0.0,inf,
casent0005610,Strumigenys,p,data/images/Strumigenys/casent0005610_p.jpg,1.0,1.0,Strumigenys nambao casent0005610 profile 1.jpg,https://upload.wikimedia.org/wikipedia/commons/3/3e/Strumigenys_nambao_casent0005610_profile_1.jpg?utm_source=commons.wikimedia.org&utm_campaign=imageinfo&utm_content=original,4ec28d85c16443c1858238b8595dfda98ec36cbf,1207.0,808.0,2009-10-18T19:13:25Z,exact,"harvester downscale, byte-identical",inf,0.0,inf,
casent0005612,Strumigenys,p,data/images/Strumigenys/casent0005612_p.jpg,1.0,1.0,Strumigenys nambao casent0005612 profile 1.jpg,https://upload.wikimedia.org/wikipedia/commons/b/b6/Strumigenys_nambao_casent0005612_profile_1.jpg?utm_source=commons.wikimedia.org&utm_campaign=imageinfo&utm_content=original,5d346b326ea522a33713e747bc5fa006667fc2ac,1449.0,808.0,2009-10-20T02:06:47Z,exact,"harvester downscale, byte-identical",inf,0.0,inf,
casent0005613,Strumigenys,p,data/images/Strumigenys/casent0005613_p.jpg,1.0,1.0,Strumigenys norax casent0005613 profile 1.jpg,https://upload.wikimedia.org/wikipedia/commons/6/6e/Strumigenys_norax_casent0005613_profile_1.jpg?utm_source=commons.wikimedia.org&utm_campaign=imageinfo&utm_content=original,3a05aa969916911f2ac0e8bb9904f0ba8018716b,1250.0,808.0,2009-10-19T01:57:38Z,exact,"harvester downscale, byte-identical",inf,0.0,inf,
casent0005614,Strumigenys,p,data/images/Strumigenys/casent0005614_p.jpg,1.0,1.0,Strumigenys norax casent0005614 profile 1.jpg,https://upload.wikimedia.org/wikipedia/commons/4/41/Strumigenys_norax_casent0005614_profile_1.jpg?utm_source=commons.wikimedia.org&utm_campaign=imageinfo&utm_content=original,2a906d06118b1fbc226471dd2abc0839c0bd8c1b,1326.0,808.0,2009-10-20T01:21:38Z,exact,"harvester downscale, byte-identical",inf,0.0,inf,
casent0005615,Strumigenys,p,data/images/Strumigenys/casent0005615_p.jpg,1.0,1.0,Strumigenys norax casent0005615 profile 1.jpg,https://upload.wikimedia.org/wikipedia/commons/9/94/Strumigenys_norax_casent0005615_profile_1.jpg?utm_source=commons.wikimedia.org&utm_campaign=imageinfo&utm_content=original,61bc5842b18fe81589007395519fccd82ef7e9e0,1127.0,808.0,2009-10-22T00:34:07Z,exact,"harvester downscale, byte-identical",inf,0.0,inf,
casent0005616,Strumigenys,p,data/images/Strumigenys/casent0005616_p.jpg,1.0,1.0,Strumigenys norax casent0005616 profile 1.jpg,https://upload.wikimedia.org/wikipedia/commons/b/b7/Strumigenys_norax_casent0005616_profile_1.jpg?utm_source=commons.wikimedia.org&utm_campaign=imageinfo&utm_content=original,24d2d3e86d285ae7fc86ef6e3629c5ec166f035d,1243.0,808.0,2009-10-21T04:14:35Z,exact,"harvester downscale, byte-identical",inf,0.0,inf,
casent0005617,Strumigenys,p,data/images/Strumigenys/casent0005617_p.jpg,1.0,1.0,Strumigenys odacon casent0005617 profile 1.jpg,https://upload.wikimedia.org/wikipedia/commons/a/a8/Strumigenys_odacon_casent0005617_profile_1.jpg?utm_source=commons.wikimedia.org&utm_campaign=imageinfo&utm_content=original,0bbdf29dbaa3d6ecd958432da86d3d2c6e2133d8,1225.0,808.0,2009-10-18T19:08:34Z,exact,"harvester downscale, byte-identical",inf,0.0,inf,
casent0005618,Strumigenys,p,data/images/Strumigenys/casent0005618_p.jpg,1.0,1.0,Strumigenys odacon casent0005618 profile 1.jpg,https://upload.wikimedia.org/wikipedia/commons/f/fd/Strumigenys_odacon_casent0005618_profile_1.jpg?utm_source=commons.wikimedia.org&utm_campaign=imageinfo&utm_content=original,c2b9938754d3583748b0fea96fb5516d9d2ca7e7,1559.0,808.0,2009-10-19T21:32:37Z,exact,"harvester downscale, byte-identical",inf,0.0,inf,
casent0005619,Strumigenys,p,data/images/Strumigenys/casent0005619_p.jpg,1.0,1.0,Strumigenys odacon casent0005619 profile 1.jpg,https://upload.wikimedia.org/wikipedia/commons/e/e4/Strumigenys_odacon_casent0005619_profile_1.jpg?utm_source=commons.wikimedia.org&utm_campaign=imageinfo&utm_content=original,e38693194ccd5e2a5b439e48256dce40be44acf6,1181.0,808.0,2009-10-18T08:23:23Z,exact,"harvester downscale, byte-identical",inf,0.0,inf,
casent0005620,Strumigenys,p,data/images/Strumigenys/casent0005620_p.jpg,1.0,1.0,Strumigenys odacon casent0005620 profile 1.jpg,https://upload.wikimedia.org/wikipedia/commons/6/63/Strumigenys_odacon_casent0005620_profile_1.jpg?utm_source=commons.wikimedia.org&utm_campaign=imageinfo&utm_content=original,499d9f9220332b8bc58199b7558f29d08125a616,1287.0,808.0,2009-10-19T08:15:56Z,exact,"Commons server thumbnail, byte-identical",inf,0.0,inf,
casent0005622,Strumigenys,p,data/images/Strumigenys/casent0005622_p.jpg,1.0,1.0,Strumigenys origo casent0005622 profile 1.jpg,https://upload.wikimedia.org/wikipedia/commons/2/2a/Strumigenys_origo_casent0005622_profile_1.jpg?utm_source=commons.wikimedia.org&utm_campaign=imageinfo&utm_content=original,0a6e1fd05a196402ef6f9dbe80535446fc3167f0,1440.0,808.0,2009-10-22T17:07:29Z,exact,"harvester downscale, byte-identical",inf,0.0,inf,
casent0005623,Strumigenys,p,data/images/Strumigenys/casent0005623_p.jpg,1.0,1.0,Strumigenys origo casent0005623 profile 1.jpg,https://upload.wikimedia.org/wikipedia/commons/8/82/Strumigenys_origo_casent0005623_profile_1.jpg?utm_source=commons.wikimedia.org&utm_campaign=imageinfo&utm_content=original,8d3695f98a28f446ddee35bf5ece9fb51513f95b,1281.0,808.0,2009-10-22T16:45:34Z,exact,"harvester downscale, byte-identical",inf,0.0,inf,
casent0005624,Strumigenys,p,data/images/Strumigenys/casent0005624_p.jpg,1.0,1.0,Strumigenys origo casent0005624 profile 1.jpg,https://upload.wikimedia.org/wikipedia/commons/9/94/Strumigenys_origo_casent0005624_profile_1.jpg?utm_source=commons.wikimedia.org&utm_campaign=imageinfo&utm_content=original,aad7bcfcf7b7120810038c68e178eb65cad3cfa7,1316.0,808.0,2009-10-19T09:52:30Z,exact,"harvester downscale, byte-identical",inf,0.0,inf,
casent0005625,Strumigenys,p,data/images/Strumigenys/casent0005625_p.jpg,1.0,1.0,Strumigenys peyrierasi casent0005625 profile 1.jpg,https://upload.wikimedia.org/wikipedia/commons/9/96/Strumigenys_peyrierasi_casent0005625_profile_1.jpg?utm_source=commons.wikimedia.org&utm_campaign=imageinfo&utm_content=original,211810914b1ad979b558fd64e712d5e500a9f077,1071.0,808.0,2009-10-21T01:22:07Z,exact,"harvester downscale, byte-identical",inf,0.0,inf,
casent0005626,Strumigenys,p,data/images/Strumigenys/casent0005626_p.jpg,1.0,1.0,Strumigenys rabesoni casent0005626 profile 1.jpg,https://upload.wikimedia.org/wikipedia/commons/6/68/Strumigenys_rabesoni_casent0005626_profile_1.jpg?utm_source=commons.wikimedia.org&utm_campaign=imageinfo&utm_content=original,d37701499d8e10d33ba1caee02d5355ab17ba6ff,1297.0,808.0,2009-10-21T23:05:59Z,exact,"harvester downscale, byte-identical",inf,0.0,inf,
casent0005627,Strumigenys,p,data/images/Strumigenys/casent0005627_p.jpg,1.0,1.0,Strumigenys rabesoni casent0005627 profile 1.jpg,https://upload.wikimedia.org/wikipedia/commons/3/3c/Strumigenys_rabesoni_casent0005627_profile_1.jpg?utm_source=commons.wikimedia.org&utm_campaign=imageinfo&utm_content=original,3201a2c1ed18b04ff462ab6cfb8967fc1b25918b,1342.0,808.0,2009-10-22T14:53:37Z,exact,"harvester downscale, byte-identical",inf,0.0,inf,
casent0005628,Strumigenys,p,data/images/Strumigenys/casent0005628_p.jpg,1.0,1.0,Strumigenys rabesoni casent0005628 profile 1.jpg,https://upload.wikimedia.org/wikipedia/commons/8/81/Strumigenys_rabesoni_casent0005628_profile_1.jpg?utm_source=commons.wikimedia.org&utm_campaign=imageinfo&utm_content=original,25706ecf6fcefec4733f0a2dc5087c78ab7cc338,1336.0,808.0,2009-10-20T01:25:37Z,exact,"harvester downscale, byte-identical",inf,0.0,inf,
casent0005629,Strumigenys,p,data/images/Strumigenys/casent0005629_p.jpg,1.0,1.0,Strumigenys ravola casent0005629 profile 1.jpg,https://upload.wikimedia.org/wikipedia/commons/1/13/Strumigenys_ravola_casent0005629_profile_1.jpg?utm_source=commons.wikimedia.org&utm_campaign=imageinfo&utm_content=original,da9dd478d2f787c4c407bfb261cb92bf4ef9b27c,1332.0,808.0,2009-10-21T14:24:55Z,exact,"harvester downscale, byte-identical",inf,0.0,inf,
casent0005630,Strumigenys,p,data/images/Strumigenys/casent0005630_p.jpg,1.0,1.0,Strumigenys rubigus casent0005630 profile 1.jpg,https://upload.wikimedia.org/wikipedia/commons/c/c5/Strumigenys_rubigus_casent0005630_profile_1.jpg?utm_source=commons.wikimedia.org&utm_campaign=imageinfo&utm_content=original,e261db7ca029c7756f7f85a274433e4582bf4dc2,1171.0,808.0,2009-10-19T14:25:44Z,exact,"harvester downscale, byte-identical",inf,0.0,inf,
casent0005631,Strumigenys,p,data/images/Strumigenys/casent0005631_p.jpg,1.0,1.0,Strumigenys schuetzi casent0005631 profile 1.jpg,https://upload.wikimedia.org/wikipedia/commons/6/6d/Strumigenys_schuetzi_casent0005631_profile_1.jpg?utm_source=commons.wikimedia.org&utm_campaign=imageinfo&utm_content=original,ecd43055d92f7646f4f2066c9396ca875f5dc001,1233.0,808.0,2009-10-18T12:02:21Z,exact,"harvester downscale, byte-identical",inf,0.0,inf,
casent0005632,Strumigenys,p,data/images/Strumigenys/casent0005632_p.jpg,1.0,1.0,Strumigenys schuetzi casent0005632 profile 1.jpg,https://upload.wikimedia.org/wikipedia/commons/a/aa/Strumigenys_schuetzi_casent0005632_profile_1.jpg?utm_source=commons.wikimedia.org&utm_campaign=imageinfo&utm_content=original,e816c062a39454463c8fc3f986684d48a4f40f68,1582.0,808.0,2009-10-21T21:22:35Z,exact,"harvester downscale, byte-identical",inf,0.0,inf,
casent0005633,Strumigenys,p,data/images/Strumigenys/casent0005633_p.jpg,1.0,1.0,Strumigenys schuetzi casent0005633 profile 1.jpg,https://upload.wikimedia.org/wikipedia/commons/3/31/Strumigenys_schuetzi_casent0005633_profile_1.jpg?utm_source=commons.wikimedia.org&utm_campaign=imageinfo&utm_content=original,52058e48271ec1b462040b0e162120622fef8b1b,1173.0,808.0,2009-10-20T19:22:27Z,exact,"harvester downscale, byte-identical",inf,0.0,inf,
casent0005634,Strumigenys,p,data/images/Strumigenys/casent0005634_p.jpg,1.0,1.0,Strumigenys schuetzi casent0005634 profile 1.jpg,https://upload.wikimedia.org/wikipedia/commons/8/80/Strumigenys_schuetzi_casent0005634_profile_1.jpg?utm_source=commons.wikimedia.org&utm_campaign=imageinfo&utm_content=original,1677a76c6cfab423957d8ce811e26d90fe2c319f,1520.0,808.0,2009-10-19T19:54:38Z,exact,"Commons server thumbnail, byte-identical",inf,0.0,inf,
casent0005635,Strumigenys,p,data/images/Strumigenys/casent0005635_p.jpg,1.0,1.0,Strumigenys sphera casent0005635 profile 1.jpg,https://upload.wikimedia.org/wikipedia/commons/9/96/Strumigenys_sphera_casent0005635_profile_1.jpg?utm_source=commons.wikimedia.org&utm_campaign=imageinfo&utm_content=original,6c28c8572f8d3ccb2c32937e5f1c618ec62f627f,1385.0,808.0,2009-10-20T22:02:38Z,exact,"harvester downscale, byte-identical",inf,0.0,inf,
casent0005636,Strumigenys,p,data/images/Strumigenys/casent0005636_p.jpg,1.0,1.0,Strumigenys sphera casent0005636 profile 1.jpg,https://upload.wikimedia.org/wikipedia/commons/c/c9/Strumigenys_sphera_casent0005636_profile_1.jpg?utm_source=commons.wikimedia.org&utm_campaign=imageinfo&utm_content=original,49e31d215e2a78d60b1a4627d988c59158144ebc,1511.0,808.0,2009-10-19T11:26:10Z,exact,"harvester downscale, byte-identical",inf,0.0,inf,
casent0005637,Strumigenys,p,data/images/Strumigenys/casent0005637_p.jpg,1.0,1.0,Strumigenys sphera casent0005637 profile 1.jpg,https://upload.wikimedia.org/wikipedia/commons/5/54/Strumigenys_sphera_casent0005637_profile_1.jpg?utm_source=commons.wikimedia.org&utm_campaign=imageinfo&utm_content=original,d6ed166065893dd39893f9e48d714385695905bf,1126.0,808.0,2009-10-21T22:33:36Z,exact,"harvester downscale, byte-identical",inf,0.0,inf,
casent0005638,Strumigenys,p,data/images/Strumigenys/casent0005638_p.jpg,1.0,1.0,Strumigenys sphera casent0005638 profile 1.jpg,https://upload.wikimedia.org/wikipedia/commons/9/99/Strumigenys_sphera_casent0005638_profile_1.jpg?utm_source=commons.wikimedia.org&utm_campaign=imageinfo&utm_content=original,299e6c3acbeeebaad74b67b9f41ff549c98ce9f0,1237.0,808.0,2009-10-20T17:31:41Z,exact,"harvester downscale, byte-identical",inf,0.0,inf,
casent0005639,Strumigenys,p,data/images/Strumigenys/casent0005639_p.jpg,1.0,1.0,Strumigenys sylvaini casent0005639 profile 1.jpg,https://upload.wikimedia.org/wikipedia/commons/f/fd/Strumigenys_sylvaini_casent0005639_profile_1.jpg?utm_source=commons.wikimedia.org&utm_campaign=imageinfo&utm_content=original,758f316cac029f1b8b069313d13cf9085f6c8a72,1313.0,808.0,2009-10-22T19:08:32Z,exact,"harvester downscale, byte-identical",inf,0.0,inf,
casent0005640,Strumigenys,p,data/images/Strumigenys/casent0005640_p.jpg,1.0,1.0,Strumigenys sylvaini casent0005640 profile 1.jpg,https://upload.wikimedia.org/wikipedia/commons/a/ab/Strumigenys_sylvaini_casent0005640_profile_1.jpg?utm_source=commons.wikimedia.org&utm_campaign=imageinfo&utm_content=original,f737653d0d98f981fc675a7257fbba4e7c994f17,1199.0,808.0,2009-10-18T07:23:40Z,exact,"harvester downscale, byte-identical",inf,0.0,inf,
casent0005641,Strumigenys,p,data/images/Strumigenys/casent0005641_p.jpg,1.0,1.0,Strumigenys sylvaini casent0005641 profile 1.jpg,https://upload.wikimedia.org/wikipedia/commons/0/04/Strumigenys_sylvaini_casent0005641_profile_1.jpg?utm_source=commons.wikimedia.org&utm_campaign=imageinfo&utm_content=original,647406e2c7c1de79f30c3702b17aafb5cf5a7adf,1214.0,808.0,2009-10-22T06:23:55Z,exact,"harvester downscale, byte-identical",inf,0.0,inf,
casent0005642,Strumigenys,p,data/images/Strumigenys/casent0005642_p.jpg,1.0,1.0,Strumigenys tegar casent0005642 profile 1.jpg,https://upload.wikimedia.org/wikipedia/commons/d/d7/Strumigenys_tegar_casent0005642_profile_1.jpg?utm_source=commons.wikimedia.org&utm_campaign=imageinfo&utm_content=original,316d35dda11022ef4b83c08f386357ac183bbb6b,1318.0,808.0,2009-10-19T07:38:27Z,exact,"harvester downscale, byte-identical",inf,0.0,inf,
casent0005643,Strumigenys,p,data/images/Strumigenys/casent0005643_p.jpg,1.0,1.0,Strumigenys toma casent0005643 profile 1.jpg,https://upload.wikimedia.org/wikipedia/commons/a/af/Strumigenys_toma_casent0005643_profile_1.jpg?utm_source=commons.wikimedia.org&utm_campaign=imageinfo&utm_content=original,6f6ebe0fd439a975206e124af1bf19401ddb9d48,1307.0,808.0,2009-10-21T03:21:07Z,exact,"harvester downscale, byte-identical",inf,0.0,inf,
casent0005644,Strumigenys,p,data/images/Strumigenys/casent0005644_p.jpg,1.0,1.0,Strumigenys vazimba casent0005644 profile 1.jpg,https://upload.wikimedia.org/wikipedia/commons/e/e4/Strumigenys_vazimba_casent0005644_profile_1.jpg?utm_source=commons.wikimedia.org&utm_campaign=imageinfo&utm_content=original,cdfa1969b4fcdf3535dbdb72fb74f02425d8b8f1,1143.0,808.0,2009-10-21T21:52:33Z,exact,"harvester downscale, byte-identical",inf,0.0,inf,
casent0005645,Strumigenys,p,data/images/Strumigenys/casent0005645_p.jpg,1.0,1.0,Strumigenys vazimba casent0005645 profile 1.jpg,https://upload.wikimedia.org/wikipedia/commons/5/52/Strumigenys_vazimba_casent0005645_profile_1.jpg?utm_source=commons.wikimedia.org&utm_campaign=imageinfo&utm_content=original,4dd8fe0ec4fb398f9148e6bbfca6dbbc7c7f05ce,1199.0,808.0,2009-10-18T13:08:09Z,exact,"harvester downscale, byte-identical",inf,0.0,inf,
casent0005646,Strumigenys,p,data/images/Strumigenys/casent0005646_p.jpg,1.0,1.0,Strumigenys vazimba casent0005646 profile 1.jpg,https://upload.wikimedia.org/wikipedia/commons/a/a6/Strumigenys_vazimba_casent0005646_profile_1.jpg?utm_source=commons.wikimedia.org&utm_campaign=imageinfo&utm_content=original,8663b42301491abb50dff2f530d4987e16bd8424,1373.0,808.0,2009-10-21T22:57:34Z,exact,"Commons server thumbnail, byte-identical",inf,0.0,inf,
casent0005647,Strumigenys,p,data/images/Strumigenys/casent0005647_p.jpg,1.0,1.0,Strumigenys vazimba casent0005647 profile 1.jpg,https://upload.wikimedia.org/wikipedia/commons/1/13/Strumigenys_vazimba_casent0005647_profile_1.jpg?utm_source=commons.wikimedia.org&utm_campaign=imageinfo&utm_content=original,37c2c8af9400baf4c073944ddd0e72c3f5d6c17c,1285.0,808.0,2009-10-22T16:13:43Z,exact,"harvester downscale, byte-identical",inf,0.0,inf,
casent0005889,Strumigenys,p,data/images/Strumigenys/casent0005889_p.jpg,1.0,1.0,Strumigenys ludovici casent0005889 profile 1.jpg,https://upload.wikimedia.org/wikipedia/commons/3/33/Strumigenys_ludovici_casent0005889_profile_1.jpg?utm_source=commons.wikimedia.org&utm_campaign=imageinfo&utm_content=original,1cc26ab21ed57625708b1f8192c555d088685547,1155.0,808.0,2009-10-20T00:59:58Z,exact,"harvester downscale, byte-identical",inf,0.0,inf,
casent0005890,Strumigenys,p,data/images/Strumigenys/casent0005890_p.jpg,1.0,1.0,Strumigenys maxillaris casent0005890 profile 1.jpg,https://upload.wikimedia.org/wikipedia/commons/e/e4/Strumigenys_maxillaris_casent0005890_profile_1.jpg?utm_source=commons.wikimedia.org&utm_campaign=imageinfo&utm_content=original,57647c90053f2da380fa927c9ac98e6a90c5562e,1360.0,808.0,2009-10-22T21:23:26Z,exact,"harvester downscale, byte-identical",inf,0.0,inf,
casent0005891,Strumigenys,p,data/images/Strumigenys/casent0005891_p.jpg,1.0,1.0,Strumigenys symmetrix casent0005891 profile 1.jpg,https://upload.wikimedia.org/wikipedia/commons/1/1c/Strumigenys_symmetrix_casent0005891_profile_1.jpg?utm_source=commons.wikimedia.org&utm_campaign=imageinfo&utm_content=original,9c83b1eb436735e04a03fd94afbc727826a598ff,1346.0,808.0,2009-10-21T14:10:54Z,exact,"harvester downscale, byte-identical",inf,0.0,inf,
casent0005892,Strumigenys,p,data/images/Strumigenys/casent0005892_p.jpg,1.0,1.0,Strumigenys alperti casent0005892 profile 1.jpg,https://upload.wikimedia.org/wikipedia/commons/2/20/Strumigenys_alperti_casent0005892_profile_1.jpg?utm_source=commons.wikimedia.org&utm_campaign=imageinfo&utm_content=original,e0cd1c529da8b46364aed40e7c1a58ab589f0803,1392.0,808.0,2009-10-19T01:08:30Z,exact,"harvester downscale, byte-identical",inf,0.0,inf,
casent0005893,Strumigenys,p,data/images/Strumigenys/casent0005893_p.jpg,1.0,1.0,Strumigenys coveri casent0005893 profile 1.jpg,https://upload.wikimedia.org/wikipedia/commons/6/61/Strumigenys_coveri_casent0005893_profile_1.jpg?utm_source=commons.wikimedia.org&utm_campaign=imageinfo&utm_content=original,8bd3e0c87053b29ff90cc0d118798ea6287ef139,1169.0,808.0,2009-10-21T23:23:24Z,exact,"harvester downscale, byte-identical",inf,0.0,inf,
casent0005896,Strumigenys,p,data/images/Strumigenys/casent0005896_p.jpg,1.0,1.0,Strumigenys grandidieri casent0005896 profile 1.jpg,https://upload.wikimedia.org/wikipedia/commons/f/f8/Strumigenys_grandidieri_casent0005896_profile_1.jpg?utm_source=commons.wikimedia.org&utm_campaign=imageinfo&utm_content=original,d1b89f90270050331137d0acc41316a7d63984e7,1123.0,808.0,2009-10-20T11:17:58Z,exact,"harvester downscale, byte-identical",inf,0.0,inf,
casent0005899,Strumigenys,p,data/images/Strumigenys/casent0005899_p.jpg,1.0,1.0,Strumigenys wardi casent0005899 profile 1.jpg,https://upload.wikimedia.org/wikipedia/commons/b/bd/Strumigenys_wardi_casent0005899_profile_1.jpg?utm_source=commons.wikimedia.org&utm_campaign=imageinfo&utm_content=original,4006d4caa7ef39f45d417519ecff6238f4374b49,1275.0,808.0,2009-10-21T06:34:04Z,exact,"harvester downscale, byte-identical",inf,0.0,inf,
casent0005964,Cardiocondyla,p,data/images/Cardiocondyla/casent0005964_p.jpg,1.0,1.0,Cardiocondyla emeryi casent0005964 profile 1.jpg,https://upload.wikimedia.org/wikipedia/commons/9/9a/Cardiocondyla_emeryi_casent0005964_profile_1.jpg?utm_source=commons.wikimedia.org&utm_campaign=imageinfo&utm_content=original,e201f70769a99a916e5661cd1338932743c24d23,1221.0,808.0,2009-10-18T09:29:32Z,exact,"harvester downscale, byte-identical",inf,0.0,inf,
casent0005965,Anochetus,p,data/images/Anochetus/casent0005965_p.jpg,1.0,1.0,Anochetus grandidieri casent0005965 profile 1.jpg,https://upload.wikimedia.org/wikipedia/commons/2/24/Anochetus_grandidieri_casent0005965_profile_1.jpg?utm_source=commons.wikimedia.org&utm_campaign=imageinfo&utm_content=original,1c3e93381ca3691ebfe8f1a8e1285df7b6283801,1155.0,808.0,2009-10-21T13:45:08Z,exact,"harvester downscale, byte-identical",inf,0.0,inf,
casent0005966,Anochetus,p,data/images/Anochetus/casent0005966_p.jpg,1.0,1.0,Anochetus madagascarensis casent0005966 profile 1.jpg,https://upload.wikimedia.org/wikipedia/commons/c/c7/Anochetus_madagascarensis_casent0005966_profile_1.jpg?utm_source=commons.wikimedia.org&utm_campaign=imageinfo&utm_content=original,6eeb284698cd43b2dfb3510b0157a6c23a033277,1189.0,808.0,2009-10-20T06:59:40Z,exact,"harvester downscale, byte-identical",inf,0.0,inf,
casent0005967,Odontomachus,p,data/images/Odontomachus/casent0005967_p.jpg,1.0,1.0,Odontomachus coquereli casent0005967 profile 1.jpg,https://upload.wikimedia.org/wikipedia/commons/3/36/Odontomachus_coquereli_casent0005967_profile_1.jpg?utm_source=commons.wikimedia.org&utm_campaign=imageinfo&utm_content=original,e3d705bffbd2b9478735d62fac3e2ca3663c3c4c,1071.0,808.0,2009-10-18T11:49:13Z,exact,"harvester downscale, byte-identical",inf,0.0,inf,
casent0005968,Odontomachus,p,data/images/Odontomachus/casent0005968_p.jpg,1.0,1.0,Odontomachus coquereli casent0005968 profile 1.jpg,https://upload.wikimedia.org/wikipedia/commons/a/a4/Odontomachus_coquereli_casent0005968_profile_1.jpg?utm_source=commons.wikimedia.org&utm_campaign=imageinfo&utm_content=original,8e9ed810749d8d2634ca6b57e6ab2e4b7419590e,1071.0,808.0,2009-10-20T04:05:57Z,exact,"harvester downscale, byte-identical",inf,0.0,inf,
casent0005969,Technomyrmex,p,data/images/Technomyrmex/casent0005969_p.jpg,1.0,1.0,Technomyrmex fisheri casent0005969 profile 1.jpg,https://upload.wikimedia.org/wikipedia/commons/4/4a/Technomyrmex_fisheri_casent0005969_profile_1.jpg?utm_source=commons.wikimedia.org&utm_campaign=imageinfo&utm_content=original,5e934b26781fc943ef01c5e53f4e74254aa54e60,1443.0,808.0,2009-10-22T04:58:12Z,exact,"Commons server thumbnail, byte-identical",inf,0.0,inf,
casent0005970,Tapinoma,p,data/images/Tapinoma/casent0005970_p.jpg,1.0,1.0,Technomyrmex pallipes casent0005970 profile 1.jpg,https://upload.wikimedia.org/wikipedia/commons/7/70/Technomyrmex_pallipes_casent0005970_profile_1.jpg?utm_source=commons.wikimedia.org&utm_campaign=imageinfo&utm_content=original,66c9e17a47a4fb7c990dc32ffbd97807cfe2ed53,1137.0,808.0,2009-10-19T03:12:11Z,exact,"harvester downscale, byte-identical",inf,0.0,inf,
casent0005986,Strumigenys,p,data/images/Strumigenys/casent0005986_p.jpg,2.0,1.0,Strumigenys hathor casent0005986 profile 1.jpg,https://upload.wikimedia.org/wikipedia/commons/c/c6/Strumigenys_hathor_casent0005986_profile_1.jpg?utm_source=commons.wikimedia.org&utm_campaign=imageinfo&utm_content=original,b2a765ea3dd9453833be6696d7f23d781b4c250e,1087.0,808.0,2009-10-20T15:16:36Z,exact,"harvester downscale, byte-identical",inf,0.0,inf,
casent0005987,Strumigenys,p,data/images/Strumigenys/casent0005987_p.jpg,2.0,1.0,Strumigenys victrix casent0005987 profile 1.jpg,https://upload.wikimedia.org/wikipedia/commons/0/0b/Strumigenys_victrix_casent0005987_profile_1.jpg?utm_source=commons.wikimedia.org&utm_campaign=imageinfo&utm_content=original,bcfe74c49baeac0440b61bd05026b34d39e883f1,1327.0,808.0,2009-10-18T08:50:41Z,exact,"harvester downscale, byte-identical",inf,0.0,inf,
casent0005988,Strumigenys,p,data/images/Strumigenys/casent0005988_p.jpg,1.0,1.0,Strumigenys victrix casent0005988 profile 1.jpg,https://upload.wikimedia.org/wikipedia/commons/3/3b/Strumigenys_victrix_casent0005988_profile_1.jpg?utm_source=commons.wikimedia.org&utm_campaign=imageinfo&utm_content=original,05322a1586a9725bbfbc178668b6a21face0b2b4,1071.0,808.0,2009-10-22T19:53:19Z,exact,"harvester downscale, byte-identical",inf,0.0,inf,
casent0005989,Strumigenys,p,data/images/Strumigenys/casent0005989_p.jpg,2.0,1.0,Strumigenys ludovici casent0005989 profile 1.jpg,https://upload.wikimedia.org/wikipedia/commons/2/29/Strumigenys_ludovici_casent0005989_profile_1.jpg?utm_source=commons.wikimedia.org&utm_campaign=imageinfo&utm_content=original,14286d63862d3a31c60312fb9f6a151342a4c572,1290.0,808.0,2009-10-22T17:49:36Z,exact,"harvester downscale, byte-identical",inf,0.0,inf,
casent0005990,Strumigenys,p,data/images/Strumigenys/casent0005990_p.jpg,1.0,1.0,Strumigenys ambatrix casent0005990 profile 1.jpg,https://upload.wikimedia.org/wikipedia/commons/9/96/Strumigenys_ambatrix_casent0005990_profile_1.jpg?utm_source=commons.wikimedia.org&utm_campaign=imageinfo&utm_content=original,a2b548369dfe025faee467de622bf19a85bebc05,1270.0,808.0,2009-10-18T20:59:50Z,exact,"harvester downscale, byte-identical",inf,0.0,inf,
casent0005991,Strumigenys,p,data/images/Strumigenys/casent0005991_p.jpg,2.0,1.0,Strumigenys fautrix casent0005991 profile 1.jpg,https://upload.wikimedia.org/wikipedia/commons/3/3d/Strumigenys_fautrix_casent0005991_profile_1.jpg?utm_source=commons.wikimedia.org&utm_campaign=imageinfo&utm_content=original,88d226cac5bd05bb0bdd02f55fa4509aa430d7a5,1071.0,808.0,2009-10-18T11:10:58Z,exact,"harvester downscale, byte-identical",inf,0.0,inf,
casent0005992,Strumigenys,p,data/images/Strumigenys/casent0005992_p.jpg,1.0,1.0,Strumigenys symmetrix casent0005992 profile 1.jpg,https://upload.wikimedia.org/wikipedia/commons/7/74/Strumigenys_symmetrix_casent0005992_profile_1.jpg?utm_source=commons.wikimedia.org&utm_campaign=imageinfo&utm_content=original,08c0bb373b4f4757f1be75ea9c58311b0628fdd6,1071.0,808.0,2009-10-20T02:50:25Z,exact,"harvester downscale, byte-identical",inf,0.0,inf,
casent0005993,Strumigenys,p,data/images/Strumigenys/casent0005993_p.jpg,1.0,1.0,Strumigenys exiguaevitae casent0005993 profile 1.jpg,https://upload.wikimedia.org/wikipedia/commons/7/72/Strumigenys_exiguaevitae_casent0005993_profile_1.jpg?utm_source=commons.wikimedia.org&utm_campaign=imageinfo&utm_content=original,2e46c201526f0a47c4c4af95bf9f1993143c6d9f,1097.0,808.0,2009-10-20T23:42:26Z,exact,"harvester downscale, byte-identical",inf,0.0,inf,
casent0005994,Strumigenys,p,data/images/Strumigenys/casent0005994_p.jpg,1.0,1.0,Strumigenys serket casent0005994 profile 1.jpg,https://upload.wikimedia.org/wikipedia/commons/0/01/Strumigenys_serket_casent0005994_profile_1.jpg?utm_source=commons.wikimedia.org&utm_campaign=imageinfo&utm_content=original,f427b644045884d699daf2d0bf776d836ecfd850,1199.0,808.0,2009-10-22T05:29:22Z,exact,"harvester downscale, byte-identical",inf,0.0,inf,
casent0005995,Strumigenys,p,data/images/Strumigenys/casent0005995_p.jpg,1.0,1.0,Strumigenys seti casent0005995 profile 1.jpg,https://upload.wikimedia.org/wikipedia/commons/a/ac/Strumigenys_seti_casent0005995_profile_1.jpg?utm_source=commons.wikimedia.org&utm_campaign=imageinfo&utm_content=original,a3bcd174cdd0755c6273596d30e0fbe189603c6a,1153.0,808.0,2009-10-18T22:30:30Z,exact,"harvester downscale, byte-identical",inf,0.0,inf,
casent0005996,Strumigenys,p,data/images/Strumigenys/casent0005996_p.jpg,1.0,1.0,Strumigenys maxillaris casent0005996 profile 1.jpg,https://upload.wikimedia.org/wikipedia/commons/5/55/Strumigenys_maxillaris_casent0005996_profile_1.jpg?utm_source=commons.wikimedia.org&utm_campaign=imageinfo&utm_content=original,0e6fd3c968d4fdcc4b77ba13a053bd5ad3fab48e,1071.0,808.0,2009-10-20T22:33:31Z,exact,"harvester downscale, byte-identical",inf,0.0,inf,
casent0005999,Strumigenys,p,data/images/Strumigenys/casent0005999_p.jpg,1.0,1.0,Strumigenys maxillaris casent0005999 profile 1.jpg,https://upload.wikimedia.org/wikipedia/commons/0/09/Strumigenys_maxillaris_casent0005999_profile_1.jpg?utm_source=commons.wikimedia.org&utm_campaign=imageinfo&utm_content=original,d5c58a24bf808762a224052a51500c9369342716,996.0,808.0,2009-10-21T16:27:54Z,exact,"harvester downscale, byte-identical",inf,0.0,inf,
casent0006000,Strumigenys,p,data/images/Strumigenys/casent0006000_p.jpg,1.0,1.0,Strumigenys erynnes casent0006000 profile 1.jpg,https://upload.wikimedia.org/wikipedia/commons/f/fe/Strumigenys_erynnes_casent0006000_profile_1.jpg?utm_source=commons.wikimedia.org&utm_campaign=imageinfo&utm_content=original,9e6866bc04b0a400e8d0fdf8971f3ddcb0f2a785,1115.0,808.0,2009-10-21T09:07:41Z,exact,"harvester downscale, byte-identical",inf,0.0,inf,
casent0006026,Strumigenys,p,data/images/Strumigenys/casent0006026_p.jpg,1.0,1.0,Strumigenys victrix casent0006026 profile 1.jpg,https://upload.wikimedia.org/wikipedia/commons/1/13/Strumigenys_victrix_casent0006026_profile_1.jpg?utm_source=commons.wikimedia.org&utm_campaign=imageinfo&utm_content=original,0735afb1abe522a072f642b2548cb452ca5b6647,1221.0,808.0,2009-10-18T12:31:56Z,exact,"harvester downscale, byte-identical",inf,0.0,inf,
casent0006028,Strumigenys,p,data/images/Strumigenys/casent0006028_p.jpg,1.0,1.0,Strumigenys fautrix casent0006028 profile 1.jpg,https://upload.wikimedia.org/wikipedia/commons/c/cf/Strumigenys_fautrix_casent0006028_profile_1.jpg?utm_source=commons.wikimedia.org&utm_campaign=imageinfo&utm_content=original,1d2932e86efca9ee61962284c05d70f04fcb87b4,1181.0,808.0,2009-10-21T17:06:36Z,exact,"harvester downscale, byte-identical",inf,0.0,inf,
casent0006839,Technomyrmex,p,data/images/Technomyrmex/casent0006839_p.jpg,1.0,1.0,Technomyrmex voeltzkowi casent0006839 profile 1.jpg,https://upload.wikimedia.org/wikipedia/commons/4/44/Technomyrmex_voeltzkowi_casent0006839_profile_1.jpg?utm_source=commons.wikimedia.org&utm_campaign=imageinfo&utm_content=original,bb34790227ce0b0a23b90328c984aae4e03b8d2c,1197.0,808.0,2009-10-19T10:24:35Z,exact,"harvester downscale, byte-identical",inf,0.0,inf,
casent0007734,Anochetus,p,data/images/Anochetus/casent0007734_p.jpg,1.0,1.0,Anochetus grandidieri casent0007734 profile 1.jpg,https://upload.wikimedia.org/wikipedia/commons/2/20/Anochetus_grandidieri_casent0007734_profile_1.jpg?utm_source=commons.wikimedia.org&utm_campaign=imageinfo&utm_content=original,78d2e8773a6175284a293d20b18f80b3195325b7,1236.0,808.0,2009-10-18T13:42:22Z,exact,"harvester downscale, byte-identical",inf,0.0,inf,
casent0007735,Nylanderia,p,data/images/Nylanderia/casent0007735_p.jpg,1.0,1.0,Paratrechina amblyops casent0007735 profile 1.jpg,https://upload.wikimedia.org/wikipedia/commons/f/f8/Paratrechina_amblyops_casent0007735_profile_1.jpg?utm_source=commons.wikimedia.org&utm_campaign=imageinfo&utm_content=original,3c2b80a631ceff06af38abaff510ed30b01d7c07,1013.0,808.0,2009-10-18T10:41:24Z,exact,"harvester downscale, byte-identical",inf,0.0,inf,
casent0007736,Tetramorium,p,data/images/Tetramorium/casent0007736_p.jpg,1.0,1.0,Tetramorium electrum casent0007736 profile 1.jpg,https://upload.wikimedia.org/wikipedia/commons/0/06/Tetramorium_electrum_casent0007736_profile_1.jpg?utm_source=commons.wikimedia.org&utm_campaign=imageinfo&utm_content=original,7b9ae54bb1ecf59e7e1d5b66dc8a88154c46d887,1061.0,808.0,2009-10-21T15:47:46Z,exact,"harvester downscale, byte-identical",inf,0.0,inf,
casent0008659,Tapinoma,p,data/images/Tapinoma/casent0008659_p.jpg,1.0,1.0,Tapinoma melanocephalum casent0008659 profile 1.jpg,https://upload.wikimedia.org/wikipedia/commons/4/4d/Tapinoma_melanocephalum_casent0008659_profile_1.jpg?utm_source=commons.wikimedia.org&utm_campaign=imageinfo&utm_content=original,7d67f04de9d25483d9873d8050b637a10f836f7a,1073.0,808.0,2009-10-22T20:48:15Z,exact,"harvester downscale, byte-identical",inf,0.0,inf,
casent0009349,Mystrium,p,data/images/Mystrium/casent0009349_p.jpg,2.0,1.0,Mystrium rogeri casent0009349 profile 1.jpg,https://upload.wikimedia.org/wikipedia/commons/6/62/Mystrium_rogeri_casent0009349_profile_1.jpg?utm_source=commons.wikimedia.org&utm_campaign=imageinfo&utm_content=original,e61a8801297be4f076dfd1eac7466f5dc6abbe1a,1147.0,808.0,2009-10-22T14:56:22Z,exact,"harvester downscale, byte-identical",inf,0.0,inf,
casent0009409,Odontomachus,p,data/images/Odontomachus/casent0009409_p.jpg,1.0,1.0,Odontomachus coquereli casent0009409 profile 1.jpg,https://upload.wikimedia.org/wikipedia/commons/9/9d/Odontomachus_coquereli_casent0009409_profile_1.jpg?utm_source=commons.wikimedia.org&utm_campaign=imageinfo&utm_content=original,c2cd55d187b52254ce19b8ee9ad1b04b1bb0be48,1073.0,808.0,2009-10-22T18:22:14Z,exact,"harvester downscale, byte-identical",inf,0.0,inf,
casent0009965,Mystrium,p,data/images/Mystrium/casent0009965_p.jpg,2.0,1.0,Mystrium rogeri casent0009965 profile 1.jpg,https://upload.wikimedia.org/wikipedia/commons/6/68/Mystrium_rogeri_casent0009965_profile_1.jpg?utm_source=commons.wikimedia.org&utm_campaign=imageinfo&utm_content=original,d0977a1c9c46112854f88f9edbdf83e25bfe88d1,1034.0,808.0,2009-10-18T07:51:11Z,exact,"harvester downscale, byte-identical",inf,0.0,inf,
casent0009966,Mystrium,p,data/images/Mystrium/casent0009966_p.jpg,2.0,1.0,Mystrium rogeri casent0009966 profile 1.jpg,https://upload.wikimedia.org/wikipedia/commons/d/d9/Mystrium_rogeri_casent0009966_profile_1.jpg?utm_source=commons.wikimedia.org&utm_campaign=imageinfo&utm_content=original,c0b13e558651e5815ec54cc0fe21cbd2b6e59532,1073.0,808.0,2009-10-20T05:31:58Z,exact,"harvester downscale, byte-identical",inf,0.0,inf,
casent0009967,Mystrium,p,data/images/Mystrium/casent0009967_p.jpg,2.0,1.0,Mystrium rogeri casent0009967 profile 1.jpg,https://upload.wikimedia.org/wikipedia/commons/c/ca/Mystrium_rogeri_casent0009967_profile_1.jpg?utm_source=commons.wikimedia.org&utm_campaign=imageinfo&utm_content=original,3e2a7c86370209bb66746b42c2dd98631f0a4d2d,1073.0,808.0,2009-10-20T17:11:31Z,exact,"harvester downscale, byte-identical",inf,0.0,inf,
casent0009968,Mystrium,p,data/images/Mystrium/casent0009968_p.jpg,2.0,1.0,Mystrium rogeri casent0009968 profile 1.jpg,https://upload.wikimedia.org/wikipedia/commons/a/aa/Mystrium_rogeri_casent0009968_profile_1.jpg?utm_source=commons.wikimedia.org&utm_campaign=imageinfo&utm_content=original,876abc16cdc53ea2bf3d96afff70b9cd4ba8c83f,1145.0,808.0,2009-10-19T12:59:20Z,exact,"harvester downscale, byte-identical",inf,0.0,inf,
casent0009969,Mystrium,p,data/images/Mystrium/casent0009969_p.jpg,2.0,1.0,Mystrium rogeri casent0009969 profile 1.jpg,https://upload.wikimedia.org/wikipedia/commons/0/05/Mystrium_rogeri_casent0009969_profile_1.jpg?utm_source=commons.wikimedia.org&utm_campaign=imageinfo&utm_content=original,b31942a67d22a2c60f5e62046234ad0759d57fdc,1105.0,808.0,2009-10-21T15:22:01Z,exact,"harvester downscale, byte-identical",inf,0.0,inf,
casent0010765,Monomorium,p,data/images/Monomorium/casent0010765_p.jpg,1.0,1.0,Monomorium termitobium casent0010765 profile 1.jpg,https://upload.wikimedia.org/wikipedia/commons/c/cc/Monomorium_termitobium_casent0010765_profile_1.jpg?utm_source=commons.wikimedia.org&utm_campaign=imageinfo&utm_content=original,b0fd98d9a08ff7e91cb9981420f92a7a08be7203,1351.0,808.0,2009-10-22T21:49:34Z,exact,"Commons server thumbnail, byte-identical",inf,0.0,inf,
casent0010867,Syllophopsis,p,data/images/Syllophopsis/casent0010867_p.jpg,1.0,1.0,Syllophopsis infusca casent0010867 profile 1.jpg,https://upload.wikimedia.org/wikipedia/commons/9/91/Syllophopsis_infusca_casent0010867_profile_1.jpg?utm_source=commons.wikimedia.org&utm_campaign=imageinfo&utm_content=original,e29f3cfbbfbeada7b3297f66c28df24f72c2acd9,1073.0,808.0,2009-10-20T18:00:46Z,exact,"harvester downscale, byte-identical",inf,0.0,inf,
casent0011075,Cataulacus,p,data/images/Cataulacus/casent0011075_p.jpg,1.0,1.0,Cataulacus porcatus casent0011075 profile 1.jpg,https://upload.wikimedia.org/wikipedia/commons/2/27/Cataulacus_porcatus_casent0011075_profile_1.jpg?utm_source=commons.wikimedia.org&utm_campaign=imageinfo&utm_content=original,c421d72dd0c7bde2d1c5e0088815c6906afb76a5,1254.0,808.0,2009-10-19T19:21:37Z,exact,"harvester downscale, byte-identical",inf,0.0,inf,
casent0012835,Tetraponera,p,data/images/Tetraponera/casent0012835_p.jpg,1.0,1.0,Tetraponera morondaviensis casent0012835 profile 1.jpg,https://upload.wikimedia.org/wikipedia/commons/1/1c/Tetraponera_morondaviensis_casent0012835_profile_1.jpg?utm_source=commons.wikimedia.org&utm_campaign=imageinfo&utm_content=original,226d851b3557168a8f68f85288128cd059585eeb,1029.0,808.0,2009-10-20T13:14:18Z,exact,"harvester downscale, byte-identical",inf,0.0,inf,
casent0012838,Tetraponera,p,data/images/Tetraponera/casent0012838_p.jpg,1.0,1.0,Tetraponera perlonga casent0012838 profile 1.jpg,https://upload.wikimedia.org/wikipedia/commons/c/ce/Tetraponera_perlonga_casent0012838_profile_1.jpg?utm_source=commons.wikimedia.org&utm_campaign=imageinfo&utm_content=original,52c4a2c47296d392b88ce1718d3af3995b55fd1a,1073.0,808.0,2009-10-19T10:58:22Z,exact,"harvester downscale, byte-identical",inf,0.0,inf,
casent0012841,Tetraponera,p,data/images/Tetraponera/casent0012841_p.jpg,1.0,1.0,Tetraponera rakotonis casent0012841 profile 1.jpg,https://upload.wikimedia.org/wikipedia/commons/b/b7/Tetraponera_rakotonis_casent0012841_profile_1.jpg?utm_source=commons.wikimedia.org&utm_campaign=imageinfo&utm_content=original,ea0a4dbff5cc8a94fa8c3dbb2136514acc400116,1073.0,808.0,2009-10-21T21:39:13Z,exact,"harvester downscale, byte-identical",inf,0.0,inf,
casent0012842,Tetraponera,p,data/images/Tetraponera/casent0012842_p.jpg,1.0,1.0,Tetraponera hysterica casent0012842 profile 1.jpg,https://upload.wikimedia.org/wikipedia/commons/f/fc/Tetraponera_hysterica_casent0012842_profile_1.jpg?utm_source=commons.wikimedia.org&utm_campaign=imageinfo&utm_content=original,1f1bb126f8bfe491c0d07e9712a238add7354299,996.0,808.0,2009-10-21T04:03:53Z,exact,"harvester downscale, byte-identical",inf,0.0,inf,
casent0012845,Tetraponera,p,data/images/Tetraponera/casent0012845_p.jpg,1.0,1.0,Tetraponera mandibularis casent0012845 profile 1.jpg,https://upload.wikimedia.org/wikipedia/commons/6/62/Tetraponera_mandibularis_casent0012845_profile_1.jpg?utm_source=commons.wikimedia.org&utm_campaign=imageinfo&utm_content=original,2588c46dc91b92ab947a039101ee4afc3fa1480b,1073.0,808.0,2009-10-21T13:20:40Z,exact,"harvester downscale, byte-identical",inf,0.0,inf,
casent0012850,Tetraponera,p,data/images/Tetraponera/casent0012850_p.jpg,1.0,1.0,Tetraponera diana casent0012850 profile 1.jpg,https://upload.wikimedia.org/wikipedia/commons/c/c3/Tetraponera_diana_casent0012850_profile_1.jpg?utm_source=commons.wikimedia.org&utm_campaign=imageinfo&utm_content=original,b97ad442111f88ff3fbf693984f8f7bce482a614,1205.0,808.0,2009-10-18T12:15:48Z,exact,"harvester downscale, byte-identical",inf,0.0,inf,
casent0012851,Tetraponera,p,data/images/Tetraponera/casent0012851_p.jpg,1.0,1.0,Tetraponera sahlbergii casent0012851 profile 1.jpg,https://upload.wikimedia.org/wikipedia/commons/c/cd/Tetraponera_sahlbergii_casent0012851_profile_1.jpg?utm_source=commons.wikimedia.org&utm_campaign=imageinfo&utm_content=original,59a6e6ab097d5b21ea7e5aef16414391df0d678d,1073.0,808.0,2009-10-19T11:52:01Z,exact,"harvester downscale, byte-identical",inf,0.0,inf,
casent0012854,Tetraponera,p,data/images/Tetraponera/casent0012854_p.jpg,1.0,1.0,Tetraponera fictrix casent0012854 profile 1.jpg,https://upload.wikimedia.org/wikipedia/commons/7/74/Tetraponera_fictrix_casent0012854_profile_1.jpg?utm_source=commons.wikimedia.org&utm_campaign=imageinfo&utm_content=original,1e7cc10bd84b51a5d8ebb11a8382ce75f2d9d08f,1073.0,808.0,2009-10-22T09:46:02Z,exact,"harvester downscale, byte-identical",inf,0.0,inf,
casent0012858,Tetraponera,p,data/images/Tetraponera/casent0012858_p.jpg,1.0,1.0,Tetraponera exasciata casent0012858 profile 1.jpg,https://upload.wikimedia.org/wikipedia/commons/1/13/Tetraponera_exasciata_casent0012858_profile_1.jpg?utm_source=commons.wikimedia.org&utm_campaign=imageinfo&utm_content=original,9082aa645680e1a4848cbd52215535e6f94f7cde,1073.0,808.0,2009-10-18T11:50:04Z,exact,"harvester downscale, byte-identical",inf,0.0,inf,
casent0012861,Tetraponera,p,data/images/Tetraponera/casent0012861_p.jpg,1.0,1.0,Tetraponera grandidieri casent0012861 profile 1.jpg,https://upload.wikimedia.org/wikipedia/commons/8/85/Tetraponera_grandidieri_casent0012861_profile_1.jpg?utm_source=commons.wikimedia.org&utm_campaign=imageinfo&utm_content=original,b769ee76b11c94aa4aadf266f0c0d0628a4289a8,1181.0,808.0,2009-10-22T23:07:21Z,exact,"harvester downscale, byte-identical",inf,0.0,inf,
casent0016361,Monomorium,p,data/images/Monomorium/casent0016361_p.jpg,1.0,1.0,Monomorium xuthosoma casent0016361 profile 1.jpg,https://upload.wikimedia.org/wikipedia/commons/2/20/Monomorium_xuthosoma_casent0016361_profile_1.jpg?utm_source=commons.wikimedia.org&utm_campaign=imageinfo&utm_content=original,d4257ec6726a2533189e15cb8219ca801fff9f9c,1073.0,808.0,2009-10-22T08:05:05Z,exact,"harvester downscale, byte-identical",inf,0.0,inf,
casent0016783,Tapinoma,p,data/images/Tapinoma/casent0016783_p.jpg,1.0,1.0,Technomyrmex pallipes casent0016783 profile 1.jpg,https://upload.wikimedia.org/wikipedia/commons/7/7a/Technomyrmex_pallipes_casent0016783_profile_1.jpg?utm_source=commons.wikimedia.org&utm_campaign=imageinfo&utm_content=original,510855ac23aa1c967e8d8c3de7b15241b3a9c9df,1116.0,808.0,2009-10-19T12:38:31Z,exact,"harvester downscale, byte-identical",inf,0.0,inf,
casent0017663,Aphaenogaster,p,data/images/Aphaenogaster/casent0017663_p.jpg,1.0,1.0,Aphaenogaster swammerdami casent0017663 profile 1.jpg,https://upload.wikimedia.org/wikipedia/commons/2/29/Aphaenogaster_swammerdami_casent0017663_profile_1.jpg?utm_source=commons.wikimedia.org&utm_campaign=imageinfo&utm_content=original,a76b2ef5d2b3b2145ec0abf4d43d45c47c536f2c,1071.0,808.0,2009-10-18T16:30:20Z,exact,"harvester downscale, byte-identical",inf,0.0,inf,
casent0019273,Royidris,p,data/images/Royidris/casent0019273_p.jpg,1.0,1.0,Monomorium shuckardi casent0019273 profile 1.jpg,https://upload.wikimedia.org/wikipedia/commons/0/06/Monomorium_shuckardi_casent0019273_profile_1.jpg?utm_source=commons.wikimedia.org&utm_campaign=imageinfo&utm_content=original,750113f914c420fe30e9948abe7a385cfe6e8616,1073.0,808.0,2009-10-19T19:44:36Z,exact,"harvester downscale, byte-identical",inf,0.0,inf,
casent0020200,Monomorium,p,data/images/Monomorium/casent0020200_p.jpg,1.0,1.0,Monomorium nigricans casent0020200 profile 1.jpg,https://upload.wikimedia.org/wikipedia/commons/4/46/Monomorium_nigricans_casent0020200_profile_1.jpg?utm_source=commons.wikimedia.org&utm_campaign=imageinfo&utm_content=original,64c1e5360034ff0d681ad80a79a06415295cd296,1073.0,808.0,2009-10-20T02:53:14Z,exact,"harvester downscale, byte-identical",inf,0.0,inf,
casent0023410,Syllophopsis,p,data/images/Syllophopsis/casent0023410_p.jpg,1.0,1.0,Monomorium hildebrandti casent0023410 profile 1.jpg,https://upload.wikimedia.org/wikipedia/commons/0/08/Monomorium_hildebrandti_casent0023410_profile_1.jpg?utm_source=commons.wikimedia.org&utm_campaign=imageinfo&utm_content=original,1bb9c8c30836ae6d88ad12fb5db42e930872e502,1073.0,808.0,2009-10-21T23:59:20Z,exact,"harvester downscale, byte-identical",inf,0.0,inf,
casent0025716,Monomorium,p,data/images/Monomorium/casent0025716_p.jpg,1.0,1.0,Monomorium chnodes casent0025716 profile 1.jpg,https://upload.wikimedia.org/wikipedia/commons/6/62/Monomorium_chnodes_casent0025716_profile_1.jpg?utm_source=commons.wikimedia.org&utm_campaign=imageinfo&utm_content=original,5cf6dee1d0e3fd31980d16a1ec2b76f1359fe666,1174.0,808.0,2009-10-20T05:41:24Z,exact,"harvester downscale, byte-identical",inf,0.0,inf,
casent0026710,Syllophopsis,p,data/images/Syllophopsis/casent0026710_p.jpg,1.0,1.0,Syllophopsis modesta casent0026710 profile 1.jpg,https://upload.wikimedia.org/wikipedia/commons/8/83/Syllophopsis_modesta_casent0026710_profile_1.jpg?utm_source=commons.wikimedia.org&utm_campaign=imageinfo&utm_content=original,c8ecfc0c720a70a1722db6b1b262b5283da75abb,1328.0,808.0,2009-10-18T20:31:27Z,exact,"Commons server thumbnail, byte-identical",inf,0.0,inf,
casent0027983,Bothroponera,p,data/images/Bothroponera/casent0027983_p.jpg,2.0,1.0,Pachycondyla cambouei casent0027983 profile 1.jpg,https://upload.wikimedia.org/wikipedia/commons/8/86/Pachycondyla_cambouei_casent0027983_profile_1.jpg?utm_source=commons.wikimedia.org&utm_campaign=imageinfo&utm_content=original,cdb2a8c68d94bfb20d49e0d17decfa5a48337c7a,1073.0,808.0,2009-10-20T08:55:28Z,exact,"harvester downscale, byte-identical",inf,0.0,inf,
casent0029098,Bothroponera,p,data/images/Bothroponera/casent0029098_p.jpg,2.0,1.0,Pachycondyla cambouei casent0029098 profile 1.jpg,https://upload.wikimedia.org/wikipedia/commons/f/f8/Pachycondyla_cambouei_casent0029098_profile_1.jpg?utm_source=commons.wikimedia.org&utm_campaign=imageinfo&utm_content=original,fcd3dbece9a954f4184633e26cfc79bc878a8d52,1073.0,808.0,2009-10-21T18:18:15Z,exact,"harvester downscale, byte-identical",inf,0.0,inf,
casent0031004,Bothroponera,p,data/images/Bothroponera/casent0031004_p.jpg,1.0,1.0,Pachycondyla cambouei casent0031004 profile 1.jpg,https://upload.wikimedia.org/wikipedia/commons/a/aa/Pachycondyla_cambouei_casent0031004_profile_1.jpg?utm_source=commons.wikimedia.org&utm_campaign=imageinfo&utm_content=original,435f2d8e2a29b5d4a85eb81ad4e2f2426c13629f,1073.0,808.0,2009-10-18T18:02:34Z,exact,"harvester downscale, byte-identical",inf,0.0,inf,
casent0031384,Bothroponera,p,data/images/Bothroponera/casent0031384_p.jpg,1.0,1.0,Pachycondyla wasmannii casent0031384 profile 1.jpg,https://upload.wikimedia.org/wikipedia/commons/3/3c/Pachycondyla_wasmannii_casent0031384_profile_1.jpg?utm_source=commons.wikimedia.org&utm_campaign=imageinfo&utm_content=original,5a4ac73fb7b19272ef425cc1c2f12a89bf711955,1137.0,808.0,2009-10-22T10:23:57Z,exact,"harvester downscale, byte-identical",inf,0.0,inf,
casent0033463,Anochetus,p,data/images/Anochetus/casent0033463_p.jpg,1.0,1.0,Anochetus grandidieri casent0033463 profile 1.jpg,https://upload.wikimedia.org/wikipedia/commons/1/10/Anochetus_grandidieri_casent0033463_profile_1.jpg?utm_source=commons.wikimedia.org&utm_campaign=imageinfo&utm_content=original,cfbd72bc6b2ffaa394428a636e0a564949282a7c,1100.0,808.0,2009-10-18T17:31:49Z,exact,"harvester downscale, byte-identical",inf,0.0,inf,
casent0034270,Bothroponera,p,data/images/Bothroponera/casent0034270_p.jpg,2.0,1.0,Pachycondyla cambouei casent0034270 profile 1.jpg,https://upload.wikimedia.org/wikipedia/commons/8/88/Pachycondyla_cambouei_casent0034270_profile_1.jpg?utm_source=commons.wikimedia.org&utm_campaign=imageinfo&utm_content=original,c13e18a3304c32738cdac47742c6a7828dfee5f5,1073.0,808.0,2009-10-20T04:12:46Z,exact,"harvester downscale, byte-identical",inf,0.0,inf,
casent0034493,Bothroponera,p,data/images/Bothroponera/casent0034493_p.jpg,1.0,1.0,Pachycondyla cambouei casent0034493 profile 1.jpg,https://upload.wikimedia.org/wikipedia/commons/e/ee/Pachycondyla_cambouei_casent0034493_profile_1.jpg?utm_source=commons.wikimedia.org&utm_campaign=imageinfo&utm_content=original,bf57be142f9001557d4949b0e6a33a1db5efa5bd,1359.0,808.0,2009-10-21T16:14:54Z,exact,"Commons server thumbnail, byte-identical",inf,0.0,inf,
casent0034571,Bothroponera,p,data/images/Bothroponera/casent0034571_p.jpg,2.0,1.0,Pachycondyla cambouei casent0034571 profile 1.jpg,https://upload.wikimedia.org/wikipedia/commons/f/f9/Pachycondyla_cambouei_casent0034571_profile_1.jpg?utm_source=commons.wikimedia.org&utm_campaign=imageinfo&utm_content=original,05dea8ed6d27909e37b8da36f4c3292dabef1b1d,1073.0,808.0,2009-10-22T05:46:21Z,exact,"harvester downscale, byte-identical",inf,0.0,inf,
casent0035010,Royidris,p,data/images/Royidris/casent0035010_p.jpg,1.0,1.0,Monomorium robertsoni casent0035010 profile 1.jpg,https://upload.wikimedia.org/wikipedia/commons/4/4a/Monomorium_robertsoni_casent0035010_profile_1.jpg?utm_source=commons.wikimedia.org&utm_campaign=imageinfo&utm_content=original,c3cd3cb175a12b987d52603dece7a3fea4804cd2,1058.0,808.0,2009-10-18T09:22:12Z,exact,"harvester downscale, byte-identical",inf,0.0,inf,
casent0041614,Monomorium,p,data/images/Monomorium/casent0041614_p.jpg,1.0,1.0,Monomorium flavimembra casent0041614 profile 1.jpg,https://upload.wikimedia.org/wikipedia/commons/0/01/Monomorium_flavimembra_casent0041614_profile_1.jpg?utm_source=commons.wikimedia.org&utm_campaign=imageinfo&utm_content=original,2816423451197afb2aa3c5dcdd86d834786f5235,1055.0,808.0,2009-10-22T05:59:19Z,exact,"harvester downscale, byte-identical",inf,0.0,inf,
casent0044969,Monomorium,p,data/images/Monomorium/casent0044969_p.jpg,1.0,1.0,Monomorium micrommaton casent0044969 profile 1.jpg,https://upload.wikimedia.org/wikipedia/commons/4/40/Monomorium_micrommaton_casent0044969_profile_1.jpg?utm_source=commons.wikimedia.org&utm_campaign=imageinfo&utm_content=original,326aa82d3d625a3c8117bb2aa51ff9ed394338d9,1246.0,808.0,2009-10-22T02:52:11Z,exact,"harvester downscale, byte-identical",inf,0.0,inf,
casent0044971,Syllophopsis,p,data/images/Syllophopsis/casent0044971_p.jpg,1.0,1.0,Syllophopsis aureorugosa casent0044971 profile 1.jpg,https://upload.wikimedia.org/wikipedia/commons/1/1e/Syllophopsis_aureorugosa_casent0044971_profile_1.jpg?utm_source=commons.wikimedia.org&utm_campaign=imageinfo&utm_content=original,ede67d5ba4481abe7b0f40f10213de041fcecc5f,1073.0,808.0,2009-10-20T16:08:59Z,exact,"harvester downscale, byte-identical",inf,0.0,inf,
casent0045443,Monomorium,p,data/images/Monomorium/casent0045443_p.jpg,1.0,1.0,Monomorium hanneli casent0045443 profile 1.jpg,https://upload.wikimedia.org/wikipedia/commons/c/c0/Monomorium_hanneli_casent0045443_profile_1.jpg?utm_source=commons.wikimedia.org&utm_campaign=imageinfo&utm_content=original,ca555d20a497478557f7a578009a48edc6fcf39f,1171.0,808.0,2009-10-20T19:34:22Z,exact,"harvester downscale, byte-identical",inf,0.0,inf,
casent0047308,Odontomachus,p,data/images/Odontomachus/casent0047308_p.jpg,1.0,1.0,Odontomachus troglodytes casent0047308 profile 1.jpg,https://upload.wikimedia.org/wikipedia/commons/d/d2/Odontomachus_troglodytes_casent0047308_profile_1.jpg?utm_source=commons.wikimedia.org&utm_campaign=imageinfo&utm_content=original,df91967e85dd0fe20da833fadf4db28ef78922c8,1073.0,808.0,2009-10-20T16:15:54Z,exact,"harvester downscale, byte-identical",inf,0.0,inf,
casent0048930,Pachycondyla,p,data/images/Pachycondyla/casent0048930_p.jpg,1.0,1.0,Bothroponera perroti casent0048930 profile 1.jpg,https://upload.wikimedia.org/wikipedia/commons/0/04/Bothroponera_perroti_casent0048930_profile_1.jpg?utm_source=commons.wikimedia.org&utm_campaign=imageinfo&utm_content=original,e3ae606fdda0491ff1315332a44914e8848ba7eb,1127.0,808.0,2009-10-22T03:18:34Z,exact,"harvester downscale, byte-identical",inf,0.0,inf,
casent0052480,Monomorium,p,data/images/Monomorium/casent0052480_p.jpg,1.0,1.0,Monomorium termitobium casent0052480 profile 1.jpg,https://upload.wikimedia.org/wikipedia/commons/6/6c/Monomorium_termitobium_casent0052480_profile_1.jpg?utm_source=commons.wikimedia.org&utm_campaign=imageinfo&utm_content=original,60be02601e3b90ed3cf1ecbb95595d97f4479a12,1210.0,808.0,2009-10-18T20:26:05Z,exact,"harvester downscale, byte-identical",inf,0.0,inf,
casent0053815,Technomyrmex,p,data/images/Technomyrmex/casent0053815_p.jpg,1.0,1.0,Technomyrmex fisheri casent0053815 profile 1.jpg,https://upload.wikimedia.org/wikipedia/commons/f/fe/Technomyrmex_fisheri_casent0053815_profile_1.jpg?utm_source=commons.wikimedia.org&utm_campaign=imageinfo&utm_content=original,80b3202b7630f907066d745f2af8ec11005911bb,1073.0,808.0,2009-10-21T23:35:10Z,exact,"harvester downscale, byte-identical",inf,0.0,inf,
casent0053986,Monomorium,p,data/images/Monomorium/casent0053986_p.jpg,1.0,1.0,Monomorium floricola casent0053986 profile 1.jpg,https://upload.wikimedia.org/wikipedia/commons/2/24/Monomorium_floricola_casent0053986_profile_1.jpg?utm_source=commons.wikimedia.org&utm_campaign=imageinfo&utm_content=original,75b503fcc114a99d5da6aaa48cf20bcf70255ea2,1086.0,808.0,2009-10-21T16:28:45Z,exact,"harvester downscale, byte-identical",inf,0.0,inf,
casent0058901,Technomyrmex,p,data/images/Technomyrmex/casent0058901_p.jpg,1.0,1.0,Technomyrmex anterops casent0058901 profile 1.jpg,https://upload.wikimedia.org/wikipedia/commons/0/0b/Technomyrmex_anterops_casent0058901_profile_1.jpg?utm_source=commons.wikimedia.org&utm_campaign=imageinfo&utm_content=original,66fee03ec1b0ea740e2220e13747a22abc2fd1a1,1158.0,808.0,2009-10-20T01:34:25Z,exact,"harvester downscale, byte-identical",inf,0.0,inf,
casent0060902,Nesomyrmex,p,data/images/Nesomyrmex/casent0060902_p.jpg,1.0,1.0,Nesomyrmex retusispinosus casent0060902 profile 1.jpg,https://upload.wikimedia.org/wikipedia/commons/4/42/Nesomyrmex_retusispinosus_casent0060902_profile_1.jpg?utm_source=commons.wikimedia.org&utm_campaign=imageinfo&utm_content=original,fce7fd5251ed3adda352e8d298e476a54880017d,1043.0,808.0,2009-10-18T13:03:16Z,exact,"harvester downscale, byte-identical",inf,0.0,inf,
casent0066732,Cataulacus,p,data/images/Cataulacus/casent0066732_p.jpg,1.0,1.0,Cataulacus porcatus casent0066732 profile 1.jpg,https://upload.wikimedia.org/wikipedia/commons/3/3c/Cataulacus_porcatus_casent0066732_profile_1.jpg?utm_source=commons.wikimedia.org&utm_campaign=imageinfo&utm_content=original,ccfa76a1fb3adc2caaa0edb2c8d7b31f649efec0,1148.0,808.0,2009-10-18T17:07:56Z,exact,"harvester downscale, byte-identical",inf,0.0,inf,
casent0067549,Strumigenys,p,data/images/Strumigenys/casent0067549_p.jpg,1.0,1.0,Strumigenys covina casent0067549 profile 1.jpg,https://upload.wikimedia.org/wikipedia/commons/d/df/Strumigenys_covina_casent0067549_profile_1.jpg?utm_source=commons.wikimedia.org&utm_campaign=imageinfo&utm_content=original,3cddceda1d30a5c6f1b519ba76b4d37b22291e0d,1073.0,808.0,2009-10-22T15:17:03Z,exact,"harvester downscale, byte-identical",inf,0.0,inf,
casent0068113,Monomorium,p,data/images/Monomorium/casent0068113_p.jpg,1.0,1.0,Monomorium subopacum casent0068113 profile 1.jpg,https://upload.wikimedia.org/wikipedia/commons/0/0f/Monomorium_subopacum_casent0068113_profile_1.jpg?utm_source=commons.wikimedia.org&utm_campaign=imageinfo&utm_content=original,6011efd8169d177d2a34d0a1227a9be2eb232bb0,1079.0,808.0,2009-10-21T18:34:00Z,exact,"harvester downscale, byte-identical",inf,0.0,inf,
casent0069921,Strumigenys,p,data/images/Strumigenys/casent0069921_p.jpg,1.0,1.0,Strumigenys admixta casent0069921 profile 1.jpg,https://upload.wikimedia.org/wikipedia/commons/9/95/Strumigenys_admixta_casent0069921_profile_1.jpg?utm_source=commons.wikimedia.org&utm_campaign=imageinfo&utm_content=original,f377c0edef0a24470f01c660d21d15fc5831faa8,1155.0,808.0,2009-10-21T09:33:23Z,exact,"harvester downscale, byte-identical",inf,0.0,inf,
casent0076204,Monomorium,p,data/images/Monomorium/casent0076204_p.jpg,1.0,1.0,Monomorium termitobium casent0076204 profile 1.jpg,https://upload.wikimedia.org/wikipedia/commons/0/07/Monomorium_termitobium_casent0076204_profile_1.jpg?utm_source=commons.wikimedia.org&utm_campaign=imageinfo&utm_content=original,50ae01adf784e4718d725ffd7539b2d8c3ba4e03,1102.0,808.0,2009-10-19T15:41:26Z,exact,"harvester downscale, byte-identical",inf,0.0,inf,
casent0076558,Leptogenys,p,data/images/Leptogenys/casent0076558_p.jpg,1.0,1.0,Leptogenys coerulescens casent0076558 profile 1.jpg,https://upload.wikimedia.org/wikipedia/commons/a/aa/Leptogenys_coerulescens_casent0076558_profile_1.jpg?utm_source=commons.wikimedia.org&utm_campaign=imageinfo&utm_content=original,6b771fff0b452ebd524e4734e4b7ace1e38b0269,1073.0,808.0,2009-10-22T22:43:02Z,exact,"harvester downscale, byte-identical",inf,0.0,inf,
casent0076622,Mystrium,p,data/images/Mystrium/casent0076622_p.jpg,1.0,1.0,Mystrium mysticum casent0076622 profile 1.jpg,https://upload.wikimedia.org/wikipedia/commons/1/19/Mystrium_mysticum_casent0076622_profile_1.jpg?utm_source=commons.wikimedia.org&utm_campaign=imageinfo&utm_content=original,8a414527ed9305e6c2e5e8269272ce91bc4d1499,1073.0,808.0,2009-10-19T02:53:49Z,exact,"harvester downscale, byte-identical",inf,0.0,inf,
casent0076787,Bothroponera,p,data/images/Bothroponera/casent0076787_p.jpg,1.0,1.0,Pachycondyla wasmannii casent0076787 profile 1.jpg,https://upload.wikimedia.org/wikipedia/commons/b/bd/Pachycondyla_wasmannii_casent0076787_profile_1.jpg?utm_source=commons.wikimedia.org&utm_campaign=imageinfo&utm_content=original,f20dfbb37c3cab575daa2f76b2499421c92fea1d,1073.0,808.0,2009-10-19T01:18:27Z,exact,"harvester downscale, byte-identical",inf,0.0,inf,
casent0077457,Leptogenys,p,data/images/Leptogenys/casent0077457_p.jpg,1.0,1.0,Leptogenys incisa casent0077457 profile 1.jpg,https://upload.wikimedia.org/wikipedia/commons/3/3b/Leptogenys_incisa_casent0077457_profile_1.jpg?utm_source=commons.wikimedia.org&utm_campaign=imageinfo&utm_content=original,d138e4a1bfc26a724f7cfbaf0f90a4ebf0f03318,1188.0,808.0,2009-10-18T23:31:21Z,exact,"harvester downscale, byte-identical",inf,0.0,inf,
casent0077516,Terataner,p,data/images/Terataner/casent0077516_p.jpg,1.0,1.0,Terataner alluaudi casent0077516 profile 1.jpg,https://upload.wikimedia.org/wikipedia/commons/4/43/Terataner_alluaudi_casent0077516_profile_1.jpg?utm_source=commons.wikimedia.org&utm_campaign=imageinfo&utm_content=original,f879a648d590283842451640d2618bb0d985aa70,889.0,808.0,2009-10-21T20:54:18Z,exact,"harvester downscale, byte-identical",inf,0.0,inf,
casent0077935,Royidris,p,data/images/Royidris/casent0077935_p.jpg,1.0,1.0,Monomorium robertsoni casent0077935 profile 1.jpg,https://upload.wikimedia.org/wikipedia/commons/c/c4/Monomorium_robertsoni_casent0077935_profile_1.jpg?utm_source=commons.wikimedia.org&utm_campaign=imageinfo&utm_content=original,ffb76250d25a9df4b63d5e5555faa6fe2dbb38a0,1093.0,808.0,2009-10-22T18:36:12Z,exact,"harvester downscale, byte-identical",inf,0.0,inf,
casent0078587,Monomorium,p,data/images/Monomorium/casent0078587_p.jpg,1.0,1.0,Monomorium termitobium casent0078587 profile 1.jpg,https://upload.wikimedia.org/wikipedia/commons/e/ec/Monomorium_termitobium_casent0078587_profile_1.jpg?utm_source=commons.wikimedia.org&utm_campaign=imageinfo&utm_content=original,6e7e82a2adbc27a120091a1d1f41f400bb581086,1126.0,808.0,2009-10-21T20:39:56Z,exact,"harvester downscale, byte-identical",inf,0.0,inf,
casent0079066,Monomorium,p,data/images/Monomorium/casent0079066_p.jpg,1.0,1.0,Monomorium nigricans casent0079066 profile 1.jpg,https://upload.wikimedia.org/wikipedia/commons/3/39/Monomorium_nigricans_casent0079066_profile_1.jpg?utm_source=commons.wikimedia.org&utm_campaign=imageinfo&utm_content=original,b25990223e4823292ca2968c68db5f6abc45c815,1165.0,808.0,2009-10-19T22:35:32Z,exact,"harvester downscale, byte-identical",inf,0.0,inf,
casent0097891,Technomyrmex,p,data/images/Technomyrmex/casent0097891_p.jpg,1.0,1.0,Technomyrmex anterops casent0097891 profile 1.jpg,https://upload.wikimedia.org/wikipedia/commons/e/e4/Technomyrmex_anterops_casent0097891_profile_1.jpg?utm_source=commons.wikimedia.org&utm_campaign=imageinfo&utm_content=original,f908846463fedaca8e83d664438651b5a832664e,1128.0,808.0,2009-10-19T19:59:22Z,exact,"harvester downscale, byte-identical",inf,0.0,inf,
casent0101013,Hypoponera,p,data/images/Hypoponera/casent0101013_p.jpg,1.0,1.0,Hypoponera indigens casent0101013 profile 1.jpg,https://upload.wikimedia.org/wikipedia/commons/0/0c/Hypoponera_indigens_casent0101013_profile_1.jpg?utm_source=commons.wikimedia.org&utm_campaign=imageinfo&utm_content=original,80c13c0e309d6342c99f7e9295bd54edda25311b,1370.0,808.0,2009-10-20T10:04:58Z,exact,"Commons server thumbnail, byte-identical",inf,0.0,inf,
casent0101014,Odontomachus,p,data/images/Odontomachus/casent0101014_p.jpg,1.0,1.0,Odontomachus coquereli casent0101014 profile 1.jpg,https://upload.wikimedia.org/wikipedia/commons/d/df/Odontomachus_coquereli_casent0101014_profile_1.jpg?utm_source=commons.wikimedia.org&utm_campaign=imageinfo&utm_content=original,b464434e1d8e7fe22ff6500748a21f212ba2fa76,1073.0,808.0,2009-10-22T23:14:27Z,exact,"harvester downscale, byte-identical",inf,0.0,inf,
casent0101015,Odontomachus,p,data/images/Odontomachus/casent0101015_p.jpg,1.0,1.0,Odontomachus coquereli casent0101015 profile 1.jpg,https://upload.wikimedia.org/wikipedia/commons/9/93/Odontomachus_coquereli_casent0101015_profile_1.jpg?utm_source=commons.wikimedia.org&utm_campaign=imageinfo&utm_content=original,b4ecc17400b9f266a73b52b06bb439a53d38e304,1196.0,808.0,2009-10-18T13:39:30Z,exact,"harvester downscale, byte-identical",inf,0.0,inf,
casent0101016,Hypoponera,p,data/images/Hypoponera/casent0101016_p.jpg,1.0,1.0,Hypoponera punctatissima indifferens casent0101016 profile 1.jpg,https://upload.wikimedia.org/wikipedia/commons/7/7f/Hypoponera_punctatissima_indifferens_casent0101016_profile_1.jpg?utm_source=commons.wikimedia.org&utm_campaign=imageinfo&utm_content=original,e5099cac97778bc79afd98138eef534054557305,1073.0,808.0,2009-10-22T21:47:37Z,exact,"harvester downscale, byte-identical",inf,0.0,inf,
casent0101017,Hypoponera,p,data/images/Hypoponera/casent0101017_p.jpg,1.0,1.0,Hypoponera punctatissima indifferens casent0101017 profile 1.jpg,https://upload.wikimedia.org/wikipedia/commons/f/f9/Hypoponera_punctatissima_indifferens_casent0101017_profile_1.jpg?utm_source=commons.wikimedia.org&utm_campaign=imageinfo&utm_content=original,fcf82b698dba179b848beb9c3373e7d792bb2198,924.0,808.0,2009-10-18T18:33:07Z,exact,"harvester downscale, byte-identical",inf,0.0,inf,
casent0101019,Hypoponera,p,data/images/Hypoponera/casent0101019_p.jpg,1.0,1.0,Hypoponera johannae casent0101019 profile 1.jpg,https://upload.wikimedia.org/wikipedia/commons/5/5e/Hypoponera_johannae_casent0101019_profile_1.jpg?utm_source=commons.wikimedia.org&utm_campaign=imageinfo&utm_content=original,b1509bceb6d3330d1cdee24aeb4ef300f304ca42,1446.0,808.0,2009-10-19T11:46:33Z,exact,"Commons server thumbnail, pixel-identical",inf,0.0,inf,
casent0101020,Hypoponera,p,data/images/Hypoponera/casent0101020_p.jpg,1.0,1.0,Hypoponera ludovicae casent0101020 profile 1.jpg,https://upload.wikimedia.org/wikipedia/commons/d/d8/Hypoponera_ludovicae_casent0101020_profile_1.jpg?utm_source=commons.wikimedia.org&utm_campaign=imageinfo&utm_content=original,bcd99565863de65a303301779161b1295de76ead,1477.0,808.0,2009-10-21T15:24:04Z,exact,"harvester downscale, byte-identical",inf,0.0,inf,
casent0101021,Hypoponera,p,data/images/Hypoponera/casent0101021_p.jpg,1.0,1.0,Hypoponera ludovicae casent0101021 profile 1.jpg,https://upload.wikimedia.org/wikipedia/commons/9/94/Hypoponera_ludovicae_casent0101021_profile_1.jpg?utm_source=commons.wikimedia.org&utm_campaign=imageinfo&utm_content=original,6064293f7ad226280cea6ee5f8666b8b3e060a60,1731.0,808.0,2009-10-19T19:14:46Z,exact,"harvester downscale, byte-identical",inf,0.0,inf,
casent0101022,Hypoponera,p,data/images/Hypoponera/casent0101022_p.jpg,1.0,1.0,Hypoponera sakalava casent0101022 profile 1.jpg,https://upload.wikimedia.org/wikipedia/commons/0/07/Hypoponera_sakalava_casent0101022_profile_1.jpg?utm_source=commons.wikimedia.org&utm_campaign=imageinfo&utm_content=original,dd5dc23f727c05424eb90ba4c0b7cd9409f152cd,1181.0,808.0,2009-10-19T03:17:05Z,exact,"harvester downscale, byte-identical",inf,0.0,inf,
casent0101023,Hypoponera,p,data/images/Hypoponera/casent0101023_p.jpg,1.0,1.0,Hypoponera sakalava casent0101023 profile 1.jpg,https://upload.wikimedia.org/wikipedia/commons/e/e1/Hypoponera_sakalava_casent0101023_profile_1.jpg?utm_source=commons.wikimedia.org&utm_campaign=imageinfo&utm_content=original,d5777e157aa84129aa6d3440711163bb9c33a08c,1469.0,808.0,2009-10-22T02:53:05Z,exact,"harvester downscale, byte-identical",inf,0.0,inf,
casent0101024,Hypoponera,p,data/images/Hypoponera/casent0101024_p.jpg,1.0,1.0,Hypoponera sakalava excelsior casent0101024 profile 1.jpg,https://upload.wikimedia.org/wikipedia/commons/3/3d/Hypoponera_sakalava_excelsior_casent0101024_profile_1.jpg?utm_source=commons.wikimedia.org&utm_campaign=imageinfo&utm_content=original,2edd901d75e52d6cd286ed6200f920f872970437,1362.0,808.0,2009-10-18T13:26:50Z,exact,"harvester downscale, byte-identical",inf,0.0,inf,
casent0101025,Hypoponera,p,data/images/Hypoponera/casent0101025_p.jpg,1.0,1.0,Hypoponera sakalava excelsior casent0101025 profile 1.jpg,https://upload.wikimedia.org/wikipedia/commons/f/fc/Hypoponera_sakalava_excelsior_casent0101025_profile_1.jpg?utm_source=commons.wikimedia.org&utm_campaign=imageinfo&utm_content=original,3238507e72c0300c90b759279c7954e594dd8513,993.0,808.0,2009-10-19T15:54:30Z,exact,"harvester downscale, byte-identical",inf,0.0,inf,
casent0101034,Pachycondyla,p,data/images/Pachycondyla/casent0101034_p.jpg,1.0,1.0,Pachycondyla perroti admista casent0101034 profile 1.jpg,https://upload.wikimedia.org/wikipedia/commons/1/17/Pachycondyla_perroti_admista_casent0101034_profile_1.jpg?utm_source=commons.wikimedia.org&utm_campaign=imageinfo&utm_content=original,1e60e9edd2d7e41afa200d241e72f6f677f4220b,1527.0,808.0,2009-10-21T13:50:05Z,exact,"harvester downscale, byte-identical",inf,0.0,inf,
casent0101039,Bothroponera,p,data/images/Bothroponera/casent0101039_p.jpg,1.0,1.0,Pachycondyla wasmannii casent0101039 profile 1.jpg,https://upload.wikimedia.org/wikipedia/commons/8/8b/Pachycondyla_wasmannii_casent0101039_profile_1.jpg?utm_source=commons.wikimedia.org&utm_campaign=imageinfo&utm_content=original,5de5c2f2879989f6db3de73aa33c352e7f8fa6bf,1073.0,808.0,2009-10-20T10:50:37Z,exact,"harvester downscale, byte-identical",inf,0.0,inf,
casent0101040,Bothroponera,p,data/images/Bothroponera/casent0101040_p.jpg,1.0,1.0,Pachycondyla wasmannii casent0101040 profile 1.jpg,https://upload.wikimedia.org/wikipedia/commons/7/7d/Pachycondyla_wasmannii_casent0101040_profile_1.jpg?utm_source=commons.wikimedia.org&utm_campaign=imageinfo&utm_content=original,2e9d604303965186b9909db95263cc7a740cbab0,1075.0,808.0,2009-10-19T06:39:23Z,exact,"harvester downscale, byte-identical",inf,0.0,inf,
casent0101041,Bothroponera,p,data/images/Bothroponera/casent0101041_p.jpg,1.0,1.0,Pachycondyla wasmannii casent0101041 profile 1.jpg,https://upload.wikimedia.org/wikipedia/commons/9/9d/Pachycondyla_wasmannii_casent0101041_profile_1.jpg?utm_source=commons.wikimedia.org&utm_campaign=imageinfo&utm_content=original,9b0047292480a2edef3594f1578b15befc9ff2ee,1212.0,808.0,2009-10-21T16:04:56Z,exact,"harvester downscale, byte-identical",inf,0.0,inf,
casent0101045,Tetraponera,p,data/images/Tetraponera/casent0101045_p.jpg,1.0,1.0,Tetraponera grandidieri variegata casent0101045 profile 1.jpg,https://upload.wikimedia.org/wikipedia/commons/c/c8/Tetraponera_grandidieri_variegata_casent0101045_profile_1.jpg?utm_source=commons.wikimedia.org&utm_campaign=imageinfo&utm_content=original,bafb08d38611083d220129439224b29357ab0ea6,1183.0,808.0,2009-10-22T23:33:48Z,exact,"harvester downscale, byte-identical",inf,0.0,inf,
casent0101046,Tetraponera,p,data/images/Tetraponera/casent0101046_p.jpg,1.0,1.0,Tetraponera grandidieri variegata casent0101046 profile 1.jpg,https://upload.wikimedia.org/wikipedia/commons/7/78/Tetraponera_grandidieri_variegata_casent0101046_profile_1.jpg?utm_source=commons.wikimedia.org&utm_campaign=imageinfo&utm_content=original,9cac224406c5543aca5379dcaf60ce7929d74a9c,1030.0,808.0,2009-10-20T21:21:13Z,exact,"harvester downscale, byte-identical",inf,0.0,inf,
casent0101049,Tetraponera,p,data/images/Tetraponera/casent0101049_p.jpg,1.0,1.0,Tetraponera hysterica dimidiata casent0101049 profile 1.jpg,https://upload.wikimedia.org/wikipedia/commons/c/c0/Tetraponera_hysterica_dimidiata_casent0101049_profile_1.jpg?utm_source=commons.wikimedia.org&utm_campaign=imageinfo&utm_content=original,9aaed68b319fefbd428e9951798d6c51852c5033,1288.0,808.0,2009-10-18T18:03:29Z,exact,"Commons server thumbnail, pixel-identical",inf,0.0,inf,
casent0101050,Tetraponera,p,data/images/Tetraponera/casent0101050_p.jpg,1.0,1.0,Tetraponera hysterica dimidiata casent0101050 profile 1.jpg,https://upload.wikimedia.org/wikipedia/commons/9/92/Tetraponera_hysterica_dimidiata_casent0101050_profile_1.jpg?utm_source=commons.wikimedia.org&utm_campaign=imageinfo&utm_content=original,6103f155e21f8cd1e545e795f13343cb130223ff,1236.0,808.0,2009-10-19T09:44:57Z,exact,"harvester downscale, byte-identical",inf,0.0,inf,
casent0101051,Tetraponera,p,data/images/Tetraponera/casent0101051_p.jpg,1.0,1.0,Tetraponera hysterica dimidiata casent0101051 profile 1.jpg,https://upload.wikimedia.org/wikipedia/commons/8/8a/Tetraponera_hysterica_dimidiata_casent0101051_profile_1.jpg?utm_source=commons.wikimedia.org&utm_campaign=imageinfo&utm_content=original,3d4e43cb7a89878de3f2b4c818e28f3b470c0baa,1394.0,808.0,2009-10-21T23:33:16Z,exact,"harvester downscale, byte-identical",inf,0.0,inf,
casent0101052,Tetraponera,p,data/images/Tetraponera/casent0101052_p.jpg,1.0,1.0,Tetraponera sahlbergii casent0101052 profile 1.jpg,https://upload.wikimedia.org/wikipedia/commons/4/40/Tetraponera_sahlbergii_casent0101052_profile_1.jpg?utm_source=commons.wikimedia.org&utm_campaign=imageinfo&utm_content=original,d8e7356d5cc0048804243ca233c87baa4a3a3a67,1296.0,808.0,2009-10-18T12:06:27Z,exact,"harvester downscale, byte-identical",inf,0.0,inf,
casent0101053,Aphaenogaster,p,data/images/Aphaenogaster/casent0101053_p.jpg,1.0,1.0,Aphaenogaster friederichsi casent0101053 profile 1.jpg,https://upload.wikimedia.org/wikipedia/commons/d/d7/Aphaenogaster_friederichsi_casent0101053_profile_1.jpg?utm_source=commons.wikimedia.org&utm_campaign=imageinfo&utm_content=original,c8dd4e8fa96976071dce3fce1f8141e22987fa0b,1173.0,808.0,2009-10-18T23:50:10Z,exact,"harvester downscale, byte-identical",inf,0.0,inf,
casent0101054,Aphaenogaster,p,data/images/Aphaenogaster/casent0101054_p.jpg,1.0,1.0,Aphaenogaster friederichsi casent0101054 profile 1.jpg,https://upload.wikimedia.org/wikipedia/commons/5/5d/Aphaenogaster_friederichsi_casent0101054_profile_1.jpg?utm_source=commons.wikimedia.org&utm_campaign=imageinfo&utm_content=original,c098fc002ccbed700fe5e19def6120c9b92d65eb,1503.0,808.0,2009-10-21T05:20:02Z,exact,"harvester downscale, byte-identical",inf,0.0,inf,
casent0101065,Aphaenogaster,p,data/images/Aphaenogaster/casent0101065_p.jpg,1.0,1.0,Aphaenogaster swammerdami curta casent0101065 profile 1.jpg,https://upload.wikimedia.org/wikipedia/commons/5/56/Aphaenogaster_swammerdami_curta_casent0101065_profile_1.jpg?utm_source=commons.wikimedia.org&utm_campaign=imageinfo&utm_content=original,85703c2af264810525ca3bbaa01a111e2f657c32,1140.0,808.0,2009-10-22T04:54:36Z,exact,"harvester downscale, byte-identical",inf,0.0,inf,
casent0101066,Aphaenogaster,p,data/images/Aphaenogaster/casent0101066_p.jpg,1.0,1.0,Aphaenogaster swammerdami curta casent0101066 profile 1.jpg,https://upload.wikimedia.org/wikipedia/commons/7/72/Aphaenogaster_swammerdami_curta_casent0101066_profile_1.jpg?utm_source=commons.wikimedia.org&utm_campaign=imageinfo&utm_content=original,415a0fd94cbfc4aa856e643383b954b05eab5ee3,1232.0,808.0,2009-10-22T06:11:02Z,exact,"harvester downscale, byte-identical",inf,0.0,inf,
casent0101068,Aphaenogaster,p,data/images/Aphaenogaster/casent0101068_p.jpg,1.0,1.0,Aphaenogaster swammerdami curta casent0101068 profile 1.jpg,https://upload.wikimedia.org/wikipedia/commons/7/73/Aphaenogaster_swammerdami_curta_casent0101068_profile_1.jpg?utm_source=commons.wikimedia.org&utm_campaign=imageinfo&utm_content=original,490c5e4a805909a89045a2d18ce3ac339aaf9d27,1269.0,808.0,2009-10-22T15:57:11Z,exact,"harvester downscale, byte-identical",inf,0.0,inf,
casent0101069,Aphaenogaster,p,data/images/Aphaenogaster/casent0101069_p.jpg,1.0,1.0,Aphaenogaster swammerdami curta casent0101069 profile 1.jpg,https://upload.wikimedia.org/wikipedia/commons/a/ad/Aphaenogaster_swammerdami_curta_casent0101069_profile_1.jpg?utm_source=commons.wikimedia.org&utm_campaign=imageinfo&utm_content=original,154ac3020a927ce70dc96c89756d9b1f319acaa7,1127.0,808.0,2009-10-19T11:34:22Z,exact,"harvester downscale, byte-identical",inf,0.0,inf,
casent0101070,Aphaenogaster,p,data/images/Aphaenogaster/casent0101070_p.jpg,1.0,1.0,Aphaenogaster swammerdami curta casent0101070 profile 1.jpg,https://upload.wikimedia.org/wikipedia/commons/7/7f/Aphaenogaster_swammerdami_curta_casent0101070_profile_1.jpg?utm_source=commons.wikimedia.org&utm_campaign=imageinfo&utm_content=original,eebd5fa8151d95f3da54a5a09f8d7e36da30428b,1073.0,808.0,2009-10-20T08:04:03Z,exact,"harvester downscale, byte-identical",inf,0.0,inf,
casent0101071,Aphaenogaster,p,data/images/Aphaenogaster/casent0101071_p.jpg,1.0,1.0,Aphaenogaster swammerdami curta casent0101071 profile 1.jpg,https://upload.wikimedia.org/wikipedia/commons/b/b9/Aphaenogaster_swammerdami_curta_casent0101071_profile_1.jpg?utm_source=commons.wikimedia.org&utm_campaign=imageinfo&utm_content=original,87c2efc0186aa8c939a408f2104b28e02cf67891,1152.0,808.0,2009-10-21T02:49:35Z,exact,"harvester downscale, byte-identical",inf,0.0,inf,
casent0101072,Aphaenogaster,p,data/images/Aphaenogaster/casent0101072_p.jpg,1.0,1.0,Aphaenogaster swammerdami curta casent0101072 profile 1.jpg,https://upload.wikimedia.org/wikipedia/commons/a/a9/Aphaenogaster_swammerdami_curta_casent0101072_profile_1.jpg?utm_source=commons.wikimedia.org&utm_campaign=imageinfo&utm_content=original,1c7ede2ffe320355b252597f29b3ad23a1e58222,1224.0,808.0,2009-10-20T22:04:42Z,exact,"harvester downscale, byte-identical",inf,0.0,inf,
casent0101073,Aphaenogaster,p,data/images/Aphaenogaster/casent0101073_p.jpg,1.0,1.0,Aphaenogaster swammerdami casent0101073 profile 1.jpg,https://upload.wikimedia.org/wikipedia/commons/f/f1/Aphaenogaster_swammerdami_casent0101073_profile_1.jpg?utm_source=commons.wikimedia.org&utm_campaign=imageinfo&utm_content=original,6875ae9cfcc2f213d7b2e0a3988b21f1fc9d65c8,1073.0,808.0,2009-10-19T19:11:57Z,exact,"harvester downscale, byte-identical",inf,0.0,inf,
casent0101074,Aphaenogaster,p,data/images/Aphaenogaster/casent0101074_p.jpg,1.0,1.0,Aphaenogaster swammerdami casent0101074 profile 1.jpg,https://upload.wikimedia.org/wikipedia/commons/e/ec/Aphaenogaster_swammerdami_casent0101074_profile_1.jpg?utm_source=commons.wikimedia.org&utm_campaign=imageinfo&utm_content=original,eb349e555372b87604bce2e42e34c99aa724628b,1077.0,808.0,2009-10-22T18:34:17Z,exact,"harvester downscale, byte-identical",inf,0.0,inf,
casent0101075,Aphaenogaster,p,data/images/Aphaenogaster/casent0101075_p.jpg,1.0,1.0,Aphaenogaster swammerdami casent0101075 profile 1.jpg,https://upload.wikimedia.org/wikipedia/commons/4/42/Aphaenogaster_swammerdami_casent0101075_profile_1.jpg?utm_source=commons.wikimedia.org&utm_campaign=imageinfo&utm_content=original,bb4d0b98c94e82f2fd341298792db7c7178a2cc8,1073.0,808.0,2009-10-21T21:08:58Z,exact,"harvester downscale, byte-identical",inf,0.0,inf,
casent0101077,Technomyrmex,p,data/images/Technomyrmex/casent0101077_p.jpg,1.0,1.0,Technomyrmex difficilis casent0101077 profile 1.jpg,https://upload.wikimedia.org/wikipedia/commons/d/d7/Technomyrmex_difficilis_casent0101077_profile_1.jpg?utm_source=commons.wikimedia.org&utm_campaign=imageinfo&utm_content=original,ebe4c3a1046012473503d7c9633f57b05538efa6,1514.0,808.0,2009-10-22T07:04:33Z,exact,"Commons server thumbnail, byte-identical",inf,0.0,inf,
casent0101078,Technomyrmex,p,data/images/Technomyrmex/casent0101078_p.jpg,1.0,1.0,Technomyrmex difficilis casent0101078 profile 1.jpg,https://upload.wikimedia.org/wikipedia/commons/b/bb/Technomyrmex_difficilis_casent0101078_profile_1.jpg?utm_source=commons.wikimedia.org&utm_campaign=imageinfo&utm_content=original,e8650e6c878d75e57af5535b3e2e59237c9e5194,1438.0,808.0,2009-10-18T21:09:13Z,exact,"harvester downscale, byte-identical",inf,0.0,inf,
casent0101079,Technomyrmex,p,data/images/Technomyrmex/casent0101079_p.jpg,1.0,1.0,Technomyrmex difficilis casent0101079 profile 1.jpg,https://upload.wikimedia.org/wikipedia/commons/9/94/Technomyrmex_difficilis_casent0101079_profile_1.jpg?utm_source=commons.wikimedia.org&utm_campaign=imageinfo&utm_content=original,9c3990555e304837d25d0d64e864b9658391831c,1514.0,808.0,2009-10-20T20:28:34Z,exact,"harvester downscale, byte-identical",inf,0.0,inf,
casent0101080,Technomyrmex,p,data/images/Technomyrmex/casent0101080_p.jpg,1.0,1.0,Technomyrmex difficilis casent0101080 profile 1.jpg,https://upload.wikimedia.org/wikipedia/commons/b/b8/Technomyrmex_difficilis_casent0101080_profile_1.jpg?utm_source=commons.wikimedia.org&utm_campaign=imageinfo&utm_content=original,1c53701fb386734831e7483fbbe8eb5a2fe5f07b,1074.0,808.0,2009-10-21T18:31:05Z,exact,"harvester downscale, byte-identical",inf,0.0,inf,
casent0101083,Tapinoma,p,data/images/Tapinoma/casent0101083_p.jpg,2.0,1.0,Tapinoma subtile casent0101083 profile 1.jpg,https://upload.wikimedia.org/wikipedia/commons/5/53/Tapinoma_subtile_casent0101083_profile_1.jpg?utm_source=commons.wikimedia.org&utm_campaign=imageinfo&utm_content=original,61dfcf59b3e81d5f1ec64b9f064dd0d1519166ee,1621.0,808.0,2009-10-22T08:16:40Z,exact,"harvester downscale, byte-identical",inf,0.0,inf,
casent0101084,Tapinoma,p,data/images/Tapinoma/casent0101084_p.jpg,1.0,1.0,Tapinoma subtile casent0101084 profile 1.jpg,https://upload.wikimedia.org/wikipedia/commons/c/ce/Tapinoma_subtile_casent0101084_profile_1.jpg?utm_source=commons.wikimedia.org&utm_campaign=imageinfo&utm_content=original,3c9348fef2a3bc9f9441c1fa47f9fc74d365453c,1399.0,808.0,2009-10-18T22:46:45Z,exact,"harvester downscale, byte-identical",inf,0.0,inf,
casent0101085,Tapinoma,p,data/images/Tapinoma/casent0101085_p.jpg,1.0,1.0,Tapinoma subtile casent0101085 profile 1.jpg,https://upload.wikimedia.org/wikipedia/commons/f/f4/Tapinoma_subtile_casent0101085_profile_1.jpg?utm_source=commons.wikimedia.org&utm_campaign=imageinfo&utm_content=original,9061997ffaccd609d46f9427ae2187924dea23b6,1423.0,808.0,2009-10-20T16:33:28Z,exact,"harvester downscale, byte-identical",inf,0.0,inf,
casent0101086,Aphaenogaster,p,data/images/Aphaenogaster/casent0101086_p.jpg,2.0,1.0,Aphaenogaster swammerdami clara casent0101086 profile 1.jpg,https://upload.wikimedia.org/wikipedia/commons/0/02/Aphaenogaster_swammerdami_clara_casent0101086_profile_1.jpg?utm_source=commons.wikimedia.org&utm_campaign=imageinfo&utm_content=original,279de51edbcd0fc251d5b109177c2469bb7144fb,1073.0,808.0,2009-10-18T13:58:04Z,exact,"harvester downscale, byte-identical",inf,0.0,inf,
casent0101095,Camponotus,p,data/images/Camponotus/casent0101095_p.jpg,1.0,1.0,Camponotus maculatus casent0101095 profile 1.jpg,https://upload.wikimedia.org/wikipedia/commons/4/4c/Camponotus_maculatus_casent0101095_profile_1.jpg?utm_source=commons.wikimedia.org&utm_campaign=imageinfo&utm_content=original,3894e46ee2d566116ac366e4238d77184cd5ae4b,1103.0,808.0,2009-10-22T10:55:09Z,exact,"harvester downscale, byte-identical",inf,0.0,inf,
casent0101096,Camponotus,p,data/images/Camponotus/casent0101096_p.jpg,1.0,1.0,Camponotus maculatus casent0101096 profile 1.jpg,https://upload.wikimedia.org/wikipedia/commons/b/b2/Camponotus_maculatus_casent0101096_profile_1.jpg?utm_source=commons.wikimedia.org&utm_campaign=imageinfo&utm_content=original,620297952194623b94df2303652625c61f946dbd,1295.0,808.0,2009-10-22T07:00:20Z,exact,"harvester downscale, byte-identical",inf,0.0,inf,
casent0101100,Camponotus,p,data/images/Camponotus/casent0101100_p.jpg,1.0,1.0,Camponotus hova becki casent0101100 profile 1.jpg,https://upload.wikimedia.org/wikipedia/commons/c/c6/Camponotus_hova_becki_casent0101100_profile_1.jpg?utm_source=commons.wikimedia.org&utm_campaign=imageinfo&utm_content=original,9e162a54ed77ec43246a2a3a2ee4058a0d7bbf07,1073.0,808.0,2009-10-22T22:02:20Z,exact,"harvester downscale, byte-identical",inf,0.0,inf,
casent0101101,Camponotus,p,data/images/Camponotus/casent0101101_p.jpg,1.0,1.0,Camponotus hova becki casent0101101 profile 1.jpg,https://upload.wikimedia.org/wikipedia/commons/6/6a/Camponotus_hova_becki_casent0101101_profile_1.jpg?utm_source=commons.wikimedia.org&utm_campaign=imageinfo&utm_content=original,ad339de8fce78aecbe18270d6b315259d05c0e81,1192.0,808.0,2009-10-19T19:18:44Z,exact,"harvester downscale, byte-identical",inf,0.0,inf,
casent0101102,Camponotus,p,data/images/Camponotus/casent0101102_p.jpg,1.0,1.0,Camponotus hova fairmairei casent0101102 profile 1.jpg,https://upload.wikimedia.org/wikipedia/commons/f/ff/Camponotus_hova_fairmairei_casent0101102_profile_1.jpg?utm_source=commons.wikimedia.org&utm_campaign=imageinfo&utm_content=original,828922bed50620c55354106b96587da675ffcb20,1337.0,808.0,2009-10-20T07:08:10Z,exact,"Commons server thumbnail, byte-identical",inf,0.0,inf,
casent0101105,Camponotus,p,data/images/Camponotus/casent0101105_p.jpg,1.0,1.0,Camponotus lubbocki casent0101105 profile 1.jpg,https://upload.wikimedia.org/wikipedia/commons/f/f2/Camponotus_lubbocki_casent0101105_profile_1.jpg?utm_source=commons.wikimedia.org&utm_campaign=imageinfo&utm_content=original,8b8c445c418f4054a8d47f404cf0abc9eee06b43,1280.0,808.0,2009-10-18T22:13:38Z,exact,"harvester downscale, byte-identical",inf,0.0,inf,
casent0101106,Camponotus,p,data/images/Camponotus/casent0101106_p.jpg,1.0,1.0,Camponotus lubbocki casent0101106 profile 1.jpg,https://upload.wikimedia.org/wikipedia/commons/d/dd/Camponotus_lubbocki_casent0101106_profile_1.jpg?utm_source=commons.wikimedia.org&utm_campaign=imageinfo&utm_content=original,93f1d620557972fa35a73c1c55fd7ad2c9e47c4b,1353.0,808.0,2009-10-21T12:57:06Z,exact,"harvester downscale, byte-identical",inf,0.0,inf,
casent0101107,Camponotus,p,data/images/Camponotus/casent0101107_p.jpg,1.0,1.0,Camponotus dromedarius casent0101107 profile 1.jpg,https://upload.wikimedia.org/wikipedia/commons/c/c2/Camponotus_dromedarius_casent0101107_profile_1.jpg?utm_source=commons.wikimedia.org&utm_campaign=imageinfo&utm_content=original,def1a36635246fd9a1c66f89440ed749ee92948c,1395.0,808.0,2009-10-18T18:46:51Z,exact,"harvester downscale, byte-identical",inf,0.0,inf,
casent0101112,Camponotus,p,data/images/Camponotus/casent0101112_p.jpg,1.0,1.0,Camponotus pictipes casent0101112 profile 1.jpg,https://upload.wikimedia.org/wikipedia/commons/3/33/Camponotus_pictipes_casent0101112_profile_1.jpg?utm_source=commons.wikimedia.org&utm_campaign=imageinfo&utm_content=original,22dec07b1bf0f7696ae300b0d03a7a679753810b,1253.0,808.0,2009-10-20T05:36:12Z,exact,"harvester downscale, byte-identical",inf,0.0,inf,
casent0101113,Camponotus,p,data/images/Camponotus/casent0101113_p.jpg,1.0,1.0,Camponotus radovae casent0101113 profile 1.jpg,https://upload.wikimedia.org/wikipedia/commons/c/c5/Camponotus_radovae_casent0101113_profile_1.jpg?utm_source=commons.wikimedia.org&utm_campaign=imageinfo&utm_content=original,1295eedfb2b669ebafa850eab48e7759d6eba7e7,1073.0,808.0,2009-10-21T08:05:15Z,exact,"harvester downscale, byte-identical",inf,0.0,inf,
casent0101114,Camponotus,p,data/images/Camponotus/casent0101114_p.jpg,1.0,1.0,Camponotus radovae casent0101114 profile 1.jpg,https://upload.wikimedia.org/wikipedia/commons/f/fc/Camponotus_radovae_casent0101114_profile_1.jpg?utm_source=commons.wikimedia.org&utm_campaign=imageinfo&utm_content=original,213acb1f49594c801356195794f92c5a10ad8e3b,1359.0,808.0,2009-10-21T08:19:36Z,exact,"harvester downscale, byte-identical",inf,0.0,inf,
casent0101115,Camponotus,p,data/images/Camponotus/casent0101115_p.jpg,1.0,1.0,Camponotus radovae radovaedarwinii casent0101115 profile 1.jpg,https://upload.wikimedia.org/wikipedia/commons/4/4c/Camponotus_radovae_radovaedarwinii_casent0101115_profile_1.jpg?utm_source=commons.wikimedia.org&utm_campaign=imageinfo&utm_content=original,802bba20ccfd57f3869f02fd74b5cd0e8c26b1af,1073.0,808.0,2009-10-21T19:26:56Z,exact,"harvester downscale, byte-identical",inf,0.0,inf,
casent0101116,Camponotus,p,data/images/Camponotus/casent0101116_p.jpg,1.0,1.0,Camponotus imitator casent0101116 profile 1.jpg,https://upload.wikimedia.org/wikipedia/commons/d/d2/Camponotus_imitator_casent0101116_profile_1.jpg?utm_source=commons.wikimedia.org&utm_campaign=imageinfo&utm_content=original,c40de6b775668dae8b1942576b0666985851fb6a,1073.0,808.0,2009-10-20T12:25:49Z,exact,"harvester downscale, byte-identical",inf,0.0,inf,
casent0101117,Camponotus,p,data/images/Camponotus/casent0101117_p.jpg,1.0,1.0,Camponotus imitator resinicola casent0101117 profile 1.jpg,https://upload.wikimedia.org/wikipedia/commons/2/2b/Camponotus_imitator_resinicola_casent0101117_profile_1.jpg?utm_source=commons.wikimedia.org&utm_campaign=imageinfo&utm_content=original,8b1b93eea4a5a8b776c4baddb3a33a3327789db6,1118.0,808.0,2009-10-22T03:19:00Z,exact,"harvester downscale, byte-identical",inf,0.0,inf,
casent0101118,Camponotus,p,data/images/Camponotus/casent0101118_p.jpg,1.0,1.0,Camponotus imitator resinicola casent0101118 profile 1.jpg,https://upload.wikimedia.org/wikipedia/commons/0/0d/Camponotus_imitator_resinicola_casent0101118_profile_1.jpg?utm_source=commons.wikimedia.org&utm_campaign=imageinfo&utm_content=original,ba13f1da9416d2ff1718aa5af4761476bdf663e9,1073.0,808.0,2009-10-22T11:41:43Z,exact,"harvester downscale, byte-identical",inf,0.0,inf,
casent0101119,Camponotus,p,data/images/Camponotus/casent0101119_p.jpg,1.0,1.0,Camponotus imitator resinicola casent0101119 profile 1.jpg,https://upload.wikimedia.org/wikipedia/commons/e/e9/Camponotus_imitator_resinicola_casent0101119_profile_1.jpg?utm_source=commons.wikimedia.org&utm_campaign=imageinfo&utm_content=original,26af614e8d6cc8a8984614f029d3bad2a80d981d,1073.0,808.0,2009-10-19T22:53:13Z,exact,"harvester downscale, byte-identical",inf,0.0,inf,
casent0101120,Camponotus,p,data/images/Camponotus/casent0101120_p.jpg,1.0,1.0,Camponotus grandidieri casent0101120 profile 1.jpg,https://upload.wikimedia.org/wikipedia/commons/a/a6/Camponotus_grandidieri_casent0101120_profile_1.jpg?utm_source=commons.wikimedia.org&utm_campaign=imageinfo&utm_content=original,8f953fb739a461d6a4217b3576e65f882a21b2a2,1371.0,808.0,2009-10-20T18:38:30Z,exact,"Commons server thumbnail, byte-identical",inf,0.0,inf,
casent0101121,Camponotus,p,data/images/Camponotus/casent0101121_p.jpg,1.0,1.0,Camponotus grandidieri casent0101121 profile 1.jpg,https://upload.wikimedia.org/wikipedia/commons/6/65/Camponotus_grandidieri_casent0101121_profile_1.jpg?utm_source=commons.wikimedia.org&utm_campaign=imageinfo&utm_content=original,749f81f5e9c1120d79fa8b13b8076161720ecb15,1254.0,808.0,2009-10-19T22:15:30Z,exact,"harvester downscale, byte-identical",inf,0.0,inf,
casent0101122,Camponotus,p,data/images/Camponotus/casent0101122_p.jpg,1.0,1.0,Camponotus grandidieri atrabilis casent0101122 profile 1.jpg,https://upload.wikimedia.org/wikipedia/commons/d/d8/Camponotus_grandidieri_atrabilis_casent0101122_profile_1.jpg?utm_source=commons.wikimedia.org&utm_campaign=imageinfo&utm_content=original,84ebd23989ce2ae5d0a78e68eefa9fd2c85fb717,1154.0,808.0,2009-10-22T10:55:45Z,exact,"harvester downscale, byte-identical",inf,0.0,inf,
casent0101123,Camponotus,p,data/images/Camponotus/casent0101123_p.jpg,1.0,1.0,Camponotus grandidieri atrabilis casent0101123 profile 1.jpg,https://upload.wikimedia.org/wikipedia/commons/5/54/Camponotus_grandidieri_atrabilis_casent0101123_profile_1.jpg?utm_source=commons.wikimedia.org&utm_campaign=imageinfo&utm_content=original,829bd4c67bc4fb5bed2901d7b9d67fc799286279,1236.0,808.0,2009-10-21T20:34:40Z,exact,"harvester downscale, byte-identical",inf,0.0,inf,
casent0101128,Cardiocondyla,p,data/images/Cardiocondyla/casent0101128_p.jpg,1.0,1.0,Cardiocondyla cristata casent0101128 profile 1.jpg,https://upload.wikimedia.org/wikipedia/commons/b/b5/Cardiocondyla_cristata_casent0101128_profile_1.jpg?utm_source=commons.wikimedia.org&utm_campaign=imageinfo&utm_content=original,031f1f12870ef5ed003fa4bffd0c6474e8cd2948,808.0,808.0,2009-10-18T20:56:11Z,exact,"harvester downscale, byte-identical",inf,0.0,inf,
casent0101129,Cardiocondyla,p,data/images/Cardiocondyla/casent0101129_p.jpg,1.0,1.0,Cardiocondyla emeryi casent0101129 profile 1.jpg,https://upload.wikimedia.org/wikipedia/commons/2/2c/Cardiocondyla_emeryi_casent0101129_profile_1.jpg?utm_source=commons.wikimedia.org&utm_campaign=imageinfo&utm_content=original,3f08dd7f67a71e562cfe956709d9a233b8057b81,1344.0,808.0,2009-10-20T05:01:50Z,exact,"harvester downscale, byte-identical",inf,0.0,inf,
casent0101130,Leptogenys,p,data/images/Leptogenys/casent0101130_p.jpg,2.0,1.0,Leptogenys acutirostris casent0101130 profile 1.jpg,https://upload.wikimedia.org/wikipedia/commons/0/01/Leptogenys_acutirostris_casent0101130_profile_1.jpg?utm_source=commons.wikimedia.org&utm_campaign=imageinfo&utm_content=original,fe604408006fead0ef7d5b17cbfae850164aa852,1136.0,808.0,2009-10-22T05:48:35Z,exact,"harvester downscale, byte-identical",inf,0.0,inf,
casent0101131,Leptogenys,p,data/images/Leptogenys/casent0101131_p.jpg,1.0,1.0,Leptogenys alluaudi casent0101131 profile 1.jpg,https://upload.wikimedia.org/wikipedia/commons/5/53/Leptogenys_alluaudi_casent0101131_profile_1.jpg?utm_source=commons.wikimedia.org&utm_campaign=imageinfo&utm_content=original,9eb68d14911351bac156d4c484715d0b8c66a7c6,1621.0,808.0,2009-10-21T20:34:03Z,exact,"harvester downscale, byte-identical",inf,0.0,inf,
casent0101132,Leptogenys,p,data/images/Leptogenys/casent0101132_p.jpg,1.0,1.0,Leptogenys arcirostris casent0101132 profile 1.jpg,https://upload.wikimedia.org/wikipedia/commons/c/c4/Leptogenys_arcirostris_casent0101132_profile_1.jpg?utm_source=commons.wikimedia.org&utm_campaign=imageinfo&utm_content=original,3d53fee46cde1938743db3e6005072ea7ecf4fd2,1398.0,808.0,2009-10-22T08:20:27Z,exact,"Commons server thumbnail, pixel-identical",inf,0.0,inf,
casent0101133,Leptogenys,p,data/images/Leptogenys/casent0101133_p.jpg,1.0,1.0,Leptogenys truncatirostris casent0101133 profile 1.jpg,https://upload.wikimedia.org/wikipedia/commons/e/ec/Leptogenys_truncatirostris_casent0101133_profile_1.jpg?utm_source=commons.wikimedia.org&utm_campaign=imageinfo&utm_content=original,44d453263975d10b8df13f664f2518340d83e343,1330.0,808.0,2009-10-18T19:30:52Z,exact,"harvester downscale, byte-identical",inf,0.0,inf,
casent0101137,Mystrium,p,data/images/Mystrium/casent0101137_p.jpg,1.0,1.0,Mystrium voeltzkowi casent0101137 profile 1.jpg,https://upload.wikimedia.org/wikipedia/commons/8/84/Mystrium_voeltzkowi_casent0101137_profile_1.jpg?utm_source=commons.wikimedia.org&utm_campaign=imageinfo&utm_content=original,c17b6258e980137428e2c1d23ada2ff7ff479d34,1903.0,808.0,2009-10-19T12:40:34Z,exact,"harvester downscale, byte-identical",inf,0.0,inf,
casent0101138,Tetramorium,p,data/images/Tetramorium/casent0101138_p.jpg,1.0,1.0,Tetramorium kelleri casent0101138 profile 1.jpg,https://upload.wikimedia.org/wikipedia/commons/f/f4/Tetramorium_kelleri_casent0101138_profile_1.jpg?utm_source=commons.wikimedia.org&utm_campaign=imageinfo&utm_content=original,bee0ead9228091fa88b8fadd37cdf196e37af2f1,1713.0,808.0,2009-10-22T12:17:22Z,exact,"harvester downscale, byte-identical",inf,0.0,inf,
casent0101139,Tetramorium,p,data/images/Tetramorium/casent0101139_p.jpg,1.0,1.0,Tetramorium sikorae casent0101139 profile 1.jpg,https://upload.wikimedia.org/wikipedia/commons/2/25/Tetramorium_sikorae_casent0101139_profile_1.jpg?utm_source=commons.wikimedia.org&utm_campaign=imageinfo&utm_content=original,65a61569c69c9c98496006f95da58d60f4b96342,1255.0,808.0,2009-10-21T19:07:47Z,exact,"harvester downscale, byte-identical",inf,0.0,inf,
casent0101140,Tetramorium,p,data/images/Tetramorium/casent0101140_p.jpg,1.0,1.0,Tetramorium sikorae casent0101140 profile 1.jpg,https://upload.wikimedia.org/wikipedia/commons/8/82/Tetramorium_sikorae_casent0101140_profile_1.jpg?utm_source=commons.wikimedia.org&utm_campaign=imageinfo&utm_content=original,659626fe7d9ddcf827995eda63fc6f46ab655048,1969.0,808.0,2009-10-21T09:21:19Z,exact,"harvester downscale, byte-identical",inf,0.0,inf,
casent0101141,Tetramorium,p,data/images/Tetramorium/casent0101141_p.jpg,1.0,1.0,Tetramorium sikorae casent0101141 profile 1.jpg,https://upload.wikimedia.org/wikipedia/commons/6/6f/Tetramorium_sikorae_casent0101141_profile_1.jpg?utm_source=commons.wikimedia.org&utm_campaign=imageinfo&utm_content=original,e0aa6fe9ebf29d0f737003cf65a0990592c49e49,1379.0,808.0,2009-10-22T01:51:21Z,exact,"harvester downscale, byte-identical",inf,0.0,inf,
casent0101142,Tetramorium,p,data/images/Tetramorium/casent0101142_p.jpg,1.0,1.0,Tetramorium sikorae casent0101142 profile 1.jpg,https://upload.wikimedia.org/wikipedia/commons/5/54/Tetramorium_sikorae_casent0101142_profile_1.jpg?utm_source=commons.wikimedia.org&utm_campaign=imageinfo&utm_content=original,d41678e088edb091873f6d9fa6072233e857cd07,1315.0,808.0,2009-10-20T09:47:57Z,exact,"harvester downscale, byte-identical",inf,0.0,inf,
casent0101143,Tetramorium,p,data/images/Tetramorium/casent0101143_p.jpg,1.0,1.0,Tetramorium sikorae casent0101143 profile 1.jpg,https://upload.wikimedia.org/wikipedia/commons/4/46/Tetramorium_sikorae_casent0101143_profile_1.jpg?utm_source=commons.wikimedia.org&utm_campaign=imageinfo&utm_content=original,f2400a4d8814db818ac8bfa69890f863c309f253,1986.0,808.0,2009-10-20T06:59:16Z,exact,"harvester downscale, byte-identical",inf,0.0,inf,
casent0101144,Tetramorium,p,data/images/Tetramorium/casent0101144_p.jpg,1.0,1.0,Tetramorium sikorae casent0101144 profile 1.jpg,https://upload.wikimedia.org/wikipedia/commons/0/0c/Tetramorium_sikorae_casent0101144_profile_1.jpg?utm_source=commons.wikimedia.org&utm_campaign=imageinfo&utm_content=original,94ad02ce98f852f1c62dac50ea91c1544aff6d11,1637.0,808.0,2009-10-19T14:43:54Z,exact,"harvester downscale, byte-identical",inf,0.0,inf,
casent0101145,Tetramorium,p,data/images/Tetramorium/casent0101145_p.jpg,1.0,1.0,Tetramorium bessonii casent0101145 profile 1.jpg,https://upload.wikimedia.org/wikipedia/commons/2/2a/Tetramorium_bessonii_casent0101145_profile_1.jpg?utm_source=commons.wikimedia.org&utm_campaign=imageinfo&utm_content=original,1d1a85a0e160108d2862282ff14d3600119127fe,1073.0,808.0,2009-10-19T11:23:57Z,exact,"harvester downscale, byte-identical",inf,0.0,inf,
casent0101146,Tetramorium,p,data/images/Tetramorium/casent0101146_p.jpg,1.0,1.0,Tetramorium xanthogaster casent0101146 profile 1.jpg,https://upload.wikimedia.org/wikipedia/commons/3/33/Tetramorium_xanthogaster_casent0101146_profile_1.jpg?utm_source=commons.wikimedia.org&utm_campaign=imageinfo&utm_content=original,06d320436dc715938828d37dd9dee6782df579ba,1073.0,808.0,2009-10-19T12:24:38Z,exact,"harvester downscale, byte-identical",inf,0.0,inf,
casent0101147,Tetramorium,p,data/images/Tetramorium/casent0101147_p.jpg,1.0,1.0,Tetramorium ranarum casent0101147 profile 1.jpg,https://upload.wikimedia.org/wikipedia/commons/b/b9/Tetramorium_ranarum_casent0101147_profile_1.jpg?utm_source=commons.wikimedia.org&utm_campaign=imageinfo&utm_content=original,57b8b7e9ed2e7cd2a5aecae42fc4d1c592b466c0,1173.0,808.0,2009-10-19T12:01:53Z,exact,"harvester downscale, byte-identical",inf,0.0,inf,
casent0101148,Hypoponera,p,data/images/Hypoponera/casent0101148_p.jpg,1.0,1.0,Hypoponera madecassa casent0101148 profile 1.jpg,https://upload.wikimedia.org/wikipedia/commons/9/99/Hypoponera_madecassa_casent0101148_profile_1.jpg?utm_source=commons.wikimedia.org&utm_campaign=imageinfo&utm_content=original,51bd08f743c3b350dd939e585492970c79adb2a5,1823.0,808.0,2009-10-22T12:25:48Z,exact,"Commons server thumbnail, byte-identical",inf,0.0,inf,
casent0101154,Tetraponera,p,data/images/Tetraponera/casent0101154_p.jpg,1.0,1.0,Tetraponera flexuosa casent0101154 profile 1.jpg,https://upload.wikimedia.org/wikipedia/commons/5/5f/Tetraponera_flexuosa_casent0101154_profile_1.jpg?utm_source=commons.wikimedia.org&utm_campaign=imageinfo&utm_content=original,01cdfa5f65b601dad24aa6b5bb56fba4e586d26f,1929.0,808.0,2009-10-19T00:31:54Z,exact,"harvester downscale, byte-identical",inf,0.0,inf,
casent0101155,Tetraponera,p,data/images/Tetraponera/casent0101155_p.jpg,1.0,1.0,Tetraponera flexuosa casent0101155 profile 1.jpg,https://upload.wikimedia.org/wikipedia/commons/2/2b/Tetraponera_flexuosa_casent0101155_profile_1.jpg?utm_source=commons.wikimedia.org&utm_campaign=imageinfo&utm_content=original,0074dcc0f19c368bd3e70bd3eb65e35796c0d2a9,1771.0,808.0,2009-10-22T14:40:24Z,exact,"harvester downscale, byte-identical",inf,0.0,inf,
casent0101156,Hypoponera,p,data/images/Hypoponera/casent0101156_p.jpg,1.0,1.0,Hypoponera grandidieri casent0101156 profile 1.jpg,https://upload.wikimedia.org/wikipedia/commons/0/06/Hypoponera_grandidieri_casent0101156_profile_1.jpg?utm_source=commons.wikimedia.org&utm_campaign=imageinfo&utm_content=original,49a943f973c07b5c5174d24d1747fde66473045e,1459.0,808.0,2009-10-21T23:28:16Z,exact,"harvester downscale, byte-identical",inf,0.0,inf,
casent0101157,Hypoponera,p,data/images/Hypoponera/casent0101157_p.jpg,2.0,1.0,Hypoponera grandidieri casent0101157 profile 1.jpg,https://upload.wikimedia.org/wikipedia/commons/3/3b/Hypoponera_grandidieri_casent0101157_profile_1.jpg?utm_source=commons.wikimedia.org&utm_campaign=imageinfo&utm_content=original,10428bb09bada19a432a68de0aa4ceae85c3c184,1442.0,808.0,2009-10-21T10:27:11Z,exact,"harvester downscale, byte-identical",inf,0.0,inf,
casent0101160,Crematogaster,p,data/images/Crematogaster/casent0101160_p.jpg,1.0,1.0,Crematogaster lobata pacifica casent0101160 profile 1.jpg,https://upload.wikimedia.org/wikipedia/commons/4/4e/Crematogaster_lobata_pacifica_casent0101160_profile_1.jpg?utm_source=commons.wikimedia.org&utm_campaign=imageinfo&utm_content=original,436a6d6107d2d3344399b078ce914410e16b523a,1477.0,808.0,2009-10-21T21:30:38Z,exact,"harvester downscale, byte-identical",inf,0.0,inf,
casent0101161,Crematogaster,p,data/images/Crematogaster/casent0101161_p.jpg,2.0,1.0,Crematogaster agnetis casent0101161 profile 1.jpg,https://upload.wikimedia.org/wikipedia/commons/0/0e/Crematogaster_agnetis_casent0101161_profile_1.jpg?utm_source=commons.wikimedia.org&utm_campaign=imageinfo&utm_content=original,fb568914d9b85461a57960e7b0c47b3d939fa4ac,1347.0,808.0,2009-10-20T21:10:51Z,exact,"harvester downscale, byte-identical",inf,0.0,inf,
casent0101162,Crematogaster,p,data/images/Crematogaster/casent0101162_p.jpg,1.0,1.0,Crematogaster inops casent0101162 profile 1.jpg,https://upload.wikimedia.org/wikipedia/commons/9/96/Crematogaster_inops_casent0101162_profile_1.jpg?utm_source=commons.wikimedia.org&utm_campaign=imageinfo&utm_content=original,3b9c119ecc03bded51726f0b7b59828ce60306f9,1533.0,808.0,2009-10-22T10:40:42Z,exact,"harvester downscale, byte-identical",inf,0.0,inf,
casent0101163,Crematogaster,p,data/images/Crematogaster/casent0101163_p.jpg,1.0,1.0,Crematogaster inops casent0101163 profile 1.jpg,https://upload.wikimedia.org/wikipedia/commons/e/e9/Crematogaster_inops_casent0101163_profile_1.jpg?utm_source=commons.wikimedia.org&utm_campaign=imageinfo&utm_content=original,f89178022c9483ad554bc5a2f571f8019eaf9770,1246.0,808.0,2009-10-20T20:57:14Z,exact,"harvester downscale, byte-identical",inf,0.0,inf,
casent0101164,Crematogaster,p,data/images/Crematogaster/casent0101164_p.jpg,1.0,1.0,Crematogaster inops casent0101164 profile 1.jpg,https://upload.wikimedia.org/wikipedia/commons/2/23/Crematogaster_inops_casent0101164_profile_1.jpg?utm_source=commons.wikimedia.org&utm_campaign=imageinfo&utm_content=original,75ed25767f60aba3b91cd7fc00fa424bbfe03b37,1073.0,808.0,2009-10-22T15:18:17Z,exact,"harvester downscale, byte-identical",inf,0.0,inf,
casent0101165,Crematogaster,p,data/images/Crematogaster/casent0101165_p.jpg,1.0,1.0,Crematogaster descarpentriesi casent0101165 profile 1.jpg,https://upload.wikimedia.org/wikipedia/commons/7/7a/Crematogaster_descarpentriesi_casent0101165_profile_1.jpg?utm_source=commons.wikimedia.org&utm_campaign=imageinfo&utm_content=original,035f3868ffc0f3f72fd069989e410b14875d65a1,1276.0,808.0,2009-10-20T07:06:28Z,exact,"harvester downscale, byte-identical",inf,0.0,inf,
casent0101166,Crematogaster,p,data/images/Crematogaster/casent0101166_p.jpg,1.0,1.0,Crematogaster descarpentriesi casent0101166 profile 1.jpg,https://upload.wikimedia.org/wikipedia/commons/d/d6/Crematogaster_descarpentriesi_casent0101166_profile_1.jpg?utm_source=commons.wikimedia.org&utm_campaign=imageinfo&utm_content=original,384a5ba5028c662c13674d041149e821579edb1f,1346.0,808.0,2009-10-22T11:23:46Z,exact,"harvester downscale, byte-identical",inf,0.0,inf,
casent0101167,Crematogaster,p,data/images/Crematogaster/casent0101167_p.jpg,1.0,1.0,Crematogaster descarpentriesi casent0101167 profile 1.jpg,https://upload.wikimedia.org/wikipedia/commons/8/80/Crematogaster_descarpentriesi_casent0101167_profile_1.jpg?utm_source=commons.wikimedia.org&utm_campaign=imageinfo&utm_content=original,e3a3419ac94e52d88839e88792096922ee72558a,1422.0,808.0,2009-10-18T20:12:27Z,exact,"Commons server thumbnail, byte-identical",inf,0.0,inf,
casent0101168,Crematogaster,p,data/images/Crematogaster/casent0101168_p.jpg,1.0,1.0,Crematogaster descarpentriesi casent0101168 profile 1.jpg,https://upload.wikimedia.org/wikipedia/commons/6/63/Crematogaster_descarpentriesi_casent0101168_profile_1.jpg?utm_source=commons.wikimedia.org&utm_campaign=imageinfo&utm_content=original,25427b26e0c1d7d18a86f1f916811d1d86c6381a,1404.0,808.0,2009-10-22T19:15:06Z,exact,"harvester downscale, byte-identical",inf,0.0,inf,
casent0101169,Crematogaster,p,data/images/Crematogaster/casent0101169_p.jpg,1.0,1.0,Crematogaster descarpentriesi casent0101169 profile 1.jpg,https://upload.wikimedia.org/wikipedia/commons/c/c9/Crematogaster_descarpentriesi_casent0101169_profile_1.jpg?utm_source=commons.wikimedia.org&utm_campaign=imageinfo&utm_content=original,c7dc8568286e585a749efa2f33f37bb46465b850,1093.0,808.0,2009-10-19T01:11:47Z,exact,"harvester downscale, byte-identical",inf,0.0,inf,
casent0101171,Crematogaster,p,data/images/Crematogaster/casent0101171_p.jpg,1.0,1.0,Crematogaster degeeri casent0101171 profile 1.jpg,https://upload.wikimedia.org/wikipedia/commons/b/b5/Crematogaster_degeeri_casent0101171_profile_1.jpg?utm_source=commons.wikimedia.org&utm_campaign=imageinfo&utm_content=original,76d7c082980c9cf62948681aa845fa06be5e380e,1505.0,808.0,2009-10-22T15:27:34Z,exact,"harvester downscale, byte-identical",inf,0.0,inf,
casent0101172,Crematogaster,p,data/images/Crematogaster/casent0101172_p.jpg,1.0,1.0,Crematogaster degeeri casent0101172 profile 1.jpg,https://upload.wikimedia.org/wikipedia/commons/a/a0/Crematogaster_degeeri_casent0101172_profile_1.jpg?utm_source=commons.wikimedia.org&utm_campaign=imageinfo&utm_content=original,b0b01241ec0108744ce4ffbf0579b96531f5fa8b,1384.0,808.0,2009-10-21T09:21:06Z,exact,"harvester downscale, byte-identical",inf,0.0,inf,
casent0101173,Crematogaster,p,data/images/Crematogaster/casent0101173_p.jpg,1.0,1.0,Crematogaster degeeri casent0101173 profile 1.jpg,https://upload.wikimedia.org/wikipedia/commons/5/5a/Crematogaster_degeeri_casent0101173_profile_1.jpg?utm_source=commons.wikimedia.org&utm_campaign=imageinfo&utm_content=original,b725486618c2380de077a65eb0de7c06455c5dac,1525.0,808.0,2009-10-21T12:07:43Z,exact,"harvester downscale, byte-identical",inf,0.0,inf,
casent0101174,Crematogaster,p,data/images/Crematogaster/casent0101174_p.jpg,1.0,1.0,Crematogaster degeeri lunaris casent0101174 profile 1.jpg,https://upload.wikimedia.org/wikipedia/commons/2/22/Crematogaster_degeeri_lunaris_casent0101174_profile_1.jpg?utm_source=commons.wikimedia.org&utm_campaign=imageinfo&utm_content=original,9b4ab9893ac93cf1b43eff359fc96351b65e6e88,1685.0,808.0,2009-10-20T17:10:30Z,exact,"harvester downscale, byte-identical",inf,0.0,inf,
casent0101175,Camponotus,p,data/images/Camponotus/casent0101175_p.jpg,1.0,1.0,Camponotus repens casent0101175 profile 1.jpg,https://upload.wikimedia.org/wikipedia/commons/d/dd/Camponotus_repens_casent0101175_profile_1.jpg?utm_source=commons.wikimedia.org&utm_campaign=imageinfo&utm_content=original,489f61256a80278cdd29c698fe26930adb3a7fdb,1468.0,808.0,2009-10-21T04:53:25Z,exact,"harvester downscale, byte-identical",inf,0.0,inf,
casent0101176,Camponotus,p,data/images/Camponotus/casent0101176_p.jpg,1.0,1.0,Camponotus ethicus casent0101176 profile 1.jpg,https://upload.wikimedia.org/wikipedia/commons/c/ce/Camponotus_ethicus_casent0101176_profile_1.jpg?utm_source=commons.wikimedia.org&utm_campaign=imageinfo&utm_content=original,22c549d95c650c2501c3169b8dc4fa5636031c8c,1296.0,808.0,2009-10-21T09:23:35Z,exact,"Commons server thumbnail, byte-identical",inf,0.0,inf,
casent0101178,Camponotus,p,data/images/Camponotus/casent0101178_p.jpg,1.0,1.0,Camponotus cervicalis casent0101178 profile 1.jpg,https://upload.wikimedia.org/wikipedia/commons/f/ff/Camponotus_cervicalis_casent0101178_profile_1.jpg?utm_source=commons.wikimedia.org&utm_campaign=imageinfo&utm_content=original,32e4b5696a3f71409ba8b92758c4b0c4627932cf,1073.0,808.0,2009-10-21T13:43:17Z,exact,"harvester downscale, byte-identical",inf,0.0,inf,
casent0101179,Camponotus,p,data/images/Camponotus/casent0101179_p.jpg,1.0,1.0,Camponotus cervicalis gaullei casent0101179 profile 1.jpg,https://upload.wikimedia.org/wikipedia/commons/4/41/Camponotus_cervicalis_gaullei_casent0101179_profile_1.jpg?utm_source=commons.wikimedia.org&utm_campaign=imageinfo&utm_content=original,2d022e0113c5de80c4216dfe8a04a4b5e5d0661a,1202.0,808.0,2009-10-20T22:17:02Z,exact,"harvester downscale, byte-identical",inf,0.0,inf,
casent0101180,Camponotus,p,data/images/Camponotus/casent0101180_p.jpg,1.0,1.0,Camponotus cervicalis gaullei casent0101180 profile 1.jpg,https://upload.wikimedia.org/wikipedia/commons/c/c0/Camponotus_cervicalis_gaullei_casent0101180_profile_1.jpg?utm_source=commons.wikimedia.org&utm_campaign=imageinfo&utm_content=original,3976e4c4acf8ea9fdb9ae79b814a34bad394bd69,1073.0,808.0,2009-10-20T14:07:55Z,exact,"harvester downscale, byte-identical",inf,0.0,inf,
casent0101181,Camponotus,p,data/images/Camponotus/casent0101181_p.jpg,1.0,1.0,Camponotus cervicalis gaullei casent0101181 profile 1.jpg,https://upload.wikimedia.org/wikipedia/commons/c/c8/Camponotus_cervicalis_gaullei_casent0101181_profile_1.jpg?utm_source=commons.wikimedia.org&utm_campaign=imageinfo&utm_content=original,55f0081130103b20f99a36cff5e82a9f202f8fe1,1140.0,808.0,2009-10-18T12:47:29Z,exact,"harvester downscale, byte-identical",inf,0.0,inf,
casent0101186,Camponotus,p,data/images/Camponotus/casent0101186_p.jpg,1.0,1.0,Camponotus darwinii casent0101186 profile 1.jpg,https://upload.wikimedia.org/wikipedia/commons/4/42/Camponotus_darwinii_casent0101186_profile_1.jpg?utm_source=commons.wikimedia.org&utm_campaign=imageinfo&utm_content=original,e3b2df2af135ce6d41561c6ff3749ac3d8110c34,1142.0,808.0,2009-10-18T16:16:08Z,exact,"harvester downscale, byte-identical",inf,0.0,inf,
casent0101193,Camponotus,p,data/images/Camponotus/casent0101193_p.jpg,1.0,1.0,Camponotus darwinii rubropilosus casent0101193 profile 1.jpg,https://upload.wikimedia.org/wikipedia/commons/1/17/Camponotus_darwinii_rubropilosus_casent0101193_profile_1.jpg?utm_source=commons.wikimedia.org&utm_campaign=imageinfo&utm_content=original,66fad6c88f6faee6d9c07ba37a69198f32d74006,1073.0,808.0,2009-10-19T16:13:29Z,exact,"harvester downscale, byte-identical",inf,0.0,inf,
casent0101194,Camponotus,p,data/images/Camponotus/casent0101194_p.jpg,1.0,1.0,Camponotus darwinii rubropilosus casent0101194 profile 1.jpg,https://upload.wikimedia.org/wikipedia/commons/9/94/Camponotus_darwinii_rubropilosus_casent0101194_profile_1.jpg?utm_source=commons.wikimedia.org&utm_campaign=imageinfo&utm_content=original,30919ec7129f5009a26ee216812b83b95e4350a0,1073.0,808.0,2009-10-20T17:21:33Z,exact,"harvester downscale, byte-identical",inf,0.0,inf,
casent0101195,Camponotus,p,data/images/Camponotus/casent0101195_p.jpg,1.0,1.0,Camponotus darwinii rubropilosus casent0101195 profile 1.jpg,https://upload.wikimedia.org/wikipedia/commons/9/9d/Camponotus_darwinii_rubropilosus_casent0101195_profile_1.jpg?utm_source=commons.wikimedia.org&utm_campaign=imageinfo&utm_content=original,5d913ab1d55b893c14f94810388bc54c93b650d7,1102.0,808.0,2009-10-20T20:25:20Z,exact,"harvester downscale, byte-identical",inf,0.0,inf,
casent0101196,Camponotus,p,data/images/Camponotus/casent0101196_p.jpg,1.0,1.0,Camponotus ellioti relucens casent0101196 profile 1.jpg,https://upload.wikimedia.org/wikipedia/commons/0/0f/Camponotus_ellioti_relucens_casent0101196_profile_1.jpg?utm_source=commons.wikimedia.org&utm_campaign=imageinfo&utm_content=original,b6a66164b0cb6ad24a4f1261d462b95dd550698f,1388.0,808.0,2009-10-19T07:07:49Z,exact,"harvester downscale, byte-identical",inf,0.0,inf,
casent0101197,Camponotus,p,data/images/Camponotus/casent0101197_p.jpg,1.0,1.0,Camponotus ellioti relucens casent0101197 profile 1.jpg,https://upload.wikimedia.org/wikipedia/commons/1/17/Camponotus_ellioti_relucens_casent0101197_profile_1.jpg?utm_source=commons.wikimedia.org&utm_campaign=imageinfo&utm_content=original,de0cf4bd1db95cdac6c9ecdec939e0188fe36d74,1235.0,808.0,2009-10-20T09:27:38Z,exact,"harvester downscale, byte-identical",inf,0.0,inf,
casent0101198,Camponotus,p,data/images/Camponotus/casent0101198_p.jpg,1.0,1.0,Camponotus ellioti casent0101198 profile 1.jpg,https://upload.wikimedia.org/wikipedia/commons/d/dd/Camponotus_ellioti_casent0101198_profile_1.jpg?utm_source=commons.wikimedia.org&utm_campaign=imageinfo&utm_content=original,fd1d8cddfc81ea24e104c82955ac63d4ce765bce,1073.0,808.0,2009-10-18T10:54:16Z,exact,"harvester downscale, byte-identical",inf,0.0,inf,
casent0101205,Camponotus,p,data/images/Camponotus/casent0101205_p.jpg,1.0,1.0,Camponotus descarpentriesi casent0101205 profile 1.jpg,https://upload.wikimedia.org/wikipedia/commons/d/d7/Camponotus_descarpentriesi_casent0101205_profile_1.jpg?utm_source=commons.wikimedia.org&utm_campaign=imageinfo&utm_content=original,aeac3b99ea522dd234dc9b4a2b6475e68070b64a,1224.0,808.0,2009-10-20T07:26:47Z,exact,"harvester downscale, byte-identical",inf,0.0,inf,
casent0101206,Camponotus,p,data/images/Camponotus/casent0101206_p.jpg,1.0,1.0,Camponotus descarpentriesi casent0101206 profile 1.jpg,https://upload.wikimedia.org/wikipedia/commons/5/59/Camponotus_descarpentriesi_casent0101206_profile_1.jpg?utm_source=commons.wikimedia.org&utm_campaign=imageinfo&utm_content=original,47ab0a4817228a2a01801040b0813103e5a968b9,1510.0,808.0,2009-10-22T14:41:49Z,exact,"Commons server thumbnail, byte-identical",inf,0.0,inf,
casent0101208,Cardiocondyla,p,data/images/Cardiocondyla/casent0101208_p.jpg,1.0,1.0,Cardiocondyla emeryi casent0101208 profile 1.jpg,https://upload.wikimedia.org/wikipedia/commons/0/0b/Cardiocondyla_emeryi_casent0101208_profile_1.jpg?utm_source=commons.wikimedia.org&utm_campaign=imageinfo&utm_content=original,817da8bec0b83582dba4542df685a319c969e93f,1061.0,808.0,2009-10-20T05:27:57Z,exact,"harvester downscale, byte-identical",inf,0.0,inf,
casent0101209,Cardiocondyla,p,data/images/Cardiocondyla/casent0101209_p.jpg,1.0,1.0,Cardiocondyla emeryi casent0101209 profile 1.jpg,https://upload.wikimedia.org/wikipedia/commons/a/aa/Cardiocondyla_emeryi_casent0101209_profile_1.jpg?utm_source=commons.wikimedia.org&utm_campaign=imageinfo&utm_content=original,21cff50dcee8125ada95a61f6a1b22a2602546e2,1629.0,808.0,2009-10-19T04:50:36Z,exact,"harvester downscale, byte-identical",inf,0.0,inf,
casent0101218,Cardiocondyla,p,data/images/Cardiocondyla/casent0101218_p.jpg,1.0,1.0,Cardiocondyla shuckardi casent0101218 profile 1.jpg,https://upload.wikimedia.org/wikipedia/commons/d/d7/Cardiocondyla_shuckardi_casent0101218_profile_1.jpg?utm_source=commons.wikimedia.org&utm_campaign=imageinfo&utm_content=original,8164608044fd79d45a63343983a23aceef1197e2,1103.0,808.0,2009-10-18T18:55:49Z,exact,"harvester downscale, byte-identical",inf,0.0,inf,
casent0101219,Cardiocondyla,p,data/images/Cardiocondyla/casent0101219_p.jpg,1.0,1.0,Cardiocondyla shuckardi casent0101219 profile 1.jpg,https://upload.wikimedia.org/wikipedia/commons/4/4e/Cardiocondyla_shuckardi_casent0101219_profile_1.jpg?utm_source=commons.wikimedia.org&utm_campaign=imageinfo&utm_content=original,f9798f4da429407271bd6c8f3a6dc5c3bd431f2d,1253.0,808.0,2009-10-22T12:41:30Z,exact,"harvester downscale, byte-identical",inf,0.0,inf,
casent0101230,Meranoplus,p,data/images/Meranoplus/casent0101230_p.jpg,1.0,1.0,Meranoplus mayri casent0101230 profile 1.jpg,https://upload.wikimedia.org/wikipedia/commons/b/bf/Meranoplus_mayri_casent0101230_profile_1.jpg?utm_source=commons.wikimedia.org&utm_campaign=imageinfo&utm_content=original,966e16c6c5306f5da44a30974eca5f0d926edf01,1468.0,808.0,2009-10-22T08:39:55Z,exact,"harvester downscale, byte-identical",inf,0.0,inf,
casent0101231,Meranoplus,p,data/images/Meranoplus/casent0101231_p.jpg,1.0,1.0,Meranoplus mayri casent0101231 profile 1.jpg,https://upload.wikimedia.org/wikipedia/commons/b/b1/Meranoplus_mayri_casent0101231_profile_1.jpg?utm_source=commons.wikimedia.org&utm_campaign=imageinfo&utm_content=original,7aade2a39b7d6b5f301433c9ec66701e3b2fdd32,1305.0,808.0,2009-10-19T00:54:31Z,exact,"harvester downscale, byte-identical",inf,0.0,inf,
casent0101236,Meranoplus,p,data/images/Meranoplus/casent0101236_p.jpg,1.0,1.0,Meranoplus mayri casent0101236 profile 1.jpg,https://upload.wikimedia.org/wikipedia/commons/f/fa/Meranoplus_mayri_casent0101236_profile_1.jpg?utm_source=commons.wikimedia.org&utm_campaign=imageinfo&utm_content=original,1b22de56c41b2ca399109b50d925a319bebb0e7e,1580.0,808.0,2009-10-20T23:24:28Z,exact,"Commons server thumbnail, byte-identical",inf,0.0,inf,
casent0101237,Meranoplus,p,data/images/Meranoplus/casent0101237_p.jpg,1.0,1.0,Meranoplus mayri casent0101237 profile 1.jpg,https://upload.wikimedia.org/wikipedia/commons/6/62/Meranoplus_mayri_casent0101237_profile_1.jpg?utm_source=commons.wikimedia.org&utm_campaign=imageinfo&utm_content=original,d6a9783671e7b6feb734aad6869826568c5031b1,1366.0,808.0,2009-10-18T16:25:40Z,exact,"harvester downscale, byte-identical",inf,0.0,inf,
casent0101238,Meranoplus,p,data/images/Meranoplus/casent0101238_p.jpg,1.0,1.0,Meranoplus radamae casent0101238 profile 1.jpg,https://upload.wikimedia.org/wikipedia/commons/b/b1/Meranoplus_radamae_casent0101238_profile_1.jpg?utm_source=commons.wikimedia.org&utm_campaign=imageinfo&utm_content=original,7dab12ae19f1e5efe5d5a2d2fa7cacf064671f09,1433.0,808.0,2009-10-22T15:01:23Z,exact,"harvester downscale, byte-identical",inf,0.0,inf,
casent0101239,Meranoplus,p,data/images/Meranoplus/casent0101239_p.jpg,1.0,1.0,Meranoplus radamae casent0101239 profile 1.jpg,https://upload.wikimedia.org/wikipedia/commons/5/55/Meranoplus_radamae_casent0101239_profile_1.jpg?utm_source=commons.wikimedia.org&utm_campaign=imageinfo&utm_content=original,7227184bde3c8974b263064ad534976475d03c05,1185.0,808.0,2009-10-22T19:59:31Z,exact,"harvester downscale, byte-identical",inf,0.0,inf,
casent0101240,Cataulacus,p,data/images/Cataulacus/casent0101240_p.jpg,1.0,1.0,Cataulacus regularis casent0101240 profile 1.jpg,https://upload.wikimedia.org/wikipedia/commons/6/61/Cataulacus_regularis_casent0101240_profile_1.jpg?utm_source=commons.wikimedia.org&utm_campaign=imageinfo&utm_content=original,4d276f1b0b44891bb228ad7c58088cf040bb37b4,1397.0,808.0,2009-10-20T19:19:22Z,exact,"harvester downscale, byte-identical",inf,0.0,inf,
casent0101241,Cataulacus,p,data/images/Cataulacus/casent0101241_p.jpg,1.0,1.0,Cataulacus regularis casent0101241 profile 1.jpg,https://upload.wikimedia.org/wikipedia/commons/b/ba/Cataulacus_regularis_casent0101241_profile_1.jpg?utm_source=commons.wikimedia.org&utm_campaign=imageinfo&utm_content=original,e97168c37eff5fb9abb170ac1ca852434ec41003,1641.0,808.0,2009-10-21T16:55:24Z,exact,"harvester downscale, byte-identical",inf,0.0,inf,
casent0101245,Cataulacus,p,data/images/Cataulacus/casent0101245_p.jpg,1.0,1.0,Cataulacus ebrardi casent0101245 profile 1.jpg,https://upload.wikimedia.org/wikipedia/commons/b/b0/Cataulacus_ebrardi_casent0101245_profile_1.jpg?utm_source=commons.wikimedia.org&utm_campaign=imageinfo&utm_content=original,97b6941a9663a64d678bbe95d709d16377cc334b,2046.0,808.0,2009-10-22T07:40:09Z,exact,"harvester downscale, byte-identical",inf,0.0,inf,
casent0101246,Cataulacus,p,data/images/Cataulacus/casent0101246_p.jpg,1.0,1.0,Cataulacus ebrardi casent0101246 profile 1.jpg,https://upload.wikimedia.org/wikipedia/commons/9/9f/Cataulacus_ebrardi_casent0101246_profile_1.jpg?utm_source=commons.wikimedia.org&utm_campaign=imageinfo&utm_content=original,a41ac17252572a8864f2468e3582e8400ea0ef99,1416.0,808.0,2009-10-18T18:34:33Z,exact,"harvester downscale, byte-identical",inf,0.0,inf,
casent0101247,Cataulacus,p,data/images/Cataulacus/casent0101247_p.jpg,1.0,1.0,Cataulacus intrudens casent0101247 profile 1.jpg,https://upload.wikimedia.org/wikipedia/commons/c/c4/Cataulacus_intrudens_casent0101247_profile_1.jpg?utm_source=commons.wikimedia.org&utm_campaign=imageinfo&utm_content=original,0b3bafc92a7db3538aff2d9c0425bb17d8cbfd09,1122.0,808.0,2009-10-20T20:28:07Z,exact,"harvester downscale, byte-identical",inf,0.0,inf,
casent0101248,Cataulacus,p,data/images/Cataulacus/casent0101248_p.jpg,1.0,1.0,Cataulacus intrudens casent0101248 profile 1.jpg,https://upload.wikimedia.org/wikipedia/commons/5/5a/Cataulacus_intrudens_casent0101248_profile_1.jpg?utm_source=commons.wikimedia.org&utm_campaign=imageinfo&utm_content=original,7f957128acf7dd80b999e4d3aaabe8467bc26c1d,1243.0,808.0,2009-10-18T19:10:13Z,exact,"harvester downscale, byte-identical",inf,0.0,inf,
casent0101254,Strumigenys,p,data/images/Strumigenys/casent0101254_p.jpg,1.0,1.0,Strumigenys grandidieri casent0101254 profile 1.jpg,https://upload.wikimedia.org/wikipedia/commons/5/5a/Strumigenys_grandidieri_casent0101254_profile_1.jpg?utm_source=commons.wikimedia.org&utm_campaign=imageinfo&utm_content=original,d8fb187910be11e2b56a822daa626aa7daf9bbf7,1386.0,808.0,2009-10-19T07:18:16Z,exact,"Commons server thumbnail, byte-identical",inf,0.0,inf,
casent0101255,Tapinoma,p,data/images/Tapinoma/casent0101255_p.jpg,1.0,1.0,Technomyrmex pallipes casent0101255 profile 1.jpg,https://upload.wikimedia.org/wikipedia/commons/8/84/Technomyrmex_pallipes_casent0101255_profile_1.jpg?utm_source=commons.wikimedia.org&utm_campaign=imageinfo&utm_content=original,7a3edb2ccd1f3f8a0e9280a7069bf7946417252a,1239.0,808.0,2009-10-20T07:27:37Z,exact,"harvester downscale, byte-identical",inf,0.0,inf,
casent0101256,Tapinoma,p,data/images/Tapinoma/casent0101256_p.jpg,1.0,1.0,Technomyrmex pallipes casent0101256 profile 1.jpg,https://upload.wikimedia.org/wikipedia/commons/e/e4/Technomyrmex_pallipes_casent0101256_profile_1.jpg?utm_source=commons.wikimedia.org&utm_campaign=imageinfo&utm_content=original,41e8da3135946b64c352e9b78670a20eea6ae2e7,1125.0,808.0,2009-10-22T01:07:59Z,exact,"harvester downscale, byte-identical",inf,0.0,inf,
casent0101257,Tetramorium,p,data/images/Tetramorium/casent0101257_p.jpg,1.0,1.0,Tetramorium steinheili casent0101257 profile 1.jpg,https://upload.wikimedia.org/wikipedia/commons/4/41/Tetramorium_steinheili_casent0101257_profile_1.jpg?utm_source=commons.wikimedia.org&utm_campaign=imageinfo&utm_content=original,45d07e5d691b56863761a446bf9948e36210eb8b,1263.0,808.0,2009-10-22T04:57:48Z,exact,"harvester downscale, byte-identical",inf,0.0,inf,
casent0101258,Tetramorium,p,data/images/Tetramorium/casent0101258_p.jpg,1.0,1.0,Tetramorium steinheili casent0101258 profile 1.jpg,https://upload.wikimedia.org/wikipedia/commons/a/ad/Tetramorium_steinheili_casent0101258_profile_1.jpg?utm_source=commons.wikimedia.org&utm_campaign=imageinfo&utm_content=original,fd3dec8b0ab20e049c21519f7946f293aaf0f3df,1189.0,808.0,2009-10-20T05:26:34Z,exact,"harvester downscale, byte-identical",inf,0.0,inf,
casent0101259,Tetramorium,p,data/images/Tetramorium/casent0101259_p.jpg,1.0,1.0,Tetramorium sikorae casent0101259 profile 1.jpg,https://upload.wikimedia.org/wikipedia/commons/b/b9/Tetramorium_sikorae_casent0101259_profile_1.jpg?utm_source=commons.wikimedia.org&utm_campaign=imageinfo&utm_content=original,921cd4e53443c0e2d75ed32de734969ce2602b70,1289.0,808.0,2009-10-22T16:17:32Z,exact,"harvester downscale, byte-identical",inf,0.0,inf,
casent0101260,Tetramorium,p,data/images/Tetramorium/casent0101260_p.jpg,1.0,1.0,Tetramorium sikorae casent0101260 profile 1.jpg,https://upload.wikimedia.org/wikipedia/commons/b/bb/Tetramorium_sikorae_casent0101260_profile_1.jpg?utm_source=commons.wikimedia.org&utm_campaign=imageinfo&utm_content=original,8634a2f0b3afdceef2f8738c1ec2db5e5c0bd4c3,1065.0,808.0,2009-10-21T15:54:08Z,exact,"harvester downscale, byte-identical",inf,0.0,inf,
casent0101265,Tetramorium,p,data/images/Tetramorium/casent0101265_p.jpg,1.0,1.0,Tetramorium sericeiventre casent0101265 profile 1.jpg,https://upload.wikimedia.org/wikipedia/commons/5/57/Tetramorium_sericeiventre_casent0101265_profile_1.jpg?utm_source=commons.wikimedia.org&utm_campaign=imageinfo&utm_content=original,fd91c2df20423a077566d2ae5f24a5903ffdddb4,1017.0,808.0,2009-10-20T00:10:43Z,exact,"harvester downscale, byte-identical",inf,0.0,inf,
casent0101266,Tetramorium,p,data/images/Tetramorium/casent0101266_p.jpg,1.0,1.0,Tetramorium sericeiventre casent0101266 profile 1.jpg,https://upload.wikimedia.org/wikipedia/commons/a/a7/Tetramorium_sericeiventre_casent0101266_profile_1.jpg?utm_source=commons.wikimedia.org&utm_campaign=imageinfo&utm_content=original,b054bdf1f231c33ebc1894de6f960571a5d5d792,1073.0,808.0,2009-10-20T10:32:39Z,exact,"harvester downscale, byte-identical",inf,0.0,inf,
casent0101267,Tetramorium,p,data/images/Tetramorium/casent0101267_p.jpg,1.0,1.0,Tetramorium sericeiventre casent0101267 profile 1.jpg,https://upload.wikimedia.org/wikipedia/commons/f/fa/Tetramorium_sericeiventre_casent0101267_profile_1.jpg?utm_source=commons.wikimedia.org&utm_campaign=imageinfo&utm_content=original,1a09470f6aa4b51831ab7da6f5d861a10497a0d1,1056.0,808.0,2009-10-20T02:19:11Z,exact,"harvester downscale, byte-identical",inf,0.0,inf,
casent0101268,Tetramorium,p,data/images/Tetramorium/casent0101268_p.jpg,1.0,1.0,Tetramorium sericeiventre casent0101268 profile 1.jpg,https://upload.wikimedia.org/wikipedia/commons/0/0e/Tetramorium_sericeiventre_casent0101268_profile_1.jpg?utm_source=commons.wikimedia.org&utm_campaign=imageinfo&utm_content=original,546aea33b5be5ec96b957ddcff8b2d4527911630,1073.0,808.0,2009-10-22T20:36:19Z,exact,"harvester downscale, byte-identical",inf,0.0,inf,
casent0101269,Tetramorium,p,data/images/Tetramorium/casent0101269_p.jpg,1.0,1.0,Tetramorium sericeiventre casent0101269 profile 1.jpg,https://upload.wikimedia.org/wikipedia/commons/c/c7/Tetramorium_sericeiventre_casent0101269_profile_1.jpg?utm_source=commons.wikimedia.org&utm_campaign=imageinfo&utm_content=original,619a2f2e288ee3025ef55ba96e38a75a8f9ae8d1,1168.0,808.0,2009-10-18T16:56:40Z,exact,"harvester downscale, byte-identical",inf,0.0,inf,
casent0101270,Tetramorium,p,data/images/Tetramorium/casent0101270_p.jpg,1.0,1.0,Tetramorium sericeiventre casent0101270 profile 1.jpg,https://upload.wikimedia.org/wikipedia/commons/7/7f/Tetramorium_sericeiventre_casent0101270_profile_1.jpg?utm_source=commons.wikimedia.org&utm_campaign=imageinfo&utm_content=original,d87e53ddcfb17485fe5d1a6af35654ee8de58878,1073.0,808.0,2009-10-20T12:27:01Z,exact,"harvester downscale, byte-identical",inf,0.0,inf,
casent0101277,Tetramorium,p,data/images/Tetramorium/casent0101277_p.jpg,1.0,1.0,Tetramorium bessonii casent0101277 profile 1.jpg,https://upload.wikimedia.org/wikipedia/commons/4/4d/Tetramorium_bessonii_casent0101277_profile_1.jpg?utm_source=commons.wikimedia.org&utm_campaign=imageinfo&utm_content=original,6369c15104b550306b94e86d6bd659590975e168,1141.0,808.0,2009-10-18T21:23:45Z,exact,"harvester downscale, byte-identical",inf,0.0,inf,
casent0101278,Tetramorium,p,data/images/Tetramorium/casent0101278_p.jpg,1.0,1.0,Tetramorium bessonii casent0101278 profile 1.jpg,https://upload.wikimedia.org/wikipedia/commons/2/29/Tetramorium_bessonii_casent0101278_profile_1.jpg?utm_source=commons.wikimedia.org&utm_campaign=imageinfo&utm_content=original,31f2ac417406f83e4ca332a7566b321e87c2e053,1161.0,808.0,2009-10-22T02:19:19Z,exact,"harvester downscale, byte-identical",inf,0.0,inf,
casent0101279,Tetramorium,p,data/images/Tetramorium/casent0101279_p.jpg,1.0,1.0,Tetramorium robustior casent0101279 profile 1.jpg,https://upload.wikimedia.org/wikipedia/commons/f/f9/Tetramorium_robustior_casent0101279_profile_1.jpg?utm_source=commons.wikimedia.org&utm_campaign=imageinfo&utm_content=original,a144324ab2f4f9f30be44251ee9e90d73a8d7453,1073.0,808.0,2009-10-20T20:21:09Z,exact,"harvester downscale, byte-identical",inf,0.0,inf,
casent0101280,Tetramorium,p,data/images/Tetramorium/casent0101280_p.jpg,1.0,1.0,Tetramorium robustior casent0101280 profile 1.jpg,https://upload.wikimedia.org/wikipedia/commons/d/d3/Tetramorium_robustior_casent0101280_profile_1.jpg?utm_source=commons.wikimedia.org&utm_campaign=imageinfo&utm_content=original,1cf1dc45eb6946619dcaa3bfff41e118052fb112,1073.0,808.0,2009-10-19T23:02:06Z,exact,"harvester downscale, byte-identical",inf,0.0,inf,
casent0101281,Tetramorium,p,data/images/Tetramorium/casent0101281_p.jpg,1.0,1.0,Tetramorium andrei casent0101281 profile 1.jpg,https://upload.wikimedia.org/wikipedia/commons/7/7d/Tetramorium_andrei_casent0101281_profile_1.jpg?utm_source=commons.wikimedia.org&utm_campaign=imageinfo&utm_content=original,30decc8e520e87080c932a3b2af51b9eb81c569e,1265.0,808.0,2009-10-18T19:18:59Z,exact,"harvester downscale, byte-identical",inf,0.0,inf,
casent0101282,Tetramorium,p,data/images/Tetramorium/casent0101282_p.jpg,1.0,1.0,Tetramorium andrei casent0101282 profile 1.jpg,https://upload.wikimedia.org/wikipedia/commons/d/df/Tetramorium_andrei_casent0101282_profile_1.jpg?utm_source=commons.wikimedia.org&utm_campaign=imageinfo&utm_content=original,2dc1e91f0d86c2b16b8ae79b48c352db26dd8cda,1242.0,808.0,2009-10-21T20:49:38Z,exact,"harvester downscale, byte-identical",inf,0.0,inf,
casent0101285,Tetramorium,p,data/images/Tetramorium/casent0101285_p.jpg,1.0,1.0,Tetramorium ranarum casent0101285 profile 1.jpg,https://upload.wikimedia.org/wikipedia/commons/8/80/Tetramorium_ranarum_casent0101285_profile_1.jpg?utm_source=commons.wikimedia.org&utm_campaign=imageinfo&utm_content=original,8621393826f86e976ce58a94d7cd6de6e1c88762,1127.0,808.0,2009-10-21T22:22:25Z,exact,"harvester downscale, byte-identical",inf,0.0,inf,
casent0101286,Tetramorium,p,data/images/Tetramorium/casent0101286_p.jpg,1.0,1.0,Tetramorium ranarum casent0101286 profile 1.jpg,https://upload.wikimedia.org/wikipedia/commons/7/7f/Tetramorium_ranarum_casent0101286_profile_1.jpg?utm_source=commons.wikimedia.org&utm_campaign=imageinfo&utm_content=original,32c403ec09d57c1ab04161a66acd3dec1400ef39,1288.0,808.0,2009-10-19T02:59:59Z,exact,"Commons server thumbnail, byte-identical",inf,0.0,inf,
casent0101287,Tetramorium,p,data/images/Tetramorium/casent0101287_p.jpg,1.0,1.0,Tetramorium marginatum casent0101287 profile 1.jpg,https://upload.wikimedia.org/wikipedia/commons/a/a8/Tetramorium_marginatum_casent0101287_profile_1.jpg?utm_source=commons.wikimedia.org&utm_campaign=imageinfo&utm_content=original,a20020ccc4e6831b142c63186a844ed9119861e2,1202.0,808.0,2009-10-18T14:58:30Z,exact,"harvester downscale, byte-identical",inf,0.0,inf,
casent0101288,Tetramorium,p,data/images/Tetramorium/casent0101288_p.jpg,1.0,1.0,Tetramorium marginatum casent0101288 profile 1.jpg,https://upload.wikimedia.org/wikipedia/commons/b/b1/Tetramorium_marginatum_casent0101288_profile_1.jpg?utm_source=commons.wikimedia.org&utm_campaign=imageinfo&utm_content=original,3195594fcbb0d05b95d601df66f15d4ce7cc20f3,1359.0,808.0,2009-10-20T01:16:28Z,exact,"Commons server thumbnail, byte-identical",inf,0.0,inf,
casent0101289,Tetramorium,p,data/images/Tetramorium/casent0101289_p.jpg,1.0,1.0,Tetramorium schaufussii casent0101289 profile 1.jpg,https://upload.wikimedia.org/wikipedia/commons/e/e5/Tetramorium_schaufussii_casent0101289_profile_1.jpg?utm_source=commons.wikimedia.org&utm_campaign=imageinfo&utm_content=original,8189d9cc5231a0aad0ae865244b1948b97f0cc61,1189.0,808.0,2009-10-20T10:14:37Z,exact,"harvester downscale, byte-identical",inf,0.0,inf,
casent0101290,Tetramorium,p,data/images/Tetramorium/casent0101290_p.jpg,1.0,1.0,Tetramorium schaufussii casent0101290 profile 1.jpg,https://upload.wikimedia.org/wikipedia/commons/e/e7/Tetramorium_schaufussii_casent0101290_profile_1.jpg?utm_source=commons.wikimedia.org&utm_campaign=imageinfo&utm_content=original,8f0cdd88ae9d769d6cbdfaeb3c9a32ad0de7b073,1265.0,808.0,2009-10-19T11:06:26Z,exact,"harvester downscale, byte-identical",inf,0.0,inf,
casent0101291,Tetramorium,p,data/images/Tetramorium/casent0101291_p.jpg,1.0,1.0,Tetramorium latreillei casent0101291 profile 1.jpg,https://upload.wikimedia.org/wikipedia/commons/2/29/Tetramorium_latreillei_casent0101291_profile_1.jpg?utm_source=commons.wikimedia.org&utm_campaign=imageinfo&utm_content=original,d5621b6663e5c4b819e1ccbbbb4750020baca35c,1460.0,808.0,2009-10-19T10:14:33Z,exact,"harvester downscale, byte-identical",inf,0.0,inf,
casent0101292,Tetramorium,p,data/images/Tetramorium/casent0101292_p.jpg,1.0,1.0,Tetramorium latreillei casent0101292 profile 1.jpg,https://upload.wikimedia.org/wikipedia/commons/4/4b/Tetramorium_latreillei_casent0101292_profile_1.jpg?utm_source=commons.wikimedia.org&utm_campaign=imageinfo&utm_content=original,6091c95fcc6c45d68512c36035078d430241cd28,1155.0,808.0,2009-10-18T07:43:48Z,exact,"harvester downscale, byte-identical",inf,0.0,inf,
casent0101293,Tetramorium,p,data/images/Tetramorium/casent0101293_p.jpg,1.0,1.0,Tetramorium kelleri casent0101293 profile 1.jpg,https://upload.wikimedia.org/wikipedia/commons/e/e5/Tetramorium_kelleri_casent0101293_profile_1.jpg?utm_source=commons.wikimedia.org&utm_campaign=imageinfo&utm_content=original,f6835d1379d816ca402035d92541d41c7a3ca869,1155.0,808.0,2009-10-22T01:21:43Z,exact,"harvester downscale, byte-identical",inf,0.0,inf,
casent0101294,Tetramorium,p,data/images/Tetramorium/casent0101294_p.jpg,1.0,1.0,Tetramorium kelleri casent0101294 profile 1.jpg,https://upload.wikimedia.org/wikipedia/commons/f/f0/Tetramorium_kelleri_casent0101294_profile_1.jpg?utm_source=commons.wikimedia.org&utm_campaign=imageinfo&utm_content=original,c642204afe451dd5b97228c4c20e97ae2cd94a60,1194.0,808.0,2009-10-18T11:03:38Z,exact,"harvester downscale, byte-identical",inf,0.0,inf,
casent0101297,Tetramorium,p,data/images/Tetramorium/casent0101297_p.jpg,1.0,1.0,Tetramorium bessonii casent0101297 profile 1.jpg,https://upload.wikimedia.org/wikipedia/commons/4/42/Tetramorium_bessonii_casent0101297_profile_1.jpg?utm_source=commons.wikimedia.org&utm_campaign=imageinfo&utm_content=original,5841071480266b373590768ae4f1d2c0edc82b07,1073.0,808.0,2009-10-18T21:29:50Z,exact,"harvester downscale, byte-identical",inf,0.0,inf,
casent0101298,Tetramorium,p,data/images/Tetramorium/casent0101298_p.jpg,1.0,1.0,Tetramorium bessonii casent0101298 profile 1.jpg,https://upload.wikimedia.org/wikipedia/commons/f/f6/Tetramorium_bessonii_casent0101298_profile_1.jpg?utm_source=commons.wikimedia.org&utm_campaign=imageinfo&utm_content=original,98f7c65b4de944a8580c7a828a66841be7eed267,1181.0,808.0,2009-10-18T18:13:00Z,exact,"harvester downscale, byte-identical",inf,0.0,inf,
casent0101299,Nylanderia,p,data/images/Nylanderia/casent0101299_p.jpg,1.0,1.0,Paratrechina gracilis casent0101299 profile 1.jpg,https://upload.wikimedia.org/wikipedia/commons/2/2f/Paratrechina_gracilis_casent0101299_profile_1.jpg?utm_source=commons.wikimedia.org&utm_campaign=imageinfo&utm_content=original,9a3b42bb1e5a0e2617769c8dc6d5b57a7a7145b4,1073.0,808.0,2009-10-21T07:46:35Z,exact,"harvester downscale, byte-identical",inf,0.0,inf,
casent0101300,Nylanderia,p,data/images/Nylanderia/casent0101300_p.jpg,1.0,1.0,Paratrechina gracilis casent0101300 profile 1.jpg,https://upload.wikimedia.org/wikipedia/commons/f/f4/Paratrechina_gracilis_casent0101300_profile_1.jpg?utm_source=commons.wikimedia.org&utm_campaign=imageinfo&utm_content=original,a5f5ad0a78a76c8b84d7870f99b05637edf7ec0a,1158.0,808.0,2009-10-20T23:16:23Z,exact,"harvester downscale, byte-identical",inf,0.0,inf,
casent0101311,Nylanderia,p,data/images/Nylanderia/casent0101311_p.jpg,1.0,1.0,Paratrechina amblyops rubescens casent0101311 profile 1.jpg,https://upload.wikimedia.org/wikipedia/commons/9/9e/Paratrechina_amblyops_rubescens_casent0101311_profile_1.jpg?utm_source=commons.wikimedia.org&utm_campaign=imageinfo&utm_content=original,880620df17d9949cca22567610282d60ca5b6bb2,1244.0,808.0,2009-10-18T15:07:12Z,exact,"harvester downscale, byte-identical",inf,0.0,inf,
casent0101312,Nylanderia,p,data/images/Nylanderia/casent0101312_p.jpg,1.0,1.0,Paratrechina amblyops rubescens casent0101312 profile 1.jpg,https://upload.wikimedia.org/wikipedia/commons/3/32/Paratrechina_amblyops_rubescens_casent0101312_profile_1.jpg?utm_source=commons.wikimedia.org&utm_campaign=imageinfo&utm_content=original,6e226ea266e9f25c80f358b44d2f61e3d6dbfcdf,1217.0,808.0,2009-10-19T21:02:27Z,exact,"harvester downscale, byte-identical",inf,0.0,inf,
casent0101315,Nylanderia,p,data/images/Nylanderia/casent0101315_p.jpg,1.0,1.0,Paratrechina humbloti casent0101315 profile 1.jpg,https://upload.wikimedia.org/wikipedia/commons/a/a2/Paratrechina_humbloti_casent0101315_profile_1.jpg?utm_source=commons.wikimedia.org&utm_campaign=imageinfo&utm_content=original,b652520eeffd414e12d8941709b486594600836a,1067.0,808.0,2009-10-21T06:23:56Z,exact,"harvester downscale, byte-identical",inf,0.0,inf,
casent0101318,Nylanderia,p,data/images/Nylanderia/casent0101318_p.jpg,1.0,1.0,Paratrechina madagascarensis casent0101318 profile 1.jpg,https://upload.wikimedia.org/wikipedia/commons/f/f7/Paratrechina_madagascarensis_casent0101318_profile_1.jpg?utm_source=commons.wikimedia.org&utm_campaign=imageinfo&utm_content=original,8beba0407ae63d75a38e946e19ba3b25e340193d,977.0,808.0,2009-10-20T23:43:15Z,exact,"harvester downscale, byte-identical",inf,0.0,inf,
casent0101319,Nylanderia,p,data/images/Nylanderia/casent0101319_p.jpg,1.0,1.0,Paratrechina madagascarensis casent0101319 profile 1.jpg,https://upload.wikimedia.org/wikipedia/commons/2/24/Paratrechina_madagascarensis_casent0101319_profile_1.jpg?utm_source=commons.wikimedia.org&utm_campaign=imageinfo&utm_content=original,a2220272e1cdaccfdd30abd40d35f0e8a78dc2a0,1013.0,808.0,2009-10-19T10:45:54Z,exact,"harvester downscale, byte-identical",inf,0.0,inf,
casent0101320,Nylanderia,p,data/images/Nylanderia/casent0101320_p.jpg,1.0,1.0,Paratrechina madagascarensis casent0101320 profile 1.jpg,https://upload.wikimedia.org/wikipedia/commons/2/2d/Paratrechina_madagascarensis_casent0101320_profile_1.jpg?utm_source=commons.wikimedia.org&utm_campaign=imageinfo&utm_content=original,314117352cba228088e6376478085f7e76fcdd3d,1170.0,808.0,2009-10-21T14:17:04Z,exact,"harvester downscale, byte-identical",inf,0.0,inf,
casent0101321,Pheidole,p,data/images/Pheidole/casent0101321_p.jpg,1.0,1.0,Pheidole nemoralis petax casent0101321 profile 1.jpg,https://upload.wikimedia.org/wikipedia/commons/9/99/Pheidole_nemoralis_petax_casent0101321_profile_1.jpg?utm_source=commons.wikimedia.org&utm_campaign=imageinfo&utm_content=original,9c5de9b7362cb52a83f22ff0ea0f35fb725dcccd,1032.0,808.0,2009-10-20T21:18:30Z,exact,"harvester downscale, byte-identical",inf,0.0,inf,
casent0101322,Pheidole,p,data/images/Pheidole/casent0101322_p.jpg,1.0,1.0,Pheidole nemoralis petax casent0101322 profile 1.jpg,https://upload.wikimedia.org/wikipedia/commons/8/80/Pheidole_nemoralis_petax_casent0101322_profile_1.jpg?utm_source=commons.wikimedia.org&utm_campaign=imageinfo&utm_content=original,8c736f95efb1f0600256a8d8c05cb7de2a333f30,1078.0,808.0,2009-10-18T18:33:56Z,exact,"harvester downscale, byte-identical",inf,0.0,inf,
casent0101323,Pheidole,p,data/images/Pheidole/casent0101323_p.jpg,1.0,1.0,Pheidole nemoralis casent0101323 profile 1.jpg,https://upload.wikimedia.org/wikipedia/commons/b/bb/Pheidole_nemoralis_casent0101323_profile_1.jpg?utm_source=commons.wikimedia.org&utm_campaign=imageinfo&utm_content=original,aee7923b6af0e5ff8ea18c63a6913337d22acfc2,1539.0,808.0,2009-10-20T13:36:08Z,exact,"Commons server thumbnail, byte-identical",inf,0.0,inf,
casent0101324,Pheidole,p,data/images/Pheidole/casent0101324_p.jpg,1.0,1.0,Pheidole nemoralis casent0101324 profile 1.jpg,https://upload.wikimedia.org/wikipedia/commons/e/e9/Pheidole_nemoralis_casent0101324_profile_1.jpg?utm_source=commons.wikimedia.org&utm_campaign=imageinfo&utm_content=original,ea106b764e872528ccbd8e27b83dd678afa928f3,1154.0,808.0,2009-10-20T17:14:11Z,exact,"harvester downscale, byte-identical",inf,0.0,inf,
casent0101326,Pheidole,p,data/images/Pheidole/casent0101326_p.jpg,1.0,1.0,Pheidole voeltzkowii casent0101326 profile 1.jpg,https://upload.wikimedia.org/wikipedia/commons/5/54/Pheidole_voeltzkowii_casent0101326_profile_1.jpg?utm_source=commons.wikimedia.org&utm_campaign=imageinfo&utm_content=original,2a70107c113ecf4ac352aa53943a2a4d836ec71e,1179.0,808.0,2009-10-22T04:13:52Z,exact,"harvester downscale, byte-identical",inf,0.0,inf,
casent0101327,Pheidole,p,data/images/Pheidole/casent0101327_p.jpg,1.0,1.0,Pheidole voeltzkowii casent0101327 profile 1.jpg,https://upload.wikimedia.org/wikipedia/commons/1/1f/Pheidole_voeltzkowii_casent0101327_profile_1.jpg?utm_source=commons.wikimedia.org&utm_campaign=imageinfo&utm_content=original,1d229c587adedf176967ce6b9a1eb7c2d909b0ca,1172.0,808.0,2009-10-20T01:10:59Z,exact,"harvester downscale, byte-identical",inf,0.0,inf,
casent0101328,Pheidole,p,data/images/Pheidole/casent0101328_p.jpg,1.0,1.0,Pheidole bessonii casent0101328 profile 1.jpg,https://upload.wikimedia.org/wikipedia/commons/1/19/Pheidole_bessonii_casent0101328_profile_1.jpg?utm_source=commons.wikimedia.org&utm_campaign=imageinfo&utm_content=original,204d810994c12744c7c23f5ed4fca94ad7c2cb0a,1199.0,808.0,2009-10-20T06:57:51Z,exact,"harvester downscale, byte-identical",inf,0.0,inf,
casent0101329,Pheidole,p,data/images/Pheidole/casent0101329_p.jpg,1.0,1.0,Pheidole bessonii casent0101329 profile 1.jpg,https://upload.wikimedia.org/wikipedia/commons/a/ab/Pheidole_bessonii_casent0101329_profile_1.jpg?utm_source=commons.wikimedia.org&utm_campaign=imageinfo&utm_content=original,f0ea317f3a09c81998745d36ec8ae57d075d4597,1156.0,808.0,2009-10-21T00:51:23Z,exact,"harvester downscale, byte-identical",inf,0.0,inf,
casent0101330,Pheidole,p,data/images/Pheidole/casent0101330_p.jpg,1.0,1.0,Pheidole punctulata spinosa casent0101330 profile 1.jpg,https://upload.wikimedia.org/wikipedia/commons/6/6b/Pheidole_punctulata_spinosa_casent0101330_profile_1.jpg?utm_source=commons.wikimedia.org&utm_campaign=imageinfo&utm_content=original,af3f03c7f92dd026eac84933f4f8c02c5e08b050,1293.0,808.0,2009-10-18T10:28:40Z,exact,"harvester downscale, byte-identical",inf,0.0,inf,
casent0101331,Pheidole,p,data/images/Pheidole/casent0101331_p.jpg,1.0,1.0,Pheidole punctulata spinosa casent0101331 profile 1.jpg,https://upload.wikimedia.org/wikipedia/commons/a/a1/Pheidole_punctulata_spinosa_casent0101331_profile_1.jpg?utm_source=commons.wikimedia.org&utm_campaign=imageinfo&utm_content=original,e7cd8585f13915ac656170f9e91888015a3baff7,1168.0,808.0,2009-10-20T02:37:07Z,exact,"harvester downscale, byte-identical",inf,0.0,inf,
casent0101333,Pheidole,p,data/images/Pheidole/casent0101333_p.jpg,1.0,1.0,Pheidole picata bernhardae casent0101333 profile 1.jpg,https://upload.wikimedia.org/wikipedia/commons/2/28/Pheidole_picata_bernhardae_casent0101333_profile_1.jpg?utm_source=commons.wikimedia.org&utm_campaign=imageinfo&utm_content=original,7bc0f313d425d05c791e15b4771e3093e0d126ab,887.0,808.0,2009-10-18T07:46:39Z,exact,"harvester downscale, byte-identical",inf,0.0,inf,
casent0101334,Camponotus,p,data/images/Camponotus/casent0101334_p.jpg,1.0,1.0,Camponotus hova hovahovoides casent0101334 profile 1.jpg,https://upload.wikimedia.org/wikipedia/commons/2/28/Camponotus_hova_hovahovoides_casent0101334_profile_1.jpg?utm_source=commons.wikimedia.org&utm_campaign=imageinfo&utm_content=original,fe0b6a948d5433a47b879d117079ea583a06fdbb,1364.0,808.0,2009-10-22T01:13:22Z,exact,"Commons server thumbnail, byte-identical",inf,0.0,inf,
casent0101335,Camponotus,p,data/images/Camponotus/casent0101335_p.jpg,1.0,1.0,Camponotus hova hovahovoides casent0101335 profile 1.jpg,https://upload.wikimedia.org/wikipedia/commons/6/6f/Camponotus_hova_hovahovoides_casent0101335_profile_1.jpg?utm_source=commons.wikimedia.org&utm_campaign=imageinfo&utm_content=original,7dab605ec15ff2a1e708661f4cc5762eafac0204,1196.0,808.0,2009-10-21T08:05:04Z,exact,"harvester downscale, byte-identical",inf,0.0,inf,
casent0101336,Camponotus,p,data/images/Camponotus/casent0101336_p.jpg,1.0,1.0,Camponotus hova hovoides casent0101336 profile 1.jpg,https://upload.wikimedia.org/wikipedia/commons/9/9c/Camponotus_hova_hovoides_casent0101336_profile_1.jpg?utm_source=commons.wikimedia.org&utm_campaign=imageinfo&utm_content=original,3fbf1d9be183de4657c48f12a9ec90e68a857a8c,1302.0,808.0,2009-10-20T13:41:03Z,exact,"harvester downscale, byte-identical",inf,0.0,inf,
casent0101337,Camponotus,p,data/images/Camponotus/casent0101337_p.jpg,1.0,1.0,Camponotus hova hovoides casent0101337 profile 1.jpg,https://upload.wikimedia.org/wikipedia/commons/a/ab/Camponotus_hova_hovoides_casent0101337_profile_1.jpg?utm_source=commons.wikimedia.org&utm_campaign=imageinfo&utm_content=original,5ec9f63eefe4e2e701a25845715f578e9ee98275,1194.0,808.0,2009-10-22T18:32:38Z,exact,"harvester downscale, byte-identical",inf,0.0,inf,
casent0101338,Camponotus,p,data/images/Camponotus/casent0101338_p.jpg,1.0,1.0,Camponotus maculatus casent0101338 profile 1.jpg,https://upload.wikimedia.org/wikipedia/commons/3/36/Camponotus_maculatus_casent0101338_profile_1.jpg?utm_source=commons.wikimedia.org&utm_campaign=imageinfo&utm_content=original,81c36593c5e12ff1a0e5abff00944eb0b4d74546,1238.0,808.0,2009-10-22T22:45:42Z,exact,"harvester downscale, byte-identical",inf,0.0,inf,
casent0101339,Camponotus,p,data/images/Camponotus/casent0101339_p.jpg,1.0,1.0,Camponotus maculatus casent0101339 profile 1.jpg,https://upload.wikimedia.org/wikipedia/commons/0/0d/Camponotus_maculatus_casent0101339_profile_1.jpg?utm_source=commons.wikimedia.org&utm_campaign=imageinfo&utm_content=original,55d3b1a2e2ca8925e8c9f9877e44e52cf189e167,1073.0,808.0,2009-10-18T17:24:17Z,exact,"harvester downscale, byte-identical",inf,0.0,inf,
casent0101342,Camponotus,p,data/images/Camponotus/casent0101342_p.jpg,1.0,1.0,Camponotus hova boivini casent0101342 profile 1.jpg,https://upload.wikimedia.org/wikipedia/commons/a/a6/Camponotus_hova_boivini_casent0101342_profile_1.jpg?utm_source=commons.wikimedia.org&utm_campaign=imageinfo&utm_content=original,bdfcf09273259e1967175b5b76359f0fc940b813,1268.0,808.0,2009-10-20T12:41:03Z,exact,"harvester downscale, byte-identical",inf,0.0,inf,
casent0101343,Camponotus,p,data/images/Camponotus/casent0101343_p.jpg,1.0,1.0,Camponotus hova boivini casent0101343 profile 1.jpg,https://upload.wikimedia.org/wikipedia/commons/f/f0/Camponotus_hova_boivini_casent0101343_profile_1.jpg?utm_source=commons.wikimedia.org&utm_campaign=imageinfo&utm_content=original,71a3d2bda4c54da3b9b571e928ae23bf2bd5de2a,1096.0,808.0,2009-10-21T00:38:10Z,exact,"harvester downscale, byte-identical",inf,0.0,inf,
casent0101346,Camponotus,p,data/images/Camponotus/casent0101346_p.jpg,1.0,1.0,Camponotus hova radamae casent0101346 profile 1.jpg,https://upload.wikimedia.org/wikipedia/commons/2/2d/Camponotus_hova_radamae_casent0101346_profile_1.jpg?utm_source=commons.wikimedia.org&utm_campaign=imageinfo&utm_content=original,efa9df16284a94480328f550e8b16581df645b39,1073.0,808.0,2009-10-21T17:02:16Z,exact,"harvester downscale, byte-identical",inf,0.0,inf,
casent0101347,Camponotus,p,data/images/Camponotus/casent0101347_p.jpg,1.0,1.0,Camponotus hova radamae casent0101347 profile 1.jpg,https://upload.wikimedia.org/wikipedia/commons/0/05/Camponotus_hova_radamae_casent0101347_profile_1.jpg?utm_source=commons.wikimedia.org&utm_campaign=imageinfo&utm_content=original,263921aa009b7a974005ff30201a7f5c84485afd,1096.0,808.0,2009-10-20T14:10:37Z,exact,"harvester downscale, byte-identical",inf,0.0,inf,
casent0101348,Camponotus,p,data/images/Camponotus/casent0101348_p.jpg,1.0,1.0,Camponotus hova boivini casent0101348 profile 1.jpg,https://upload.wikimedia.org/wikipedia/commons/8/8e/Camponotus_hova_boivini_casent0101348_profile_1.jpg?utm_source=commons.wikimedia.org&utm_campaign=imageinfo&utm_content=original,3b4beaab354bc2bb83d04d4d54bf1d8eae4885b2,1321.0,808.0,2009-10-21T07:49:16Z,exact,"Commons server thumbnail, byte-identical",inf,0.0,inf,
casent0101349,Camponotus,p,data/images/Camponotus/casent0101349_p.jpg,1.0,1.0,Camponotus hova boivini casent0101349 profile 1.jpg,https://upload.wikimedia.org/wikipedia/commons/6/66/Camponotus_hova_boivini_casent0101349_profile_1.jpg?utm_source=commons.wikimedia.org&utm_campaign=imageinfo&utm_content=original,a99c9058a1beaf8af7892ba319a8632ee30d8a17,1235.0,808.0,2009-10-20T10:37:30Z,exact,"harvester downscale, byte-identical",inf,0.0,inf,
casent0101350,Camponotus,p,data/images/Camponotus/casent0101350_p.jpg,1.0,1.0,Camponotus perroti casent0101350 profile 1.jpg,https://upload.wikimedia.org/wikipedia/commons/7/74/Camponotus_perroti_casent0101350_profile_1.jpg?utm_source=commons.wikimedia.org&utm_campaign=imageinfo&utm_content=original,47b54ebd57dd9f7735de4ce82872d10caa7138f2,1073.0,808.0,2009-10-22T13:41:43Z,exact,"harvester downscale, byte-identical",inf,0.0,inf,
casent0101351,Camponotus,p,data/images/Camponotus/casent0101351_p.jpg,1.0,1.0,Camponotus perroti casent0101351 profile 1.jpg,https://upload.wikimedia.org/wikipedia/commons/9/97/Camponotus_perroti_casent0101351_profile_1.jpg?utm_source=commons.wikimedia.org&utm_campaign=imageinfo&utm_content=original,bfd33fe7b8b716fa268fe1f9fa38c1d74a9d01fd,1214.0,808.0,2009-10-20T17:24:16Z,exact,"harvester downscale, byte-identical",inf,0.0,inf,
casent0101352,Camponotus,p,data/images/Camponotus/casent0101352_p.jpg,1.0,1.0,Camponotus maculatus casent0101352 profile 1.jpg,https://upload.wikimedia.org/wikipedia/commons/f/f8/Camponotus_maculatus_casent0101352_profile_1.jpg?utm_source=commons.wikimedia.org&utm_campaign=imageinfo&utm_content=original,7b7809ba8dd246e4e1f58b2934fd31e3dbeb03c9,1174.0,808.0,2009-10-19T11:15:47Z,exact,"harvester downscale, byte-identical",inf,0.0,inf,
casent0101353,Camponotus,p,data/images/Camponotus/casent0101353_p.jpg,1.0,1.0,Camponotus maculatus casent0101353 profile 1.jpg,https://upload.wikimedia.org/wikipedia/commons/6/60/Camponotus_maculatus_casent0101353_profile_1.jpg?utm_source=commons.wikimedia.org&utm_campaign=imageinfo&utm_content=original,596a5001f32ff778936fb5a60d5254a4f550c733,1250.0,808.0,2009-10-21T11:32:01Z,exact,"harvester downscale, byte-identical",inf,0.0,inf,
casent0101354,Camponotus,p,data/images/Camponotus/casent0101354_p.jpg,1.0,1.0,Camponotus maculatus casent0101354 profile 1.jpg,https://upload.wikimedia.org/wikipedia/commons/d/da/Camponotus_maculatus_casent0101354_profile_1.jpg?utm_source=commons.wikimedia.org&utm_campaign=imageinfo&utm_content=original,998d9c16f7bee288c009c09802d5131571a195c7,1324.0,808.0,2009-10-21T05:19:01Z,exact,"harvester downscale, byte-identical",inf,0.0,inf,
casent0101356,Camponotus,p,data/images/Camponotus/casent0101356_p.jpg,1.0,1.0,Camponotus maculatus casent0101356 profile 1.jpg,https://upload.wikimedia.org/wikipedia/commons/0/02/Camponotus_maculatus_casent0101356_profile_1.jpg?utm_source=commons.wikimedia.org&utm_campaign=imageinfo&utm_content=original,87dfd81e3f8ef4c3f18ce0a13b5872131e2f15b0,1073.0,808.0,2009-10-19T00:06:35Z,exact,"harvester downscale, byte-identical",inf,0.0,inf,
casent0101357,Camponotus,p,data/images/Camponotus/casent0101357_p.jpg,1.0,1.0,Camponotus concolor casent0101357 profile 1.jpg,https://upload.wikimedia.org/wikipedia/commons/d/dd/Camponotus_concolor_casent0101357_profile_1.jpg?utm_source=commons.wikimedia.org&utm_campaign=imageinfo&utm_content=original,375c24949e250d3cf4b4ad33554518f800afb707,1245.0,808.0,2009-10-22T21:59:38Z,exact,"harvester downscale, byte-identical",inf,0.0,inf,
casent0101358,Camponotus,p,data/images/Camponotus/casent0101358_p.jpg,1.0,1.0,Camponotus concolor casent0101358 profile 1.jpg,https://upload.wikimedia.org/wikipedia/commons/2/24/Camponotus_concolor_casent0101358_profile_1.jpg?utm_source=commons.wikimedia.org&utm_campaign=imageinfo&utm_content=original,76bf4172dbe587dbfa1da52d38c9c8e00ff7bcda,1140.0,808.0,2009-10-21T17:22:46Z,exact,"harvester downscale, byte-identical",inf,0.0,inf,
casent0101359,Camponotus,p,data/images/Camponotus/casent0101359_p.jpg,1.0,1.0,Camponotus concolor casent0101359 profile 1.jpg,https://upload.wikimedia.org/wikipedia/commons/4/42/Camponotus_concolor_casent0101359_profile_1.jpg?utm_source=commons.wikimedia.org&utm_campaign=imageinfo&utm_content=original,a2da9df40c4f188e1409f8ee97c124b1ca585976,1246.0,808.0,2009-10-19T10:06:33Z,exact,"harvester downscale, byte-identical",inf,0.0,inf,
casent0101360,Camponotus,p,data/images/Camponotus/casent0101360_p.jpg,1.0,1.0,Camponotus nasicus casent0101360 profile 1.jpg,https://upload.wikimedia.org/wikipedia/commons/b/b9/Camponotus_nasicus_casent0101360_profile_1.jpg?utm_source=commons.wikimedia.org&utm_campaign=imageinfo&utm_content=original,da32e1d7481ba68b9d88b5cbde9a4cd4493f5302,1006.0,808.0,2009-10-22T08:01:15Z,exact,"harvester downscale, byte-identical",inf,0.0,inf,
casent0101362,Camponotus,p,data/images/Camponotus/casent0101362_p.jpg,1.0,1.0,Camponotus radovae casent0101362 profile 1.jpg,https://upload.wikimedia.org/wikipedia/commons/1/1b/Camponotus_radovae_casent0101362_profile_1.jpg?utm_source=commons.wikimedia.org&utm_campaign=imageinfo&utm_content=original,a19a4f26cf8220009a2548efa3f1c85e926e8e94,1129.0,808.0,2009-10-19T00:23:35Z,exact,"harvester downscale, byte-identical",inf,0.0,inf,
casent0101363,Camponotus,p,data/images/Camponotus/casent0101363_p.jpg,1.0,1.0,Camponotus radovae casent0101363 profile 1.jpg,https://upload.wikimedia.org/wikipedia/commons/4/44/Camponotus_radovae_casent0101363_profile_1.jpg?utm_source=commons.wikimedia.org&utm_campaign=imageinfo&utm_content=original,d01eac76735a36e0d2d49b47ff7c6823c2427e35,1345.0,808.0,2009-10-19T09:40:49Z,exact,"Commons server thumbnail, byte-identical",inf,0.0,inf,
casent0101364,Camponotus,p,data/images/Camponotus/casent0101364_p.jpg,1.0,1.0,Camponotus radovae casent0101364 profile 1.jpg,https://upload.wikimedia.org/wikipedia/commons/f/fa/Camponotus_radovae_casent0101364_profile_1.jpg?utm_source=commons.wikimedia.org&utm_campaign=imageinfo&utm_content=original,3b12a913ce1669797e7d9c31f00e87419bc13a2b,1073.0,808.0,2009-10-19T22:12:50Z,exact,"harvester downscale, byte-identical",inf,0.0,inf,
casent0101365,Camponotus,p,data/images/Camponotus/casent0101365_p.jpg,1.0,1.0,Camponotus imitator casent0101365 profile 1.jpg,https://upload.wikimedia.org/wikipedia/commons/7/7e/Camponotus_imitator_casent0101365_profile_1.jpg?utm_source=commons.wikimedia.org&utm_campaign=imageinfo&utm_content=original,94ea497c40f6fef516aeaf5baca152186af8b788,1073.0,808.0,2009-10-18T23:05:25Z,exact,"harvester downscale, byte-identical",inf,0.0,inf,
casent0101366,Camponotus,p,data/images/Camponotus/casent0101366_p.jpg,1.0,1.0,Camponotus batesii casent0101366 profile 1.jpg,https://upload.wikimedia.org/wikipedia/commons/5/55/Camponotus_batesii_casent0101366_profile_1.jpg?utm_source=commons.wikimedia.org&utm_campaign=imageinfo&utm_content=original,b7122176a6f8c2989a6b2ba675b18603e4a827be,1073.0,808.0,2009-10-19T05:52:47Z,exact,"harvester downscale, byte-identical",inf,0.0,inf,
casent0101367,Camponotus,p,data/images/Camponotus/casent0101367_p.jpg,1.0,1.0,Camponotus radovae radovaedarwinii casent0101367 profile 1.jpg,https://upload.wikimedia.org/wikipedia/commons/0/0d/Camponotus_radovae_radovaedarwinii_casent0101367_profile_1.jpg?utm_source=commons.wikimedia.org&utm_campaign=imageinfo&utm_content=original,a2dea442c4aeb1a6b4d5fedae613d6441398de30,1014.0,808.0,2009-10-19T08:12:15Z,exact,"harvester downscale, byte-identical",inf,0.0,inf,
casent0101368,Camponotus,p,data/images/Camponotus/casent0101368_p.jpg,1.0,1.0,Camponotus grandidieri casent0101368 profile 1.jpg,https://upload.wikimedia.org/wikipedia/commons/4/4f/Camponotus_grandidieri_casent0101368_profile_1.jpg?utm_source=commons.wikimedia.org&utm_campaign=imageinfo&utm_content=original,4fc9e001ef447c9a3e996f72b19807e73b08e6aa,1225.0,808.0,2009-10-21T15:33:35Z,exact,"harvester downscale, byte-identical",inf,0.0,inf,
casent0101369,Camponotus,p,data/images/Camponotus/casent0101369_p.jpg,1.0,1.0,Camponotus grandidieri casent0101369 profile 1.jpg,https://upload.wikimedia.org/wikipedia/commons/3/30/Camponotus_grandidieri_casent0101369_profile_1.jpg?utm_source=commons.wikimedia.org&utm_campaign=imageinfo&utm_content=original,5670506d17e213c6951365ef431ad7d19dfa3d17,1226.0,808.0,2009-10-22T02:01:02Z,exact,"harvester downscale, byte-identical",inf,0.0,inf,
casent0101370,Camponotus,p,data/images/Camponotus/casent0101370_p.jpg,1.0,1.0,Camponotus grandidieri casent0101370 profile 1.jpg,https://upload.wikimedia.org/wikipedia/commons/2/21/Camponotus_grandidieri_casent0101370_profile_1.jpg?utm_source=commons.wikimedia.org&utm_campaign=imageinfo&utm_content=original,7a51b129301173b7acea3ee120af782430ba2062,1073.0,808.0,2009-10-19T05:02:05Z,exact,"harvester downscale, byte-identical",inf,0.0,inf,
casent0101373,Camponotus,p,data/images/Camponotus/casent0101373_p.jpg,2.0,1.0,Camponotus nossibeensis casent0101373 profile 1.jpg,https://upload.wikimedia.org/wikipedia/commons/6/65/Camponotus_nossibeensis_casent0101373_profile_1.jpg?utm_source=commons.wikimedia.org&utm_campaign=imageinfo&utm_content=original,527a73dfd2a849aecfb17bb2f0aca994f8cc96ec,1155.0,808.0,2009-10-21T15:45:57Z,exact,"harvester downscale, byte-identical",inf,0.0,inf,
casent0101374,Camponotus,p,data/images/Camponotus/casent0101374_p.jpg,1.0,1.0,Camponotus ursus casent0101374 profile 1.jpg,https://upload.wikimedia.org/wikipedia/commons/e/e6/Camponotus_ursus_casent0101374_profile_1.jpg?utm_source=commons.wikimedia.org&utm_campaign=imageinfo&utm_content=original,e0a18fa4b52246f447b5b2a97a0d6a0eb8e89f82,1035.0,808.0,2009-10-19T03:27:58Z,exact,"harvester downscale, byte-identical",inf,0.0,inf,
casent0101375,Camponotus,p,data/images/Camponotus/casent0101375_p.jpg,1.0,1.0,Camponotus ursus casent0101375 profile 1.jpg,https://upload.wikimedia.org/wikipedia/commons/0/0d/Camponotus_ursus_casent0101375_profile_1.jpg?utm_source=commons.wikimedia.org&utm_campaign=imageinfo&utm_content=original,3d8357a73102f557b77e557ff4504bad81d69901,1073.0,808.0,2009-10-18T23:35:33Z,exact,"harvester downscale, byte-identical",inf,0.0,inf,
casent0101376,Camponotus,p,data/images/Camponotus/casent0101376_p.jpg,1.0,1.0,Camponotus voeltzkowii casent0101376 profile 1.jpg,https://upload.wikimedia.org/wikipedia/commons/3/3b/Camponotus_voeltzkowii_casent0101376_profile_1.jpg?utm_source=commons.wikimedia.org&utm_campaign=imageinfo&utm_content=original,0f53cc28e974788c095236b309d3487ada4fadef,1175.0,808.0,2009-10-22T22:53:16Z,exact,"harvester downscale, byte-identical",inf,0.0,inf,
casent0101377,Camponotus,p,data/images/Camponotus/casent0101377_p.jpg,1.0,1.0,Camponotus voeltzkowii casent0101377 profile 1.jpg,https://upload.wikimedia.org/wikipedia/commons/2/22/Camponotus_voeltzkowii_casent0101377_profile_1.jpg?utm_source=commons.wikimedia.org&utm_campaign=imageinfo&utm_content=original,f59dfcd2e9cd7e0cd714207107e7d6459a2c21f3,1271.0,808.0,2009-10-20T13:27:05Z,exact,"harvester downscale, byte-identical",inf,0.0,inf,
casent0101378,Camponotus,p,data/images/Camponotus/casent0101378_p.jpg,1.0,1.0,Camponotus darwinii rubropilosus casent0101378 profile 1.jpg,https://upload.wikimedia.org/wikipedia/commons/d/da/Camponotus_darwinii_rubropilosus_casent0101378_profile_1.jpg?utm_source=commons.wikimedia.org&utm_campaign=imageinfo&utm_content=original,1d737206eb8d08463f3697d698c8bec419af6184,1224.0,808.0,2009-10-20T19:33:20Z,exact,"harvester downscale, byte-identical",inf,0.0,inf,
casent0101379,Camponotus,p,data/images/Camponotus/casent0101379_p.jpg,1.0,1.0,Camponotus echinoploides casent0101379 profile 1.jpg,https://upload.wikimedia.org/wikipedia/commons/4/4e/Camponotus_echinoploides_casent0101379_profile_1.jpg?utm_source=commons.wikimedia.org&utm_campaign=imageinfo&utm_content=original,0392175841f64ce45026eb487e2b9e8b15fc3579,1207.0,808.0,2009-10-21T01:03:00Z,exact,"harvester downscale, byte-identical",inf,0.0,inf,
casent0101380,Camponotus,p,data/images/Camponotus/casent0101380_p.jpg,1.0,1.0,Camponotus darwinii rubropilosus casent0101380 profile 1.jpg,https://upload.wikimedia.org/wikipedia/commons/a/a7/Camponotus_darwinii_rubropilosus_casent0101380_profile_1.jpg?utm_source=commons.wikimedia.org&utm_campaign=imageinfo&utm_content=original,aa4996ff9fddd3037a74ee8a8a3691d7e968b014,1102.0,808.0,2009-10-21T19:20:02Z,exact,"harvester downscale, byte-identical",inf,0.0,inf,
casent0101381,Camponotus,p,data/images/Camponotus/casent0101381_p.jpg,1.0,1.0,Camponotus darwinii themistocles casent0101381 profile 1.jpg,https://upload.wikimedia.org/wikipedia/commons/0/0c/Camponotus_darwinii_themistocles_casent0101381_profile_1.jpg?utm_source=commons.wikimedia.org&utm_campaign=imageinfo&utm_content=original,0a87ab7769f3cec54d301839cee7681a61c070fd,1264.0,808.0,2009-10-20T01:23:20Z,exact,"harvester downscale, byte-identical",inf,0.0,inf,
casent0101382,Camponotus,p,data/images/Camponotus/casent0101382_p.jpg,2.0,1.0,Camponotus ellioti casent0101382 profile 1.jpg,https://upload.wikimedia.org/wikipedia/commons/a/a6/Camponotus_ellioti_casent0101382_profile_1.jpg?utm_source=commons.wikimedia.org&utm_campaign=imageinfo&utm_content=original,7915799fb2a2f4068746e860e278abbea52e99b8,1440.0,808.0,2009-10-22T17:48:33Z,exact,"Commons server thumbnail, byte-identical",inf,0.0,inf,
casent0101383,Camponotus,p,data/images/Camponotus/casent0101383_p.jpg,1.0,1.0,Camponotus niveosetosus madagascarensis casent0101383 profile 1.jpg,https://upload.wikimedia.org/wikipedia/commons/7/70/Camponotus_niveosetosus_madagascarensis_casent0101383_profile_1.jpg?utm_source=commons.wikimedia.org&utm_campaign=imageinfo&utm_content=original,96b3b7c165f3e14083513bcee55165df49069190,1106.0,808.0,2009-10-22T15:06:03Z,exact,"harvester downscale, byte-identical",inf,0.0,inf,
casent0101384,Camponotus,p,data/images/Camponotus/casent0101384_p.jpg,1.0,1.0,Camponotus edmondi casent0101384 profile 1.jpg,https://upload.wikimedia.org/wikipedia/commons/7/70/Camponotus_edmondi_casent0101384_profile_1.jpg?utm_source=commons.wikimedia.org&utm_campaign=imageinfo&utm_content=original,c4f1c1d29abc0909cd7090c138d3f6c70be8289f,1477.0,808.0,2009-10-19T20:31:16Z,exact,"harvester downscale, byte-identical",inf,0.0,inf,
casent0101386,Camponotus,p,data/images/Camponotus/casent0101386_p.jpg,1.0,1.0,Camponotus darwinii casent0101386 profile 1.jpg,https://upload.wikimedia.org/wikipedia/commons/5/54/Camponotus_darwinii_casent0101386_profile_1.jpg?utm_source=commons.wikimedia.org&utm_campaign=imageinfo&utm_content=original,9e80b06a62c0b8880c0d75b7fcc49ceaf38a946f,1151.0,808.0,2009-10-22T06:09:02Z,exact,"harvester downscale, byte-identical",inf,0.0,inf,
casent0101388,Camponotus,p,data/images/Camponotus/casent0101388_p.jpg,1.0,1.0,Camponotus ethicus casent0101388 profile 1.jpg,https://upload.wikimedia.org/wikipedia/commons/c/c3/Camponotus_ethicus_casent0101388_profile_1.jpg?utm_source=commons.wikimedia.org&utm_campaign=imageinfo&utm_content=original,241e3aa30e04ec46d4b8a7863296be057eeab338,1073.0,808.0,2009-10-19T03:11:33Z,exact,"harvester downscale, byte-identical",inf,0.0,inf,
casent0101389,Camponotus,p,data/images/Camponotus/casent0101389_p.jpg,1.0,1.0,Camponotus ethicus casent0101389 profile 1.jpg,https://upload.wikimedia.org/wikipedia/commons/e/ea/Camponotus_ethicus_casent0101389_profile_1.jpg?utm_source=commons.wikimedia.org&utm_campaign=imageinfo&utm_content=original,cdf512eaf7087fdd9d2a69e1b602246e21757c03,1073.0,808.0,2009-10-19T21:21:55Z,exact,"harvester downscale, byte-identical",inf,0.0,inf,
casent0101390,Camponotus,p,data/images/Camponotus/casent0101390_p.jpg,1.0,1.0,Camponotus robustus casent0101390 profile 1.jpg,https://upload.wikimedia.org/wikipedia/commons/5/5f/Camponotus_robustus_casent0101390_profile_1.jpg?utm_source=commons.wikimedia.org&utm_campaign=imageinfo&utm_content=original,69a879200d754dbca330fa7a8c419a699caeef54,1117.0,808.0,2009-10-20T19:06:34Z,exact,"harvester downscale, byte-identical",inf,0.0,inf,
casent0101391,Camponotus,p,data/images/Camponotus/casent0101391_p.jpg,1.0,1.0,Camponotus darwinii casent0101391 profile 1.jpg,https://upload.wikimedia.org/wikipedia/commons/b/bc/Camponotus_darwinii_casent0101391_profile_1.jpg?utm_source=commons.wikimedia.org&utm_campaign=imageinfo&utm_content=original,d7aa520e81aba201f2878b6110bb1c59aa6baacf,1304.0,808.0,2009-10-20T06:57:39Z,exact,"harvester downscale, byte-identical",inf,0.0,inf,
casent0101392,Camponotus,p,data/images/Camponotus/casent0101392_p.jpg,1.0,1.0,Camponotus darwinii rubropilosus casent0101392 profile 1.jpg,https://upload.wikimedia.org/wikipedia/commons/e/ea/Camponotus_darwinii_rubropilosus_casent0101392_profile_1.jpg?utm_source=commons.wikimedia.org&utm_campaign=imageinfo&utm_content=original,5995bc35c5e390e3cae0ab5e6489aa1351683f88,1253.0,808.0,2009-10-18T09:30:10Z,exact,"harvester downscale, byte-identical",inf,0.0,inf,
casent0101393,Camponotus,p,data/images/Camponotus/casent0101393_p.jpg,1.0,1.0,Camponotus darwinii rubropilosus casent0101393 profile 1.jpg,https://upload.wikimedia.org/wikipedia/commons/8/8d/Camponotus_darwinii_rubropilosus_casent0101393_profile_1.jpg?utm_source=commons.wikimedia.org&utm_campaign=imageinfo&utm_content=original,665c6b841810fefe58bb8ab71f0a2043713ad40c,998.0,808.0,2009-10-21T03:01:43Z,exact,"harvester downscale, byte-identical",inf,0.0,inf,
casent0101395,Tetraponera,p,data/images/Tetraponera/casent0101395_p.jpg,2.0,1.0,Tetraponera sahlbergi longula casent0101395 profile 1.jpg,https://upload.wikimedia.org/wikipedia/commons/c/cc/Tetraponera_sahlbergi_longula_casent0101395_profile_1.jpg?utm_source=commons.wikimedia.org&utm_campaign=imageinfo&utm_content=original,643fcf6761bbec0527c0117cba6fdf25e920dbff,1133.0,808.0,2009-10-19T21:28:06Z,exact,"harvester downscale, byte-identical",inf,0.0,inf,
casent0101396,Tetraponera,p,data/images/Tetraponera/casent0101396_p.jpg,1.0,1.0,Tetraponera demens casent0101396 profile 1.jpg,https://upload.wikimedia.org/wikipedia/commons/8/80/Tetraponera_demens_casent0101396_profile_1.jpg?utm_source=commons.wikimedia.org&utm_campaign=imageinfo&utm_content=original,fca1c8dfa4161b9294acedb2df6071b9bf642d4d,1651.0,808.0,2009-10-20T22:58:17Z,exact,"Commons server thumbnail, byte-identical",inf,0.0,inf,
casent0101398,Leptogenys,p,data/images/Leptogenys/casent0101398_p.jpg,1.0,1.0,Leptogenys voeltzkowi casent0101398 profile 1.jpg,https://upload.wikimedia.org/wikipedia/commons/9/90/Leptogenys_voeltzkowi_casent0101398_profile_1.jpg?utm_source=commons.wikimedia.org&utm_campaign=imageinfo&utm_content=original,9d65341d755126015a6ed4c6188f6d93be9a84ab,1324.0,808.0,2009-10-20T17:50:51Z,exact,"harvester downscale, byte-identical",inf,0.0,inf,
casent0101401,Pachycondyla,p,data/images/Pachycondyla/casent0101401_p.jpg,1.0,1.0,Bothroponera perroti casent0101401 profile 1.jpg,https://upload.wikimedia.org/wikipedia/commons/2/29/Bothroponera_perroti_casent0101401_profile_1.jpg?utm_source=commons.wikimedia.org&utm_campaign=imageinfo&utm_content=original,43b3266bdadf1c7ca0710c1e844f47c1f79dcf22,1525.0,808.0,2009-10-21T02:31:22Z,exact,"harvester downscale, byte-identical",inf,0.0,inf,
casent0101403,Pachycondyla,p,data/images/Pachycondyla/casent0101403_p.jpg,1.0,1.0,Pachycondyla sikorae casent0101403 profile 1.jpg,https://upload.wikimedia.org/wikipedia/commons/8/8c/Pachycondyla_sikorae_casent0101403_profile_1.jpg?utm_source=commons.wikimedia.org&utm_campaign=imageinfo&utm_content=original,7deac2109677bad28e2afc119f5bbb3c2576d51e,1370.0,808.0,2009-10-22T14:47:24Z,exact,"harvester downscale, byte-identical",inf,0.0,inf,
casent0101404,Bothroponera,p,data/images/Bothroponera/casent0101404_p.jpg,1.0,1.0,Pachycondyla cambouei casent0101404 profile 1.jpg,https://upload.wikimedia.org/wikipedia/commons/5/56/Pachycondyla_cambouei_casent0101404_profile_1.jpg?utm_source=commons.wikimedia.org&utm_campaign=imageinfo&utm_content=original,343d8ad03154b045cc80a1d62b0138733661900a,1201.0,808.0,2009-10-19T22:39:40Z,exact,"harvester downscale, byte-identical",inf,0.0,inf,
casent0101405,Hypoponera,p,data/images/Hypoponera/casent0101405_p.jpg,1.0,1.0,Hypoponera sakalava casent0101405 profile 1.jpg,https://upload.wikimedia.org/wikipedia/commons/6/61/Hypoponera_sakalava_casent0101405_profile_1.jpg?utm_source=commons.wikimedia.org&utm_campaign=imageinfo&utm_content=original,b91080da17a645a7af9a881de969644be6bc58ce,1446.0,808.0,2009-10-19T22:38:38Z,exact,"harvester downscale, byte-identical",inf,0.0,inf,
casent0101406,Bothroponera,p,data/images/Bothroponera/casent0101406_p.jpg,1.0,1.0,Pachycondyla comorensis casent0101406 profile 1.jpg,https://upload.wikimedia.org/wikipedia/commons/1/15/Pachycondyla_comorensis_casent0101406_profile_1.jpg?utm_source=commons.wikimedia.org&utm_campaign=imageinfo&utm_content=original,14f795ca9e96c814578959fe93efb01c98636099,1631.0,808.0,2009-10-22T11:36:26Z,exact,"harvester downscale, byte-identical",inf,0.0,inf,
casent0101407,Bothroponera,p,data/images/Bothroponera/casent0101407_p.jpg,1.0,1.0,Pachycondyla comorensis casent0101407 profile 1.jpg,https://upload.wikimedia.org/wikipedia/commons/c/c8/Pachycondyla_comorensis_casent0101407_profile_1.jpg?utm_source=commons.wikimedia.org&utm_campaign=imageinfo&utm_content=original,8a41ea766c37dc08b15f6f3775dd2cd090fdbe21,1441.0,808.0,2009-10-21T18:58:02Z,exact,"harvester downscale, byte-identical",inf,0.0,inf,
casent0101409,Crematogaster,p,data/images/Crematogaster/casent0101409_p.jpg,1.0,1.0,Crematogaster madagascariensis casent0101409 profile 1.jpg,https://upload.wikimedia.org/wikipedia/commons/7/75/Crematogaster_madagascariensis_casent0101409_profile_1.jpg?utm_source=commons.wikimedia.org&utm_campaign=imageinfo&utm_content=original,fb32d97f6e4224ee90a564e0435aec9f0f60dfd1,1514.0,808.0,2009-10-21T01:41:32Z,exact,"Commons server thumbnail, byte-identical",inf,0.0,inf,
casent0101410,Crematogaster,p,data/images/Crematogaster/casent0101410_p.jpg,2.0,1.0,Crematogaster madagascariensis casent0101410 profile 1.jpg,https://upload.wikimedia.org/wikipedia/commons/f/fd/Crematogaster_madagascariensis_casent0101410_profile_1.jpg?utm_source=commons.wikimedia.org&utm_campaign=imageinfo&utm_content=original,35f74f5c7095db321347b5eab4999c2699ec2945,1870.0,808.0,2009-10-18T17:28:44Z,exact,"harvester downscale, byte-identical",inf,0.0,inf,
casent0101413,Camponotus,p,data/images/Camponotus/casent0101413_p.jpg,1.0,1.0,Camponotus legionarium casent0101413 profile 1.jpg,https://upload.wikimedia.org/wikipedia/commons/a/a2/Camponotus_legionarium_casent0101413_profile_1.jpg?utm_source=commons.wikimedia.org&utm_campaign=imageinfo&utm_content=original,8bdc6bde9ec702ff6d3cc4dc5a2de14ef1e10d68,1154.0,808.0,2009-10-18T13:41:20Z,exact,"harvester downscale, byte-identical",inf,0.0,inf,
casent0101416,Nylanderia,p,data/images/Nylanderia/casent0101416_p.jpg,1.0,1.0,Paratrechina madagascarensis ellisii casent0101416 profile 1.jpg,https://upload.wikimedia.org/wikipedia/commons/9/99/Paratrechina_madagascarensis_ellisii_casent0101416_profile_1.jpg?utm_source=commons.wikimedia.org&utm_campaign=imageinfo&utm_content=original,284fb39d29308d10faaff5014e0b2fdfb2f9881e,1136.0,808.0,2009-10-19T16:05:20Z,exact,"harvester downscale, byte-identical",inf,0.0,inf,
casent0101419,Pheidole,p,data/images/Pheidole/casent0101419_p.jpg,1.0,1.0,Pheidole longispinosa casent0101419 profile 1.jpg,https://upload.wikimedia.org/wikipedia/commons/9/93/Pheidole_longispinosa_casent0101419_profile_1.jpg?utm_source=commons.wikimedia.org&utm_campaign=imageinfo&utm_content=original,6d60954bba21e84a8368b1f801eafe3c6a32ff23,1210.0,808.0,2009-10-18T18:10:18Z,exact,"harvester downscale, byte-identical",inf,0.0,inf,
casent0101423,Camponotus,p,data/images/Camponotus/casent0101423_p.jpg,1.0,1.0,Camponotus dromedarius casent0101423 profile 1.jpg,https://upload.wikimedia.org/wikipedia/commons/a/af/Camponotus_dromedarius_casent0101423_profile_1.jpg?utm_source=commons.wikimedia.org&utm_campaign=imageinfo&utm_content=original,80adc1222f6415ed41fec904110b2db7a6c1cf9b,1073.0,808.0,2009-10-21T12:38:04Z,exact,"harvester downscale, byte-identical",inf,0.0,inf,
casent0101424,Camponotus,p,data/images/Camponotus/casent0101424_p.jpg,1.0,1.0,Camponotus voeltzkowii casent0101424 profile 1.jpg,https://upload.wikimedia.org/wikipedia/commons/7/72/Camponotus_voeltzkowii_casent0101424_profile_1.jpg?utm_source=commons.wikimedia.org&utm_campaign=imageinfo&utm_content=original,f03965c75a9e1e39e03e1aaf322074049a187092,1073.0,808.0,2009-10-21T14:23:16Z,exact,"harvester downscale, byte-identical",inf,0.0,inf,
casent0101425,Camponotus,p,data/images/Camponotus/casent0101425_p.jpg,2.0,1.0,Camponotus nossibeensis casent0101425 profile 1.jpg,https://upload.wikimedia.org/wikipedia/commons/7/7c/Camponotus_nossibeensis_casent0101425_profile_1.jpg?utm_source=commons.wikimedia.org&utm_campaign=imageinfo&utm_content=original,dbe376bfcba3bb8da72e233f110077ab44d85a8c,1073.0,808.0,2009-10-18T10:29:29Z,exact,"harvester downscale, byte-identical",inf,0.0,inf,
casent0101430,Camponotus,p,data/images/Camponotus/casent0101430_p.jpg,1.0,1.0,Camponotus nasicus casent0101430 profile 1.jpg,https://upload.wikimedia.org/wikipedia/commons/6/64/Camponotus_nasicus_casent0101430_profile_1.jpg?utm_source=commons.wikimedia.org&utm_campaign=imageinfo&utm_content=original,450cf5a0e17922a9be81fcecaa1c5b2936339280,1116.0,808.0,2009-10-22T07:25:47Z,exact,"harvester downscale, byte-identical",inf,0.0,inf,
casent0101431,Camponotus,p,data/images/Camponotus/casent0101431_p.jpg,1.0,1.0,Camponotus nasicus casent0101431 profile 1.jpg,https://upload.wikimedia.org/wikipedia/commons/6/6d/Camponotus_nasicus_casent0101431_profile_1.jpg?utm_source=commons.wikimedia.org&utm_campaign=imageinfo&utm_content=original,deb2cf4ee33d48c6ab59ac502793327152e4ef01,1099.0,808.0,2009-10-20T18:14:42Z,exact,"harvester downscale, byte-identical",inf,0.0,inf,
casent0101432,Camponotus,p,data/images/Camponotus/casent0101432_p.jpg,1.0,1.0,Camponotus hova hovoides casent0101432 profile 1.jpg,https://upload.wikimedia.org/wikipedia/commons/a/a6/Camponotus_hova_hovoides_casent0101432_profile_1.jpg?utm_source=commons.wikimedia.org&utm_campaign=imageinfo&utm_content=original,d00cccd061dc774e01d3833b5a2cc20cf2626dea,1284.0,808.0,2009-10-20T18:06:35Z,exact,"harvester downscale, byte-identical",inf,0.0,inf,
casent0101435,Camponotus,p,data/images/Camponotus/casent0101435_p.jpg,1.0,1.0,Camponotus christi casent0101435 profile 1.jpg,https://upload.wikimedia.org/wikipedia/commons/f/f2/Camponotus_christi_casent0101435_profile_1.jpg?utm_source=commons.wikimedia.org&utm_campaign=imageinfo&utm_content=original,7f283c06834aaa7061af825f3d5f00854d8a2efa,1208.0,808.0,2009-10-22T20:13:53Z,exact,"harvester downscale, byte-identical",inf,0.0,inf,
casent0101436,Camponotus,p,data/images/Camponotus/casent0101436_p.jpg,2.0,1.0,Camponotus christi casent0101436 profile 1.jpg,https://upload.wikimedia.org/wikipedia/commons/f/f8/Camponotus_christi_casent0101436_profile_1.jpg?utm_source=commons.wikimedia.org&utm_campaign=imageinfo&utm_content=original,9b09473b656dbb1f90cbb4d02337104ac08ff1f2,1207.0,808.0,2009-10-20T20:36:08Z,exact,"harvester downscale, byte-identical",inf,0.0,inf,
casent0101437,Camponotus,p,data/images/Camponotus/casent0101437_p.jpg,1.0,1.0,Camponotus lubbocki casent0101437 profile 1.jpg,https://upload.wikimedia.org/wikipedia/commons/c/ce/Camponotus_lubbocki_casent0101437_profile_1.jpg?utm_source=commons.wikimedia.org&utm_campaign=imageinfo&utm_content=original,60d36a839ba845bf9b9ad6bbae6e33a89101b691,1073.0,808.0,2009-10-19T16:58:21Z,exact,"harvester downscale, byte-identical",inf,0.0,inf,
casent0101438,Camponotus,p,data/images/Camponotus/casent0101438_p.jpg,1.0,1.0,Camponotus lubbocki casent0101438 profile 1.jpg,https://upload.wikimedia.org/wikipedia/commons/7/78/Camponotus_lubbocki_casent0101438_profile_1.jpg?utm_source=commons.wikimedia.org&utm_campaign=imageinfo&utm_content=original,643c5a1ee5cf594332a3709107b167e5c4a390ee,1206.0,808.0,2009-10-20T09:36:46Z,exact,"harvester downscale, byte-identical",inf,0.0,inf,
casent0101439,Camponotus,p,data/images/Camponotus/casent0101439_p.jpg,1.0,1.0,Camponotus gibber casent0101439 profile 1.jpg,https://upload.wikimedia.org/wikipedia/commons/f/f5/Camponotus_gibber_casent0101439_profile_1.jpg?utm_source=commons.wikimedia.org&utm_campaign=imageinfo&utm_content=original,edbc5ba5b6f39549d4a74121dc6126e82cf95164,1073.0,808.0,2009-10-18T22:03:36Z,exact,"harvester downscale, byte-identical",inf,0.0,inf,
casent0101440,Camponotus,p,data/images/Camponotus/casent0101440_p.jpg,1.0,1.0,Camponotus gibber casent0101440 profile 1.jpg,https://upload.wikimedia.org/wikipedia/commons/b/bc/Camponotus_gibber_casent0101440_profile_1.jpg?utm_source=commons.wikimedia.org&utm_campaign=imageinfo&utm_content=original,75476ffe34b305cd89d681e835492d7294e0260c,1254.0,808.0,2009-10-22T02:57:01Z,exact,"harvester downscale, byte-identical",inf,0.0,inf,
casent0101441,Camponotus,p,data/images/Camponotus/casent0101441_p.jpg,1.0,1.0,Camponotus christi foersteri casent0101441 profile 1.jpg,https://upload.wikimedia.org/wikipedia/commons/b/b9/Camponotus_christi_foersteri_casent0101441_profile_1.jpg?utm_source=commons.wikimedia.org&utm_campaign=imageinfo&utm_content=original,44dbee30b321d7f0db59a2248c59e482e29b8d78,1264.0,808.0,2009-10-21T20:56:18Z,exact,"harvester downscale, byte-identical",inf,0.0,inf,
casent0101448,Mystrium,p,data/images/Mystrium/casent0101448_p.jpg,1.0,1.0,Mystrium voeltzkowi casent0101448 profile 1.jpg,https://upload.wikimedia.org/wikipedia/commons/8/86/Mystrium_voeltzkowi_casent0101448_profile_1.jpg?utm_source=commons.wikimedia.org&utm_campaign=imageinfo&utm_content=original,2dca9b38b2945b6a1e963d392b5b827dd5251470,1073.0,808.0,2009-10-19T10:43:29Z,exact,"harvester downscale, byte-identical",inf,0.0,inf,
casent0101461,Cardiocondyla,p,data/images/Cardiocondyla/casent0101461_p.jpg,1.0,1.0,Cardiocondyla shuckardi casent0101461 profile 1.jpg,https://upload.wikimedia.org/wikipedia/commons/8/88/Cardiocondyla_shuckardi_casent0101461_profile_1.jpg?utm_source=commons.wikimedia.org&utm_campaign=imageinfo&utm_content=original,a276aa63b03dad9d578510c9896a2e3646e69564,1256.0,808.0,2009-10-20T10:25:25Z,exact,"harvester downscale, byte-identical",inf,0.0,inf,
casent0101467,Technomyrmex,p,data/images/Technomyrmex/casent0101467_p.jpg,1.0,1.0,Technomyrmex albipes casent0101467 profile 1.jpg,https://upload.wikimedia.org/wikipedia/commons/e/ec/Technomyrmex_albipes_casent0101467_profile_1.jpg?utm_source=commons.wikimedia.org&utm_campaign=imageinfo&utm_content=original,bb1a3f55a2f675daebade3f3aa4acb875acbda96,1469.0,808.0,2009-10-21T21:39:25Z,exact,"Commons server thumbnail, byte-identical",inf,0.0,inf,
casent0101468,Tapinoma,p,data/images/Tapinoma/casent0101468_p.jpg,1.0,1.0,Tapinoma melanocephalum casent0101468 profile 1.jpg,https://upload.wikimedia.org/wikipedia/commons/2/23/Tapinoma_melanocephalum_casent0101468_profile_1.jpg?utm_source=commons.wikimedia.org&utm_campaign=imageinfo&utm_content=original,14b3cb6345ec327a7d0cbe34a76f829998f6d2ea,1073.0,808.0,2009-10-20T09:14:19Z,exact,"harvester downscale, byte-identical",inf,0.0,inf,
casent0101472,Monomorium,p,data/images/Monomorium/casent0101472_p.jpg,1.0,1.0,Monomorium pharaonis casent0101472 profile 1.jpg,https://upload.wikimedia.org/wikipedia/commons/a/a8/Monomorium_pharaonis_casent0101472_profile_1.jpg?utm_source=commons.wikimedia.org&utm_campaign=imageinfo&utm_content=original,519a1dcf4b2b27c7fb7355730695fced251b9233,1263.0,808.0,2009-10-19T10:18:22Z,exact,"harvester downscale, byte-identical",inf,0.0,inf,
casent0101473,Monomorium,p,data/images/Monomorium/casent0101473_p.jpg,1.0,1.0,Trichomyrmex destructor casent0101473 profile 1.jpg,https://upload.wikimedia.org/wikipedia/commons/8/8e/Trichomyrmex_destructor_casent0101473_profile_1.jpg?utm_source=commons.wikimedia.org&utm_campaign=imageinfo&utm_content=original,d9c1128d5bd96c8d4a86203a2096e9d3b2576561,1691.0,808.0,2009-10-19T06:35:04Z,exact,"harvester downscale, byte-identical",inf,0.0,inf,
casent0101474,Monomorium,p,data/images/Monomorium/casent0101474_p.jpg,1.0,1.0,Trichomyrmex destructor casent0101474 profile 1.jpg,https://upload.wikimedia.org/wikipedia/commons/3/36/Trichomyrmex_destructor_casent0101474_profile_1.jpg?utm_source=commons.wikimedia.org&utm_campaign=imageinfo&utm_content=original,54575aec59df8c6242060156fc8b848665b51515,1073.0,808.0,2009-10-19T23:57:54Z,exact,"harvester downscale, byte-identical",inf,0.0,inf,
casent0101475,Crematogaster,p,data/images/Crematogaster/casent0101475_p.jpg,1.0,1.0,Crematogaster schencki casent0101475 profile 1.jpg,https://upload.wikimedia.org/wikipedia/commons/f/f0/Crematogaster_schencki_casent0101475_profile_1.jpg?utm_source=commons.wikimedia.org&utm_campaign=imageinfo&utm_content=original,45e94111ee3bef1723018b1edf532a662d86325f,1158.0,808.0,2009-10-20T13:49:25Z,exact,"harvester downscale, byte-identical",inf,0.0,inf,
casent0101476,Tetramorium,p,data/images/Tetramorium/casent0101476_p.jpg,1.0,1.0,Tetramorium quadrispinosum casent0101476 profile 1.jpg,https://upload.wikimedia.org/wikipedia/commons/6/66/Tetramorium_quadrispinosum_casent0101476_profile_1.jpg?utm_source=commons.wikimedia.org&utm_campaign=imageinfo&utm_content=original,197695482606a7cd9a9e6cd235a0ba01010d8303,1568.0,808.0,2009-10-22T18:41:59Z,exact,"harvester downscale, byte-identical",inf,0.0,inf,
casent0101477,Camponotus,p,data/images/Camponotus/casent0101477_p.jpg,1.0,1.0,Camponotus edmondi casent0101477 profile 1.jpg,https://upload.wikimedia.org/wikipedia/commons/2/22/Camponotus_edmondi_casent0101477_profile_1.jpg?utm_source=commons.wikimedia.org&utm_campaign=imageinfo&utm_content=original,f21120418dda748b71a802129e0f2ddeff17a5df,1158.0,808.0,2009-10-21T20:57:35Z,exact,"harvester downscale, byte-identical",inf,0.0,inf,
casent0101478,Camponotus,p,data/images/Camponotus/casent0101478_p.jpg,1.0,1.0,Camponotus edmondi casent0101478 profile 1.jpg,https://upload.wikimedia.org/wikipedia/commons/3/32/Camponotus_edmondi_casent0101478_profile_1.jpg?utm_source=commons.wikimedia.org&utm_campaign=imageinfo&utm_content=original,e8d686914fb0742ebc26dffc07e455c92d20e1ae,1301.0,808.0,2009-10-22T14:26:21Z,exact,"harvester downscale, byte-identical",inf,0.0,inf,
casent0101480,Tetramorium,p,data/images/Tetramorium/casent0101480_p.jpg,1.0,1.0,Tetramorium bicarinatum casent0101480 profile 1.jpg,https://upload.wikimedia.org/wikipedia/commons/2/26/Tetramorium_bicarinatum_casent0101480_profile_1.jpg?utm_source=commons.wikimedia.org&utm_campaign=imageinfo&utm_content=original,782d1fc38001e73f393058260ffefdabb450c15d,2007.0,808.0,2009-10-20T15:54:57Z,exact,"harvester downscale, byte-identical",inf,0.0,inf,
casent0101481,Camponotus,p,data/images/Camponotus/casent0101481_p.jpg,1.0,1.0,Camponotus robustus casent0101481 profile 1.jpg,https://upload.wikimedia.org/wikipedia/commons/a/a9/Camponotus_robustus_casent0101481_profile_1.jpg?utm_source=commons.wikimedia.org&utm_campaign=imageinfo&utm_content=original,edd1a91d5db38f3a3472e15e424c5e0f84383ab6,1073.0,808.0,2009-10-20T03:00:29Z,exact,"harvester downscale, byte-identical",inf,0.0,inf,
casent0101482,Aphaenogaster,p,data/images/Aphaenogaster/casent0101482_p.jpg,1.0,1.0,Aphaenogaster swammerdami clara casent0101482 profile 1.jpg,https://upload.wikimedia.org/wikipedia/commons/a/ac/Aphaenogaster_swammerdami_clara_casent0101482_profile_1.jpg?utm_source=commons.wikimedia.org&utm_campaign=imageinfo&utm_content=original,99ec90e5617155a4e838404778aa2004b4761546,1044.0,808.0,2009-10-20T02:46:50Z,exact,"harvester downscale, byte-identical",inf,0.0,inf,
casent0101483,Tetramorium,p,data/images/Tetramorium/casent0101483_p.jpg,1.0,1.0,Tetramorium sericeiventre casent0101483 profile 1.jpg,https://upload.wikimedia.org/wikipedia/commons/0/08/Tetramorium_sericeiventre_casent0101483_profile_1.jpg?utm_source=commons.wikimedia.org&utm_campaign=imageinfo&utm_content=original,19908cf452d5bea33da6b0b1e1d876a7851342c7,1579.0,808.0,2009-10-20T17:47:34Z,exact,"Commons server thumbnail, byte-identical",inf,0.0,inf,
casent0101492,Camponotus,p,data/images/Camponotus/casent0101492_p.jpg,1.0,1.0,Camponotus hagensii casent0101492 profile 1.jpg,https://upload.wikimedia.org/wikipedia/commons/2/2e/Camponotus_hagensii_casent0101492_profile_1.jpg?utm_source=commons.wikimedia.org&utm_campaign=imageinfo&utm_content=original,9e0d576b5ab2734485dc70384da043a0ea89c33a,1308.0,808.0,2009-10-19T20:08:11Z,exact,"harvester downscale, byte-identical",inf,0.0,inf,
casent0101494,Camponotus,p,data/images/Camponotus/casent0101494_p.jpg,1.0,1.0,Camponotus hagensii casent0101494 profile 1.jpg,https://upload.wikimedia.org/wikipedia/commons/5/57/Camponotus_hagensii_casent0101494_profile_1.jpg?utm_source=commons.wikimedia.org&utm_campaign=imageinfo&utm_content=original,eb4eaf3411ea9da5ad9f920222d0fbb142712cc8,1073.0,808.0,2009-10-18T19:14:26Z,exact,"harvester downscale, byte-identical",inf,0.0,inf,
casent0101511,Camponotus,p,data/images/Camponotus/casent0101511_p.jpg,1.0,1.0,Camponotus mocquerysi casent0101511 profile 1.jpg,https://upload.wikimedia.org/wikipedia/commons/e/e3/Camponotus_mocquerysi_casent0101511_profile_1.jpg?utm_source=commons.wikimedia.org&utm_campaign=imageinfo&utm_content=original,e4b87c96a17f80bb48a7a810c928c3cd9f0d22d0,1170.0,808.0,2009-10-20T08:52:38Z,exact,"harvester downscale, byte-identical",inf,0.0,inf,
casent0101512,Camponotus,p,data/images/Camponotus/casent0101512_p.jpg,1.0,1.0,Camponotus lubbocki casent0101512 profile 1.jpg,https://upload.wikimedia.org/wikipedia/commons/b/b7/Camponotus_lubbocki_casent0101512_profile_1.jpg?utm_source=commons.wikimedia.org&utm_campaign=imageinfo&utm_content=original,f36af08f5c2c7d86a7081decd8139e0d4c881809,1150.0,808.0,2009-10-21T23:51:04Z,exact,"harvester downscale, byte-identical",inf,0.0,inf,
casent0101513,Camponotus,p,data/images/Camponotus/casent0101513_p.jpg,1.0,1.0,Camponotus gibber casent0101513 profile 1.jpg,https://upload.wikimedia.org/wikipedia/commons/0/0e/Camponotus_gibber_casent0101513_profile_1.jpg?utm_source=commons.wikimedia.org&utm_campaign=imageinfo&utm_content=original,3e58992755a99f5dd8a256c7d362831a0c0e58c9,1208.0,808.0,2009-10-19T11:42:40Z,exact,"harvester downscale, byte-identical",inf,0.0,inf,
casent0101514,Camponotus,p,data/images/Camponotus/casent0101514_p.jpg,1.0,1.0,Camponotus lubbocki casent0101514 profile 1.jpg,https://upload.wikimedia.org/wikipedia/commons/5/59/Camponotus_lubbocki_casent0101514_profile_1.jpg?utm_source=commons.wikimedia.org&utm_campaign=imageinfo&utm_content=original,dfba340a2a88c3d7d409b1e71ded9fe7061f7700,1270.0,808.0,2009-10-21T22:09:41Z,exact,"harvester downscale, byte-identical",inf,0.0,inf,
casent0101516,Camponotus,p,data/images/Camponotus/casent0101516_p.jpg,1.0,1.0,Camponotus lubbocki casent0101516 profile 1.jpg,https://upload.wikimedia.org/wikipedia/commons/e/ed/Camponotus_lubbocki_casent0101516_profile_1.jpg?utm_source=commons.wikimedia.org&utm_campaign=imageinfo&utm_content=original,59f0fa981322e85aa69024e06a6c226e476fe36d,1304.0,808.0,2009-10-21T10:13:21Z,exact,"Commons server thumbnail, byte-identical",inf,0.0,inf,
casent0101517,Camponotus,p,data/images/Camponotus/casent0101517_p.jpg,1.0,1.0,Camponotus kelleri invalidus casent0101517 profile 1.jpg,https://upload.wikimedia.org/wikipedia/commons/d/dd/Camponotus_kelleri_invalidus_casent0101517_profile_1.jpg?utm_source=commons.wikimedia.org&utm_campaign=imageinfo&utm_content=original,8ced480716de4bef22891c6459d864a4905be258,1073.0,808.0,2009-10-19T20:57:57Z,exact,"harvester downscale, byte-identical",inf,0.0,inf,
casent0101518,Camponotus,p,data/images/Camponotus/casent0101518_p.jpg,1.0,1.0,Camponotus lubbocki casent0101518 profile 1.jpg,https://upload.wikimedia.org/wikipedia/commons/d/d0/Camponotus_lubbocki_casent0101518_profile_1.jpg?utm_source=commons.wikimedia.org&utm_campaign=imageinfo&utm_content=original,4ec328d8c609dd0e3faf5a814282568bccf8b1d1,1134.0,808.0,2009-10-21T12:19:35Z,exact,"harvester downscale, byte-identical",inf,0.0,inf,
casent0101519,Camponotus,p,data/images/Camponotus/casent0101519_p.jpg,1.0,1.0,Camponotus kelleri casent0101519 profile 1.jpg,https://upload.wikimedia.org/wikipedia/commons/f/f1/Camponotus_kelleri_casent0101519_profile_1.jpg?utm_source=commons.wikimedia.org&utm_campaign=imageinfo&utm_content=original,bb71e6115c5ed289784c7a035736a310c339e8ce,1073.0,808.0,2009-10-21T05:59:26Z,exact,"harvester downscale, byte-identical",inf,0.0,inf,
casent0101520,Camponotus,p,data/images/Camponotus/casent0101520_p.jpg,1.0,1.0,Camponotus kelleri invalidus casent0101520 profile 1.jpg,https://upload.wikimedia.org/wikipedia/commons/c/c5/Camponotus_kelleri_invalidus_casent0101520_profile_1.jpg?utm_source=commons.wikimedia.org&utm_campaign=imageinfo&utm_content=original,d9fbd6ba94225a258a2372cb00eae10e3d393ec2,1226.0,808.0,2009-10-21T10:53:17Z,exact,"harvester downscale, byte-identical",inf,0.0,inf,
casent0101521,Camponotus,p,data/images/Camponotus/casent0101521_p.jpg,1.0,1.0,Camponotus christi casent0101521 profile 1.jpg,https://upload.wikimedia.org/wikipedia/commons/4/47/Camponotus_christi_casent0101521_profile_1.jpg?utm_source=commons.wikimedia.org&utm_campaign=imageinfo&utm_content=original,9473bfa400be910ff7b983c3b96ffe56698697f9,984.0,808.0,2009-10-18T19:36:59Z,exact,"harvester downscale, byte-identical",inf,0.0,inf,
casent0101524,Camponotus,p,data/images/Camponotus/casent0101524_p.jpg,1.0,1.0,Camponotus kelleri casent0101524 profile 1.jpg,https://upload.wikimedia.org/wikipedia/commons/d/d4/Camponotus_kelleri_casent0101524_profile_1.jpg?utm_source=commons.wikimedia.org&utm_campaign=imageinfo&utm_content=original,20890234d1e30f9e7bc3a3d23c8cd441f504a996,1362.0,808.0,2009-10-22T12:18:49Z,exact,"Commons server thumbnail, pixel-identical",inf,0.0,inf,
casent0101525,Camponotus,p,data/images/Camponotus/casent0101525_p.jpg,1.0,1.0,Camponotus kelleri casent0101525 profile 1.jpg,https://upload.wikimedia.org/wikipedia/commons/c/c1/Camponotus_kelleri_casent0101525_profile_1.jpg?utm_source=commons.wikimedia.org&utm_campaign=imageinfo&utm_content=original,ad524c8476d1da5d8e73caefd403551a8a932533,1147.0,808.0,2009-10-21T00:38:34Z,exact,"harvester downscale, byte-identical",inf,0.0,inf,
casent0101526,Camponotus,p,data/images/Camponotus/casent0101526_p.jpg,1.0,1.0,Camponotus heteroclitus casent0101526 profile 1.jpg,https://upload.wikimedia.org/wikipedia/commons/4/40/Camponotus_heteroclitus_casent0101526_profile_1.jpg?utm_source=commons.wikimedia.org&utm_campaign=imageinfo&utm_content=original,c2aa1af84298a9219a0cf71dbbf2e36343eb612a,1330.0,808.0,2009-10-22T15:46:20Z,exact,"harvester downscale, byte-identical",inf,0.0,inf,
casent0101527,Camponotus,p,data/images/Camponotus/casent0101527_p.jpg,1.0,1.0,Camponotus heteroclitus casent0101527 profile 1.jpg,https://upload.wikimedia.org/wikipedia/commons/7/72/Camponotus_heteroclitus_casent0101527_profile_1.jpg?utm_source=commons.wikimedia.org&utm_campaign=imageinfo&utm_content=original,5c14fdad6015ee5e768b44541a6e992506b55a7c,1126.0,808.0,2009-10-20T04:48:32Z,exact,"harvester downscale, byte-identical",inf,0.0,inf,
casent0101528,Camponotus,p,data/images/Camponotus/casent0101528_p.jpg,1.0,1.0,Camponotus gibber casent0101528 profile 1.jpg,https://upload.wikimedia.org/wikipedia/commons/a/ac/Camponotus_gibber_casent0101528_profile_1.jpg?utm_source=commons.wikimedia.org&utm_campaign=imageinfo&utm_content=original,b236c290cb374c7618e7f93cfebbc071fe8c3f5e,1272.0,808.0,2009-10-22T07:53:15Z,exact,"harvester downscale, byte-identical",inf,0.0,inf,
casent0101531,Camponotus,p,data/images/Camponotus/casent0101531_p.jpg,1.0,1.0,Camponotus dromedarius casent0101531 profile 1.jpg,https://upload.wikimedia.org/wikipedia/commons/9/9c/Camponotus_dromedarius_casent0101531_profile_1.jpg?utm_source=commons.wikimedia.org&utm_campaign=imageinfo&utm_content=original,ac46f7fa1f487f586a677ce7394dcf939be4f572,1237.0,808.0,2009-10-18T09:28:44Z,exact,"harvester downscale, byte-identical",inf,0.0,inf,
casent0101532,Camponotus,p,data/images/Camponotus/casent0101532_p.jpg,1.0,1.0,Camponotus dromedarius pulcher casent0101532 profile 1.jpg,https://upload.wikimedia.org/wikipedia/commons/b/b4/Camponotus_dromedarius_pulcher_casent0101532_profile_1.jpg?utm_source=commons.wikimedia.org&utm_campaign=imageinfo&utm_content=original,4459589f6337b1a934dd3f5a7af9f3dd4a5b8638,1291.0,808.0,2009-10-18T15:00:25Z,exact,"harvester downscale, byte-identical",inf,0.0,inf,
casent0101533,Camponotus,p,data/images/Camponotus/casent0101533_p.jpg,1.0,1.0,Camponotus dromedarius pulcher casent0101533 profile 1.jpg,https://upload.wikimedia.org/wikipedia/commons/3/3b/Camponotus_dromedarius_pulcher_casent0101533_profile_1.jpg?utm_source=commons.wikimedia.org&utm_campaign=imageinfo&utm_content=original,f1cf92435d1206c98f58a2f331f3bb085f183e23,1188.0,808.0,2009-10-19T05:50:08Z,exact,"harvester downscale, byte-identical",inf,0.0,inf,
casent0101534,Camponotus,p,data/images/Camponotus/casent0101534_p.jpg,1.0,1.0,Camponotus dromedarius casent0101534 profile 1.jpg,https://upload.wikimedia.org/wikipedia/commons/1/17/Camponotus_dromedarius_casent0101534_profile_1.jpg?utm_source=commons.wikimedia.org&utm_campaign=imageinfo&utm_content=original,5d4a6b0aa253040424b3dd4b825dbc02c840635b,1140.0,808.0,2009-10-19T05:15:30Z,exact,"harvester downscale, byte-identical",inf,0.0,inf,
casent0101535,Camponotus,p,data/images/Camponotus/casent0101535_p.jpg,1.0,1.0,Camponotus christi ambustus casent0101535 profile 1.jpg,https://upload.wikimedia.org/wikipedia/commons/3/35/Camponotus_christi_ambustus_casent0101535_profile_1.jpg?utm_source=commons.wikimedia.org&utm_campaign=imageinfo&utm_content=original,12cca2cc25eed1af91ae4bced79e0d2b79ce70f6,984.0,808.0,2009-10-21T05:00:34Z,exact,"harvester downscale, byte-identical",inf,0.0,inf,
casent0101538,Camponotus,p,data/images/Camponotus/casent0101538_p.jpg,2.0,1.0,Camponotus dromedarius casent0101538 profile 1.jpg,https://upload.wikimedia.org/wikipedia/commons/8/85/Camponotus_dromedarius_casent0101538_profile_1.jpg?utm_source=commons.wikimedia.org&utm_campaign=imageinfo&utm_content=original,229d0d9282d421a035690846576e7a322790703b,1053.0,808.0,2009-10-20T17:09:04Z,exact,"harvester downscale, byte-identical",inf,0.0,inf,
casent0101539,Camponotus,p,data/images/Camponotus/casent0101539_p.jpg,1.0,1.0,Camponotus christi maculiventris casent0101539 profile 1.jpg,https://upload.wikimedia.org/wikipedia/commons/0/0d/Camponotus_christi_maculiventris_casent0101539_profile_1.jpg?utm_source=commons.wikimedia.org&utm_campaign=imageinfo&utm_content=original,2e92bb833be0b238fe29aa5197e754123e040261,1235.0,808.0,2009-10-19T09:29:36Z,exact,"harvester downscale, byte-identical",inf,0.0,inf,
casent0101540,Camponotus,p,data/images/Camponotus/casent0101540_p.jpg,1.0,1.0,Camponotus christi maculiventris casent0101540 profile 1.jpg,https://upload.wikimedia.org/wikipedia/commons/6/60/Camponotus_christi_maculiventris_casent0101540_profile_1.jpg?utm_source=commons.wikimedia.org&utm_campaign=imageinfo&utm_content=original,19060f4b6a6ba157777b0300ade6c5b74310b4d7,1444.0,808.0,2009-10-19T06:39:47Z,exact,"Commons server thumbnail, byte-identical",inf,0.0,inf,
casent0101542,Camponotus,p,data/images/Camponotus/casent0101542_p.jpg,1.0,1.0,Camponotus christi casent0101542 profile 1.jpg,https://upload.wikimedia.org/wikipedia/commons/6/62/Camponotus_christi_casent0101542_profile_1.jpg?utm_source=commons.wikimedia.org&utm_campaign=imageinfo&utm_content=original,d69e570354710863c308a2488eba9ce7d185f5ba,1073.0,808.0,2009-10-21T13:35:26Z,exact,"harvester downscale, byte-identical",inf,0.0,inf,
casent0101543,Camponotus,p,data/images/Camponotus/casent0101543_p.jpg,1.0,1.0,Camponotus christi foersteri casent0101543 profile 1.jpg,https://upload.wikimedia.org/wikipedia/commons/4/48/Camponotus_christi_foersteri_casent0101543_profile_1.jpg?utm_source=commons.wikimedia.org&utm_campaign=imageinfo&utm_content=original,690b0bd055411a40b047b1d3f3e6e442ff09634b,1324.0,808.0,2009-10-18T19:53:03Z,exact,"harvester downscale, byte-identical",inf,0.0,inf,
casent0101544,Camponotus,p,data/images/Camponotus/casent0101544_p.jpg,1.0,1.0,Camponotus christi casent0101544 profile 1.jpg,https://upload.wikimedia.org/wikipedia/commons/a/ac/Camponotus_christi_casent0101544_profile_1.jpg?utm_source=commons.wikimedia.org&utm_campaign=imageinfo&utm_content=original,6ed6777bfd45b61147ac23e4be486775d7129139,1067.0,808.0,2009-10-21T12:33:22Z,exact,"harvester downscale, byte-identical",inf,0.0,inf,
casent0101545,Camponotus,p,data/images/Camponotus/casent0101545_p.jpg,1.0,1.0,Camponotus christi foersteri casent0101545 profile 1.jpg,https://upload.wikimedia.org/wikipedia/commons/6/6b/Camponotus_christi_foersteri_casent0101545_profile_1.jpg?utm_source=commons.wikimedia.org&utm_campaign=imageinfo&utm_content=original,f20b20d4628baece51d11758622c5c00c8c62e7d,1234.0,808.0,2009-10-21T18:33:10Z,exact,"harvester downscale, byte-identical",inf,0.0,inf,
casent0101551,Camponotus,p,data/images/Camponotus/casent0101551_p.jpg,1.0,1.0,Camponotus cervicalis casent0101551 profile 1.jpg,https://upload.wikimedia.org/wikipedia/commons/4/40/Camponotus_cervicalis_casent0101551_profile_1.jpg?utm_source=commons.wikimedia.org&utm_campaign=imageinfo&utm_content=original,4e477ffe58d676d42c86686bbe161490a88220e4,1018.0,808.0,2009-10-22T18:33:53Z,exact,"harvester downscale, byte-identical",inf,0.0,inf,
casent0101552,Camponotus,p,data/images/Camponotus/casent0101552_p.jpg,1.0,1.0,Camponotus cervicalis casent0101552 profile 1.jpg,https://upload.wikimedia.org/wikipedia/commons/1/11/Camponotus_cervicalis_casent0101552_profile_1.jpg?utm_source=commons.wikimedia.org&utm_campaign=imageinfo&utm_content=original,49dfc0249e6f6cd4c3e587a8e3cb9281ab210a27,1299.0,808.0,2009-10-21T17:51:33Z,exact,"harvester downscale, byte-identical",inf,0.0,inf,
casent0101553,Bothroponera,p,data/images/Bothroponera/casent0101553_p.jpg,1.0,1.0,Pachycondyla comorensis casent0101553 profile 1.jpg,https://upload.wikimedia.org/wikipedia/commons/0/0b/Pachycondyla_comorensis_casent0101553_profile_1.jpg?utm_source=commons.wikimedia.org&utm_campaign=imageinfo&utm_content=original,46ab030c0d6aa043488086c71937c5e8200ee8e7,1131.0,808.0,2009-10-20T20:55:16Z,exact,"harvester downscale, byte-identical",inf,0.0,inf,
casent0101554,Pheidole,p,data/images/Pheidole/casent0101554_p.jpg,1.0,1.0,Pheidole punctulata spinosa casent0101554 profile 1.jpg,https://upload.wikimedia.org/wikipedia/commons/2/27/Pheidole_punctulata_spinosa_casent0101554_profile_1.jpg?utm_source=commons.wikimedia.org&utm_campaign=imageinfo&utm_content=original,4453fbe92bdeb5942afa7260b297bbd660d6793c,1008.0,808.0,2009-10-22T18:58:34Z,exact,"harvester downscale, byte-identical",inf,0.0,inf,
casent0101556,Tetramorium,p,data/images/Tetramorium/casent0101556_p.jpg,1.0,1.0,Tetramorium schaufussii casent0101556 profile 1.jpg,https://upload.wikimedia.org/wikipedia/commons/6/64/Tetramorium_schaufussii_casent0101556_profile_1.jpg?utm_source=commons.wikimedia.org&utm_campaign=imageinfo&utm_content=original,5a73a8a0672ea99ca97c9d28360602516ce32b4c,1233.0,808.0,2009-10-22T11:13:20Z,exact,"harvester downscale, byte-identical",inf,0.0,inf,
casent0101557,Crematogaster,p,data/images/Crematogaster/casent0101557_p.jpg,1.0,1.0,Crematogaster kelleri casent0101557 profile 1.jpg,https://upload.wikimedia.org/wikipedia/commons/6/69/Crematogaster_kelleri_casent0101557_profile_1.jpg?utm_source=commons.wikimedia.org&utm_campaign=imageinfo&utm_content=original,4ffddeadc1420cbb4638fe63dd690bb5a8030e07,1475.0,808.0,2009-10-20T01:53:08Z,exact,"Commons server thumbnail, byte-identical",inf,0.0,inf,
casent0101558,Crematogaster,p,data/images/Crematogaster/casent0101558_p.jpg,1.0,1.0,Crematogaster grevei casent0101558 profile 1.jpg,https://upload.wikimedia.org/wikipedia/commons/5/5f/Crematogaster_grevei_casent0101558_profile_1.jpg?utm_source=commons.wikimedia.org&utm_campaign=imageinfo&utm_content=original,65fb79551ac80613b6da98a60aa9cd1a1da3e64a,1652.0,808.0,2009-10-20T15:43:04Z,exact,"harvester downscale, byte-identical",inf,0.0,inf,
casent0101559,Cataulacus,p,data/images/Cataulacus/casent0101559_p.jpg,1.0,1.0,Cataulacus ebrardi casent0101559 profile 1.jpg,https://upload.wikimedia.org/wikipedia/commons/3/36/Cataulacus_ebrardi_casent0101559_profile_1.jpg?utm_source=commons.wikimedia.org&utm_campaign=imageinfo&utm_content=original,13a88a71ab2def64e86cb1fc662bad5a9c90380e,1516.0,808.0,2009-10-21T09:24:47Z,exact,"harvester downscale, byte-identical",inf,0.0,inf,
casent0101560,Pheidole,p,data/images/Pheidole/casent0101560_p.jpg,1.0,1.0,Pheidole megacephala scabrior casent0101560 profile 1.jpg,https://upload.wikimedia.org/wikipedia/commons/c/ca/Pheidole_megacephala_scabrior_casent0101560_profile_1.jpg?utm_source=commons.wikimedia.org&utm_campaign=imageinfo&utm_content=original,6500a45d3a9411c79c9f97b2301bd576e0740edc,1482.0,808.0,2009-10-21T03:53:38Z,exact,"harvester downscale, byte-identical",inf,0.0,inf,
casent0101562,Crematogaster,p,data/images/Crematogaster/casent0101562_p.jpg,1.0,1.0,Crematogaster ranavalonae pepo casent0101562 profile 1.jpg,https://upload.wikimedia.org/wikipedia/commons/c/c1/Crematogaster_ranavalonae_pepo_casent0101562_profile_1.jpg?utm_source=commons.wikimedia.org&utm_campaign=imageinfo&utm_content=original,86646a5e68cae54892c99951cda2a5236af39c70,1073.0,808.0,2009-10-21T19:39:54Z,exact,"harvester downscale, byte-identical",inf,0.0,inf,
casent0101564,Pheidole,p,data/images/Pheidole/casent0101564_p.jpg,1.0,1.0,Pheidole voeltzkowii casent0101564 profile 1.jpg,https://upload.wikimedia.org/wikipedia/commons/4/4c/Pheidole_voeltzkowii_casent0101564_profile_1.jpg?utm_source=commons.wikimedia.org&utm_campaign=imageinfo&utm_content=original,c3465908313210d6f11bb7860d983234fd896613,1115.0,808.0,2009-10-19T13:21:11Z,exact,"harvester downscale, byte-identical",inf,0.0,inf,
casent0101567,Pheidole,p,data/images/Pheidole/casent0101567_p.jpg,1.0,1.0,Pheidole veteratrix angustinoda casent0101567 profile 1.jpg,https://upload.wikimedia.org/wikipedia/commons/0/04/Pheidole_veteratrix_angustinoda_casent0101567_profile_1.jpg?utm_source=commons.wikimedia.org&utm_campaign=imageinfo&utm_content=original,8463580ac5a18babba678de6187775cc3f5d5295,1137.0,808.0,2009-10-21T10:10:16Z,exact,"harvester downscale, byte-identical",inf,0.0,inf,
casent0101570,Pheidole,p,data/images/Pheidole/casent0101570_p.jpg,1.0,1.0,Pheidole punctulata spinosa casent0101570 profile 1.jpg,https://upload.wikimedia.org/wikipedia/commons/c/c4/Pheidole_punctulata_spinosa_casent0101570_profile_1.jpg?utm_source=commons.wikimedia.org&utm_campaign=imageinfo&utm_content=original,5d1feddfe43256badb6187df9043827b2249d5bd,1422.0,808.0,2009-10-18T12:36:27Z,exact,"harvester downscale, byte-identical",inf,0.0,inf,
casent0101572,Crematogaster,p,data/images/Crematogaster/casent0101572_p.jpg,1.0,1.0,Crematogaster grevei casent0101572 profile 1.jpg,https://upload.wikimedia.org/wikipedia/commons/5/58/Crematogaster_grevei_casent0101572_profile_1.jpg?utm_source=commons.wikimedia.org&utm_campaign=imageinfo&utm_content=original,99ef8487a219dfe7f1a377e3c6a7fceca329657a,1477.0,808.0,2009-10-21T14:40:01Z,exact,"harvester downscale, byte-identical",inf,0.0,inf,
casent0101574,Anochetus,p,data/images/Anochetus/casent0101574_p.jpg,1.0,1.0,Anochetus madagascarensis casent0101574 profile 1.jpg,https://upload.wikimedia.org/wikipedia/commons/d/dd/Anochetus_madagascarensis_casent0101574_profile_1.jpg?utm_source=commons.wikimedia.org&utm_campaign=imageinfo&utm_content=original,5b2a1c9de2e059dfa9ca3de0ea565d12d7acb22f,1424.0,808.0,2009-10-19T02:22:24Z,exact,"harvester downscale, byte-identical",inf,0.0,inf,
casent0101575,Tetraponera,p,data/images/Tetraponera/casent0101575_p.jpg,1.0,1.0,Tetraponera hysterica inflata casent0101575 profile 1.jpg,https://upload.wikimedia.org/wikipedia/commons/7/78/Tetraponera_hysterica_inflata_casent0101575_profile_1.jpg?utm_source=commons.wikimedia.org&utm_campaign=imageinfo&utm_content=original,8b1a86cce6840effdd5cc37d90b0924fa14acc17,1458.0,808.0,2009-10-21T17:00:24Z,exact,"harvester downscale, byte-identical",inf,0.0,inf,
casent0101579,Anochetus,p,data/images/Anochetus/casent0101579_p.jpg,1.0,1.0,Anochetus madagascarensis casent0101579 profile 1.jpg,https://upload.wikimedia.org/wikipedia/commons/e/eb/Anochetus_madagascarensis_casent0101579_profile_1.jpg?utm_source=commons.wikimedia.org&utm_campaign=imageinfo&utm_content=original,0c84aa86384f7d7ae6cc2af6281e8a7c8bd5c7ef,1073.0,808.0,2009-10-22T10:50:05Z,exact,"harvester downscale, byte-identical",inf,0.0,inf,
casent0101580,Pheidole,p,data/images/Pheidole/casent0101580_p.jpg,1.0,1.0,Pheidole megacephala scabrior casent0101580 profile 1.jpg,https://upload.wikimedia.org/wikipedia/commons/8/8c/Pheidole_megacephala_scabrior_casent0101580_profile_1.jpg?utm_source=commons.wikimedia.org&utm_campaign=imageinfo&utm_content=original,8c83647aecb4ad99a1dcf8f26c69a97803d87e30,1110.0,808.0,2009-10-19T15:43:52Z,exact,"harvester downscale, byte-identical",inf,0.0,inf,
casent0101583,Cataulacus,p,data/images/Cataulacus/casent0101583_p.jpg,1.0,1.0,Cataulacus ebrardi casent0101583 profile 1.jpg,https://upload.wikimedia.org/wikipedia/commons/8/86/Cataulacus_ebrardi_casent0101583_profile_1.jpg?utm_source=commons.wikimedia.org&utm_campaign=imageinfo&utm_content=original,76fc828ecce0d534bd4ad8afdfc5a4b2d3536103,1673.0,808.0,2009-10-22T09:28:45Z,exact,"Commons server thumbnail, byte-identical",inf,0.0,inf,
casent0101584,Pheidole,p,data/images/Pheidole/casent0101584_p.jpg,1.0,1.0,Pheidole nemoralis casent0101584 profile 1.jpg,https://upload.wikimedia.org/wikipedia/commons/3/39/Pheidole_nemoralis_casent0101584_profile_1.jpg?utm_source=commons.wikimedia.org&utm_campaign=imageinfo&utm_content=original,55d1af5b4b7082db55be44dbd661b52e1047f6bf,1348.0,808.0,2009-10-18T13:01:16Z,exact,"harvester downscale, byte-identical",inf,0.0,inf,
casent0101585,Crematogaster,p,data/images/Crematogaster/casent0101585_p.jpg,1.0,1.0,Crematogaster lobata casent0101585 profile 1.jpg,https://upload.wikimedia.org/wikipedia/commons/c/c5/Crematogaster_lobata_casent0101585_profile_1.jpg?utm_source=commons.wikimedia.org&utm_campaign=imageinfo&utm_content=original,7e35c07e9652f4a0f8cd827b637bebb5b2254c64,1202.0,808.0,2009-10-18T22:26:27Z,exact,"harvester downscale, byte-identical",inf,0.0,inf,
casent0101587,Anochetus,p,data/images/Anochetus/casent0101587_p.jpg,1.0,1.0,Anochetus madagascarensis casent0101587 profile 1.jpg,https://upload.wikimedia.org/wikipedia/commons/e/e2/Anochetus_madagascarensis_casent0101587_profile_1.jpg?utm_source=commons.wikimedia.org&utm_campaign=imageinfo&utm_content=original,0ff28d9fa5ef4fdd62a5cfaa296bd6d99c85f9ee,1518.0,808.0,2009-10-21T20:50:27Z,exact,"harvester downscale, byte-identical",inf,0.0,inf,
casent0101589,Leptogenys,p,data/images/Leptogenys/casent0101589_p.jpg,1.0,1.0,Leptogenys grandidieri casent0101589 profile 1.jpg,https://upload.wikimedia.org/wikipedia/commons/d/d0/Leptogenys_grandidieri_casent0101589_profile_1.jpg?utm_source=commons.wikimedia.org&utm_campaign=imageinfo&utm_content=original,3f99a46a36addcec52963657e544a7e629144652,1073.0,808.0,2009-10-20T06:09:57Z,exact,"harvester downscale, byte-identical",inf,0.0,inf,
casent0101594,Pheidole,p,data/images/Pheidole/casent0101594_p.jpg,1.0,1.0,Pheidole veteratrix casent0101594 profile 1.jpg,https://upload.wikimedia.org/wikipedia/commons/8/8e/Pheidole_veteratrix_casent0101594_profile_1.jpg?utm_source=commons.wikimedia.org&utm_campaign=imageinfo&utm_content=original,1d939d43c31761c4077f30e84d90eaad65962a8f,1380.0,808.0,2009-10-21T08:53:40Z,exact,"harvester downscale, byte-identical",inf,0.0,inf,
casent0101597,Crematogaster,p,data/images/Crematogaster/casent0101597_p.jpg,1.0,1.0,Crematogaster degeeri casent0101597 profile 1.jpg,https://upload.wikimedia.org/wikipedia/commons/d/d9/Crematogaster_degeeri_casent0101597_profile_1.jpg?utm_source=commons.wikimedia.org&utm_campaign=imageinfo&utm_content=original,5cd630f3a1a67cee342e36b131e39e971e09a08e,1504.0,808.0,2009-10-21T23:10:41Z,exact,"harvester downscale, byte-identical",inf,0.0,inf,
casent0101598,Pheidole,p,data/images/Pheidole/casent0101598_p.jpg,1.0,1.0,Pheidole longispinosa casent0101598 profile 1.jpg,https://upload.wikimedia.org/wikipedia/commons/c/c2/Pheidole_longispinosa_casent0101598_profile_1.jpg?utm_source=commons.wikimedia.org&utm_campaign=imageinfo&utm_content=original,e9c398f1d9af472349d70d2996f6f302852d398b,1145.0,808.0,2009-10-21T10:16:47Z,exact,"harvester downscale, byte-identical",inf,0.0,inf,
casent0101599,Crematogaster,p,data/images/Crematogaster/casent0101599_p.jpg,1.0,1.0,Crematogaster sewellii casent0101599 profile 1.jpg,https://upload.wikimedia.org/wikipedia/commons/3/3d/Crematogaster_sewellii_casent0101599_profile_1.jpg?utm_source=commons.wikimedia.org&utm_campaign=imageinfo&utm_content=original,38d04b5285084228e9f414a5f3ae61e64167d99e,1266.0,808.0,2009-10-20T23:20:28Z,exact,"harvester downscale, byte-identical",inf,0.0,inf,
casent0101602,Camponotus,p,data/images/Camponotus/casent0101602_p.jpg,1.0,1.0,Camponotus roeseli casent0101602 profile 1.jpg,https://upload.wikimedia.org/wikipedia/commons/f/f3/Camponotus_roeseli_casent0101602_profile_1.jpg?utm_source=commons.wikimedia.org&utm_campaign=imageinfo&utm_content=original,4e9a7edb7c156621e781ac3bb6531a635061298a,1347.0,808.0,2009-10-22T21:43:52Z,exact,"Commons server thumbnail, pixel-identical",inf,0.0,inf,
casent0101608,Cataulacus,p,data/images/Cataulacus/casent0101608_p.jpg,1.0,1.0,Cataulacus intrudens casent0101608 profile 1.jpg,https://upload.wikimedia.org/wikipedia/commons/2/29/Cataulacus_intrudens_casent0101608_profile_1.jpg?utm_source=commons.wikimedia.org&utm_campaign=imageinfo&utm_content=original,ddb8ca48bf158852b03d0438d2e91c349a043bd8,1420.0,808.0,2009-10-18T08:19:44Z,exact,"harvester downscale, byte-identical",inf,0.0,inf,
casent0101609,Anochetus,p,data/images/Anochetus/casent0101609_p.jpg,1.0,1.0,Anochetus madagascarensis casent0101609 profile 1.jpg,https://upload.wikimedia.org/wikipedia/commons/c/c5/Anochetus_madagascarensis_casent0101609_profile_1.jpg?utm_source=commons.wikimedia.org&utm_campaign=imageinfo&utm_content=original,3d5db7de28be7cebe03cd92f6f935e0fbbe517cf,1686.0,808.0,2009-10-20T04:09:59Z,exact,"harvester downscale, byte-identical",inf,0.0,inf,
casent0101613,Crematogaster,p,data/images/Crematogaster/casent0101613_p.jpg,1.0,1.0,Crematogaster rasoherinae casent0101613 profile 1.jpg,https://upload.wikimedia.org/wikipedia/commons/c/c2/Crematogaster_rasoherinae_casent0101613_profile_1.jpg?utm_source=commons.wikimedia.org&utm_campaign=imageinfo&utm_content=original,324e771bf7a5f880fba40682ac7f59ce8138fa03,1345.0,808.0,2009-10-21T20:01:03Z,exact,"harvester downscale, byte-identical",inf,0.0,inf,
casent0101616,Nesomyrmex,p,data/images/Nesomyrmex/casent0101616_p.jpg,1.0,1.0,Nesomyrmex retusispinosus casent0101616 profile 1.jpg,https://upload.wikimedia.org/wikipedia/commons/7/76/Nesomyrmex_retusispinosus_casent0101616_profile_1.jpg?utm_source=commons.wikimedia.org&utm_campaign=imageinfo&utm_content=original,929663ae8dd2e4d9cbd62c37560cc833e6f7cd1f,1364.0,808.0,2009-10-20T16:30:58Z,exact,"harvester downscale, byte-identical",inf,0.0,inf,
casent0101618,Terataner,p,data/images/Terataner/casent0101618_p.jpg,1.0,1.0,Terataner rufipes casent0101618 profile 1.jpg,https://upload.wikimedia.org/wikipedia/commons/f/f4/Terataner_rufipes_casent0101618_profile_1.jpg?utm_source=commons.wikimedia.org&utm_campaign=imageinfo&utm_content=original,3341e91e54219c1257ef82e3c94402ff30bfae1b,1031.0,808.0,2009-10-21T23:11:42Z,exact,"harvester downscale, byte-identical",inf,0.0,inf,
casent0101624,Pheidole,p,data/images/Pheidole/casent0101624_p.jpg,1.0,1.0,Pheidole lucida casent0101624 profile 1.jpg,https://upload.wikimedia.org/wikipedia/commons/a/a9/Pheidole_lucida_casent0101624_profile_1.jpg?utm_source=commons.wikimedia.org&utm_campaign=imageinfo&utm_content=original,5490c9bd766ba63a28c1dbf40b636387d5d56d05,1260.0,808.0,2009-10-22T19:37:05Z,exact,"harvester downscale, byte-identical",inf,0.0,inf,
casent0101626,Leptogenys,p,data/images/Leptogenys/casent0101626_p.jpg,1.0,1.0,Leptogenys truncatirostris casent0101626 profile 1.jpg,https://upload.wikimedia.org/wikipedia/commons/4/4b/Leptogenys_truncatirostris_casent0101626_profile_1.jpg?utm_source=commons.wikimedia.org&utm_campaign=imageinfo&utm_content=original,b9979368364a1e2dc110c249e228f4827c3c5463,1518.0,808.0,2009-10-19T19:41:45Z,exact,"harvester downscale, byte-identical",inf,0.0,inf,
casent0101628,Pheidole,p,data/images/Pheidole/casent0101628_p.jpg,1.0,1.0,Pheidole sikorae litigiosa casent0101628 profile 1.jpg,https://upload.wikimedia.org/wikipedia/commons/1/1a/Pheidole_sikorae_litigiosa_casent0101628_profile_1.jpg?utm_source=commons.wikimedia.org&utm_campaign=imageinfo&utm_content=original,0bf143f0573ed259fb0392c924f230d5eb70a659,1321.0,808.0,2009-10-20T05:19:13Z,exact,"harvester downscale, byte-identical",inf,0.0,inf,
casent0101630,Pheidole,p,data/images/Pheidole/casent0101630_p.jpg,1.0,1.0,Pheidole veteratrix casent0101630 profile 1.jpg,https://upload.wikimedia.org/wikipedia/commons/e/eb/Pheidole_veteratrix_casent0101630_profile_1.jpg?utm_source=commons.wikimedia.org&utm_campaign=imageinfo&utm_content=original,eee9f9acfad13456be1a86745c107d79be4accfb,1449.0,808.0,2009-10-19T05:07:45Z,exact,"harvester downscale, byte-identical",inf,0.0,inf,
casent0101631,Crematogaster,p,data/images/Crematogaster/casent0101631_p.jpg,1.0,1.0,Crematogaster ensifera casent0101631 profile 1.jpg,https://upload.wikimedia.org/wikipedia/commons/5/54/Crematogaster_ensifera_casent0101631_profile_1.jpg?utm_source=commons.wikimedia.org&utm_campaign=imageinfo&utm_content=original,c2785e2fdba8a135e545504423d4ebf08deacbb6,1189.0,808.0,2009-10-18T09:18:39Z,exact,"harvester downscale, byte-identical",inf,0.0,inf,
casent0101632,Crematogaster,p,data/images/Crematogaster/casent0101632_p.jpg,1.0,1.0,Crematogaster sewellii casent0101632 profile 1.jpg,https://upload.wikimedia.org/wikipedia/commons/5/55/Crematogaster_sewellii_casent0101632_profile_1.jpg?utm_source=commons.wikimedia.org&utm_campaign=imageinfo&utm_content=original,0c01d3ad072664af52aa70292b48508516cc1eb2,1290.0,808.0,2009-10-18T21:41:23Z,exact,"harvester downscale, byte-identical",inf,0.0,inf,
casent0101634,Meranoplus,p,data/images/Meranoplus/casent0101634_p.jpg,1.0,1.0,Meranoplus radamae casent0101634 profile 1.jpg,https://upload.wikimedia.org/wikipedia/commons/7/74/Meranoplus_radamae_casent0101634_profile_1.jpg?utm_source=commons.wikimedia.org&utm_campaign=imageinfo&utm_content=original,cb410422a47956fcaaba85d827f51d20f12db20c,1071.0,808.0,2009-10-20T08:15:22Z,exact,"harvester downscale, byte-identical",inf,0.0,inf,
casent0101635,Tetraponera,p,data/images/Tetraponera/casent0101635_p.jpg,1.0,1.0,Tetraponera hysterica casent0101635 profile 1.jpg,https://upload.wikimedia.org/wikipedia/commons/5/5e/Tetraponera_hysterica_casent0101635_profile_1.jpg?utm_source=commons.wikimedia.org&utm_campaign=imageinfo&utm_content=original,f1c811c2b9aff2294974d6338399a96b05fb8930,1441.0,808.0,2009-10-20T04:27:17Z,exact,"harvester downscale, byte-identical",inf,0.0,inf,
casent0101636,Technomyrmex,p,data/images/Technomyrmex/casent0101636_p.jpg,1.0,1.0,Technomyrmex madecassus casent0101636 profile 1.jpg,https://upload.wikimedia.org/wikipedia/commons/5/56/Technomyrmex_madecassus_casent0101636_profile_1.jpg?utm_source=commons.wikimedia.org&utm_campaign=imageinfo&utm_content=original,15f9a3f747e19693499f7b8d202b257889bdd535,1557.0,808.0,2009-10-21T14:03:55Z,exact,"harvester downscale, byte-identical",inf,0.0,inf,
casent0101638,Pheidole,p,data/images/Pheidole/casent0101638_p.jpg,1.0,1.0,Pheidole sikorae litigiosa casent0101638 profile 1.jpg,https://upload.wikimedia.org/wikipedia/commons/7/76/Pheidole_sikorae_litigiosa_casent0101638_profile_1.jpg?utm_source=commons.wikimedia.org&utm_campaign=imageinfo&utm_content=original,ccfa2e67aac103625a805214063a87e93d86d7c7,1408.0,808.0,2009-10-22T11:44:38Z,exact,"harvester downscale, byte-identical",inf,0.0,inf,
casent0101639,Crematogaster,p,data/images/Crematogaster/casent0101639_p.jpg,1.0,1.0,Crematogaster emmae casent0101639 profile 1.jpg,https://upload.wikimedia.org/wikipedia/commons/0/0c/Crematogaster_emmae_casent0101639_profile_1.jpg?utm_source=commons.wikimedia.org&utm_campaign=imageinfo&utm_content=original,4e61424b23ee058073a5267f884446a90e8c1f70,1141.0,808.0,2009-10-19T23:32:44Z,exact,"harvester downscale, byte-identical",inf,0.0,inf,
casent0101640,Pheidole,p,data/images/Pheidole/casent0101640_p.jpg,1.0,1.0,Pheidole oswaldi casent0101640 profile 1.jpg,https://upload.wikimedia.org/wikipedia/commons/0/08/Pheidole_oswaldi_casent0101640_profile_1.jpg?utm_source=commons.wikimedia.org&utm_campaign=imageinfo&utm_content=original,76b58cc9fbef5805fe479a8328929b2817688b9a,1164.0,808.0,2009-10-22T05:28:34Z,exact,"harvester downscale, byte-identical",inf,0.0,inf,
casent0101641,Meranoplus,p,data/images/Meranoplus/casent0101641_p.jpg,1.0,1.0,Meranoplus radamae casent0101641 profile 1.jpg,https://upload.wikimedia.org/wikipedia/commons/0/06/Meranoplus_radamae_casent0101641_profile_1.jpg?utm_source=commons.wikimedia.org&utm_campaign=imageinfo&utm_content=original,36e12298271973cb25d71721289b5f9769f20a57,1161.0,808.0,2009-10-20T01:50:02Z,exact,"harvester downscale, byte-identical",inf,0.0,inf,
casent0101644,Camponotus,p,data/images/Camponotus/casent0101644_p.jpg,1.0,1.0,Camponotus dufouri casent0101644 profile 1.jpg,https://upload.wikimedia.org/wikipedia/commons/f/fd/Camponotus_dufouri_casent0101644_profile_1.jpg?utm_source=commons.wikimedia.org&utm_campaign=imageinfo&utm_content=original,3f69da30dccce63ec0a921a8273da33a7c499341,1125.0,808.0,2009-10-18T13:35:37Z,exact,"harvester downscale, byte-identical",inf,0.0,inf,
casent0101651,Anochetus,p,data/images/Anochetus/casent0101651_p.jpg,1.0,1.0,Anochetus madagascarensis casent0101651 profile 1.jpg,https://upload.wikimedia.org/wikipedia/commons/0/0a/Anochetus_madagascarensis_casent0101651_profile_1.jpg?utm_source=commons.wikimedia.org&utm_campaign=imageinfo&utm_content=original,7bb68b6f9223f8cfe2c6e463bb1c04f3e8ac71ba,1397.0,808.0,2009-10-19T05:13:27Z,exact,"Commons server thumbnail, byte-identical",inf,0.0,inf,
casent0101652,Tetraponera,p,data/images/Tetraponera/casent0101652_p.jpg,1.0,1.0,Tetraponera grandidieri casent0101652 profile 1.jpg,https://upload.wikimedia.org/wikipedia/commons/2/25/Tetraponera_grandidieri_casent0101652_profile_1.jpg?utm_source=commons.wikimedia.org&utm_campaign=imageinfo&utm_content=original,f48435c0a8840c9c4c3918a220ac15c1e5f49f2e,1073.0,808.0,2009-10-19T22:15:19Z,exact,"harvester downscale, byte-identical",inf,0.0,inf,
casent0101655,Crematogaster,p,data/images/Crematogaster/casent0101655_p.jpg,1.0,1.0,Crematogaster hova latinoda casent0101655 profile 1.jpg,https://upload.wikimedia.org/wikipedia/commons/f/f3/Crematogaster_hova_latinoda_casent0101655_profile_1.jpg?utm_source=commons.wikimedia.org&utm_campaign=imageinfo&utm_content=original,1ceceb29d315ca683df1d863e7c4a2831ed692d1,1504.0,808.0,2009-10-19T08:37:31Z,exact,"harvester downscale, byte-identical",inf,0.0,inf,
casent0101659,Crematogaster,p,data/images/Crematogaster/casent0101659_p.jpg,1.0,1.0,Crematogaster hova casent0101659 profile 1.jpg,https://upload.wikimedia.org/wikipedia/commons/f/f8/Crematogaster_hova_casent0101659_profile_1.jpg?utm_source=commons.wikimedia.org&utm_campaign=imageinfo&utm_content=original,ad0c87575e2c16bfff66ad492ee5760a3f2e8bc3,1209.0,808.0,2009-10-19T01:14:39Z,exact,"harvester downscale, byte-identical",inf,0.0,inf,
casent0101661,Pheidole,p,data/images/Pheidole/casent0101661_p.jpg,1.0,1.0,Pheidole veteratrix angustinoda casent0101661 profile 1.jpg,https://upload.wikimedia.org/wikipedia/commons/b/be/Pheidole_veteratrix_angustinoda_casent0101661_profile_1.jpg?utm_source=commons.wikimedia.org&utm_campaign=imageinfo&utm_content=original,0951768f5f49a39fa023a2c8d770353ae4970db8,1073.0,808.0,2009-10-20T21:22:53Z,exact,"harvester downscale, byte-identical",inf,0.0,inf,
casent0101663,Anochetus,p,data/images/Anochetus/casent0101663_p.jpg,1.0,1.0,Anochetus madagascarensis casent0101663 profile 1.jpg,https://upload.wikimedia.org/wikipedia/commons/d/d7/Anochetus_madagascarensis_casent0101663_profile_1.jpg?utm_source=commons.wikimedia.org&utm_campaign=imageinfo&utm_content=original,a5919d1af498054237bdc58443f140cd21c6fc12,1298.0,808.0,2009-10-20T09:10:53Z,exact,"harvester downscale, byte-identical",inf,0.0,inf,
casent0101668,Pheidole,p,data/images/Pheidole/casent0101668_p.jpg,1.0,1.0,Pheidole sikorae casent0101668 profile 1.jpg,https://upload.wikimedia.org/wikipedia/commons/6/61/Pheidole_sikorae_casent0101668_profile_1.jpg?utm_source=commons.wikimedia.org&utm_campaign=imageinfo&utm_content=original,2480efdd9190f3f6da2c8417ade0c1b9c3b91e68,1133.0,808.0,2009-10-19T21:52:25Z,exact,"harvester downscale, byte-identical",inf,0.0,inf,
casent0101669,Camponotus,p,data/images/Camponotus/casent0101669_p.jpg,1.0,1.0,Camponotus dufouri casent0101669 profile 1.jpg,https://upload.wikimedia.org/wikipedia/commons/b/b0/Camponotus_dufouri_casent0101669_profile_1.jpg?utm_source=commons.wikimedia.org&utm_campaign=imageinfo&utm_content=original,cefcefa36b27021abfa91125c7b79573a5906d2e,1360.0,808.0,2009-10-18T21:36:40Z,exact,"harvester downscale, byte-identical",inf,0.0,inf,
casent0101670,Mystrium,p,data/images/Mystrium/casent0101670_p.jpg,1.0,1.0,Mystrium rogeri casent0101670 profile 1.jpg,https://upload.wikimedia.org/wikipedia/commons/e/e4/Mystrium_rogeri_casent0101670_profile_1.jpg?utm_source=commons.wikimedia.org&utm_campaign=imageinfo&utm_content=original,7fef749c3b24632e819c067af0c1f95f6ec9b57b,1916.0,808.0,2009-10-19T22:29:57Z,exact,"Commons server thumbnail, pixel-identical",inf,0.0,inf,
casent0101674,Anochetus,p,data/images/Anochetus/casent0101674_p.jpg,1.0,1.0,Anochetus madagascarensis casent0101674 profile 1.jpg,https://upload.wikimedia.org/wikipedia/commons/5/59/Anochetus_madagascarensis_casent0101674_profile_1.jpg?utm_source=commons.wikimedia.org&utm_campaign=imageinfo&utm_content=original,3045062cd09a8f471fc857ef12220691e96ccbd1,1456.0,808.0,2009-10-22T02:57:48Z,exact,"harvester downscale, byte-identical",inf,0.0,inf,
casent0101678,Cardiocondyla,p,data/images/Cardiocondyla/casent0101678_p.jpg,1.0,1.0,Cardiocondyla shuckardi casent0101678 profile 1.jpg,https://upload.wikimedia.org/wikipedia/commons/b/bf/Cardiocondyla_shuckardi_casent0101678_profile_1.jpg?utm_source=commons.wikimedia.org&utm_campaign=imageinfo&utm_content=original,dff28d34b4d6b33f7e633e2535dc2a28832f0e90,1217.0,808.0,2009-10-21T03:11:42Z,exact,"harvester downscale, byte-identical",inf,0.0,inf,
casent0101682,Pheidole,p,data/images/Pheidole/casent0101682_p.jpg,1.0,1.0,Pheidole longispinosa casent0101682 profile 1.jpg,https://upload.wikimedia.org/wikipedia/commons/d/dd/Pheidole_longispinosa_casent0101682_profile_1.jpg?utm_source=commons.wikimedia.org&utm_campaign=imageinfo&utm_content=original,01487c5a59f2b1315ae0fa49fadc86ee6010a112,1105.0,808.0,2009-10-18T19:22:52Z,exact,"harvester downscale, byte-identical",inf,0.0,inf,
casent0101683,Crematogaster,p,data/images/Crematogaster/casent0101683_p.jpg,1.0,1.0,Crematogaster sewellei dentata casent0101683 profile 1.jpg,https://upload.wikimedia.org/wikipedia/commons/c/c4/Crematogaster_sewellei_dentata_casent0101683_profile_1.jpg?utm_source=commons.wikimedia.org&utm_campaign=imageinfo&utm_content=original,301bba21c35e9ebdd1075009f612313e51226f9c,1439.0,808.0,2009-10-22T12:15:46Z,exact,"harvester downscale, byte-identical",inf,0.0,inf,
casent0101687,Nesomyrmex,p,data/images/Nesomyrmex/casent0101687_p.jpg,1.0,1.0,Nesomyrmex madecassus casent0101687 profile 1.jpg,https://upload.wikimedia.org/wikipedia/commons/3/31/Nesomyrmex_madecassus_casent0101687_profile_1.jpg?utm_source=commons.wikimedia.org&utm_campaign=imageinfo&utm_content=original,1721b1baee34294ffba4fc25c6396c9fa86b21a7,1160.0,808.0,2009-10-21T19:31:10Z,exact,"harvester downscale, byte-identical",inf,0.0,inf,
casent0101688,Pheidole,p,data/images/Pheidole/casent0101688_p.jpg,1.0,1.0,Pheidole annemariae casent0101688 profile 1.jpg,https://upload.wikimedia.org/wikipedia/commons/7/72/Pheidole_annemariae_casent0101688_profile_1.jpg?utm_source=commons.wikimedia.org&utm_campaign=imageinfo&utm_content=original,bd807322a2e030b3cbdbde084594069525aedaa0,1469.0,808.0,2009-10-18T12:39:44Z,exact,"harvester downscale, byte-identical",inf,0.0,inf,
casent0101690,Crematogaster,p,data/images/Crematogaster/casent0101690_p.jpg,1.0,1.0,Crematogaster degeeri casent0101690 profile 1.jpg,https://upload.wikimedia.org/wikipedia/commons/8/82/Crematogaster_degeeri_casent0101690_profile_1.jpg?utm_source=commons.wikimedia.org&utm_campaign=imageinfo&utm_content=original,e2b8235b585f1139132726f9ecb791ac659a14d3,1422.0,808.0,2009-10-20T20:05:15Z,exact,"harvester downscale, byte-identical",inf,0.0,inf,
casent0101692,Pheidole,p,data/images/Pheidole/casent0101692_p.jpg,1.0,1.0,Pheidole sikorae casent0101692 profile 1.jpg,https://upload.wikimedia.org/wikipedia/commons/9/98/Pheidole_sikorae_casent0101692_profile_1.jpg?utm_source=commons.wikimedia.org&utm_campaign=imageinfo&utm_content=original,a7a492b4e8659cd08b50de192b3e61872b802f89,1308.0,808.0,2009-10-18T22:18:57Z,exact,"harvester downscale, byte-identical",inf,0.0,inf,
casent0101693,Tetramorium,p,data/images/Tetramorium/casent0101693_p.jpg,1.0,1.0,Tetramorium severini casent0101693 profile 1.jpg,https://upload.wikimedia.org/wikipedia/commons/e/e6/Tetramorium_severini_casent0101693_profile_1.jpg?utm_source=commons.wikimedia.org&utm_campaign=imageinfo&utm_content=original,9e0f01cfef757c79c4ce6d927dccc55fc06b0415,1184.0,808.0,2009-10-18T10:00:38Z,exact,"harvester downscale, byte-identical",inf,0.0,inf,
casent0101695,Pheidole,p,data/images/Pheidole/casent0101695_p.jpg,1.0,1.0,Pheidole longispinosa scabrata casent0101695 profile 1.jpg,https://upload.wikimedia.org/wikipedia/commons/0/0d/Pheidole_longispinosa_scabrata_casent0101695_profile_1.jpg?utm_source=commons.wikimedia.org&utm_campaign=imageinfo&utm_content=original,969c008790fcb5727f64d94ba79d881e8f28ad3a,1352.0,808.0,2009-10-19T01:17:46Z,exact,"Commons server thumbnail, byte-identical",inf,0.0,inf,
casent0101696,Terataner,p,data/images/Terataner/casent0101696_p.jpg,1.0,1.0,Terataner alluaudi casent0101696 profile 1.jpg,https://upload.wikimedia.org/wikipedia/commons/3/3a/Terataner_alluaudi_casent0101696_profile_1.jpg?utm_source=commons.wikimedia.org&utm_campaign=imageinfo&utm_content=original,a627a6a70321aef2c818fe49ce2ae3f38afd1acf,1265.0,808.0,2009-10-21T23:19:02Z,exact,"harvester downscale, byte-identical",inf,0.0,inf,
casent0101697,Tetramorium,p,data/images/Tetramorium/casent0101697_p.jpg,1.0,1.0,Tetramorium schaufussii casent0101697 profile 1.jpg,https://upload.wikimedia.org/wikipedia/commons/0/00/Tetramorium_schaufussii_casent0101697_profile_1.jpg?utm_source=commons.wikimedia.org&utm_campaign=imageinfo&utm_content=original,837cce25ae4191868211635f52c20b656bb2fe54,1071.0,808.0,2009-10-21T11:55:20Z,exact,"harvester downscale, byte-identical",inf,0.0,inf,
casent0101703,Terataner,p,data/images/Terataner/casent0101703_p.jpg,1.0,1.0,Terataner foreli casent0101703 profile 1.jpg,https://upload.wikimedia.org/wikipedia/commons/5/5e/Terataner_foreli_casent0101703_profile_1.jpg?utm_source=commons.wikimedia.org&utm_campaign=imageinfo&utm_content=original,3278b6979d3857b7b33d523231b8ebb90d2a91e7,1073.0,808.0,2009-10-22T07:49:01Z,exact,"harvester downscale, byte-identical",inf,0.0,inf,
casent0101704,Camponotus,p,data/images/Camponotus/casent0101704_p.jpg,1.0,1.0,Camponotus cervicalis casent0101704 profile 1.jpg,https://upload.wikimedia.org/wikipedia/commons/4/4d/Camponotus_cervicalis_casent0101704_profile_1.jpg?utm_source=commons.wikimedia.org&utm_campaign=imageinfo&utm_content=original,63ce98c47bc3b70bd9a0ecca4e0e06985193d378,1180.0,808.0,2009-10-20T22:37:12Z,exact,"harvester downscale, byte-identical",inf,0.0,inf,
casent0101705,Technomyrmex,p,data/images/Technomyrmex/casent0101705_p.jpg,1.0,1.0,Technomyrmex madecassus casent0101705 profile 1.jpg,https://upload.wikimedia.org/wikipedia/commons/2/25/Technomyrmex_madecassus_casent0101705_profile_1.jpg?utm_source=commons.wikimedia.org&utm_campaign=imageinfo&utm_content=original,a77aee1ef625067b857de750215fc2bac5a7f662,1020.0,808.0,2009-10-22T19:41:58Z,exact,"harvester downscale, byte-identical",inf,0.0,inf,
casent0101707,Pheidole,p,data/images/Pheidole/casent0101707_p.jpg,1.0,1.0,Pheidole madecassa casent0101707 profile 1.jpg,https://upload.wikimedia.org/wikipedia/commons/b/bb/Pheidole_madecassa_casent0101707_profile_1.jpg?utm_source=commons.wikimedia.org&utm_campaign=imageinfo&utm_content=original,90b59e804c9693324d07055d32851328f97e8829,1126.0,808.0,2009-10-22T10:55:58Z,exact,"harvester downscale, byte-identical",inf,0.0,inf,
casent0101710,Mystrium,p,data/images/Mystrium/casent0101710_p.jpg,1.0,1.0,Mystrium voeltzkowi casent0101710 profile 1.jpg,https://upload.wikimedia.org/wikipedia/commons/9/95/Mystrium_voeltzkowi_casent0101710_profile_1.jpg?utm_source=commons.wikimedia.org&utm_campaign=imageinfo&utm_content=original,b1d0477bd459527d53435f3f3e5ee8c856eadb1c,1439.0,808.0,2009-10-20T10:10:21Z,exact,"Commons server thumbnail, byte-identical",inf,0.0,inf,
casent0101711,Lioponera,p,data/images/Lioponera/casent0101711_p.jpg,1.0,1.0,Cerapachys kraepelinii casent0101711 profile 1.jpg,https://upload.wikimedia.org/wikipedia/commons/6/66/Cerapachys_kraepelinii_casent0101711_profile_1.jpg?utm_source=commons.wikimedia.org&utm_campaign=imageinfo&utm_content=original,508114f8e8d5ef88287d71d467a8d7cb13c8025a,1065.0,808.0,2009-10-19T02:45:27Z,exact,"harvester downscale, byte-identical",inf,0.0,inf,
casent0101712,Anochetus,p,data/images/Anochetus/casent0101712_p.jpg,1.0,1.0,Anochetus madagascarensis casent0101712 profile 1.jpg,https://upload.wikimedia.org/wikipedia/commons/0/0e/Anochetus_madagascarensis_casent0101712_profile_1.jpg?utm_source=commons.wikimedia.org&utm_campaign=imageinfo&utm_content=original,57fe640ba85dc00347d6b2ddb64cf7966b652217,2595.0,808.0,2009-10-19T20:45:04Z,exact,"harvester downscale, byte-identical",inf,0.0,inf,
casent0101713,Tetraponera,p,data/images/Tetraponera/casent0101713_p.jpg,1.0,1.0,Tetraponera rakotonis casent0101713 profile 1.jpg,https://upload.wikimedia.org/wikipedia/commons/7/70/Tetraponera_rakotonis_casent0101713_profile_1.jpg?utm_source=commons.wikimedia.org&utm_campaign=imageinfo&utm_content=original,ae7b65b67e26937a4367c4f6335867b1f84a60c7,1510.0,808.0,2009-10-19T05:42:49Z,exact,"harvester downscale, byte-identical",inf,0.0,inf,
casent0101714,Leptogenys,p,data/images/Leptogenys/casent0101714_p.jpg,1.0,1.0,Leptogenys truncatirostris casent0101714 profile 1.jpg,https://upload.wikimedia.org/wikipedia/commons/d/d4/Leptogenys_truncatirostris_casent0101714_profile_1.jpg?utm_source=commons.wikimedia.org&utm_campaign=imageinfo&utm_content=original,1cd0818c6dcae73372bd7ad4c99b3e7059c8cec1,1424.0,808.0,2009-10-18T07:33:33Z,exact,"harvester downscale, byte-identical",inf,0.0,inf,
casent0101715,Tetraponera,p,data/images/Tetraponera/casent0101715_p.jpg,1.0,1.0,Tetraponera morondaviensis casent0101715 profile 1.jpg,https://upload.wikimedia.org/wikipedia/commons/e/e1/Tetraponera_morondaviensis_casent0101715_profile_1.jpg?utm_source=commons.wikimedia.org&utm_campaign=imageinfo&utm_content=original,30b0084f0928fac40de00aca787e14ecdb8d4d21,1846.0,808.0,2009-10-19T02:18:04Z,exact,"harvester downscale, byte-identical",inf,0.0,inf,
casent0101716,Pheidole,p,data/images/Pheidole/casent0101716_p.jpg,1.0,1.0,Pheidole oswaldi decollata casent0101716 profile 1.jpg,https://upload.wikimedia.org/wikipedia/commons/b/bf/Pheidole_oswaldi_decollata_casent0101716_profile_1.jpg?utm_source=commons.wikimedia.org&utm_campaign=imageinfo&utm_content=original,fa0e1eebcec394a76e9634e1938e7ff5a586fb5f,1307.0,808.0,2009-10-21T05:17:59Z,exact,"harvester downscale, byte-identical",inf,0.0,inf,
casent0101718,Platythyrea,p,data/images/Platythyrea/casent0101718_p.jpg,1.0,1.0,Platythyrea arthuri casent0101718 profile 1.jpg,https://upload.wikimedia.org/wikipedia/commons/2/2d/Platythyrea_arthuri_casent0101718_profile_1.jpg?utm_source=commons.wikimedia.org&utm_campaign=imageinfo&utm_content=original,84995fb633e7e27baf799a591305686f0eff314a,2489.0,808.0,2009-10-22T04:45:07Z,exact,"harvester downscale, byte-identical",inf,0.0,inf,
casent0101720,Pheidole,p,data/images/Pheidole/casent0101720_p.jpg,1.0,1.0,Pheidole oswaldi decollata casent0101720 profile 1.jpg,https://upload.wikimedia.org/wikipedia/commons/3/33/Pheidole_oswaldi_decollata_casent0101720_profile_1.jpg?utm_source=commons.wikimedia.org&utm_campaign=imageinfo&utm_content=original,ac8dfa8103b42ffc5be8bff3bcff59b4402ffb5a,1284.0,808.0,2009-10-19T07:44:26Z,exact,"harvester downscale, byte-identical",inf,0.0,inf,
casent0101721,Tetramorium,p,data/images/Tetramorium/casent0101721_p.jpg,1.0,1.0,Tetramorium delagoense casent0101721 profile 1.jpg,https://upload.wikimedia.org/wikipedia/commons/e/e3/Tetramorium_delagoense_casent0101721_profile_1.jpg?utm_source=commons.wikimedia.org&utm_campaign=imageinfo&utm_content=original,38ddb6c954079ba019554206558e99c89852fa2c,1099.0,808.0,2009-10-21T19:09:20Z,exact,"harvester downscale, byte-identical",inf,0.0,inf,
casent0101722,Platythyrea,p,data/images/Platythyrea/casent0101722_p.jpg,1.0,1.0,Platythyrea mocquerysi casent0101722 profile 1.jpg,https://upload.wikimedia.org/wikipedia/commons/d/d2/Platythyrea_mocquerysi_casent0101722_profile_1.jpg?utm_source=commons.wikimedia.org&utm_campaign=imageinfo&utm_content=original,aa7251064d0db28d98840aae2ea281772c28eb51,1845.0,808.0,2009-10-22T18:40:09Z,exact,"harvester downscale, byte-identical",inf,0.0,inf,
casent0101723,Leptogenys,p,data/images/Leptogenys/casent0101723_p.jpg,1.0,1.0,Leptogenys incisa casent0101723 profile 1.jpg,https://upload.wikimedia.org/wikipedia/commons/f/f9/Leptogenys_incisa_casent0101723_profile_1.jpg?utm_source=commons.wikimedia.org&utm_campaign=imageinfo&utm_content=original,183e878514b46744f47cc0bc3a57cddbe8100116,1276.0,808.0,2009-10-21T07:26:25Z,exact,"harvester downscale, byte-identical",inf,0.0,inf,
casent0101724,Pheidole,p,data/images/Pheidole/casent0101724_p.jpg,1.0,1.0,Pheidole oswaldi casent0101724 profile 1.jpg,https://upload.wikimedia.org/wikipedia/commons/5/56/Pheidole_oswaldi_casent0101724_profile_1.jpg?utm_source=commons.wikimedia.org&utm_campaign=imageinfo&utm_content=original,3673b9693d39ed351a7672fdc426c9ab84704ec5,1165.0,808.0,2009-10-20T08:41:35Z,exact,"harvester downscale, byte-identical",inf,0.0,inf,
casent0101727,Leptogenys,p,data/images/Leptogenys/casent0101727_p.jpg,1.0,1.0,Leptogenys truncatirostris casent0101727 profile 1.jpg,https://upload.wikimedia.org/wikipedia/commons/e/e4/Leptogenys_truncatirostris_casent0101727_profile_1.jpg?utm_source=commons.wikimedia.org&utm_campaign=imageinfo&utm_content=original,4db9a33d36774dc2681b89f387a245d11ab949e1,1602.0,808.0,2009-10-20T05:29:45Z,exact,"Commons server thumbnail, byte-identical",inf,0.0,inf,
casent0101729,Anochetus,p,data/images/Anochetus/casent0101729_p.jpg,1.0,1.0,Anochetus madagascarensis casent0101729 profile 1.jpg,https://upload.wikimedia.org/wikipedia/commons/1/1b/Anochetus_madagascarensis_casent0101729_profile_1.jpg?utm_source=commons.wikimedia.org&utm_campaign=imageinfo&utm_content=original,e0a2b04135dab19211d9710af2b4592329065ecf,1475.0,808.0,2009-10-21T21:58:14Z,exact,"harvester downscale, byte-identical",inf,0.0,inf,
casent0101731,Crematogaster,p,data/images/Crematogaster/casent0101731_p.jpg,1.0,1.0,Crematogaster agnetis casent0101731 profile 1.jpg,https://upload.wikimedia.org/wikipedia/commons/5/55/Crematogaster_agnetis_casent0101731_profile_1.jpg?utm_source=commons.wikimedia.org&utm_campaign=imageinfo&utm_content=original,40b376225bd6d1e3a297d8a564e7d0645ab59e77,1415.0,808.0,2009-10-19T20:54:41Z,exact,"harvester downscale, byte-identical",inf,0.0,inf,
casent0101733,Lioponera,p,data/images/Lioponera/casent0101733_p.jpg,1.0,1.0,Cerapachys kraepelinii casent0101733 profile 1.jpg,https://upload.wikimedia.org/wikipedia/commons/d/d3/Cerapachys_kraepelinii_casent0101733_profile_1.jpg?utm_source=commons.wikimedia.org&utm_campaign=imageinfo&utm_content=original,bff269dbe85cda29e36049c9402b23fade5f4ed2,1311.0,808.0,2009-10-18T20:40:19Z,exact,"harvester downscale, byte-identical",inf,0.0,inf,
casent0101735,Crematogaster,p,data/images/Crematogaster/casent0101735_p.jpg,1.0,1.0,Crematogaster kelleri casent0101735 profile 1.jpg,https://upload.wikimedia.org/wikipedia/commons/3/3c/Crematogaster_kelleri_casent0101735_profile_1.jpg?utm_source=commons.wikimedia.org&utm_campaign=imageinfo&utm_content=original,da4fb99e3974c13a80ee2f06f618f45893150eed,1145.0,808.0,2009-10-22T15:16:25Z,exact,"harvester downscale, byte-identical",inf,0.0,inf,
casent0101738,Tetraponera,p,data/images/Tetraponera/casent0101738_p.jpg,1.0,1.0,Tetraponera exasciata casent0101738 profile 1.jpg,https://upload.wikimedia.org/wikipedia/commons/8/89/Tetraponera_exasciata_casent0101738_profile_1.jpg?utm_source=commons.wikimedia.org&utm_campaign=imageinfo&utm_content=original,bc76b843fb72a4e3c4fb2be30939a9b0458997fa,1456.0,808.0,2009-10-18T18:21:14Z,exact,"harvester downscale, byte-identical",inf,0.0,inf,
casent0101740,Tetraponera,p,data/images/Tetraponera/casent0101740_p.jpg,1.0,1.0,Tetraponera grandidieri casent0101740 profile 1.jpg,https://upload.wikimedia.org/wikipedia/commons/9/9c/Tetraponera_grandidieri_casent0101740_profile_1.jpg?utm_source=commons.wikimedia.org&utm_campaign=imageinfo&utm_content=original,0b5e1418a4123f0f9493d7c2c3c744f7be8f8ba5,1542.0,808.0,2009-10-22T23:06:32Z,exact,"harvester downscale, byte-identical",inf,0.0,inf,
casent0101742,Crematogaster,p,data/images/Crematogaster/casent0101742_p.jpg,1.0,1.0,Crematogaster emmae laticeps casent0101742 profile 1.jpg,https://upload.wikimedia.org/wikipedia/commons/8/84/Crematogaster_emmae_laticeps_casent0101742_profile_1.jpg?utm_source=commons.wikimedia.org&utm_campaign=imageinfo&utm_content=original,b1a98c3637b5308f2c7c58a0ba9d33dd6f65a9fb,1201.0,808.0,2009-10-22T15:20:30Z,exact,"harvester downscale, byte-identical",inf,0.0,inf,
casent0101744,Tetramorium,p,data/images/Tetramorium/casent0101744_p.jpg,1.0,1.0,Tetramorium bessonii casent0101744 profile 1.jpg,https://upload.wikimedia.org/wikipedia/commons/9/9e/Tetramorium_bessonii_casent0101744_profile_1.jpg?utm_source=commons.wikimedia.org&utm_campaign=imageinfo&utm_content=original,24d1fbfda2e63c7d513ce30c7da6a92a06eafa6f,1302.0,808.0,2009-10-20T09:40:11Z,exact,"harvester downscale, byte-identical",inf,0.0,inf,
casent0101745,Pheidole,p,data/images/Pheidole/casent0101745_p.jpg,1.0,1.0,Pheidole voeltzkowii casent0101745 profile 1.jpg,https://upload.wikimedia.org/wikipedia/commons/a/ad/Pheidole_voeltzkowii_casent0101745_profile_1.jpg?utm_source=commons.wikimedia.org&utm_campaign=imageinfo&utm_content=original,107cc3e19926583f4043958e2989b532485503e5,1105.0,808.0,2009-10-21T09:57:31Z,exact,"harvester downscale, byte-identical",inf,0.0,inf,
casent0101747,Camponotus,p,data/images/Camponotus/casent0101747_p.jpg,1.0,1.0,Camponotus maculatus casent0101747 profile 1.jpg,https://upload.wikimedia.org/wikipedia/commons/1/11/Camponotus_maculatus_casent0101747_profile_1.jpg?utm_source=commons.wikimedia.org&utm_campaign=imageinfo&utm_content=original,e541482321d1cc2e05d2a595f2095bac44b2bb9f,1212.0,808.0,2009-10-20T15:14:31Z,exact,"harvester downscale, byte-identical",inf,0.0,inf,
casent0101748,Crematogaster,p,data/images/Crematogaster/casent0101748_p.jpg,1.0,1.0,Crematogaster schencki casent0101748 profile 1.jpg,https://upload.wikimedia.org/wikipedia/commons/b/b1/Crematogaster_schencki_casent0101748_profile_1.jpg?utm_source=commons.wikimedia.org&utm_campaign=imageinfo&utm_content=original,a986d78d6e2130d0cd6d74f3549292b76431e91c,1542.0,808.0,2009-10-20T10:00:54Z,exact,"Commons server thumbnail, pixel-identical",inf,0.0,inf,
casent0101749,Nylanderia,p,data/images/Nylanderia/casent0101749_p.jpg,1.0,1.0,Paratrechina amblyops casent0101749 profile 1.jpg,https://upload.wikimedia.org/wikipedia/commons/a/aa/Paratrechina_amblyops_casent0101749_profile_1.jpg?utm_source=commons.wikimedia.org&utm_campaign=imageinfo&utm_content=original,ef2baf01663443c829b9a47588dd8ed220d84ffd,1284.0,808.0,2009-10-20T05:38:01Z,exact,"harvester downscale, byte-identical",inf,0.0,inf,
casent0101750,Crematogaster,p,data/images/Crematogaster/casent0101750_p.jpg,1.0,1.0,Crematogaster rasoherinae brunneola casent0101750 profile 1.jpg,https://upload.wikimedia.org/wikipedia/commons/0/07/Crematogaster_rasoherinae_brunneola_casent0101750_profile_1.jpg?utm_source=commons.wikimedia.org&utm_campaign=imageinfo&utm_content=original,b684dc0c8049252841ad961d58aa2de95ddbeefd,1426.0,808.0,2009-10-22T16:47:00Z,exact,"harvester downscale, byte-identical",inf,0.0,inf,
casent0101755,Pheidole,p,data/images/Pheidole/casent0101755_p.jpg,1.0,1.0,Pheidole picata casent0101755 profile 1.jpg,https://upload.wikimedia.org/wikipedia/commons/2/20/Pheidole_picata_casent0101755_profile_1.jpg?utm_source=commons.wikimedia.org&utm_campaign=imageinfo&utm_content=original,32d56f7afbadd1394035ac56f7e7ac7fe9a2861b,1076.0,808.0,2009-10-21T01:52:27Z,exact,"harvester downscale, byte-identical",inf,0.0,inf,
casent0101756,Anochetus,p,data/images/Anochetus/casent0101756_p.jpg,1.0,1.0,Anochetus madagascarensis casent0101756 profile 1.jpg,https://upload.wikimedia.org/wikipedia/commons/f/f0/Anochetus_madagascarensis_casent0101756_profile_1.jpg?utm_source=commons.wikimedia.org&utm_campaign=imageinfo&utm_content=original,de95f65ddf82b14aa36b0cb855ab50fe717d8ca4,1187.0,808.0,2009-10-22T03:45:10Z,exact,"harvester downscale, byte-identical",inf,0.0,inf,
casent0101761,Crematogaster,p,data/images/Crematogaster/casent0101761_p.jpg,1.0,1.0,Crematogaster hova latinoda casent0101761 profile 1.jpg,https://upload.wikimedia.org/wikipedia/commons/c/c8/Crematogaster_hova_latinoda_casent0101761_profile_1.jpg?utm_source=commons.wikimedia.org&utm_campaign=imageinfo&utm_content=original,353796791192d1bd496f974d7a26120817d23544,958.0,808.0,2009-10-20T19:04:08Z,exact,"harvester downscale, byte-identical",inf,0.0,inf,
casent0101762,Crematogaster,p,data/images/Crematogaster/casent0101762_p.jpg,1.0,1.0,Crematogaster ranavalonae casent0101762 profile 1.jpg,https://upload.wikimedia.org/wikipedia/commons/f/f8/Crematogaster_ranavalonae_casent0101762_profile_1.jpg?utm_source=commons.wikimedia.org&utm_campaign=imageinfo&utm_content=original,a5082ab82be9e09adecf96cf418305ca61e01383,1073.0,808.0,2009-10-21T09:16:51Z,exact,"harvester downscale, byte-identical",inf,0.0,inf,
casent0101766,Platythyrea,p,data/images/Platythyrea/casent0101766_p.jpg,1.0,1.0,Platythyrea bicuspis casent0101766 profile 1.jpg,https://upload.wikimedia.org/wikipedia/commons/4/47/Platythyrea_bicuspis_casent0101766_profile_1.jpg?utm_source=commons.wikimedia.org&utm_campaign=imageinfo&utm_content=original,f61b24425845efab573df0dbc2ade9038f2c254d,1845.0,808.0,2009-10-18T22:29:06Z,exact,"harvester downscale, byte-identical",inf,0.0,inf,
casent0101767,Pheidole,p,data/images/Pheidole/casent0101767_p.jpg,1.0,1.0,Pheidole megacephala casent0101767 profile 1.jpg,https://upload.wikimedia.org/wikipedia/commons/e/e2/Pheidole_megacephala_casent0101767_profile_1.jpg?utm_source=commons.wikimedia.org&utm_campaign=imageinfo&utm_content=original,3f8a59f537503512f83e9ec88710162f92e17d17,1389.0,808.0,2009-10-22T11:53:44Z,exact,"harvester downscale, byte-identical",inf,0.0,inf,
casent0101769,Crematogaster,p,data/images/Crematogaster/casent0101769_p.jpg,1.0,1.0,Crematogaster adrepens casent0101769 profile 1.jpg,https://upload.wikimedia.org/wikipedia/commons/5/50/Crematogaster_adrepens_casent0101769_profile_1.jpg?utm_source=commons.wikimedia.org&utm_campaign=imageinfo&utm_content=original,ce70addf96c2aa52a954e3ce7372f30c42022656,1106.0,808.0,2009-10-21T06:23:43Z,exact,"harvester downscale, byte-identical",inf,0.0,inf,
casent0101770,Bothroponera,p,data/images/Bothroponera/casent0101770_p.jpg,1.0,1.0,Pachycondyla cambouei casent0101770 profile 1.jpg,https://upload.wikimedia.org/wikipedia/commons/e/e9/Pachycondyla_cambouei_casent0101770_profile_1.jpg?utm_source=commons.wikimedia.org&utm_campaign=imageinfo&utm_content=original,5a0a87660f6217f5e1c06fea33c0a654d0f579db,1518.0,808.0,2009-10-21T03:25:22Z,exact,"Commons server thumbnail, byte-identical",inf,0.0,inf,
casent0101771,Crematogaster,p,data/images/Crematogaster/casent0101771_p.jpg,1.0,1.0,Crematogaster inops casent0101771 profile 1.jpg,https://upload.wikimedia.org/wikipedia/commons/2/26/Crematogaster_inops_casent0101771_profile_1.jpg?utm_source=commons.wikimedia.org&utm_campaign=imageinfo&utm_content=original,1b551b8ee43bb1f23b5dec030a0c23f99986fadb,1118.0,808.0,2009-10-22T09:09:58Z,exact,"harvester downscale, byte-identical",inf,0.0,inf,
casent0101772,Cataulacus,p,data/images/Cataulacus/casent0101772_p.jpg,1.0,1.0,Cataulacus porcatus casent0101772 profile 1.jpg,https://upload.wikimedia.org/wikipedia/commons/7/75/Cataulacus_porcatus_casent0101772_profile_1.jpg?utm_source=commons.wikimedia.org&utm_campaign=imageinfo&utm_content=original,095553eb466462622c47422d5316ff31dabcff5c,1291.0,808.0,2009-10-22T21:12:20Z,exact,"harvester downscale, byte-identical",inf,0.0,inf,
casent0101773,Crematogaster,p,data/images/Crematogaster/casent0101773_p.jpg,1.0,1.0,Crematogaster lobata casent0101773 profile 1.jpg,https://upload.wikimedia.org/wikipedia/commons/b/bc/Crematogaster_lobata_casent0101773_profile_1.jpg?utm_source=commons.wikimedia.org&utm_campaign=imageinfo&utm_content=original,6081c1a15b0608f9a3a1f9a7e9eea489dc4d44d0,1178.0,808.0,2009-10-22T12:47:27Z,exact,"harvester downscale, byte-identical",inf,0.0,inf,
casent0101777,Camponotus,p,data/images/Camponotus/casent0101777_p.jpg,1.0,1.0,Camponotus hova becki casent0101777 profile 1.jpg,https://upload.wikimedia.org/wikipedia/commons/f/f8/Camponotus_hova_becki_casent0101777_profile_1.jpg?utm_source=commons.wikimedia.org&utm_campaign=imageinfo&utm_content=original,0d3a5ebbddb3d44fa01c463951dbcbade4582d2b,1362.0,808.0,2009-10-22T21:14:26Z,exact,"harvester downscale, byte-identical",inf,0.0,inf,
casent0101779,Camponotus,p,data/images/Camponotus/casent0101779_p.jpg,1.0,1.0,Camponotus cervicalis casent0101779 profile 1.jpg,https://upload.wikimedia.org/wikipedia/commons/6/6a/Camponotus_cervicalis_casent0101779_profile_1.jpg?utm_source=commons.wikimedia.org&utm_campaign=imageinfo&utm_content=original,6d3a266559481ee0f54337c041cede918d14747d,1073.0,808.0,2009-10-21T07:27:05Z,exact,"harvester downscale, byte-identical",inf,0.0,inf,
casent0101780,Pheidole,p,data/images/Pheidole/casent0101780_p.jpg,1.0,1.0,Pheidole ensifera casent0101780 profile 1.jpg,https://upload.wikimedia.org/wikipedia/commons/7/72/Pheidole_ensifera_casent0101780_profile_1.jpg?utm_source=commons.wikimedia.org&utm_campaign=imageinfo&utm_content=original,283ce4ea7c5012d02652fb12ab0cf45f1eb522b1,1400.0,808.0,2009-10-21T05:04:36Z,exact,"harvester downscale, byte-identical",inf,0.0,inf,
casent0101781,Nylanderia,p,data/images/Nylanderia/casent0101781_p.jpg,1.0,1.0,Paratrechina madagascarensis ellisii casent0101781 profile 1.jpg,https://upload.wikimedia.org/wikipedia/commons/9/98/Paratrechina_madagascarensis_ellisii_casent0101781_profile_1.jpg?utm_source=commons.wikimedia.org&utm_campaign=imageinfo&utm_content=original,947fcd881c688dd7358241657b3074b47adeeb41,1369.0,808.0,2009-10-21T12:39:17Z,exact,"harvester downscale, byte-identical",inf,0.0,inf,
casent0101786,Crematogaster,p,data/images/Crematogaster/casent0101786_p.jpg,1.0,1.0,Crematogaster schencki casent0101786 profile 1.jpg,https://upload.wikimedia.org/wikipedia/commons/d/db/Crematogaster_schencki_casent0101786_profile_1.jpg?utm_source=commons.wikimedia.org&utm_campaign=imageinfo&utm_content=original,34ae3770e46b1ad248197ddc87d240a3af32a329,1267.0,808.0,2009-10-22T09:37:52Z,exact,"harvester downscale, byte-identical",inf,0.0,inf,
casent0101787,Hypoponera,p,data/images/Hypoponera/casent0101787_p.jpg,1.0,1.0,Hypoponera indigens bellicosa casent0101787 profile 1.jpg,https://upload.wikimedia.org/wikipedia/commons/7/7e/Hypoponera_indigens_bellicosa_casent0101787_profile_1.jpg?utm_source=commons.wikimedia.org&utm_campaign=imageinfo&utm_content=original,03e3f3ecc13d33933087d49813d7c8ae1944ba07,1598.0,808.0,2009-10-20T23:55:47Z,exact,"Commons server thumbnail, pixel-identical",inf,0.0,inf,
casent0101788,Camponotus,p,data/images/Camponotus/casent0101788_p.jpg,1.0,1.0,Camponotus roeseli casent0101788 profile 1.jpg,https://upload.wikimedia.org/wikipedia/commons/0/0f/Camponotus_roeseli_casent0101788_profile_1.jpg?utm_source=commons.wikimedia.org&utm_campaign=imageinfo&utm_content=original,2b7458ed474fa177ab83f21a795d9bb67355e5c1,1210.0,808.0,2009-10-19T08:05:48Z,exact,"harvester downscale, byte-identical",inf,0.0,inf,
casent0101789,Tetraponera,p,data/images/Tetraponera/casent0101789_p.jpg,1.0,1.0,Tetraponera rakotonis casent0101789 profile 1.jpg,https://upload.wikimedia.org/wikipedia/commons/3/37/Tetraponera_rakotonis_casent0101789_profile_1.jpg?utm_source=commons.wikimedia.org&utm_campaign=imageinfo&utm_content=original,f3c036f6c0755152244ffd6a1ff56c15b7df2d97,1193.0,808.0,2009-10-20T10:57:54Z,exact,"harvester downscale, byte-identical",inf,0.0,inf,
casent0101790,Crematogaster,p,data/images/Crematogaster/casent0101790_p.jpg,1.0,1.0,Crematogaster ensifera casent0101790 profile 1.jpg,https://upload.wikimedia.org/wikipedia/commons/7/76/Crematogaster_ensifera_casent0101790_profile_1.jpg?utm_source=commons.wikimedia.org&utm_campaign=imageinfo&utm_content=original,57d83626c512f1baeb4b225a3724541e4c8b9da6,1450.0,808.0,2009-10-22T19:57:36Z,exact,"harvester downscale, byte-identical",inf,0.0,inf,
casent0101791,Technomyrmex,p,data/images/Technomyrmex/casent0101791_p.jpg,1.0,1.0,Technomyrmex difficilis casent0101791 profile 1.jpg,https://upload.wikimedia.org/wikipedia/commons/6/6e/Technomyrmex_difficilis_casent0101791_profile_1.jpg?utm_source=commons.wikimedia.org&utm_campaign=imageinfo&utm_content=original,57ddc3c297033de9dec60ef002c8369737435d77,1073.0,808.0,2009-10-19T08:55:59Z,exact,"harvester downscale, byte-identical",inf,0.0,inf,
casent0101792,Hypoponera,p,data/images/Hypoponera/casent0101792_p.jpg,1.0,1.0,Hypoponera indigens bellicosa casent0101792 profile 1.jpg,https://upload.wikimedia.org/wikipedia/commons/7/7d/Hypoponera_indigens_bellicosa_casent0101792_profile_1.jpg?utm_source=commons.wikimedia.org&utm_campaign=imageinfo&utm_content=original,6a04d8dbaba922d43afbdb700f666b9bc9f17eae,1161.0,808.0,2009-10-18T08:02:45Z,exact,"harvester downscale, byte-identical",inf,0.0,inf,
casent0101795,Leptogenys,p,data/images/Leptogenys/casent0101795_p.jpg,1.0,1.0,Leptogenys incisa casent0101795 profile 1.jpg,https://upload.wikimedia.org/wikipedia/commons/0/00/Leptogenys_incisa_casent0101795_profile_1.jpg?utm_source=commons.wikimedia.org&utm_campaign=imageinfo&utm_content=original,978f13ccf012880e3a98aa68de2c7f36b5f3d9b7,1548.0,808.0,2009-10-20T00:29:31Z,exact,"harvester downscale, byte-identical",inf,0.0,inf,
casent0101798,Leptogenys,p,data/images/Leptogenys/casent0101798_p.jpg,1.0,1.0,Leptogenys angusta casent0101798 profile 1.jpg,https://upload.wikimedia.org/wikipedia/commons/6/61/Leptogenys_angusta_casent0101798_profile_1.jpg?utm_source=commons.wikimedia.org&utm_campaign=imageinfo&utm_content=original,ac9ec3acaf8e1f5e3650bd96a8eefd13abe2e64d,1740.0,808.0,2009-10-21T12:12:11Z,exact,"harvester downscale, byte-identical",inf,0.0,inf,
casent0101802,Crematogaster,p,data/images/Crematogaster/casent0101802_p.jpg,1.0,1.0,Crematogaster marthae casent0101802 profile 1.jpg,https://upload.wikimedia.org/wikipedia/commons/f/f6/Crematogaster_marthae_casent0101802_profile_1.jpg?utm_source=commons.wikimedia.org&utm_campaign=imageinfo&utm_content=original,870ffd05fde494e2d441515f1ce64f01a6f20ae8,1473.0,808.0,2009-10-19T08:27:55Z,exact,"harvester downscale, byte-identical",inf,0.0,inf,
casent0101804,Crematogaster,p,data/images/Crematogaster/casent0101804_p.jpg,1.0,1.0,Crematogaster hova casent0101804 profile 1.jpg,https://upload.wikimedia.org/wikipedia/commons/2/2e/Crematogaster_hova_casent0101804_profile_1.jpg?utm_source=commons.wikimedia.org&utm_campaign=imageinfo&utm_content=original,9288f41265099e5b7cbf63773940fdd239e96441,1134.0,808.0,2009-10-22T15:47:58Z,exact,"harvester downscale, byte-identical",inf,0.0,inf,
casent0101805,Leptogenys,p,data/images/Leptogenys/casent0101805_p.jpg,1.0,1.0,Leptogenys saussurei casent0101805 profile 1.jpg,https://upload.wikimedia.org/wikipedia/commons/9/99/Leptogenys_saussurei_casent0101805_profile_1.jpg?utm_source=commons.wikimedia.org&utm_campaign=imageinfo&utm_content=original,d412ca659e7de9600d0531239e50666ee48d2b9a,1318.0,808.0,2009-10-22T21:06:28Z,exact,"harvester downscale, byte-identical",inf,0.0,inf,
casent0101806,Platythyrea,p,data/images/Platythyrea/casent0101806_p.jpg,1.0,1.0,Platythyrea mocquerysi casent0101806 profile 1.jpg,https://upload.wikimedia.org/wikipedia/commons/3/38/Platythyrea_mocquerysi_casent0101806_profile_1.jpg?utm_source=commons.wikimedia.org&utm_campaign=imageinfo&utm_content=original,9fb4a59cfe308223f193815636402562a62d4213,1646.0,808.0,2009-10-19T07:39:05Z,exact,"harvester downscale, byte-identical",inf,0.0,inf,
casent0101812,Camponotus,p,data/images/Camponotus/casent0101812_p.jpg,1.0,1.0,Camponotus dufouri imerinensis casent0101812 profile 1.jpg,https://upload.wikimedia.org/wikipedia/commons/1/10/Camponotus_dufouri_imerinensis_casent0101812_profile_1.jpg?utm_source=commons.wikimedia.org&utm_campaign=imageinfo&utm_content=original,9305cf8415b6c9addfd18d8a3a039cb3679aa197,1011.0,808.0,2009-10-22T06:09:37Z,exact,"harvester downscale, byte-identical",inf,0.0,inf,
casent0101814,Tetramorium,p,data/images/Tetramorium/casent0101814_p.jpg,1.0,1.0,Tetramorium steinheili casent0101814 profile 1.jpg,https://upload.wikimedia.org/wikipedia/commons/4/46/Tetramorium_steinheili_casent0101814_profile_1.jpg?utm_source=commons.wikimedia.org&utm_campaign=imageinfo&utm_content=original,e360c54fcef0e6acd58bc75f4a4ef10642df4bc4,1040.0,808.0,2009-10-22T13:27:44Z,exact,"harvester downscale, byte-identical",inf,0.0,inf,
casent0101819,Anochetus,p,data/images/Anochetus/casent0101819_p.jpg,1.0,1.0,Anochetus grandidieri casent0101819 profile 1.jpg,https://upload.wikimedia.org/wikipedia/commons/2/20/Anochetus_grandidieri_casent0101819_profile_1.jpg?utm_source=commons.wikimedia.org&utm_campaign=imageinfo&utm_content=original,fb07ab327183142a31affdd04671cb27c69176ff,1301.0,808.0,2009-10-21T16:33:28Z,exact,"Commons server thumbnail, byte-identical",inf,0.0,inf,
casent0101821,Tetramorium,p,data/images/Tetramorium/casent0101821_p.jpg,1.0,1.0,Tetramorium andrei casent0101821 profile 1.jpg,https://upload.wikimedia.org/wikipedia/commons/5/5c/Tetramorium_andrei_casent0101821_profile_1.jpg?utm_source=commons.wikimedia.org&utm_campaign=imageinfo&utm_content=original,e539b156a72d4e93c668d7f91e34b83c150a4313,1102.0,808.0,2009-10-20T19:06:19Z,exact,"harvester downscale, byte-identical",inf,0.0,inf,
casent0101823,Technomyrmex,p,data/images/Technomyrmex/casent0101823_p.jpg,1.0,1.0,Technomyrmex difficilis casent0101823 profile 1.jpg,https://upload.wikimedia.org/wikipedia/commons/3/30/Technomyrmex_difficilis_casent0101823_profile_1.jpg?utm_source=commons.wikimedia.org&utm_campaign=imageinfo&utm_content=original,ac3d9bf2e5cd5d2ea6ae1682ce0a8c25da8e6669,1636.0,808.0,2009-10-19T05:44:02Z,exact,"harvester downscale, byte-identical",inf,0.0,inf,
casent0101824,Crematogaster,p,data/images/Crematogaster/casent0101824_p.jpg,1.0,1.0,Crematogaster ranavalonae paulinae casent0101824 profile 1.jpg,https://upload.wikimedia.org/wikipedia/commons/4/42/Crematogaster_ranavalonae_paulinae_casent0101824_profile_1.jpg?utm_source=commons.wikimedia.org&utm_campaign=imageinfo&utm_content=original,b723767ba3412c5e6e6107b78dac59375a4d8533,1173.0,808.0,2009-10-19T09:25:27Z,exact,"harvester downscale, byte-identical",inf,0.0,inf,
casent0101825,Leptogenys,p,data/images/Leptogenys/casent0101825_p.jpg,1.0,1.0,Leptogenys incisa casent0101825 profile 1.jpg,https://upload.wikimedia.org/wikipedia/commons/5/5a/Leptogenys_incisa_casent0101825_profile_1.jpg?utm_source=commons.wikimedia.org&utm_campaign=imageinfo&utm_content=original,f0aaccbba8ebb6cc4dcd9b7f2ad17541f2e0c21f,1364.0,808.0,2009-10-21T06:33:52Z,exact,"harvester downscale, byte-identical",inf,0.0,inf,
casent0101827,Lioponera,p,data/images/Lioponera/casent0101827_p.jpg,1.0,1.0,Cerapachys mayri casent0101827 profile 1.jpg,https://upload.wikimedia.org/wikipedia/commons/4/43/Cerapachys_mayri_casent0101827_profile_1.jpg?utm_source=commons.wikimedia.org&utm_campaign=imageinfo&utm_content=original,b9d64ea7fbe315a27ba3d591765dfd34cdb31ded,1355.0,808.0,2009-10-19T16:28:35Z,exact,"harvester downscale, byte-identical",inf,0.0,inf,
casent0101828,Camponotus,p,data/images/Camponotus/casent0101828_p.jpg,1.0,1.0,Camponotus dufouri imerinensis casent0101828 profile 1.jpg,https://upload.wikimedia.org/wikipedia/commons/5/5b/Camponotus_dufouri_imerinensis_casent0101828_profile_1.jpg?utm_source=commons.wikimedia.org&utm_campaign=imageinfo&utm_content=original,675a9b81deb6beaa06e4d10c87d9c79458743dcc,1073.0,808.0,2009-10-22T10:51:31Z,exact,"harvester downscale, byte-identical",inf,0.0,inf,
casent0101829,Pheidole,p,data/images/Pheidole/casent0101829_p.jpg,1.0,1.0,Pheidole annemariae casent0101829 profile 1.jpg,https://upload.wikimedia.org/wikipedia/commons/b/b3/Pheidole_annemariae_casent0101829_profile_1.jpg?utm_source=commons.wikimedia.org&utm_campaign=imageinfo&utm_content=original,3544e3af28230a6d21a351ee0e5bb92fdc13425a,1250.0,808.0,2009-10-19T08:50:30Z,exact,"harvester downscale, byte-identical",inf,0.0,inf,
casent0101830,Crematogaster,p,data/images/Crematogaster/casent0101830_p.jpg,1.0,1.0,Crematogaster ranavalonae pepo casent0101830 profile 1.jpg,https://upload.wikimedia.org/wikipedia/commons/2/25/Crematogaster_ranavalonae_pepo_casent0101830_profile_1.jpg?utm_source=commons.wikimedia.org&utm_campaign=imageinfo&utm_content=original,d2a23990ebeee9d0ade9e51092c4972f88aa5fde,1391.0,808.0,2009-10-19T12:56:04Z,exact,"harvester downscale, byte-identical",inf,0.0,inf,
casent0101831,Lioponera,p,data/images/Lioponera/casent0101831_p.jpg,1.0,1.0,Cerapachys mayri casent0101831 profile 1.jpg,https://upload.wikimedia.org/wikipedia/commons/a/a4/Cerapachys_mayri_casent0101831_profile_1.jpg?utm_source=commons.wikimedia.org&utm_campaign=imageinfo&utm_content=original,81dd36afa7d35d766ccc04358ef599368b0145aa,1433.0,808.0,2009-10-21T01:25:25Z,exact,"harvester downscale, byte-identical",inf,0.0,inf,
casent0101832,Technomyrmex,p,data/images/Technomyrmex/casent0101832_p.jpg,1.0,1.0,Technomyrmex madecassus casent0101832 profile 1.jpg,https://upload.wikimedia.org/wikipedia/commons/b/bb/Technomyrmex_madecassus_casent0101832_profile_1.jpg?utm_source=commons.wikimedia.org&utm_campaign=imageinfo&utm_content=original,ca673b7e79bbcb7a932afc1e472dc934dc198fde,1394.0,808.0,2009-10-20T18:33:14Z,exact,"harvester downscale, byte-identical",inf,0.0,inf,
casent0101833,Nylanderia,p,data/images/Nylanderia/casent0101833_p.jpg,1.0,1.0,Paratrechina madagascarensis rufescens casent0101833 profile 1.jpg,https://upload.wikimedia.org/wikipedia/commons/e/ea/Paratrechina_madagascarensis_rufescens_casent0101833_profile_1.jpg?utm_source=commons.wikimedia.org&utm_campaign=imageinfo&utm_content=original,29ff7b608f2d54b1831d84711caa8297662e7cc8,1232.0,808.0,2009-10-20T16:31:48Z,exact,"harvester downscale, byte-identical",inf,0.0,inf,
casent0101834,Leptogenys,p,data/images/Leptogenys/casent0101834_p.jpg,1.0,1.0,Leptogenys angusta casent0101834 profile 1.jpg,https://upload.wikimedia.org/wikipedia/commons/6/6f/Leptogenys_angusta_casent0101834_profile_1.jpg?utm_source=commons.wikimedia.org&utm_campaign=imageinfo&utm_content=original,b0e76c558cd719f7ac6e4fec5037bb02c065eb45,1344.0,808.0,2009-10-19T01:58:50Z,exact,"Commons server thumbnail, byte-identical",inf,0.0,inf,
casent0101836,Crematogaster,p,data/images/Crematogaster/casent0101836_p.jpg,1.0,1.0,Crematogaster rasoherinae brunneola casent0101836 profile 1.jpg,https://upload.wikimedia.org/wikipedia/commons/8/84/Crematogaster_rasoherinae_brunneola_casent0101836_profile_1.jpg?utm_source=commons.wikimedia.org&utm_campaign=imageinfo&utm_content=original,79de735ae062c19e7dfcbf127d0199dad19bf6b5,1393.0,808.0,2009-10-20T15:07:03Z,exact,"harvester downscale, byte-identical",inf,0.0,inf,
casent0101837,Leptogenys,p,data/images/Leptogenys/casent0101837_p.jpg,1.0,1.0,Leptogenys oswaldi casent0101837 profile 1.jpg,https://upload.wikimedia.org/wikipedia/commons/e/e5/Leptogenys_oswaldi_casent0101837_profile_1.jpg?utm_source=commons.wikimedia.org&utm_campaign=imageinfo&utm_content=original,5a11ac6c0ab725c1157eb2ce82ef2797a17c0d16,1204.0,808.0,2009-10-22T14:52:21Z,exact,"harvester downscale, byte-identical",inf,0.0,inf,
casent0101838,Pheidole,p,data/images/Pheidole/casent0101838_p.jpg,1.0,1.0,Pheidole bessonii casent0101838 profile 1.jpg,https://upload.wikimedia.org/wikipedia/commons/9/98/Pheidole_bessonii_casent0101838_profile_1.jpg?utm_source=commons.wikimedia.org&utm_campaign=imageinfo&utm_content=original,f9ac6fae827fc9bc708c2867a47ab19bb613fd11,1035.0,808.0,2009-10-22T21:32:15Z,exact,"harvester downscale, byte-identical",inf,0.0,inf,
casent0101840,Crematogaster,p,data/images/Crematogaster/casent0101840_p.jpg,1.0,1.0,Crematogaster ranavalonae casent0101840 profile 1.jpg,https://upload.wikimedia.org/wikipedia/commons/5/55/Crematogaster_ranavalonae_casent0101840_profile_1.jpg?utm_source=commons.wikimedia.org&utm_campaign=imageinfo&utm_content=original,7e7505aaface2968b26ad5e6847e89d98d1a75d2,1345.0,808.0,2009-10-19T21:20:18Z,exact,"harvester downscale, byte-identical",inf,0.0,inf,
casent0101841,Lioponera,p,data/images/Lioponera/casent0101841_p.jpg,1.0,1.0,Cerapachys mayri casent0101841 profile 1.jpg,https://upload.wikimedia.org/wikipedia/commons/7/73/Cerapachys_mayri_casent0101841_profile_1.jpg?utm_source=commons.wikimedia.org&utm_campaign=imageinfo&utm_content=original,487c55b59057a211576d2c8185938c90644274d1,1754.0,808.0,2009-10-22T23:24:40Z,exact,"harvester downscale, byte-identical",inf,0.0,inf,
casent0101845,Crematogaster,p,data/images/Crematogaster/casent0101845_p.jpg,1.0,1.0,Crematogaster rasoherinae brunneola casent0101845 profile 1.jpg,https://upload.wikimedia.org/wikipedia/commons/9/9b/Crematogaster_rasoherinae_brunneola_casent0101845_profile_1.jpg?utm_source=commons.wikimedia.org&utm_campaign=imageinfo&utm_content=original,2e1872cd1a6449b1e66bc0af6121e0e353f908c8,1341.0,808.0,2009-10-19T23:39:01Z,exact,"Commons server thumbnail, byte-identical",inf,0.0,inf,
casent0101847,Crematogaster,p,data/images/Crematogaster/casent0101847_p.jpg,1.0,1.0,Crematogaster ranavalonae paulinae casent0101847 profile 1.jpg,https://upload.wikimedia.org/wikipedia/commons/2/28/Crematogaster_ranavalonae_paulinae_casent0101847_profile_1.jpg?utm_source=commons.wikimedia.org&utm_campaign=imageinfo&utm_content=original,91c347bedd80ad6aa1c9f203692eda610b2020de,1535.0,808.0,2009-10-20T16:02:40Z,exact,"harvester downscale, byte-identical",inf,0.0,inf,
casent0101850,Camponotus,p,data/images/Camponotus/casent0101850_p.jpg,1.0,1.0,Camponotus gouldi casent0101850 profile 1.jpg,https://upload.wikimedia.org/wikipedia/commons/1/18/Camponotus_gouldi_casent0101850_profile_1.jpg?utm_source=commons.wikimedia.org&utm_campaign=imageinfo&utm_content=original,0188d9228752d7b969279ef1fa7b3f3db8b22c43,1487.0,808.0,2009-10-21T21:59:53Z,exact,"harvester downscale, byte-identical",inf,0.0,inf,
casent0101854,Camponotus,p,data/images/Camponotus/casent0101854_p.jpg,1.0,1.0,Camponotus butteli casent0101854 profile 1.jpg,https://upload.wikimedia.org/wikipedia/commons/8/89/Camponotus_butteli_casent0101854_profile_1.jpg?utm_source=commons.wikimedia.org&utm_campaign=imageinfo&utm_content=original,940d538bb8542b560257e2544e2c758689bdb810,1189.0,808.0,2009-10-22T04:18:15Z,exact,"harvester downscale, byte-identical",inf,0.0,inf,
casent0101859,Cardiocondyla,p,data/images/Cardiocondyla/casent0101859_p.jpg,1.0,1.0,Cardiocondyla shuckardi casent0101859 profile 1.jpg,https://upload.wikimedia.org/wikipedia/commons/0/0b/Cardiocondyla_shuckardi_casent0101859_profile_1.jpg?utm_source=commons.wikimedia.org&utm_campaign=imageinfo&utm_content=original,0c321a88298f216b28837e3b6c5036a6ff112184,1171.0,808.0,2009-10-18T08:56:02Z,exact,"harvester downscale, byte-identical",inf,0.0,inf,
casent0101860,Cardiocondyla,p,data/images/Cardiocondyla/casent0101860_p.jpg,1.0,1.0,Cardiocondyla emeryi casent0101860 profile 1.jpg,https://upload.wikimedia.org/wikipedia/commons/a/a5/Cardiocondyla_emeryi_casent0101860_profile_1.jpg?utm_source=commons.wikimedia.org&utm_campaign=imageinfo&utm_content=original,d145cb1f8ec4bc15d3b4bbce3155bcd1501de8d3,1595.0,808.0,2009-10-18T14:10:58Z,exact,"harvester downscale, byte-identical",inf,0.0,inf,
casent0101861,Crematogaster,p,data/images/Crematogaster/casent0101861_p.jpg,1.0,1.0,Crematogaster agnetis casent0101861 profile 1.jpg,https://upload.wikimedia.org/wikipedia/commons/e/e0/Crematogaster_agnetis_casent0101861_profile_1.jpg?utm_source=commons.wikimedia.org&utm_campaign=imageinfo&utm_content=original,39d39bdab0f8cbcbe485963c4fc524042ab97005,1512.0,808.0,2009-10-22T22:10:14Z,exact,"harvester downscale, byte-identical",inf,0.0,inf,
casent0101862,Pachycondyla,p,data/images/Pachycondyla/casent0101862_p.jpg,2.0,1.0,Pachycondyla sikorae casent0101862 profile 1.jpg,https://upload.wikimedia.org/wikipedia/commons/8/84/Pachycondyla_sikorae_casent0101862_profile_1.jpg?utm_source=commons.wikimedia.org&utm_campaign=imageinfo&utm_content=original,ddcf4f0e133109d37cbc0176518f7241810f6a20,1531.0,808.0,2009-10-18T07:20:22Z,exact,"harvester downscale, byte-identical",inf,0.0,inf,
casent0101866,Crematogaster,p,data/images/Crematogaster/casent0101866_p.jpg,1.0,1.0,Crematogaster madagascariensis casent0101866 profile 1.jpg,https://upload.wikimedia.org/wikipedia/commons/9/9e/Crematogaster_madagascariensis_casent0101866_profile_1.jpg?utm_source=commons.wikimedia.org&utm_campaign=imageinfo&utm_content=original,7e2fda21f50366d7a6091acf3bb0ca1e9d7ce005,1531.0,808.0,2009-10-21T13:33:21Z,exact,"harvester downscale, byte-identical",inf,0.0,inf,
casent0101867,Camponotus,p,data/images/Camponotus/casent0101867_p.jpg,1.0,1.0,Camponotus hova radamae casent0101867 profile 1.jpg,https://upload.wikimedia.org/wikipedia/commons/1/1c/Camponotus_hova_radamae_casent0101867_profile_1.jpg?utm_source=commons.wikimedia.org&utm_campaign=imageinfo&utm_content=original,10f6f4e8074aa3705cb742d532b0fb1b97dc6f2f,1108.0,808.0,2009-10-19T06:09:37Z,exact,"harvester downscale, byte-identical",inf,0.0,inf,
casent0101869,Pheidole,p,data/images/Pheidole/casent0101869_p.jpg,1.0,1.0,Pheidole longispinosa scabrata casent0101869 profile 1.jpg,https://upload.wikimedia.org/wikipedia/commons/7/7d/Pheidole_longispinosa_scabrata_casent0101869_profile_1.jpg?utm_source=commons.wikimedia.org&utm_campaign=imageinfo&utm_content=original,7fad0283e8e3d69ce6a6e76abc51e29ebed43ce0,1012.0,808.0,2009-10-20T22:23:57Z,exact,"harvester downscale, byte-identical",inf,0.0,inf,
casent0101872,Mystrium,p,data/images/Mystrium/casent0101872_p.jpg,1.0,1.0,Mystrium stadelmanni casent0101872 profile 1.jpg,https://upload.wikimedia.org/wikipedia/commons/b/bc/Mystrium_stadelmanni_casent0101872_profile_1.jpg?utm_source=commons.wikimedia.org&utm_campaign=imageinfo&utm_content=original,d52f4ca16c4f17f3e15f40a914a2f3380a1ecff4,1205.0,808.0,2009-10-21T22:18:17Z,exact,"harvester downscale, byte-identical",inf,0.0,inf,
casent0101877,Crematogaster,p,data/images/Crematogaster/casent0101877_p.jpg,1.0,1.0,Crematogaster ranavalonae paulinae casent0101877 profile 1.jpg,https://upload.wikimedia.org/wikipedia/commons/5/51/Crematogaster_ranavalonae_paulinae_casent0101877_profile_1.jpg?utm_source=commons.wikimedia.org&utm_campaign=imageinfo&utm_content=original,82ce551bfc03749fd2a1f9879dbf5cf9a70c9f61,1205.0,808.0,2009-10-20T11:14:08Z,exact,"harvester downscale, byte-identical",inf,0.0,inf,
casent0101878,Crematogaster,p,data/images/Crematogaster/casent0101878_p.jpg,1.0,1.0,Crematogaster ranavalonae paulinae casent0101878 profile 1.jpg,https://upload.wikimedia.org/wikipedia/commons/f/f4/Crematogaster_ranavalonae_paulinae_casent0101878_profile_1.jpg?utm_source=commons.wikimedia.org&utm_campaign=imageinfo&utm_content=original,b0575e0af58d9bb12856ff0e45011dae7273fa3e,1762.0,808.0,2009-10-22T19:46:51Z,exact,"Commons server thumbnail, byte-identical",inf,0.0,inf,
casent0101881,Tetraponera,p,data/images/Tetraponera/casent0101881_p.jpg,1.0,1.0,Tetraponera exasciata casent0101881 profile 1.jpg,https://upload.wikimedia.org/wikipedia/commons/3/3b/Tetraponera_exasciata_casent0101881_profile_1.jpg?utm_source=commons.wikimedia.org&utm_campaign=imageinfo&utm_content=original,a27f5f4361107ad619ad0071e32bdc79772bdbae,1707.0,808.0,2009-10-18T08:38:49Z,exact,"harvester downscale, byte-identical",inf,0.0,inf,
casent0101883,Tetraponera,p,data/images/Tetraponera/casent0101883_p.jpg,1.0,1.0,Tetraponera grandidieri hildebrandti casent0101883 profile 1.jpg,https://upload.wikimedia.org/wikipedia/commons/f/f5/Tetraponera_grandidieri_hildebrandti_casent0101883_profile_1.jpg?utm_source=commons.wikimedia.org&utm_campaign=imageinfo&utm_content=original,f9c9fed588bb37b5e35815a2f6b6505f4810cb67,1718.0,808.0,2009-10-21T04:29:20Z,exact,"harvester downscale, byte-identical",inf,0.0,inf,
casent0101884,Leptogenys,p,data/images/Leptogenys/casent0101884_p.jpg,1.0,1.0,Leptogenys ridens casent0101884 profile 1.jpg,https://upload.wikimedia.org/wikipedia/commons/e/e5/Leptogenys_ridens_casent0101884_profile_1.jpg?utm_source=commons.wikimedia.org&utm_campaign=imageinfo&utm_content=original,a4c2bfbe3027dbef4771947307d54179adfe2578,1197.0,808.0,2009-10-20T04:15:42Z,exact,"harvester downscale, byte-identical",inf,0.0,inf,
casent0101887,Nylanderia,p,data/images/Nylanderia/casent0101887_p.jpg,1.0,1.0,Paratrechina madagascarensis ellisii casent0101887 profile 1.jpg,https://upload.wikimedia.org/wikipedia/commons/b/b1/Paratrechina_madagascarensis_ellisii_casent0101887_profile_1.jpg?utm_source=commons.wikimedia.org&utm_campaign=imageinfo&utm_content=original,a17d8257df2e163e1329d2a7e4a8d77bdc2aabb7,1206.0,808.0,2009-10-18T12:50:34Z,exact,"harvester downscale, byte-identical",inf,0.0,inf,
casent0101888,Leptogenys,p,data/images/Leptogenys/casent0101888_p.jpg,1.0,1.0,Leptogenys voeltzkowi casent0101888 profile 1.jpg,https://upload.wikimedia.org/wikipedia/commons/c/c9/Leptogenys_voeltzkowi_casent0101888_profile_1.jpg?utm_source=commons.wikimedia.org&utm_campaign=imageinfo&utm_content=original,616307756171705732b81ec69c271fc5262c01e9,1307.0,808.0,2009-10-20T20:12:40Z,exact,"harvester downscale, byte-identical",inf,0.0,inf,
casent0101890,Platythyrea,p,data/images/Platythyrea/casent0101890_p.jpg,1.0,1.0,Platythyrea mocquerysi casent0101890 profile 1.jpg,https://upload.wikimedia.org/wikipedia/commons/1/14/Platythyrea_mocquerysi_casent0101890_profile_1.jpg?utm_source=commons.wikimedia.org&utm_campaign=imageinfo&utm_content=original,0bc385e52ce44dce2c4f97fe72cae17222b2043c,1653.0,808.0,2009-10-22T12:51:20Z,exact,"harvester downscale, byte-identical",inf,0.0,inf,
casent0101891,Cardiocondyla,p,data/images/Cardiocondyla/casent0101891_p.jpg,1.0,1.0,Cardiocondyla shuckardi casent0101891 profile 1.jpg,https://upload.wikimedia.org/wikipedia/commons/d/de/Cardiocondyla_shuckardi_casent0101891_profile_1.jpg?utm_source=commons.wikimedia.org&utm_campaign=imageinfo&utm_content=original,6214bb14ad8830e484e96f3f4b5896fa97a5125f,1260.0,808.0,2009-10-22T02:31:54Z,exact,"harvester downscale, byte-identical",inf,0.0,inf,
casent0101893,Camponotus,p,data/images/Camponotus/casent0101893_p.jpg,1.0,1.0,Camponotus hova mixtellus casent0101893 profile 1.jpg,https://upload.wikimedia.org/wikipedia/commons/a/ad/Camponotus_hova_mixtellus_casent0101893_profile_1.jpg?utm_source=commons.wikimedia.org&utm_campaign=imageinfo&utm_content=original,cb0bd3c52bbbcffb38e47120e29fa00f8117a325,1064.0,808.0,2009-10-20T11:21:51Z,exact,"harvester downscale, byte-identical",inf,0.0,inf,
casent0101897,Pheidole,p,data/images/Pheidole/casent0101897_p.jpg,1.0,1.0,Pheidole madecassa casent0101897 profile 1.jpg,https://upload.wikimedia.org/wikipedia/commons/8/80/Pheidole_madecassa_casent0101897_profile_1.jpg?utm_source=commons.wikimedia.org&utm_campaign=imageinfo&utm_content=original,c1bc5c940f67b7d58f6dc64a4c60b908bb0a281d,1323.0,808.0,2009-10-21T22:41:21Z,exact,"harvester downscale, byte-identical",inf,0.0,inf,
casent0101898,Tetramorium,p,data/images/Tetramorium/casent0101898_p.jpg,1.0,1.0,Tetramorium sikorae casent0101898 profile 1.jpg,https://upload.wikimedia.org/wikipedia/commons/b/b0/Tetramorium_sikorae_casent0101898_profile_1.jpg?utm_source=commons.wikimedia.org&utm_campaign=imageinfo&utm_content=original,08ffcaa08abc776ba899f103428188e6985d6afb,1165.0,808.0,2009-10-20T10:34:16Z,exact,"harvester downscale, byte-identical",inf,0.0,inf,
casent0101899,Aphaenogaster,p,data/images/Aphaenogaster/casent0101899_p.jpg,1.0,1.0,Aphaenogaster gonacantha casent0101899 profile 1.jpg,https://upload.wikimedia.org/wikipedia/commons/9/96/Aphaenogaster_gonacantha_casent0101899_profile_1.jpg?utm_source=commons.wikimedia.org&utm_campaign=imageinfo&utm_content=original,d68bbbc19bc93d36e752097bc78bdd8e6c08f43d,1073.0,808.0,2009-10-20T23:05:01Z,exact,"harvester downscale, byte-identical",inf,0.0,inf,
casent0101903,Tetramorium,p,data/images/Tetramorium/casent0101903_p.jpg,1.0,1.0,Tetramorium tosii casent0101903 profile 1.jpg,https://upload.wikimedia.org/wikipedia/commons/2/29/Tetramorium_tosii_casent0101903_profile_1.jpg?utm_source=commons.wikimedia.org&utm_campaign=imageinfo&utm_content=original,f776731f16a25e6521def04759358c7c2da88611,1080.0,808.0,2009-10-19T00:21:45Z,exact,"harvester downscale, byte-identical",inf,0.0,inf,
casent0101906,Camponotus,p,data/images/Camponotus/casent0101906_p.jpg,1.0,1.0,Camponotus hildebrandti casent0101906 profile 1.jpg,https://upload.wikimedia.org/wikipedia/commons/0/04/Camponotus_hildebrandti_casent0101906_profile_1.jpg?utm_source=commons.wikimedia.org&utm_campaign=imageinfo&utm_content=original,34c71a035975ba62e42ac2c8881a5799e49cd3ae,1192.0,808.0,2009-10-22T17:22:29Z,exact,"harvester downscale, byte-identical",inf,0.0,inf,
casent0101913,Tetraponera,p,data/images/Tetraponera/casent0101913_p.jpg,1.0,1.0,Tetraponera rakotonis casent0101913 profile 1.jpg,https://upload.wikimedia.org/wikipedia/commons/7/77/Tetraponera_rakotonis_casent0101913_profile_1.jpg?utm_source=commons.wikimedia.org&utm_campaign=imageinfo&utm_content=original,6f6631010b3bf2b0504db1e28e466af9a8821835,1967.0,808.0,2009-10-18T14:47:54Z,exact,"Commons server thumbnail, byte-identical",inf,0.0,inf,
casent0101914,Leptogenys,p,data/images/Leptogenys/casent0101914_p.jpg,1.0,1.0,Leptogenys truncatirostris casent0101914 profile 1.jpg,https://upload.wikimedia.org/wikipedia/commons/1/1c/Leptogenys_truncatirostris_casent0101914_profile_1.jpg?utm_source=commons.wikimedia.org&utm_campaign=imageinfo&utm_content=original,da6115cb91505cb47096bb3350070eab40e140ce,971.0,808.0,2009-10-22T23:29:05Z,exact,"harvester downscale, byte-identical",inf,0.0,inf,
casent0101916,Lioponera,p,data/images/Lioponera/casent0101916_p.jpg,1.0,1.0,Cerapachys kraepelinii casent0101916 profile 1.jpg,https://upload.wikimedia.org/wikipedia/commons/e/e6/Cerapachys_kraepelinii_casent0101916_profile_1.jpg?utm_source=commons.wikimedia.org&utm_campaign=imageinfo&utm_content=original,029bdfd7289fd9a52ef1e56692108f3c2f256784,1257.0,808.0,2009-10-19T10:53:14Z,exact,"harvester downscale, byte-identical",inf,0.0,inf,
casent0101919,Camponotus,p,data/images/Camponotus/casent0101919_p.jpg,1.0,1.0,Camponotus dufouri casent0101919 profile 1.jpg,https://upload.wikimedia.org/wikipedia/commons/2/24/Camponotus_dufouri_casent0101919_profile_1.jpg?utm_source=commons.wikimedia.org&utm_campaign=imageinfo&utm_content=original,440392e7be2402a58e47df86dd2feaeb3d236247,1073.0,808.0,2009-10-20T21:42:01Z,exact,"harvester downscale, byte-identical",inf,0.0,inf,
casent0101924,Camponotus,p,data/images/Camponotus/casent0101924_p.jpg,1.0,1.0,Camponotus hova mixtellus casent0101924 profile 1.jpg,https://upload.wikimedia.org/wikipedia/commons/c/c4/Camponotus_hova_mixtellus_casent0101924_profile_1.jpg?utm_source=commons.wikimedia.org&utm_campaign=imageinfo&utm_content=original,2f4095e72c556de07b54f8b46e8a82e529f165bd,1216.0,808.0,2009-10-18T12:05:50Z,exact,"harvester downscale, byte-identical",inf,0.0,inf,
casent0101926,Technomyrmex,p,data/images/Technomyrmex/casent0101926_p.jpg,1.0,1.0,Technomyrmex mayri casent0101926 profile 1.jpg,https://upload.wikimedia.org/wikipedia/commons/8/81/Technomyrmex_mayri_casent0101926_profile_1.jpg?utm_source=commons.wikimedia.org&utm_campaign=imageinfo&utm_content=original,da33c045b683a30388b04246509e88c0c3271ccf,1158.0,808.0,2009-10-21T09:09:55Z,exact,"harvester downscale, byte-identical",inf,0.0,inf,
casent0101927,Nylanderia,p,data/images/Nylanderia/casent0101927_p.jpg,1.0,1.0,Paratrechina humbloti casent0101927 profile 1.jpg,https://upload.wikimedia.org/wikipedia/commons/1/17/Paratrechina_humbloti_casent0101927_profile_1.jpg?utm_source=commons.wikimedia.org&utm_campaign=imageinfo&utm_content=original,4927d865c5595e15191aebf43256774a0777aad4,1073.0,808.0,2009-10-19T06:42:35Z,exact,"harvester downscale, byte-identical",inf,0.0,inf,
casent0101931,Camponotus,p,data/images/Camponotus/casent0101931_p.jpg,1.0,1.0,Camponotus hova hovoides casent0101931 profile 1.jpg,https://upload.wikimedia.org/wikipedia/commons/b/b5/Camponotus_hova_hovoides_casent0101931_profile_1.jpg?utm_source=commons.wikimedia.org&utm_campaign=imageinfo&utm_content=original,e0516cd3036c31b174d8c76da81924d53c4e1ab4,1249.0,808.0,2009-10-22T07:01:21Z,exact,"harvester downscale, byte-identical",inf,0.0,inf,
casent0101932,Technomyrmex,p,data/images/Technomyrmex/casent0101932_p.jpg,1.0,1.0,Technomyrmex difficilis casent0101932 profile 1.jpg,https://upload.wikimedia.org/wikipedia/commons/f/ff/Technomyrmex_difficilis_casent0101932_profile_1.jpg?utm_source=commons.wikimedia.org&utm_campaign=imageinfo&utm_content=original,cf4eaaf27d8c0724909903758143cdb3ddf3c3a8,1648.0,808.0,2009-10-19T05:02:40Z,exact,"Commons server thumbnail, byte-identical",inf,0.0,inf,
casent0101938,Tetramorium,p,data/images/Tetramorium/casent0101938_p.jpg,1.0,1.0,Tetramorium kelleri casent0101938 profile 1.jpg,https://upload.wikimedia.org/wikipedia/commons/b/be/Tetramorium_kelleri_casent0101938_profile_1.jpg?utm_source=commons.wikimedia.org&utm_campaign=imageinfo&utm_content=original,3d87f4280d175e3427fe3421cfa9e113206f52c1,1216.0,808.0,2009-10-21T20:56:57Z,exact,"harvester downscale, byte-identical",inf,0.0,inf,
casent0101940,Leptogenys,p,data/images/Leptogenys/casent0101940_p.jpg,1.0,1.0,Leptogenys truncatirostris casent0101940 profile 1.jpg,https://upload.wikimedia.org/wikipedia/commons/5/58/Leptogenys_truncatirostris_casent0101940_profile_1.jpg?utm_source=commons.wikimedia.org&utm_campaign=imageinfo&utm_content=original,4c9b1003842a4f35359582d301b163dbde7e2266,1140.0,808.0,2009-10-21T13:31:24Z,exact,"harvester downscale, byte-identical",inf,0.0,inf,
casent0101941,Tetraponera,p,data/images/Tetraponera/casent0101941_p.jpg,1.0,1.0,Tetraponera hysterica casent0101941 profile 1.jpg,https://upload.wikimedia.org/wikipedia/commons/4/4c/Tetraponera_hysterica_casent0101941_profile_1.jpg?utm_source=commons.wikimedia.org&utm_campaign=imageinfo&utm_content=original,20085ecd09c2585215529eb447500aa60c04deb7,1626.0,808.0,2009-10-21T11:50:51Z,exact,"harvester downscale, byte-identical",inf,0.0,inf,
casent0101943,Pheidole,p,data/images/Pheidole/casent0101943_p.jpg,1.0,1.0,Pheidole grallatrix casent0101943 profile 1.jpg,https://upload.wikimedia.org/wikipedia/commons/7/73/Pheidole_grallatrix_casent0101943_profile_1.jpg?utm_source=commons.wikimedia.org&utm_campaign=imageinfo&utm_content=original,491a22272a2197af08be3cc0c21bf7fba87b4df8,1073.0,808.0,2009-10-22T20:24:42Z,exact,"harvester downscale, byte-identical",inf,0.0,inf,
casent0101947,Leptogenys,p,data/images/Leptogenys/casent0101947_p.jpg,1.0,1.0,Leptogenys voeltzkowi casent0101947 profile 1.jpg,https://upload.wikimedia.org/wikipedia/commons/3/32/Leptogenys_voeltzkowi_casent0101947_profile_1.jpg?utm_source=commons.wikimedia.org&utm_campaign=imageinfo&utm_content=original,3649f1434e1faded0ab870995492d922a10780d7,1506.0,808.0,2009-10-22T03:53:29Z,exact,"harvester downscale, byte-identical",inf,0.0,inf,
casent0101952,Mystrium,p,data/images/Mystrium/casent0101952_p.jpg,1.0,1.0,Mystrium voeltzkowi casent0101952 profile 1.jpg,https://upload.wikimedia.org/wikipedia/commons/d/d0/Mystrium_voeltzkowi_casent0101952_profile_1.jpg?utm_source=commons.wikimedia.org&utm_campaign=imageinfo&utm_content=original,2c3e00550d381266b773286975f4bff7d5d105f0,1710.0,808.0,2009-10-22T16:33:41Z,exact,"harvester downscale, byte-identical",inf,0.0,inf,
casent0101954,Camponotus,p,data/images/Camponotus/casent0101954_p.jpg,1.0,1.0,Camponotus hova hovoides casent0101954 profile 1.jpg,https://upload.wikimedia.org/wikipedia/commons/c/c1/Camponotus_hova_hovoides_casent0101954_profile_1.jpg?utm_source=commons.wikimedia.org&utm_campaign=imageinfo&utm_content=original,1324a21311696d181dab5df96df33be8917f8d47,1340.0,808.0,2009-10-22T11:51:43Z,exact,"harvester downscale, byte-identical",inf,0.0,inf,
casent0101955,Hypoponera,p,data/images/Hypoponera/casent0101955_p.jpg,1.0,1.0,Hypoponera indigens bellicosa casent0101955 profile 1.jpg,https://upload.wikimedia.org/wikipedia/commons/f/fd/Hypoponera_indigens_bellicosa_casent0101955_profile_1.jpg?utm_source=commons.wikimedia.org&utm_campaign=imageinfo&utm_content=original,cb1a6fef891be30ad0a9516131e443a8465518c1,1311.0,808.0,2009-10-21T02:43:42Z,exact,"harvester downscale, byte-identical",inf,0.0,inf,
casent0101957,Anochetus,p,data/images/Anochetus/casent0101957_p.jpg,1.0,1.0,Anochetus madagascarensis casent0101957 profile 1.jpg,https://upload.wikimedia.org/wikipedia/commons/4/45/Anochetus_madagascarensis_casent0101957_profile_1.jpg?utm_source=commons.wikimedia.org&utm_campaign=imageinfo&utm_content=original,14d7a76093eded294549d5b8935db66e3d1f3a61,1807.0,808.0,2009-10-22T16:17:18Z,exact,"Commons server thumbnail, byte-identical",inf,0.0,inf,
casent0101958,Hypoponera,p,data/images/Hypoponera/casent0101958_p.jpg,1.0,1.0,Hypoponera indigens bellicosa casent0101958 profile 1.jpg,https://upload.wikimedia.org/wikipedia/commons/b/b8/Hypoponera_indigens_bellicosa_casent0101958_profile_1.jpg?utm_source=commons.wikimedia.org&utm_campaign=imageinfo&utm_content=original,1f45e7b3d4ae080d44d5e8c7ab4da38175d71b9b,1458.0,808.0,2009-10-22T06:02:11Z,exact,"harvester downscale, byte-identical",inf,0.0,inf,
casent0101960,Technomyrmex,p,data/images/Technomyrmex/casent0101960_p.jpg,1.0,1.0,Technomyrmex madecassus casent0101960 profile 1.jpg,https://upload.wikimedia.org/wikipedia/commons/2/24/Technomyrmex_madecassus_casent0101960_profile_1.jpg?utm_source=commons.wikimedia.org&utm_campaign=imageinfo&utm_content=original,c4f1380d7a580a8ff4cc2cd969e4d1a584af36fb,1222.0,808.0,2009-10-21T12:18:07Z,exact,"harvester downscale, byte-identical",inf,0.0,inf,
casent0101969,Lioponera,p,data/images/Lioponera/casent0101969_p.jpg,1.0,1.0,Cerapachys mayri casent0101969 profile 1.jpg,https://upload.wikimedia.org/wikipedia/commons/a/ac/Cerapachys_mayri_casent0101969_profile_1.jpg?utm_source=commons.wikimedia.org&utm_campaign=imageinfo&utm_content=original,131cb8fc6e4190287bdad1849d4164fd573831f7,1194.0,808.0,2009-10-22T20:38:31Z,exact,"harvester downscale, byte-identical",inf,0.0,inf,
casent0101971,Pheidole,p,data/images/Pheidole/casent0101971_p.jpg,1.0,1.0,Pheidole picata casent0101971 profile 1.jpg,https://upload.wikimedia.org/wikipedia/commons/4/4e/Pheidole_picata_casent0101971_profile_1.jpg?utm_source=commons.wikimedia.org&utm_campaign=imageinfo&utm_content=original,5140b78b28fa72e28009dd0a5fc5737c32b4f620,1163.0,808.0,2009-10-19T19:42:24Z,exact,"harvester downscale, byte-identical",inf,0.0,inf,
casent0101972,Leptogenys,p,data/images/Leptogenys/casent0101972_p.jpg,1.0,1.0,Leptogenys angusta casent0101972 profile 1.jpg,https://upload.wikimedia.org/wikipedia/commons/1/10/Leptogenys_angusta_casent0101972_profile_1.jpg?utm_source=commons.wikimedia.org&utm_campaign=imageinfo&utm_content=original,7f650e3980a3dc316fc1345eaa64bdadc8bb27f5,1960.0,808.0,2009-10-21T21:58:02Z,exact,"harvester downscale, byte-identical",inf,0.0,inf,
casent0101974,Technomyrmex,p,data/images/Technomyrmex/casent0101974_p.jpg,1.0,1.0,Technomyrmex madecassus casent0101974 profile 1.jpg,https://upload.wikimedia.org/wikipedia/commons/5/5c/Technomyrmex_madecassus_casent0101974_profile_1.jpg?utm_source=commons.wikimedia.org&utm_campaign=imageinfo&utm_content=original,eeb8067846ec0c2114016748b2d5b2ac8ca47395,1349.0,808.0,2009-10-22T07:16:37Z,exact,"harvester downscale, byte-identical",inf,0.0,inf,
casent0101975,Leptogenys,p,data/images/Leptogenys/casent0101975_p.jpg,1.0,1.0,Leptogenys truncatirostris casent0101975 profile 1.jpg,https://upload.wikimedia.org/wikipedia/commons/5/5a/Leptogenys_truncatirostris_casent0101975_profile_1.jpg?utm_source=commons.wikimedia.org&utm_campaign=imageinfo&utm_content=original,e91575cdcdc5bd4a71afe04a0182010bc0e70e86,2111.0,808.0,2009-10-19T23:40:03Z,exact,"harvester downscale, byte-identical",inf,0.0,inf,
casent0101979,Tetraponera,p,data/images/Tetraponera/casent0101979_p.jpg,1.0,1.0,Tetraponera flexuosa casent0101979 profile 1.jpg,https://upload.wikimedia.org/wikipedia/commons/8/83/Tetraponera_flexuosa_casent0101979_profile_1.jpg?utm_source=commons.wikimedia.org&utm_campaign=imageinfo&utm_content=original,3316c6283ee26eefc002cbb412b8b79f95542d5b,2206.0,808.0,2009-10-20T07:16:40Z,exact,"harvester downscale, byte-identical",inf,0.0,inf,
casent0101980,Lioponera,p,data/images/Lioponera/casent0101980_p.jpg,1.0,1.0,Cerapachys mayri casent0101980 profile 1.jpg,https://upload.wikimedia.org/wikipedia/commons/e/eb/Cerapachys_mayri_casent0101980_profile_1.jpg?utm_source=commons.wikimedia.org&utm_campaign=imageinfo&utm_content=original,5cbf5a585582c53a034d375ec6c1c8c1fe8558e6,1105.0,808.0,2009-10-21T01:02:48Z,exact,"harvester downscale, byte-identical",inf,0.0,inf,
casent0101985,Lioponera,p,data/images/Lioponera/casent0101985_p.jpg,1.0,1.0,Cerapachys imerinensis casent0101985 profile 1.jpg,https://upload.wikimedia.org/wikipedia/commons/7/7f/Cerapachys_imerinensis_casent0101985_profile_1.jpg?utm_source=commons.wikimedia.org&utm_campaign=imageinfo&utm_content=original,33e56aa84e4274ec3dc1c4f3044bf55113da1392,1414.0,808.0,2009-10-20T03:16:05Z,exact,"Commons server thumbnail, pixel-identical",inf,0.0,inf,
casent0101986,Odontomachus,p,data/images/Odontomachus/casent0101986_p.jpg,1.0,1.0,Odontomachus coquereli casent0101986 profile 1.jpg,https://upload.wikimedia.org/wikipedia/commons/e/e4/Odontomachus_coquereli_casent0101986_profile_1.jpg?utm_source=commons.wikimedia.org&utm_campaign=imageinfo&utm_content=original,990264302ad70e16eb7ba43261f112610e5f82a8,1718.0,808.0,2009-10-20T08:34:17Z,exact,"harvester downscale, byte-identical",inf,0.0,inf,
casent0101987,Cataulacus,p,data/images/Cataulacus/casent0101987_p.jpg,1.0,1.0,Cataulacus oberthueri casent0101987 profile 1.jpg,https://upload.wikimedia.org/wikipedia/commons/a/a8/Cataulacus_oberthueri_casent0101987_profile_1.jpg?utm_source=commons.wikimedia.org&utm_campaign=imageinfo&utm_content=original,05558a2d5e2bb18d877e8af5d7061a86c8afafb0,1113.0,808.0,2009-10-21T19:19:14Z,exact,"harvester downscale, byte-identical",inf,0.0,inf,
casent0101989,Leptogenys,p,data/images/Leptogenys/casent0101989_p.jpg,1.0,1.0,Leptogenys voeltzkowi casent0101989 profile 1.jpg,https://upload.wikimedia.org/wikipedia/commons/3/35/Leptogenys_voeltzkowi_casent0101989_profile_1.jpg?utm_source=commons.wikimedia.org&utm_campaign=imageinfo&utm_content=original,5d2079507d15a57856e91cefdf28e7d8cee9b152,1398.0,808.0,2009-10-21T05:55:48Z,exact,"harvester downscale, byte-identical",inf,0.0,inf,
casent0101992,Camponotus,p,data/images/Camponotus/casent0101992_p.jpg,1.0,1.0,Camponotus hova becki casent0101992 profile 1.jpg,https://upload.wikimedia.org/wikipedia/commons/9/99/Camponotus_hova_becki_casent0101992_profile_1.jpg?utm_source=commons.wikimedia.org&utm_campaign=imageinfo&utm_content=original,369c8ff967058a1186276d592a8facce1fde73c2,1557.0,808.0,2009-10-21T08:42:22Z,exact,"harvester downscale, byte-identical",inf,0.0,inf,
casent0101993,Mystrium,p,data/images/Mystrium/casent0101993_p.jpg,1.0,1.0,Mystrium oberthueri casent0101993 profile 1.jpg,https://upload.wikimedia.org/wikipedia/commons/9/9f/Mystrium_oberthueri_casent0101993_profile_1.jpg?utm_source=commons.wikimedia.org&utm_campaign=imageinfo&utm_content=original,007b0242c93bcc986b040c9d1aa4751fd47e6baa,2912.0,808.0,2009-10-20T07:19:55Z,exact,"harvester downscale, byte-identical",inf,0.0,inf,
casent0101995,Mystrium,p,data/images/Mystrium/casent0101995_p.jpg,1.0,1.0,Mystrium fallax casent0101995 profile 1.jpg,https://upload.wikimedia.org/wikipedia/commons/4/43/Mystrium_fallax_casent0101995_profile_1.jpg?utm_source=commons.wikimedia.org&utm_campaign=imageinfo&utm_content=original,96163c6e589558aaa329c218a79b124ebef43e0f,1073.0,808.0,2009-10-19T22:21:57Z,exact,"harvester downscale, byte-identical",inf,0.0,inf,
casent0101998,Cataulacus,p,data/images/Cataulacus/casent0101998_p.jpg,1.0,1.0,Cataulacus wasmanni casent0101998 profile 1.jpg,https://upload.wikimedia.org/wikipedia/commons/1/1f/Cataulacus_wasmanni_casent0101998_profile_1.jpg?utm_source=commons.wikimedia.org&utm_campaign=imageinfo&utm_content=original,b6160bbe7c09430b023e51f018544056f7e6fbd3,1073.0,808.0,2009-10-20T14:39:07Z,exact,"harvester downscale, byte-identical",inf,0.0,inf,
casent0102004,Platythyrea,p,data/images/Platythyrea/casent0102004_p.jpg,1.0,1.0,Platythyrea bicuspis casent0102004 profile 1.jpg,https://upload.wikimedia.org/wikipedia/commons/a/a4/Platythyrea_bicuspis_casent0102004_profile_1.jpg?utm_source=commons.wikimedia.org&utm_campaign=imageinfo&utm_content=original,d8f77226596015965176ba66bfdb01bf6fe246fe,1282.0,808.0,2009-10-22T13:36:14Z,exact,"harvester downscale, byte-identical",inf,0.0,inf,
casent0102005,Platythyrea,p,data/images/Platythyrea/casent0102005_p.jpg,1.0,1.0,Platythyrea bicuspis casent0102005 profile 1.jpg,https://upload.wikimedia.org/wikipedia/commons/1/15/Platythyrea_bicuspis_casent0102005_profile_1.jpg?utm_source=commons.wikimedia.org&utm_campaign=imageinfo&utm_content=original,402ec0acf08bd1b3a1391d98038eaa14b0633317,1109.0,808.0,2009-10-19T03:00:49Z,exact,"harvester downscale, byte-identical",inf,0.0,inf,
casent0102006,Platythyrea,p,data/images/Platythyrea/casent0102006_p.jpg,1.0,1.0,Platythyrea bicuspis casent0102006 profile 1.jpg,https://upload.wikimedia.org/wikipedia/commons/2/24/Platythyrea_bicuspis_casent0102006_profile_1.jpg?utm_source=commons.wikimedia.org&utm_campaign=imageinfo&utm_content=original,0cdf334f9aa919d4167869efae33caaadbcf012d,1074.0,808.0,2009-10-21T06:19:53Z,exact,"harvester downscale, byte-identical",inf,0.0,inf,
casent0102008,Platythyrea,p,data/images/Platythyrea/casent0102008_p.jpg,1.0,1.0,Platythyrea mocquerysi casent0102008 profile 1.jpg,https://upload.wikimedia.org/wikipedia/commons/b/bf/Platythyrea_mocquerysi_casent0102008_profile_1.jpg?utm_source=commons.wikimedia.org&utm_campaign=imageinfo&utm_content=original,a0427dcbaae65efa77d09b932c388c5eeaf7742d,1566.0,808.0,2009-10-19T06:01:10Z,exact,"harvester downscale, byte-identical",inf,0.0,inf,
casent0102009,Platythyrea,p,data/images/Platythyrea/casent0102009_p.jpg,1.0,1.0,Platythyrea mocquerysi casent0102009 profile 1.jpg,https://upload.wikimedia.org/wikipedia/commons/9/97/Platythyrea_mocquerysi_casent0102009_profile_1.jpg?utm_source=commons.wikimedia.org&utm_campaign=imageinfo&utm_content=original,0286b9d79b831e9d62780aa51a41e36fc201d35c,1087.0,808.0,2009-10-22T00:34:32Z,exact,"harvester downscale, byte-identical",inf,0.0,inf,
casent0102011,Bothroponera,p,data/images/Bothroponera/casent0102011_p.jpg,1.0,1.0,Pachycondyla comorensis casent0102011 profile 1.jpg,https://upload.wikimedia.org/wikipedia/commons/d/de/Pachycondyla_comorensis_casent0102011_profile_1.jpg?utm_source=commons.wikimedia.org&utm_campaign=imageinfo&utm_content=original,9c6f4c330f60d93386beba7aa5de7e9f22d636c9,1199.0,808.0,2009-10-21T13:06:27Z,exact,"harvester downscale, byte-identical",inf,0.0,inf,
casent0102014,Leptogenys,p,data/images/Leptogenys/casent0102014_p.jpg,1.0,1.0,Leptogenys incisa casent0102014 profile 1.jpg,https://upload.wikimedia.org/wikipedia/commons/3/38/Leptogenys_incisa_casent0102014_profile_1.jpg?utm_source=commons.wikimedia.org&utm_campaign=imageinfo&utm_content=original,eeef8341c4997ba9d5db45c3f6fcec74d0c3bc3d,1933.0,808.0,2009-10-19T06:56:28Z,exact,"Commons server thumbnail, byte-identical",inf,0.0,inf,
casent0102015,Leptogenys,p,data/images/Leptogenys/casent0102015_p.jpg,1.0,1.0,Leptogenys antongilensis casent0102015 profile 1.jpg,https://upload.wikimedia.org/wikipedia/commons/1/1a/Leptogenys_antongilensis_casent0102015_profile_1.jpg?utm_source=commons.wikimedia.org&utm_campaign=imageinfo&utm_content=original,9e94cbf0a5d091ee37011ad2c73f16e23eb43571,1156.0,808.0,2009-10-21T11:05:12Z,exact,"harvester downscale, byte-identical",inf,0.0,inf,
casent0102016,Leptogenys,p,data/images/Leptogenys/casent0102016_p.jpg,1.0,1.0,Leptogenys antongilensis casent0102016 profile 1.jpg,https://upload.wikimedia.org/wikipedia/commons/5/57/Leptogenys_antongilensis_casent0102016_profile_1.jpg?utm_source=commons.wikimedia.org&utm_campaign=imageinfo&utm_content=original,c81df30a997772dc41238fba858d1b97874b04c7,1197.0,808.0,2009-10-18T14:55:21Z,exact,"harvester downscale, byte-identical",inf,0.0,inf,
casent0102017,Leptogenys,p,data/images/Leptogenys/casent0102017_p.jpg,1.0,1.0,Leptogenys gracilis casent0102017 profile 1.jpg,https://upload.wikimedia.org/wikipedia/commons/4/4f/Leptogenys_gracilis_casent0102017_profile_1.jpg?utm_source=commons.wikimedia.org&utm_campaign=imageinfo&utm_content=original,6ccb80a0a9f88c3b323c76c848a1cb906321d112,1185.0,808.0,2009-10-18T22:12:02Z,exact,"harvester downscale, byte-identical",inf,0.0,inf,
casent0102019,Odontomachus,p,data/images/Odontomachus/casent0102019_p.jpg,1.0,1.0,Odontomachus coquereli casent0102019 profile 1.jpg,https://upload.wikimedia.org/wikipedia/commons/b/b8/Odontomachus_coquereli_casent0102019_profile_1.jpg?utm_source=commons.wikimedia.org&utm_campaign=imageinfo&utm_content=original,719e8e5e8d85511fa70ada02155d6404cb2d998f,1157.0,808.0,2009-10-20T19:27:34Z,exact,"harvester downscale, byte-identical",inf,0.0,inf,
casent0102021,Odontomachus,p,data/images/Odontomachus/casent0102021_p.jpg,1.0,1.0,Odontomachus coquereli casent0102021 profile 1.jpg,https://upload.wikimedia.org/wikipedia/commons/4/46/Odontomachus_coquereli_casent0102021_profile_1.jpg?utm_source=commons.wikimedia.org&utm_campaign=imageinfo&utm_content=original,6e67038bc004818742408a572791ab76802bf6f3,1255.0,808.0,2009-10-21T19:02:14Z,exact,"harvester downscale, byte-identical",inf,0.0,inf,
casent0102025,Leptogenys,p,data/images/Leptogenys/casent0102025_p.jpg,1.0,1.0,Leptogenys coerulescens casent0102025 profile 1.jpg,https://upload.wikimedia.org/wikipedia/commons/e/e3/Leptogenys_coerulescens_casent0102025_profile_1.jpg?utm_source=commons.wikimedia.org&utm_campaign=imageinfo&utm_content=original,35e2f229177df74087289a4739b2fe354538f3b5,1252.0,808.0,2009-10-21T17:38:50Z,exact,"harvester downscale, byte-identical",inf,0.0,inf,
casent0102026,Leptogenys,p,data/images/Leptogenys/casent0102026_p.jpg,1.0,1.0,Leptogenys coerulescens casent0102026 profile 1.jpg,https://upload.wikimedia.org/wikipedia/commons/3/32/Leptogenys_coerulescens_casent0102026_profile_1.jpg?utm_source=commons.wikimedia.org&utm_campaign=imageinfo&utm_content=original,ae93eec0ad0d3a718a8c24468a6b427502dc0b24,1266.0,808.0,2009-10-18T16:54:00Z,exact,"harvester downscale, byte-identical",inf,0.0,inf,
casent0102027,Leptogenys,p,data/images/Leptogenys/casent0102027_p.jpg,1.0,1.0,Leptogenys coerulescens casent0102027 profile 1.jpg,https://upload.wikimedia.org/wikipedia/commons/5/58/Leptogenys_coerulescens_casent0102027_profile_1.jpg?utm_source=commons.wikimedia.org&utm_campaign=imageinfo&utm_content=original,621b86e64d857294d74e1dfdca243cf22b577e35,1362.0,808.0,2009-10-19T01:02:13Z,exact,"Commons server thumbnail, byte-identical",inf,0.0,inf,
casent0102029,Tetraponera,p,data/images/Tetraponera/casent0102029_p.jpg,1.0,1.0,Tetraponera grandidieri casent0102029 profile 1.jpg,https://upload.wikimedia.org/wikipedia/commons/d/d4/Tetraponera_grandidieri_casent0102029_profile_1.jpg?utm_source=commons.wikimedia.org&utm_campaign=imageinfo&utm_content=original,a87cdccc7e2a309d6049a45465825a313897ab7e,883.0,808.0,2009-10-20T02:56:52Z,exact,"harvester downscale, byte-identical",inf,0.0,inf,
casent0102032,Tetraponera,p,data/images/Tetraponera/casent0102032_p.jpg,1.0,1.0,Tetraponera hysterica inflata casent0102032 profile 1.jpg,https://upload.wikimedia.org/wikipedia/commons/a/a9/Tetraponera_hysterica_inflata_casent0102032_profile_1.jpg?utm_source=commons.wikimedia.org&utm_campaign=imageinfo&utm_content=original,ab9ea984b5f0ef2e943229e4c287dc8bf50c9b49,1073.0,808.0,2009-10-20T17:00:11Z,exact,"harvester downscale, byte-identical",inf,0.0,inf,
casent0102033,Tetraponera,p,data/images/Tetraponera/casent0102033_p.jpg,1.0,1.0,Tetraponera hysterica inflata casent0102033 profile 1.jpg,https://upload.wikimedia.org/wikipedia/commons/6/62/Tetraponera_hysterica_inflata_casent0102033_profile_1.jpg?utm_source=commons.wikimedia.org&utm_campaign=imageinfo&utm_content=original,b3b7a5ce2a1fbd8266e247bc40c224736f0bd9a6,1281.0,808.0,2009-10-22T02:32:44Z,exact,"harvester downscale, byte-identical",inf,0.0,inf,
casent0102034,Tetraponera,p,data/images/Tetraponera/casent0102034_p.jpg,1.0,1.0,Tetraponera hysterica casent0102034 profile 1.jpg,https://upload.wikimedia.org/wikipedia/commons/d/da/Tetraponera_hysterica_casent0102034_profile_1.jpg?utm_source=commons.wikimedia.org&utm_campaign=imageinfo&utm_content=original,088eefe53d17a47f87e3912353495ae26124e2fc,1056.0,808.0,2009-10-20T02:11:05Z,exact,"harvester downscale, byte-identical",inf,0.0,inf,
casent0102035,Tetraponera,p,data/images/Tetraponera/casent0102035_p.jpg,1.0,1.0,Tetraponera hysterica dimidiata casent0102035 profile 1.jpg,https://upload.wikimedia.org/wikipedia/commons/8/8a/Tetraponera_hysterica_dimidiata_casent0102035_profile_1.jpg?utm_source=commons.wikimedia.org&utm_campaign=imageinfo&utm_content=original,75c7755127c5c9db52e56d53ee6725cdebc1f78b,1352.0,808.0,2009-10-18T07:53:13Z,exact,"harvester downscale, byte-identical",inf,0.0,inf,
casent0102037,Tetraponera,p,data/images/Tetraponera/casent0102037_p.jpg,1.0,1.0,Tetraponera rakotonis casent0102037 profile 1.jpg,https://upload.wikimedia.org/wikipedia/commons/b/b1/Tetraponera_rakotonis_casent0102037_profile_1.jpg?utm_source=commons.wikimedia.org&utm_campaign=imageinfo&utm_content=original,226176060e410ebb3f9e296f288655ccffdf36bb,1442.0,808.0,2009-10-19T12:26:40Z,exact,"harvester downscale, byte-identical",inf,0.0,inf,
casent0102038,Aphaenogaster,p,data/images/Aphaenogaster/casent0102038_p.jpg,1.0,1.0,Aphaenogaster gonacantha casent0102038 profile 1.jpg,https://upload.wikimedia.org/wikipedia/commons/2/29/Aphaenogaster_gonacantha_casent0102038_profile_1.jpg?utm_source=commons.wikimedia.org&utm_campaign=imageinfo&utm_content=original,ca0ae35b3da03fe3852c76519c3d7a44013bbf2f,1233.0,808.0,2009-10-21T16:08:13Z,exact,"harvester downscale, byte-identical",inf,0.0,inf,
casent0102039,Aphaenogaster,p,data/images/Aphaenogaster/casent0102039_p.jpg,1.0,1.0,Aphaenogaster gonacantha casent0102039 profile 1.jpg,https://upload.wikimedia.org/wikipedia/commons/a/a3/Aphaenogaster_gonacantha_casent0102039_profile_1.jpg?utm_source=commons.wikimedia.org&utm_campaign=imageinfo&utm_content=original,2e92e1f7def8c97e05fb85c1306617ef0570c033,963.0,808.0,2009-10-20T07:24:53Z,exact,"harvester downscale, byte-identical",inf,0.0,inf,
casent0102040,Aphaenogaster,p,data/images/Aphaenogaster/casent0102040_p.jpg,1.0,1.0,Aphaenogaster gonacantha casent0102040 profile 1.jpg,https://upload.wikimedia.org/wikipedia/commons/d/df/Aphaenogaster_gonacantha_casent0102040_profile_1.jpg?utm_source=commons.wikimedia.org&utm_campaign=imageinfo&utm_content=original,34aa9bd6f10616817ff4678dc8ad0faf57e0c3e2,1145.0,808.0,2009-10-22T04:33:08Z,exact,"harvester downscale, byte-identical",inf,0.0,inf,
casent0102047,Terataner,p,data/images/Terataner/casent0102047_p.jpg,1.0,1.0,Terataner alluaudi casent0102047 profile 1.jpg,https://upload.wikimedia.org/wikipedia/commons/c/c5/Terataner_alluaudi_casent0102047_profile_1.jpg?utm_source=commons.wikimedia.org&utm_campaign=imageinfo&utm_content=original,5766eba5c13bb3bb731c2b57876cdaca7f45815b,1204.0,808.0,2009-10-22T23:38:55Z,exact,"harvester downscale, byte-identical",inf,0.0,inf,
casent0102048,Terataner,p,data/images/Terataner/casent0102048_p.jpg,1.0,1.0,Terataner rufipes casent0102048 profile 1.jpg,https://upload.wikimedia.org/wikipedia/commons/d/da/Terataner_rufipes_casent0102048_profile_1.jpg?utm_source=commons.wikimedia.org&utm_campaign=imageinfo&utm_content=original,e516210f084733619421635828bb2498801b0372,1340.0,808.0,2009-10-20T15:51:25Z,exact,"Commons server thumbnail, byte-identical",inf,0.0,inf,
casent0102049,Terataner,p,data/images/Terataner/casent0102049_p.jpg,1.0,1.0,Terataner rufipes casent0102049 profile 1.jpg,https://upload.wikimedia.org/wikipedia/commons/c/c7/Terataner_rufipes_casent0102049_profile_1.jpg?utm_source=commons.wikimedia.org&utm_campaign=imageinfo&utm_content=original,427e68dca924a5094a766f1c52d4ee8939977154,1159.0,808.0,2009-10-22T05:57:42Z,exact,"harvester downscale, byte-identical",inf,0.0,inf,
casent0102053,Crematogaster,p,data/images/Crematogaster/casent0102053_p.jpg,1.0,1.0,Crematogaster madecassa casent0102053 profile 1.jpg,https://upload.wikimedia.org/wikipedia/commons/d/d5/Crematogaster_madecassa_casent0102053_profile_1.jpg?utm_source=commons.wikimedia.org&utm_campaign=imageinfo&utm_content=original,c57477d3ce870e983ff123df459dc901d9c372cc,1642.0,808.0,2009-10-21T08:30:09Z,exact,"harvester downscale, byte-identical",inf,0.0,inf,
casent0102054,Crematogaster,p,data/images/Crematogaster/casent0102054_p.jpg,1.0,1.0,Crematogaster madecassa casent0102054 profile 1.jpg,https://upload.wikimedia.org/wikipedia/commons/5/5f/Crematogaster_madecassa_casent0102054_profile_1.jpg?utm_source=commons.wikimedia.org&utm_campaign=imageinfo&utm_content=original,bc16fc1fbf61b56886d148c907f6a1c0ea1b39a7,1666.0,808.0,2009-10-22T10:58:15Z,exact,"harvester downscale, byte-identical",inf,0.0,inf,
casent0102055,Crematogaster,p,data/images/Crematogaster/casent0102055_p.jpg,2.0,1.0,Crematogaster lobata casent0102055 profile 1.jpg,https://upload.wikimedia.org/wikipedia/commons/0/03/Crematogaster_lobata_casent0102055_profile_1.jpg?utm_source=commons.wikimedia.org&utm_campaign=imageinfo&utm_content=original,6bc383ccd33f04137b8014eb774153b8f6ce9fe0,869.0,808.0,2009-10-20T08:00:25Z,exact,"harvester downscale, byte-identical",inf,0.0,inf,
casent0102064,Nesomyrmex,p,data/images/Nesomyrmex/casent0102064_p.jpg,1.0,1.0,Nesomyrmex sikorai casent0102064 profile 1.jpg,https://upload.wikimedia.org/wikipedia/commons/d/d9/Nesomyrmex_sikorai_casent0102064_profile_1.jpg?utm_source=commons.wikimedia.org&utm_campaign=imageinfo&utm_content=original,7b3b7f71d337c4f8e655c6a8ca83f66af607ef5c,1208.0,808.0,2009-10-19T16:39:00Z,exact,"harvester downscale, byte-identical",inf,0.0,inf,
casent0102065,Nesomyrmex,p,data/images/Nesomyrmex/casent0102065_p.jpg,1.0,1.0,Nesomyrmex madecassus casent0102065 profile 1.jpg,https://upload.wikimedia.org/wikipedia/commons/d/de/Nesomyrmex_madecassus_casent0102065_profile_1.jpg?utm_source=commons.wikimedia.org&utm_campaign=imageinfo&utm_content=original,9859e6e7bb6f31f958f8acc17b974eaa5cb93b94,1520.0,808.0,2009-10-19T08:51:31Z,exact,"harvester downscale, byte-identical",inf,0.0,inf,
casent0102066,Meranoplus,p,data/images/Meranoplus/casent0102066_p.jpg,1.0,1.0,Meranoplus radamae casent0102066 profile 1.jpg,https://upload.wikimedia.org/wikipedia/commons/8/83/Meranoplus_radamae_casent0102066_profile_1.jpg?utm_source=commons.wikimedia.org&utm_campaign=imageinfo&utm_content=original,748d48f745634d14ef1979efd6ac4e553248e54a,1062.0,808.0,2009-10-20T18:10:56Z,exact,"harvester downscale, byte-identical",inf,0.0,inf,
casent0102067,Meranoplus,p,data/images/Meranoplus/casent0102067_p.jpg,1.0,1.0,Meranoplus mayri casent0102067 profile 1.jpg,https://upload.wikimedia.org/wikipedia/commons/9/9e/Meranoplus_mayri_casent0102067_profile_1.jpg?utm_source=commons.wikimedia.org&utm_campaign=imageinfo&utm_content=original,cac384bb025c3f5246953e2c577a76b83b09ca1c,1307.0,808.0,2009-10-18T23:54:49Z,exact,"harvester downscale, byte-identical",inf,0.0,inf,
casent0102068,Cataulacus,p,data/images/Cataulacus/casent0102068_p.jpg,1.0,1.0,Cataulacus oberthueri casent0102068 profile 1.jpg,https://upload.wikimedia.org/wikipedia/commons/b/b0/Cataulacus_oberthueri_casent0102068_profile_1.jpg?utm_source=commons.wikimedia.org&utm_campaign=imageinfo&utm_content=original,6fd02f812a497c98300cf708df3f8fa8636c5a77,1349.0,808.0,2009-10-21T17:51:57Z,exact,"harvester downscale, byte-identical",inf,0.0,inf,
casent0102069,Cataulacus,p,data/images/Cataulacus/casent0102069_p.jpg,1.0,1.0,Cataulacus porcatus casent0102069 profile 1.jpg,https://upload.wikimedia.org/wikipedia/commons/8/8e/Cataulacus_porcatus_casent0102069_profile_1.jpg?utm_source=commons.wikimedia.org&utm_campaign=imageinfo&utm_content=original,81561bdafca9aac6708d9a59593f3d4eeae0e18b,1409.0,808.0,2009-10-19T15:08:38Z,exact,"harvester downscale, byte-identical",inf,0.0,inf,
casent0102071,Tetramorium,p,data/images/Tetramorium/casent0102071_p.jpg,1.0,1.0,Tetramorium tosii casent0102071 profile 1.jpg,https://upload.wikimedia.org/wikipedia/commons/6/6f/Tetramorium_tosii_casent0102071_profile_1.jpg?utm_source=commons.wikimedia.org&utm_campaign=imageinfo&utm_content=original,3bda873d938df4856c73aaf94ca46c3b2130eac2,1032.0,808.0,2009-10-21T22:24:39Z,exact,"harvester downscale, byte-identical",inf,0.0,inf,
casent0102072,Tetramorium,p,data/images/Tetramorium/casent0102072_p.jpg,1.0,1.0,Tetramorium tosii casent0102072 profile 1.jpg,https://upload.wikimedia.org/wikipedia/commons/5/53/Tetramorium_tosii_casent0102072_profile_1.jpg?utm_source=commons.wikimedia.org&utm_campaign=imageinfo&utm_content=original,89a74114e26f1688d469ee74b04293295c088fef,1076.0,808.0,2009-10-20T20:32:31Z,exact,"harvester downscale, byte-identical",inf,0.0,inf,
casent0102078,Tetramorium,p,data/images/Tetramorium/casent0102078_p.jpg,1.0,1.0,Tetramorium severini casent0102078 profile 1.jpg,https://upload.wikimedia.org/wikipedia/commons/0/02/Tetramorium_severini_casent0102078_profile_1.jpg?utm_source=commons.wikimedia.org&utm_campaign=imageinfo&utm_content=original,9c6aeb682749a81c30ac36da0493e7282c3f6ec5,1202.0,808.0,2009-10-22T10:34:39Z,exact,"harvester downscale, byte-identical",inf,0.0,inf,
casent0102092,Camponotus,p,data/images/Camponotus/casent0102092_p.jpg,1.0,1.0,Camponotus hildebrandti dichromothrix casent0102092 profile 1.jpg,https://upload.wikimedia.org/wikipedia/commons/2/23/Camponotus_hildebrandti_dichromothrix_casent0102092_profile_1.jpg?utm_source=commons.wikimedia.org&utm_campaign=imageinfo&utm_content=original,0a986de45be07d099c618a1d33bcc065686a8a24,1351.0,808.0,2009-10-22T20:51:11Z,exact,"harvester downscale, byte-identical",inf,0.0,inf,
casent0102093,Terataner,p,data/images/Terataner/casent0102093_p.jpg,1.0,1.0,Terataner foreli casent0102093 profile 1.jpg,https://upload.wikimedia.org/wikipedia/commons/c/c3/Terataner_foreli_casent0102093_profile_1.jpg?utm_source=commons.wikimedia.org&utm_campaign=imageinfo&utm_content=original,1ebc69bd7924e19c435de53c695211f673cd7a5c,1332.0,808.0,2009-10-19T19:58:08Z,exact,"harvester downscale, byte-identical",inf,0.0,inf,
casent0102096,Camponotus,p,data/images/Camponotus/casent0102096_p.jpg,1.0,1.0,Camponotus sikorai casent0102096 profile 1.jpg,https://upload.wikimedia.org/wikipedia/commons/a/a1/Camponotus_sikorai_casent0102096_profile_1.jpg?utm_source=commons.wikimedia.org&utm_campaign=imageinfo&utm_content=original,e82a058e63b301a15ea432f2cdd1d204c76276af,1557.0,808.0,2009-10-20T05:59:44Z,exact,"harvester downscale, byte-identical",inf,0.0,inf,
casent0102097,Camponotus,p,data/images/Camponotus/casent0102097_p.jpg,1.0,1.0,Camponotus mocquerysi casent0102097 profile 1.jpg,https://upload.wikimedia.org/wikipedia/commons/0/04/Camponotus_mocquerysi_casent0102097_profile_1.jpg?utm_source=commons.wikimedia.org&utm_campaign=imageinfo&utm_content=original,7558714a722b6d19ee4feb43b29683a8b71b5345,1193.0,808.0,2009-10-22T10:31:45Z,exact,"harvester downscale, byte-identical",inf,0.0,inf,
casent0102098,Camponotus,p,data/images/Camponotus/casent0102098_p.jpg,1.0,1.0,Camponotus mocquerysi casent0102098 profile 1.jpg,https://upload.wikimedia.org/wikipedia/commons/6/6e/Camponotus_mocquerysi_casent0102098_profile_1.jpg?utm_source=commons.wikimedia.org&utm_campaign=imageinfo&utm_content=original,e69975395b258c7cd8198e6d004fd198c06c404f,1273.0,808.0,2009-10-22T15:00:57Z,exact,"harvester downscale, byte-identical",inf,0.0,inf,
casent0102099,Camponotus,p,data/images/Camponotus/casent0102099_p.jpg,1.0,1.0,Camponotus leveillei casent0102099 profile 1.jpg,https://upload.wikimedia.org/wikipedia/commons/e/e3/Camponotus_leveillei_casent0102099_profile_1.jpg?utm_source=commons.wikimedia.org&utm_campaign=imageinfo&utm_content=original,9e9c57d43acd3fad68f58109dd23ffc00f18fdc2,1318.0,808.0,2009-10-19T15:07:01Z,exact,"harvester downscale, byte-identical",inf,0.0,inf,
casent0102103,Camponotus,p,data/images/Camponotus/casent0102103_p.jpg,1.0,1.0,Camponotus christi maculiventris casent0102103 profile 1.jpg,https://upload.wikimedia.org/wikipedia/commons/e/e3/Camponotus_christi_maculiventris_casent0102103_profile_1.jpg?utm_source=commons.wikimedia.org&utm_campaign=imageinfo&utm_content=original,55e71a980a595345ce46fd5d92dd02342367a4a1,1206.0,808.0,2009-10-20T20:18:44Z,exact,"harvester downscale, byte-identical",inf,0.0,inf,
casent0102104,Camponotus,p,data/images/Camponotus/casent0102104_p.jpg,1.0,1.0,Camponotus christi maculiventris casent0102104 profile 1.jpg,https://upload.wikimedia.org/wikipedia/commons/6/6e/Camponotus_christi_maculiventris_casent0102104_profile_1.jpg?utm_source=commons.wikimedia.org&utm_campaign=imageinfo&utm_content=original,00e2fce5cb99e9cf28a04380c23fbfb2f102cd1a,1012.0,808.0,2009-10-21T20:21:11Z,exact,"harvester downscale, byte-identical",inf,0.0,inf,
casent0102106,Camponotus,p,data/images/Camponotus/casent0102106_p.jpg,1.0,1.0,Camponotus quadrimaculatus opacatus casent0102106 profile 1.jpg,https://upload.wikimedia.org/wikipedia/commons/7/79/Camponotus_quadrimaculatus_opacatus_casent0102106_profile_1.jpg?utm_source=commons.wikimedia.org&utm_campaign=imageinfo&utm_content=original,10c073e92983c72fdfc02405c1923666158485c8,1271.0,808.0,2009-10-22T09:18:54Z,exact,"harvester downscale, byte-identical",inf,0.0,inf,
casent0102107,Camponotus,p,data/images/Camponotus/casent0102107_p.jpg,1.0,1.0,Camponotus quadrimaculatus opacatus casent0102107 profile 1.jpg,https://upload.wikimedia.org/wikipedia/commons/4/47/Camponotus_quadrimaculatus_opacatus_casent0102107_profile_1.jpg?utm_source=commons.wikimedia.org&utm_campaign=imageinfo&utm_content=original,ace1f88f3585e59c1af0fe0fc130faee1ec7cb48,1299.0,808.0,2009-10-20T07:49:44Z,exact,"Commons server thumbnail, byte-identical",inf,0.0,inf,
casent0102109,Camponotus,p,data/images/Camponotus/casent0102109_p.jpg,1.0,1.0,Camponotus quadrimaculatus sellaris casent0102109 profile 1.jpg,https://upload.wikimedia.org/wikipedia/commons/c/c8/Camponotus_quadrimaculatus_sellaris_casent0102109_profile_1.jpg?utm_source=commons.wikimedia.org&utm_campaign=imageinfo&utm_content=original,d20371c2aeac5288caea7c4f1d71bbe2d07db222,1077.0,808.0,2009-10-22T15:07:34Z,exact,"harvester downscale, byte-identical",inf,0.0,inf,
casent0102110,Camponotus,p,data/images/Camponotus/casent0102110_p.jpg,2.0,1.0,Camponotus quadrimaculatus sellaris casent0102110 profile 1.jpg,https://upload.wikimedia.org/wikipedia/commons/7/7d/Camponotus_quadrimaculatus_sellaris_casent0102110_profile_1.jpg?utm_source=commons.wikimedia.org&utm_campaign=imageinfo&utm_content=original,3c3fc3328fcbf9cb5007a2b85cae4bbd6c98e491,1194.0,808.0,2009-10-19T07:56:53Z,exact,"harvester downscale, byte-identical",inf,0.0,inf,
casent0102111,Camponotus,p,data/images/Camponotus/casent0102111_p.jpg,1.0,1.0,Camponotus quadrimaculatus sellaris casent0102111 profile 1.jpg,https://upload.wikimedia.org/wikipedia/commons/1/1a/Camponotus_quadrimaculatus_sellaris_casent0102111_profile_1.jpg?utm_source=commons.wikimedia.org&utm_campaign=imageinfo&utm_content=original,8944f1ec67cc8c3e6fa23bc51fdf4c9504ce3abb,1307.0,808.0,2009-10-19T16:58:08Z,exact,"harvester downscale, byte-identical",inf,0.0,inf,
casent0102136,Terataner,p,data/images/Terataner/casent0102136_p.jpg,1.0,1.0,Terataner foreli casent0102136 profile 1.jpg,https://upload.wikimedia.org/wikipedia/commons/e/eb/Terataner_foreli_casent0102136_profile_1.jpg?utm_source=commons.wikimedia.org&utm_campaign=imageinfo&utm_content=original,7cd5442ac6f0ee563fdb87fccef2bcec421824bd,1181.0,808.0,2009-10-20T03:45:23Z,exact,"harvester downscale, byte-identical",inf,0.0,inf,
casent0102139,Hypoponera,p,data/images/Hypoponera/casent0102139_p.jpg,1.0,1.0,Hypoponera johannae casent0102139 profile 1.jpg,https://upload.wikimedia.org/wikipedia/commons/e/ef/Hypoponera_johannae_casent0102139_profile_1.jpg?utm_source=commons.wikimedia.org&utm_campaign=imageinfo&utm_content=original,7406673a51d0775a26fe426ed4991a6f4e10cdc9,1073.0,808.0,2009-10-19T21:37:55Z,exact,"harvester downscale, byte-identical",inf,0.0,inf,
casent0102164,Lioponera,p,data/images/Lioponera/casent0102164_p.jpg,1.0,1.0,Cerapachys mayri casent0102164 profile 1.jpg,https://upload.wikimedia.org/wikipedia/commons/6/6f/Cerapachys_mayri_casent0102164_profile_1.jpg?utm_source=commons.wikimedia.org&utm_campaign=imageinfo&utm_content=original,6e59a2fc3551b88d3c7fd6e6306df4dc10acd32b,1120.0,808.0,2009-10-20T22:19:15Z,exact,"harvester downscale, byte-identical",inf,0.0,inf,
casent0102165,Lioponera,p,data/images/Lioponera/casent0102165_p.jpg,1.0,1.0,Cerapachys mayri casent0102165 profile 1.jpg,https://upload.wikimedia.org/wikipedia/commons/2/22/Cerapachys_mayri_casent0102165_profile_1.jpg?utm_source=commons.wikimedia.org&utm_campaign=imageinfo&utm_content=original,4518bd26a2113df44a62d1b6b35528fcdeecdbb8,1073.0,808.0,2009-10-18T18:59:17Z,exact,"harvester downscale, byte-identical",inf,0.0,inf,
casent0102171,Mystrium,p,data/images/Mystrium/casent0102171_p.jpg,1.0,1.0,Mystrium mysticum casent0102171 profile 1.jpg,https://upload.wikimedia.org/wikipedia/commons/d/d8/Mystrium_mysticum_casent0102171_profile_1.jpg?utm_source=commons.wikimedia.org&utm_campaign=imageinfo&utm_content=original,59651626fae51c0acc25a8bbbed44640662e05a5,949.0,808.0,2009-10-21T17:50:20Z,exact,"harvester downscale, byte-identical",inf,0.0,inf,
casent0102172,Mystrium,p,data/images/Mystrium/casent0102172_p.jpg,1.0,1.0,Mystrium rogeri casent0102172 profile 1.jpg,https://upload.wikimedia.org/wikipedia/commons/9/96/Mystrium_rogeri_casent0102172_profile_1.jpg?utm_source=commons.wikimedia.org&utm_campaign=imageinfo&utm_content=original,73e89bcadbd98fff09536cfc857ba54a786fb59b,1527.0,808.0,2009-10-21T17:54:51Z,exact,"Commons server thumbnail, byte-identical",inf,0.0,inf,
casent0102235,Terataner,p,data/images/Terataner/casent0102235_p.jpg,1.0,1.0,Terataner rufipes casent0102235 profile 1.jpg,https://upload.wikimedia.org/wikipedia/commons/9/92/Terataner_rufipes_casent0102235_profile_1.jpg?utm_source=commons.wikimedia.org&utm_campaign=imageinfo&utm_content=original,3a64c21b5647419dd6cfc6b76128353056bb1293,1124.0,808.0,2009-10-19T11:37:32Z,exact,"harvester downscale, byte-identical",inf,0.0,inf,
casent0102258,Strumigenys,p,data/images/Strumigenys/casent0102258_p.jpg,1.0,1.0,Strumigenys fautrix casent0102258 profile 1.jpg,https://upload.wikimedia.org/wikipedia/commons/b/b7/Strumigenys_fautrix_casent0102258_profile_1.jpg?utm_source=commons.wikimedia.org&utm_campaign=imageinfo&utm_content=original,cd3817701c7f31111ca5733dfcc1e0f16e5789f8,1366.0,808.0,2009-10-21T03:42:23Z,exact,"harvester downscale, byte-identical",inf,0.0,inf,
casent0102259,Strumigenys,p,data/images/Strumigenys/casent0102259_p.jpg,1.0,1.0,Strumigenys tathula casent0102259 profile 1.jpg,https://upload.wikimedia.org/wikipedia/commons/e/e5/Strumigenys_tathula_casent0102259_profile_1.jpg?utm_source=commons.wikimedia.org&utm_campaign=imageinfo&utm_content=original,711c6954d9fa98485a31a97f173e42f7225f90c5,1086.0,808.0,2009-10-19T13:45:33Z,exact,"harvester downscale, byte-identical",inf,0.0,inf,
casent0102260,Strumigenys,p,data/images/Strumigenys/casent0102260_p.jpg,1.0,1.0,Strumigenys tathula casent0102260 profile 1.jpg,https://upload.wikimedia.org/wikipedia/commons/1/1d/Strumigenys_tathula_casent0102260_profile_1.jpg?utm_source=commons.wikimedia.org&utm_campaign=imageinfo&utm_content=original,cad4b36a6558f7e803baf1fbad92d5a247be6b07,980.0,808.0,2009-10-22T08:11:32Z,exact,"harvester downscale, byte-identical",inf,0.0,inf,
casent0102262,Strumigenys,p,data/images/Strumigenys/casent0102262_p.jpg,1.0,1.0,Pyramica khakaura casent0102262 profile 1.jpg,https://upload.wikimedia.org/wikipedia/commons/8/86/Pyramica_khakaura_casent0102262_profile_1.jpg?utm_source=commons.wikimedia.org&utm_campaign=imageinfo&utm_content=original,371ddff936ed507552922c87953b62cde7c7ccb1,1094.0,808.0,2009-10-22T10:02:51Z,exact,"harvester downscale, byte-identical",inf,0.0,inf,
casent0102263,Strumigenys,p,data/images/Strumigenys/casent0102263_p.jpg,1.0,1.0,Strumigenys olsoni casent0102263 profile 1.jpg,https://upload.wikimedia.org/wikipedia/commons/d/d4/Strumigenys_olsoni_casent0102263_profile_1.jpg?utm_source=commons.wikimedia.org&utm_campaign=imageinfo&utm_content=original,efeff8409110c4f3f69046219dbb0049d2c722a0,1109.0,808.0,2009-10-22T15:29:23Z,exact,"harvester downscale, byte-identical",inf,0.0,inf,
casent0102265,Strumigenys,p,data/images/Strumigenys/casent0102265_p.jpg,1.0,1.0,Strumigenys symmetrix casent0102265 profile 1.jpg,https://upload.wikimedia.org/wikipedia/commons/b/b6/Strumigenys_symmetrix_casent0102265_profile_1.jpg?utm_source=commons.wikimedia.org&utm_campaign=imageinfo&utm_content=original,bf384fb10973d67c80200ce985d04831db0334c1,1093.0,808.0,2009-10-20T20:11:14Z,exact,"harvester downscale, byte-identical",inf,0.0,inf,
casent0102275,Hypoponera,p,data/images/Hypoponera/casent0102275_p.jpg,1.0,1.0,Hypoponera sakalava casent0102275 profile 1.jpg,https://upload.wikimedia.org/wikipedia/commons/9/9e/Hypoponera_sakalava_casent0102275_profile_1.jpg?utm_source=commons.wikimedia.org&utm_campaign=imageinfo&utm_content=original,5adb6720e73d2268d64950fc101e361606aeef25,1073.0,808.0,2009-10-19T20:05:15Z,exact,"harvester downscale, byte-identical",inf,0.0,inf,
casent0102309,Camponotus,p,data/images/Camponotus/casent0102309_p.jpg,1.0,1.0,Camponotus gerberti casent0102309 profile 1.jpg,https://upload.wikimedia.org/wikipedia/commons/8/89/Camponotus_gerberti_casent0102309_profile_1.jpg?utm_source=commons.wikimedia.org&utm_campaign=imageinfo&utm_content=original,ed9b3747a4c83701d20ac3438120341d712246a4,1780.0,808.0,2009-10-21T04:48:06Z,exact,"harvester downscale, byte-identical",inf,0.0,inf,
casent0102310,Camponotus,p,data/images/Camponotus/casent0102310_p.jpg,1.0,1.0,Camponotus gerberti casent0102310 profile 1.jpg,https://upload.wikimedia.org/wikipedia/commons/a/a5/Camponotus_gerberti_casent0102310_profile_1.jpg?utm_source=commons.wikimedia.org&utm_campaign=imageinfo&utm_content=original,fc53b1a772ac24ee466c2a12c7b87642f8ff4641,1229.0,808.0,2009-10-19T13:51:56Z,exact,"harvester downscale, byte-identical",inf,0.0,inf,
casent0102311,Camponotus,p,data/images/Camponotus/casent0102311_p.jpg,1.0,1.0,Camponotus gerberti casent0102311 profile 1.jpg,https://upload.wikimedia.org/wikipedia/commons/2/22/Camponotus_gerberti_casent0102311_profile_1.jpg?utm_source=commons.wikimedia.org&utm_campaign=imageinfo&utm_content=original,c0c0cb7f722f02d9b76c9c1138e8dc4a8d65039a,1126.0,808.0,2009-10-18T17:01:52Z,exact,"harvester downscale, byte-identical",inf,0.0,inf,
casent0102334,Tetramorium,p,data/images/Tetramorium/casent0102334_p.jpg,1.0,1.0,Tetramorium anodontion casent0102334 profile 1.jpg,https://upload.wikimedia.org/wikipedia/commons/a/a6/Tetramorium_anodontion_casent0102334_profile_1.jpg?utm_source=commons.wikimedia.org&utm_campaign=imageinfo&utm_content=original,42667e6e9b1659e002b390fd4f77ea28e50fafbf,1173.0,808.0,2009-10-20T11:15:46Z,exact,"harvester downscale, byte-identical",inf,0.0,inf,
casent0102335,Tetramorium,p,data/images/Tetramorium/casent0102335_p.jpg,1.0,1.0,Tetramorium anodontion casent0102335 profile 1.jpg,https://upload.wikimedia.org/wikipedia/commons/2/2d/Tetramorium_anodontion_casent0102335_profile_1.jpg?utm_source=commons.wikimedia.org&utm_campaign=imageinfo&utm_content=original,32820327bcb871d1a323dce6838e2b3bfd2d4adc,1029.0,808.0,2009-10-22T19:32:42Z,exact,"harvester downscale, byte-identical",inf,0.0,inf,
casent0102336,Tetramorium,p,data/images/Tetramorium/casent0102336_p.jpg,1.0,1.0,Tetramorium scytalum casent0102336 profile 1.jpg,https://upload.wikimedia.org/wikipedia/commons/1/1a/Tetramorium_scytalum_casent0102336_profile_1.jpg?utm_source=commons.wikimedia.org&utm_campaign=imageinfo&utm_content=original,847c6b9a4378d233b3cd9453f82599b4851b61e7,1134.0,808.0,2009-10-21T00:04:41Z,exact,"harvester downscale, byte-identical",inf,0.0,inf,
casent0102337,Tetramorium,p,data/images/Tetramorium/casent0102337_p.jpg,1.0,1.0,Tetramorium scytalum casent0102337 profile 1.jpg,https://upload.wikimedia.org/wikipedia/commons/1/16/Tetramorium_scytalum_casent0102337_profile_1.jpg?utm_source=commons.wikimedia.org&utm_campaign=imageinfo&utm_content=original,11003a1ba33f9b265ebc97aa4255a119487906a8,1107.0,808.0,2009-10-19T02:05:23Z,exact,"harvester downscale, byte-identical",inf,0.0,inf,
casent0102338,Tetramorium,p,data/images/Tetramorium/casent0102338_p.jpg,1.0,1.0,Tetramorium tantillum casent0102338 profile 1.jpg,https://upload.wikimedia.org/wikipedia/commons/0/0d/Tetramorium_tantillum_casent0102338_profile_1.jpg?utm_source=commons.wikimedia.org&utm_campaign=imageinfo&utm_content=original,3f1bcf1c82ba6363fb969b84630b89db6e61f875,1073.0,808.0,2009-10-18T14:16:51Z,exact,"harvester downscale, byte-identical",inf,0.0,inf,
casent0102339,Tetramorium,p,data/images/Tetramorium/casent0102339_p.jpg,1.0,1.0,Tetramorium kelleri casent0102339 profile 1.jpg,https://upload.wikimedia.org/wikipedia/commons/f/f5/Tetramorium_kelleri_casent0102339_profile_1.jpg?utm_source=commons.wikimedia.org&utm_campaign=imageinfo&utm_content=original,19f611e9a77d6d1e854a10173e24e3bdf63a7c79,1225.0,808.0,2009-10-18T14:05:39Z,exact,"harvester downscale, byte-identical",inf,0.0,inf,
casent0102340,Tetramorium,p,data/images/Tetramorium/casent0102340_p.jpg,1.0,1.0,Tetramorium latreillei casent0102340 profile 1.jpg,https://upload.wikimedia.org/wikipedia/commons/6/62/Tetramorium_latreillei_casent0102340_profile_1.jpg?utm_source=commons.wikimedia.org&utm_campaign=imageinfo&utm_content=original,55b83d317f81b06f0457d946f1479220c0a5c71b,1275.0,808.0,2009-10-18T07:30:20Z,exact,"harvester downscale, byte-identical",inf,0.0,inf,
casent0102341,Tetramorium,p,data/images/Tetramorium/casent0102341_p.jpg,1.0,1.0,Tetramorium proximum casent0102341 profile 1.jpg,https://upload.wikimedia.org/wikipedia/commons/3/3e/Tetramorium_proximum_casent0102341_profile_1.jpg?utm_source=commons.wikimedia.org&utm_campaign=imageinfo&utm_content=original,e38d5f53c417e0b0a0ae36d29fdcefcff9ea1a93,1073.0,808.0,2009-10-22T11:04:48Z,exact,"harvester downscale, byte-identical",inf,0.0,inf,
casent0102342,Tetramorium,p,data/images/Tetramorium/casent0102342_p.jpg,1.0,1.0,Tetramorium proximum casent0102342 profile 1.jpg,https://upload.wikimedia.org/wikipedia/commons/7/7a/Tetramorium_proximum_casent0102342_profile_1.jpg?utm_source=commons.wikimedia.org&utm_campaign=imageinfo&utm_content=original,71f87757824e0b6fce892d9db20a4f76aa209e3a,1147.0,808.0,2009-10-21T17:54:38Z,exact,"harvester downscale, byte-identical",inf,0.0,inf,
casent0102343,Tetramorium,p,data/images/Tetramorium/casent0102343_p.jpg,1.0,1.0,Tetramorium cognatum casent0102343 profile 1.jpg,https://upload.wikimedia.org/wikipedia/commons/1/1f/Tetramorium_cognatum_casent0102343_profile_1.jpg?utm_source=commons.wikimedia.org&utm_campaign=imageinfo&utm_content=original,be1cede34d8bc386996597de1222ee84f019d306,1214.0,808.0,2009-10-22T10:04:04Z,exact,"harvester downscale, byte-identical",inf,0.0,inf,
casent0102345,Tetramorium,p,data/images/Tetramorium/casent0102345_p.jpg,1.0,1.0,Tetramorium naganum casent0102345 profile 1.jpg,https://upload.wikimedia.org/wikipedia/commons/7/73/Tetramorium_naganum_casent0102345_profile_1.jpg?utm_source=commons.wikimedia.org&utm_campaign=imageinfo&utm_content=original,cd2a82660307a9709fcfc220d14bcbfee0fcf962,972.0,808.0,2009-10-20T02:29:24Z,exact,"harvester downscale, byte-identical",inf,0.0,inf,
casent0102346,Tetramorium,p,data/images/Tetramorium/casent0102346_p.jpg,1.0,1.0,Tetramorium naganum casent0102346 profile 1.jpg,https://upload.wikimedia.org/wikipedia/commons/6/64/Tetramorium_naganum_casent0102346_profile_1.jpg?utm_source=commons.wikimedia.org&utm_campaign=imageinfo&utm_content=original,4466e7152d37c6207f82449dd164b057831a804f,1135.0,808.0,2009-10-19T09:16:43Z,exact,"harvester downscale, byte-identical",inf,0.0,inf,
casent0102347,Tetramorium,p,data/images/Tetramorium/casent0102347_p.jpg,1.0,1.0,Tetramorium bessonii casent0102347 profile 1.jpg,https://upload.wikimedia.org/wikipedia/commons/0/01/Tetramorium_bessonii_casent0102347_profile_1.jpg?utm_source=commons.wikimedia.org&utm_campaign=imageinfo&utm_content=original,6dbc5f430683aee6fd9f928df717d055edc1047b,1126.0,808.0,2009-10-21T21:12:53Z,exact,"harvester downscale, byte-identical",inf,0.0,inf,
casent0102348,Tetramorium,p,data/images/Tetramorium/casent0102348_p.jpg,1.0,1.0,Tetramorium dysalum casent0102348 profile 1.jpg,https://upload.wikimedia.org/wikipedia/commons/4/4c/Tetramorium_dysalum_casent0102348_profile_1.jpg?utm_source=commons.wikimedia.org&utm_campaign=imageinfo&utm_content=original,e71c580367d3f68624bbdb55aca2a85af502ed13,1090.0,808.0,2009-10-21T17:14:17Z,exact,"harvester downscale, byte-identical",inf,0.0,inf,
casent0102349,Tetramorium,p,data/images/Tetramorium/casent0102349_p.jpg,1.0,1.0,Tetramorium dysalum casent0102349 profile 1.jpg,https://upload.wikimedia.org/wikipedia/commons/8/8d/Tetramorium_dysalum_casent0102349_profile_1.jpg?utm_source=commons.wikimedia.org&utm_campaign=imageinfo&utm_content=original,7bb4927c31b51f007c3add13d1064cb9187d63a3,1058.0,808.0,2009-10-20T21:33:53Z,exact,"harvester downscale, byte-identical",inf,0.0,inf,
casent0102350,Tetramorium,p,data/images/Tetramorium/casent0102350_p.jpg,1.0,1.0,Tetramorium electrum casent0102350 profile 1.jpg,https://upload.wikimedia.org/wikipedia/commons/9/9e/Tetramorium_electrum_casent0102350_profile_1.jpg?utm_source=commons.wikimedia.org&utm_campaign=imageinfo&utm_content=original,bde19cfdee854afe74b1099eed2652f003695c55,1088.0,808.0,2009-10-21T17:30:27Z,exact,"harvester downscale, byte-identical",inf,0.0,inf,
casent0102352,Tetramorium,p,data/images/Tetramorium/casent0102352_p.jpg,1.0,1.0,Tetramorium coillum casent0102352 profile 1.jpg,https://upload.wikimedia.org/wikipedia/commons/f/ff/Tetramorium_coillum_casent0102352_profile_1.jpg?utm_source=commons.wikimedia.org&utm_campaign=imageinfo&utm_content=original,53f195eeadbde29b3709716f5efe5c19d71c6436,1142.0,808.0,2009-10-18T13:37:03Z,exact,"harvester downscale, byte-identical",inf,0.0,inf,
casent0102353,Tetramorium,p,data/images/Tetramorium/casent0102353_p.jpg,1.0,1.0,Tetramorium quasirum casent0102353 profile 1.jpg,https://upload.wikimedia.org/wikipedia/commons/2/29/Tetramorium_quasirum_casent0102353_profile_1.jpg?utm_source=commons.wikimedia.org&utm_campaign=imageinfo&utm_content=original,086bc5f9d300416a3abed5c83a1c524c628f1e67,1120.0,808.0,2009-10-20T03:37:50Z,exact,"harvester downscale, byte-identical",inf,0.0,inf,
casent0102354,Tetramorium,p,data/images/Tetramorium/casent0102354_p.jpg,1.0,1.0,Tetramorium quasirum casent0102354 profile 1.jpg,https://upload.wikimedia.org/wikipedia/commons/f/fd/Tetramorium_quasirum_casent0102354_profile_1.jpg?utm_source=commons.wikimedia.org&utm_campaign=imageinfo&utm_content=original,a95fc1eced1c61e73821d3464f4ca46769909202,1134.0,808.0,2009-10-18T19:44:31Z,exact,"harvester downscale, byte-identical",inf,0.0,inf,
casent0102355,Tetramorium,p,data/images/Tetramorium/casent0102355_p.jpg,1.0,1.0,Tetramorium zenatum casent0102355 profile 1.jpg,https://upload.wikimedia.org/wikipedia/commons/7/73/Tetramorium_zenatum_casent0102355_profile_1.jpg?utm_source=commons.wikimedia.org&utm_campaign=imageinfo&utm_content=original,89968d990d7f820cb87d3b2f134d518bb3a55a93,1003.0,808.0,2009-10-21T10:43:07Z,exact,"harvester downscale, byte-identical",inf,0.0,inf,
casent0102385,Tetramorium,p,data/images/Tetramorium/casent0102385_p.jpg,1.0,1.0,Tetramorium quadrispinosum casent0102385 profile 1.jpg,https://upload.wikimedia.org/wikipedia/commons/1/16/Tetramorium_quadrispinosum_casent0102385_profile_1.jpg?utm_source=commons.wikimedia.org&utm_campaign=imageinfo&utm_content=original,99a621d7d9f1b25f8eddae8d7c1ed1609001f27e,1063.0,808.0,2009-10-19T08:17:10Z,exact,"harvester downscale, byte-identical",inf,0.0,inf,
casent0102387,Tetramorium,p,data/images/Tetramorium/casent0102387_p.jpg,1.0,1.0,Tetramorium quadrispinosum casent0102387 profile 1.jpg,https://upload.wikimedia.org/wikipedia/commons/6/67/Tetramorium_quadrispinosum_casent0102387_profile_1.jpg?utm_source=commons.wikimedia.org&utm_campaign=imageinfo&utm_content=original,ece3981fc48c4ec3f4252bac1975fd6be54b49dc,1109.0,808.0,2009-10-19T10:17:34Z,exact,"harvester downscale, byte-identical",inf,0.0,inf,
casent0102388,Tetramorium,p,data/images/Tetramorium/casent0102388_p.jpg,1.0,1.0,Tetramorium sericeiventre casent0102388 profile 1.jpg,https://upload.wikimedia.org/wikipedia/commons/6/6d/Tetramorium_sericeiventre_casent0102388_profile_1.jpg?utm_source=commons.wikimedia.org&utm_campaign=imageinfo&utm_content=original,06f2894d566918b7da7cd2108e977fbc92a43b33,1073.0,808.0,2009-10-20T11:46:35Z,exact,"harvester downscale, byte-identical",inf,0.0,inf,
casent0102392,Tetramorium,p,data/images/Tetramorium/casent0102392_p.jpg,1.0,1.0,Tetramorium ranarum casent0102392 profile 1.jpg,https://upload.wikimedia.org/wikipedia/commons/c/c2/Tetramorium_ranarum_casent0102392_profile_1.jpg?utm_source=commons.wikimedia.org&utm_campaign=imageinfo&utm_content=original,f04f5ea9b5526c7496168df067b0494dff782d0a,1137.0,808.0,2009-10-20T23:08:15Z,exact,"harvester downscale, byte-identical",inf,0.0,inf,
casent0102393,Tetramorium,p,data/images/Tetramorium/casent0102393_p.jpg,1.0,1.0,Tetramorium steinheili casent0102393 profile 1.jpg,https://upload.wikimedia.org/wikipedia/commons/6/62/Tetramorium_steinheili_casent0102393_profile_1.jpg?utm_source=commons.wikimedia.org&utm_campaign=imageinfo&utm_content=original,6d99076cd1fc7025163f0a5f9098baf9871bd62b,947.0,808.0,2009-10-19T13:11:51Z,exact,"harvester downscale, byte-identical",inf,0.0,inf,
casent0102394,Tetramorium,p,data/images/Tetramorium/casent0102394_p.jpg,1.0,1.0,Tetramorium steinheili casent0102394 profile 1.jpg,https://upload.wikimedia.org/wikipedia/commons/1/18/Tetramorium_steinheili_casent0102394_profile_1.jpg?utm_source=commons.wikimedia.org&utm_campaign=imageinfo&utm_content=original,e30b621847954b5c4869b905b2cfc466e2d8e92a,1028.0,808.0,2009-10-19T13:34:04Z,exact,"harvester downscale, byte-identical",inf,0.0,inf,
casent0102395,Tetramorium,p,data/images/Tetramorium/casent0102395_p.jpg,1.0,1.0,Tetramorium andrei casent0102395 profile 1.jpg,https://upload.wikimedia.org/wikipedia/commons/8/8e/Tetramorium_andrei_casent0102395_profile_1.jpg?utm_source=commons.wikimedia.org&utm_campaign=imageinfo&utm_content=original,e47b46737581b5965461de1932a197050bf0cede,1073.0,808.0,2009-10-22T02:14:29Z,exact,"harvester downscale, byte-identical",inf,0.0,inf,
casent0102398,Tetramorium,p,data/images/Tetramorium/casent0102398_p.jpg,1.0,1.0,Tetramorium marginatum casent0102398 profile 1.jpg,https://upload.wikimedia.org/wikipedia/commons/f/f3/Tetramorium_marginatum_casent0102398_profile_1.jpg?utm_source=commons.wikimedia.org&utm_campaign=imageinfo&utm_content=original,bf708a61223ee20a4f8b9c2a1f2c3ef7e8b387f5,1073.0,808.0,2009-10-18T17:26:13Z,exact,"harvester downscale, byte-identical",inf,0.0,inf,
casent0102399,Tetramorium,p,data/images/Tetramorium/casent0102399_p.jpg,1.0,1.0,Tetramorium pleganon casent0102399 profile 1.jpg,https://upload.wikimedia.org/wikipedia/commons/1/15/Tetramorium_pleganon_casent0102399_profile_1.jpg?utm_source=commons.wikimedia.org&utm_campaign=imageinfo&utm_content=original,e29231c0c9e9492e36cb5835fac02de0ef9c2210,1012.0,808.0,2009-10-22T08:03:28Z,exact,"harvester downscale, byte-identical",inf,0.0,inf,
casent0102400,Tetramorium,p,data/images/Tetramorium/casent0102400_p.jpg,1.0,1.0,Tetramorium xanthogaster casent0102400 profile 1.jpg,https://upload.wikimedia.org/wikipedia/commons/3/37/Tetramorium_xanthogaster_casent0102400_profile_1.jpg?utm_source=commons.wikimedia.org&utm_campaign=imageinfo&utm_content=original,b867382ea4a19dafcca2c2ce5388b61d20dfa47c,1093.0,808.0,2009-10-18T19:57:36Z,exact,"harvester downscale, byte-identical",inf,0.0,inf,
casent0102401,Tetramorium,p,data/images/Tetramorium/casent0102401_p.jpg,1.0,1.0,Tetramorium schaufussii casent0102401 profile 1.jpg,https://upload.wikimedia.org/wikipedia/commons/3/3c/Tetramorium_schaufussii_casent0102401_profile_1.jpg?utm_source=commons.wikimedia.org&utm_campaign=imageinfo&utm_content=original,c5c57d3b65df83efe458324033a5d001f5dabf02,1173.0,808.0,2009-10-22T04:06:38Z,exact,"harvester downscale, byte-identical",inf,0.0,inf,
casent0102402,Tetramorium,p,data/images/Tetramorium/casent0102402_p.jpg,1.0,1.0,Tetramorium sikorae casent0102402 profile 1.jpg,https://upload.wikimedia.org/wikipedia/commons/1/12/Tetramorium_sikorae_casent0102402_profile_1.jpg?utm_source=commons.wikimedia.org&utm_campaign=imageinfo&utm_content=original,2b4617095499bf994fcddced37b3e280811255f2,1115.0,808.0,2009-10-19T02:38:32Z,exact,"harvester downscale, byte-identical",inf,0.0,inf,
casent0102403,Tetramorium,p,data/images/Tetramorium/casent0102403_p.jpg,1.0,1.0,Tetramorium degener casent0102403 profile 1.jpg,https://upload.wikimedia.org/wikipedia/commons/9/92/Tetramorium_degener_casent0102403_profile_1.jpg?utm_source=commons.wikimedia.org&utm_campaign=imageinfo&utm_content=original,1787390f353ce5ec79d8ca37f4d63df1f34b7eb8,1222.0,808.0,2009-10-21T07:14:30Z,exact,"harvester downscale, byte-identical",inf,0.0,inf,
casent0102404,Tetramorium,p,data/images/Tetramorium/casent0102404_p.jpg,1.0,1.0,Tetramorium bicarinatum casent0102404 profile 1.jpg,https://upload.wikimedia.org/wikipedia/commons/7/78/Tetramorium_bicarinatum_casent0102404_profile_1.jpg?utm_source=commons.wikimedia.org&utm_campaign=imageinfo&utm_content=original,9d9817c1d96dd2aa11a60f71d7861e70790788be,1041.0,808.0,2009-10-20T23:47:20Z,exact,"harvester downscale, byte-identical",inf,0.0,inf,
casent0102407,Bothroponera,p,data/images/Bothroponera/casent0102407_p.jpg,1.0,1.0,Pachycondyla cambouei casent0102407 profile 1.jpg,https://upload.wikimedia.org/wikipedia/commons/d/df/Pachycondyla_cambouei_casent0102407_profile_1.jpg?utm_source=commons.wikimedia.org&utm_campaign=imageinfo&utm_content=original,1c9ddddd241297b5363786b53a373e26839ad2ef,1021.0,808.0,2009-10-19T03:42:44Z,exact,"harvester downscale, byte-identical",inf,0.0,inf,
casent0102408,Bothroponera,p,data/images/Bothroponera/casent0102408_p.jpg,1.0,1.0,Pachycondyla comorensis casent0102408 profile 1.jpg,https://upload.wikimedia.org/wikipedia/commons/e/e4/Pachycondyla_comorensis_casent0102408_profile_1.jpg?utm_source=commons.wikimedia.org&utm_campaign=imageinfo&utm_content=original,8fcdf099b56cf051f2c03ff949684afd54ac62af,1106.0,808.0,2009-10-21T22:35:38Z,exact,"harvester downscale, byte-identical",inf,0.0,inf,
casent0102409,Bothroponera,p,data/images/Bothroponera/casent0102409_p.jpg,1.0,1.0,Pachycondyla wasmannii casent0102409 profile 1.jpg,https://upload.wikimedia.org/wikipedia/commons/d/dd/Pachycondyla_wasmannii_casent0102409_profile_1.jpg?utm_source=commons.wikimedia.org&utm_campaign=imageinfo&utm_content=original,251419e77bbc5ef63fe58d5f168ae43bab63c37d,1078.0,808.0,2009-10-22T19:48:44Z,exact,"harvester downscale, byte-identical",inf,0.0,inf,
casent0102410,Bothroponera,p,data/images/Bothroponera/casent0102410_p.jpg,1.0,1.0,Pachycondyla cambouei casent0102410 profile 1.jpg,https://upload.wikimedia.org/wikipedia/commons/4/41/Pachycondyla_cambouei_casent0102410_profile_1.jpg?utm_source=commons.wikimedia.org&utm_campaign=imageinfo&utm_content=original,e5d52953546e2cf96009d880b7bead74951f4550,1087.0,808.0,2009-10-22T12:38:26Z,exact,"harvester downscale, byte-identical",inf,0.0,inf,
casent0102411,Bothroponera,p,data/images/Bothroponera/casent0102411_p.jpg,1.0,1.0,Pachycondyla cambouei casent0102411 profile 1.jpg,https://upload.wikimedia.org/wikipedia/commons/7/75/Pachycondyla_cambouei_casent0102411_profile_1.jpg?utm_source=commons.wikimedia.org&utm_campaign=imageinfo&utm_content=original,8cb29984254fe8374d4f7e34b06b09a056da564f,1168.0,808.0,2009-10-20T13:56:58Z,exact,"harvester downscale, byte-identical",inf,0.0,inf,
casent0102412,Leptogenys,p,data/images/Leptogenys/casent0102412_p.jpg,1.0,1.0,Leptogenys truncatirostris casent0102412 profile 1.jpg,https://upload.wikimedia.org/wikipedia/commons/4/46/Leptogenys_truncatirostris_casent0102412_profile_1.jpg?utm_source=commons.wikimedia.org&utm_campaign=imageinfo&utm_content=original,6112b90e70d590ad9690e42db843a881cf6e54eb,1080.0,808.0,2009-10-20T08:33:54Z,exact,"harvester downscale, byte-identical",inf,0.0,inf,
casent0102413,Leptogenys,p,data/images/Leptogenys/casent0102413_p.jpg,1.0,1.0,Leptogenys coerulescens casent0102413 profile 1.jpg,https://upload.wikimedia.org/wikipedia/commons/6/69/Leptogenys_coerulescens_casent0102413_profile_1.jpg?utm_source=commons.wikimedia.org&utm_campaign=imageinfo&utm_content=original,de527bc678d51d98d082cb6fbe791757ddff0b05,949.0,808.0,2009-10-19T06:49:45Z,exact,"harvester downscale, byte-identical",inf,0.0,inf,
casent0102414,Leptogenys,p,data/images/Leptogenys/casent0102414_p.jpg,1.0,1.0,Leptogenys incisa casent0102414 profile 1.jpg,https://upload.wikimedia.org/wikipedia/commons/2/27/Leptogenys_incisa_casent0102414_profile_1.jpg?utm_source=commons.wikimedia.org&utm_campaign=imageinfo&utm_content=original,85381c111391282c3aa231530de7e0257115643d,1262.0,808.0,2009-10-20T15:53:37Z,exact,"harvester downscale, byte-identical",inf,0.0,inf,
casent0102415,Camponotus,p,data/images/Camponotus/casent0102415_p.jpg,1.0,1.0,Camponotus putatus casent0102415 profile 1.jpg,https://upload.wikimedia.org/wikipedia/commons/e/e8/Camponotus_putatus_casent0102415_profile_1.jpg?utm_source=commons.wikimedia.org&utm_campaign=imageinfo&utm_content=original,76bf63894e362be66a63265405891cb24f9762f1,946.0,808.0,2009-10-19T12:30:31Z,exact,"harvester downscale, byte-identical",inf,0.0,inf,
casent0102416,Camponotus,p,data/images/Camponotus/casent0102416_p.jpg,1.0,1.0,Camponotus putatus casent0102416 profile 1.jpg,https://upload.wikimedia.org/wikipedia/commons/1/17/Camponotus_putatus_casent0102416_profile_1.jpg?utm_source=commons.wikimedia.org&utm_campaign=imageinfo&utm_content=original,7cf6b45b957ce2f39e3f91bde5f2d9b0c64e0073,1262.0,808.0,2009-10-20T00:23:10Z,exact,"harvester downscale, byte-identical",inf,0.0,inf,
casent0102417,Camponotus,p,data/images/Camponotus/casent0102417_p.jpg,1.0,1.0,Camponotus putatus casent0102417 profile 1.jpg,https://upload.wikimedia.org/wikipedia/commons/f/ff/Camponotus_putatus_casent0102417_profile_1.jpg?utm_source=commons.wikimedia.org&utm_campaign=imageinfo&utm_content=original,4d88bba5825f46366cddb888713da16ccdee6cda,1100.0,808.0,2009-10-22T08:12:20Z,exact,"harvester downscale, byte-identical",inf,0.0,inf,
casent0102418,Camponotus,p,data/images/Camponotus/casent0102418_p.jpg,1.0,1.0,Camponotus reaumuri casent0102418 profile 1.jpg,https://upload.wikimedia.org/wikipedia/commons/b/ba/Camponotus_reaumuri_casent0102418_profile_1.jpg?utm_source=commons.wikimedia.org&utm_campaign=imageinfo&utm_content=original,fe2d7ab200344f481856c9424f9bdfa7fb35a7bf,1073.0,808.0,2009-10-18T16:58:07Z,exact,"harvester downscale, byte-identical",inf,0.0,inf,
casent0102419,Camponotus,p,data/images/Camponotus/casent0102419_p.jpg,1.0,1.0,Camponotus reaumuri casent0102419 profile 1.jpg,https://upload.wikimedia.org/wikipedia/commons/6/6a/Camponotus_reaumuri_casent0102419_profile_1.jpg?utm_source=commons.wikimedia.org&utm_campaign=imageinfo&utm_content=original,3f7c84eefe4b4fc24884f8f07a1516368276e0b6,1196.0,808.0,2009-10-20T12:38:57Z,exact,"harvester downscale, byte-identical",inf,0.0,inf,
casent0102420,Camponotus,p,data/images/Camponotus/casent0102420_p.jpg,1.0,1.0,Camponotus reaumuri casent0102420 profile 1.jpg,https://upload.wikimedia.org/wikipedia/commons/e/ef/Camponotus_reaumuri_casent0102420_profile_1.jpg?utm_source=commons.wikimedia.org&utm_campaign=imageinfo&utm_content=original,1202aa56d90181795b2d714ecc6ee4b977e4ad2f,1276.0,808.0,2009-10-21T10:48:13Z,exact,"harvester downscale, byte-identical",inf,0.0,inf,
casent0102421,Camponotus,p,data/images/Camponotus/casent0102421_p.jpg,1.0,1.0,Camponotus pictipes casent0102421 profile 1.jpg,https://upload.wikimedia.org/wikipedia/commons/8/81/Camponotus_pictipes_casent0102421_profile_1.jpg?utm_source=commons.wikimedia.org&utm_campaign=imageinfo&utm_content=original,7c1e82b1eb7fedc533653d2679ea47a9b2f0758f,1260.0,808.0,2009-10-21T05:34:56Z,exact,"harvester downscale, byte-identical",inf,0.0,inf,
casent0102422,Camponotus,p,data/images/Camponotus/casent0102422_p.jpg,1.0,1.0,Camponotus pictipes casent0102422 profile 1.jpg,https://upload.wikimedia.org/wikipedia/commons/e/e3/Camponotus_pictipes_casent0102422_profile_1.jpg?utm_source=commons.wikimedia.org&utm_campaign=imageinfo&utm_content=original,1ab6ebc375ab355ab5f3e5c0bf42ebce3843c230,1140.0,808.0,2009-10-18T17:59:45Z,exact,"harvester downscale, byte-identical",inf,0.0,inf,
casent0102423,Camponotus,p,data/images/Camponotus/casent0102423_p.jpg,1.0,1.0,Camponotus pictipes casent0102423 profile 1.jpg,https://upload.wikimedia.org/wikipedia/commons/3/38/Camponotus_pictipes_casent0102423_profile_1.jpg?utm_source=commons.wikimedia.org&utm_campaign=imageinfo&utm_content=original,400a4650c71b165abd8a1973e2acecd0d0567d2b,1189.0,808.0,2009-10-19T10:38:11Z,exact,"harvester downscale, byte-identical",inf,0.0,inf,
casent0102426,Camponotus,p,data/images/Camponotus/casent0102426_p.jpg,1.0,1.0,Camponotus quadrimaculatus casent0102426 profile 1.jpg,https://upload.wikimedia.org/wikipedia/commons/f/fe/Camponotus_quadrimaculatus_casent0102426_profile_1.jpg?utm_source=commons.wikimedia.org&utm_campaign=imageinfo&utm_content=original,651a4015edecbbc526c99700daf31c6de053287b,1073.0,808.0,2009-10-18T18:48:17Z,exact,"harvester downscale, byte-identical",inf,0.0,inf,
casent0102427,Camponotus,p,data/images/Camponotus/casent0102427_p.jpg,1.0,1.0,Camponotus quadrimaculatus casent0102427 profile 1.jpg,https://upload.wikimedia.org/wikipedia/commons/5/50/Camponotus_quadrimaculatus_casent0102427_profile_1.jpg?utm_source=commons.wikimedia.org&utm_campaign=imageinfo&utm_content=original,3855632de765224775a97d5254e4c4bb18149a56,1305.0,808.0,2009-10-22T16:19:23Z,exact,"Commons server thumbnail, byte-identical",inf,0.0,inf,
casent0102433,Camponotus,p,data/images/Camponotus/casent0102433_p.jpg,3.0,1.0,Camponotus quadrimaculatus opacatus casent0102433 profile 1.jpg,https://upload.wikimedia.org/wikipedia/commons/1/19/Camponotus_quadrimaculatus_opacatus_casent0102433_profile_1.jpg?utm_source=commons.wikimedia.org&utm_campaign=imageinfo&utm_content=original,7866cb8011e3b11801b5ab8b029e672b1ed4b84c,1324.0,808.0,2009-10-21T03:23:27Z,exact,"Commons server thumbnail, byte-identical",inf,0.0,inf,
casent0102434,Camponotus,p,data/images/Camponotus/casent0102434_p.jpg,1.0,1.0,Camponotus quadrimaculatus opacatus casent0102434 profile 1.jpg,https://upload.wikimedia.org/wikipedia/commons/2/2e/Camponotus_quadrimaculatus_opacatus_casent0102434_profile_1.jpg?utm_source=commons.wikimedia.org&utm_campaign=imageinfo&utm_content=original,9384ac349b862d71508f8d2748d77430497bc63a,1237.0,808.0,2009-10-19T23:55:54Z,exact,"harvester downscale, byte-identical",inf,0.0,inf,
casent0102435,Camponotus,p,data/images/Camponotus/casent0102435_p.jpg,2.0,1.0,Camponotus quadrimaculatus sellaris casent0102435 profile 1.jpg,https://upload.wikimedia.org/wikipedia/commons/e/eb/Camponotus_quadrimaculatus_sellaris_casent0102435_profile_1.jpg?utm_source=commons.wikimedia.org&utm_campaign=imageinfo&utm_content=original,acf0b453249898d18ca7b165bb44164a5585614e,1296.0,808.0,2009-10-22T03:17:10Z,exact,"harvester downscale, byte-identical",inf,0.0,inf,
casent0102436,Camponotus,p,data/images/Camponotus/casent0102436_p.jpg,1.0,1.0,Camponotus quadrimaculatus sellaris casent0102436 profile 1.jpg,https://upload.wikimedia.org/wikipedia/commons/d/d2/Camponotus_quadrimaculatus_sellaris_casent0102436_profile_1.jpg?utm_source=commons.wikimedia.org&utm_campaign=imageinfo&utm_content=original,4d2d3cd40676f8dc751c8563cfab41598dee47f1,1173.0,808.0,2009-10-22T23:39:19Z,exact,"harvester downscale, byte-identical",inf,0.0,inf,
casent0102437,Camponotus,p,data/images/Camponotus/casent0102437_p.jpg,1.0,1.0,Camponotus repens casent0102437 profile 1.jpg,https://upload.wikimedia.org/wikipedia/commons/5/57/Camponotus_repens_casent0102437_profile_1.jpg?utm_source=commons.wikimedia.org&utm_campaign=imageinfo&utm_content=original,9916cb8bfa1ae706682e1f36bddb1ea979a854c5,1057.0,808.0,2009-10-22T14:04:23Z,exact,"harvester downscale, byte-identical",inf,0.0,inf,
casent0102438,Camponotus,p,data/images/Camponotus/casent0102438_p.jpg,1.0,1.0,Camponotus repens casent0102438 profile 1.jpg,https://upload.wikimedia.org/wikipedia/commons/8/80/Camponotus_repens_casent0102438_profile_1.jpg?utm_source=commons.wikimedia.org&utm_campaign=imageinfo&utm_content=original,a3dc81762ee5c736a2ca96416ad782fe40faed8a,1216.0,808.0,2009-10-18T19:09:34Z,exact,"harvester downscale, byte-identical",inf,0.0,inf,
casent0102439,Camponotus,p,data/images/Camponotus/casent0102439_p.jpg,1.0,1.0,Camponotus repens casent0102439 profile 1.jpg,https://upload.wikimedia.org/wikipedia/commons/3/33/Camponotus_repens_casent0102439_profile_1.jpg?utm_source=commons.wikimedia.org&utm_campaign=imageinfo&utm_content=original,3fe116827da5ba8c3e4240a15ab120f49ae7f75c,1449.0,808.0,2009-10-19T07:20:55Z,exact,"harvester downscale, byte-identical",inf,0.0,inf,
casent0102440,Camponotus,p,data/images/Camponotus/casent0102440_p.jpg,1.0,1.0,Camponotus ellioti casent0102440 profile 1.jpg,https://upload.wikimedia.org/wikipedia/commons/e/ea/Camponotus_ellioti_casent0102440_profile_1.jpg?utm_source=commons.wikimedia.org&utm_campaign=imageinfo&utm_content=original,5d3186b8a4eff9b3b1ae55cf1b11960aab2d4c2c,1269.0,808.0,2009-10-22T08:58:55Z,exact,"harvester downscale, byte-identical",inf,0.0,inf,
casent0102441,Camponotus,p,data/images/Camponotus/casent0102441_p.jpg,1.0,1.0,Camponotus nossibeensis casent0102441 profile 1.jpg,https://upload.wikimedia.org/wikipedia/commons/4/4c/Camponotus_nossibeensis_casent0102441_profile_1.jpg?utm_source=commons.wikimedia.org&utm_campaign=imageinfo&utm_content=original,977ee684f2827b40d587401572fad06087c2c007,1180.0,808.0,2009-10-19T00:15:15Z,exact,"harvester downscale, byte-identical",inf,0.0,inf,
casent0102442,Camponotus,p,data/images/Camponotus/casent0102442_p.jpg,1.0,1.0,Camponotus quadrimaculatus casent0102442 profile 1.jpg,https://upload.wikimedia.org/wikipedia/commons/9/97/Camponotus_quadrimaculatus_casent0102442_profile_1.jpg?utm_source=commons.wikimedia.org&utm_campaign=imageinfo&utm_content=original,8771a3efb4f8b28bad9d9199c6156951a7a8f8a8,1113.0,808.0,2009-10-22T16:58:25Z,exact,"harvester downscale, byte-identical",inf,0.0,inf,
casent0102443,Camponotus,p,data/images/Camponotus/casent0102443_p.jpg,1.0,1.0,Camponotus quadrimaculatus casent0102443 profile 1.jpg,https://upload.wikimedia.org/wikipedia/commons/f/fa/Camponotus_quadrimaculatus_casent0102443_profile_1.jpg?utm_source=commons.wikimedia.org&utm_campaign=imageinfo&utm_content=original,0f482f5bb5827dae70f60d2115079e74fba2c9fa,1073.0,808.0,2009-10-20T05:05:35Z,exact,"harvester downscale, byte-identical",inf,0.0,inf,
casent0102452,Camponotus,p,data/images/Camponotus/casent0102452_p.jpg,1.0,1.0,Camponotus grandidieri casent0102452 profile 1.jpg,https://upload.wikimedia.org/wikipedia/commons/f/f8/Camponotus_grandidieri_casent0102452_profile_1.jpg?utm_source=commons.wikimedia.org&utm_campaign=imageinfo&utm_content=original,be72fb249a000d98757cd643d618c509b815e037,1237.0,808.0,2009-10-18T21:14:30Z,exact,"harvester downscale, byte-identical",inf,0.0,inf,
casent0102930,Platythyrea,p,data/images/Platythyrea/casent0102930_p.jpg,1.0,1.0,Platythyrea bicuspis casent0102930 profile 1.jpg,https://upload.wikimedia.org/wikipedia/commons/c/c0/Platythyrea_bicuspis_casent0102930_profile_1.jpg?utm_source=commons.wikimedia.org&utm_campaign=imageinfo&utm_content=original,9cfc83c705438b32c2c60062cc276e0d26a7164a,1144.0,808.0,2009-10-21T11:08:14Z,exact,"harvester downscale, byte-identical",inf,0.0,inf,
casent0102931,Anochetus,p,data/images/Anochetus/casent0102931_p.jpg,1.0,1.0,Anochetus grandidieri casent0102931 profile 1.jpg,https://upload.wikimedia.org/wikipedia/commons/4/4b/Anochetus_grandidieri_casent0102931_profile_1.jpg?utm_source=commons.wikimedia.org&utm_campaign=imageinfo&utm_content=original,7891f34dde1d543f58b4c789f7d5bc418b4b423e,1214.0,808.0,2009-10-21T19:55:37Z,exact,"harvester downscale, byte-identical",inf,0.0,inf,
casent0102932,Anochetus,p,data/images/Anochetus/casent0102932_p.jpg,1.0,1.0,Anochetus madagascarensis casent0102932 profile 1.jpg,https://upload.wikimedia.org/wikipedia/commons/4/4a/Anochetus_madagascarensis_casent0102932_profile_1.jpg?utm_source=commons.wikimedia.org&utm_campaign=imageinfo&utm_content=original,765ec31ffee4121c26b2feaa1e29a5039be56ff5,1164.0,808.0,2009-10-19T02:38:44Z,exact,"harvester downscale, byte-identical",inf,0.0,inf,
casent0102933,Anochetus,p,data/images/Anochetus/casent0102933_p.jpg,1.0,1.0,Anochetus madagascarensis casent0102933 profile 1.jpg,https://upload.wikimedia.org/wikipedia/commons/6/65/Anochetus_madagascarensis_casent0102933_profile_1.jpg?utm_source=commons.wikimedia.org&utm_campaign=imageinfo&utm_content=original,f6b6909081a94fd3ad727c13e98e8c0a29519580,1204.0,808.0,2009-10-20T08:28:39Z,exact,"harvester downscale, byte-identical",inf,0.0,inf,
casent0102938,Crematogaster,p,data/images/Crematogaster/casent0102938_p.jpg,1.0,1.0,Crematogaster madagascariensis casent0102938 profile 1.jpg,https://upload.wikimedia.org/wikipedia/commons/b/b2/Crematogaster_madagascariensis_casent0102938_profile_1.jpg?utm_source=commons.wikimedia.org&utm_campaign=imageinfo&utm_content=original,54923baae21fd59917ec2dca1b86f39fb71b8cd2,1454.0,808.0,2009-10-18T21:14:06Z,exact,"Commons server thumbnail, byte-identical",inf,0.0,inf,
casent0102939,Crematogaster,p,data/images/Crematogaster/casent0102939_p.jpg,1.0,1.0,Crematogaster marthae casent0102939 profile 1.jpg,https://upload.wikimedia.org/wikipedia/commons/f/f4/Crematogaster_marthae_casent0102939_profile_1.jpg?utm_source=commons.wikimedia.org&utm_campaign=imageinfo&utm_content=original,a04ae2f9dc5519627d8910326ea0da1ffd4433d3,1337.0,808.0,2009-10-21T16:59:33Z,exact,"harvester downscale, byte-identical",inf,0.0,inf,
casent0102941,Crematogaster,p,data/images/Crematogaster/casent0102941_p.jpg,1.0,1.0,Crematogaster degeeri casent0102941 profile 1.jpg,https://upload.wikimedia.org/wikipedia/commons/6/67/Crematogaster_degeeri_casent0102941_profile_1.jpg?utm_source=commons.wikimedia.org&utm_campaign=imageinfo&utm_content=original,afe0c5f15cbf0d03aa33d86be4e1100b442af341,1624.0,808.0,2009-10-22T20:33:13Z,exact,"harvester downscale, byte-identical",inf,0.0,inf,
casent0102955,Crematogaster,p,data/images/Crematogaster/casent0102955_p.jpg,1.0,1.0,Crematogaster hova casent0102955 profile 1.jpg,https://upload.wikimedia.org/wikipedia/commons/d/d3/Crematogaster_hova_casent0102955_profile_1.jpg?utm_source=commons.wikimedia.org&utm_campaign=imageinfo&utm_content=original,ea1d5acbcc01d4850bb02627d70314f643ee2a29,1307.0,808.0,2009-10-22T16:09:47Z,exact,"harvester downscale, byte-identical",inf,0.0,inf,
casent0102956,Crematogaster,p,data/images/Crematogaster/casent0102956_p.jpg,1.0,1.0,Crematogaster schencki casent0102956 profile 1.jpg,https://upload.wikimedia.org/wikipedia/commons/6/6c/Crematogaster_schencki_casent0102956_profile_1.jpg?utm_source=commons.wikimedia.org&utm_campaign=imageinfo&utm_content=original,b61b87dd5ba696281e43b1b824a610afd1970dfe,1050.0,808.0,2009-10-18T11:42:50Z,exact,"harvester downscale, byte-identical",inf,0.0,inf,
casent0102957,Crematogaster,p,data/images/Crematogaster/casent0102957_p.jpg,1.0,1.0,Crematogaster ranavalonae casent0102957 profile 1.jpg,https://upload.wikimedia.org/wikipedia/commons/6/6a/Crematogaster_ranavalonae_casent0102957_profile_1.jpg?utm_source=commons.wikimedia.org&utm_campaign=imageinfo&utm_content=original,c6947293ff79f2f57efd1dcf1b4d75a62e029bbf,1441.0,808.0,2009-10-19T10:56:05Z,exact,"harvester downscale, byte-identical",inf,0.0,inf,
casent0102970,Crematogaster,p,data/images/Crematogaster/casent0102970_p.jpg,1.0,1.0,Crematogaster castanea casent0102970 profile 1.jpg,https://upload.wikimedia.org/wikipedia/commons/c/c1/Crematogaster_castanea_casent0102970_profile_1.jpg?utm_source=commons.wikimedia.org&utm_campaign=imageinfo&utm_content=original,12a8582d41be71f8c91b3fde59d2ead7d2707f30,1389.0,808.0,2009-10-18T14:17:27Z,exact,"harvester downscale, byte-identical",inf,0.0,inf,
casent0102977,Nylanderia,p,data/images/Nylanderia/casent0102977_p.jpg,1.0,1.0,Paratrechina madagascarensis ellisii casent0102977 profile 1.jpg,https://upload.wikimedia.org/wikipedia/commons/1/16/Paratrechina_madagascarensis_ellisii_casent0102977_profile_1.jpg?utm_source=commons.wikimedia.org&utm_campaign=imageinfo&utm_content=original,c481aee9b48e4eb63700944f9143c5d0217f920d,1116.0,808.0,2009-10-18T16:11:17Z,exact,"harvester downscale, byte-identical",inf,0.0,inf,
casent0102983,Tetramorium,p,data/images/Tetramorium/casent0102983_p.jpg,1.0,1.0,Tetramorium robustior casent0102983 profile 1.jpg,https://upload.wikimedia.org/wikipedia/commons/d/de/Tetramorium_robustior_casent0102983_profile_1.jpg?utm_source=commons.wikimedia.org&utm_campaign=imageinfo&utm_content=original,103f3731ad65d7e534b2b1fae2fc5f8914465376,1073.0,808.0,2009-10-19T05:47:30Z,exact,"harvester downscale, byte-identical",inf,0.0,inf,
casent0102984,Cataulacus,p,data/images/Cataulacus/casent0102984_p.jpg,1.0,1.0,Cataulacus ebrardi casent0102984 profile 1.jpg,https://upload.wikimedia.org/wikipedia/commons/7/77/Cataulacus_ebrardi_casent0102984_profile_1.jpg?utm_source=commons.wikimedia.org&utm_campaign=imageinfo&utm_content=original,d6cfcb8e0c805603086364490afe17456cec5d95,1073.0,808.0,2009-10-22T05:25:56Z,exact,"harvester downscale, byte-identical",inf,0.0,inf,
casent0102996,Platythyrea,p,data/images/Platythyrea/casent0102996_p.jpg,1.0,1.0,Platythyrea mocquerysi casent0102996 profile 1.jpg,https://upload.wikimedia.org/wikipedia/commons/1/1e/Platythyrea_mocquerysi_casent0102996_profile_1.jpg?utm_source=commons.wikimedia.org&utm_campaign=imageinfo&utm_content=original,5973544ceff852d215f64f735bf696e96e38f9cc,1152.0,808.0,2009-10-21T11:03:36Z,exact,"harvester downscale, byte-identical",inf,0.0,inf,
casent0103270,Technomyrmex,p,data/images/Technomyrmex/casent0103270_p.jpg,1.0,1.0,Technomyrmex curiosus casent0103270 profile 1.jpg,https://upload.wikimedia.org/wikipedia/commons/5/5f/Technomyrmex_curiosus_casent0103270_profile_1.jpg?utm_source=commons.wikimedia.org&utm_campaign=imageinfo&utm_content=original,05f0640bb815ed1ab1b18df05851f084eee4a939,1119.0,808.0,2009-10-18T09:17:46Z,exact,"harvester downscale, byte-identical",inf,0.0,inf,
casent0103296,Pheidole,p,data/images/Pheidole/casent0103296_p.jpg,2.0,1.0,Pheidole picata gietleni casent0103296 profile 1.jpg,https://upload.wikimedia.org/wikipedia/commons/d/d0/Pheidole_picata_gietleni_casent0103296_profile_1.jpg?utm_source=commons.wikimedia.org&utm_campaign=imageinfo&utm_content=original,246d41e12b553982a880eb6a1cb1173db2a4ce9a,1169.0,808.0,2009-10-19T00:03:43Z,exact,"harvester downscale, byte-identical",inf,0.0,inf,
casent0103297,Pheidole,p,data/images/Pheidole/casent0103297_p.jpg,1.0,1.0,Pheidole picata gietleni casent0103297 profile 1.jpg,https://upload.wikimedia.org/wikipedia/commons/c/ca/Pheidole_picata_gietleni_casent0103297_profile_1.jpg?utm_source=commons.wikimedia.org&utm_campaign=imageinfo&utm_content=original,348b63151a3e96bebcb4157d0929f7346903cf61,1097.0,808.0,2009-10-21T00:52:23Z,exact,"harvester downscale, byte-identical",inf,0.0,inf,
casent0103307,Pheidole,p,data/images/Pheidole/casent0103307_p.jpg,1.0,1.0,Pheidole picata gietleni casent0103307 profile 1.jpg,https://upload.wikimedia.org/wikipedia/commons/8/8d/Pheidole_picata_gietleni_casent0103307_profile_1.jpg?utm_source=commons.wikimedia.org&utm_campaign=imageinfo&utm_content=original,189a8459f51c767d7b94af0a90c95dd3983c81d3,1109.0,808.0,2009-10-19T06:03:29Z,exact,"harvester downscale, byte-identical",inf,0.0,inf,
casent0103308,Pheidole,p,data/images/Pheidole/casent0103308_p.jpg,1.0,1.0,Pheidole picata gietleni casent0103308 profile 1.jpg,https://upload.wikimedia.org/wikipedia/commons/5/54/Pheidole_picata_gietleni_casent0103308_profile_1.jpg?utm_source=commons.wikimedia.org&utm_campaign=imageinfo&utm_content=original,0bbe3a42e05e5b6c9a57d0c0a2dddf6e49a8fb7c,1009.0,808.0,2009-10-19T14:24:54Z,exact,"harvester downscale, byte-identical",inf,0.0,inf,
casent0103323,Tapinoma,p,data/images/Tapinoma/casent0103323_p.jpg,1.0,1.0,Tapinoma melanocephalum casent0103323 profile 1.jpg,https://upload.wikimedia.org/wikipedia/commons/b/b2/Tapinoma_melanocephalum_casent0103323_profile_1.jpg?utm_source=commons.wikimedia.org&utm_campaign=imageinfo&utm_content=original,9295a50a810731a470d4296c0a19bd9039d4dc30,1073.0,808.0,2009-10-19T18:32:31Z,exact,"harvester downscale, byte-identical",inf,0.0,inf,
casent0104343,Technomyrmex,p,data/images/Technomyrmex/casent0104343_p.jpg,1.0,1.0,Technomyrmex albipes casent0104343 profile 1.jpg,https://upload.wikimedia.org/wikipedia/commons/1/16/Technomyrmex_albipes_casent0104343_profile_1.jpg?utm_source=commons.wikimedia.org&utm_campaign=imageinfo&utm_content=original,ee963b9fa0b980b78db4ed2158325ad326b810a2,1259.0,808.0,2009-10-21T08:31:09Z,exact,"harvester downscale, byte-identical",inf,0.0,inf,
casent0104543,Anochetus,p,data/images/Anochetus/casent0104543_p.jpg,2.0,1.0,Anochetus goodmani casent0104543 profile 1.jpg,https://upload.wikimedia.org/wikipedia/commons/4/49/Anochetus_goodmani_casent0104543_profile_1.jpg?utm_source=commons.wikimedia.org&utm_campaign=imageinfo&utm_content=original,6dea7bfdbc44b313bd205e67bce7d09786689e53,1165.0,808.0,2009-10-20T03:11:45Z,exact,"harvester downscale, byte-identical",inf,0.0,inf,
casent0104547,Anochetus,p,data/images/Anochetus/casent0104547_p.jpg,2.0,1.0,Anochetus madagascarensis casent0104547 profile 1.jpg,https://upload.wikimedia.org/wikipedia/commons/9/97/Anochetus_madagascarensis_casent0104547_profile_1.jpg?utm_source=commons.wikimedia.org&utm_campaign=imageinfo&utm_content=original,f6ee5ac6adc398eb6986a995951ae1a0eed70346,1073.0,808.0,2009-10-20T02:25:28Z,exact,"harvester downscale, byte-identical",inf,0.0,inf,
casent0104548,Anochetus,p,data/images/Anochetus/casent0104548_p.jpg,1.0,1.0,Anochetus goodmani casent0104548 profile 1.jpg,https://upload.wikimedia.org/wikipedia/commons/1/1e/Anochetus_goodmani_casent0104548_profile_1.jpg?utm_source=commons.wikimedia.org&utm_campaign=imageinfo&utm_content=original,d25cad3b8bae463faee81f6bdebe80d9486366b4,1073.0,808.0,2009-10-19T12:08:27Z,exact,"harvester downscale, byte-identical",inf,0.0,inf,
casent0104549,Odontomachus,p,data/images/Odontomachus/casent0104549_p.jpg,1.0,1.0,Odontomachus coquereli casent0104549 profile 1.jpg,https://upload.wikimedia.org/wikipedia/commons/b/bc/Odontomachus_coquereli_casent0104549_profile_1.jpg?utm_source=commons.wikimedia.org&utm_campaign=imageinfo&utm_content=original,a31a131ecb5f1c614a67fd52f02dacb2d4e42849,1073.0,808.0,2009-10-20T19:38:16Z,exact,"harvester downscale, byte-identical",inf,0.0,inf,
casent0104550,Odontomachus,p,data/images/Odontomachus/casent0104550_p.jpg,1.0,1.0,Odontomachus coquereli casent0104550 profile 1.jpg,https://upload.wikimedia.org/wikipedia/commons/8/87/Odontomachus_coquereli_casent0104550_profile_1.jpg?utm_source=commons.wikimedia.org&utm_campaign=imageinfo&utm_content=original,718c52d1dac49fd9d7059331c6b93adf0fe842ef,1123.0,808.0,2009-10-22T22:21:51Z,exact,"harvester downscale, byte-identical",inf,0.0,inf,
casent0104551,Odontomachus,p,data/images/Odontomachus/casent0104551_p.jpg,1.0,1.0,Odontomachus coquereli casent0104551 profile 1.jpg,https://upload.wikimedia.org/wikipedia/commons/3/36/Odontomachus_coquereli_casent0104551_profile_1.jpg?utm_source=commons.wikimedia.org&utm_campaign=imageinfo&utm_content=original,cae005d52459380abe1d46be9942d506103b57b9,1129.0,808.0,2009-10-22T09:27:04Z,exact,"harvester downscale, byte-identical",inf,0.0,inf,
casent0104552,Odontomachus,p,data/images/Odontomachus/casent0104552_p.jpg,1.0,1.0,Odontomachus coquereli casent0104552 profile 1.jpg,https://upload.wikimedia.org/wikipedia/commons/f/fe/Odontomachus_coquereli_casent0104552_profile_1.jpg?utm_source=commons.wikimedia.org&utm_campaign=imageinfo&utm_content=original,d7b14258aac6aeacb6716310c8db49a1373507a7,1120.0,808.0,2009-10-21T02:48:21Z,exact,"harvester downscale, byte-identical",inf,0.0,inf,
casent0104554,Anochetus,p,data/images/Anochetus/casent0104554_p.jpg,1.0,1.0,Anochetus madagascarensis casent0104554 profile 1.jpg,https://upload.wikimedia.org/wikipedia/commons/d/d4/Anochetus_madagascarensis_casent0104554_profile_1.jpg?utm_source=commons.wikimedia.org&utm_campaign=imageinfo&utm_content=original,66fccb6b1a73a8cba6791a717698992aa87d66fa,1174.0,808.0,2009-10-22T22:29:07Z,exact,"harvester downscale, byte-identical",inf,0.0,inf,
casent0104555,Mystrium,p,data/images/Mystrium/casent0104555_p.jpg,2.0,1.0,Mystrium mysticum casent0104555 profile 1.jpg,https://upload.wikimedia.org/wikipedia/commons/3/34/Mystrium_mysticum_casent0104555_profile_1.jpg?utm_source=commons.wikimedia.org&utm_campaign=imageinfo&utm_content=original,5aad359ca34c4b6530670a2f1600fa2ca87b7e0a,1773.0,808.0,2009-10-19T02:21:35Z,exact,"Commons server thumbnail, byte-identical",inf,0.0,inf,
casent0104556,Mystrium,p,data/images/Mystrium/casent0104556_p.jpg,1.0,1.0,Mystrium mysticum casent0104556 profile 1.jpg,https://upload.wikimedia.org/wikipedia/commons/1/19/Mystrium_mysticum_casent0104556_profile_1.jpg?utm_source=commons.wikimedia.org&utm_campaign=imageinfo&utm_content=original,ec759b0654145b3c151bf9e1f5c01d81e1810228,1745.0,808.0,2009-10-20T09:39:11Z,exact,"Commons server thumbnail, pixel-identical",inf,0.0,inf,
casent0104557,Mystrium,p,data/images/Mystrium/casent0104557_p.jpg,1.0,1.0,Mystrium mysticum casent0104557 profile 1.jpg,https://upload.wikimedia.org/wikipedia/commons/3/39/Mystrium_mysticum_casent0104557_profile_1.jpg?utm_source=commons.wikimedia.org&utm_campaign=imageinfo&utm_content=original,dec27af82ce8965cd5d027e66bf56a9db4747f69,1267.0,808.0,2009-10-22T03:51:52Z,exact,"harvester downscale, byte-identical",inf,0.0,inf,
casent0104560,Mystrium,p,data/images/Mystrium/casent0104560_p.jpg,1.0,1.0,Mystrium stadelmanni casent0104560 profile 1.jpg,https://upload.wikimedia.org/wikipedia/commons/d/de/Mystrium_stadelmanni_casent0104560_profile_1.jpg?utm_source=commons.wikimedia.org&utm_campaign=imageinfo&utm_content=original,924a5ae3d9499c471799eb03dbca8643f1f594d5,1041.0,808.0,2009-10-18T13:26:38Z,exact,"harvester downscale, byte-identical",inf,0.0,inf,
casent0104561,Mystrium,p,data/images/Mystrium/casent0104561_p.jpg,1.0,1.0,Mystrium stadelmanni casent0104561 profile 1.jpg,https://upload.wikimedia.org/wikipedia/commons/2/20/Mystrium_stadelmanni_casent0104561_profile_1.jpg?utm_source=commons.wikimedia.org&utm_campaign=imageinfo&utm_content=original,ac16a6ce6b75549e0e7044168b30799f49c9a4ba,1073.0,808.0,2009-10-21T14:21:14Z,exact,"harvester downscale, byte-identical",inf,0.0,inf,
casent0104562,Mystrium,p,data/images/Mystrium/casent0104562_p.jpg,1.0,1.0,Mystrium stadelmanni casent0104562 profile 1.jpg,https://upload.wikimedia.org/wikipedia/commons/a/a1/Mystrium_stadelmanni_casent0104562_profile_1.jpg?utm_source=commons.wikimedia.org&utm_campaign=imageinfo&utm_content=original,0ad82a8d9d43022c7a5d0a292485b56d3a4e7330,1073.0,808.0,2009-10-21T22:10:53Z,exact,"harvester downscale, byte-identical",inf,0.0,inf,
casent0104563,Mystrium,p,data/images/Mystrium/casent0104563_p.jpg,1.0,1.0,Mystrium voeltzkowi casent0104563 profile 1.jpg,https://upload.wikimedia.org/wikipedia/commons/9/95/Mystrium_voeltzkowi_casent0104563_profile_1.jpg?utm_source=commons.wikimedia.org&utm_campaign=imageinfo&utm_content=original,368a5deca5ae93a748be2667b182f0c3e24c2677,1291.0,808.0,2009-10-20T14:45:25Z,exact,"harvester downscale, byte-identical",inf,0.0,inf,
casent0104564,Leptogenys,p,data/images/Leptogenys/casent0104564_p.jpg,2.0,1.0,Leptogenys voeltzkowi casent0104564 profile 1.jpg,https://upload.wikimedia.org/wikipedia/commons/9/90/Leptogenys_voeltzkowi_casent0104564_profile_1.jpg?utm_source=commons.wikimedia.org&utm_campaign=imageinfo&utm_content=original,de22e8c107d9e86c70674bf4b136cce2af82e27d,1117.0,808.0,2009-10-20T20:00:41Z,exact,"harvester downscale, byte-identical",inf,0.0,inf,
casent0104582,Lioponera,p,data/images/Lioponera/casent0104582_p.jpg,1.0,1.0,Cerapachys mayri casent0104582 profile 1.jpg,https://upload.wikimedia.org/wikipedia/commons/6/6e/Cerapachys_mayri_casent0104582_profile_1.jpg?utm_source=commons.wikimedia.org&utm_campaign=imageinfo&utm_content=original,eb2c02cf8583f24a393005701d8b318b805b53fc,1579.0,808.0,2009-10-18T09:37:10Z,exact,"harvester downscale, byte-identical",inf,0.0,inf,
casent0104583,Lioponera,p,data/images/Lioponera/casent0104583_p.jpg,2.0,1.0,Cerapachys mayri casent0104583 profile 1.jpg,https://upload.wikimedia.org/wikipedia/commons/7/73/Cerapachys_mayri_casent0104583_profile_1.jpg?utm_source=commons.wikimedia.org&utm_campaign=imageinfo&utm_content=original,f1ace3f25383b168b68915b2b15631d38c85c0f2,1707.0,808.0,2009-10-20T06:52:12Z,exact,"harvester downscale, byte-identical",inf,0.0,inf,
casent0104587,Crematogaster,p,data/images/Crematogaster/casent0104587_p.jpg,1.0,1.0,Crematogaster ensifera casent0104587 profile 1.jpg,https://upload.wikimedia.org/wikipedia/commons/7/77/Crematogaster_ensifera_casent0104587_profile_1.jpg?utm_source=commons.wikimedia.org&utm_campaign=imageinfo&utm_content=original,91f7d1ed5db086b3c1be68acd9bb707c79ff916f,1384.0,808.0,2009-10-19T08:31:01Z,exact,"harvester downscale, byte-identical",inf,0.0,inf,
casent0104593,Crematogaster,p,data/images/Crematogaster/casent0104593_p.jpg,1.0,1.0,Crematogaster adrepens casent0104593 profile 1.jpg,https://upload.wikimedia.org/wikipedia/commons/b/b5/Crematogaster_adrepens_casent0104593_profile_1.jpg?utm_source=commons.wikimedia.org&utm_campaign=imageinfo&utm_content=original,779e1e9733d871deb9a7fd68e16958a88570cc1b,1441.0,808.0,2009-10-19T22:40:04Z,exact,"harvester downscale, byte-identical",inf,0.0,inf,
casent0104594,Pheidole,p,data/images/Pheidole/casent0104594_p.jpg,1.0,1.0,Pheidole picata casent0104594 profile 1.jpg,https://upload.wikimedia.org/wikipedia/commons/b/b6/Pheidole_picata_casent0104594_profile_1.jpg?utm_source=commons.wikimedia.org&utm_campaign=imageinfo&utm_content=original,c5ca8f22779a4f3a5aa52d47102006e303852244,1276.0,808.0,2009-10-20T19:22:40Z,exact,"harvester downscale, byte-identical",inf,0.0,inf,
casent0104595,Pheidole,p,data/images/Pheidole/casent0104595_p.jpg,1.0,1.0,Pheidole picata casent0104595 profile 1.jpg,https://upload.wikimedia.org/wikipedia/commons/f/f7/Pheidole_picata_casent0104595_profile_1.jpg?utm_source=commons.wikimedia.org&utm_campaign=imageinfo&utm_content=original,d533d0612aaa7dc8e1857d1647fa11077756c834,1304.0,808.0,2009-10-19T10:38:39Z,exact,"Commons server thumbnail, pixel-identical",inf,0.0,inf,
casent0104596,Pheidole,p,data/images/Pheidole/casent0104596_p.jpg,1.0,1.0,Pheidole annemariae casent0104596 profile 1.jpg,https://upload.wikimedia.org/wikipedia/commons/c/ca/Pheidole_annemariae_casent0104596_profile_1.jpg?utm_source=commons.wikimedia.org&utm_campaign=imageinfo&utm_content=original,b251afd54b38ef061d98fe37a54ce3f2e177b278,1145.0,808.0,2009-10-18T14:35:51Z,exact,"harvester downscale, byte-identical",inf,0.0,inf,
casent0104597,Pheidole,p,data/images/Pheidole/casent0104597_p.jpg,1.0,1.0,Pheidole annemariae casent0104597 profile 1.jpg,https://upload.wikimedia.org/wikipedia/commons/0/05/Pheidole_annemariae_casent0104597_profile_1.jpg?utm_source=commons.wikimedia.org&utm_campaign=imageinfo&utm_content=original,2287c61170dba8d76423c2bf1e20d23a0854b833,1073.0,808.0,2009-10-20T16:37:39Z,exact,"harvester downscale, byte-identical",inf,0.0,inf,
casent0104600,Pheidole,p,data/images/Pheidole/casent0104600_p.jpg,1.0,1.0,Pheidole ensifera casent0104600 profile 1.jpg,https://upload.wikimedia.org/wikipedia/commons/2/25/Pheidole_ensifera_casent0104600_profile_1.jpg?utm_source=commons.wikimedia.org&utm_campaign=imageinfo&utm_content=original,efdc8cd327f1a88aa126a3f6ef319bba7885086b,1073.0,808.0,2009-10-20T12:17:09Z,exact,"harvester downscale, byte-identical",inf,0.0,inf,
casent0104601,Pheidole,p,data/images/Pheidole/casent0104601_p.jpg,1.0,1.0,Pheidole ensifera casent0104601 profile 1.jpg,https://upload.wikimedia.org/wikipedia/commons/5/5a/Pheidole_ensifera_casent0104601_profile_1.jpg?utm_source=commons.wikimedia.org&utm_campaign=imageinfo&utm_content=original,a180712e41ae58176ed3b9231cbe392c1a6550f2,1188.0,808.0,2009-10-22T17:42:55Z,exact,"harvester downscale, byte-identical",inf,0.0,inf,
casent0104604,Pheidole,p,data/images/Pheidole/casent0104604_p.jpg,1.0,1.0,Pheidole voeltzkowii casent0104604 profile 1.jpg,https://upload.wikimedia.org/wikipedia/commons/4/4c/Pheidole_voeltzkowii_casent0104604_profile_1.jpg?utm_source=commons.wikimedia.org&utm_campaign=imageinfo&utm_content=original,abd8ce5786bd5e6bd109bd55fc69b6b216df7748,1249.0,808.0,2009-10-19T20:53:27Z,exact,"harvester downscale, byte-identical",inf,0.0,inf,
casent0104605,Pheidole,p,data/images/Pheidole/casent0104605_p.jpg,1.0,1.0,Pheidole voeltzkowii casent0104605 profile 1.jpg,https://upload.wikimedia.org/wikipedia/commons/1/1f/Pheidole_voeltzkowii_casent0104605_profile_1.jpg?utm_source=commons.wikimedia.org&utm_campaign=imageinfo&utm_content=original,20bebf127203fe7792188873ef202a300e0aa8fc,1269.0,808.0,2009-10-22T11:15:24Z,exact,"harvester downscale, byte-identical",inf,0.0,inf,
casent0104606,Tetramorium,p,data/images/Tetramorium/casent0104606_p.jpg,1.0,1.0,Tetramorium bessonii casent0104606 profile 1.jpg,https://upload.wikimedia.org/wikipedia/commons/1/1a/Tetramorium_bessonii_casent0104606_profile_1.jpg?utm_source=commons.wikimedia.org&utm_campaign=imageinfo&utm_content=original,6cbd7837f3b5455bb13ec9acf41d012b5b7663e7,1073.0,808.0,2009-10-19T03:29:38Z,exact,"harvester downscale, byte-identical",inf,0.0,inf,
casent0104607,Tetramorium,p,data/images/Tetramorium/casent0104607_p.jpg,1.0,1.0,Tetramorium kelleri casent0104607 profile 1.jpg,https://upload.wikimedia.org/wikipedia/commons/5/5a/Tetramorium_kelleri_casent0104607_profile_1.jpg?utm_source=commons.wikimedia.org&utm_campaign=imageinfo&utm_content=original,6e21a19268a003c5b4f31fd6c72b8ed5f7ec2b3c,1145.0,808.0,2009-10-20T00:03:21Z,exact,"harvester downscale, byte-identical",inf,0.0,inf,
casent0104611,Meranoplus,p,data/images/Meranoplus/casent0104611_p.jpg,1.0,1.0,Meranoplus radamae casent0104611 profile 1.jpg,https://upload.wikimedia.org/wikipedia/commons/0/0e/Meranoplus_radamae_casent0104611_profile_1.jpg?utm_source=commons.wikimedia.org&utm_campaign=imageinfo&utm_content=original,0b953e8ca7dbf476877e851324326410aaca27c4,1282.0,808.0,2009-10-21T16:59:59Z,exact,"harvester downscale, byte-identical",inf,0.0,inf,
casent0104621,Camponotus,p,data/images/Camponotus/casent0104621_p.jpg,2.0,1.0,Camponotus robustus casent0104621 profile 1.jpg,https://upload.wikimedia.org/wikipedia/commons/5/52/Camponotus_robustus_casent0104621_profile_1.jpg?utm_source=commons.wikimedia.org&utm_campaign=imageinfo&utm_content=original,f1b71309326b587d43ceba2175fb098e6f4b72fa,1073.0,808.0,2009-10-19T02:32:11Z,exact,"harvester downscale, byte-identical",inf,0.0,inf,
casent0104622,Camponotus,p,data/images/Camponotus/casent0104622_p.jpg,1.0,1.0,Camponotus robustus casent0104622 profile 1.jpg,https://upload.wikimedia.org/wikipedia/commons/b/ba/Camponotus_robustus_casent0104622_profile_1.jpg?utm_source=commons.wikimedia.org&utm_campaign=imageinfo&utm_content=original,7dfe0a3e60f0b57ca369120b32178aa64f3ebfa7,1626.0,808.0,2009-10-20T07:21:45Z,exact,"Commons server thumbnail, pixel-identical",inf,0.0,inf,
casent0104623,Camponotus,p,data/images/Camponotus/casent0104623_p.jpg,1.0,1.0,Camponotus repens casent0104623 profile 1.jpg,https://upload.wikimedia.org/wikipedia/commons/3/39/Camponotus_repens_casent0104623_profile_1.jpg?utm_source=commons.wikimedia.org&utm_campaign=imageinfo&utm_content=original,18e26834150b98d85e4e79836c1687e5345a8282,1166.0,808.0,2009-10-20T12:43:58Z,exact,"harvester downscale, byte-identical",inf,0.0,inf,
casent0104626,Camponotus,p,data/images/Camponotus/casent0104626_p.jpg,1.0,1.0,Camponotus darwinii casent0104626 profile 1.jpg,https://upload.wikimedia.org/wikipedia/commons/d/d0/Camponotus_darwinii_casent0104626_profile_1.jpg?utm_source=commons.wikimedia.org&utm_campaign=imageinfo&utm_content=original,01f52b579791fec1e2b2c0fea6661750ecfef6e9,1353.0,808.0,2009-10-20T10:54:16Z,exact,"harvester downscale, byte-identical",inf,0.0,inf,
casent0104627,Camponotus,p,data/images/Camponotus/casent0104627_p.jpg,1.0,1.0,Camponotus darwinii casent0104627 profile 1.jpg,https://upload.wikimedia.org/wikipedia/commons/f/fc/Camponotus_darwinii_casent0104627_profile_1.jpg?utm_source=commons.wikimedia.org&utm_campaign=imageinfo&utm_content=original,21e93da7ec60fa542984a7082a200a2d76f3239f,1121.0,808.0,2009-10-20T16:29:32Z,exact,"harvester downscale, byte-identical",inf,0.0,inf,
casent0104628,Camponotus,p,data/images/Camponotus/casent0104628_p.jpg,1.0,1.0,Camponotus darwinii rubropilosus casent0104628 profile 1.jpg,https://upload.wikimedia.org/wikipedia/commons/6/61/Camponotus_darwinii_rubropilosus_casent0104628_profile_1.jpg?utm_source=commons.wikimedia.org&utm_campaign=imageinfo&utm_content=original,7cd039f1b05b41ca5a9452cd9bab19c8cd0bef02,1174.0,808.0,2009-10-22T21:33:04Z,exact,"harvester downscale, byte-identical",inf,0.0,inf,
casent0104629,Camponotus,p,data/images/Camponotus/casent0104629_p.jpg,1.0,1.0,Camponotus darwinii rubropilosus casent0104629 profile 1.jpg,https://upload.wikimedia.org/wikipedia/commons/f/fe/Camponotus_darwinii_rubropilosus_casent0104629_profile_1.jpg?utm_source=commons.wikimedia.org&utm_campaign=imageinfo&utm_content=original,254420c29f833307cccc1509781909592fc8e7d0,1145.0,808.0,2009-10-18T11:04:07Z,exact,"harvester downscale, byte-identical",inf,0.0,inf,
casent0104632,Camponotus,p,data/images/Camponotus/casent0104632_p.jpg,1.0,1.0,Camponotus hagensii casent0104632 profile 1.jpg,https://upload.wikimedia.org/wikipedia/commons/d/dc/Camponotus_hagensii_casent0104632_profile_1.jpg?utm_source=commons.wikimedia.org&utm_campaign=imageinfo&utm_content=original,6b58bb8406b1ae4f24932758bd3cab33757e04f2,1119.0,808.0,2009-10-20T07:01:45Z,exact,"harvester downscale, byte-identical",inf,0.0,inf,
casent0104634,Camponotus,p,data/images/Camponotus/casent0104634_p.jpg,1.0,1.0,Camponotus cervicalis casent0104634 profile 1.jpg,https://upload.wikimedia.org/wikipedia/commons/0/07/Camponotus_cervicalis_casent0104634_profile_1.jpg?utm_source=commons.wikimedia.org&utm_campaign=imageinfo&utm_content=original,cfd70725595a0cff712f70dab998e0a2b5b383d7,1222.0,808.0,2009-10-22T11:22:57Z,exact,"harvester downscale, byte-identical",inf,0.0,inf,
casent0104640,Camponotus,p,data/images/Camponotus/casent0104640_p.jpg,1.0,1.0,Camponotus hova obscuratus casent0104640 profile 1.jpg,https://upload.wikimedia.org/wikipedia/commons/e/e9/Camponotus_hova_obscuratus_casent0104640_profile_1.jpg?utm_source=commons.wikimedia.org&utm_campaign=imageinfo&utm_content=original,d6a6f91c9176ef221d60cd0c839d2e0e98a80f38,1093.0,808.0,2009-10-19T01:46:35Z,exact,"harvester downscale, byte-identical",inf,0.0,inf,
casent0104642,Nylanderia,p,data/images/Nylanderia/casent0104642_p.jpg,1.0,1.0,Paratrechina humbloti casent0104642 profile 1.jpg,https://upload.wikimedia.org/wikipedia/commons/b/bb/Paratrechina_humbloti_casent0104642_profile_1.jpg?utm_source=commons.wikimedia.org&utm_campaign=imageinfo&utm_content=original,4df2eba33e8119c6c8bb4fa7b08b02fd60ad36ed,1126.0,808.0,2009-10-20T08:13:57Z,exact,"harvester downscale, byte-identical",inf,0.0,inf,
casent0104643,Nylanderia,p,data/images/Nylanderia/casent0104643_p.jpg,1.0,1.0,Paratrechina madagascarensis rufescens casent0104643 profile 1.jpg,https://upload.wikimedia.org/wikipedia/commons/9/9c/Paratrechina_madagascarensis_rufescens_casent0104643_profile_1.jpg?utm_source=commons.wikimedia.org&utm_campaign=imageinfo&utm_content=original,c5e18b734987b8565762d532fb420c8e1a0fea84,1353.0,808.0,2009-10-19T07:55:14Z,exact,"harvester downscale, byte-identical",inf,0.0,inf,
casent0104646,Technomyrmex,p,data/images/Technomyrmex/casent0104646_p.jpg,1.0,1.0,Technomyrmex madecassus casent0104646 profile 1.jpg,https://upload.wikimedia.org/wikipedia/commons/c/cc/Technomyrmex_madecassus_casent0104646_profile_1.jpg?utm_source=commons.wikimedia.org&utm_campaign=imageinfo&utm_content=original,0b006563bf6bb867cb4a9b4b0ebfc07edc51e3a5,1335.0,808.0,2009-10-20T13:32:02Z,exact,"harvester downscale, byte-identical",inf,0.0,inf,
casent0104647,Camponotus,p,data/images/Camponotus/casent0104647_p.jpg,1.0,1.0,Camponotus imitator casent0104647 profile 1.jpg,https://upload.wikimedia.org/wikipedia/commons/b/ba/Camponotus_imitator_casent0104647_profile_1.jpg?utm_source=commons.wikimedia.org&utm_campaign=imageinfo&utm_content=original,fffb2aa007d52a45c76484527722f30b0e0fb22d,1073.0,808.0,2009-10-21T13:54:47Z,exact,"harvester downscale, byte-identical",inf,0.0,inf,
casent0106094,Platythyrea,p,data/images/Platythyrea/casent0106094_p.jpg,1.0,1.0,Platythyrea mocquerysi casent0106094 profile 1.jpg,https://upload.wikimedia.org/wikipedia/commons/c/cd/Platythyrea_mocquerysi_casent0106094_profile_1.jpg?utm_source=commons.wikimedia.org&utm_campaign=imageinfo&utm_content=original,df76acba4d7875d8469759aaa56cc0578e8889ab,1308.0,808.0,2009-10-20T02:10:18Z,exact,"Commons server thumbnail, byte-identical",inf,0.0,inf,
casent0106134,Tetraponera,p,data/images/Tetraponera/casent0106134_p.jpg,1.0,1.0,Tetraponera phragmotica casent0106134 profile 1.jpg,https://upload.wikimedia.org/wikipedia/commons/a/a4/Tetraponera_phragmotica_casent0106134_profile_1.jpg?utm_source=commons.wikimedia.org&utm_campaign=imageinfo&utm_content=original,47835d878455f7435284fb8522716169881d5d71,1120.0,808.0,2009-10-18T20:42:50Z,exact,"harvester downscale, byte-identical",inf,0.0,inf,
casent0107566,Aphaenogaster,p,data/images/Aphaenogaster/casent0107566_p.jpg,2.0,1.0,Aphaenogaster gonacantha casent0107566 profile 1.jpg,https://upload.wikimedia.org/wikipedia/commons/8/8b/Aphaenogaster_gonacantha_casent0107566_profile_1.jpg?utm_source=commons.wikimedia.org&utm_campaign=imageinfo&utm_content=original,75678d1d73835a2f0f2902323dadad6c4c0ef39f,1073.0,808.0,2009-10-20T04:50:47Z,exact,"harvester downscale, byte-identical",inf,0.0,inf,
casent0110604,Terataner,p,data/images/Terataner/casent0110604_p.jpg,1.0,1.0,Terataner steinheili casent0110604 profile 1.jpg,https://upload.wikimedia.org/wikipedia/commons/0/09/Terataner_steinheili_casent0110604_profile_1.jpg?utm_source=commons.wikimedia.org&utm_campaign=imageinfo&utm_content=original,c694de51d48728c4f7de16203e6bb90610147415,1056.0,808.0,2009-10-22T06:17:42Z,exact,"harvester downscale, byte-identical",inf,0.0,inf,
casent0125609,Technomyrmex,p,data/images/Technomyrmex/casent0125609_p.jpg,1.0,1.0,Technomyrmex vitiensis casent0125609 profile 1.jpg,https://upload.wikimedia.org/wikipedia/commons/d/d6/Technomyrmex_vitiensis_casent0125609_profile_1.jpg?utm_source=commons.wikimedia.org&utm_campaign=imageinfo&utm_content=original,bf032c22e17c32243ce712d049264252fa006480,1073.0,808.0,2009-10-19T00:11:25Z,exact,"harvester downscale, byte-identical",inf,0.0,inf,
casent0128740,Technomyrmex,p,data/images/Technomyrmex/casent0128740_p.jpg,1.0,1.0,Technomyrmex madecassus casent0128740 profile 1.jpg,https://upload.wikimedia.org/wikipedia/commons/7/7f/Technomyrmex_madecassus_casent0128740_profile_1.jpg?utm_source=commons.wikimedia.org&utm_campaign=imageinfo&utm_content=original,974070a7e1658fec0f872d1891892c402a6318cd,1109.0,808.0,2009-10-18T11:31:53Z,exact,"harvester downscale, byte-identical",inf,0.0,inf,
casent0128782,Tapinoma,p,data/images/Tapinoma/casent0128782_p.jpg,1.0,1.0,Technomyrmex pallipes casent0128782 profile 1.jpg,https://upload.wikimedia.org/wikipedia/commons/e/e0/Technomyrmex_pallipes_casent0128782_profile_1.jpg?utm_source=commons.wikimedia.org&utm_campaign=imageinfo&utm_content=original,9591afc69a22b2cc52aaf2ebb28d169c57765d4f,1123.0,808.0,2009-10-18T16:12:20Z,exact,"harvester downscale, byte-identical",inf,0.0,inf,
casent0136347,Cataulacus,p,data/images/Cataulacus/casent0136347_p.jpg,1.0,1.0,Cataulacus oberthueri casent0136347 profile 1.jpg,https://upload.wikimedia.org/wikipedia/commons/d/db/Cataulacus_oberthueri_casent0136347_profile_1.jpg?utm_source=commons.wikimedia.org&utm_campaign=imageinfo&utm_content=original,a22381892ddd76824c391b6c481c4c0d0dc5623e,898.0,808.0,2009-10-21T10:19:38Z,exact,"harvester downscale, byte-identical",inf,0.0,inf,
casent0136420,Tetraponera,p,data/images/Tetraponera/casent0136420_p.jpg,1.0,1.0,Tetraponera phragmotica casent0136420 profile 1.jpg,https://upload.wikimedia.org/wikipedia/commons/7/7b/Tetraponera_phragmotica_casent0136420_profile_1.jpg?utm_source=commons.wikimedia.org&utm_campaign=imageinfo&utm_content=original,79e10d116c2c5fdb0dc6871d3857840b88050483,1193.0,808.0,2009-10-19T00:55:55Z,exact,"harvester downscale, byte-identical",inf,0.0,inf,
casent0136493,Mystrium,p,data/images/Mystrium/casent0136493_p.jpg,1.0,1.0,Mystrium oberthueri casent0136493 profile 1.jpg,https://upload.wikimedia.org/wikipedia/commons/6/61/Mystrium_oberthueri_casent0136493_profile_1.jpg?utm_source=commons.wikimedia.org&utm_campaign=imageinfo&utm_content=original,5d4def41da628a6598fe44d2649b68b4955cd0cb,1359.0,808.0,2009-10-20T06:59:04Z,exact,"harvester downscale, byte-identical",inf,0.0,inf,
casent0136912,Tetraponera,p,data/images/Tetraponera/casent0136912_p.jpg,1.0,1.0,Tetraponera phragmotica casent0136912 profile 1.jpg,https://upload.wikimedia.org/wikipedia/commons/2/28/Tetraponera_phragmotica_casent0136912_profile_1.jpg?utm_source=commons.wikimedia.org&utm_campaign=imageinfo&utm_content=original,b2e8f3e13fdbb4969438f396a7276f252839b651,1142.0,808.0,2009-10-20T06:04:09Z,exact,"harvester downscale, byte-identical",inf,0.0,inf,
casent0141843,Mystrium,p,data/images/Mystrium/casent0141843_p.jpg,1.0,1.0,Mystrium oberthueri casent0141843 profile 1.jpg,https://upload.wikimedia.org/wikipedia/commons/1/15/Mystrium_oberthueri_casent0141843_profile_1.jpg?utm_source=commons.wikimedia.org&utm_campaign=imageinfo&utm_content=original,ebde349ea6937c1783409d96d74526f7c2376e85,1048.0,808.0,2009-10-21T08:33:57Z,exact,"harvester downscale, byte-identical",inf,0.0,inf,
casent0172602,Mystrium,p,data/images/Mystrium/casent0172602_p.jpg,1.0,1.0,Mystrium rogeri casent0172602 profile 1.jpg,https://upload.wikimedia.org/wikipedia/commons/5/5c/Mystrium_rogeri_casent0172602_profile_1.jpg?utm_source=commons.wikimedia.org&utm_campaign=imageinfo&utm_content=original,bbced2a749d68937bcf280d9ad9d7b59a06bf422,1589.0,808.0,2009-10-19T12:43:16Z,exact,"harvester downscale, byte-identical",inf,0.0,inf,
casent0172819,Crematogaster,p,data/images/Crematogaster/casent0172819_p.jpg,1.0,1.0,Crematogaster sewellii casent0172819 profile 1.jpg,https://upload.wikimedia.org/wikipedia/commons/7/76/Crematogaster_sewellii_casent0172819_profile_1.jpg?utm_source=commons.wikimedia.org&utm_campaign=imageinfo&utm_content=original,c34a4d4cf6f389dd774f9fc64c280a37d42c2daa,1073.0,808.0,2009-10-20T11:07:26Z,exact,"harvester downscale, byte-identical",inf,0.0,inf,
casent0172822,Crematogaster,p,data/images/Crematogaster/casent0172822_p.jpg,1.0,1.0,Crematogaster schencki casent0172822 profile 1.jpg,https://upload.wikimedia.org/wikipedia/commons/0/06/Crematogaster_schencki_casent0172822_profile_1.jpg?utm_source=commons.wikimedia.org&utm_campaign=imageinfo&utm_content=original,062ed8931669b9781ca07c99f9b6c87b5ae82996,1141.0,808.0,2009-10-18T14:48:42Z,exact,"harvester downscale, byte-identical",inf,0.0,inf,
casent0172826,Terataner,p,data/images/Terataner/casent0172826_p.jpg,1.0,1.0,Terataner steinheili casent0172826 profile 1.jpg,https://upload.wikimedia.org/wikipedia/commons/3/33/Terataner_steinheili_casent0172826_profile_1.jpg?utm_source=commons.wikimedia.org&utm_campaign=imageinfo&utm_content=original,6fb5fce9e7b2f4de8da7bec70ea27c27f02ac696,1073.0,808.0,2009-10-22T07:00:32Z,exact,"harvester downscale, byte-identical",inf,0.0,inf,
casent0172827,Terataner,p,data/images/Terataner/casent0172827_p.jpg,1.0,1.0,Terataner steinheili casent0172827 profile 1.jpg,https://upload.wikimedia.org/wikipedia/commons/9/9c/Terataner_steinheili_casent0172827_profile_1.jpg?utm_source=commons.wikimedia.org&utm_campaign=imageinfo&utm_content=original,ae93c66d7d1c3eb520a5c0e66884f62908b91878,1073.0,808.0,2009-10-22T20:38:44Z,exact,"harvester downscale, byte-identical",inf,0.0,inf,
casent0172829,Tetramorium,p,data/images/Tetramorium/casent0172829_p.jpg,1.0,1.0,Tetramorium isectum casent0172829 profile 1.jpg,https://upload.wikimedia.org/wikipedia/commons/5/5a/Tetramorium_isectum_casent0172829_profile_1.jpg?utm_source=commons.wikimedia.org&utm_campaign=imageinfo&utm_content=original,4c071254668d9074b0b0ee516956f6574d1af97a,1073.0,808.0,2009-10-19T12:12:10Z,exact,"harvester downscale, byte-identical",inf,0.0,inf,
casent0172830,Tetramorium,p,data/images/Tetramorium/casent0172830_p.jpg,1.0,1.0,Tetramorium ibycterum casent0172830 profile 1.jpg,https://upload.wikimedia.org/wikipedia/commons/a/a9/Tetramorium_ibycterum_casent0172830_profile_1.jpg?utm_source=commons.wikimedia.org&utm_campaign=imageinfo&utm_content=original,7ad255746300378ec997718cdb9744a137a34f1a,1065.0,808.0,2009-10-19T15:15:16Z,exact,"harvester downscale, byte-identical",inf,0.0,inf,
casent0172831,Tetramorium,p,data/images/Tetramorium/casent0172831_p.jpg,1.0,1.0,Tetramorium plesiarum casent0172831 profile 1.jpg,https://upload.wikimedia.org/wikipedia/commons/d/d4/Tetramorium_plesiarum_casent0172831_profile_1.jpg?utm_source=commons.wikimedia.org&utm_campaign=imageinfo&utm_content=original,671c1eb26d5507b37539fe7e50c509b3ac8f90b1,1062.0,808.0,2009-10-20T12:04:54Z,exact,"harvester downscale, byte-identical",inf,0.0,inf,
casent0172864,Syllophopsis,p,data/images/Syllophopsis/casent0172864_p.jpg,1.0,1.0,Syllophopsis adiastolon casent0172864 profile 1.jpg,https://upload.wikimedia.org/wikipedia/commons/3/3c/Syllophopsis_adiastolon_casent0172864_profile_1.jpg?utm_source=commons.wikimedia.org&utm_campaign=imageinfo&utm_content=original,0739d3259464b37ec72ad43ea6e72726da1c402f,1073.0,808.0,2009-10-22T22:33:48Z,exact,"harvester downscale, byte-identical",inf,0.0,inf,
casent0172919,Syllophopsis,p,data/images/Syllophopsis/casent0172919_p.jpg,1.0,1.0,Syllophopsis aureorugosa casent0172919 profile 1.jpg,https://upload.wikimedia.org/wikipedia/commons/4/4d/Syllophopsis_aureorugosa_casent0172919_profile_1.jpg?utm_source=commons.wikimedia.org&utm_campaign=imageinfo&utm_content=original,ab2bc6ea8a7c1b23908e65623d18055c1bebf560,1073.0,808.0,2009-10-22T22:44:40Z,exact,"harvester downscale, byte-identical",inf,0.0,inf,
casent0173078,Lioponera,p,data/images/Lioponera/casent0173078_p.jpg,1.0,1.0,Cerapachys mayri casent0173078 profile 1.jpg,https://upload.wikimedia.org/wikipedia/commons/b/bc/Cerapachys_mayri_casent0173078_profile_1.jpg?utm_source=commons.wikimedia.org&utm_campaign=imageinfo&utm_content=original,b143f8eb33871792e06a4c16e0690f79d84a918c,1017.0,808.0,2009-10-20T20:38:46Z,exact,"harvester downscale, byte-identical",inf,0.0,inf,
casent0173211,Crematogaster,p,data/images/Crematogaster/casent0173211_p.jpg,1.0,1.0,Crematogaster madecassa casent0173211 profile 1.jpg,https://upload.wikimedia.org/wikipedia/commons/0/05/Crematogaster_madecassa_casent0173211_profile_1.jpg?utm_source=commons.wikimedia.org&utm_campaign=imageinfo&utm_content=original,29a752a0e11ae749b11912c6d764ed9efa7afd46,1079.0,808.0,2009-10-20T08:35:31Z,exact,"harvester downscale, byte-identical",inf,0.0,inf,
casent0173312,Pheidole,p,data/images/Pheidole/casent0173312_p.jpg,1.0,1.0,Pheidole punctulata casent0173312 profile 1.jpg,https://upload.wikimedia.org/wikipedia/commons/f/fb/Pheidole_punctulata_casent0173312_profile_1.jpg?utm_source=commons.wikimedia.org&utm_campaign=imageinfo&utm_content=original,9368e07676d7e704a77ec7a58c01e690451c2d99,1302.0,808.0,2009-10-22T14:07:51Z,exact,"Commons server thumbnail, byte-identical",inf,0.0,inf,
casent0173547,Monomorium,p,data/images/Monomorium/casent0173547_p.jpg,1.0,1.0,Monomorium bifidoclypeatum casent0173547 profile 1.jpg,https://upload.wikimedia.org/wikipedia/commons/d/dd/Monomorium_bifidoclypeatum_casent0173547_profile_1.jpg?utm_source=commons.wikimedia.org&utm_campaign=imageinfo&utm_content=original,05c0d56aa5344e46424a25e766af3885ce5b9dae,1096.0,808.0,2009-10-21T18:57:01Z,exact,"harvester downscale, byte-identical",inf,0.0,inf,
casent0173584,Monomorium,p,data/images/Monomorium/casent0173584_p.jpg,1.0,1.0,Syllophopsis cryptobia casent0173584 profile 1.jpg,https://upload.wikimedia.org/wikipedia/commons/f/f3/Syllophopsis_cryptobia_casent0173584_profile_1.jpg?utm_source=commons.wikimedia.org&utm_campaign=imageinfo&utm_content=original,ed324f72560e9822ad917bfc6cb52b4de87f3cab,1211.0,808.0,2009-10-22T00:30:16Z,exact,"harvester downscale, byte-identical",inf,0.0,inf,
casent0173588,Syllophopsis,p,data/images/Syllophopsis/casent0173588_p.jpg,1.0,1.0,Monomorium ferodens casent0173588 profile 1.jpg,https://upload.wikimedia.org/wikipedia/commons/8/82/Monomorium_ferodens_casent0173588_profile_1.jpg?utm_source=commons.wikimedia.org&utm_campaign=imageinfo&utm_content=original,3d20e8622c12e7c18e65cbc4297dc999130ff33b,1032.0,808.0,2009-10-18T08:12:00Z,exact,"harvester downscale, byte-identical",inf,0.0,inf,
casent0173589,Monomorium,p,data/images/Monomorium/casent0173589_p.jpg,1.0,1.0,Monomorium bifidoclypeatum casent0173589 profile 1.jpg,https://upload.wikimedia.org/wikipedia/commons/0/0f/Monomorium_bifidoclypeatum_casent0173589_profile_1.jpg?utm_source=commons.wikimedia.org&utm_campaign=imageinfo&utm_content=original,88b1aa6905fef37335751399659af17728356ef0,1073.0,808.0,2009-10-20T12:36:08Z,exact,"harvester downscale, byte-identical",inf,0.0,inf,
casent0173590,Syllophopsis,p,data/images/Syllophopsis/casent0173590_p.jpg,1.0,1.0,Syllophopsis gongromos casent0173590 profile 1.jpg,https://upload.wikimedia.org/wikipedia/commons/d/d6/Syllophopsis_gongromos_casent0173590_profile_1.jpg?utm_source=commons.wikimedia.org&utm_campaign=imageinfo&utm_content=original,aaca8c857151d05e52543ecb5754d88f28252f6a,1173.0,808.0,2009-10-20T10:57:18Z,exact,"harvester downscale, byte-identical",inf,0.0,inf,
casent0173591,Syllophopsis,p,data/images/Syllophopsis/casent0173591_p.jpg,1.0,1.0,Syllophopsis infusca casent0173591 profile 1.jpg,https://upload.wikimedia.org/wikipedia/commons/6/66/Syllophopsis_infusca_casent0173591_profile_1.jpg?utm_source=commons.wikimedia.org&utm_campaign=imageinfo&utm_content=original,b3dffbfd156cc097713b76633e25f6070a085de1,1047.0,808.0,2009-10-21T06:53:56Z,exact,"harvester downscale, byte-identical",inf,0.0,inf,
casent0173593,Monomorium,p,data/images/Monomorium/casent0173593_p.jpg,1.0,1.0,Monomorium bifidoclypeatum casent0173593 profile 1.jpg,https://upload.wikimedia.org/wikipedia/commons/a/ae/Monomorium_bifidoclypeatum_casent0173593_profile_1.jpg?utm_source=commons.wikimedia.org&utm_campaign=imageinfo&utm_content=original,3a1272a0118452ed9d60371faedf371a6f09a4cf,1120.0,808.0,2009-10-21T22:10:41Z,exact,"harvester downscale, byte-identical",inf,0.0,inf,
casent0173599,Monomorium,p,data/images/Monomorium/casent0173599_p.jpg,1.0,1.0,Monomorium micrommaton casent0173599 profile 1.jpg,https://upload.wikimedia.org/wikipedia/commons/7/75/Monomorium_micrommaton_casent0173599_profile_1.jpg?utm_source=commons.wikimedia.org&utm_campaign=imageinfo&utm_content=original,2b086d7de5b51da7db8c1c01764c6237a3cd8234,1073.0,808.0,2009-10-22T14:39:11Z,exact,"harvester downscale, byte-identical",inf,0.0,inf,
casent0178196,Aphaenogaster,p,data/images/Aphaenogaster/casent0178196_p.jpg,3.0,1.0,Aphaenogaster swammerdami casent0178196 profile 1.jpg,https://upload.wikimedia.org/wikipedia/commons/e/e4/Aphaenogaster_swammerdami_casent0178196_profile_1.jpg?utm_source=commons.wikimedia.org&utm_campaign=imageinfo&utm_content=original,f9ab61b3bfb460ddc5292fadd0311f4a6af7b0e2,1073.0,808.0,2009-10-20T11:30:57Z,exact,"harvester downscale, byte-identical",inf,0.0,inf,
casent0178903,Cataulacus,p,data/images/Cataulacus/casent0178903_p.jpg,1.0,1.0,Cataulacus intrudens casent0178903 profile 1.jpg,https://upload.wikimedia.org/wikipedia/commons/a/ad/Cataulacus_intrudens_casent0178903_profile_1.jpg?utm_source=commons.wikimedia.org&utm_campaign=imageinfo&utm_content=original,7a0f0690b8bbef988d25868e6cf33477ac55a276,1120.0,808.0,2009-10-18T09:53:20Z,exact,"harvester downscale, byte-identical",inf,0.0,inf,
casent0189276,Nesomyrmex,p,data/images/Nesomyrmex/casent0189276_p.jpg,1.0,1.0,Nesomyrmex madecassus casent0189276 profile 1.jpg,https://upload.wikimedia.org/wikipedia/commons/b/ba/Nesomyrmex_madecassus_casent0189276_profile_1.jpg?utm_source=commons.wikimedia.org&utm_campaign=imageinfo&utm_content=original,5191e2d63334bb608c999e9f3170a0d3885feeb3,1168.0,808.0,2009-10-19T15:12:22Z,exact,"harvester downscale, byte-identical",inf,0.0,inf,
casent0189277,Nesomyrmex,p,data/images/Nesomyrmex/casent0189277_p.jpg,1.0,1.0,Nesomyrmex sikorai casent0189277 profile 1.jpg,https://upload.wikimedia.org/wikipedia/commons/b/bc/Nesomyrmex_sikorai_casent0189277_profile_1.jpg?utm_source=commons.wikimedia.org&utm_campaign=imageinfo&utm_content=original,7c7a961f2763a19b231a499e1c7f26ecce6eaf9c,1052.0,808.0,2009-10-18T23:11:04Z,exact,"harvester downscale, byte-identical",inf,0.0,inf,
casent0401520,Monomorium,p,data/images/Monomorium/casent0401520_p.jpg,1.0,1.0,Monomorium flavimembra casent0401520 profile 1.jpg,https://upload.wikimedia.org/wikipedia/commons/b/b0/Monomorium_flavimembra_casent0401520_profile_1.jpg?utm_source=commons.wikimedia.org&utm_campaign=imageinfo&utm_content=original,bc2d104e9fe1cc514a4dbe7a3ddc5117e9fecf66,1073.0,808.0,2009-10-20T11:52:59Z,exact,"harvester downscale, byte-identical",inf,0.0,inf,
casent0409559,Tetraponera,p,data/images/Tetraponera/casent0409559_p.jpg,1.0,1.0,Tetraponera grandidieri casent0409559 profile 1.jpg,https://upload.wikimedia.org/wikipedia/commons/3/3b/Tetraponera_grandidieri_casent0409559_profile_1.jpg?utm_source=commons.wikimedia.org&utm_campaign=imageinfo&utm_content=original,93b0429ab5cfad3cd38324097d630aacd58cdbcb,866.0,808.0,2009-10-20T13:21:23Z,exact,"harvester downscale, byte-identical",inf,0.0,inf,
casent0410131,Bothroponera,p,data/images/Bothroponera/casent0410131_p.jpg,1.0,1.0,Pachycondyla cambouei casent0410131 profile 1.jpg,https://upload.wikimedia.org/wikipedia/commons/c/c8/Pachycondyla_cambouei_casent0410131_profile_1.jpg?utm_source=commons.wikimedia.org&utm_campaign=imageinfo&utm_content=original,1653c92b315f98e4a7fb89c18e0a0f04fa982ea0,1130.0,808.0,2009-10-18T15:33:11Z,exact,"harvester downscale, byte-identical",inf,0.0,inf,
casent0410152,Bothroponera,p,data/images/Bothroponera/casent0410152_p.jpg,1.0,1.0,Pachycondyla comorensis casent0410152 profile 1.jpg,https://upload.wikimedia.org/wikipedia/commons/f/fd/Pachycondyla_comorensis_casent0410152_profile_1.jpg?utm_source=commons.wikimedia.org&utm_campaign=imageinfo&utm_content=original,93ce1b2da0c9c46fad893191734993ca5563bd5a,1099.0,808.0,2009-10-20T04:19:57Z,exact,"harvester downscale, byte-identical",inf,0.0,inf,
casent0410164,Bothroponera,p,data/images/Bothroponera/casent0410164_p.jpg,1.0,1.0,Pachycondyla comorensis casent0410164 profile 1.jpg,https://upload.wikimedia.org/wikipedia/commons/9/9e/Pachycondyla_comorensis_casent0410164_profile_1.jpg?utm_source=commons.wikimedia.org&utm_campaign=imageinfo&utm_content=original,fe14156a62f51d9f59cba27d483d5f870d0f3fa4,1082.0,808.0,2009-10-22T15:23:02Z,exact,"harvester downscale, byte-identical",inf,0.0,inf,
casent0412167,Monomorium,p,data/images/Monomorium/casent0412167_p.jpg,1.0,1.0,Monomorium termitobium casent0412167 profile 1.jpg,https://upload.wikimedia.org/wikipedia/commons/e/eb/Monomorium_termitobium_casent0412167_profile_1.jpg?utm_source=commons.wikimedia.org&utm_campaign=imageinfo&utm_content=original,0abfc99dc4ab6b1f293f0aa4a07c9633c55b4506,1102.0,808.0,2009-10-20T11:58:42Z,exact,"harvester downscale, byte-identical",inf,0.0,inf,
casent0416250,Platythyrea,p,data/images/Platythyrea/casent0416250_p.jpg,1.0,1.0,Platythyrea arthuri casent0416250 profile 1.jpg,https://upload.wikimedia.org/wikipedia/commons/9/97/Platythyrea_arthuri_casent0416250_profile_1.jpg?utm_source=commons.wikimedia.org&utm_campaign=imageinfo&utm_content=original,4651bcf79c35f9d343b343a855ce06af74967f48,1228.0,808.0,2009-10-19T14:31:31Z,exact,"harvester downscale, byte-identical",inf,0.0,inf,
casent0416368,Anochetus,p,data/images/Anochetus/casent0416368_p.jpg,1.0,1.0,Anochetus goodmani casent0416368 profile 1.jpg,https://upload.wikimedia.org/wikipedia/commons/2/26/Anochetus_goodmani_casent0416368_profile_1.jpg?utm_source=commons.wikimedia.org&utm_campaign=imageinfo&utm_content=original,69aa6c35bb468c487b636c336ce645bc3041facb,1224.0,808.0,2009-10-21T11:24:05Z,exact,"harvester downscale, byte-identical",inf,0.0,inf,
casent0419034,Technomyrmex,p,data/images/Technomyrmex/casent0419034_p.jpg,1.0,1.0,Technomyrmex difficilis casent0419034 profile 1.jpg,https://upload.wikimedia.org/wikipedia/commons/5/5d/Technomyrmex_difficilis_casent0419034_profile_1.jpg?utm_source=commons.wikimedia.org&utm_campaign=imageinfo&utm_content=original,94a862cade5210bf86397c04d336e56dbe521261,1073.0,808.0,2009-10-19T04:13:31Z,exact,"harvester downscale, byte-identical",inf,0.0,inf,
casent0419194,Technomyrmex,p,data/images/Technomyrmex/casent0419194_p.jpg,1.0,1.0,Technomyrmex difficilis casent0419194 profile 1.jpg,https://upload.wikimedia.org/wikipedia/commons/a/a9/Technomyrmex_difficilis_casent0419194_profile_1.jpg?utm_source=commons.wikimedia.org&utm_campaign=imageinfo&utm_content=original,b31909fc883b64a7d9c1d974a2f53b2952ea212f,1073.0,808.0,2009-10-20T18:29:41Z,exact,"harvester downscale, byte-identical",inf,0.0,inf,
casent0421554,Aphaenogaster,p,data/images/Aphaenogaster/casent0421554_p.jpg,3.0,1.0,Aphaenogaster swammerdami casent0421554 profile 1.jpg,https://upload.wikimedia.org/wikipedia/commons/8/8c/Aphaenogaster_swammerdami_casent0421554_profile_1.jpg?utm_source=commons.wikimedia.org&utm_campaign=imageinfo&utm_content=original,3d1ad1f7a039cae496d095f3bc2101dd0b7002c8,1073.0,808.0,2009-10-18T08:05:12Z,exact,"harvester downscale, byte-identical",inf,0.0,inf,
casent0422630,Nesomyrmex,p,data/images/Nesomyrmex/casent0422630_p.jpg,1.0,1.0,Nesomyrmex madecassus casent0422630 profile 1.jpg,https://upload.wikimedia.org/wikipedia/commons/5/51/Nesomyrmex_madecassus_casent0422630_profile_1.jpg?utm_source=commons.wikimedia.org&utm_campaign=imageinfo&utm_content=original,265db81ecdbb9b075e1c14a85df29ced9ded4ece,1183.0,808.0,2009-10-22T02:35:59Z,exact,"harvester downscale, byte-identical",inf,0.0,inf,
casent0429930,Mystrium,p,data/images/Mystrium/casent0429930_p.jpg,1.0,1.0,Mystrium rogeri casent0429930 profile 1.jpg,https://upload.wikimedia.org/wikipedia/commons/a/a5/Mystrium_rogeri_casent0429930_profile_1.jpg?utm_source=commons.wikimedia.org&utm_campaign=imageinfo&utm_content=original,6cc74664c70955c933a15499bfbaf13b8601171d,934.0,808.0,2009-10-20T00:11:07Z,exact,"harvester downscale, byte-identical",inf,0.0,inf,
casent0429953,Mystrium,p,data/images/Mystrium/casent0429953_p.jpg,1.0,1.0,Mystrium rogeri casent0429953 profile 1.jpg,https://upload.wikimedia.org/wikipedia/commons/1/1b/Mystrium_rogeri_casent0429953_profile_1.jpg?utm_source=commons.wikimedia.org&utm_campaign=imageinfo&utm_content=original,72420f289cabb54c8caf5cf57977c2473f9d6156,1023.0,808.0,2009-10-19T05:39:10Z,exact,"harvester downscale, byte-identical",inf,0.0,inf,
casent0429955,Mystrium,p,data/images/Mystrium/casent0429955_p.jpg,1.0,1.0,Mystrium rogeri casent0429955 profile 1.jpg,https://upload.wikimedia.org/wikipedia/commons/8/84/Mystrium_rogeri_casent0429955_profile_1.jpg?utm_source=commons.wikimedia.org&utm_campaign=imageinfo&utm_content=original,67cff6b964f6591db5009ae802ff50b1375b4d2e,1071.0,808.0,2009-10-20T19:41:32Z,exact,"harvester downscale, byte-identical",inf,0.0,inf,
casent0430421,Meranoplus,p,data/images/Meranoplus/casent0430421_p.jpg,1.0,1.0,Meranoplus mayri casent0430421 profile 1.jpg,https://upload.wikimedia.org/wikipedia/commons/c/c3/Meranoplus_mayri_casent0430421_profile_1.jpg?utm_source=commons.wikimedia.org&utm_campaign=imageinfo&utm_content=original,4fe6f5c5304e97e3ef0b4f6a21b963e06caf33dd,1032.0,808.0,2009-10-18T11:35:57Z,exact,"harvester downscale, byte-identical",inf,0.0,inf,
casent0430841,Syllophopsis,p,data/images/Syllophopsis/casent0430841_p.jpg,1.0,1.0,Syllophopsis fisheri casent0430841 profile 1.jpg,https://upload.wikimedia.org/wikipedia/commons/5/53/Syllophopsis_fisheri_casent0430841_profile_1.jpg?utm_source=commons.wikimedia.org&utm_campaign=imageinfo&utm_content=original,5775ee535606c7cee17b5a4016fd957f54de05e8,1089.0,808.0,2009-10-20T22:58:04Z,exact,"harvester downscale, byte-identical",inf,0.0,inf,
casent0433301,Monomorium,p,data/images/Monomorium/casent0433301_p.jpg,1.0,1.0,Monomorium versicolor casent0433301 profile 1.jpg,https://upload.wikimedia.org/wikipedia/commons/e/ea/Monomorium_versicolor_casent0433301_profile_1.jpg?utm_source=commons.wikimedia.org&utm_campaign=imageinfo&utm_content=original,f44faab1cc62064e541914ed7f2847606ff6da2b,1073.0,808.0,2009-10-20T08:56:35Z,exact,"harvester downscale, byte-identical",inf,0.0,inf,
casent0435387,Technomyrmex,p,data/images/Technomyrmex/casent0435387_p.jpg,1.0,1.0,Technomyrmex fisheri casent0435387 profile 1.jpg,https://upload.wikimedia.org/wikipedia/commons/8/85/Technomyrmex_fisheri_casent0435387_profile_1.jpg?utm_source=commons.wikimedia.org&utm_campaign=imageinfo&utm_content=original,f6ad06dccedf88d992f0245f820dae078915dd48,1073.0,808.0,2009-10-20T14:07:35Z,exact,"harvester downscale, byte-identical",inf,0.0,inf,
casent0435450,Technomyrmex,p,data/images/Technomyrmex/casent0435450_p.jpg,1.0,1.0,Technomyrmex docens casent0435450 profile 1.jpg,https://upload.wikimedia.org/wikipedia/commons/9/98/Technomyrmex_docens_casent0435450_profile_1.jpg?utm_source=commons.wikimedia.org&utm_campaign=imageinfo&utm_content=original,6e97ba9248f5fa64e024109d3276d252235609c5,1125.0,808.0,2009-10-19T06:07:23Z,exact,"harvester downscale, byte-identical",inf,0.0,inf,
casent0435894,Cataulacus,p,data/images/Cataulacus/casent0435894_p.jpg,1.0,1.0,Cataulacus oberthueri casent0435894 profile 1.jpg,https://upload.wikimedia.org/wikipedia/commons/d/d2/Cataulacus_oberthueri_casent0435894_profile_1.jpg?utm_source=commons.wikimedia.org&utm_campaign=imageinfo&utm_content=original,c45d1adbe9e08f1a1b4b2ab273c7a0c7d54538fa,1132.0,808.0,2009-10-18T13:53:36Z,exact,"harvester downscale, byte-identical",inf,0.0,inf,
casent0435903,Cataulacus,p,data/images/Cataulacus/casent0435903_p.jpg,1.0,1.0,Cataulacus oberthueri casent0435903 profile 1.jpg,https://upload.wikimedia.org/wikipedia/commons/6/66/Cataulacus_oberthueri_casent0435903_profile_1.jpg?utm_source=commons.wikimedia.org&utm_campaign=imageinfo&utm_content=original,f3e5fb51c0a53e742e71e2486f3c20ee7d90aa6b,1071.0,808.0,2009-10-20T15:35:36Z,exact,"harvester downscale, byte-identical",inf,0.0,inf,
casent0436719,Strumigenys,p,data/images/Strumigenys/casent0436719_p.jpg,1.0,1.0,Strumigenys chroa casent0436719 profile 1.jpg,https://upload.wikimedia.org/wikipedia/commons/d/d1/Strumigenys_chroa_casent0436719_profile_1.jpg?utm_source=commons.wikimedia.org&utm_campaign=imageinfo&utm_content=original,75ddee402938a12c9baa616c6cc6d81ced5aeeea,1072.0,808.0,2009-10-19T09:10:38Z,exact,"harvester downscale, byte-identical",inf,0.0,inf,
casent0439766,Technomyrmex,p,data/images/Technomyrmex/casent0439766_p.jpg,1.0,1.0,Technomyrmex docens casent0439766 profile 1.jpg,https://upload.wikimedia.org/wikipedia/commons/4/4a/Technomyrmex_docens_casent0439766_profile_1.jpg?utm_source=commons.wikimedia.org&utm_campaign=imageinfo&utm_content=original,503591f1e30aeadc6a0bdcc6a97c93b48ca8dce0,1129.0,808.0,2009-10-22T19:51:01Z,exact,"harvester downscale, byte-identical",inf,0.0,inf,
casent0442208,Monomorium,p,data/images/Monomorium/casent0442208_p.jpg,1.0,1.0,Monomorium lepidum casent0442208 profile 1.jpg,https://upload.wikimedia.org/wikipedia/commons/5/5f/Monomorium_lepidum_casent0442208_profile_1.jpg?utm_source=commons.wikimedia.org&utm_campaign=imageinfo&utm_content=original,11312876a2827fe67791efe8e850a79d40db803e,1073.0,808.0,2009-10-21T01:05:49Z,exact,"harvester downscale, byte-identical",inf,0.0,inf,
casent0442524,Monomorium,p,data/images/Monomorium/casent0442524_p.jpg,1.0,1.0,Monomorium versicolor casent0442524 profile 1.jpg,https://upload.wikimedia.org/wikipedia/commons/7/7c/Monomorium_versicolor_casent0442524_profile_1.jpg?utm_source=commons.wikimedia.org&utm_campaign=imageinfo&utm_content=original,5f18a37b5350d43fb9857aa7d37be0f373b5c830,1122.0,808.0,2009-10-22T16:21:03Z,exact,"harvester downscale, byte-identical",inf,0.0,inf,
casent0443365,Technomyrmex,p,data/images/Technomyrmex/casent0443365_p.jpg,1.0,1.0,Technomyrmex innocens casent0443365 profile 1.jpg,https://upload.wikimedia.org/wikipedia/commons/5/51/Technomyrmex_innocens_casent0443365_profile_1.jpg?utm_source=commons.wikimedia.org&utm_campaign=imageinfo&utm_content=original,b6de72b6833a828c538d698dcfc1b4e98f2e4c42,1137.0,808.0,2009-10-19T08:39:23Z,exact,"harvester downscale, byte-identical",inf,0.0,inf,
casent0446582,Terataner,p,data/images/Terataner/casent0446582_p.jpg,1.0,1.0,Terataner rufipes casent0446582 profile 1.jpg,https://upload.wikimedia.org/wikipedia/commons/a/a4/Terataner_rufipes_casent0446582_profile_1.jpg?utm_source=commons.wikimedia.org&utm_campaign=imageinfo&utm_content=original,ac359f48f8e272314df896405a93a87030f30915,1073.0,808.0,2009-10-19T01:05:04Z,exact,"harvester downscale, byte-identical",inf,0.0,inf,
casent0447670,Anochetus,p,data/images/Anochetus/casent0447670_p.jpg,1.0,1.0,Anochetus madagascarensis casent0447670 profile 1.jpg,https://upload.wikimedia.org/wikipedia/commons/e/e8/Anochetus_madagascarensis_casent0447670_profile_1.jpg?utm_source=commons.wikimedia.org&utm_campaign=imageinfo&utm_content=original,b36a5036d6596f7fd807b11c6871b58226c2eadb,1039.0,808.0,2009-10-21T12:59:50Z,exact,"harvester downscale, byte-identical",inf,0.0,inf,
casent0451074,Technomyrmex,p,data/images/Technomyrmex/casent0451074_p.jpg,1.0,1.0,Technomyrmex voeltzkowi casent0451074 profile 1.jpg,https://upload.wikimedia.org/wikipedia/commons/6/67/Technomyrmex_voeltzkowi_casent0451074_profile_1.jpg?utm_source=commons.wikimedia.org&utm_campaign=imageinfo&utm_content=original,0d389c4b3f348da9c78429251f73404362b98152,1073.0,808.0,2009-10-18T22:05:48Z,exact,"harvester downscale, byte-identical",inf,0.0,inf,
casent0451572,Bothroponera,p,data/images/Bothroponera/casent0451572_p.jpg,1.0,1.0,Pachycondyla cambouei casent0451572 profile 1.jpg,https://upload.wikimedia.org/wikipedia/commons/1/1c/Pachycondyla_cambouei_casent0451572_profile_1.jpg?utm_source=commons.wikimedia.org&utm_campaign=imageinfo&utm_content=original,fd96158c7ad42d95c1eb319db9dcee64707f4a5a,1176.0,808.0,2009-10-18T09:59:25Z,exact,"harvester downscale, byte-identical",inf,0.0,inf,
casent0453961,Tapinoma,p,data/images/Tapinoma/casent0453961_p.jpg,1.0,1.0,Tapinoma subtile casent0453961 profile 1.jpg,https://upload.wikimedia.org/wikipedia/commons/9/99/Tapinoma_subtile_casent0453961_profile_1.jpg?utm_source=commons.wikimedia.org&utm_campaign=imageinfo&utm_content=original,fc50d6a4eaba12619f4dec8010d3170d70c887ce,1265.0,808.0,2009-10-21T03:33:44Z,exact,"harvester downscale, byte-identical",inf,0.0,inf,
casent0453991,Tapinoma,p,data/images/Tapinoma/casent0453991_p.jpg,1.0,1.0,Tapinoma subtile casent0453991 profile 1.jpg,https://upload.wikimedia.org/wikipedia/commons/3/31/Tapinoma_subtile_casent0453991_profile_1.jpg?utm_source=commons.wikimedia.org&utm_campaign=imageinfo&utm_content=original,d8db30fff9d55c6cfe3fa77956d41b0fe6a40cae,1192.0,808.0,2009-10-20T06:39:46Z,exact,"harvester downscale, byte-identical",inf,0.0,inf,
casent0456151,Strumigenys,p,data/images/Strumigenys/casent0456151_p.jpg,1.0,1.0,Strumigenys exiguaevitae casent0456151 profile 1.jpg,https://upload.wikimedia.org/wikipedia/commons/b/b3/Strumigenys_exiguaevitae_casent0456151_profile_1.jpg?utm_source=commons.wikimedia.org&utm_campaign=imageinfo&utm_content=original,4bcfb61060a604845ba68e95ca129806bd47d614,1073.0,808.0,2009-10-21T13:22:37Z,exact,"harvester downscale, byte-identical",inf,0.0,inf,
casent0456886,Tapinoma,p,data/images/Tapinoma/casent0456886_p.jpg,1.0,1.0,Technomyrmex pallipes casent0456886 profile 1.jpg,https://upload.wikimedia.org/wikipedia/commons/3/3c/Technomyrmex_pallipes_casent0456886_profile_1.jpg?utm_source=commons.wikimedia.org&utm_campaign=imageinfo&utm_content=original,59f8eabb07c85ae5759d69ed7319b2fc817533e7,1073.0,808.0,2009-10-20T16:50:23Z,exact,"harvester downscale, byte-identical",inf,0.0,inf,
casent0467063,Tetramorium,p,data/images/Tetramorium/casent0467063_p.jpg,1.0,1.0,Tetramorium kelleri casent0467063 profile 1.jpg,https://upload.wikimedia.org/wikipedia/commons/d/d0/Tetramorium_kelleri_casent0467063_profile_1.jpg?utm_source=commons.wikimedia.org&utm_campaign=imageinfo&utm_content=original,a3c3b47b52ac839f3e41c403e33664e48b456e05,1073.0,808.0,2009-10-19T10:21:59Z,exact,"harvester downscale, byte-identical",inf,0.0,inf,
casent0470383,Monomorium,p,data/images/Monomorium/casent0470383_p.jpg,1.0,1.0,Monomorium termitobium casent0470383 profile 1.jpg,https://upload.wikimedia.org/wikipedia/commons/4/41/Monomorium_termitobium_casent0470383_profile_1.jpg?utm_source=commons.wikimedia.org&utm_campaign=imageinfo&utm_content=original,40d1d57f60cc36a58708c2a9dfa951a4c824e71b,1161.0,808.0,2009-10-19T14:55:48Z,exact,"harvester downscale, byte-identical",inf,0.0,inf,
casent0470747,Monomorium,p,data/images/Monomorium/casent0470747_p.jpg,1.0,1.0,Monomorium exiguum casent0470747 profile 1.jpg,https://upload.wikimedia.org/wikipedia/commons/9/97/Monomorium_exiguum_casent0470747_profile_1.jpg?utm_source=commons.wikimedia.org&utm_campaign=imageinfo&utm_content=original,c291d8d83580bf08230a809440c6e57b2e6cec95,1076.0,808.0,2009-10-21T03:09:15Z,exact,"harvester downscale, byte-identical",inf,0.0,inf,
casent0475908,Monomorium,p,data/images/Monomorium/casent0475908_p.jpg,1.0,1.0,Monomorium sakalavum casent0475908 profile 1.jpg,https://upload.wikimedia.org/wikipedia/commons/8/8b/Monomorium_sakalavum_casent0475908_profile_1.jpg?utm_source=commons.wikimedia.org&utm_campaign=imageinfo&utm_content=original,0596b07a781219df3da105a8c00288e2fa79f61e,1164.0,808.0,2009-10-20T17:23:37Z,exact,"harvester downscale, byte-identical",inf,0.0,inf,
casent0478937,Syllophopsis,p,data/images/Syllophopsis/casent0478937_p.jpg,1.0,1.0,Monomorium ferodens casent0478937 profile 1.jpg,https://upload.wikimedia.org/wikipedia/commons/1/17/Monomorium_ferodens_casent0478937_profile_1.jpg?utm_source=commons.wikimedia.org&utm_campaign=imageinfo&utm_content=original,307f7fcd2a038900682e67473a6e92b68275b81b,1092.0,808.0,2009-10-20T18:30:44Z,exact,"harvester downscale, byte-identical",inf,0.0,inf,
casent0481865,Monomorium,p,data/images/Monomorium/casent0481865_p.jpg,1.0,1.0,Trichomyrmex destructor casent0481865 profile 1.jpg,https://upload.wikimedia.org/wikipedia/commons/3/30/Trichomyrmex_destructor_casent0481865_profile_1.jpg?utm_source=commons.wikimedia.org&utm_campaign=imageinfo&utm_content=original,b30fb9917ed46900b4b8b93d8244edd3aba568cf,1073.0,808.0,2009-10-20T06:30:53Z,exact,"harvester downscale, byte-identical",inf,0.0,inf,
casent0481867,Monomorium,p,data/images/Monomorium/casent0481867_p.jpg,1.0,1.0,Trichomyrmex destructor casent0481867 profile 1.jpg,https://upload.wikimedia.org/wikipedia/commons/3/3f/Trichomyrmex_destructor_casent0481867_profile_1.jpg?utm_source=commons.wikimedia.org&utm_campaign=imageinfo&utm_content=original,6f212560503495bc48b7e70fd7ca031b63792f52,1061.0,808.0,2009-10-21T18:38:20Z,exact,"harvester downscale, byte-identical",inf,0.0,inf,
casent0481871,Monomorium,p,data/images/Monomorium/casent0481871_p.jpg,1.0,1.0,Monomorium floricola casent0481871 profile 1.jpg,https://upload.wikimedia.org/wikipedia/commons/d/dc/Monomorium_floricola_casent0481871_profile_1.jpg?utm_source=commons.wikimedia.org&utm_campaign=imageinfo&utm_content=original,912806f5e35b375dee319809b8ad89fae76c1650,959.0,808.0,2009-10-22T02:25:34Z,exact,"harvester downscale, byte-identical",inf,0.0,inf,
casent0485349,Technomyrmex,p,data/images/Technomyrmex/casent0485349_p.jpg,1.0,1.0,Technomyrmex fisheri casent0485349 profile 1.jpg,https://upload.wikimedia.org/wikipedia/commons/3/32/Technomyrmex_fisheri_casent0485349_profile_1.jpg?utm_source=commons.wikimedia.org&utm_campaign=imageinfo&utm_content=original,44f2747d7f0ee8d10955e396cbe6ee984630bd3a,1073.0,808.0,2009-10-19T04:14:43Z,exact,"harvester downscale, byte-identical",inf,0.0,inf,
casent0485542,Technomyrmex,p,data/images/Technomyrmex/casent0485542_p.jpg,1.0,1.0,Technomyrmex innocens casent0485542 profile 1.jpg,https://upload.wikimedia.org/wikipedia/commons/4/43/Technomyrmex_innocens_casent0485542_profile_1.jpg?utm_source=commons.wikimedia.org&utm_campaign=imageinfo&utm_content=original,43a89f7ff9c9c5d668093c0da0b555baf0dde91d,1073.0,808.0,2009-10-21T22:51:11Z,exact,"harvester downscale, byte-identical",inf,0.0,inf,
casent0486686,Meranoplus,p,data/images/Meranoplus/casent0486686_p.jpg,1.0,1.0,Meranoplus radamae casent0486686 profile 1.jpg,https://upload.wikimedia.org/wikipedia/commons/e/e6/Meranoplus_radamae_casent0486686_profile_1.jpg?utm_source=commons.wikimedia.org&utm_campaign=imageinfo&utm_content=original,31b2a4818222f1cf0cf74769069270bdd193a73c,1028.0,808.0,2009-10-20T04:02:45Z,exact,"harvester downscale, byte-identical",inf,0.0,inf,
casent0487130,Nesomyrmex,p,data/images/Nesomyrmex/casent0487130_p.jpg,1.0,1.0,Nesomyrmex madecassus casent0487130 profile 1.jpg,https://upload.wikimedia.org/wikipedia/commons/c/c1/Nesomyrmex_madecassus_casent0487130_profile_1.jpg?utm_source=commons.wikimedia.org&utm_campaign=imageinfo&utm_content=original,adb6bfa7cb4c52a8510f98e5c160b09019f48612,1145.0,808.0,2009-10-21T03:19:41Z,exact,"harvester downscale, byte-identical",inf,0.0,inf,
casent0487142,Nesomyrmex,p,data/images/Nesomyrmex/casent0487142_p.jpg,1.0,1.0,Nesomyrmex madecassus casent0487142 profile 1.jpg,https://upload.wikimedia.org/wikipedia/commons/1/1f/Nesomyrmex_madecassus_casent0487142_profile_1.jpg?utm_source=commons.wikimedia.org&utm_campaign=imageinfo&utm_content=original,cdb71add1c679abcb50d52083c4921596eb9e8f5,1194.0,808.0,2009-10-22T06:51:03Z,exact,"harvester downscale, byte-identical",inf,0.0,inf,
casent0487553,Cataulacus,p,data/images/Cataulacus/casent0487553_p.jpg,1.0,1.0,Cataulacus ebrardi casent0487553 profile 1.jpg,https://upload.wikimedia.org/wikipedia/commons/9/9c/Cataulacus_ebrardi_casent0487553_profile_1.jpg?utm_source=commons.wikimedia.org&utm_campaign=imageinfo&utm_content=original,2811b305d72c22cbc95c3361f74df85c07503eb3,978.0,808.0,2009-10-20T06:19:25Z,exact,"harvester downscale, byte-identical",inf,0.0,inf,
casent0487769,Cataulacus,p,data/images/Cataulacus/casent0487769_p.jpg,1.0,1.0,Cataulacus regularis casent0487769 profile 1.jpg,https://upload.wikimedia.org/wikipedia/commons/f/f4/Cataulacus_regularis_casent0487769_profile_1.jpg?utm_source=commons.wikimedia.org&utm_campaign=imageinfo&utm_content=original,2f677d426f7f5aa4e4621b7008656a2ae03c10c0,1132.0,808.0,2009-10-22T14:18:09Z,exact,"harvester downscale, byte-identical",inf,0.0,inf,
casent0487770,Cataulacus,p,data/images/Cataulacus/casent0487770_p.jpg,1.0,1.0,Cataulacus regularis casent0487770 profile 1.jpg,https://upload.wikimedia.org/wikipedia/commons/0/09/Cataulacus_regularis_casent0487770_profile_1.jpg?utm_source=commons.wikimedia.org&utm_campaign=imageinfo&utm_content=original,36a7872527b54a09fef75c264281878fc7157ddf,1073.0,808.0,2009-10-21T22:20:33Z,exact,"harvester downscale, byte-identical",inf,0.0,inf,
casent0487847,Pachycondyla,p,data/images/Pachycondyla/casent0487847_p.jpg,1.0,1.0,Pachycondyla sikorae casent0487847 profile 1.jpg,https://upload.wikimedia.org/wikipedia/commons/4/4b/Pachycondyla_sikorae_casent0487847_profile_1.jpg?utm_source=commons.wikimedia.org&utm_campaign=imageinfo&utm_content=original,0d8617443b466da8217009ebce94408640cb8c44,956.0,808.0,2009-10-19T13:31:13Z,exact,"harvester downscale, byte-identical",inf,0.0,inf,
casent0489647,Aphaenogaster,p,data/images/Aphaenogaster/casent0489647_p.jpg,1.0,1.0,Aphaenogaster swammerdami casent0489647 profile 1.jpg,https://upload.wikimedia.org/wikipedia/commons/0/08/Aphaenogaster_swammerdami_casent0489647_profile_1.jpg?utm_source=commons.wikimedia.org&utm_campaign=imageinfo&utm_content=original,4453df1b79bfc0bbc7b4bb4d3d209806f53724a0,1162.0,808.0,2009-10-21T13:44:31Z,exact,"harvester downscale, byte-identical",inf,0.0,inf,
casent0490190,Monomorium,p,data/images/Monomorium/casent0490190_p.jpg,1.0,1.0,Monomorium madecassum casent0490190 profile 1.jpg,https://upload.wikimedia.org/wikipedia/commons/c/c2/Monomorium_madecassum_casent0490190_profile_1.jpg?utm_source=commons.wikimedia.org&utm_campaign=imageinfo&utm_content=original,f62f2450b9ad7894e322b15dacb3526e2f005a7f,1055.0,808.0,2009-10-20T03:50:01Z,exact,"harvester downscale, byte-identical",inf,0.0,inf,
casent0491274,Cataulacus,p,data/images/Cataulacus/casent0491274_p.jpg,1.0,1.0,Cataulacus ebrardi casent0491274 profile 1.jpg,https://upload.wikimedia.org/wikipedia/commons/2/29/Cataulacus_ebrardi_casent0491274_profile_1.jpg?utm_source=commons.wikimedia.org&utm_campaign=imageinfo&utm_content=original,edac858348a06bf5af442a02cca0ebe341b2f1ab,1073.0,808.0,2009-10-18T10:32:44Z,exact,"harvester downscale, byte-identical",inf,0.0,inf,
casent0491318,Cataulacus,p,data/images/Cataulacus/casent0491318_p.jpg,1.0,1.0,Cataulacus ebrardi casent0491318 profile 1.jpg,https://upload.wikimedia.org/wikipedia/commons/4/44/Cataulacus_ebrardi_casent0491318_profile_1.jpg?utm_source=commons.wikimedia.org&utm_campaign=imageinfo&utm_content=original,7063c913a6112b739feddfcc1a9c2cceac771fea,1111.0,808.0,2009-10-20T17:36:54Z,exact,"harvester downscale, byte-identical",inf,0.0,inf,
casent0491610,Syllophopsis,p,data/images/Syllophopsis/casent0491610_p.jpg,1.0,1.0,Syllophopsis fisheri casent0491610 profile 1.jpg,https://upload.wikimedia.org/wikipedia/commons/2/27/Syllophopsis_fisheri_casent0491610_profile_1.jpg?utm_source=commons.wikimedia.org&utm_campaign=imageinfo&utm_content=original,bfe3bee6a27a1c9d7433a5c7e4b758bd7eef2ad1,997.0,808.0,2009-10-20T03:28:20Z,exact,"harvester downscale, byte-identical",inf,0.0,inf,
casent0494141,Hypoponera,p,data/images/Hypoponera/casent0494141_p.jpg,1.0,1.0,Hypoponera sakalava casent0494141 profile 1.jpg,https://upload.wikimedia.org/wikipedia/commons/8/89/Hypoponera_sakalava_casent0494141_profile_1.jpg?utm_source=commons.wikimedia.org&utm_campaign=imageinfo&utm_content=original,db36b2cc7048a144b8c99a09129e5282c85b02d8,1037.0,808.0,2009-10-19T07:22:21Z,exact,"harvester downscale, byte-identical",inf,0.0,inf,
casent0494149,Tetramorium,p,data/images/Tetramorium/casent0494149_p.jpg,1.0,1.0,Tetramorium severini casent0494149 profile 1.jpg,https://upload.wikimedia.org/wikipedia/commons/f/f2/Tetramorium_severini_casent0494149_profile_1.jpg?utm_source=commons.wikimedia.org&utm_campaign=imageinfo&utm_content=original,8ec9f7526dde1f4920cca0e1031539d1ffa516e5,1073.0,808.0,2009-10-20T06:51:23Z,exact,"harvester downscale, byte-identical",inf,0.0,inf,
casent0494701,Pheidole,p,data/images/Pheidole/casent0494701_p.jpg,1.0,1.0,Pheidole longispinosa casent0494701 profile 1.jpg,https://upload.wikimedia.org/wikipedia/commons/b/be/Pheidole_longispinosa_casent0494701_profile_1.jpg?utm_source=commons.wikimedia.org&utm_campaign=imageinfo&utm_content=original,6b04da91d1c769c167c295f5075c778fd61a9498,1073.0,808.0,2009-10-21T11:25:30Z,exact,"harvester downscale, byte-identical",inf,0.0,inf,
casent0495513,Bothroponera,p,data/images/Bothroponera/casent0495513_p.jpg,1.0,1.0,Pachycondyla cambouei casent0495513 profile 1.jpg,https://upload.wikimedia.org/wikipedia/commons/1/1a/Pachycondyla_cambouei_casent0495513_profile_1.jpg?utm_source=commons.wikimedia.org&utm_campaign=imageinfo&utm_content=original,c3de79db7d64bfe83937d873c8861af42b4895fb,1110.0,808.0,2009-10-21T03:58:11Z,exact,"harvester downscale, byte-identical",inf,0.0,inf,
casent0497202,Pachycondyla,p,data/images/Pachycondyla/casent0497202_p.jpg,1.0,1.0,Pachycondyla sikorae casent0497202 profile 1.jpg,https://upload.wikimedia.org/wikipedia/commons/1/19/Pachycondyla_sikorae_casent0497202_profile_1.jpg?utm_source=commons.wikimedia.org&utm_campaign=imageinfo&utm_content=original,370c0cd480fc8359a30e9d963e4ce46f39ac6d28,1151.0,808.0,2009-10-21T12:12:36Z,exact,"harvester downscale, byte-identical",inf,0.0,inf,
casent0497580,Anochetus,p,data/images/Anochetus/casent0497580_p.jpg,2.0,1.0,Anochetus grandidieri casent0497580 profile 1.jpg,https://upload.wikimedia.org/wikipedia/commons/6/6f/Anochetus_grandidieri_casent0497580_profile_1.jpg?utm_source=commons.wikimedia.org&utm_campaign=imageinfo&utm_content=original,c1d323aacb4bf553c46e48b004b6dc6e37c70ebf,1073.0,808.0,2009-10-21T15:25:42Z,exact,"harvester downscale, byte-identical",inf,0.0,inf,
casent0497789,Platythyrea,p,data/images/Platythyrea/casent0497789_p.jpg,1.0,1.0,Platythyrea bicuspis casent0497789 profile 1.jpg,https://upload.wikimedia.org/wikipedia/commons/4/45/Platythyrea_bicuspis_casent0497789_profile_1.jpg?utm_source=commons.wikimedia.org&utm_campaign=imageinfo&utm_content=original,8c856b39d63c0e4cf5ed19fa6356f54520a296bb,1073.0,808.0,2009-10-22T07:45:24Z,exact,"harvester downscale, byte-identical",inf,0.0,inf,
casent0498309,Anochetus,p,data/images/Anochetus/casent0498309_p.jpg,2.0,1.0,Anochetus goodmani casent0498309 profile 1.jpg,https://upload.wikimedia.org/wikipedia/commons/2/2e/Anochetus_goodmani_casent0498309_profile_1.jpg?utm_source=commons.wikimedia.org&utm_campaign=imageinfo&utm_content=original,17fb62f00c46876b8f5a9e9b5890e554ae46fb13,1073.0,808.0,2009-10-21T00:40:13Z,exact,"harvester downscale, byte-identical",inf,0.0,inf,
casent0498428,Aphaenogaster,p,data/images/Aphaenogaster/casent0498428_p.jpg,1.0,1.0,Aphaenogaster swammerdami casent0498428 profile 1.jpg,https://upload.wikimedia.org/wikipedia/commons/a/ad/Aphaenogaster_swammerdami_casent0498428_profile_1.jpg?utm_source=commons.wikimedia.org&utm_campaign=imageinfo&utm_content=original,c2752319c0bee9cbe69a945783f7580b767bb65e,1073.0,808.0,2009-10-19T05:01:16Z,exact,"harvester downscale, byte-identical",inf,0.0,inf,
casent0498535,Platythyrea,p,data/images/Platythyrea/casent0498535_p.jpg,1.0,1.0,Platythyrea arthuri casent0498535 profile 1.jpg,https://upload.wikimedia.org/wikipedia/commons/3/3c/Platythyrea_arthuri_casent0498535_profile_1.jpg?utm_source=commons.wikimedia.org&utm_campaign=imageinfo&utm_content=original,ea50291d86566223469e7ef3fc14f6e3e2f53204,1109.0,808.0,2009-10-20T10:45:46Z,exact,"harvester downscale, byte-identical",inf,0.0,inf,
casent0498567,Cataulacus,p,data/images/Cataulacus/casent0498567_p.jpg,1.0,1.0,Cataulacus wasmanni casent0498567 profile 1.jpg,https://upload.wikimedia.org/wikipedia/commons/f/f7/Cataulacus_wasmanni_casent0498567_profile_1.jpg?utm_source=commons.wikimedia.org&utm_campaign=imageinfo&utm_content=original,b171c0a591ca83100c92247659f3a83025694c2d,1042.0,808.0,2009-10-18T07:58:52Z,exact,"harvester downscale, byte-identical",inf,0.0,inf,
casent0498593,Anochetus,p,data/images/Anochetus/casent0498593_p.jpg,1.0,1.0,Anochetus madagascarensis casent0498593 profile 1.jpg,https://upload.wikimedia.org/wikipedia/commons/7/70/Anochetus_madagascarensis_casent0498593_profile_1.jpg?utm_source=commons.wikimedia.org&utm_campaign=imageinfo&utm_content=original,6225682ea400ee4cf4cf7ec604b1d654db6baca7,1073.0,808.0,2009-10-19T20:00:50Z,exact,"harvester downscale, byte-identical",inf,0.0,inf,
casent0498885,Crematogaster,p,data/images/Crematogaster/casent0498885_p.jpg,1.0,1.0,Crematogaster adrepens casent0498885 profile 1.jpg,https://upload.wikimedia.org/wikipedia/commons/e/e0/Crematogaster_adrepens_casent0498885_profile_1.jpg?utm_source=commons.wikimedia.org&utm_campaign=imageinfo&utm_content=original,684f0481a65c768cdb572af8d78c0fbd207f57d4,1117.0,808.0,2009-10-18T23:27:09Z,exact,"harvester downscale, byte-identical",inf,0.0,inf,
casent0499163,Terataner,p,data/images/Terataner/casent0499163_p.jpg,1.0,1.0,Terataner alluaudi casent0499163 profile 1.jpg,https://upload.wikimedia.org/wikipedia/commons/c/c6/Terataner_alluaudi_casent0499163_profile_1.jpg?utm_source=commons.wikimedia.org&utm_campaign=imageinfo&utm_content=original,479ab912ceaf0f309d8fb5113ca161d5dee2491a,1073.0,808.0,2009-10-21T14:05:09Z,exact,"harvester downscale, byte-identical",inf,0.0,inf,
casent0499525,Odontomachus,p,data/images/Odontomachus/casent0499525_p.jpg,1.0,1.0,Odontomachus coquereli casent0499525 profile 1.jpg,https://upload.wikimedia.org/wikipedia/commons/5/56/Odontomachus_coquereli_casent0499525_profile_1.jpg?utm_source=commons.wikimedia.org&utm_campaign=imageinfo&utm_content=original,f26384c9b7d83ec80afa527c5aca02ad492ad944,1076.0,808.0,2009-10-21T20:30:46Z,exact,"harvester downscale, byte-identical",inf,0.0,inf,
casent0499794,Technomyrmex,p,data/images/Technomyrmex/casent0499794_p.jpg,1.0,1.0,Technomyrmex mayri casent0499794 profile 1.jpg,https://upload.wikimedia.org/wikipedia/commons/3/3b/Technomyrmex_mayri_casent0499794_profile_1.jpg?utm_source=commons.wikimedia.org&utm_campaign=imageinfo&utm_content=original,f82ac0d3076208088a0abf8c3837814f368d64a9,1073.0,808.0,2009-10-21T12:06:43Z,exact,"harvester downscale, byte-identical",inf,0.0,inf,
casent0499800,Strumigenys,p,data/images/Strumigenys/casent0499800_p.jpg,1.0,1.0,Strumigenys dicomas casent0499800 profile 1.jpg,https://upload.wikimedia.org/wikipedia/commons/0/04/Strumigenys_dicomas_casent0499800_profile_1.jpg?utm_source=commons.wikimedia.org&utm_campaign=imageinfo&utm_content=original,8443bd5f73da96fad5409b388daccb53cdc5194c,1123.0,808.0,2009-10-18T11:33:31Z,exact,"harvester downscale, byte-identical",inf,0.0,inf,
casent0923668,Tapinoma,p,data/images/Tapinoma/casent0923668_p.jpg,1.0,1.0,Tapinoma aberrans casent0923668 profile 1.jpg,https://upload.wikimedia.org/wikipedia/commons/2/2b/Tapinoma_aberrans_casent0923668_profile_1.jpg?utm_source=commons.wikimedia.org&utm_campaign=imageinfo&utm_content=original,6263d71a15499045d7ae9d9430a17c6b5ca7bc47,1600.0,1174.0,2024-10-31T03:36:32Z,exact,"Commons server thumbnail, byte-identical",inf,0.0,inf,
