gbifID,occurrenceID,catalogNumber,specimen_code,view,genusKey,genus,subfamily,species,scientificName,verbatimScientificName,taxonRank,sex,caste,typeStatus,stateProvince,locality,decimalLatitude,decimalLongitude,elevation,eventDate,recordedBy,identifiedBy,image_url,image_title,creator,license,rightsHolder,issues,genus_gbif,shot_index,image_path,image_source,split
865074036,CAS:ANTWEB:casent0000550,casent0000550,casent0000550,p,1326355,Mystrium,amblyoponinae,Mystrium mysticum,"Mystrium mysticum Roger, 1862",,SPECIES,,worker,,Mahajanga,"Parc National Tsingy de Bemaraha, 10.6 km ESE 123° Antsalova",-18.70944,44.71817,150.0,2001-11-16/2001-11-20,Brian L. Fisher|Charles E. Griswold|Malagasy Arthropod Team,Masashi Yoshimura,https://www.antweb.org/images/casent0000550/casent0000550_p_1_high.jpg,casent0000550 profile view 1,April Nobile,Attribution-ShareAlike (BY-SA) Creative Commons License and GNU Free Documentation License (GFDL),"California Academy of Sciences, 2000-2007",GEODETIC_DATUM_ASSUMED_WGS84;CONTINENT_DERIVED_FROM_COORDINATES;COLLECTION_MATCH_NONE;INSTITUTION_MATCH_FUZZY,Mystrium,1,data/images/Mystrium/casent0000550_p.jpg,commons,train
865074142,CAS:ANTWEB:casent0000760,casent0000760,casent0000760,p,1326355,Mystrium,amblyoponinae,Mystrium mysticum,"Mystrium mysticum Roger, 1862",,SPECIES,,worker,,Mahajanga,"Parc National Tsingy de Bemaraha, 10.6 km ESE 123° Antsalova",-18.70944,44.71817,150.0,2001-11-16/2001-11-20,Brian L. Fisher|Charles E. Griswold|Malagasy Arthropod Team,Masashi Yoshimura,https://www.antweb.org/images/casent0000760/casent0000760_p_1_high.jpg,casent0000760 profile view 1,April Nobile,Attribution-ShareAlike (BY-SA) Creative Commons License and GNU Free Documentation License (GFDL),"California Academy of Sciences, 2000-2007",GEODETIC_DATUM_ASSUMED_WGS84;CONTINENT_DERIVED_FROM_COORDINATES;COLLECTION_MATCH_NONE;INSTITUTION_MATCH_FUZZY,Mystrium,1,data/images/Mystrium/casent0000760_p.jpg,commons,train
865074627,CAS:ANTWEB:casent0001385,casent0001385,casent0001385,p,1315863,Aphaenogaster,myrmicinae,Aphaenogaster swammerdami,"Aphaenogaster swammerdami Forel, 1886",,SPECIES,,worker,,Toliara,"Parc National d'Andohahela, Forêt d'Ambohibory, 1.7 km 61° ENE Tsimelahy, 36.1 km 308° NW Tolagnaro",-24.93,46.6455,300.0,2002-01-16/2002-01-20,Brian L. Fisher|Charles E. Griswold|Malagasy Arthropod Team,,https://www.antweb.org/images/casent0001385/casent0001385_p_1_high.jpg,casent0001385 profile view 1,April Nobile,Attribution-ShareAlike (BY-SA) Creative Commons License and GNU Free Documentation License (GFDL),"California Academy of Sciences, 2000-2007",GEODETIC_DATUM_ASSUMED_WGS84;CONTINENT_DERIVED_FROM_COORDINATES;COLLECTION_MATCH_NONE;INSTITUTION_MATCH_FUZZY,Aphaenogaster,1,data/images/Aphaenogaster/casent0001385_p.jpg,commons,train
865074816,CAS:ANTWEB:casent0002102,casent0002102,casent0002102,p,1326355,Mystrium,amblyoponinae,Mystrium voeltzkowi,"Mystrium voeltzkowi Forel, 1897",,SPECIES,,worker,,Antsiranana,"Réserve Spéciale d'Ambre, 3.5 km 235° SW Sakaramy",-12.46889,49.24217,325.0,2001-01-26/2001-01-31,Brian L. Fisher|Charles E. Griswold|Malagasy Arthropod Team,Masashi Yoshimura,https://www.antweb.org/images/casent0002102/casent0002102_p_1_high.jpg,casent0002102 profile view 1,April Nobile,Attribution-ShareAlike (BY-SA) Creative Commons License and GNU Free Documentation License (GFDL),"California Academy of Sciences, 2000-2007",GEODETIC_DATUM_ASSUMED_WGS84;CONTINENT_DERIVED_FROM_COORDINATES;TAXON_MATCH_HIGHERRANK;COLLECTION_MATCH_NONE;INSTITUTION_MATCH_FUZZY,Mystrium,1,data/images/Mystrium/casent0002102_p.jpg,commons,train
865074924,CAS:ANTWEB:casent0002219,casent0002219,casent0002219,p,7748512,Royidris,myrmicinae,Royidris notorthotenes,"Royidris notorthotenes (Heterick) Heterick, 2014",,SPECIES,,worker,,Toliara,"Réserve Spéciale de Cap Sainte Marie, 14.9 km 261° W Marovato",-25.59444,45.14683,160.0,2002-02-13/2002-02-19,Brian L. Fisher|Charles E. Griswold|Malagasy Arthropod Team,Barry Bolton,https://www.antweb.org/images/casent0002219/casent0002219_p_1_high.jpg,casent0002219 profile view 1,April Nobile,Attribution-ShareAlike (BY-SA) Creative Commons License and GNU Free Documentation License (GFDL),"California Academy of Sciences, 2000-2008",GEODETIC_DATUM_ASSUMED_WGS84;CONTINENT_DERIVED_FROM_COORDINATES;COLLECTION_MATCH_NONE;INSTITUTION_MATCH_FUZZY,Royidris,1,data/images/Royidris/casent0002219_p.jpg,commons,test
865074919,CAS:ANTWEB:casent0002244,casent0002244,casent0002244,p,7748512,Royidris,myrmicinae,Royidris notorthotenes,"Royidris notorthotenes (Heterick) Heterick, 2014",,SPECIES,,worker,,Toliara,4.4 km 148° SSE Lavanono,-25.45056,44.97417,60.0,2002-02-17,Brian L. Fisher|Charles E. Griswold|Malagasy Arthropod Team,Barry Bolton,https://www.antweb.org/images/casent0002244/casent0002244_p_1_high.jpg,casent0002244 profile view 1,April Nobile,Attribution-ShareAlike (BY-SA) Creative Commons License and GNU Free Documentation License (GFDL),"California Academy of Sciences, 2000-2008",GEODETIC_DATUM_ASSUMED_WGS84;CONTINENT_DERIVED_FROM_COORDINATES;COLLECTION_MATCH_NONE;INSTITUTION_MATCH_FUZZY,Royidris,1,data/images/Royidris/casent0002244_p.jpg,commons,train
865074972,CAS:ANTWEB:casent0002257,casent0002257,casent0002257,p,7748512,Royidris,myrmicinae,Royidris notorthotenes,"Royidris notorthotenes (Heterick) Heterick, 2014",,SPECIES,,worker,Holotype,Toliara,"Réserve Spéciale de Cap Sainte Marie, 14.9 km 261° W Marovato",-25.59444,45.14683,160.0,2002-02-13/2002-02-19,Brian L. Fisher|Charles E. Griswold|Malagasy Arthropod Team,Barry Bolton,https://www.antweb.org/images/casent0002257/casent0002257_p_1_high.jpg,casent0002257 profile view 1,April Nobile,Attribution-ShareAlike (BY-SA) Creative Commons License and GNU Free Documentation License (GFDL),"California Academy of Sciences, 2000-2008",GEODETIC_DATUM_ASSUMED_WGS84;CONTINENT_DERIVED_FROM_COORDINATES;COLLECTION_MATCH_NONE;INSTITUTION_MATCH_FUZZY,Royidris,1,data/images/Royidris/casent0002257_p.jpg,commons,train
865074977,CAS:ANTWEB:casent0002259,casent0002259,casent0002259,p,7748512,Royidris,myrmicinae,Royidris notorthotenes,"Royidris notorthotenes (Heterick) Heterick, 2014",,SPECIES,,worker,,Toliara,4.4 km 148° SSE Lavanono,-25.45056,44.97417,60.0,2002-02-17,Brian L. Fisher|Charles E. Griswold|Malagasy Arthropod Team,Barry Bolton,https://www.antweb.org/images/casent0002259/casent0002259_p_1_high.jpg,casent0002259 profile view 1,April Nobile,Attribution-ShareAlike (BY-SA) Creative Commons License and GNU Free Documentation License (GFDL),"California Academy of Sciences, 2000-2007",GEODETIC_DATUM_ASSUMED_WGS84;CONTINENT_DERIVED_FROM_COORDINATES;COLLECTION_MATCH_NONE;INSTITUTION_MATCH_FUZZY,Royidris,1,data/images/Royidris/casent0002259_p.jpg,commons,train
865075121,CAS:ANTWEB:casent0002552,casent0002552,casent0002552,p,1317363,Terataner,myrmicinae,Terataner xaltus,"Terataner xaltus Bolton, 1981",,SPECIES,,worker,,Toliara,"Forêt de Mite, 20.7 km 29° WNW Tongobory",-23.52417,44.12133,75.0,2002-02-27/2002-03-03,Brian L. Fisher|Charles E. Griswold|Malagasy Arthropod Team,,https://www.antweb.org/images/casent0002552/casent0002552_p_1_high.jpg,casent0002552 profile view 1,Erin Prado,Attribution-ShareAlike (BY-SA) Creative Commons License and GNU Free Documentation License (GFDL),"California Academy of Sciences, 2000-2008",GEODETIC_DATUM_ASSUMED_WGS84;CONTINENT_DERIVED_FROM_COORDINATES;COLLECTION_MATCH_NONE;INSTITUTION_MATCH_FUZZY,Terataner,1,data/images/Terataner/casent0002552_p.jpg,commons,test
865075291,CAS:ANTWEB:casent0003120,casent0003120,casent0003120,p,7731605,Nesomyrmex,myrmicinae,Nesomyrmex sikorai,Nesomyrmex sikorai,,SPECIES,,worker,,Fianarantsoa,"29 km SSW Ambositra, Ankazomivady",-20.77667,47.165,1700.0,1998-01-14,Brian L. Fisher,Sandor Csosz,https://www.antweb.org/images/casent0003120/casent0003120_p_1_high.jpg,casent0003120 profile view 1,April Nobile,Attribution-ShareAlike (BY-SA) Creative Commons License and GNU Free Documentation License (GFDL),"California Academy of Sciences, 2000-2008",GEODETIC_DATUM_ASSUMED_WGS84;CONTINENT_DERIVED_FROM_COORDINATES;COLLECTION_MATCH_NONE;INSTITUTION_MATCH_FUZZY,Nesomyrmex,1,data/images/Nesomyrmex/casent0003120_p.jpg,commons,test
865075308,CAS:ANTWEB:casent0003175,casent0003175,casent0003175,p,1320039,Technomyrmex,dolichoderinae,Technomyrmex difficilis,"Technomyrmex difficilis Forel, 1892",,SPECIES,,worker,,Antsiranana,"R.S. Manongarivo, 10.8 km 229° SW Antanambao",-13.96167,48.43333,400.0,1998-11-08,Brian L. Fisher,Barry Bolton,https://www.antweb.org/images/casent0003175/casent0003175_p_1_high.jpg,casent0003175 profile view 1,April Nobile,Attribution-ShareAlike (BY-SA) Creative Commons License and GNU Free Documentation License (GFDL),"California Academy of Sciences, 2000-2008",GEODETIC_DATUM_ASSUMED_WGS84;CONTINENT_DERIVED_FROM_COORDINATES;COLLECTION_MATCH_NONE;INSTITUTION_MATCH_FUZZY,Technomyrmex,1,data/images/Technomyrmex/casent0003175_p.jpg,commons,train
865075406,CAS:ANTWEB:casent0003239,casent0003239,casent0003239,p,1320203,Strumigenys,myrmicinae,Strumigenys alperti,Strumigenys alperti Fisher,,SPECIES,,worker,Holotype,Antsiranana,"17km W Andapa, Res. d' Anjanaharibe-Sud",-14.75775,49.51019,875.0,1994-11-02,Gary D. Alpert,,https://www.antweb.org/images/casent0003239/casent0003239_p_1_high.jpg,casent0003239 profile view 1,April Nobile,Attribution-ShareAlike (BY-SA) Creative Commons License and GNU Free Documentation License (GFDL),"California Academy of Sciences, 2000-2007",GEODETIC_DATUM_ASSUMED_WGS84;CONTINENT_DERIVED_FROM_COORDINATES;COLLECTION_MATCH_NONE;INSTITUTION_MATCH_FUZZY,Strumigenys,1,data/images/Strumigenys/casent0003239_p.jpg,commons,train
865075432,CAS:ANTWEB:casent0003240,casent0003240,casent0003240,p,1320203,Strumigenys,myrmicinae,Strumigenys coveri,Strumigenys coveri Fisher,,SPECIES,,worker,Holotype,Antsiranana,"1 km W Andampibe, Cap Masoala",-15.69361,50.18139,125.0,1993-12-02,Alpert,,https://www.antweb.org/images/casent0003240/casent0003240_p_1_high.jpg,casent0003240 profile view 1,April Nobile,Attribution-ShareAlike (BY-SA) Creative Commons License and GNU Free Documentation License (GFDL),"California Academy of Sciences, 2000-2007",GEODETIC_DATUM_ASSUMED_WGS84;CONTINENT_DERIVED_FROM_COORDINATES;COLLECTION_MATCH_NONE;INSTITUTION_MATCH_FUZZY,Strumigenys,1,data/images/Strumigenys/casent0003240_p.jpg,commons,train
865075372,CAS:ANTWEB:casent0003241,casent0003241,casent0003241,p,1320203,Strumigenys,myrmicinae,Strumigenys gorgon,Strumigenys gorgon Fisher,,SPECIES,,worker,Holotype,Toamasina,"6.9 km NE Ambanizana, Ambohitsitondroina",-15.58506,50.00952,825.0,1993-12-02,Brian L. Fisher,,https://www.antweb.org/images/casent0003241/casent0003241_p_1_high.jpg,casent0003241 profile view 1,April Nobile,Attribution-ShareAlike (BY-SA) Creative Commons License and GNU Free Documentation License (GFDL),"California Academy of Sciences, 2000-2007",GEODETIC_DATUM_ASSUMED_WGS84;CONTINENT_DERIVED_FROM_COORDINATES;COLLECTION_MATCH_NONE;INSTITUTION_MATCH_FUZZY,Strumigenys,1,data/images/Strumigenys/casent0003241_p.jpg,commons,train
865075396,CAS:ANTWEB:casent0003242,casent0003242,casent0003242,p,1320203,Strumigenys,myrmicinae,Strumigenys rabesoni,Strumigenys rabesoni Fisher,,SPECIES,,worker,Holotype,Antsiranana,"9.2 km WSW Befingotra, Rés. Anjanaharibe-Sud",-14.75,49.46667,1200.0,1994-11-09,Brian L. Fisher,,https://www.antweb.org/images/casent0003242/casent0003242_p_1_high.jpg,casent0003242 profile view 1,April Nobile,Attribution-ShareAlike (BY-SA) Creative Commons License and GNU Free Documentation License (GFDL),"California Academy of Sciences, 2000-2007",GEODETIC_DATUM_ASSUMED_WGS84;CONTINENT_DERIVED_FROM_COORDINATES;COLLECTION_MATCH_NONE;INSTITUTION_MATCH_FUZZY,Strumigenys,1,data/images/Strumigenys/casent0003242_p.jpg,commons,train
865075423,CAS:ANTWEB:casent0003243,casent0003243,casent0003243,p,1320203,Strumigenys,myrmicinae,Strumigenys wardi,Strumigenys wardi Fisher,,SPECIES,,worker,,Toamasina,"33 km south of Moramanga, Rte. d'Anosibe",-19.25,48.21667,,1975-04-04/1975-04-12,A. Peyrieras,Brian L. Fisher,https://www.antweb.org/images/casent0003243/casent0003243_p_1_high.jpg,casent0003243 profile view 1,April Nobile,Attribution-ShareAlike (BY-SA) Creative Commons License and GNU Free Documentation License (GFDL),"California Academy of Sciences, 2000-2007",GEODETIC_DATUM_ASSUMED_WGS84;CONTINENT_DERIVED_FROM_COORDINATES;COLLECTION_MATCH_NONE;INSTITUTION_MATCH_FUZZY,Strumigenys,1,data/images/Strumigenys/casent0003243_p.jpg,commons,train
865075447,CAS:ANTWEB:casent0003245,casent0003245,casent0003245,p,1320203,Strumigenys,myrmicinae,Strumigenys manga,Strumigenys manga Fisher,,SPECIES,,worker,Holotype,Fianarantsoa,"29 km SSW Ambositra, Ankazomivady",-20.77667,47.165,1700.0,1998-01-08,H.G. Robertson,,https://www.antweb.org/images/casent0003245/casent0003245_p_1_high.jpg,casent0003245 profile view 1,April Nobile,Attribution-ShareAlike (BY-SA) Creative Commons License and GNU Free Documentation License (GFDL),"California Academy of Sciences, 2000-2007",GEODETIC_DATUM_ASSUMED_WGS84;CONTINENT_DERIVED_FROM_COORDINATES;COLLECTION_MATCH_NONE;INSTITUTION_MATCH_FUZZY,Strumigenys,1,data/images/Strumigenys/casent0003245_p.jpg,commons,test
865075470,CAS:ANTWEB:casent0003246,casent0003246,casent0003246,p,1320203,Strumigenys,myrmicinae,Strumigenys adsita,Strumigenys adsita Fisher,,SPECIES,,worker,Holotype,Fianarantsoa,"28 km. SSW Ambositra, Ankazomivady",-20.775,47.16833,1670.0,1998-01-12,H.G. Robertson,,https://www.antweb.org/images/casent0003246/casent0003246_p_1_high.jpg,casent0003246 profile view 1,April Nobile,Attribution-ShareAlike (BY-SA) Creative Commons License and GNU Free Documentation License (GFDL),"California Academy of Sciences, 2000-2007",GEODETIC_DATUM_ASSUMED_WGS84;CONTINENT_DERIVED_FROM_COORDINATES;COLLECTION_MATCH_NONE;INSTITUTION_MATCH_FUZZY,Strumigenys,1,data/images/Strumigenys/casent0003246_p.jpg,commons,train
865075363,CAS:ANTWEB:casent0003280,casent0003280,casent0003280,p,1326355,Mystrium,amblyoponinae,Mystrium labyrinth,"Mystrium labyrinth Yoshimura & Fisher, 2014",,SPECIES,,worker,,Toamasina,"6.9 km NE Ambanizana, Ambohitsitondroina",-15.58506,50.00952,825.0,1993-12-02,Brian L. Fisher,Masashi Yoshimura,https://www.antweb.org/images/casent0003280/casent0003280_p_1_high.jpg,casent0003280 profile view 1,Michele Esposito,Attribution-ShareAlike (BY-SA) Creative Commons License and GNU Free Documentation License (GFDL),"California Academy of Sciences, 2000-2012",GEODETIC_DATUM_ASSUMED_WGS84;CONTINENT_DERIVED_FROM_COORDINATES;COLLECTION_MATCH_NONE;INSTITUTION_MATCH_FUZZY,Mystrium,1,data/images/Mystrium/casent0003280_p.jpg,gbif_cache,train
865075476,CAS:ANTWEB:casent0003307,casent0003307,casent0003307,p,1326355,Mystrium,amblyoponinae,Mystrium mysticum,"Mystrium mysticum Roger, 1862",,SPECIES,,worker,,Antananarivo,Ambatomanjaka; Miarinarivo,-18.76695,46.86911,1343.0,,,,https://www.antweb.org/images/casent0003307/casent0003307_p_1_high.jpg,casent0003307 profile view 1,April Nobile,Attribution-ShareAlike (BY-SA) Creative Commons License and GNU Free Documentation License (GFDL),"California Academy of Sciences, 2000-2007",GEODETIC_DATUM_ASSUMED_WGS84;CONTINENT_DERIVED_FROM_COORDINATES;COLLECTION_MATCH_NONE;INSTITUTION_MATCH_FUZZY,Mystrium,1,data/images/Mystrium/casent0003307_p.jpg,commons,train
865075361,CAS:ANTWEB:casent0003308,casent0003308,casent0003308,p,1326355,Mystrium,amblyoponinae,Mystrium rogeri,"Mystrium rogeri Forel, 1899",,SPECIES,,worker,,Antananarivo,Ambatomanjaka; Miarinarivo,-18.76695,46.86911,1343.0,1896-12-31,Sikora,Masashi Yoshimura,https://www.antweb.org/images/casent0003308/casent0003308_p_1_high.jpg,casent0003308 profile view 1,April Nobile,Attribution-ShareAlike (BY-SA) Creative Commons License and GNU Free Documentation License (GFDL),"California Academy of Sciences, 2000-2007",GEODETIC_DATUM_ASSUMED_WGS84;CONTINENT_DERIVED_FROM_COORDINATES;COLLECTION_MATCH_NONE;INSTITUTION_MATCH_FUZZY,Mystrium,1,data/images/Mystrium/casent0003308_p.jpg,commons,train
865075384,CAS:ANTWEB:casent0003309,casent0003309,casent0003309,p,1326355,Mystrium,amblyoponinae,Mystrium mysticum,"Mystrium mysticum Roger, 1862",,SPECIES,,worker,,Toliara,Fort Dauphin; Taolagnaro,-25.02,46.9833,2.0,1899-12-31,Sikora,Masashi Yoshimura,https://www.antweb.org/images/casent0003309/casent0003309_p_1_high.jpg,casent0003309 profile view 1,April Nobile,Attribution-ShareAlike (BY-SA) Creative Commons License and GNU Free Documentation License (GFDL),"California Academy of Sciences, 2000-2007",GEODETIC_DATUM_ASSUMED_WGS84;CONTINENT_DERIVED_FROM_COORDINATES;COLLECTION_MATCH_NONE;INSTITUTION_MATCH_FUZZY,Mystrium,1,data/images/Mystrium/casent0003309_p.jpg,commons,train
865075407,CAS:ANTWEB:casent0003310,casent0003310,casent0003310,p,1326355,Mystrium,amblyoponinae,Mystrium mysticum,"Mystrium mysticum Roger, 1862",,SPECIES,,worker,,Antananarivo,Ambatomanjaka; Miarinarivo,-18.76695,46.86911,1343.0,,Sikora,Masashi Yoshimura,https://www.antweb.org/images/casent0003310/casent0003310_p_1_high.jpg,casent0003310 profile view 1,April Nobile,Attribution-ShareAlike (BY-SA) Creative Commons License and GNU Free Documentation License (GFDL),"California Academy of Sciences, 2000-2007",GEODETIC_DATUM_ASSUMED_WGS84;CONTINENT_DERIVED_FROM_COORDINATES;COLLECTION_MATCH_NONE;INSTITUTION_MATCH_FUZZY,Mystrium,1,data/images/Mystrium/casent0003310_p.jpg,commons,train
865075393,CAS:ANTWEB:casent0003327,casent0003327,casent0003327,p,1314419,Monomorium,myrmicinae,Monomorium termitobium,"Monomorium termitobium Forel, 1892",,SPECIES,,worker,,Fianarantsoa,27.4 km SSW Ambositra,-20.77,47.18667,1600.0,1998-01-15,Brian L. Fisher,,https://www.antweb.org/images/casent0003327/casent0003327_p_1_high.jpg,casent0003327 profile view 1,April Nobile,Attribution-ShareAlike (BY-SA) Creative Commons License and GNU Free Documentation License (GFDL),"California Academy of Sciences, 2000-2008",GEODETIC_DATUM_ASSUMED_WGS84;CONTINENT_DERIVED_FROM_COORDINATES;COLLECTION_MATCH_NONE;INSTITUTION_MATCH_FUZZY,Monomorium,1,data/images/Monomorium/casent0003327_p.jpg,commons,train
865075815,CAS:ANTWEB:casent0003806,casent0003806,casent0003806,p,1326355,Mystrium,amblyoponinae,Mystrium mysticum,"Mystrium mysticum Roger, 1862",,SPECIES,,worker,,Toliara,"Forêt de Beroboka, 5.9 km 131° SE Ankidranoka",-22.23306,43.36633,80.0,2002-03-12/2002-03-16,Brian L. Fisher|Charles E. Griswold|Malagasy Arthropod Team,Masashi Yoshimura,https://www.antweb.org/images/casent0003806/casent0003806_p_1_high.jpg,casent0003806 profile view 1,Erin Prado,Attribution-ShareAlike (BY-SA) Creative Commons License and GNU Free Documentation License (GFDL),"California Academy of Sciences, 2000-2008",GEODETIC_DATUM_ASSUMED_WGS84;CONTINENT_DERIVED_FROM_COORDINATES;COLLECTION_MATCH_NONE;INSTITUTION_MATCH_FUZZY,Mystrium,1,data/images/Mystrium/casent0003806_p.jpg,commons,test
865075774,CAS:ANTWEB:casent0003814,casent0003814,casent0003814,p,1321215,Leptogenys,ponerinae,Leptogenys falcigera,"Leptogenys falcigera Roger, 1861",,SPECIES,,worker,,Toliara,"Forêt de Beroboka, 5.9 km 131° SE Ankidranoka",-22.23306,43.36633,80.0,2002-03-12/2002-03-16,Brian L. Fisher|Charles E. Griswold|Malagasy Arthropod Team,,https://www.antweb.org/images/casent0003814/casent0003814_p_1_high.jpg,casent0003814 profile view 1,April Nobile,Attribution-ShareAlike (BY-SA) Creative Commons License and GNU Free Documentation License (GFDL),"California Academy of Sciences, 2000-2008",GEODETIC_DATUM_ASSUMED_WGS84;CONTINENT_DERIVED_FROM_COORDINATES;COLLECTION_MATCH_NONE;INSTITUTION_MATCH_FUZZY,Leptogenys,1,data/images/Leptogenys/casent0003814_p.jpg,commons,train
865075867,CAS:ANTWEB:casent0003992,casent0003992,casent0003992,p,1314419,Monomorium,myrmicinae,Monomorium termitobium,"Monomorium termitobium Forel, 1892",,SPECIES,,worker,,Toliara,"Mahafaly Plateau, 6.2 km 74° ENE Itampolo",-24.65361,43.99667,80.0,2002-02-21/2002-02-25,Brian L. Fisher|Charles E. Griswold|Malagasy Arthropod Team,,https://www.antweb.org/images/casent0003992/casent0003992_p_1_high.jpg,casent0003992 profile view 1,April Nobile,Attribution-ShareAlike (BY-SA) Creative Commons License and GNU Free Documentation License (GFDL),"California Academy of Sciences, 2000-2008",GEODETIC_DATUM_ASSUMED_WGS84;CONTINENT_DERIVED_FROM_COORDINATES;COLLECTION_MATCH_NONE;INSTITUTION_MATCH_FUZZY,Monomorium,1,data/images/Monomorium/casent0003992_p.jpg,commons,test
865076247,CAS:ANTWEB:casent0004369,casent0004369,casent0004369,p,1320203,Strumigenys,myrmicinae,Strumigenys cabira,Strumigenys cabira Fisher,,SPECIES,,worker,Holotype,Toliara,"11 km NW Enakara, Rés. Andohahela",-24.56667,46.83333,800.0,1992-11-17,Brian L. Fisher,Brian L. Fisher,https://www.antweb.org/images/casent0004369/casent0004369_p_1_high.jpg,casent0004369 profile view 1,April Nobile,Attribution-ShareAlike (BY-SA) Creative Commons License and GNU Free Documentation License (GFDL),"California Academy of Sciences, 2000-2007",GEODETIC_DATUM_ASSUMED_WGS84;CONTINENT_DERIVED_FROM_COORDINATES;COLLECTION_MATCH_NONE;INSTITUTION_MATCH_FUZZY,Strumigenys,1,data/images/Strumigenys/casent0004369_p.jpg,gbif_cache,train
865076262,CAS:ANTWEB:casent0004370,casent0004370,casent0004370,p,1320203,Strumigenys,myrmicinae,Strumigenys bola,Strumigenys bola Fisher,,SPECIES,,worker,Paratype,Antsiranana,"9.2 km WSW Befingotra, Rés. Anjanaharibe-Sud",-14.75,49.46667,1200.0,1994-11-10,Brian L. Fisher,Brian L. Fisher,https://www.antweb.org/images/casent0004370/casent0004370_p_1_high.jpg,casent0004370 profile view 1,April Nobile,Attribution-ShareAlike (BY-SA) Creative Commons License and GNU Free Documentation License (GFDL),"California Academy of Sciences, 2000-2007",GEODETIC_DATUM_ASSUMED_WGS84;CONTINENT_DERIVED_FROM_COORDINATES;COLLECTION_MATCH_NONE;INSTITUTION_MATCH_FUZZY,Strumigenys,1,data/images/Strumigenys/casent0004370_p.jpg,commons,train
865076415,CAS:ANTWEB:casent0005445,casent0005445,casent0005445,p,1320203,Strumigenys,myrmicinae,Strumigenys ambatrix,Strumigenys ambatrix,,SPECIES,,worker,Paratype,Toamasina,"5.3 km SSE Ambanizana, Andranobe",-15.67133,49.97395,425.0,1993-11-21,Brian L. Fisher,Brian L. Fisher,https://www.antweb.org/images/casent0005445/casent0005445_p_1_high.jpg,casent0005445 profile view 1,April Nobile,Attribution-ShareAlike (BY-SA) Creative Commons License and GNU Free Documentation License (GFDL),"California Academy of Sciences, 2000-2007",GEODETIC_DATUM_ASSUMED_WGS84;CONTINENT_DERIVED_FROM_COORDINATES;COLLECTION_MATCH_NONE;INSTITUTION_MATCH_FUZZY,Strumigenys,1,data/images/Strumigenys/casent0005445_p.jpg,commons,train
865076442,CAS:ANTWEB:casent0005446,casent0005446,casent0005446,p,1320203,Strumigenys,myrmicinae,Strumigenys ambatrix,Strumigenys ambatrix,,SPECIES,,worker,Paratype,Toamasina,"5.3 km SSE Ambanizana, Andranobe",-15.67133,49.97395,425.0,1993-11-21,Brian L. Fisher,Brian L. Fisher,https://www.antweb.org/images/casent0005446/casent0005446_p_1_high.jpg,casent0005446 profile view 1,April Nobile,Attribution-ShareAlike (BY-SA) Creative Commons License and GNU Free Documentation License (GFDL),"California Academy of Sciences, 2000-2007",GEODETIC_DATUM_ASSUMED_WGS84;CONTINENT_DERIVED_FROM_COORDINATES;COLLECTION_MATCH_NONE;INSTITUTION_MATCH_FUZZY,Strumigenys,1,data/images/Strumigenys/casent0005446_p.jpg,commons,train
865076465,CAS:ANTWEB:casent0005447,casent0005447,casent0005447,p,1320203,Strumigenys,myrmicinae,Strumigenys ambatrix,Strumigenys ambatrix,,SPECIES,,worker,Paratype,Toamasina,"5.3 km SSE Ambanizana, Andranobe",-15.67133,49.97395,425.0,1993-11-21,Brian L. Fisher,Brian L. Fisher,https://www.antweb.org/images/casent0005447/casent0005447_p_1_high.jpg,casent0005447 profile view 1,April Nobile,Attribution-ShareAlike (BY-SA) Creative Commons License and GNU Free Documentation License (GFDL),"California Academy of Sciences, 2000-2007",GEODETIC_DATUM_ASSUMED_WGS84;CONTINENT_DERIVED_FROM_COORDINATES;COLLECTION_MATCH_NONE;INSTITUTION_MATCH_FUZZY,Strumigenys,1,data/images/Strumigenys/casent0005447_p.jpg,commons,train
865076485,CAS:ANTWEB:casent0005448,casent0005448,casent0005448,p,1320203,Strumigenys,myrmicinae,Strumigenys erynnes,Strumigenys erynnes,,SPECIES,,worker,Paratype,Fianarantsoa,45km S. Ambalavao,-22.21667,47.01667,785.0,1993-09-25,Brian L. Fisher,Brian L. Fisher,https://www.antweb.org/images/casent0005448/casent0005448_p_1_high.jpg,casent0005448 profile view 1,April Nobile,Attribution-ShareAlike (BY-SA) Creative Commons License and GNU Free Documentation License (GFDL),"California Academy of Sciences, 2000-2007",GEODETIC_DATUM_ASSUMED_WGS84;CONTINENT_DERIVED_FROM_COORDINATES;COLLECTION_MATCH_NONE;INSTITUTION_MATCH_FUZZY,Strumigenys,1,data/images/Strumigenys/casent0005448_p.jpg,commons,train
865076437,CAS:ANTWEB:casent0005449,casent0005449,casent0005449,p,1320203,Strumigenys,myrmicinae,Strumigenys erynnes,Strumigenys erynnes,,SPECIES,,worker,Paratype,Fianarantsoa,45km S. Ambalavao,-22.21667,47.01667,785.0,1993-09-25,Brian L. Fisher,Brian L. Fisher,https://www.antweb.org/images/casent0005449/casent0005449_p_1_high.jpg,casent0005449 profile view 1,April Nobile,Attribution-ShareAlike (BY-SA) Creative Commons License and GNU Free Documentation License (GFDL),"California Academy of Sciences, 2000-2007",GEODETIC_DATUM_ASSUMED_WGS84;CONTINENT_DERIVED_FROM_COORDINATES;COLLECTION_MATCH_NONE;INSTITUTION_MATCH_FUZZY,Strumigenys,1,data/images/Strumigenys/casent0005449_p.jpg,commons,train
865076470,CAS:ANTWEB:casent0005450,casent0005450,casent0005450,p,1320203,Strumigenys,myrmicinae,Strumigenys erynnes,Strumigenys erynnes,,SPECIES,,worker,Paratype,Fianarantsoa,45km S. Ambalavao,-22.21667,47.01667,785.0,1993-09-25,Brian L. Fisher,Brian L. Fisher,https://www.antweb.org/images/casent0005450/casent0005450_p_1_high.jpg,casent0005450 profile view 1,April Nobile,Attribution-ShareAlike (BY-SA) Creative Commons License and GNU Free Documentation License (GFDL),"California Academy of Sciences, 2000-2007",GEODETIC_DATUM_ASSUMED_WGS84;CONTINENT_DERIVED_FROM_COORDINATES;COLLECTION_MATCH_NONE;INSTITUTION_MATCH_FUZZY,Strumigenys,1,data/images/Strumigenys/casent0005450_p.jpg,commons,train
865076491,CAS:ANTWEB:casent0005451,casent0005451,casent0005451,p,1320203,Strumigenys,myrmicinae,,"Strumigenys Smith, 1860",,GENUS,,worker,,Antsiranana,"9.2 km WSW Befingotra, Rés. Anjanaharibe-Sud",-14.75,49.46667,1180.0,1994-11-07,Brian L. Fisher,Brian L. Fisher,https://www.antweb.org/images/casent0005451/casent0005451_p_1_high.jpg,casent0005451 profile view 1,April Nobile,Attribution-ShareAlike (BY-SA) Creative Commons License and GNU Free Documentation License (GFDL),"California Academy of Sciences, 2000-2007",GEODETIC_DATUM_ASSUMED_WGS84;CONTINENT_DERIVED_FROM_COORDINATES;COLLECTION_MATCH_NONE;INSTITUTION_MATCH_FUZZY,Strumigenys,1,data/images/Strumigenys/casent0005451_p.jpg,commons,train
865076447,CAS:ANTWEB:casent0005453,casent0005453,casent0005453,p,1320203,Strumigenys,myrmicinae,,"Strumigenys Smith, 1860",,GENUS,,worker,Paratype,Toliara,"13 km NW Enakara, Rés. Andohahela",-24.55,46.8,1250.0,1992-11-30,Brian L. Fisher,Brian L. Fisher,https://www.antweb.org/images/casent0005453/casent0005453_p_1_high.jpg,casent0005453 profile view 1,April Nobile,Attribution-ShareAlike (BY-SA) Creative Commons License and GNU Free Documentation License (GFDL),"California Academy of Sciences, 2000-2007",GEODETIC_DATUM_ASSUMED_WGS84;CONTINENT_DERIVED_FROM_COORDINATES;COLLECTION_MATCH_NONE;INSTITUTION_MATCH_FUZZY,Strumigenys,1,data/images/Strumigenys/casent0005453_p.jpg,commons,train
865076472,CAS:ANTWEB:casent0005454,casent0005454,casent0005454,p,1320203,Strumigenys,myrmicinae,,"Strumigenys Smith, 1860",,GENUS,,worker,Paratype,Fianarantsoa,"43 km S Ambalavao, Rés. Andringitra",-22.23333,47.0,825.0,1993-10-09,Brian L. Fisher,Brian L. Fisher,https://www.antweb.org/images/casent0005454/casent0005454_p_1_high.jpg,casent0005454 profile view 1,April Nobile,Attribution-ShareAlike (BY-SA) Creative Commons License and GNU Free Documentation License (GFDL),"California Academy of Sciences, 2000-2007",GEODETIC_DATUM_ASSUMED_WGS84;CONTINENT_DERIVED_FROM_COORDINATES;COLLECTION_MATCH_NONE;INSTITUTION_MATCH_FUZZY,Strumigenys,1,data/images/Strumigenys/casent0005454_p.jpg,commons,test
865076497,CAS:ANTWEB:casent0005455,casent0005455,casent0005455,p,1320203,Strumigenys,myrmicinae,Strumigenys olsoni,Strumigenys olsoni,,SPECIES,,worker,Paratype,Toliara,"48 km ENE Morondava, Kirindy",-20.06667,44.65,30.0,1991-01-07,D.M. Olson,Brian L. Fisher,https://www.antweb.org/images/casent0005455/casent0005455_p_1_high.jpg,casent0005455 profile view 1,April Nobile,Attribution-ShareAlike (BY-SA) Creative Commons License and GNU Free Documentation License (GFDL),"California Academy of Sciences, 2000-2007",GEODETIC_DATUM_ASSUMED_WGS84;CONTINENT_DERIVED_FROM_COORDINATES;COLLECTION_MATCH_NONE;INSTITUTION_MATCH_FUZZY,Strumigenys,1,data/images/Strumigenys/casent0005455_p.jpg,commons,train
865076495,CAS:ANTWEB:casent0005456,casent0005456,casent0005456,p,1320203,Strumigenys,myrmicinae,Strumigenys serket,Strumigenys serket,,SPECIES,,worker,Paratype,Toamasina,"6.3 km S Ambanizana, Andranobe",-15.6813,49.958,25.0,1993-11-14,Brian L. Fisher,Brian L. Fisher,https://www.antweb.org/images/casent0005456/casent0005456_p_1_high.jpg,casent0005456 profile view 1,April Nobile,Attribution-ShareAlike (BY-SA) Creative Commons License and GNU Free Documentation License (GFDL),"California Academy of Sciences, 2000-2007",GEODETIC_DATUM_ASSUMED_WGS84;CONTINENT_DERIVED_FROM_COORDINATES;COLLECTION_MATCH_NONE;INSTITUTION_MATCH_FUZZY,Strumigenys,1,data/images/Strumigenys/casent0005456_p.jpg,commons,train
865076524,CAS:ANTWEB:casent0005457,casent0005457,casent0005457,p,1320203,Strumigenys,myrmicinae,Strumigenys seti,Strumigenys seti,,SPECIES,,worker,Paratype,Antsiranana,"11.0 km WSW Befingotra, Rés. Anjanaharibe-Sud",-14.75,49.45,1565.0,1994-11-16,Brian L. Fisher,Brian L. Fisher,https://www.antweb.org/images/casent0005457/casent0005457_p_1_high.jpg,casent0005457 profile view 1,April Nobile,Attribution-ShareAlike (BY-SA) Creative Commons License and GNU Free Documentation License (GFDL),"California Academy of Sciences, 2000-2007",GEODETIC_DATUM_ASSUMED_WGS84;CONTINENT_DERIVED_FROM_COORDINATES;COLLECTION_MATCH_NONE;INSTITUTION_MATCH_FUZZY,Strumigenys,1,data/images/Strumigenys/casent0005457_p.jpg,commons,train
865076476,CAS:ANTWEB:casent0005458,casent0005458,casent0005458,p,1320203,Strumigenys,myrmicinae,Strumigenys seti,Strumigenys seti,,SPECIES,,worker,Paratype,Antsiranana,"11.0 km WSW Befingotra, Rés. Anjanaharibe-Sud",-14.75,49.45,1565.0,1994-11-16,Brian L. Fisher,Brian L. Fisher,https://www.antweb.org/images/casent0005458/casent0005458_p_1_high.jpg,casent0005458 profile view 1,April Nobile,Attribution-ShareAlike (BY-SA) Creative Commons License and GNU Free Documentation License (GFDL),"California Academy of Sciences, 2000-2007",GEODETIC_DATUM_ASSUMED_WGS84;CONTINENT_DERIVED_FROM_COORDINATES;COLLECTION_MATCH_NONE;INSTITUTION_MATCH_FUZZY,Strumigenys,1,data/images/Strumigenys/casent0005458_p.jpg,commons,train
865076502,CAS:ANTWEB:casent0005459,casent0005459,casent0005459,p,1320203,Strumigenys,myrmicinae,Strumigenys seti,Strumigenys seti,,SPECIES,,worker,Paratype,Antsiranana,"11.0 km WSW Befingotra, Rés. Anjanaharibe-Sud",-14.75,49.45,1565.0,1994-11-16,Brian L. Fisher,Brian L. Fisher,https://www.antweb.org/images/casent0005459/casent0005459_p_1_high.jpg,casent0005459 profile view 1,April Nobile,Attribution-ShareAlike (BY-SA) Creative Commons License and GNU Free Documentation License (GFDL),"California Academy of Sciences, 2000-2007",GEODETIC_DATUM_ASSUMED_WGS84;CONTINENT_DERIVED_FROM_COORDINATES;COLLECTION_MATCH_NONE;INSTITUTION_MATCH_FUZZY,Strumigenys,1,data/images/Strumigenys/casent0005459_p.jpg,commons,train
865076532,CAS:ANTWEB:casent0005461,casent0005461,casent0005461,p,1320203,Strumigenys,myrmicinae,,"Strumigenys Smith, 1860",,GENUS,,worker,,Fianarantsoa,"28 km. SSW Ambositra, Ankazomivady",-20.775,47.16833,1670.0,1998-01-11,Brian L. Fisher,Brian L. Fisher,https://www.antweb.org/images/casent0005461/casent0005461_p_1_high.jpg,casent0005461 profile view 1,April Nobile,Attribution-ShareAlike (BY-SA) Creative Commons License and GNU Free Documentation License (GFDL),"California Academy of Sciences, 2000-2007",GEODETIC_DATUM_ASSUMED_WGS84;CONTINENT_DERIVED_FROM_COORDINATES;COLLECTION_MATCH_NONE;INSTITUTION_MATCH_FUZZY,Strumigenys,1,data/images/Strumigenys/casent0005461_p.jpg,commons,train
865076496,CAS:ANTWEB:casent0005462,casent0005462,casent0005462,p,1320203,Strumigenys,myrmicinae,Strumigenys victrix,Strumigenys victrix,,SPECIES,,worker,Paratype,Fianarantsoa,45km S. Ambalavao,-22.21667,47.01667,785.0,1993-09-25,Brian L. Fisher,Brian L. Fisher,https://www.antweb.org/images/casent0005462/casent0005462_p_1_high.jpg,casent0005462 profile view 1,April Nobile,Attribution-ShareAlike (BY-SA) Creative Commons License and GNU Free Documentation License (GFDL),"California Academy of Sciences, 2000-2007",GEODETIC_DATUM_ASSUMED_WGS84;CONTINENT_DERIVED_FROM_COORDINATES;COLLECTION_MATCH_NONE;INSTITUTION_MATCH_FUZZY,Strumigenys,1,data/images/Strumigenys/casent0005462_p.jpg,commons,test
865076520,CAS:ANTWEB:casent0005463,casent0005463,casent0005463,p,1320203,Strumigenys,myrmicinae,Strumigenys victrix,Strumigenys victrix,,SPECIES,,worker,Paratype,Fianarantsoa,45km S. Ambalavao,-22.21667,47.01667,785.0,1993-09-25,Brian L. Fisher,Brian L. Fisher,https://www.antweb.org/images/casent0005463/casent0005463_p_1_high.jpg,casent0005463 profile view 1,April Nobile,Attribution-ShareAlike (BY-SA) Creative Commons License and GNU Free Documentation License (GFDL),"California Academy of Sciences, 2000-2007",GEODETIC_DATUM_ASSUMED_WGS84;CONTINENT_DERIVED_FROM_COORDINATES;COLLECTION_MATCH_NONE;INSTITUTION_MATCH_FUZZY,Strumigenys,1,data/images/Strumigenys/casent0005463_p.jpg,commons,train
865076473,CAS:ANTWEB:casent0005464,casent0005464,casent0005464,p,1320203,Strumigenys,myrmicinae,Strumigenys victrix,Strumigenys victrix,,SPECIES,,worker,Paratype,Fianarantsoa,45km S. Ambalavao,-22.21667,47.01667,785.0,1993-09-25,Brian L. Fisher,Brian L. Fisher,https://www.antweb.org/images/casent0005464/casent0005464_p_1_high.jpg,casent0005464 profile view 1,April Nobile,Attribution-ShareAlike (BY-SA) Creative Commons License and GNU Free Documentation License (GFDL),"California Academy of Sciences, 2000-2007",GEODETIC_DATUM_ASSUMED_WGS84;CONTINENT_DERIVED_FROM_COORDINATES;COLLECTION_MATCH_NONE;INSTITUTION_MATCH_FUZZY,Strumigenys,1,data/images/Strumigenys/casent0005464_p.jpg,commons,train
865076499,CAS:ANTWEB:casent0005465,casent0005465,casent0005465,p,1320203,Strumigenys,myrmicinae,Strumigenys abdera,Strumigenys abdera Fisher,,SPECIES,,worker,Paratype,Fianarantsoa,"40 km S Ambalavao, Rés. Andringitra",-22.21667,46.96667,1275.0,1993-10-15,Brian L. Fisher,Brian L. Fisher,https://www.antweb.org/images/casent0005465/casent0005465_p_1_high.jpg,casent0005465 profile view 1,April Nobile,Attribution-ShareAlike (BY-SA) Creative Commons License and GNU Free Documentation License (GFDL),"California Academy of Sciences, 2000-2010",GEODETIC_DATUM_ASSUMED_WGS84;CONTINENT_DERIVED_FROM_COORDINATES;COLLECTION_MATCH_NONE;INSTITUTION_MATCH_FUZZY,Strumigenys,1,data/images/Strumigenys/casent0005465_p.jpg,commons,train
865076467,CAS:ANTWEB:casent0005466,casent0005466,casent0005466,p,1320203,Strumigenys,myrmicinae,Strumigenys abdera,Strumigenys abdera Fisher,,SPECIES,,worker,Holotype,Fianarantsoa,"40 km S Ambalavao, Rés. Andringitra",-22.21667,46.96667,1275.0,1993-10-15,Brian L. Fisher,,https://www.antweb.org/images/casent0005466/casent0005466_p_1_high.jpg,casent0005466 profile view 1,April Nobile,Attribution-ShareAlike (BY-SA) Creative Commons License and GNU Free Documentation License (GFDL),"California Academy of Sciences, 2000-2007",GEODETIC_DATUM_ASSUMED_WGS84;CONTINENT_DERIVED_FROM_COORDINATES;COLLECTION_MATCH_NONE;INSTITUTION_MATCH_FUZZY,Strumigenys,1,data/images/Strumigenys/casent0005466_p.jpg,commons,train
865076492,CAS:ANTWEB:casent0005467,casent0005467,casent0005467,p,1320203,Strumigenys,myrmicinae,Strumigenys actis,Strumigenys actis Fisher,,SPECIES,,worker,Holotype,Fianarantsoa,"43 km S Ambalavao, Rés. Andringitra",-22.23333,47.0,825.0,1993-10-05,Brian L. Fisher,Brian L. Fisher,https://www.antweb.org/images/casent0005467/casent0005467_p_1_high.jpg,casent0005467 profile view 1,April Nobile,Attribution-ShareAlike (BY-SA) Creative Commons License and GNU Free Documentation License (GFDL),"California Academy of Sciences, 2000-2007",GEODETIC_DATUM_ASSUMED_WGS84;CONTINENT_DERIVED_FROM_COORDINATES;COLLECTION_MATCH_NONE;INSTITUTION_MATCH_FUZZY,Strumigenys,1,data/images/Strumigenys/casent0005467_p.jpg,commons,train
865076508,CAS:ANTWEB:casent0005468,casent0005468,casent0005468,p,1320203,Strumigenys,myrmicinae,Strumigenys admixta,Strumigenys admixta Fisher,,SPECIES,,worker,Paratype,Toamasina,"5.3 km SSE Ambanizana, Andranobe",-15.67133,49.97395,425.0,1993-11-21,Brian L. Fisher,Brian L. Fisher,https://www.antweb.org/images/casent0005468/casent0005468_p_1_high.jpg,casent0005468 profile view 1,April Nobile,Attribution-ShareAlike (BY-SA) Creative Commons License and GNU Free Documentation License (GFDL),"California Academy of Sciences, 2000-2007",GEODETIC_DATUM_ASSUMED_WGS84;CONTINENT_DERIVED_FROM_COORDINATES;COLLECTION_MATCH_NONE;INSTITUTION_MATCH_FUZZY,Strumigenys,1,data/images/Strumigenys/casent0005468_p.jpg,commons,train
865076530,CAS:ANTWEB:casent0005469,casent0005469,casent0005469,p,1320203,Strumigenys,myrmicinae,Strumigenys admixta,Strumigenys admixta Fisher,,SPECIES,,worker,Paratype,Toamasina,"5.3 km SSE Ambanizana, Andranobe",-15.67133,49.97395,425.0,1993-11-21,Brian L. Fisher,Brian L. Fisher,https://www.antweb.org/images/casent0005469/casent0005469_p_1_high.jpg,casent0005469 profile view 1,April Nobile,Attribution-ShareAlike (BY-SA) Creative Commons License and GNU Free Documentation License (GFDL),"California Academy of Sciences, 2000-2007",GEODETIC_DATUM_ASSUMED_WGS84;CONTINENT_DERIVED_FROM_COORDINATES;COLLECTION_MATCH_NONE;INSTITUTION_MATCH_FUZZY,Strumigenys,1,data/images/Strumigenys/casent0005469_p.jpg,commons,train
865076518,CAS:ANTWEB:casent0005470,casent0005470,casent0005470,p,1320203,Strumigenys,myrmicinae,Strumigenys admixta,Strumigenys admixta Fisher,,SPECIES,,worker,Paratype,Toamasina,"5.3 km SSE Ambanizana, Andranobe",-15.67133,49.97395,425.0,1993-11-21,Brian L. Fisher,Brian L. Fisher,https://www.antweb.org/images/casent0005470/casent0005470_p_1_high.jpg,casent0005470 profile view 1,April Nobile,Attribution-ShareAlike (BY-SA) Creative Commons License and GNU Free Documentation License (GFDL),"California Academy of Sciences, 2000-2007",GEODETIC_DATUM_ASSUMED_WGS84;CONTINENT_DERIVED_FROM_COORDINATES;COLLECTION_MATCH_NONE;INSTITUTION_MATCH_FUZZY,Strumigenys,1,data/images/Strumigenys/casent0005470_p.jpg,commons,train
865076468,CAS:ANTWEB:casent0005472,casent0005472,casent0005472,p,1320203,Strumigenys,myrmicinae,Strumigenys adsita,Strumigenys adsita Fisher,,SPECIES,,worker,Paratype,Fianarantsoa,"28 km. SSW Ambositra, Ankazomivady",-20.775,47.16833,1670.0,1998-01-12,H.G. Robertson,Brian L. Fisher,https://www.antweb.org/images/casent0005472/casent0005472_p_1_high.jpg,casent0005472 profile view 1,April Nobile,Attribution-ShareAlike (BY-SA) Creative Commons License and GNU Free Documentation License (GFDL),"California Academy of Sciences, 2000-2008",GEODETIC_DATUM_ASSUMED_WGS84;CONTINENT_DERIVED_FROM_COORDINATES;COLLECTION_MATCH_NONE;INSTITUTION_MATCH_FUZZY,Strumigenys,1,data/images/Strumigenys/casent0005472_p.jpg,commons,train
865076489,CAS:ANTWEB:casent0005473,casent0005473,casent0005473,p,1320203,Strumigenys,myrmicinae,Strumigenys adsita,Strumigenys adsita Fisher,,SPECIES,,worker,Paratype,Fianarantsoa,"28 km. SSW Ambositra, Ankazomivady",-20.775,47.16833,1670.0,1998-01-12,H.G. Robertson,Brian L. Fisher,https://www.antweb.org/images/casent0005473/casent0005473_p_1_high.jpg,casent0005473 profile view 1,April Nobile,Attribution-ShareAlike (BY-SA) Creative Commons License and GNU Free Documentation License (GFDL),"California Academy of Sciences, 2000-2007",GEODETIC_DATUM_ASSUMED_WGS84;CONTINENT_DERIVED_FROM_COORDINATES;COLLECTION_MATCH_NONE;INSTITUTION_MATCH_FUZZY,Strumigenys,1,data/images/Strumigenys/casent0005473_p.jpg,commons,test
865076534,CAS:ANTWEB:casent0005474,casent0005474,casent0005474,p,1320203,Strumigenys,myrmicinae,Strumigenys adsita,Strumigenys adsita Fisher,,SPECIES,,worker,Paratype,Fianarantsoa,"28 km. SSW Ambositra, Ankazomivady",-20.775,47.16833,1670.0,1998-01-12,H.G. Robertson,Brian L. Fisher,https://www.antweb.org/images/casent0005474/casent0005474_p_1_high.jpg,casent0005474 profile view 1,April Nobile,Attribution-ShareAlike (BY-SA) Creative Commons License and GNU Free Documentation License (GFDL),"California Academy of Sciences, 2000-2007",GEODETIC_DATUM_ASSUMED_WGS84;CONTINENT_DERIVED_FROM_COORDINATES;COLLECTION_MATCH_NONE;INSTITUTION_MATCH_FUZZY,Strumigenys,1,data/images/Strumigenys/casent0005474_p.jpg,commons,test
865076513,CAS:ANTWEB:casent0005478,casent0005478,casent0005478,p,1320203,Strumigenys,myrmicinae,Strumigenys agra,Strumigenys agra Fisher,,SPECIES,,worker,,Toamasina,"6.9 km NE Ambanizana, Ambohitsitondroina",-15.58506,50.00952,825.0,1993-12-02,Brian L. Fisher,Brian L. Fisher,https://www.antweb.org/images/casent0005478/casent0005478_p_1_high.jpg,casent0005478 profile view 1,April Nobile,Attribution-ShareAlike (BY-SA) Creative Commons License and GNU Free Documentation License (GFDL),"California Academy of Sciences, 2000-2007",GEODETIC_DATUM_ASSUMED_WGS84;CONTINENT_DERIVED_FROM_COORDINATES;COLLECTION_MATCH_NONE;INSTITUTION_MATCH_FUZZY,Strumigenys,1,data/images/Strumigenys/casent0005478_p.jpg,commons,train
865076498,CAS:ANTWEB:casent0005479,casent0005479,casent0005479,p,1320203,Strumigenys,myrmicinae,Strumigenys agra,Strumigenys agra Fisher,,SPECIES,,worker,Holotype,Toamasina,"6.9 km NE Ambanizana, Ambohitsitondroina",-15.58506,50.00952,825.0,1993-12-02,Brian L. Fisher,Brian L. Fisher,https://www.antweb.org/images/casent0005479/casent0005479_p_1_high.jpg,casent0005479 profile view 1,April Nobile,Attribution-ShareAlike (BY-SA) Creative Commons License and GNU Free Documentation License (GFDL),"California Academy of Sciences, 2000-2007",GEODETIC_DATUM_ASSUMED_WGS84;CONTINENT_DERIVED_FROM_COORDINATES;COLLECTION_MATCH_NONE;INSTITUTION_MATCH_FUZZY,Strumigenys,1,data/images/Strumigenys/casent0005479_p.jpg,commons,train
865076538,CAS:ANTWEB:casent0005481,casent0005481,casent0005481,p,1320203,Strumigenys,myrmicinae,Strumigenys agra,Strumigenys agra Fisher,,SPECIES,,worker,,Toamasina,"6.9 km NE Ambanizana, Ambohitsitondroina",-15.58506,50.00952,825.0,1993-12-02,Brian L. Fisher,Brian L. Fisher,https://www.antweb.org/images/casent0005481/casent0005481_p_1_high.jpg,casent0005481 profile view 1,April Nobile,Attribution-ShareAlike (BY-SA) Creative Commons License and GNU Free Documentation License (GFDL),"California Academy of Sciences, 2000-2007",GEODETIC_DATUM_ASSUMED_WGS84;CONTINENT_DERIVED_FROM_COORDINATES;COLLECTION_MATCH_NONE;INSTITUTION_MATCH_FUZZY,Strumigenys,1,data/images/Strumigenys/casent0005481_p.jpg,commons,train
865076516,CAS:ANTWEB:casent0005483,casent0005483,casent0005483,p,1320203,Strumigenys,myrmicinae,Strumigenys alapa,Strumigenys alapa Fisher,,SPECIES,,worker,Holotype,Toliara,"Beza-Mahafaly, 27 km E Betioky",-23.65,44.63333,135.0,1997-04-23,Brian L. Fisher,D. Booher,https://www.antweb.org/images/casent0005483/casent0005483_p_1_high.jpg,casent0005483 profile view 1,April Nobile,Attribution-ShareAlike (BY-SA) Creative Commons License and GNU Free Documentation License (GFDL),"California Academy of Sciences, 2000-2007",GEODETIC_DATUM_ASSUMED_WGS84;CONTINENT_DERIVED_FROM_COORDINATES;COLLECTION_MATCH_NONE;INSTITUTION_MATCH_FUZZY,Strumigenys,1,data/images/Strumigenys/casent0005483_p.jpg,commons,train
865076525,CAS:ANTWEB:casent0005484,casent0005484,casent0005484,p,1320203,Strumigenys,myrmicinae,Strumigenys ampyx,Strumigenys ampyx Fisher,,SPECIES,,worker,Holotype,Fianarantsoa,"Isalo Nat. Park,Ranohira Canion de Singe forest",-22.48333,45.55,800.0,1993-02-17,Emile Rajeriarison,Brian L. Fisher,https://www.antweb.org/images/casent0005484/casent0005484_p_1_high.jpg,casent0005484 profile view 1,April Nobile,Attribution-ShareAlike (BY-SA) Creative Commons License and GNU Free Documentation License (GFDL),"California Academy of Sciences, 2000-2007",GEODETIC_DATUM_ASSUMED_WGS84;CONTINENT_DERIVED_FROM_COORDINATES;COLLECTION_MATCH_NONE;INSTITUTION_MATCH_FUZZY,Strumigenys,1,data/images/Strumigenys/casent0005484_p.jpg,commons,train
865076511,CAS:ANTWEB:casent0005485,casent0005485,casent0005485,p,1320203,Strumigenys,myrmicinae,Strumigenys ampyx,Strumigenys ampyx Fisher,,SPECIES,,worker,Paratype,Fianarantsoa,"Isalo Nat. Park,Ranohira Canion de Singe forest",-22.48333,45.55,800.0,1993-02-17,Emile Rajeriarison,Brian L. Fisher,https://www.antweb.org/images/casent0005485/casent0005485_p_1_high.jpg,casent0005485 profile view 1,April Nobile,Attribution-ShareAlike (BY-SA) Creative Commons License and GNU Free Documentation License (GFDL),"California Academy of Sciences, 2000-2007",GEODETIC_DATUM_ASSUMED_WGS84;CONTINENT_DERIVED_FROM_COORDINATES;COLLECTION_MATCH_NONE;INSTITUTION_MATCH_FUZZY,Strumigenys,1,data/images/Strumigenys/casent0005485_p.jpg,commons,test
865076509,CAS:ANTWEB:casent0005486,casent0005486,casent0005486,p,1320203,Strumigenys,myrmicinae,Strumigenys ampyx,Strumigenys ampyx Fisher,,SPECIES,,worker,Paratype,Fianarantsoa,"Isalo Nat. Park,Ranohira Canion de Singe forest",-22.48333,45.55,800.0,1993-02-17,Emile Rajeriarison,Brian L. Fisher,https://www.antweb.org/images/casent0005486/casent0005486_p_1_high.jpg,casent0005486 profile view 1,April Nobile,Attribution-ShareAlike (BY-SA) Creative Commons License and GNU Free Documentation License (GFDL),"California Academy of Sciences, 2000-2007",GEODETIC_DATUM_ASSUMED_WGS84;CONTINENT_DERIVED_FROM_COORDINATES;COLLECTION_MATCH_NONE;INSTITUTION_MATCH_FUZZY,Strumigenys,1,data/images/Strumigenys/casent0005486_p.jpg,commons,train
865076531,CAS:ANTWEB:casent0005487,casent0005487,casent0005487,p,1320203,Strumigenys,myrmicinae,Strumigenys apios,Strumigenys apios Fisher,,SPECIES,,worker,Holotype,Antsiranana,"11.0 km WSW Befingotra, Rés. Anjanaharibe-Sud",-14.75,49.45,1565.0,1994-11-16,Brian L. Fisher,Brian L. Fisher,https://www.antweb.org/images/casent0005487/casent0005487_p_1_high.jpg,casent0005487 profile view 1,April Nobile,Attribution-ShareAlike (BY-SA) Creative Commons License and GNU Free Documentation License (GFDL),"California Academy of Sciences, 2000-2007",GEODETIC_DATUM_ASSUMED_WGS84;CONTINENT_DERIVED_FROM_COORDINATES;COLLECTION_MATCH_NONE;INSTITUTION_MATCH_FUZZY,Strumigenys,1,data/images/Strumigenys/casent0005487_p.jpg,commons,train
865076526,CAS:ANTWEB:casent0005488,casent0005488,casent0005488,p,1320203,Strumigenys,myrmicinae,Strumigenys apios,Strumigenys apios Fisher,,SPECIES,,worker,Paratype,Antsiranana,"11.0 km WSW Befingotra, Rés. Anjanaharibe-Sud",-14.75,49.45,1565.0,1994-11-16,Brian L. Fisher,Brian L. Fisher,https://www.antweb.org/images/casent0005488/casent0005488_p_1_high.jpg,casent0005488 profile view 1,April Nobile,Attribution-ShareAlike (BY-SA) Creative Commons License and GNU Free Documentation License (GFDL),"California Academy of Sciences, 2000-2008",GEODETIC_DATUM_ASSUMED_WGS84;CONTINENT_DERIVED_FROM_COORDINATES;COLLECTION_MATCH_NONE;INSTITUTION_MATCH_FUZZY,Strumigenys,1,data/images/Strumigenys/casent0005488_p.jpg,commons,train
865076558,CAS:ANTWEB:casent0005489,casent0005489,casent0005489,p,1320203,Strumigenys,myrmicinae,Strumigenys apios,Strumigenys apios Fisher,,SPECIES,,worker,Paratype,Antsiranana,"11.0 km WSW Befingotra, Rés. Anjanaharibe-Sud",-14.75,49.45,1565.0,1994-11-16,Brian L. Fisher,Brian L. Fisher,https://www.antweb.org/images/casent0005489/casent0005489_p_1_high.jpg,casent0005489 profile view 1,April Nobile,Attribution-ShareAlike (BY-SA) Creative Commons License and GNU Free Documentation License (GFDL),"California Academy of Sciences, 2000-2008",GEODETIC_DATUM_ASSUMED_WGS84;CONTINENT_DERIVED_FROM_COORDINATES;COLLECTION_MATCH_NONE;INSTITUTION_MATCH_FUZZY,Strumigenys,1,data/images/Strumigenys/casent0005489_p.jpg,commons,train
865076542,CAS:ANTWEB:casent0005490,casent0005490,casent0005490,p,1320203,Strumigenys,myrmicinae,Strumigenys balux,Strumigenys balux Fisher,,SPECIES,,worker,Holotype,Fianarantsoa,45km S. Ambalavao,-22.21667,47.01667,785.0,1993-09-25,Brian L. Fisher,Brian L. Fisher,https://www.antweb.org/images/casent0005490/casent0005490_p_1_high.jpg,casent0005490 profile view 1,April Nobile,Attribution-ShareAlike (BY-SA) Creative Commons License and GNU Free Documentation License (GFDL),"California Academy of Sciences, 2000-2008",GEODETIC_DATUM_ASSUMED_WGS84;CONTINENT_DERIVED_FROM_COORDINATES;COLLECTION_MATCH_NONE;INSTITUTION_MATCH_FUZZY,Strumigenys,1,data/images/Strumigenys/casent0005490_p.jpg,commons,train
865076548,CAS:ANTWEB:casent0005492,casent0005492,casent0005492,p,1320203,Strumigenys,myrmicinae,Strumigenys bathron,Strumigenys bathron Fisher,,SPECIES,,worker,Holotype,Antsiranana,"6.5 km SSW Befingotra, Rés. Anjanaharibe-Sud",-14.75,49.5,875.0,1994-10-19,Brian L. Fisher,,https://www.antweb.org/images/casent0005492/casent0005492_p_1_high.jpg,casent0005492 profile view 1,April Nobile,Attribution-ShareAlike (BY-SA) Creative Commons License and GNU Free Documentation License (GFDL),"California Academy of Sciences, 2000-2008",GEODETIC_DATUM_ASSUMED_WGS84;CONTINENT_DERIVED_FROM_COORDINATES;COLLECTION_MATCH_NONE;INSTITUTION_MATCH_FUZZY,Strumigenys,1,data/images/Strumigenys/casent0005492_p.jpg,commons,train
865076519,CAS:ANTWEB:casent0005493,casent0005493,casent0005493,p,1320203,Strumigenys,myrmicinae,Strumigenys bibiolona,Strumigenys bibiolona Fisher,,SPECIES,,worker,Holotype,Antsiranana,"R.S. Manongarivo, 10.8 km 229° SW Antanambao",-13.96167,48.43333,400.0,1998-11-08,Brian L. Fisher,Brian L. Fisher,https://www.antweb.org/images/casent0005493/casent0005493_p_1_high.jpg,casent0005493 profile view 1,April Nobile,Attribution-ShareAlike (BY-SA) Creative Commons License and GNU Free Documentation License (GFDL),"California Academy of Sciences, 2000-2007",GEODETIC_DATUM_ASSUMED_WGS84;CONTINENT_DERIVED_FROM_COORDINATES;COLLECTION_MATCH_NONE;INSTITUTION_MATCH_FUZZY,Strumigenys,1,data/images/Strumigenys/casent0005493_p.jpg,commons,train
865076523,CAS:ANTWEB:casent0005495,casent0005495,casent0005495,p,1320203,Strumigenys,myrmicinae,Strumigenys bibiolona,Strumigenys bibiolona Fisher,,SPECIES,,worker,Paratype,Antsiranana,"R.S. Manongarivo, 10.8 km 229° SW Antanambao",-13.96167,48.43333,400.0,1998-11-08,Brian L. Fisher,Brian L. Fisher,https://www.antweb.org/images/casent0005495/casent0005495_p_1_high.jpg,casent0005495 profile view 1,April Nobile,Attribution-ShareAlike (BY-SA) Creative Commons License and GNU Free Documentation License (GFDL),"California Academy of Sciences, 2000-2007",GEODETIC_DATUM_ASSUMED_WGS84;CONTINENT_DERIVED_FROM_COORDINATES;COLLECTION_MATCH_NONE;INSTITUTION_MATCH_FUZZY,Strumigenys,1,data/images/Strumigenys/casent0005495_p.jpg,commons,train
865076540,CAS:ANTWEB:casent0005496,casent0005496,casent0005496,p,1320203,Strumigenys,myrmicinae,Strumigenys bibiolona,Strumigenys bibiolona Fisher,,SPECIES,,worker,Paratype,Antsiranana,"R.S. Manongarivo, 10.8 km 229° SW Antanambao",-13.96167,48.43333,400.0,1998-11-08,Brian L. Fisher,Brian L. Fisher,https://www.antweb.org/images/casent0005496/casent0005496_p_1_high.jpg,casent0005496 profile view 1,April Nobile,Attribution-ShareAlike (BY-SA) Creative Commons License and GNU Free Documentation License (GFDL),"California Academy of Sciences, 2000-2007",GEODETIC_DATUM_ASSUMED_WGS84;CONTINENT_DERIVED_FROM_COORDINATES;COLLECTION_MATCH_NONE;INSTITUTION_MATCH_FUZZY,Strumigenys,1,data/images/Strumigenys/casent0005496_p.jpg,commons,test
865076527,CAS:ANTWEB:casent0005497,casent0005497,casent0005497,p,1320203,Strumigenys,myrmicinae,Strumigenys bola,Strumigenys bola Fisher,,SPECIES,,worker,Holotype,Antsiranana,"9.2 km WSW Befingotra, Rés. Anjanaharibe-Sud",-14.75,49.46667,1200.0,1994-11-10,Brian L. Fisher,Brian L. Fisher,https://www.antweb.org/images/casent0005497/casent0005497_p_1_high.jpg,casent0005497 profile view 1,April Nobile,Attribution-ShareAlike (BY-SA) Creative Commons License and GNU Free Documentation License (GFDL),"California Academy of Sciences, 2000-2007",GEODETIC_DATUM_ASSUMED_WGS84;CONTINENT_DERIVED_FROM_COORDINATES;COLLECTION_MATCH_NONE;INSTITUTION_MATCH_FUZZY,Strumigenys,1,data/images/Strumigenys/casent0005497_p.jpg,commons,train
865076545,CAS:ANTWEB:casent0005498,casent0005498,casent0005498,p,1320203,Strumigenys,myrmicinae,Strumigenys bola,Strumigenys bola Fisher,,SPECIES,,worker,Paratype,Antsiranana,"9.2 km WSW Befingotra, Rés. Anjanaharibe-Sud",-14.75,49.46667,1180.0,1994-11-07,Brian L. Fisher,Brian L. Fisher,https://www.antweb.org/images/casent0005498/casent0005498_p_1_high.jpg,casent0005498 profile view 1,April Nobile,Attribution-ShareAlike (BY-SA) Creative Commons License and GNU Free Documentation License (GFDL),"California Academy of Sciences, 2000-2007",GEODETIC_DATUM_ASSUMED_WGS84;CONTINENT_DERIVED_FROM_COORDINATES;COLLECTION_MATCH_NONE;INSTITUTION_MATCH_FUZZY,Strumigenys,1,data/images/Strumigenys/casent0005498_p.jpg,commons,train
865076522,CAS:ANTWEB:casent0005499,casent0005499,casent0005499,p,1320203,Strumigenys,myrmicinae,Strumigenys bola,Strumigenys bola Fisher,,SPECIES,,worker,Paratype,Antsiranana,"9.2 km WSW Befingotra, Rés. Anjanaharibe-Sud",-14.75,49.46667,1200.0,1994-11-10,Brian L. Fisher,Brian L. Fisher,https://www.antweb.org/images/casent0005499/casent0005499_p_1_high.jpg,casent0005499 profile view 1,April Nobile,Attribution-ShareAlike (BY-SA) Creative Commons License and GNU Free Documentation License (GFDL),"California Academy of Sciences, 2000-2008",GEODETIC_DATUM_ASSUMED_WGS84;CONTINENT_DERIVED_FROM_COORDINATES;COLLECTION_MATCH_NONE;INSTITUTION_MATCH_FUZZY,Strumigenys,1,data/images/Strumigenys/casent0005499_p.jpg,commons,train
865076566,CAS:ANTWEB:casent0005500,casent0005500,casent0005500,p,1320203,Strumigenys,myrmicinae,Strumigenys carolinae,Strumigenys carolinae Fisher,,SPECIES,,worker,Paratype,Antsiranana,"R.S. Manongarivo, 10.8 km 229° SW Antanambao",-13.96167,48.43333,400.0,1998-11-08,Brian L. Fisher,Brian L. Fisher,https://www.antweb.org/images/casent0005500/casent0005500_p_1_high.jpg,casent0005500 profile view 1,April Nobile,Attribution-ShareAlike (BY-SA) Creative Commons License and GNU Free Documentation License (GFDL),"California Academy of Sciences, 2000-2007",GEODETIC_DATUM_ASSUMED_WGS84;CONTINENT_DERIVED_FROM_COORDINATES;COLLECTION_MATCH_NONE;INSTITUTION_MATCH_FUZZY,Strumigenys,1,data/images/Strumigenys/casent0005500_p.jpg,commons,train
865076546,CAS:ANTWEB:casent0005501,casent0005501,casent0005501,p,1320203,Strumigenys,myrmicinae,Strumigenys carisa,Strumigenys carisa Fisher,,SPECIES,,worker,Holotype,Antsiranana,"9.2 km WSW Befingotra, Rés. Anjanaharibe-Sud",-14.75,49.46667,1200.0,1994-11-09,Brian L. Fisher,Brian L. Fisher,https://www.antweb.org/images/casent0005501/casent0005501_p_1_high.jpg,casent0005501 profile view 1,April Nobile,Attribution-ShareAlike (BY-SA) Creative Commons License and GNU Free Documentation License (GFDL),"California Academy of Sciences, 2000-2007",GEODETIC_DATUM_ASSUMED_WGS84;CONTINENT_DERIVED_FROM_COORDINATES;COLLECTION_MATCH_NONE;INSTITUTION_MATCH_FUZZY,Strumigenys,1,data/images/Strumigenys/casent0005501_p.jpg,commons,train
865076549,CAS:ANTWEB:casent0005502,casent0005502,casent0005502,p,1320203,Strumigenys,myrmicinae,Strumigenys carolinae,Strumigenys carolinae Fisher,,SPECIES,,worker,Holotype,Antsiranana,"R.S. Manongarivo, 10.8 km 229° SW Antanambao",-13.96167,48.43333,400.0,1998-11-08,Brian L. Fisher,Brian L. Fisher,https://www.antweb.org/images/casent0005502/casent0005502_p_1_high.jpg,casent0005502 profile view 1,April Nobile,Attribution-ShareAlike (BY-SA) Creative Commons License and GNU Free Documentation License (GFDL),"California Academy of Sciences, 2000-2008",GEODETIC_DATUM_ASSUMED_WGS84;CONTINENT_DERIVED_FROM_COORDINATES;COLLECTION_MATCH_NONE;INSTITUTION_MATCH_FUZZY,Strumigenys,1,data/images/Strumigenys/casent0005502_p.jpg,commons,train
865076565,CAS:ANTWEB:casent0005503,casent0005503,casent0005503,p,1320203,Strumigenys,myrmicinae,Strumigenys carolinae,Strumigenys carolinae Fisher,,SPECIES,,worker,Paratype,Antsiranana,"R.S. Manongarivo, 10.8 km 229° SW Antanambao",-13.96167,48.43333,400.0,1998-11-08,Brian L. Fisher,Brian L. Fisher,https://www.antweb.org/images/casent0005503/casent0005503_p_1_high.jpg,casent0005503 profile view 1,April Nobile,Attribution-ShareAlike (BY-SA) Creative Commons License and GNU Free Documentation License (GFDL),"California Academy of Sciences, 2000-2007",GEODETIC_DATUM_ASSUMED_WGS84;CONTINENT_DERIVED_FROM_COORDINATES;COLLECTION_MATCH_NONE;INSTITUTION_MATCH_FUZZY,Strumigenys,1,data/images/Strumigenys/casent0005503_p.jpg,commons,train
865076535,CAS:ANTWEB:casent0005504,casent0005504,casent0005504,p,1320203,Strumigenys,myrmicinae,Strumigenys carolinae,Strumigenys carolinae Fisher,,SPECIES,,worker,Paratype,Antsiranana,"R.S. Manongarivo, 10.8 km 229° SW Antanambao",-13.96167,48.43333,400.0,1998-11-08,Brian L. Fisher,Brian L. Fisher,https://www.antweb.org/images/casent0005504/casent0005504_p_1_high.jpg,casent0005504 profile view 1,April Nobile,Attribution-ShareAlike (BY-SA) Creative Commons License and GNU Free Documentation License (GFDL),"California Academy of Sciences, 2000-2007",GEODETIC_DATUM_ASSUMED_WGS84;CONTINENT_DERIVED_FROM_COORDINATES;COLLECTION_MATCH_NONE;INSTITUTION_MATCH_FUZZY,Strumigenys,1,data/images/Strumigenys/casent0005504_p.jpg,commons,train
865076514,CAS:ANTWEB:casent0005506,casent0005506,casent0005506,p,1320203,Strumigenys,myrmicinae,Strumigenys charino,Strumigenys charino Fisher,,SPECIES,,worker,Holotype,Antsiranana,"Fotodriana, Cap Masoala",-15.69694,50.27028,25.0,1993-11-27,Gary D. Alpert,Brian L. Fisher,https://www.antweb.org/images/casent0005506/casent0005506_p_1_high.jpg,casent0005506 profile view 1,April Nobile,Attribution-ShareAlike (BY-SA) Creative Commons License and GNU Free Documentation License (GFDL),"California Academy of Sciences, 2000-2007",GEODETIC_DATUM_ASSUMED_WGS84;CONTINENT_DERIVED_FROM_COORDINATES;COLLECTION_MATCH_NONE;INSTITUTION_MATCH_FUZZY,Strumigenys,1,data/images/Strumigenys/casent0005506_p.jpg,commons,train
865076541,CAS:ANTWEB:casent0005507,casent0005507,casent0005507,p,1320203,Strumigenys,myrmicinae,Strumigenys charino,Strumigenys charino Fisher,,SPECIES,,worker,Paratype,Fianarantsoa,"43 km S Ambalavao, Rés. Andringitra",-22.23333,47.0,825.0,1993-10-05,Brian L. Fisher,Brian L. Fisher,https://www.antweb.org/images/casent0005507/casent0005507_p_1_high.jpg,casent0005507 profile view 1,April Nobile,Attribution-ShareAlike (BY-SA) Creative Commons License and GNU Free Documentation License (GFDL),"California Academy of Sciences, 2000-2007",GEODETIC_DATUM_ASSUMED_WGS84;CONTINENT_DERIVED_FROM_COORDINATES;COLLECTION_MATCH_NONE;INSTITUTION_MATCH_FUZZY,Strumigenys,1,data/images/Strumigenys/casent0005507_p.jpg,commons,train
865076552,CAS:ANTWEB:casent0005508,casent0005508,casent0005508,p,1320203,Strumigenys,myrmicinae,Strumigenys chilo,Strumigenys chilo Fisher,,SPECIES,,worker,Paratype,Toamasina,"5.3 km SSE Ambanizana, Andranobe",-15.67133,49.97395,425.0,1993-11-25,Brian L. Fisher,Brian L. Fisher,https://www.antweb.org/images/casent0005508/casent0005508_p_1_high.jpg,casent0005508 profile view 1,April Nobile,Attribution-ShareAlike (BY-SA) Creative Commons License and GNU Free Documentation License (GFDL),"California Academy of Sciences, 2000-2007",GEODETIC_DATUM_ASSUMED_WGS84;CONTINENT_DERIVED_FROM_COORDINATES;COLLECTION_MATCH_NONE;INSTITUTION_MATCH_FUZZY,Strumigenys,1,data/images/Strumigenys/casent0005508_p.jpg,commons,train
865076529,CAS:ANTWEB:casent0005509,casent0005509,casent0005509,p,1320203,Strumigenys,myrmicinae,Strumigenys chilo,Strumigenys chilo Fisher,,SPECIES,,worker,Holotype,Toamasina,"5.3 km SSE Ambanizana, Andranobe",-15.67133,49.97395,425.0,1993-11-21,Brian L. Fisher,Brian L. Fisher,https://www.antweb.org/images/casent0005509/casent0005509_p_1_high.jpg,casent0005509 profile view 1,April Nobile,Attribution-ShareAlike (BY-SA) Creative Commons License and GNU Free Documentation License (GFDL),"California Academy of Sciences, 2000-2007",GEODETIC_DATUM_ASSUMED_WGS84;CONTINENT_DERIVED_FROM_COORDINATES;COLLECTION_MATCH_NONE;INSTITUTION_MATCH_FUZZY,Strumigenys,1,data/images/Strumigenys/casent0005509_p.jpg,commons,train
865076533,CAS:ANTWEB:casent0005510,casent0005510,casent0005510,p,1320203,Strumigenys,myrmicinae,Strumigenys chroa,Strumigenys chroa Fisher,,SPECIES,,worker,Holotype,Toliara,"southern Isoky-Vohimena Forest, 59 km NE Sakaraha",-22.46667,44.85,730.0,1996-01-21,Sylvain,Brian L. Fisher,https://www.antweb.org/images/casent0005510/casent0005510_p_1_high.jpg,casent0005510 profile view 1,April Nobile,Attribution-ShareAlike (BY-SA) Creative Commons License and GNU Free Documentation License (GFDL),"California Academy of Sciences, 2000-2007",GEODETIC_DATUM_ASSUMED_WGS84;CONTINENT_DERIVED_FROM_COORDINATES;COLLECTION_MATCH_NONE;INSTITUTION_MATCH_FUZZY,Strumigenys,1,data/images/Strumigenys/casent0005510_p.jpg,commons,train
865076578,CAS:ANTWEB:casent0005511,casent0005511,casent0005511,p,1320203,Strumigenys,myrmicinae,Strumigenys chroa,Strumigenys chroa Fisher,,SPECIES,,worker,Paratype,Toliara,"southern Isoky-Vohimena Forest, 59 km NE Sakaraha",-22.46667,44.85,730.0,1996-01-21,Sylvain,Brian L. Fisher,https://www.antweb.org/images/casent0005511/casent0005511_p_1_high.jpg,casent0005511 profile view 1,April Nobile,Attribution-ShareAlike (BY-SA) Creative Commons License and GNU Free Documentation License (GFDL),"California Academy of Sciences, 2000-2007",GEODETIC_DATUM_ASSUMED_WGS84;CONTINENT_DERIVED_FROM_COORDINATES;COLLECTION_MATCH_NONE;INSTITUTION_MATCH_FUZZY,Strumigenys,1,data/images/Strumigenys/casent0005511_p.jpg,commons,train
865076550,CAS:ANTWEB:casent0005512,casent0005512,casent0005512,p,1320203,Strumigenys,myrmicinae,Strumigenys covina,Strumigenys covina Fisher,,SPECIES,,worker,Holotype,Toamasina,"5.3 km SSE Ambanizana, Andranobe",-15.67133,49.97395,425.0,1993-11-21,Brian L. Fisher,Brian L. Fisher,https://www.antweb.org/images/casent0005512/casent0005512_p_1_high.jpg,casent0005512 profile view 1,April Nobile,Attribution-ShareAlike (BY-SA) Creative Commons License and GNU Free Documentation License (GFDL),"California Academy of Sciences, 2000-2007",GEODETIC_DATUM_ASSUMED_WGS84;CONTINENT_DERIVED_FROM_COORDINATES;COLLECTION_MATCH_NONE;INSTITUTION_MATCH_FUZZY,Strumigenys,1,data/images/Strumigenys/casent0005512_p.jpg,commons,test
865076553,CAS:ANTWEB:casent0005513,casent0005513,casent0005513,p,1320203,Strumigenys,myrmicinae,Strumigenys deverra,Strumigenys deverra Fisher,,SPECIES,,worker,Paratype,Fianarantsoa,45km S. Ambalavao,-22.21667,47.01667,785.0,1993-09-25,Brian L. Fisher,Brian L. Fisher,https://www.antweb.org/images/casent0005513/casent0005513_p_1_high.jpg,casent0005513 profile view 1,April Nobile,Attribution-ShareAlike (BY-SA) Creative Commons License and GNU Free Documentation License (GFDL),"California Academy of Sciences, 2000-2007",GEODETIC_DATUM_ASSUMED_WGS84;CONTINENT_DERIVED_FROM_COORDINATES;COLLECTION_MATCH_NONE;INSTITUTION_MATCH_FUZZY,Strumigenys,1,data/images/Strumigenys/casent0005513_p.jpg,commons,train
865076584,CAS:ANTWEB:casent0005514,casent0005514,casent0005514,p,1320203,Strumigenys,myrmicinae,Strumigenys deverra,Strumigenys deverra Fisher,,SPECIES,,worker,Holotype,Fianarantsoa,45km S. Ambalavao,-22.21667,47.01667,785.0,1993-09-25,Brian L. Fisher,Brian L. Fisher,https://www.antweb.org/images/casent0005514/casent0005514_p_1_high.jpg,casent0005514 profile view 1,April Nobile,Attribution-ShareAlike (BY-SA) Creative Commons License and GNU Free Documentation License (GFDL),"California Academy of Sciences, 2000-2007",GEODETIC_DATUM_ASSUMED_WGS84;CONTINENT_DERIVED_FROM_COORDINATES;COLLECTION_MATCH_NONE;INSTITUTION_MATCH_FUZZY,Strumigenys,1,data/images/Strumigenys/casent0005514_p.jpg,commons,test
865076564,CAS:ANTWEB:casent0005515,casent0005515,casent0005515,p,1320203,Strumigenys,myrmicinae,Strumigenys deverra,Strumigenys deverra Fisher,,SPECIES,,worker,Paratype,Fianarantsoa,45km S. Ambalavao,-22.21667,47.01667,785.0,1993-09-25,Brian L. Fisher,Brian L. Fisher,https://www.antweb.org/images/casent0005515/casent0005515_p_1_high.jpg,casent0005515 profile view 1,April Nobile,Attribution-ShareAlike (BY-SA) Creative Commons License and GNU Free Documentation License (GFDL),"California Academy of Sciences, 2000-2007",GEODETIC_DATUM_ASSUMED_WGS84;CONTINENT_DERIVED_FROM_COORDINATES;COLLECTION_MATCH_NONE;INSTITUTION_MATCH_FUZZY,Strumigenys,1,data/images/Strumigenys/casent0005515_p.jpg,commons,train
865076555,CAS:ANTWEB:casent0005516,casent0005516,casent0005516,p,1320203,Strumigenys,myrmicinae,Strumigenys deverra,Strumigenys deverra Fisher,,SPECIES,,worker,Paratype,Fianarantsoa,45km S. Ambalavao,-22.21667,47.01667,785.0,1993-09-25,Brian L. Fisher,Brian L. Fisher,https://www.antweb.org/images/casent0005516/casent0005516_p_1_high.jpg,casent0005516 profile view 1,April Nobile,Attribution-ShareAlike (BY-SA) Creative Commons License and GNU Free Documentation License (GFDL),"California Academy of Sciences, 2000-2007",GEODETIC_DATUM_ASSUMED_WGS84;CONTINENT_DERIVED_FROM_COORDINATES;COLLECTION_MATCH_NONE;INSTITUTION_MATCH_FUZZY,Strumigenys,1,data/images/Strumigenys/casent0005516_p.jpg,commons,train
865076572,CAS:ANTWEB:casent0005517,casent0005517,casent0005517,p,1320203,Strumigenys,myrmicinae,Strumigenys dexis,Strumigenys dexis Fisher,,SPECIES,,worker,Paratype,Fianarantsoa,45km S. Ambalavao,-22.21667,47.01667,785.0,1993-09-25,Brian L. Fisher,Brian L. Fisher,https://www.antweb.org/images/casent0005517/casent0005517_p_1_high.jpg,casent0005517 profile view 1,April Nobile,Attribution-ShareAlike (BY-SA) Creative Commons License and GNU Free Documentation License (GFDL),"California Academy of Sciences, 2000-2008",GEODETIC_DATUM_ASSUMED_WGS84;CONTINENT_DERIVED_FROM_COORDINATES;COLLECTION_MATCH_NONE;INSTITUTION_MATCH_FUZZY,Strumigenys,1,data/images/Strumigenys/casent0005517_p.jpg,commons,train
865076575,CAS:ANTWEB:casent0005518,casent0005518,casent0005518,p,1320203,Strumigenys,myrmicinae,Strumigenys dicomas,"Strumigenys dicomas Fisher, 2000",,SPECIES,,worker,Paratype,Antsiranana,"9.2 km WSW Befingotra, Rés. Anjanaharibe-Sud",-14.75,49.46667,1200.0,1994-11-09,Brian L. Fisher,Brian L. Fisher,https://www.antweb.org/images/casent0005518/casent0005518_p_1_high.jpg,casent0005518 profile view 1,April Nobile,Attribution-ShareAlike (BY-SA) Creative Commons License and GNU Free Documentation License (GFDL),"California Academy of Sciences, 2000-2008",GEODETIC_DATUM_ASSUMED_WGS84;CONTINENT_DERIVED_FROM_COORDINATES;COLLECTION_MATCH_NONE;INSTITUTION_MATCH_FUZZY,Strumigenys,1,data/images/Strumigenys/casent0005518_p.jpg,commons,train
865076561,CAS:ANTWEB:casent0005519,casent0005519,casent0005519,p,1320203,Strumigenys,myrmicinae,Strumigenys dicomas,"Strumigenys dicomas Fisher, 2000",,SPECIES,,worker,Paratype,Antsiranana,"9.2 km WSW Befingotra, Rés. Anjanaharibe-Sud",-14.75,49.46667,1200.0,1994-11-09,Brian L. Fisher,Brian L. Fisher,https://www.antweb.org/images/casent0005519/casent0005519_p_1_high.jpg,casent0005519 profile view 1,April Nobile,Attribution-ShareAlike (BY-SA) Creative Commons License and GNU Free Documentation License (GFDL),"California Academy of Sciences, 2000-2007",GEODETIC_DATUM_ASSUMED_WGS84;CONTINENT_DERIVED_FROM_COORDINATES;COLLECTION_MATCH_NONE;INSTITUTION_MATCH_FUZZY,Strumigenys,1,data/images/Strumigenys/casent0005519_p.jpg,commons,train
865076571,CAS:ANTWEB:casent0005521,casent0005521,casent0005521,p,1320203,Strumigenys,myrmicinae,Strumigenys dicomas,"Strumigenys dicomas Fisher, 2000",,SPECIES,,worker,Holotype,Antsiranana,"9.2 km WSW Befingotra, Rés. Anjanaharibe-Sud",-14.75,49.46667,1200.0,1994-11-09,Brian L. Fisher,Brian L. Fisher,https://www.antweb.org/images/casent0005521/casent0005521_p_1_high.jpg,casent0005521 profile view 1,April Nobile,Attribution-ShareAlike (BY-SA) Creative Commons License and GNU Free Documentation License (GFDL),"California Academy of Sciences, 2000-2007",GEODETIC_DATUM_ASSUMED_WGS84;CONTINENT_DERIVED_FROM_COORDINATES;COLLECTION_MATCH_NONE;INSTITUTION_MATCH_FUZZY,Strumigenys,1,data/images/Strumigenys/casent0005521_p.jpg,commons,train
865076551,CAS:ANTWEB:casent0005522,casent0005522,casent0005522,p,1320203,Strumigenys,myrmicinae,Strumigenys diota,Strumigenys diota Fisher,,SPECIES,,worker,Holotype,Antsiranana,"6.5 km SSW Befingotra, Rés. Anjanaharibe-Sud",-14.75,49.5,875.0,1994-10-19,Brian L. Fisher,Brian L. Fisher,https://www.antweb.org/images/casent0005522/casent0005522_p_1_high.jpg,casent0005522 profile view 1,April Nobile,Attribution-ShareAlike (BY-SA) Creative Commons License and GNU Free Documentation License (GFDL),"California Academy of Sciences, 2000-2007",GEODETIC_DATUM_ASSUMED_WGS84;CONTINENT_DERIVED_FROM_COORDINATES;COLLECTION_MATCH_NONE;INSTITUTION_MATCH_FUZZY,Strumigenys,1,data/images/Strumigenys/casent0005522_p.jpg,commons,train
865076593,CAS:ANTWEB:casent0005523,casent0005523,casent0005523,p,1320203,Strumigenys,myrmicinae,Strumigenys dolabra,Strumigenys dolabra Fisher,,SPECIES,,worker,Holotype,Toliara,"southern Isoky-Vohimena Forest, 59 km NE Sakaraha",-22.46667,44.85,730.0,1996-01-21,Brian L. Fisher,,https://www.antweb.org/images/casent0005523/casent0005523_p_1_high.jpg,casent0005523 profile view 1,April Nobile,Attribution-ShareAlike (BY-SA) Creative Commons License and GNU Free Documentation License (GFDL),"California Academy of Sciences, 2000-2008",GEODETIC_DATUM_ASSUMED_WGS84;CONTINENT_DERIVED_FROM_COORDINATES;COLLECTION_MATCH_NONE;INSTITUTION_MATCH_FUZZY,Strumigenys,1,data/images/Strumigenys/casent0005523_p.jpg,commons,train
865076589,CAS:ANTWEB:casent0005524,casent0005524,casent0005524,p,1320203,Strumigenys,myrmicinae,Strumigenys dora,Strumigenys dora Fisher,,SPECIES,,worker,Holotype,Toliara,18km NNW Betroka,-23.16333,45.96861,825.0,1994-11-29/1994-12-04,M.A. Ivie|Darren A. Pollock,Brian L. Fisher,https://www.antweb.org/images/casent0005524/casent0005524_p_1_high.jpg,casent0005524 profile view 1,April Nobile,Attribution-ShareAlike (BY-SA) Creative Commons License and GNU Free Documentation License (GFDL),"California Academy of Sciences, 2000-2007",GEODETIC_DATUM_ASSUMED_WGS84;CONTINENT_DERIVED_FROM_COORDINATES;COLLECTION_MATCH_NONE;INSTITUTION_MATCH_FUZZY,Strumigenys,1,data/images/Strumigenys/casent0005524_p.jpg,commons,train
865076569,CAS:ANTWEB:casent0005527,casent0005527,casent0005527,p,1320203,Strumigenys,myrmicinae,Strumigenys doxa,Strumigenys doxa Fisher,,SPECIES,,worker,Holotype,Antsiranana,"11.0 km WSW Befingotra, Rés. Anjanaharibe-Sud",-14.75,49.45,1565.0,1994-11-16,Brian L. Fisher,Brian L. Fisher,https://www.antweb.org/images/casent0005527/casent0005527_p_1_high.jpg,casent0005527 profile view 1,April Nobile,Attribution-ShareAlike (BY-SA) Creative Commons License and GNU Free Documentation License (GFDL),"California Academy of Sciences, 2000-2008",GEODETIC_DATUM_ASSUMED_WGS84;CONTINENT_DERIVED_FROM_COORDINATES;COLLECTION_MATCH_NONE;INSTITUTION_MATCH_FUZZY,Strumigenys,1,data/images/Strumigenys/casent0005527_p.jpg,commons,train
865076547,CAS:ANTWEB:casent0005528,casent0005528,casent0005528,p,1320203,Strumigenys,myrmicinae,Strumigenys ection,Strumigenys ection Fisher,,SPECIES,,worker,Holotype,Fianarantsoa,"38 km S Ambalavao, Rés. Andringitra",-22.2,46.96667,1680.0,1993-10-23,Brian L. Fisher,Brian L. Fisher,https://www.antweb.org/images/casent0005528/casent0005528_p_1_high.jpg,casent0005528 profile view 1,April Nobile,Attribution-ShareAlike (BY-SA) Creative Commons License and GNU Free Documentation License (GFDL),"California Academy of Sciences, 2000-2008",GEODETIC_DATUM_ASSUMED_WGS84;CONTINENT_DERIVED_FROM_COORDINATES;COLLECTION_MATCH_NONE;INSTITUTION_MATCH_FUZZY,Strumigenys,1,data/images/Strumigenys/casent0005528_p.jpg,commons,train
865076583,CAS:ANTWEB:casent0005529,casent0005529,casent0005529,p,1320203,Strumigenys,myrmicinae,Strumigenys epulo,Strumigenys epulo Fisher,,SPECIES,,worker,Holotype,Toamasina,"6.3 km S Ambanizana, Andranobe",-15.6813,49.958,25.0,1993-11-14,Brian L. Fisher,Brian L. Fisher,https://www.antweb.org/images/casent0005529/casent0005529_p_1_high.jpg,casent0005529 profile view 1,April Nobile,Attribution-ShareAlike (BY-SA) Creative Commons License and GNU Free Documentation License (GFDL),"California Academy of Sciences, 2000-2007",GEODETIC_DATUM_ASSUMED_WGS84;CONTINENT_DERIVED_FROM_COORDINATES;COLLECTION_MATCH_NONE;INSTITUTION_MATCH_FUZZY,Strumigenys,1,data/images/Strumigenys/casent0005529_p.jpg,commons,train
865076577,CAS:ANTWEB:casent0005531,casent0005531,casent0005531,p,1320203,Strumigenys,myrmicinae,Strumigenys epulo,Strumigenys epulo Fisher,,SPECIES,,worker,Paratype,Toamasina,"6.3 km S Ambanizana, Andranobe",-15.6813,49.958,25.0,1993-11-14,Brian L. Fisher,Brian L. Fisher,https://www.antweb.org/images/casent0005531/casent0005531_p_1_high.jpg,casent0005531 profile view 1,April Nobile,Attribution-ShareAlike (BY-SA) Creative Commons License and GNU Free Documentation License (GFDL),"California Academy of Sciences, 2000-2008",GEODETIC_DATUM_ASSUMED_WGS84;CONTINENT_DERIVED_FROM_COORDINATES;COLLECTION_MATCH_NONE;INSTITUTION_MATCH_FUZZY,Strumigenys,1,data/images/Strumigenys/casent0005531_p.jpg,commons,train
865076562,CAS:ANTWEB:casent0005532,casent0005532,casent0005532,p,1320203,Strumigenys,myrmicinae,Strumigenys epulo,Strumigenys epulo Fisher,,SPECIES,,worker,Paratype,Toamasina,"6.3 km S Ambanizana, Andranobe",-15.6813,49.958,25.0,1993-11-14,Brian L. Fisher,Brian L. Fisher,https://www.antweb.org/images/casent0005532/casent0005532_p_1_high.jpg,casent0005532 profile view 1,April Nobile,Attribution-ShareAlike (BY-SA) Creative Commons License and GNU Free Documentation License (GFDL),"California Academy of Sciences, 2000-2007",GEODETIC_DATUM_ASSUMED_WGS84;CONTINENT_DERIVED_FROM_COORDINATES;COLLECTION_MATCH_NONE;INSTITUTION_MATCH_FUZZY,Strumigenys,1,data/images/Strumigenys/casent0005532_p.jpg,commons,train
865076554,CAS:ANTWEB:casent0005533,casent0005533,casent0005533,p,1320203,Strumigenys,myrmicinae,Strumigenys europs,Strumigenys europs Fisher,,SPECIES,,worker,Paratype,Fianarantsoa,"38 km S Ambalavao, Rés. Andringitra",-22.2,46.96667,1680.0,1993-10-23,Brian L. Fisher,Brian L. Fisher,https://www.antweb.org/images/casent0005533/casent0005533_p_1_high.jpg,casent0005533 profile view 1,April Nobile,Attribution-ShareAlike (BY-SA) Creative Commons License and GNU Free Documentation License (GFDL),"California Academy of Sciences, 2000-2007",GEODETIC_DATUM_ASSUMED_WGS84;CONTINENT_DERIVED_FROM_COORDINATES;COLLECTION_MATCH_NONE;INSTITUTION_MATCH_FUZZY,Strumigenys,1,data/images/Strumigenys/casent0005533_p.jpg,commons,train
865076536,CAS:ANTWEB:casent0005534,casent0005534,casent0005534,p,1320203,Strumigenys,myrmicinae,Strumigenys europs,Strumigenys europs Fisher,,SPECIES,,worker,Holotype,Fianarantsoa,"38 km S Ambalavao, Rés. Andringitra",-22.2,46.96667,1680.0,1993-10-23,Brian L. Fisher,Brian L. Fisher,https://www.antweb.org/images/casent0005534/casent0005534_p_1_high.jpg,casent0005534 profile view 1,April Nobile,Attribution-ShareAlike (BY-SA) Creative Commons License and GNU Free Documentation License (GFDL),"California Academy of Sciences, 2000-2007",GEODETIC_DATUM_ASSUMED_WGS84;CONTINENT_DERIVED_FROM_COORDINATES;COLLECTION_MATCH_NONE;INSTITUTION_MATCH_FUZZY,Strumigenys,1,data/images/Strumigenys/casent0005534_p.jpg,commons,train
865076559,CAS:ANTWEB:casent0005535,casent0005535,casent0005535,p,1320203,Strumigenys,myrmicinae,Strumigenys fanano,Strumigenys fanano Fisher,,SPECIES,,worker,Holotype,Antsiranana,"Rés. Ankarana, 7 km SE Matsaborimanga",-12.9,49.11667,150.0,1990-11-28,P.S. Ward,Brian L. Fisher,https://www.antweb.org/images/casent0005535/casent0005535_p_1_high.jpg,casent0005535 profile view 1,April Nobile,Attribution-ShareAlike (BY-SA) Creative Commons License and GNU Free Documentation License (GFDL),"California Academy of Sciences, 2000-2007",GEODETIC_DATUM_ASSUMED_WGS84;CONTINENT_DERIVED_FROM_COORDINATES;COLLECTION_MATCH_NONE;INSTITUTION_MATCH_FUZZY,Strumigenys,1,data/images/Strumigenys/casent0005535_p.jpg,commons,train
865076603,CAS:ANTWEB:casent0005536,casent0005536,casent0005536,p,1320203,Strumigenys,myrmicinae,Strumigenys finator,Strumigenys finator Fisher,,SPECIES,,worker,Holotype,Antsiranana,"12.2 km WSW Befingotra, Rés. Anjanaharibe-Sud",-14.75,49.43333,1985.0,1994-11-25,Brian L. Fisher,Brian L. Fisher,https://www.antweb.org/images/casent0005536/casent0005536_p_1_high.jpg,casent0005536 profile view 1,April Nobile,Attribution-ShareAlike (BY-SA) Creative Commons License and GNU Free Documentation License (GFDL),"California Academy of Sciences, 2000-2007",GEODETIC_DATUM_ASSUMED_WGS84;CONTINENT_DERIVED_FROM_COORDINATES;COLLECTION_MATCH_NONE;INSTITUTION_MATCH_FUZZY,Strumigenys,1,data/images/Strumigenys/casent0005536_p.jpg,commons,test
865076567,CAS:ANTWEB:casent0005537,casent0005537,casent0005537,p,1320203,Strumigenys,myrmicinae,Strumigenys finator,Strumigenys finator Fisher,,SPECIES,,worker,Paratype,Antsiranana,"12.2 km WSW Befingotra, Rés. Anjanaharibe-Sud",-14.75,49.43333,1985.0,1994-11-25,Brian L. Fisher,Brian L. Fisher,https://www.antweb.org/images/casent0005537/casent0005537_p_1_high.jpg,casent0005537 profile view 1,April Nobile,Attribution-ShareAlike (BY-SA) Creative Commons License and GNU Free Documentation License (GFDL),"California Academy of Sciences, 2000-2007",GEODETIC_DATUM_ASSUMED_WGS84;CONTINENT_DERIVED_FROM_COORDINATES;COLLECTION_MATCH_NONE;INSTITUTION_MATCH_FUZZY,Strumigenys,1,data/images/Strumigenys/casent0005537_p.jpg,commons,train
865076574,CAS:ANTWEB:casent0005538,casent0005538,casent0005538,p,1320203,Strumigenys,myrmicinae,Strumigenys fronto,Strumigenys fronto Fisher,,SPECIES,,worker,Holotype,Mahajanga,Causse de Kelifely,-17.35,45.28333,,1974-11-20/1974-11-30,A. Peyrieras,Brian L. Fisher,https://www.antweb.org/images/casent0005538/casent0005538_p_1_high.jpg,casent0005538 profile view 1,April Nobile,Attribution-ShareAlike (BY-SA) Creative Commons License and GNU Free Documentation License (GFDL),"California Academy of Sciences, 2000-2007",GEODETIC_DATUM_ASSUMED_WGS84;CONTINENT_DERIVED_FROM_COORDINATES;COLLECTION_MATCH_NONE;INSTITUTION_MATCH_FUZZY,Strumigenys,1,data/images/Strumigenys/casent0005538_p.jpg,commons,train
865076590,CAS:ANTWEB:casent0005539,casent0005539,casent0005539,p,1320203,Strumigenys,myrmicinae,Strumigenys fronto,Strumigenys fronto Fisher,,SPECIES,,worker,Paratype,Mahajanga,Causse de Kelifely,-17.35,45.28333,,1974-11-20/1974-11-30,A. Peyrieras,Brian L. Fisher,https://www.antweb.org/images/casent0005539/casent0005539_p_1_high.jpg,casent0005539 profile view 1,April Nobile,Attribution-ShareAlike (BY-SA) Creative Commons License and GNU Free Documentation License (GFDL),"California Academy of Sciences, 2000-2007",GEODETIC_DATUM_ASSUMED_WGS84;CONTINENT_DERIVED_FROM_COORDINATES;COLLECTION_MATCH_NONE;INSTITUTION_MATCH_FUZZY,Strumigenys,1,data/images/Strumigenys/casent0005539_p.jpg,commons,train
865076579,CAS:ANTWEB:casent0005540,casent0005540,casent0005540,p,1320203,Strumigenys,myrmicinae,Strumigenys fronto,Strumigenys fronto Fisher,,SPECIES,,worker,Paratype,Mahajanga,Causse de Kelifely,-17.35,45.28333,,1974-11-20/1974-11-30,A. Peyrieras,Brian L. Fisher,https://www.antweb.org/images/casent0005540/casent0005540_p_1_high.jpg,casent0005540 profile view 1,April Nobile,Attribution-ShareAlike (BY-SA) Creative Commons License and GNU Free Documentation License (GFDL),"California Academy of Sciences, 2000-2007",GEODETIC_DATUM_ASSUMED_WGS84;CONTINENT_DERIVED_FROM_COORDINATES;COLLECTION_MATCH_NONE;INSTITUTION_MATCH_FUZZY,Strumigenys,1,data/images/Strumigenys/casent0005540_p.jpg,commons,test
865076582,CAS:ANTWEB:casent0005541,casent0005541,casent0005541,p,1320203,Strumigenys,myrmicinae,Strumigenys fronto,Strumigenys fronto Fisher,,SPECIES,,worker,Paratype,Mahajanga,Causse de Kelifely,-17.35,45.28333,,1974-11-20/1974-11-30,A. Peyrieras,Brian L. Fisher,https://www.antweb.org/images/casent0005541/casent0005541_p_1_high.jpg,casent0005541 profile view 1,April Nobile,Attribution-ShareAlike (BY-SA) Creative Commons License and GNU Free Documentation License (GFDL),"California Academy of Sciences, 2000-2007",GEODETIC_DATUM_ASSUMED_WGS84;CONTINENT_DERIVED_FROM_COORDINATES;COLLECTION_MATCH_NONE;INSTITUTION_MATCH_FUZZY,Strumigenys,1,data/images/Strumigenys/casent0005541_p.jpg,commons,train
865076607,CAS:ANTWEB:casent0005542,casent0005542,casent0005542,p,1320203,Strumigenys,myrmicinae,Strumigenys glycon,Strumigenys glycon Fisher,,SPECIES,,worker,Paratype,Toamasina,"6.9 km NE Ambanizana, Ambohitsitondroina",-15.58506,50.00952,825.0,1993-12-02,Brian L. Fisher,Brian L. Fisher,https://www.antweb.org/images/casent0005542/casent0005542_p_1_high.jpg,casent0005542 profile view 1,April Nobile,Attribution-ShareAlike (BY-SA) Creative Commons License and GNU Free Documentation License (GFDL),"California Academy of Sciences, 2000-2007",GEODETIC_DATUM_ASSUMED_WGS84;CONTINENT_DERIVED_FROM_COORDINATES;COLLECTION_MATCH_NONE;INSTITUTION_MATCH_FUZZY,Strumigenys,1,data/images/Strumigenys/casent0005542_p.jpg,commons,test
865076599,CAS:ANTWEB:casent0005543,casent0005543,casent0005543,p,1320203,Strumigenys,myrmicinae,Strumigenys glycon,Strumigenys glycon Fisher,,SPECIES,,worker,Paratype,Toamasina,"6.9 km NE Ambanizana, Ambohitsitondroina",-15.58506,50.00952,825.0,1993-12-02,Brian L. Fisher,Brian L. Fisher,https://www.antweb.org/images/casent0005543/casent0005543_p_1_high.jpg,casent0005543 profile view 1,April Nobile,Attribution-ShareAlike (BY-SA) Creative Commons License and GNU Free Documentation License (GFDL),"California Academy of Sciences, 2000-2007",GEODETIC_DATUM_ASSUMED_WGS84;CONTINENT_DERIVED_FROM_COORDINATES;COLLECTION_MATCH_NONE;INSTITUTION_MATCH_FUZZY,Strumigenys,1,data/images/Strumigenys/casent0005543_p.jpg,commons,train
865076592,CAS:ANTWEB:casent0005544,casent0005544,casent0005544,p,1320203,Strumigenys,myrmicinae,Strumigenys glycon,Strumigenys glycon Fisher,,SPECIES,,worker,Holotype,Toamasina,"6.9 km NE Ambanizana, Ambohitsitondroina",-15.58506,50.00952,825.0,1993-12-02,Brian L. Fisher,Brian L. Fisher,https://www.antweb.org/images/casent0005544/casent0005544_p_1_high.jpg,casent0005544 profile view 1,April Nobile,Attribution-ShareAlike (BY-SA) Creative Commons License and GNU Free Documentation License (GFDL),"California Academy of Sciences, 2000-2007",GEODETIC_DATUM_ASSUMED_WGS84;CONTINENT_DERIVED_FROM_COORDINATES;COLLECTION_MATCH_NONE;INSTITUTION_MATCH_FUZZY,Strumigenys,1,data/images/Strumigenys/casent0005544_p.jpg,commons,test
865076595,CAS:ANTWEB:casent0005546,casent0005546,casent0005546,p,1320203,Strumigenys,myrmicinae,Strumigenys diux,Strumigenys diux Fisher,,SPECIES,,worker,Holotype,Toamasina,"6.9 km NE Ambanizana, Ambohitsitondroina",-15.58506,50.00952,825.0,1993-12-02,Brian L. Fisher,D. Booher,https://www.antweb.org/images/casent0005546/casent0005546_p_1_high.jpg,casent0005546 profile view 1,April Nobile,Attribution-ShareAlike (BY-SA) Creative Commons License and GNU Free Documentation License (GFDL),"California Academy of Sciences, 2000-2007",GEODETIC_DATUM_ASSUMED_WGS84;CONTINENT_DERIVED_FROM_COORDINATES;COLLECTION_MATCH_NONE;INSTITUTION_MATCH_FUZZY,Strumigenys,1,data/images/Strumigenys/casent0005546_p.jpg,commons,train
865076601,CAS:ANTWEB:casent0005549,casent0005549,casent0005549,p,1320203,Strumigenys,myrmicinae,Strumigenys gorgon,Strumigenys gorgon Fisher,,SPECIES,,worker,Paratype,Toamasina,"6.9 km NE Ambanizana, Ambohitsitondroina",-15.58506,50.00952,825.0,1993-12-02,Brian L. Fisher,Brian L. Fisher,https://www.antweb.org/images/casent0005549/casent0005549_p_1_high.jpg,casent0005549 profile view 1,April Nobile,Attribution-ShareAlike (BY-SA) Creative Commons License and GNU Free Documentation License (GFDL),"California Academy of Sciences, 2000-2007",GEODETIC_DATUM_ASSUMED_WGS84;CONTINENT_DERIVED_FROM_COORDINATES;COLLECTION_MATCH_NONE;INSTITUTION_MATCH_FUZZY,Strumigenys,1,data/images/Strumigenys/casent0005549_p.jpg,commons,train
865076611,CAS:ANTWEB:casent0005551,casent0005551,casent0005551,p,1320203,Strumigenys,myrmicinae,Strumigenys heliani,Strumigenys heliani Fisher,,SPECIES,,worker,Holotype,Toamasina,F.C. Sandranantitra,-18.04833,49.09167,450.0,1999-01-18/1999-01-21,H.J. Ratsirarson,,https://www.antweb.org/images/casent0005551/casent0005551_p_1_high.jpg,casent0005551 profile view 1,April Nobile,Attribution-ShareAlike (BY-SA) Creative Commons License and GNU Free Documentation License (GFDL),"California Academy of Sciences, 2000-2007",GEODETIC_DATUM_ASSUMED_WGS84;CONTINENT_DERIVED_FROM_COORDINATES;COLLECTION_MATCH_NONE;INSTITUTION_MATCH_FUZZY,Strumigenys,1,data/images/Strumigenys/casent0005551_p.jpg,commons,train
865076633,CAS:ANTWEB:casent0005552,casent0005552,casent0005552,p,1320203,Strumigenys,myrmicinae,Strumigenys hilaris,Strumigenys hilaris Fisher,,SPECIES,,worker,Holotype,Antsiranana,Marojejy R.N.I. #12,-14.44533,49.78564,375.0,1993-11-18,Gary D. Alpert,Brian L. Fisher,https://www.antweb.org/images/casent0005552/casent0005552_p_1_high.jpg,casent0005552 profile view 1,April Nobile,Attribution-ShareAlike (BY-SA) Creative Commons License and GNU Free Documentation License (GFDL),"California Academy of Sciences, 2000-2007",GEODETIC_DATUM_ASSUMED_WGS84;CONTINENT_DERIVED_FROM_COORDINATES;COLLECTION_MATCH_NONE;INSTITUTION_MATCH_FUZZY,Strumigenys,1,data/images/Strumigenys/casent0005552_p.jpg,commons,train
865076658,CAS:ANTWEB:casent0005553,casent0005553,casent0005553,p,1320203,Strumigenys,myrmicinae,Strumigenys hilaris,Strumigenys hilaris Fisher,,SPECIES,,worker,Paratype,Antsiranana,Marojejy R.N.I. #12,-14.44533,49.78564,375.0,1993-11-20,Gary D. Alpert,Brian L. Fisher,https://www.antweb.org/images/casent0005553/casent0005553_p_1_high.jpg,casent0005553 profile view 1,April Nobile,Attribution-ShareAlike (BY-SA) Creative Commons License and GNU Free Documentation License (GFDL),"California Academy of Sciences, 2000-2007",GEODETIC_DATUM_ASSUMED_WGS84;CONTINENT_DERIVED_FROM_COORDINATES;COLLECTION_MATCH_NONE;INSTITUTION_MATCH_FUZZY,Strumigenys,1,data/images/Strumigenys/casent0005553_p.jpg,commons,train
865076732,CAS:ANTWEB:casent0005556,casent0005556,casent0005556,p,1320203,Strumigenys,myrmicinae,Strumigenys inatos,Strumigenys inatos Fisher,,SPECIES,,worker,Paratype,Antsiranana,"9.2 km WSW Befingotra, Rés. Anjanaharibe-Sud",-14.75,49.46667,1200.0,1994-11-09,Brian L. Fisher,Brian L. Fisher,https://www.antweb.org/images/casent0005556/casent0005556_p_1_high.jpg,casent0005556 profile view 1,April Nobile,Attribution-ShareAlike (BY-SA) Creative Commons License and GNU Free Documentation License (GFDL),"California Academy of Sciences, 2000-2007",GEODETIC_DATUM_ASSUMED_WGS84;CONTINENT_DERIVED_FROM_COORDINATES;COLLECTION_MATCH_NONE;INSTITUTION_MATCH_FUZZY,Strumigenys,1,data/images/Strumigenys/casent0005556_p.jpg,commons,test
865076614,CAS:ANTWEB:casent0005557,casent0005557,casent0005557,p,1320203,Strumigenys,myrmicinae,Strumigenys inatos,Strumigenys inatos Fisher,,SPECIES,,worker,Paratype,Antsiranana,"9.2 km WSW Befingotra, Rés. Anjanaharibe-Sud",-14.75,49.46667,1200.0,1994-11-09,Brian L. Fisher,Brian L. Fisher,https://www.antweb.org/images/casent0005557/casent0005557_p_1_high.jpg,casent0005557 profile view 1,April Nobile,Attribution-ShareAlike (BY-SA) Creative Commons License and GNU Free Documentation License (GFDL),"California Academy of Sciences, 2000-2007",GEODETIC_DATUM_ASSUMED_WGS84;CONTINENT_DERIVED_FROM_COORDINATES;COLLECTION_MATCH_NONE;INSTITUTION_MATCH_FUZZY,Strumigenys,1,data/images/Strumigenys/casent0005557_p.jpg,commons,test
865076639,CAS:ANTWEB:casent0005558,casent0005558,casent0005558,p,1320203,Strumigenys,myrmicinae,Strumigenys inatos,Strumigenys inatos Fisher,,SPECIES,,worker,Paratype,Antsiranana,"9.2 km WSW Befingotra, Rés. Anjanaharibe-Sud",-14.75,49.46667,1200.0,1994-11-09,Brian L. Fisher,Brian L. Fisher,https://www.antweb.org/images/casent0005558/casent0005558_p_1_high.jpg,casent0005558 profile view 1,April Nobile,Attribution-ShareAlike (BY-SA) Creative Commons License and GNU Free Documentation License (GFDL),"California Academy of Sciences, 2000-2007",GEODETIC_DATUM_ASSUMED_WGS84;CONTINENT_DERIVED_FROM_COORDINATES;COLLECTION_MATCH_NONE;INSTITUTION_MATCH_FUZZY,Strumigenys,1,data/images/Strumigenys/casent0005558_p.jpg,commons,test
865076663,CAS:ANTWEB:casent0005559,casent0005559,casent0005559,p,1320203,Strumigenys,myrmicinae,Strumigenys inatos,Strumigenys inatos Fisher,,SPECIES,,worker,Holotype,Antsiranana,"9.2 km WSW Befingotra, Rés. Anjanaharibe-Sud",-14.75,49.46667,1200.0,1994-11-09,Brian L. Fisher,Brian L. Fisher,https://www.antweb.org/images/casent0005559/casent0005559_p_1_high.jpg,casent0005559 profile view 1,April Nobile,Attribution-ShareAlike (BY-SA) Creative Commons License and GNU Free Documentation License (GFDL),"California Academy of Sciences, 2000-2007",GEODETIC_DATUM_ASSUMED_WGS84;CONTINENT_DERIVED_FROM_COORDINATES;COLLECTION_MATCH_NONE;INSTITUTION_MATCH_FUZZY,Strumigenys,1,data/images/Strumigenys/casent0005559_p.jpg,commons,test
865076688,CAS:ANTWEB:casent0005560,casent0005560,casent0005560,p,1320203,Strumigenys,myrmicinae,Strumigenys ipsea,Strumigenys ipsea Fisher,,SPECIES,,worker,Paratype,Antsiranana,Marojejy Mnt.,-14.45,49.21667,2060.0,1972-11-29,A. Peyrieras,Brian L. Fisher,https://www.antweb.org/images/casent0005560/casent0005560_p_1_high.jpg,casent0005560 profile view 1,April Nobile,Attribution-ShareAlike (BY-SA) Creative Commons License and GNU Free Documentation License (GFDL),"California Academy of Sciences, 2000-2007",GEODETIC_DATUM_ASSUMED_WGS84;CONTINENT_DERIVED_FROM_COORDINATES;COLLECTION_MATCH_NONE;INSTITUTION_MATCH_FUZZY,Strumigenys,1,data/images/Strumigenys/casent0005560_p.jpg,commons,train
865076714,CAS:ANTWEB:casent0005561,casent0005561,casent0005561,p,1320203,Strumigenys,myrmicinae,Strumigenys ipsea,Strumigenys ipsea Fisher,,SPECIES,,worker,Paratype,Antsiranana,Marojejy Mnt.,-14.45,49.21667,2060.0,1972-11-29,A. Peyrieras,Brian L. Fisher,https://www.antweb.org/images/casent0005561/casent0005561_p_1_high.jpg,casent0005561 profile view 1,April Nobile,Attribution-ShareAlike (BY-SA) Creative Commons License and GNU Free Documentation License (GFDL),"California Academy of Sciences, 2000-2007",GEODETIC_DATUM_ASSUMED_WGS84;CONTINENT_DERIVED_FROM_COORDINATES;COLLECTION_MATCH_NONE;INSTITUTION_MATCH_FUZZY,Strumigenys,1,data/images/Strumigenys/casent0005561_p.jpg,commons,train
865076739,CAS:ANTWEB:casent0005562,casent0005562,casent0005562,p,1320203,Strumigenys,myrmicinae,Strumigenys ipsea,Strumigenys ipsea Fisher,,SPECIES,,worker,Paratype,Antsiranana,Marojejy Mnt.,-14.45,49.21667,2060.0,1972-11-29,A. Peyrieras,Brian L. Fisher,https://www.antweb.org/images/casent0005562/casent0005562_p_1_high.jpg,casent0005562 profile view 1,April Nobile,Attribution-ShareAlike (BY-SA) Creative Commons License and GNU Free Documentation License (GFDL),"California Academy of Sciences, 2000-2007",GEODETIC_DATUM_ASSUMED_WGS84;CONTINENT_DERIVED_FROM_COORDINATES;COLLECTION_MATCH_NONE;INSTITUTION_MATCH_FUZZY,Strumigenys,1,data/images/Strumigenys/casent0005562_p.jpg,commons,train
865076761,CAS:ANTWEB:casent0005563,casent0005563,casent0005563,p,1320203,Strumigenys,myrmicinae,Strumigenys ipsea,Strumigenys ipsea Fisher,,SPECIES,,worker,Holotype,Antsiranana,Marojejy Mnt.,-14.45,49.21667,2060.0,1972-11-29,A. Peyrieras,Brian L. Fisher,https://www.antweb.org/images/casent0005563/casent0005563_p_1_high.jpg,casent0005563 profile view 1,April Nobile,Attribution-ShareAlike (BY-SA) Creative Commons License and GNU Free Documentation License (GFDL),"California Academy of Sciences, 2000-2007",GEODETIC_DATUM_ASSUMED_WGS84;CONTINENT_DERIVED_FROM_COORDINATES;COLLECTION_MATCH_NONE;INSTITUTION_MATCH_FUZZY,Strumigenys,1,data/images/Strumigenys/casent0005563_p.jpg,commons,test
865076793,CAS:ANTWEB:casent0005564,casent0005564,casent0005564,p,1320203,Strumigenys,myrmicinae,Strumigenys labaris,Strumigenys labaris Fisher,,SPECIES,,worker,Holotype,Antsiranana,"11.0 km WSW Befingotra, Rés. Anjanaharibe-Sud",-14.75,49.45,1565.0,1994-11-16,Brian L. Fisher,Brian L. Fisher,https://www.antweb.org/images/casent0005564/casent0005564_p_1_high.jpg,casent0005564 profile view 1,April Nobile,Attribution-ShareAlike (BY-SA) Creative Commons License and GNU Free Documentation License (GFDL),"California Academy of Sciences, 2000-2008",GEODETIC_DATUM_ASSUMED_WGS84;CONTINENT_DERIVED_FROM_COORDINATES;COLLECTION_MATCH_NONE;INSTITUTION_MATCH_FUZZY,Strumigenys,1,data/images/Strumigenys/casent0005564_p.jpg,commons,test
865076819,CAS:ANTWEB:casent0005565,casent0005565,casent0005565,p,1320203,Strumigenys,myrmicinae,Strumigenys labaris,Strumigenys labaris Fisher,,SPECIES,,worker,Paratype,Antsiranana,"11.0 km WSW Befingotra, Rés. Anjanaharibe-Sud",-14.75,49.45,1565.0,1994-11-16,Brian L. Fisher,Brian L. Fisher,https://www.antweb.org/images/casent0005565/casent0005565_p_1_high.jpg,casent0005565 profile view 1,April Nobile,Attribution-ShareAlike (BY-SA) Creative Commons License and GNU Free Documentation License (GFDL),"California Academy of Sciences, 2000-2007",GEODETIC_DATUM_ASSUMED_WGS84;CONTINENT_DERIVED_FROM_COORDINATES;COLLECTION_MATCH_NONE;INSTITUTION_MATCH_FUZZY,Strumigenys,1,data/images/Strumigenys/casent0005565_p.jpg,commons,train
865076597,CAS:ANTWEB:casent0005566,casent0005566,casent0005566,p,1320203,Strumigenys,myrmicinae,Strumigenys langrandi,Strumigenys langrandi Fisher,,SPECIES,,worker,Holotype,Antananarivo,Stn. Forestiére Manjakatompo,-19.35,47.31667,1600.0,1993-02-20,P.S. Ward,Brian L. Fisher,https://www.antweb.org/images/casent0005566/casent0005566_p_1_high.jpg,casent0005566 profile view 1,April Nobile,Attribution-ShareAlike (BY-SA) Creative Commons License and GNU Free Documentation License (GFDL),"California Academy of Sciences, 2000-2007",GEODETIC_DATUM_ASSUMED_WGS84;CONTINENT_DERIVED_FROM_COORDINATES;COLLECTION_MATCH_NONE;INSTITUTION_MATCH_FUZZY,Strumigenys,1,data/images/Strumigenys/casent0005566_p.jpg,commons,test
865076647,CAS:ANTWEB:casent0005568,casent0005568,casent0005568,p,1320203,Strumigenys,myrmicinae,Strumigenys langrandi,Strumigenys langrandi Fisher,,SPECIES,,worker,Paratype,Antananarivo,Stn. Forestiére Manjakatompo,-19.35,47.31667,1600.0,1993-02-20,P.S. Ward,Brian L. Fisher,https://www.antweb.org/images/casent0005568/casent0005568_p_1_high.jpg,casent0005568 profile view 1,April Nobile,Attribution-ShareAlike (BY-SA) Creative Commons License and GNU Free Documentation License (GFDL),"California Academy of Sciences, 2000-2007",GEODETIC_DATUM_ASSUMED_WGS84;CONTINENT_DERIVED_FROM_COORDINATES;COLLECTION_MATCH_NONE;INSTITUTION_MATCH_FUZZY,Strumigenys,1,data/images/Strumigenys/casent0005568_p.jpg,commons,train
865076679,CAS:ANTWEB:casent0005569,casent0005569,casent0005569,p,1320203,Strumigenys,myrmicinae,Strumigenys levana,Strumigenys levana Fisher,,SPECIES,,worker,,Toamasina,F.C. Sandranantitra,-18.04833,49.09167,450.0,1999-01-18/1999-01-21,H.J. Ratsirarson,,https://www.antweb.org/images/casent0005569/casent0005569_p_1_high.jpg,casent0005569 profile view 1,April Nobile,Attribution-ShareAlike (BY-SA) Creative Commons License and GNU Free Documentation License (GFDL),"California Academy of Sciences, 2000-2008",GEODETIC_DATUM_ASSUMED_WGS84;CONTINENT_DERIVED_FROM_COORDINATES;COLLECTION_MATCH_NONE;INSTITUTION_MATCH_FUZZY,Strumigenys,1,data/images/Strumigenys/casent0005569_p.jpg,commons,train
865076703,CAS:ANTWEB:casent0005570,casent0005570,casent0005570,p,1320203,Strumigenys,myrmicinae,Strumigenys levana,Strumigenys levana Fisher,,SPECIES,,worker,Holotype,Toamasina,F.C. Sandranantitra,-18.04833,49.09167,450.0,1999-01-21/1999-01-24,H.J. Ratsirarson,,https://www.antweb.org/images/casent0005570/casent0005570_p_1_high.jpg,casent0005570 profile view 1,April Nobile,Attribution-ShareAlike (BY-SA) Creative Commons License and GNU Free Documentation License (GFDL),"California Academy of Sciences, 2000-2007",GEODETIC_DATUM_ASSUMED_WGS84;CONTINENT_DERIVED_FROM_COORDINATES;COLLECTION_MATCH_NONE;INSTITUTION_MATCH_FUZZY,Strumigenys,1,data/images/Strumigenys/casent0005570_p.jpg,commons,train
865076728,CAS:ANTWEB:casent0005571,casent0005571,casent0005571,p,1320203,Strumigenys,myrmicinae,Strumigenys levana,Strumigenys levana Fisher,,SPECIES,,worker,,Toamasina,F.C. Sandranantitra,-18.04833,49.09167,450.0,1999-01-18/1999-01-21,H.J. Ratsirarson,,https://www.antweb.org/images/casent0005571/casent0005571_p_1_high.jpg,casent0005571 profile view 1,April Nobile,Attribution-ShareAlike (BY-SA) Creative Commons License and GNU Free Documentation License (GFDL),"California Academy of Sciences, 2000-2007",GEODETIC_DATUM_ASSUMED_WGS84;CONTINENT_DERIVED_FROM_COORDINATES;COLLECTION_MATCH_NONE;INSTITUTION_MATCH_FUZZY,Strumigenys,1,data/images/Strumigenys/casent0005571_p.jpg,commons,test
865076753,CAS:ANTWEB:casent0005572,casent0005572,casent0005572,p,1320203,Strumigenys,myrmicinae,Strumigenys levana,Strumigenys levana Fisher,,SPECIES,,worker,,Toamasina,F.C. Sandranantitra,-18.04833,49.09167,450.0,1999-01-18/1999-01-21,H.J. Ratsirarson,,https://www.antweb.org/images/casent0005572/casent0005572_p_1_high.jpg,casent0005572 profile view 1,April Nobile,Attribution-ShareAlike (BY-SA) Creative Commons License and GNU Free Documentation License (GFDL),"California Academy of Sciences, 2000-2007",GEODETIC_DATUM_ASSUMED_WGS84;CONTINENT_DERIVED_FROM_COORDINATES;COLLECTION_MATCH_NONE;INSTITUTION_MATCH_FUZZY,Strumigenys,1,data/images/Strumigenys/casent0005572_p.jpg,commons,train
865076777,CAS:ANTWEB:casent0005573,casent0005573,casent0005573,p,1320203,Strumigenys,myrmicinae,Strumigenys lexex,Strumigenys lexex Fisher,,SPECIES,,worker,Paratype,Toamasina,"6.9 km NE Ambanizana, Ambohitsitondroina",-15.58506,50.00952,825.0,1993-12-02,Brian L. Fisher,Brian L. Fisher,https://www.antweb.org/images/casent0005573/casent0005573_p_1_high.jpg,casent0005573 profile view 1,April Nobile,Attribution-ShareAlike (BY-SA) Creative Commons License and GNU Free Documentation License (GFDL),"California Academy of Sciences, 2000-2007",GEODETIC_DATUM_ASSUMED_WGS84;CONTINENT_DERIVED_FROM_COORDINATES;COLLECTION_MATCH_NONE;INSTITUTION_MATCH_FUZZY,Strumigenys,1,data/images/Strumigenys/casent0005573_p.jpg,commons,train
865076803,CAS:ANTWEB:casent0005574,casent0005574,casent0005574,p,1320203,Strumigenys,myrmicinae,Strumigenys lexex,Strumigenys lexex Fisher,,SPECIES,,worker,Paratype,Toamasina,"6.9 km NE Ambanizana, Ambohitsitondroina",-15.58506,50.00952,825.0,1993-12-02,Brian L. Fisher,Brian L. Fisher,https://www.antweb.org/images/casent0005574/casent0005574_p_1_high.jpg,casent0005574 profile view 1,April Nobile,Attribution-ShareAlike (BY-SA) Creative Commons License and GNU Free Documentation License (GFDL),"California Academy of Sciences, 2000-2007",GEODETIC_DATUM_ASSUMED_WGS84;CONTINENT_DERIVED_FROM_COORDINATES;COLLECTION_MATCH_NONE;INSTITUTION_MATCH_FUZZY,Strumigenys,1,data/images/Strumigenys/casent0005574_p.jpg,commons,train
865076586,CAS:ANTWEB:casent0005575,casent0005575,casent0005575,p,1320203,Strumigenys,myrmicinae,Strumigenys lexex,Strumigenys lexex Fisher,,SPECIES,,worker,Paratype,Toamasina,"6.9 km NE Ambanizana, Ambohitsitondroina",-15.58506,50.00952,825.0,1993-12-02,Brian L. Fisher,Brian L. Fisher,https://www.antweb.org/images/casent0005575/casent0005575_p_1_high.jpg,casent0005575 profile view 1,April Nobile,Attribution-ShareAlike (BY-SA) Creative Commons License and GNU Free Documentation License (GFDL),"California Academy of Sciences, 2000-2007",GEODETIC_DATUM_ASSUMED_WGS84;CONTINENT_DERIVED_FROM_COORDINATES;COLLECTION_MATCH_NONE;INSTITUTION_MATCH_FUZZY,Strumigenys,1,data/images/Strumigenys/casent0005575_p.jpg,commons,test
865076613,CAS:ANTWEB:casent0005576,casent0005576,casent0005576,p,1320203,Strumigenys,myrmicinae,Strumigenys lexex,Strumigenys lexex Fisher,,SPECIES,,worker,Holotype,Toamasina,"6.9 km NE Ambanizana, Ambohitsitondroina",-15.58506,50.00952,825.0,1993-12-02,Brian L. Fisher,Brian L. Fisher,https://www.antweb.org/images/casent0005576/casent0005576_p_1_high.jpg,casent0005576 profile view 1,April Nobile,Attribution-ShareAlike (BY-SA) Creative Commons License and GNU Free Documentation License (GFDL),"California Academy of Sciences, 2000-2007",GEODETIC_DATUM_ASSUMED_WGS84;CONTINENT_DERIVED_FROM_COORDINATES;COLLECTION_MATCH_NONE;INSTITUTION_MATCH_FUZZY,Strumigenys,1,data/images/Strumigenys/casent0005576_p.jpg,commons,train
865076637,CAS:ANTWEB:casent0005577,casent0005577,casent0005577,p,1320203,Strumigenys,myrmicinae,Strumigenys livens,Strumigenys livens,,SPECIES,,worker,Paratype,Fianarantsoa,"40 km S Ambalavao, Rés. Andringitra",-22.21667,46.96667,1275.0,1993-10-15,Brian L. Fisher,Brian L. Fisher,https://www.antweb.org/images/casent0005577/casent0005577_p_1_high.jpg,casent0005577 profile view 1,April Nobile,Attribution-ShareAlike (BY-SA) Creative Commons License and GNU Free Documentation License (GFDL),"California Academy of Sciences, 2000-2007",GEODETIC_DATUM_ASSUMED_WGS84;CONTINENT_DERIVED_FROM_COORDINATES;COLLECTION_MATCH_NONE;INSTITUTION_MATCH_FUZZY,Strumigenys,1,data/images/Strumigenys/casent0005577_p.jpg,commons,train
865076661,CAS:ANTWEB:casent0005578,casent0005578,casent0005578,p,1320203,Strumigenys,myrmicinae,Strumigenys livens,Strumigenys livens,,SPECIES,,worker,Paratype,Fianarantsoa,"40 km S Ambalavao, Rés. Andringitra",-22.21667,46.96667,1275.0,1993-10-15,Brian L. Fisher,Brian L. Fisher,https://www.antweb.org/images/casent0005578/casent0005578_p_1_high.jpg,casent0005578 profile view 1,April Nobile,Attribution-ShareAlike (BY-SA) Creative Commons License and GNU Free Documentation License (GFDL),"California Academy of Sciences, 2000-2007",GEODETIC_DATUM_ASSUMED_WGS84;CONTINENT_DERIVED_FROM_COORDINATES;COLLECTION_MATCH_NONE;INSTITUTION_MATCH_FUZZY,Strumigenys,1,data/images/Strumigenys/casent0005578_p.jpg,commons,test
865076687,CAS:ANTWEB:casent0005579,casent0005579,casent0005579,p,1320203,Strumigenys,myrmicinae,Strumigenys livens,Strumigenys livens,,SPECIES,,worker,Holotype,Fianarantsoa,"40 km S Ambalavao, Rés. Andringitra",-22.21667,46.96667,1275.0,1993-10-15,Brian L. Fisher,Brian L. Fisher,https://www.antweb.org/images/casent0005579/casent0005579_p_1_high.jpg,casent0005579 profile view 1,April Nobile,Attribution-ShareAlike (BY-SA) Creative Commons License and GNU Free Documentation License (GFDL),"California Academy of Sciences, 2000-2007",GEODETIC_DATUM_ASSUMED_WGS84;CONTINENT_DERIVED_FROM_COORDINATES;COLLECTION_MATCH_NONE;INSTITUTION_MATCH_FUZZY,Strumigenys,1,data/images/Strumigenys/casent0005579_p.jpg,commons,train
865076712,CAS:ANTWEB:casent0005580,casent0005580,casent0005580,p,1320203,Strumigenys,myrmicinae,Strumigenys livens,Strumigenys livens,,SPECIES,,worker,Paratype,Fianarantsoa,"40 km S Ambalavao, Rés. Andringitra",-22.21667,46.96667,1275.0,1993-10-15,Brian L. Fisher,Brian L. Fisher,https://www.antweb.org/images/casent0005580/casent0005580_p_1_high.jpg,casent0005580 profile view 1,April Nobile,Attribution-ShareAlike (BY-SA) Creative Commons License and GNU Free Documentation License (GFDL),"California Academy of Sciences, 2000-2007",GEODETIC_DATUM_ASSUMED_WGS84;CONTINENT_DERIVED_FROM_COORDINATES;COLLECTION_MATCH_NONE;INSTITUTION_MATCH_FUZZY,Strumigenys,1,data/images/Strumigenys/casent0005580_p.jpg,commons,test
865076736,CAS:ANTWEB:casent0005581,casent0005581,casent0005581,p,1320203,Strumigenys,myrmicinae,Strumigenys luca,Strumigenys luca Fisher,,SPECIES,,worker,Paratype,Toliara,"southern Isoky-Vohimena Forest, 59 km NE Sakaraha",-22.46667,44.85,730.0,1996-01-21,Brian L. Fisher,Brian L. Fisher,https://www.antweb.org/images/casent0005581/casent0005581_p_1_high.jpg,casent0005581 profile view 1,April Nobile,Attribution-ShareAlike (BY-SA) Creative Commons License and GNU Free Documentation License (GFDL),"California Academy of Sciences, 2000-2007",GEODETIC_DATUM_ASSUMED_WGS84;CONTINENT_DERIVED_FROM_COORDINATES;COLLECTION_MATCH_NONE;INSTITUTION_MATCH_FUZZY,Strumigenys,1,data/images/Strumigenys/casent0005581_p.jpg,gbif_cache,train
865076763,CAS:ANTWEB:casent0005582,casent0005582,casent0005582,p,1320203,Strumigenys,myrmicinae,Strumigenys luca,Strumigenys luca Fisher,,SPECIES,,worker,Paratype,Toliara,"southern Isoky-Vohimena Forest, 59 km NE Sakaraha",-22.46667,44.85,730.0,1996-01-21,Brian L. Fisher,Brian L. Fisher,https://www.antweb.org/images/casent0005582/casent0005582_p_1_high.jpg,casent0005582 profile view 1,April Nobile,Attribution-ShareAlike (BY-SA) Creative Commons License and GNU Free Documentation License (GFDL),"California Academy of Sciences, 2000-2007",GEODETIC_DATUM_ASSUMED_WGS84;CONTINENT_DERIVED_FROM_COORDINATES;COLLECTION_MATCH_NONE;INSTITUTION_MATCH_FUZZY,Strumigenys,1,data/images/Strumigenys/casent0005582_p.jpg,commons,train
865076788,CAS:ANTWEB:casent0005583,casent0005583,casent0005583,p,1320203,Strumigenys,myrmicinae,Strumigenys luca,Strumigenys luca Fisher,,SPECIES,,worker,Paratype,Toliara,"southern Isoky-Vohimena Forest, 59 km NE Sakaraha",-22.46667,44.85,730.0,1996-01-21,Brian L. Fisher,Brian L. Fisher,https://www.antweb.org/images/casent0005583/casent0005583_p_1_high.jpg,casent0005583 profile view 1,April Nobile,Attribution-ShareAlike (BY-SA) Creative Commons License and GNU Free Documentation License (GFDL),"California Academy of Sciences, 2000-2007",GEODETIC_DATUM_ASSUMED_WGS84;CONTINENT_DERIVED_FROM_COORDINATES;COLLECTION_MATCH_NONE;INSTITUTION_MATCH_FUZZY,Strumigenys,1,data/images/Strumigenys/casent0005583_p.jpg,commons,train
865076568,CAS:ANTWEB:casent0005584,casent0005584,casent0005584,p,1320203,Strumigenys,myrmicinae,Strumigenys luca,Strumigenys luca Fisher,,SPECIES,,worker,Holotype,Toliara,"southern Isoky-Vohimena Forest, 59 km NE Sakaraha",-22.46667,44.85,730.0,1996-01-21,Brian L. Fisher,Brian L. Fisher,https://www.antweb.org/images/casent0005584/casent0005584_p_1_high.jpg,casent0005584 profile view 1,April Nobile,Attribution-ShareAlike (BY-SA) Creative Commons License and GNU Free Documentation License (GFDL),"California Academy of Sciences, 2000-2007",GEODETIC_DATUM_ASSUMED_WGS84;CONTINENT_DERIVED_FROM_COORDINATES;COLLECTION_MATCH_NONE;INSTITUTION_MATCH_FUZZY,Strumigenys,1,data/images/Strumigenys/casent0005584_p.jpg,commons,train
865076596,CAS:ANTWEB:casent0005585,casent0005585,casent0005585,p,1320203,Strumigenys,myrmicinae,Strumigenys lucomo,Strumigenys lucomo Fisher,,SPECIES,,worker,Paratype,Toliara,"southern Isoky-Vohimena Forest, 59 km NE Sakaraha",-22.46667,44.85,730.0,1996-01-21,Brian L. Fisher,Brian L. Fisher,https://www.antweb.org/images/casent0005585/casent0005585_p_1_high.jpg,casent0005585 profile view 1,April Nobile,Attribution-ShareAlike (BY-SA) Creative Commons License and GNU Free Documentation License (GFDL),"California Academy of Sciences, 2000-2008",GEODETIC_DATUM_ASSUMED_WGS84;CONTINENT_DERIVED_FROM_COORDINATES;COLLECTION_MATCH_NONE;INSTITUTION_MATCH_FUZZY,Strumigenys,1,data/images/Strumigenys/casent0005585_p.jpg,commons,train
865076623,CAS:ANTWEB:casent0005586,casent0005586,casent0005586,p,1320203,Strumigenys,myrmicinae,Strumigenys lucomo,Strumigenys lucomo Fisher,,SPECIES,,worker,Paratype,Toliara,"southern Isoky-Vohimena Forest, 59 km NE Sakaraha",-22.46667,44.85,730.0,1996-01-21,Brian L. Fisher,Brian L. Fisher,https://www.antweb.org/images/casent0005586/casent0005586_p_1_high.jpg,casent0005586 profile view 1,April Nobile,Attribution-ShareAlike (BY-SA) Creative Commons License and GNU Free Documentation License (GFDL),"California Academy of Sciences, 2000-2007",GEODETIC_DATUM_ASSUMED_WGS84;CONTINENT_DERIVED_FROM_COORDINATES;COLLECTION_MATCH_NONE;INSTITUTION_MATCH_FUZZY,Strumigenys,1,data/images/Strumigenys/casent0005586_p.jpg,commons,test
865076645,CAS:ANTWEB:casent0005587,casent0005587,casent0005587,p,1320203,Strumigenys,myrmicinae,Strumigenys lucomo,Strumigenys lucomo Fisher,,SPECIES,,worker,Paratype,Toliara,"southern Isoky-Vohimena Forest, 59 km NE Sakaraha",-22.46667,44.85,730.0,1996-01-21,Brian L. Fisher,Brian L. Fisher,https://www.antweb.org/images/casent0005587/casent0005587_p_1_high.jpg,casent0005587 profile view 1,April Nobile,Attribution-ShareAlike (BY-SA) Creative Commons License and GNU Free Documentation License (GFDL),"California Academy of Sciences, 2000-2007",GEODETIC_DATUM_ASSUMED_WGS84;CONTINENT_DERIVED_FROM_COORDINATES;COLLECTION_MATCH_NONE;INSTITUTION_MATCH_FUZZY,Strumigenys,1,data/images/Strumigenys/casent0005587_p.jpg,commons,train
865076667,CAS:ANTWEB:casent0005588,casent0005588,casent0005588,p,1320203,Strumigenys,myrmicinae,Strumigenys lucomo,Strumigenys lucomo Fisher,,SPECIES,,worker,Holotype,Toliara,"southern Isoky-Vohimena Forest, 59 km NE Sakaraha",-22.46667,44.85,730.0,1996-01-21,Brian L. Fisher,Brian L. Fisher,https://www.antweb.org/images/casent0005588/casent0005588_p_1_high.jpg,casent0005588 profile view 1,April Nobile,Attribution-ShareAlike (BY-SA) Creative Commons License and GNU Free Documentation License (GFDL),"California Academy of Sciences, 2000-2007",GEODETIC_DATUM_ASSUMED_WGS84;CONTINENT_DERIVED_FROM_COORDINATES;COLLECTION_MATCH_NONE;INSTITUTION_MATCH_FUZZY,Strumigenys,1,data/images/Strumigenys/casent0005588_p.jpg,commons,test
865076691,CAS:ANTWEB:casent0005589,casent0005589,casent0005589,p,1320203,Strumigenys,myrmicinae,Strumigenys lura,Strumigenys lura Fisher,,SPECIES,,worker,Paratype,Toamasina,"5.3 km SSE Ambanizana, Andranobe",-15.67133,49.97395,425.0,1993-11-21,Brian L. Fisher,D. Booher,https://www.antweb.org/images/casent0005589/casent0005589_p_1_high.jpg,casent0005589 profile view 1,April Nobile,Attribution-ShareAlike (BY-SA) Creative Commons License and GNU Free Documentation License (GFDL),"California Academy of Sciences, 2000-2007",GEODETIC_DATUM_ASSUMED_WGS84;CONTINENT_DERIVED_FROM_COORDINATES;COLLECTION_MATCH_NONE;INSTITUTION_MATCH_FUZZY,Strumigenys,1,data/images/Strumigenys/casent0005589_p.jpg,commons,train
865076723,CAS:ANTWEB:casent0005590,casent0005590,casent0005590,p,1320203,Strumigenys,myrmicinae,Strumigenys lura,Strumigenys lura Fisher,,SPECIES,,worker,Paratype,Toamasina,"5.3 km SSE Ambanizana, Andranobe",-15.67133,49.97395,425.0,1993-11-21,Brian L. Fisher,D. Booher,https://www.antweb.org/images/casent0005590/casent0005590_p_1_high.jpg,casent0005590 profile view 1,April Nobile,Attribution-ShareAlike (BY-SA) Creative Commons License and GNU Free Documentation License (GFDL),"California Academy of Sciences, 2000-2007",GEODETIC_DATUM_ASSUMED_WGS84;CONTINENT_DERIVED_FROM_COORDINATES;COLLECTION_MATCH_NONE;INSTITUTION_MATCH_FUZZY,Strumigenys,1,data/images/Strumigenys/casent0005590_p.jpg,commons,train
865076747,CAS:ANTWEB:casent0005591,casent0005591,casent0005591,p,1320203,Strumigenys,myrmicinae,Strumigenys lura,Strumigenys lura Fisher,,SPECIES,,worker,Paratype,Toamasina,"5.3 km SSE Ambanizana, Andranobe",-15.67133,49.97395,425.0,1993-11-21,Brian L. Fisher,D. Booher,https://www.antweb.org/images/casent0005591/casent0005591_p_1_high.jpg,casent0005591 profile view 1,April Nobile,Attribution-ShareAlike (BY-SA) Creative Commons License and GNU Free Documentation License (GFDL),"California Academy of Sciences, 2000-2007",GEODETIC_DATUM_ASSUMED_WGS84;CONTINENT_DERIVED_FROM_COORDINATES;COLLECTION_MATCH_NONE;INSTITUTION_MATCH_FUZZY,Strumigenys,1,data/images/Strumigenys/casent0005591_p.jpg,commons,test
865076773,CAS:ANTWEB:casent0005592,casent0005592,casent0005592,p,1320203,Strumigenys,myrmicinae,Strumigenys lura,Strumigenys lura Fisher,,SPECIES,,worker,Holotype,Toamasina,"5.3 km SSE Ambanizana, Andranobe",-15.67133,49.97395,425.0,1993-11-21,Brian L. Fisher,D. Booher,https://www.antweb.org/images/casent0005592/casent0005592_p_1_high.jpg,casent0005592 profile view 1,April Nobile,Attribution-ShareAlike (BY-SA) Creative Commons License and GNU Free Documentation License (GFDL),"California Academy of Sciences, 2000-2007",GEODETIC_DATUM_ASSUMED_WGS84;CONTINENT_DERIVED_FROM_COORDINATES;COLLECTION_MATCH_NONE;INSTITUTION_MATCH_FUZZY,Strumigenys,1,data/images/Strumigenys/casent0005592_p.jpg,commons,train
865076801,CAS:ANTWEB:casent0005593,casent0005593,casent0005593,p,1320203,Strumigenys,myrmicinae,Strumigenys lutron,Strumigenys lutron Fisher,,SPECIES,,worker,Paratype,Toamasina,"S.F. Tampolo, 10 km NNE Fenoarivo Atn.",-17.2825,49.43,10.0,1997-04-10,Brian L. Fisher,,https://www.antweb.org/images/casent0005593/casent0005593_p_1_high.jpg,casent0005593 profile view 1,April Nobile,Attribution-ShareAlike (BY-SA) Creative Commons License and GNU Free Documentation License (GFDL),"California Academy of Sciences, 2000-2007",GEODETIC_DATUM_ASSUMED_WGS84;CONTINENT_DERIVED_FROM_COORDINATES;COLLECTION_MATCH_NONE;INSTITUTION_MATCH_FUZZY,Strumigenys,1,data/images/Strumigenys/casent0005593_p.jpg,commons,train
865076594,CAS:ANTWEB:casent0005594,casent0005594,casent0005594,p,1320203,Strumigenys,myrmicinae,Strumigenys lutron,Strumigenys lutron Fisher,,SPECIES,,worker,Paratype,Toamasina,"S.F. Tampolo, 10 km NNE Fenoarivo Atn.",-17.2825,49.43,10.0,1997-04-04,Brian L. Fisher,,https://www.antweb.org/images/casent0005594/casent0005594_p_1_high.jpg,casent0005594 profile view 1,April Nobile,Attribution-ShareAlike (BY-SA) Creative Commons License and GNU Free Documentation License (GFDL),"California Academy of Sciences, 2000-2007",GEODETIC_DATUM_ASSUMED_WGS84;CONTINENT_DERIVED_FROM_COORDINATES;COLLECTION_MATCH_NONE;INSTITUTION_MATCH_FUZZY,Strumigenys,1,data/images/Strumigenys/casent0005594_p.jpg,commons,test
865076619,CAS:ANTWEB:casent0005595,casent0005595,casent0005595,p,1320203,Strumigenys,myrmicinae,Strumigenys lutron,Strumigenys lutron Fisher,,SPECIES,,worker,Holotype,Toamasina,"S.F. Tampolo, 10 km NNE Fenoarivo Atn.",-17.2825,49.43,10.0,1997-04-04,Brian L. Fisher,,https://www.antweb.org/images/casent0005595/casent0005595_p_1_high.jpg,casent0005595 profile view 1,April Nobile,Attribution-ShareAlike (BY-SA) Creative Commons License and GNU Free Documentation License (GFDL),"California Academy of Sciences, 2000-2007",GEODETIC_DATUM_ASSUMED_WGS84;CONTINENT_DERIVED_FROM_COORDINATES;COLLECTION_MATCH_NONE;INSTITUTION_MATCH_FUZZY,Strumigenys,1,data/images/Strumigenys/casent0005595_p.jpg,commons,train
865076646,CAS:ANTWEB:casent0005596,casent0005596,casent0005596,p,1320203,Strumigenys,myrmicinae,Strumigenys lysis,Strumigenys lysis Fisher,,SPECIES,,worker,Paratype,Antsiranana,"6.5 km SSW Befingotra, Rés. Anjanaharibe-Sud",-14.75,49.5,875.0,1994-10-19,Brian L. Fisher,Brian L. Fisher,https://www.antweb.org/images/casent0005596/casent0005596_p_1_high.jpg,casent0005596 profile view 1,April Nobile,Attribution-ShareAlike (BY-SA) Creative Commons License and GNU Free Documentation License (GFDL),"California Academy of Sciences, 2000-2007",GEODETIC_DATUM_ASSUMED_WGS84;CONTINENT_DERIVED_FROM_COORDINATES;COLLECTION_MATCH_NONE;INSTITUTION_MATCH_FUZZY,Strumigenys,1,data/images/Strumigenys/casent0005596_p.jpg,commons,train
865076670,CAS:ANTWEB:casent0005597,casent0005597,casent0005597,p,1320203,Strumigenys,myrmicinae,Strumigenys lysis,Strumigenys lysis Fisher,,SPECIES,,worker,Holotype,Antsiranana,"6.5 km SSW Befingotra, Rés. Anjanaharibe-Sud",-14.75,49.5,875.0,1994-10-19,Brian L. Fisher,Brian L. Fisher,https://www.antweb.org/images/casent0005597/casent0005597_p_1_high.jpg,casent0005597 profile view 1,April Nobile,Attribution-ShareAlike (BY-SA) Creative Commons License and GNU Free Documentation License (GFDL),"California Academy of Sciences, 2000-2007",GEODETIC_DATUM_ASSUMED_WGS84;CONTINENT_DERIVED_FROM_COORDINATES;COLLECTION_MATCH_NONE;INSTITUTION_MATCH_FUZZY,Strumigenys,1,data/images/Strumigenys/casent0005597_p.jpg,commons,test
865076695,CAS:ANTWEB:casent0005598,casent0005598,casent0005598,p,1320203,Strumigenys,myrmicinae,Strumigenys lysis,Strumigenys lysis Fisher,,SPECIES,,worker,Paratype,Antsiranana,"6.5 km SSW Befingotra, Rés. Anjanaharibe-Sud",-14.75,49.5,875.0,1994-10-19,Brian L. Fisher,Brian L. Fisher,https://www.antweb.org/images/casent0005598/casent0005598_p_1_high.jpg,casent0005598 profile view 1,April Nobile,Attribution-ShareAlike (BY-SA) Creative Commons License and GNU Free Documentation License (GFDL),"California Academy of Sciences, 2000-2007",GEODETIC_DATUM_ASSUMED_WGS84;CONTINENT_DERIVED_FROM_COORDINATES;COLLECTION_MATCH_NONE;INSTITUTION_MATCH_FUZZY,Strumigenys,1,data/images/Strumigenys/casent0005598_p.jpg,commons,train
865076722,CAS:ANTWEB:casent0005599,casent0005599,casent0005599,p,1320203,Strumigenys,myrmicinae,Strumigenys lysis,Strumigenys lysis Fisher,,SPECIES,,worker,Paratype,Antsiranana,"6.5 km SSW Befingotra, Rés. Anjanaharibe-Sud",-14.75,49.5,875.0,1994-10-19,Brian L. Fisher,Brian L. Fisher,https://www.antweb.org/images/casent0005599/casent0005599_p_1_high.jpg,casent0005599 profile view 1,April Nobile,Attribution-ShareAlike (BY-SA) Creative Commons License and GNU Free Documentation License (GFDL),"California Academy of Sciences, 2000-2007",GEODETIC_DATUM_ASSUMED_WGS84;CONTINENT_DERIVED_FROM_COORDINATES;COLLECTION_MATCH_NONE;INSTITUTION_MATCH_FUZZY,Strumigenys,1,data/images/Strumigenys/casent0005599_p.jpg,commons,train
865076767,CAS:ANTWEB:casent0005601,casent0005601,casent0005601,p,1320203,Strumigenys,myrmicinae,Strumigenys manga,Strumigenys manga Fisher,,SPECIES,,worker,,Fianarantsoa,"29 km SSW Ambositra, Ankazomivady",-20.77667,47.165,1700.0,1998-01-08,H.G. Robertson,,https://www.antweb.org/images/casent0005601/casent0005601_p_1_high.jpg,casent0005601 profile view 1,April Nobile,Attribution-ShareAlike (BY-SA) Creative Commons License and GNU Free Documentation License (GFDL),"California Academy of Sciences, 2000-2007",GEODETIC_DATUM_ASSUMED_WGS84;CONTINENT_DERIVED_FROM_COORDINATES;COLLECTION_MATCH_NONE;INSTITUTION_MATCH_FUZZY,Strumigenys,1,data/images/Strumigenys/casent0005601_p.jpg,commons,train
865076796,CAS:ANTWEB:casent0005602,casent0005602,casent0005602,p,1320203,Strumigenys,myrmicinae,Strumigenys micrans,Strumigenys micrans Fisher,,SPECIES,,worker,Holotype,Toamasina,P.N. Mantadia,-18.79167,48.42667,895.0,1998-11-25/1998-11-28,H.J. Ratsirarson,,https://www.antweb.org/images/casent0005602/casent0005602_p_1_high.jpg,casent0005602 profile view 1,April Nobile,Attribution-ShareAlike (BY-SA) Creative Commons License and GNU Free Documentation License (GFDL),"California Academy of Sciences, 2000-2007",GEODETIC_DATUM_ASSUMED_WGS84;CONTINENT_DERIVED_FROM_COORDINATES;COLLECTION_MATCH_NONE;INSTITUTION_MATCH_FUZZY,Strumigenys,1,data/images/Strumigenys/casent0005602_p.jpg,commons,train
865076824,CAS:ANTWEB:casent0005603,casent0005603,casent0005603,p,1320203,Strumigenys,myrmicinae,Strumigenys milae,Strumigenys milae Fisher,,SPECIES,,worker,Paratype,Fianarantsoa,"28 km. SSW Ambositra, Ankazomivady",-20.775,47.16833,1670.0,1998-01-11,Brian L. Fisher,Brian L. Fisher,https://www.antweb.org/images/casent0005603/casent0005603_p_1_high.jpg,casent0005603 profile view 1,April Nobile,Attribution-ShareAlike (BY-SA) Creative Commons License and GNU Free Documentation License (GFDL),"California Academy of Sciences, 2000-2007",GEODETIC_DATUM_ASSUMED_WGS84;CONTINENT_DERIVED_FROM_COORDINATES;COLLECTION_MATCH_NONE;INSTITUTION_MATCH_FUZZY,Strumigenys,1,data/images/Strumigenys/casent0005603_p.jpg,commons,train
865076600,CAS:ANTWEB:casent0005604,casent0005604,casent0005604,p,1320203,Strumigenys,myrmicinae,Strumigenys milae,Strumigenys milae Fisher,,SPECIES,,worker,Holotype,Fianarantsoa,"28 km. SSW Ambositra, Ankazomivady",-20.775,47.16833,1670.0,1998-01-14,Brian L. Fisher,Brian L. Fisher,https://www.antweb.org/images/casent0005604/casent0005604_p_1_high.jpg,casent0005604 profile view 1,April Nobile,Attribution-ShareAlike (BY-SA) Creative Commons License and GNU Free Documentation License (GFDL),"California Academy of Sciences, 2000-2007",GEODETIC_DATUM_ASSUMED_WGS84;CONTINENT_DERIVED_FROM_COORDINATES;COLLECTION_MATCH_NONE;INSTITUTION_MATCH_FUZZY,Strumigenys,1,data/images/Strumigenys/casent0005604_p.jpg,commons,train
865076627,CAS:ANTWEB:casent0005605,casent0005605,casent0005605,p,1320203,Strumigenys,myrmicinae,Strumigenys mola,Strumigenys mola Fisher,,SPECIES,,worker,Paratype,Fianarantsoa,"43 km S Ambalavao, Rés. Andringitra",-22.23333,47.0,825.0,1993-10-05,Brian L. Fisher,Brian L. Fisher,https://www.antweb.org/images/casent0005605/casent0005605_p_1_high.jpg,casent0005605 profile view 1,April Nobile,Attribution-ShareAlike (BY-SA) Creative Commons License and GNU Free Documentation License (GFDL),"California Academy of Sciences, 2000-2007",GEODETIC_DATUM_ASSUMED_WGS84;CONTINENT_DERIVED_FROM_COORDINATES;COLLECTION_MATCH_NONE;INSTITUTION_MATCH_FUZZY,Strumigenys,1,data/images/Strumigenys/casent0005605_p.jpg,commons,train
865076700,CAS:ANTWEB:casent0005608,casent0005608,casent0005608,p,1320203,Strumigenys,myrmicinae,Strumigenys mola,Strumigenys mola Fisher,,SPECIES,,worker,Holotype,Fianarantsoa,"43 km S Ambalavao, Rés. Andringitra",-22.23333,47.0,825.0,1993-10-05,Brian L. Fisher,Brian L. Fisher,https://www.antweb.org/images/casent0005608/casent0005608_p_1_high.jpg,casent0005608 profile view 1,April Nobile,Attribution-ShareAlike (BY-SA) Creative Commons License and GNU Free Documentation License (GFDL),"California Academy of Sciences, 2000-2007",GEODETIC_DATUM_ASSUMED_WGS84;CONTINENT_DERIVED_FROM_COORDINATES;COLLECTION_MATCH_NONE;INSTITUTION_MATCH_FUZZY,Strumigenys,1,data/images/Strumigenys/casent0005608_p.jpg,commons,test
865076724,CAS:ANTWEB:casent0005609,casent0005609,casent0005609,p,1320203,Strumigenys,myrmicinae,Strumigenys nambao,Strumigenys nambao Fisher,,SPECIES,,worker,Paratype,Antsiranana,"R.S. Manongarivo, 10.8 km 229° SW Antanambao",-13.96167,48.43333,400.0,1998-11-08,Brian L. Fisher,Brian L. Fisher,https://www.antweb.org/images/casent0005609/casent0005609_p_1_high.jpg,casent0005609 profile view 1,April Nobile,Attribution-ShareAlike (BY-SA) Creative Commons License and GNU Free Documentation License (GFDL),"California Academy of Sciences, 2000-2007",GEODETIC_DATUM_ASSUMED_WGS84;CONTINENT_DERIVED_FROM_COORDINATES;COLLECTION_MATCH_NONE;INSTITUTION_MATCH_FUZZY,Strumigenys,1,data/images/Strumigenys/casent0005609_p.jpg,commons,train
865076749,CAS:ANTWEB:casent0005610,casent0005610,casent0005610,p,1320203,Strumigenys,myrmicinae,Strumigenys nambao,Strumigenys nambao Fisher,,SPECIES,,worker,Holotype,Antsiranana,"R.S. Manongarivo, 10.8 km 229° SW Antanambao",-13.96167,48.43333,400.0,1998-11-08,Brian L. Fisher,Brian L. Fisher,https://www.antweb.org/images/casent0005610/casent0005610_p_1_high.jpg,casent0005610 profile view 1,April Nobile,Attribution-ShareAlike (BY-SA) Creative Commons License and GNU Free Documentation License (GFDL),"California Academy of Sciences, 2000-2007",GEODETIC_DATUM_ASSUMED_WGS84;CONTINENT_DERIVED_FROM_COORDINATES;COLLECTION_MATCH_NONE;INSTITUTION_MATCH_FUZZY,Strumigenys,1,data/images/Strumigenys/casent0005610_p.jpg,commons,train
865076772,CAS:ANTWEB:casent0005611,casent0005611,casent0005611,p,1320203,Strumigenys,myrmicinae,Strumigenys nambao,Strumigenys nambao Fisher,,SPECIES,,worker,Paratype,Antsiranana,"R.S. Manongarivo, 10.8 km 229° SW Antanambao",-13.96167,48.43333,400.0,1998-11-08,Brian L. Fisher,Brian L. Fisher,https://www.antweb.org/images/casent0005611/casent0005611_p_1_high.jpg,casent0005611 profile view 1,April Nobile,Attribution-ShareAlike (BY-SA) Creative Commons License and GNU Free Documentation License (GFDL),"California Academy of Sciences, 2000-2007",GEODETIC_DATUM_ASSUMED_WGS84;CONTINENT_DERIVED_FROM_COORDINATES;COLLECTION_MATCH_NONE;INSTITUTION_MATCH_FUZZY,Strumigenys,1,data/images/Strumigenys/casent0005611_p.jpg,gbif_cache,train
865076799,CAS:ANTWEB:casent0005612,casent0005612,casent0005612,p,1320203,Strumigenys,myrmicinae,Strumigenys nambao,Strumigenys nambao Fisher,,SPECIES,,worker,Paratype,Antsiranana,"R.S. Manongarivo, 10.8 km 229° SW Antanambao",-13.96167,48.43333,400.0,1998-11-08,Brian L. Fisher,Brian L. Fisher,https://www.antweb.org/images/casent0005612/casent0005612_p_1_high.jpg,casent0005612 profile view 1,April Nobile,Attribution-ShareAlike (BY-SA) Creative Commons License and GNU Free Documentation License (GFDL),"California Academy of Sciences, 2000-2007",GEODETIC_DATUM_ASSUMED_WGS84;CONTINENT_DERIVED_FROM_COORDINATES;COLLECTION_MATCH_NONE;INSTITUTION_MATCH_FUZZY,Strumigenys,1,data/images/Strumigenys/casent0005612_p.jpg,commons,train
865076827,CAS:ANTWEB:casent0005613,casent0005613,casent0005613,p,1320203,Strumigenys,myrmicinae,Strumigenys norax,Strumigenys norax Fisher,,SPECIES,,worker,Paratype,Antsiranana,"9.2 km WSW Befingotra, Rés. Anjanaharibe-Sud",-14.75,49.46667,1200.0,1994-11-09,Brian L. Fisher,Brian L. Fisher,https://www.antweb.org/images/casent0005613/casent0005613_p_1_high.jpg,casent0005613 profile view 1,April Nobile,Attribution-ShareAlike (BY-SA) Creative Commons License and GNU Free Documentation License (GFDL),"California Academy of Sciences, 2000-2007",GEODETIC_DATUM_ASSUMED_WGS84;CONTINENT_DERIVED_FROM_COORDINATES;COLLECTION_MATCH_NONE;INSTITUTION_MATCH_FUZZY,Strumigenys,1,data/images/Strumigenys/casent0005613_p.jpg,commons,train
865076580,CAS:ANTWEB:casent0005614,casent0005614,casent0005614,p,1320203,Strumigenys,myrmicinae,Strumigenys norax,Strumigenys norax Fisher,,SPECIES,,worker,Paratype,Antsiranana,"9.2 km WSW Befingotra, Rés. Anjanaharibe-Sud",-14.75,49.46667,1200.0,1994-11-09,Brian L. Fisher,Brian L. Fisher,https://www.antweb.org/images/casent0005614/casent0005614_p_1_high.jpg,casent0005614 profile view 1,April Nobile,Attribution-ShareAlike (BY-SA) Creative Commons License and GNU Free Documentation License (GFDL),"California Academy of Sciences, 2000-2007",GEODETIC_DATUM_ASSUMED_WGS84;CONTINENT_DERIVED_FROM_COORDINATES;COLLECTION_MATCH_NONE;INSTITUTION_MATCH_FUZZY,Strumigenys,1,data/images/Strumigenys/casent0005614_p.jpg,commons,train
865076606,CAS:ANTWEB:casent0005615,casent0005615,casent0005615,p,1320203,Strumigenys,myrmicinae,Strumigenys norax,Strumigenys norax Fisher,,SPECIES,,worker,Paratype,Antsiranana,"9.2 km WSW Befingotra, Rés. Anjanaharibe-Sud",-14.75,49.46667,1200.0,1994-11-09,Brian L. Fisher,Brian L. Fisher,https://www.antweb.org/images/casent0005615/casent0005615_p_1_high.jpg,casent0005615 profile view 1,April Nobile,Attribution-ShareAlike (BY-SA) Creative Commons License and GNU Free Documentation License (GFDL),"California Academy of Sciences, 2000-2007",GEODETIC_DATUM_ASSUMED_WGS84;CONTINENT_DERIVED_FROM_COORDINATES;COLLECTION_MATCH_NONE;INSTITUTION_MATCH_FUZZY,Strumigenys,1,data/images/Strumigenys/casent0005615_p.jpg,commons,test
865076630,CAS:ANTWEB:casent0005616,casent0005616,casent0005616,p,1320203,Strumigenys,myrmicinae,Strumigenys norax,Strumigenys norax Fisher,,SPECIES,,worker,Holotype,Antsiranana,"9.2 km WSW Befingotra, Rés. Anjanaharibe-Sud",-14.75,49.46667,1200.0,1994-11-09,Brian L. Fisher,Brian L. Fisher,https://www.antweb.org/images/casent0005616/casent0005616_p_1_high.jpg,casent0005616 profile view 1,April Nobile,Attribution-ShareAlike (BY-SA) Creative Commons License and GNU Free Documentation License (GFDL),"California Academy of Sciences, 2000-2007",GEODETIC_DATUM_ASSUMED_WGS84;CONTINENT_DERIVED_FROM_COORDINATES;COLLECTION_MATCH_NONE;INSTITUTION_MATCH_FUZZY,Strumigenys,1,data/images/Strumigenys/casent0005616_p.jpg,commons,test
865076654,CAS:ANTWEB:casent0005617,casent0005617,casent0005617,p,1320203,Strumigenys,myrmicinae,Strumigenys odacon,Strumigenys odacon Fisher,,SPECIES,,worker,Paratype,Fianarantsoa,"40 km S Ambalavao, Rés. Andringitra",-22.21667,46.96667,1275.0,1993-10-15,Brian L. Fisher,Brian L. Fisher,https://www.antweb.org/images/casent0005617/casent0005617_p_1_high.jpg,casent0005617 profile view 1,April Nobile,Attribution-ShareAlike (BY-SA) Creative Commons License and GNU Free Documentation License (GFDL),"California Academy of Sciences, 2000-2007",GEODETIC_DATUM_ASSUMED_WGS84;CONTINENT_DERIVED_FROM_COORDINATES;COLLECTION_MATCH_NONE;INSTITUTION_MATCH_FUZZY,Strumigenys,1,data/images/Strumigenys/casent0005617_p.jpg,commons,train
865076672,CAS:ANTWEB:casent0005618,casent0005618,casent0005618,p,1320203,Strumigenys,myrmicinae,Strumigenys odacon,Strumigenys odacon Fisher,,SPECIES,,worker,Paratype,Fianarantsoa,"40 km S Ambalavao, Rés. Andringitra",-22.21667,46.96667,1275.0,1993-10-15,Brian L. Fisher,Brian L. Fisher,https://www.antweb.org/images/casent0005618/casent0005618_p_1_high.jpg,casent0005618 profile view 1,April Nobile,Attribution-ShareAlike (BY-SA) Creative Commons License and GNU Free Documentation License (GFDL),"California Academy of Sciences, 2000-2007",GEODETIC_DATUM_ASSUMED_WGS84;CONTINENT_DERIVED_FROM_COORDINATES;COLLECTION_MATCH_NONE;INSTITUTION_MATCH_FUZZY,Strumigenys,1,data/images/Strumigenys/casent0005618_p.jpg,commons,train
865076699,CAS:ANTWEB:casent0005619,casent0005619,casent0005619,p,1320203,Strumigenys,myrmicinae,Strumigenys odacon,Strumigenys odacon Fisher,,SPECIES,,worker,Paratype,Fianarantsoa,"40 km S Ambalavao, Rés. Andringitra",-22.21667,46.96667,1275.0,1993-10-15,Brian L. Fisher,Brian L. Fisher,https://www.antweb.org/images/casent0005619/casent0005619_p_1_high.jpg,casent0005619 profile view 1,April Nobile,Attribution-ShareAlike (BY-SA) Creative Commons License and GNU Free Documentation License (GFDL),"California Academy of Sciences, 2000-2007",GEODETIC_DATUM_ASSUMED_WGS84;CONTINENT_DERIVED_FROM_COORDINATES;COLLECTION_MATCH_NONE;INSTITUTION_MATCH_FUZZY,Strumigenys,1,data/images/Strumigenys/casent0005619_p.jpg,commons,test
865076725,CAS:ANTWEB:casent0005620,casent0005620,casent0005620,p,1320203,Strumigenys,myrmicinae,Strumigenys odacon,Strumigenys odacon Fisher,,SPECIES,,worker,Holotype,Fianarantsoa,"40 km S Ambalavao, Rés. Andringitra",-22.21667,46.96667,1275.0,1993-10-15,Brian L. Fisher,Brian L. Fisher,https://www.antweb.org/images/casent0005620/casent0005620_p_1_high.jpg,casent0005620 profile view 1,April Nobile,Attribution-ShareAlike (BY-SA) Creative Commons License and GNU Free Documentation License (GFDL),"California Academy of Sciences, 2000-2007",GEODETIC_DATUM_ASSUMED_WGS84;CONTINENT_DERIVED_FROM_COORDINATES;COLLECTION_MATCH_NONE;INSTITUTION_MATCH_FUZZY,Strumigenys,1,data/images/Strumigenys/casent0005620_p.jpg,commons,test
865076776,CAS:ANTWEB:casent0005622,casent0005622,casent0005622,p,1320203,Strumigenys,myrmicinae,Strumigenys origo,Strumigenys origo Fisher,,SPECIES,,worker,Holotype,Toliara,"10 km NW Enakara, Rés. Andohahela",-24.56667,46.81667,430.0,1992-11-22,Brian L. Fisher,Brian L. Fisher,https://www.antweb.org/images/casent0005622/casent0005622_p_1_high.jpg,casent0005622 profile view 1,April Nobile,Attribution-ShareAlike (BY-SA) Creative Commons License and GNU Free Documentation License (GFDL),"California Academy of Sciences, 2000-2007",GEODETIC_DATUM_ASSUMED_WGS84;CONTINENT_DERIVED_FROM_COORDINATES;COLLECTION_MATCH_NONE;INSTITUTION_MATCH_FUZZY,Strumigenys,1,data/images/Strumigenys/casent0005622_p.jpg,commons,test
865076800,CAS:ANTWEB:casent0005623,casent0005623,casent0005623,p,1320203,Strumigenys,myrmicinae,Strumigenys origo,Strumigenys origo Fisher,,SPECIES,,worker,Paratype,Toliara,"10 km NW Enakara, Rés. Andohahela",-24.56667,46.81667,430.0,1992-11-22,Brian L. Fisher,Brian L. Fisher,https://www.antweb.org/images/casent0005623/casent0005623_p_1_high.jpg,casent0005623 profile view 1,April Nobile,Attribution-ShareAlike (BY-SA) Creative Commons License and GNU Free Documentation License (GFDL),"California Academy of Sciences, 2000-2007",GEODETIC_DATUM_ASSUMED_WGS84;CONTINENT_DERIVED_FROM_COORDINATES;COLLECTION_MATCH_NONE;INSTITUTION_MATCH_FUZZY,Strumigenys,1,data/images/Strumigenys/casent0005623_p.jpg,commons,train
865076828,CAS:ANTWEB:casent0005624,casent0005624,casent0005624,p,1320203,Strumigenys,myrmicinae,Strumigenys origo,Strumigenys origo Fisher,,SPECIES,,worker,Paratype,Toliara,"10 km NW Enakara, Rés. Andohahela",-24.56667,46.81667,430.0,1992-11-22,Brian L. Fisher,Brian L. Fisher,https://www.antweb.org/images/casent0005624/casent0005624_p_1_high.jpg,casent0005624 profile view 1,April Nobile,Attribution-ShareAlike (BY-SA) Creative Commons License and GNU Free Documentation License (GFDL),"California Academy of Sciences, 2000-2007",GEODETIC_DATUM_ASSUMED_WGS84;CONTINENT_DERIVED_FROM_COORDINATES;COLLECTION_MATCH_NONE;INSTITUTION_MATCH_FUZZY,Strumigenys,1,data/images/Strumigenys/casent0005624_p.jpg,commons,test
865076616,CAS:ANTWEB:casent0005625,casent0005625,casent0005625,p,1320203,Strumigenys,myrmicinae,Strumigenys peyrierasi,Strumigenys peyrierasi Fisher,,SPECIES,,worker,Holotype,Mahajanga,"Bongolava, 75 km NW of Tsiroanomandidy, between Ambaravaranala and Beravina, Pref. Tsiroanomandidy",-18.25,45.4,1250.0,1974-12-06/1974-12-11,A. Peyrieras,Brian L. Fisher,https://www.antweb.org/images/casent0005625/casent0005625_p_1_high.jpg,casent0005625 profile view 1,April Nobile,Attribution-ShareAlike (BY-SA) Creative Commons License and GNU Free Documentation License (GFDL),"California Academy of Sciences, 2000-2007",GEODETIC_DATUM_ASSUMED_WGS84;CONTINENT_DERIVED_FROM_COORDINATES;COLLECTION_MATCH_NONE;INSTITUTION_MATCH_FUZZY,Strumigenys,1,data/images/Strumigenys/casent0005625_p.jpg,commons,train
865076640,CAS:ANTWEB:casent0005626,casent0005626,casent0005626,p,1320203,Strumigenys,myrmicinae,Strumigenys rabesoni,Strumigenys rabesoni Fisher,,SPECIES,,worker,Paratype,Antsiranana,"9.2 km WSW Befingotra, Rés. Anjanaharibe-Sud",-14.75,49.46667,1200.0,1994-11-09,Brian L. Fisher,Brian L. Fisher,https://www.antweb.org/images/casent0005626/casent0005626_p_1_high.jpg,casent0005626 profile view 1,April Nobile,Attribution-ShareAlike (BY-SA) Creative Commons License and GNU Free Documentation License (GFDL),"California Academy of Sciences, 2000-2007",GEODETIC_DATUM_ASSUMED_WGS84;CONTINENT_DERIVED_FROM_COORDINATES;COLLECTION_MATCH_NONE;INSTITUTION_MATCH_FUZZY,Strumigenys,1,data/images/Strumigenys/casent0005626_p.jpg,commons,train
865076665,CAS:ANTWEB:casent0005627,casent0005627,casent0005627,p,1320203,Strumigenys,myrmicinae,Strumigenys rabesoni,Strumigenys rabesoni Fisher,,SPECIES,,worker,Paratype,Antsiranana,"9.2 km WSW Befingotra, Rés. Anjanaharibe-Sud",-14.75,49.46667,1200.0,1994-11-09,Brian L. Fisher,Brian L. Fisher,https://www.antweb.org/images/casent0005627/casent0005627_p_1_high.jpg,casent0005627 profile view 1,April Nobile,Attribution-ShareAlike (BY-SA) Creative Commons License and GNU Free Documentation License (GFDL),"California Academy of Sciences, 2000-2007",GEODETIC_DATUM_ASSUMED_WGS84;CONTINENT_DERIVED_FROM_COORDINATES;COLLECTION_MATCH_NONE;INSTITUTION_MATCH_FUZZY,Strumigenys,1,data/images/Strumigenys/casent0005627_p.jpg,commons,train
865076690,CAS:ANTWEB:casent0005628,casent0005628,casent0005628,p,1320203,Strumigenys,myrmicinae,Strumigenys rabesoni,Strumigenys rabesoni Fisher,,SPECIES,,worker,Paratype,Antsiranana,"9.2 km WSW Befingotra, Rés. Anjanaharibe-Sud",-14.75,49.46667,1200.0,1994-11-09,Brian L. Fisher,Brian L. Fisher,https://www.antweb.org/images/casent0005628/casent0005628_p_1_high.jpg,casent0005628 profile view 1,April Nobile,Attribution-ShareAlike (BY-SA) Creative Commons License and GNU Free Documentation License (GFDL),"California Academy of Sciences, 2000-2007",GEODETIC_DATUM_ASSUMED_WGS84;CONTINENT_DERIVED_FROM_COORDINATES;COLLECTION_MATCH_NONE;INSTITUTION_MATCH_FUZZY,Strumigenys,1,data/images/Strumigenys/casent0005628_p.jpg,commons,train
865076721,CAS:ANTWEB:casent0005629,casent0005629,casent0005629,p,1320203,Strumigenys,myrmicinae,Strumigenys ravola,Strumigenys ravola Fisher,,SPECIES,,worker,Holotype,Toamasina,P.N. Mantadia,-18.79167,48.42667,895.0,1998-11-25/1998-12-01,H.J. Ratsirarson,Brian L. Fisher,https://www.antweb.org/images/casent0005629/casent0005629_p_1_high.jpg,casent0005629 profile view 1,April Nobile,Attribution-ShareAlike (BY-SA) Creative Commons License and GNU Free Documentation License (GFDL),"California Academy of Sciences, 2000-2007",GEODETIC_DATUM_ASSUMED_WGS84;CONTINENT_DERIVED_FROM_COORDINATES;COLLECTION_MATCH_NONE;INSTITUTION_MATCH_FUZZY,Strumigenys,1,data/images/Strumigenys/casent0005629_p.jpg,commons,test
865076740,CAS:ANTWEB:casent0005630,casent0005630,casent0005630,p,1320203,Strumigenys,myrmicinae,Strumigenys rubigus,Strumigenys rubigus Fisher,,SPECIES,,worker,Holotype,Toamasina,F.C. Andriantantely,-18.695,48.81333,530.0,1998-12-04/1998-12-10,H.J. Ratsirarson,Brian L. Fisher,https://www.antweb.org/images/casent0005630/casent0005630_p_1_high.jpg,casent0005630 profile view 1,April Nobile,Attribution-ShareAlike (BY-SA) Creative Commons License and GNU Free Documentation License (GFDL),"California Academy of Sciences, 2000-2007",GEODETIC_DATUM_ASSUMED_WGS84;CONTINENT_DERIVED_FROM_COORDINATES;COLLECTION_MATCH_NONE;INSTITUTION_MATCH_FUZZY,Strumigenys,1,data/images/Strumigenys/casent0005630_p.jpg,commons,train
865076764,CAS:ANTWEB:casent0005631,casent0005631,casent0005631,p,1320203,Strumigenys,myrmicinae,Strumigenys schuetzi,Strumigenys schuetzi Fisher,,SPECIES,,worker,Paratype,Antsiranana,"R.S. Manongarivo, 10.8 km 229° SW Antanambao",-13.96167,48.43333,400.0,1998-11-08,Brian L. Fisher,,https://www.antweb.org/images/casent0005631/casent0005631_p_1_high.jpg,casent0005631 profile view 1,April Nobile,Attribution-ShareAlike (BY-SA) Creative Commons License and GNU Free Documentation License (GFDL),"California Academy of Sciences, 2000-2007",GEODETIC_DATUM_ASSUMED_WGS84;CONTINENT_DERIVED_FROM_COORDINATES;COLLECTION_MATCH_NONE;INSTITUTION_MATCH_FUZZY,Strumigenys,1,data/images/Strumigenys/casent0005631_p.jpg,commons,train
865076792,CAS:ANTWEB:casent0005632,casent0005632,casent0005632,p,1320203,Strumigenys,myrmicinae,Strumigenys schuetzi,Strumigenys schuetzi Fisher,,SPECIES,,worker,Paratype,Antsiranana,"R.S. Manongarivo, 10.8 km 229° SW Antanambao",-13.96167,48.43333,400.0,1998-11-08,Brian L. Fisher,,https://www.antweb.org/images/casent0005632/casent0005632_p_1_high.jpg,casent0005632 profile view 1,April Nobile,Attribution-ShareAlike (BY-SA) Creative Commons License and GNU Free Documentation License (GFDL),"California Academy of Sciences, 2000-2007",GEODETIC_DATUM_ASSUMED_WGS84;CONTINENT_DERIVED_FROM_COORDINATES;COLLECTION_MATCH_NONE;INSTITUTION_MATCH_FUZZY,Strumigenys,1,data/images/Strumigenys/casent0005632_p.jpg,commons,train
865076812,CAS:ANTWEB:casent0005633,casent0005633,casent0005633,p,1320203,Strumigenys,myrmicinae,Strumigenys schuetzi,Strumigenys schuetzi Fisher,,SPECIES,,worker,Paratype,Antsiranana,"R.S. Manongarivo, 10.8 km 229° SW Antanambao",-13.96167,48.43333,400.0,1998-11-08,Brian L. Fisher,,https://www.antweb.org/images/casent0005633/casent0005633_p_1_high.jpg,casent0005633 profile view 1,April Nobile,Attribution-ShareAlike (BY-SA) Creative Commons License and GNU Free Documentation License (GFDL),"California Academy of Sciences, 2000-2007",GEODETIC_DATUM_ASSUMED_WGS84;CONTINENT_DERIVED_FROM_COORDINATES;COLLECTION_MATCH_NONE;INSTITUTION_MATCH_FUZZY,Strumigenys,1,data/images/Strumigenys/casent0005633_p.jpg,commons,train
865076839,CAS:ANTWEB:casent0005634,casent0005634,casent0005634,p,1320203,Strumigenys,myrmicinae,Strumigenys schuetzi,Strumigenys schuetzi Fisher,,SPECIES,,worker,Holotype,Antsiranana,"R.S. Manongarivo, 10.8 km 229° SW Antanambao",-13.96167,48.43333,400.0,1998-11-08,Brian L. Fisher,,https://www.antweb.org/images/casent0005634/casent0005634_p_1_high.jpg,casent0005634 profile view 1,April Nobile,Attribution-ShareAlike (BY-SA) Creative Commons License and GNU Free Documentation License (GFDL),"California Academy of Sciences, 2000-2007",GEODETIC_DATUM_ASSUMED_WGS84;CONTINENT_DERIVED_FROM_COORDINATES;COLLECTION_MATCH_NONE;INSTITUTION_MATCH_FUZZY,Strumigenys,1,data/images/Strumigenys/casent0005634_p.jpg,commons,train
865076863,CAS:ANTWEB:casent0005635,casent0005635,casent0005635,p,1320203,Strumigenys,myrmicinae,Strumigenys sphera,Strumigenys sphera Fisher,,SPECIES,,worker,Holotype,Fianarantsoa,"40 km S Ambalavao, Rés. Andringitra",-22.21667,46.96667,1275.0,1993-10-15,Brian L. Fisher,Brian L. Fisher,https://www.antweb.org/images/casent0005635/casent0005635_p_1_high.jpg,casent0005635 profile view 1,April Nobile,Attribution-ShareAlike (BY-SA) Creative Commons License and GNU Free Documentation License (GFDL),"California Academy of Sciences, 2000-2007",GEODETIC_DATUM_ASSUMED_WGS84;CONTINENT_DERIVED_FROM_COORDINATES;COLLECTION_MATCH_NONE;INSTITUTION_MATCH_FUZZY,Strumigenys,1,data/images/Strumigenys/casent0005635_p.jpg,commons,train
865076610,CAS:ANTWEB:casent0005636,casent0005636,casent0005636,p,1320203,Strumigenys,myrmicinae,Strumigenys sphera,Strumigenys sphera Fisher,,SPECIES,,worker,Paratype,Fianarantsoa,"40 km S Ambalavao, Rés. Andringitra",-22.21667,46.96667,1275.0,1993-10-15,Brian L. Fisher,Brian L. Fisher,https://www.antweb.org/images/casent0005636/casent0005636_p_1_high.jpg,casent0005636 profile view 1,April Nobile,Attribution-ShareAlike (BY-SA) Creative Commons License and GNU Free Documentation License (GFDL),"California Academy of Sciences, 2000-2007",GEODETIC_DATUM_ASSUMED_WGS84;CONTINENT_DERIVED_FROM_COORDINATES;COLLECTION_MATCH_NONE;INSTITUTION_MATCH_FUZZY,Strumigenys,1,data/images/Strumigenys/casent0005636_p.jpg,commons,train
865076638,CAS:ANTWEB:casent0005637,casent0005637,casent0005637,p,1320203,Strumigenys,myrmicinae,Strumigenys sphera,Strumigenys sphera Fisher,,SPECIES,,worker,Paratype,Fianarantsoa,"40 km S Ambalavao, Rés. Andringitra",-22.21667,46.96667,1275.0,1993-10-15,Brian L. Fisher,Brian L. Fisher,https://www.antweb.org/images/casent0005637/casent0005637_p_1_high.jpg,casent0005637 profile view 1,April Nobile,Attribution-ShareAlike (BY-SA) Creative Commons License and GNU Free Documentation License (GFDL),"California Academy of Sciences, 2000-2007",GEODETIC_DATUM_ASSUMED_WGS84;CONTINENT_DERIVED_FROM_COORDINATES;COLLECTION_MATCH_NONE;INSTITUTION_MATCH_FUZZY,Strumigenys,1,data/images/Strumigenys/casent0005637_p.jpg,commons,train
865076662,CAS:ANTWEB:casent0005638,casent0005638,casent0005638,p,1320203,Strumigenys,myrmicinae,Strumigenys sphera,Strumigenys sphera Fisher,,SPECIES,,worker,Paratype,Fianarantsoa,"40 km S Ambalavao, Rés. Andringitra",-22.21667,46.96667,1275.0,1993-10-15,Brian L. Fisher,Brian L. Fisher,https://www.antweb.org/images/casent0005638/casent0005638_p_1_high.jpg,casent0005638 profile view 1,April Nobile,Attribution-ShareAlike (BY-SA) Creative Commons License and GNU Free Documentation License (GFDL),"California Academy of Sciences, 2000-2007",GEODETIC_DATUM_ASSUMED_WGS84;CONTINENT_DERIVED_FROM_COORDINATES;COLLECTION_MATCH_NONE;INSTITUTION_MATCH_FUZZY,Strumigenys,1,data/images/Strumigenys/casent0005638_p.jpg,commons,train
865076686,CAS:ANTWEB:casent0005639,casent0005639,casent0005639,p,1320203,Strumigenys,myrmicinae,Strumigenys sylvaini,Strumigenys sylvaini Fisher,,SPECIES,,worker,Holotype,Fianarantsoa,"38 km S Ambalavao, Rés. Andringitra",-22.2,46.96667,1680.0,1993-10-24,Brian L. Fisher,Brian L. Fisher,https://www.antweb.org/images/casent0005639/casent0005639_p_1_high.jpg,casent0005639 profile view 1,April Nobile,Attribution-ShareAlike (BY-SA) Creative Commons License and GNU Free Documentation License (GFDL),"California Academy of Sciences, 2000-2007",GEODETIC_DATUM_ASSUMED_WGS84;CONTINENT_DERIVED_FROM_COORDINATES;COLLECTION_MATCH_NONE;INSTITUTION_MATCH_FUZZY,Strumigenys,1,data/images/Strumigenys/casent0005639_p.jpg,commons,test
865076711,CAS:ANTWEB:casent0005640,casent0005640,casent0005640,p,1320203,Strumigenys,myrmicinae,Strumigenys sylvaini,Strumigenys sylvaini Fisher,,SPECIES,,worker,Paratype,Fianarantsoa,"38 km S Ambalavao, Rés. Andringitra",-22.2,46.96667,1680.0,1993-10-24,Brian L. Fisher,Brian L. Fisher,https://www.antweb.org/images/casent0005640/casent0005640_p_1_high.jpg,casent0005640 profile view 1,April Nobile,Attribution-ShareAlike (BY-SA) Creative Commons License and GNU Free Documentation License (GFDL),"California Academy of Sciences, 2000-2007",GEODETIC_DATUM_ASSUMED_WGS84;CONTINENT_DERIVED_FROM_COORDINATES;COLLECTION_MATCH_NONE;INSTITUTION_MATCH_FUZZY,Strumigenys,1,data/images/Strumigenys/casent0005640_p.jpg,commons,train
865076734,CAS:ANTWEB:casent0005641,casent0005641,casent0005641,p,1320203,Strumigenys,myrmicinae,Strumigenys sylvaini,Strumigenys sylvaini Fisher,,SPECIES,,worker,Paratype,Fianarantsoa,"38 km S Ambalavao, Rés. Andringitra",-22.2,46.96667,1680.0,1993-10-23,Brian L. Fisher,Brian L. Fisher,https://www.antweb.org/images/casent0005641/casent0005641_p_1_high.jpg,casent0005641 profile view 1,April Nobile,Attribution-ShareAlike (BY-SA) Creative Commons License and GNU Free Documentation License (GFDL),"California Academy of Sciences, 2000-2007",GEODETIC_DATUM_ASSUMED_WGS84;CONTINENT_DERIVED_FROM_COORDINATES;COLLECTION_MATCH_NONE;INSTITUTION_MATCH_FUZZY,Strumigenys,1,data/images/Strumigenys/casent0005641_p.jpg,commons,train
865076757,CAS:ANTWEB:casent0005642,casent0005642,casent0005642,p,1320203,Strumigenys,myrmicinae,Strumigenys tegar,Strumigenys tegar Fisher,,SPECIES,,worker,Holotype,Fianarantsoa,"29 km SSW Ambositra, Ankazomivady",-20.77667,47.165,1700.0,1998-01-07,Brian L. Fisher,Brian L. Fisher,https://www.antweb.org/images/casent0005642/casent0005642_p_1_high.jpg,casent0005642 profile view 1,April Nobile,Attribution-ShareAlike (BY-SA) Creative Commons License and GNU Free Documentation License (GFDL),"California Academy of Sciences, 2000-2007",GEODETIC_DATUM_ASSUMED_WGS84;CONTINENT_DERIVED_FROM_COORDINATES;COLLECTION_MATCH_NONE;INSTITUTION_MATCH_FUZZY,Strumigenys,1,data/images/Strumigenys/casent0005642_p.jpg,commons,train
865076781,CAS:ANTWEB:casent0005643,casent0005643,casent0005643,p,1320203,Strumigenys,myrmicinae,Strumigenys toma,Strumigenys toma Fisher,,SPECIES,,worker,Holotype,Fianarantsoa,"28 km. SSW Ambositra, Ankazomivady",-20.775,47.16833,1670.0,1998-01-11,Brian L. Fisher,,https://www.antweb.org/images/casent0005643/casent0005643_p_1_high.jpg,casent0005643 profile view 1,April Nobile,Attribution-ShareAlike (BY-SA) Creative Commons License and GNU Free Documentation License (GFDL),"California Academy of Sciences, 2000-2007",GEODETIC_DATUM_ASSUMED_WGS84;CONTINENT_DERIVED_FROM_COORDINATES;COLLECTION_MATCH_NONE;INSTITUTION_MATCH_FUZZY,Strumigenys,1,data/images/Strumigenys/casent0005643_p.jpg,commons,train
865076804,CAS:ANTWEB:casent0005644,casent0005644,casent0005644,p,1320203,Strumigenys,myrmicinae,Strumigenys vazimba,Strumigenys vazimba Fisher,,SPECIES,,worker,Paratype,Toamasina,"6.3 km S Ambanizana, Andranobe",-15.6813,49.958,25.0,1993-11-14,Brian L. Fisher,Brian L. Fisher,https://www.antweb.org/images/casent0005644/casent0005644_p_1_high.jpg,casent0005644 profile view 1,April Nobile,Attribution-ShareAlike (BY-SA) Creative Commons License and GNU Free Documentation License (GFDL),"California Academy of Sciences, 2000-2007",GEODETIC_DATUM_ASSUMED_WGS84;CONTINENT_DERIVED_FROM_COORDINATES;COLLECTION_MATCH_NONE;INSTITUTION_MATCH_FUZZY,Strumigenys,1,data/images/Strumigenys/casent0005644_p.jpg,commons,train
865076829,CAS:ANTWEB:casent0005645,casent0005645,casent0005645,p,1320203,Strumigenys,myrmicinae,Strumigenys vazimba,Strumigenys vazimba Fisher,,SPECIES,,worker,Paratype,Toamasina,"6.3 km S Ambanizana, Andranobe",-15.6813,49.958,25.0,1993-11-14,Brian L. Fisher,Brian L. Fisher,https://www.antweb.org/images/casent0005645/casent0005645_p_1_high.jpg,casent0005645 profile view 1,April Nobile,Attribution-ShareAlike (BY-SA) Creative Commons License and GNU Free Documentation License (GFDL),"California Academy of Sciences, 2000-2007",GEODETIC_DATUM_ASSUMED_WGS84;CONTINENT_DERIVED_FROM_COORDINATES;COLLECTION_MATCH_NONE;INSTITUTION_MATCH_FUZZY,Strumigenys,1,data/images/Strumigenys/casent0005645_p.jpg,commons,train
865076850,CAS:ANTWEB:casent0005646,casent0005646,casent0005646,p,1320203,Strumigenys,myrmicinae,Strumigenys vazimba,Strumigenys vazimba Fisher,,SPECIES,,worker,Paratype,Toamasina,"6.3 km S Ambanizana, Andranobe",-15.6813,49.958,25.0,1993-11-14,Brian L. Fisher,Brian L. Fisher,https://www.antweb.org/images/casent0005646/casent0005646_p_1_high.jpg,casent0005646 profile view 1,April Nobile,Attribution-ShareAlike (BY-SA) Creative Commons License and GNU Free Documentation License (GFDL),"California Academy of Sciences, 2000-2007",GEODETIC_DATUM_ASSUMED_WGS84;CONTINENT_DERIVED_FROM_COORDINATES;COLLECTION_MATCH_NONE;INSTITUTION_MATCH_FUZZY,Strumigenys,1,data/images/Strumigenys/casent0005646_p.jpg,commons,train
865076581,CAS:ANTWEB:casent0005647,casent0005647,casent0005647,p,1320203,Strumigenys,myrmicinae,Strumigenys vazimba,Strumigenys vazimba Fisher,,SPECIES,,worker,Holotype,Toamasina,"6.3 km S Ambanizana, Andranobe",-15.6813,49.958,25.0,1993-11-14,Brian L. Fisher,Brian L. Fisher,https://www.antweb.org/images/casent0005647/casent0005647_p_1_high.jpg,casent0005647 profile view 1,April Nobile,Attribution-ShareAlike (BY-SA) Creative Commons License and GNU Free Documentation License (GFDL),"California Academy of Sciences, 2000-2007",GEODETIC_DATUM_ASSUMED_WGS84;CONTINENT_DERIVED_FROM_COORDINATES;COLLECTION_MATCH_NONE;INSTITUTION_MATCH_FUZZY,Strumigenys,1,data/images/Strumigenys/casent0005647_p.jpg,commons,test
865076892,CAS:ANTWEB:casent0005889,casent0005889,casent0005889,p,1321015,Strumigenys,myrmicinae,Pyramica ludovici,"Strumigenys ludovici Forel, 1904",,SPECIES,,worker,,Toliara,"Mandena, 8.4 km NNE 30° Tolagnaro",-24.95167,47.00167,20.0,1998-11-20,Brian L. Fisher,,https://www.antweb.org/images/casent0005889/casent0005889_p_1_high.jpg,casent0005889 profile view 1,April Nobile,Attribution-ShareAlike (BY-SA) Creative Commons License and GNU Free Documentation License (GFDL),"California Academy of Sciences, 2000-2007",GEODETIC_DATUM_ASSUMED_WGS84;CONTINENT_DERIVED_FROM_COORDINATES;COLLECTION_MATCH_NONE;INSTITUTION_MATCH_FUZZY,Pyramica,1,data/images/Strumigenys/casent0005889_p.jpg,commons,train
865076910,CAS:ANTWEB:casent0005890,casent0005890,casent0005890,p,1320203,Strumigenys,myrmicinae,Strumigenys maxillaris,"Strumigenys maxillaris Baroni Urbani, 2007",,SPECIES,,worker,,Toliara,"Forêt de Petriky, 12.5 km W 272° Tolagnaro",-25.06167,46.87,10.0,1998-11-22,Brian L. Fisher,,https://www.antweb.org/images/casent0005890/casent0005890_p_1_high.jpg,casent0005890 profile view 1,April Nobile,Attribution-ShareAlike (BY-SA) Creative Commons License and GNU Free Documentation License (GFDL),"California Academy of Sciences, 2000-2007",GEODETIC_DATUM_ASSUMED_WGS84;CONTINENT_DERIVED_FROM_COORDINATES;COLLECTION_MATCH_NONE;INSTITUTION_MATCH_FUZZY,Strumigenys,1,data/images/Strumigenys/casent0005890_p.jpg,commons,train
865076904,CAS:ANTWEB:casent0005891,casent0005891,casent0005891,p,1320203,Strumigenys,myrmicinae,,"Strumigenys Smith, 1860",,GENUS,,worker,,Toliara,"Forêt de Petriky, 12.5 km W 272° Tolagnaro",-25.06167,46.87,10.0,1998-11-22,Brian L. Fisher,,https://www.antweb.org/images/casent0005891/casent0005891_p_1_high.jpg,casent0005891 profile view 1,April Nobile,Attribution-ShareAlike (BY-SA) Creative Commons License and GNU Free Documentation License (GFDL),"California Academy of Sciences, 2000-2007",GEODETIC_DATUM_ASSUMED_WGS84;CONTINENT_DERIVED_FROM_COORDINATES;COLLECTION_MATCH_NONE;INSTITUTION_MATCH_FUZZY,Strumigenys,1,data/images/Strumigenys/casent0005891_p.jpg,commons,train
865076927,CAS:ANTWEB:casent0005892,casent0005892,casent0005892,p,1320203,Strumigenys,myrmicinae,Strumigenys alperti,Strumigenys alperti Fisher,,SPECIES,,worker,,Antsiranana,"9.2 km WSW Befingotra, Rés. Anjanaharibe-Sud",-14.75,49.46667,1200.0,1994-11-09,Brian L. Fisher,,https://www.antweb.org/images/casent0005892/casent0005892_p_1_high.jpg,casent0005892 profile view 1,April Nobile,Attribution-ShareAlike (BY-SA) Creative Commons License and GNU Free Documentation License (GFDL),"California Academy of Sciences, 2000-2007",GEODETIC_DATUM_ASSUMED_WGS84;CONTINENT_DERIVED_FROM_COORDINATES;COLLECTION_MATCH_NONE;INSTITUTION_MATCH_FUZZY,Strumigenys,1,data/images/Strumigenys/casent0005892_p.jpg,commons,train
865076903,CAS:ANTWEB:casent0005893,casent0005893,casent0005893,p,1320203,Strumigenys,myrmicinae,Strumigenys coveri,Strumigenys coveri Fisher,,SPECIES,,worker,,Toamasina,"5.3 km SSE Ambanizana, Andranobe",-15.67133,49.97395,425.0,1993-11-21,Brian L. Fisher,,https://www.antweb.org/images/casent0005893/casent0005893_p_1_high.jpg,casent0005893 profile view 1,April Nobile,Attribution-ShareAlike (BY-SA) Creative Commons License and GNU Free Documentation License (GFDL),"California Academy of Sciences, 2000-2007",GEODETIC_DATUM_ASSUMED_WGS84;CONTINENT_DERIVED_FROM_COORDINATES;COLLECTION_MATCH_NONE;INSTITUTION_MATCH_FUZZY,Strumigenys,1,data/images/Strumigenys/casent0005893_p.jpg,commons,train
865076941,CAS:ANTWEB:casent0005896,casent0005896,casent0005896,p,1320203,Strumigenys,myrmicinae,Strumigenys grandidieri,"Strumigenys grandidieri Forel, 1892",,SPECIES,,worker,,Toamasina,Perinet & vic.,-18.93333,48.41667,,1969-03-17,W.L. Brown,,https://www.antweb.org/images/casent0005896/casent0005896_p_1_high.jpg,casent0005896 profile view 1,April Nobile,Attribution-ShareAlike (BY-SA) Creative Commons License and GNU Free Documentation License (GFDL),"California Academy of Sciences, 2000-2007",GEODETIC_DATUM_ASSUMED_WGS84;CONTINENT_DERIVED_FROM_COORDINATES;COLLECTION_MATCH_NONE;INSTITUTION_MATCH_FUZZY,Strumigenys,1,data/images/Strumigenys/casent0005896_p.jpg,commons,train
865076947,CAS:ANTWEB:casent0005897,casent0005897,casent0005897,p,1320203,Strumigenys,myrmicinae,Strumigenys rogeri,"Strumigenys rogeri Emery, 1890",,SPECIES,,worker,,Toamasina,"S.F. Tampolo, 10 km NNE Fenoarivo Atn.",-17.2825,49.43,10.0,1997-04-10,Brian L. Fisher,,https://www.antweb.org/images/casent0005897/casent0005897_p_1_high.jpg,casent0005897 profile view 1,April Nobile,Attribution-ShareAlike (BY-SA) Creative Commons License and GNU Free Documentation License (GFDL),"California Academy of Sciences, 2000-2007",GEODETIC_DATUM_ASSUMED_WGS84;CONTINENT_DERIVED_FROM_COORDINATES;COLLECTION_MATCH_NONE;INSTITUTION_MATCH_FUZZY,Strumigenys,1,data/images/Strumigenys/casent0005897_p.jpg,gbif_cache,train
865076936,CAS:ANTWEB:casent0005899,casent0005899,casent0005899,p,1320203,Strumigenys,myrmicinae,Strumigenys wardi,Strumigenys wardi Fisher,,SPECIES,,worker,,Toamasina,6km ESE Andasibe (=Perinet),-18.95,48.46667,900.0,1990-11-17,P.S. Ward,,https://www.antweb.org/images/casent0005899/casent0005899_p_1_high.jpg,casent0005899 profile view 1,April Nobile,Attribution-ShareAlike (BY-SA) Creative Commons License and GNU Free Documentation License (GFDL),"California Academy of Sciences, 2000-2007",GEODETIC_DATUM_ASSUMED_WGS84;CONTINENT_DERIVED_FROM_COORDINATES;COLLECTION_MATCH_NONE;INSTITUTION_MATCH_FUZZY,Strumigenys,1,data/images/Strumigenys/casent0005899_p.jpg,commons,train
865076999,CAS:ANTWEB:casent0005964,casent0005964,casent0005964,p,1317100,Cardiocondyla,myrmicinae,Cardiocondyla emeryi,"Cardiocondyla emeryi Forel, 1881",,SPECIES,,worker,,Fianarantsoa,"28 km. SSW Ambositra, Ankazomivady",-20.775,47.16833,1670.0,1998-01-14,Brian L. Fisher,Seifert,https://www.antweb.org/images/casent0005964/casent0005964_p_1_high.jpg,casent0005964 profile view 1,April Nobile,Attribution-ShareAlike (BY-SA) Creative Commons License and GNU Free Documentation License (GFDL),"California Academy of Sciences, 2000-2007",GEODETIC_DATUM_ASSUMED_WGS84;CONTINENT_DERIVED_FROM_COORDINATES;COLLECTION_MATCH_NONE;INSTITUTION_MATCH_FUZZY,Cardiocondyla,1,data/images/Cardiocondyla/casent0005964_p.jpg,commons,train
865077014,CAS:ANTWEB:casent0005965,casent0005965,casent0005965,p,1319461,Anochetus,ponerinae,Anochetus grandidieri,"Anochetus grandidieri Forel, 1891",,SPECIES,,worker,,Antsiranana,"R.S. Manongarivo, 10.8 km 229° SW Antanambao",-13.96167,48.43333,400.0,1998-11-08,Brian L. Fisher,,https://www.antweb.org/images/casent0005965/casent0005965_p_1_high.jpg,casent0005965 profile view 1,April Nobile,Attribution-ShareAlike (BY-SA) Creative Commons License and GNU Free Documentation License (GFDL),"California Academy of Sciences, 2000-2007",GEODETIC_DATUM_ASSUMED_WGS84;CONTINENT_DERIVED_FROM_COORDINATES;COLLECTION_MATCH_NONE;INSTITUTION_MATCH_FUZZY,Anochetus,1,data/images/Anochetus/casent0005965_p.jpg,commons,train
865076995,CAS:ANTWEB:casent0005966,casent0005966,casent0005966,p,1319461,Anochetus,ponerinae,Anochetus madagascarensis,"Anochetus madagascarensis Forel, 1887",,SPECIES,,worker,,Antsiranana,"R.S. Manongarivo, 12.8 km 228° SW Antanambao",-13.97667,48.42333,780.0,1998-10-11,Brian L. Fisher,,https://www.antweb.org/images/casent0005966/casent0005966_p_1_high.jpg,casent0005966 profile view 1,April Nobile,Attribution-ShareAlike (BY-SA) Creative Commons License and GNU Free Documentation License (GFDL),"California Academy of Sciences, 2000-2007",GEODETIC_DATUM_ASSUMED_WGS84;CONTINENT_DERIVED_FROM_COORDINATES;COLLECTION_MATCH_NONE;INSTITUTION_MATCH_FUZZY,Anochetus,1,data/images/Anochetus/casent0005966_p.jpg,commons,train
865077002,CAS:ANTWEB:casent0005967,casent0005967,casent0005967,p,1317162,Odontomachus,ponerinae,Odontomachus coquereli,"Odontomachus coquereli Roger, 1861",,SPECIES,,worker,,Antsiranana,"R.S. Manongarivo, 14.5 km 220° SW Antanambao",-13.99833,48.42833,1175.0,1998-10-19/1998-10-25,Brian L. Fisher,,https://www.antweb.org/images/casent0005967/casent0005967_p_1_high.jpg,casent0005967 profile view 1,April Nobile,Attribution-ShareAlike (BY-SA) Creative Commons License and GNU Free Documentation License (GFDL),"California Academy of Sciences, 2000-2007",GEODETIC_DATUM_ASSUMED_WGS84;CONTINENT_DERIVED_FROM_COORDINATES;COLLECTION_MATCH_NONE;INSTITUTION_MATCH_FUZZY,Odontomachus,1,data/images/Odontomachus/casent0005967_p.jpg,commons,test
865077005,CAS:ANTWEB:casent0005968,casent0005968,casent0005968,p,1317162,Odontomachus,ponerinae,Odontomachus coquereli,"Odontomachus coquereli Roger, 1861",,SPECIES,,worker,,Fianarantsoa,"43 km S Ambalavao, Rés. Andringitra",-22.23333,47.0,825.0,1993-10-05,Brian L. Fisher,Brian L. Fisher,https://www.antweb.org/images/casent0005968/casent0005968_p_1_high.jpg,casent0005968 profile view 1,April Nobile,Attribution-ShareAlike (BY-SA) Creative Commons License and GNU Free Documentation License (GFDL),"California Academy of Sciences, 2000-2007",GEODETIC_DATUM_ASSUMED_WGS84;CONTINENT_DERIVED_FROM_COORDINATES;COLLECTION_MATCH_NONE;INSTITUTION_MATCH_FUZZY,Odontomachus,1,data/images/Odontomachus/casent0005968_p.jpg,commons,train
865077030,CAS:ANTWEB:casent0005969,casent0005969,casent0005969,p,1320039,Technomyrmex,dolichoderinae,Technomyrmex fisheri,Technomyrmex fisheri Bolton,,SPECIES,,worker,,Antsiranana,"R.S. Manongarivo, 12.8 km 228° SW Antanambao",-13.97667,48.42333,780.0,1998-10-12,Brian L. Fisher,,https://www.antweb.org/images/casent0005969/casent0005969_p_1_high.jpg,casent0005969 profile view 1,April Nobile,Attribution-ShareAlike (BY-SA) Creative Commons License and GNU Free Documentation License (GFDL),"California Academy of Sciences, 2000-2008",GEODETIC_DATUM_ASSUMED_WGS84;CONTINENT_DERIVED_FROM_COORDINATES;COLLECTION_MATCH_NONE;INSTITUTION_MATCH_FUZZY,Technomyrmex,1,data/images/Technomyrmex/casent0005969_p.jpg,commons,train
865077024,CAS:ANTWEB:casent0005970,casent0005970,casent0005970,p,1316784,Tapinoma,dolichoderinae,Tapinoma pallipes,"Technomyrmex pallipes (F.Smith, 1876)",,SPECIES,,worker,,Fianarantsoa,"28 km. SSW Ambositra, Ankazomivady",-20.775,47.16833,1670.0,1998-01-14,Brian L. Fisher,,https://www.antweb.org/images/casent0005970/casent0005970_p_1_high.jpg,casent0005970 profile view 1,April Nobile,Attribution-ShareAlike (BY-SA) Creative Commons License and GNU Free Documentation License (GFDL),"California Academy of Sciences, 2000-2007",GEODETIC_DATUM_ASSUMED_WGS84;CONTINENT_DERIVED_FROM_COORDINATES;COLLECTION_MATCH_NONE;INSTITUTION_MATCH_FUZZY,Tapinoma,1,data/images/Tapinoma/casent0005970_p.jpg,commons,train
865077041,CAS:ANTWEB:casent0005986,casent0005986,casent0005986,p,1320203,Strumigenys,myrmicinae,,"Strumigenys Smith, 1860",,GENUS,,worker,Holotype,Antsiranana,"9.2 km WSW Befingotra, Rés. Anjanaharibe-Sud",-14.75,49.46667,1180.0,1994-11-07,Brian L. Fisher,,https://www.antweb.org/images/casent0005986/casent0005986_p_1_high.jpg,casent0005986 profile view 1,April Nobile,Attribution-ShareAlike (BY-SA) Creative Commons License and GNU Free Documentation License (GFDL),"California Academy of Sciences, 2000-2007",GEODETIC_DATUM_ASSUMED_WGS84;CONTINENT_DERIVED_FROM_COORDINATES;COLLECTION_MATCH_NONE;INSTITUTION_MATCH_FUZZY,Strumigenys,1,data/images/Strumigenys/casent0005986_p.jpg,commons,train
865076997,CAS:ANTWEB:casent0005987,casent0005987,casent0005987,p,1320203,Strumigenys,myrmicinae,Strumigenys victrix,Strumigenys victrix,,SPECIES,,worker,,Fianarantsoa,45km S. Ambalavao,-22.21667,47.01667,785.0,1993-09-25,Brian L. Fisher,,https://www.antweb.org/images/casent0005987/casent0005987_p_1_high.jpg,casent0005987 profile view 1,April Nobile,Attribution-ShareAlike (BY-SA) Creative Commons License and GNU Free Documentation License (GFDL),"California Academy of Sciences, 2000-2007",GEODETIC_DATUM_ASSUMED_WGS84;CONTINENT_DERIVED_FROM_COORDINATES;COLLECTION_MATCH_NONE;INSTITUTION_MATCH_FUZZY,Strumigenys,1,data/images/Strumigenys/casent0005987_p.jpg,commons,train
865077036,CAS:ANTWEB:casent0005988,casent0005988,casent0005988,p,1320203,Strumigenys,myrmicinae,Strumigenys victrix,Strumigenys victrix,,SPECIES,,worker,,Fianarantsoa,45km S. Ambalavao,-22.21667,47.01667,785.0,1993-09-25,Brian L. Fisher,,https://www.antweb.org/images/casent0005988/casent0005988_p_1_high.jpg,casent0005988 profile view 1,April Nobile,Attribution-ShareAlike (BY-SA) Creative Commons License and GNU Free Documentation License (GFDL),"California Academy of Sciences, 2000-2007",GEODETIC_DATUM_ASSUMED_WGS84;CONTINENT_DERIVED_FROM_COORDINATES;COLLECTION_MATCH_NONE;INSTITUTION_MATCH_FUZZY,Strumigenys,1,data/images/Strumigenys/casent0005988_p.jpg,commons,train
865077025,CAS:ANTWEB:casent0005989,casent0005989,casent0005989,p,1321015,Strumigenys,myrmicinae,Pyramica ludovici,"Strumigenys ludovici Forel, 1904",,SPECIES,,worker,,Antsiranana,"Fotodriana, Cap Masoala",-15.69694,50.27028,25.0,1993-11-28,G.D. Alpert,,https://www.antweb.org/images/casent0005989/casent0005989_p_1_high.jpg,casent0005989 profile view 1,April Nobile,Attribution-ShareAlike (BY-SA) Creative Commons License and GNU Free Documentation License (GFDL),"California Academy of Sciences, 2000-2007",GEODETIC_DATUM_ASSUMED_WGS84;CONTINENT_DERIVED_FROM_COORDINATES;COLLECTION_MATCH_NONE;INSTITUTION_MATCH_FUZZY,Pyramica,1,data/images/Strumigenys/casent0005989_p.jpg,commons,train
865077018,CAS:ANTWEB:casent0005990,casent0005990,casent0005990,p,1320203,Strumigenys,myrmicinae,Strumigenys ambatrix,Strumigenys ambatrix,,SPECIES,,worker,Holotype,Toamasina,"5.3 km SSE Ambanizana, Andranobe",-15.67133,49.97395,425.0,1993-11-21,Brian L. Fisher,,https://www.antweb.org/images/casent0005990/casent0005990_p_1_high.jpg,casent0005990 profile view 1,April Nobile,Attribution-ShareAlike (BY-SA) Creative Commons License and GNU Free Documentation License (GFDL),"California Academy of Sciences, 2000-2007",GEODETIC_DATUM_ASSUMED_WGS84;CONTINENT_DERIVED_FROM_COORDINATES;COLLECTION_MATCH_NONE;INSTITUTION_MATCH_FUZZY,Strumigenys,1,data/images/Strumigenys/casent0005990_p.jpg,commons,train
865077003,CAS:ANTWEB:casent0005991,casent0005991,casent0005991,p,1320203,Strumigenys,myrmicinae,Strumigenys fautrix,Strumigenys fautrix,,SPECIES,,worker,,Antananarivo,"10km NE Antananarivo, Sacred Forest",-18.75906,47.56253,1360.0,1992-08-05,G.D. Alpert,,https://www.antweb.org/images/casent0005991/casent0005991_p_1_high.jpg,casent0005991 profile view 1,April Nobile,Attribution-ShareAlike (BY-SA) Creative Commons License and GNU Free Documentation License (GFDL),"California Academy of Sciences, 2000-2007",GEODETIC_DATUM_ASSUMED_WGS84;CONTINENT_DERIVED_FROM_COORDINATES;COLLECTION_MATCH_NONE;INSTITUTION_MATCH_FUZZY,Strumigenys,1,data/images/Strumigenys/casent0005991_p.jpg,commons,test
865077039,CAS:ANTWEB:casent0005992,casent0005992,casent0005992,p,1320203,Strumigenys,myrmicinae,,"Strumigenys Smith, 1860",,GENUS,,worker,Holotype,Mahajanga,"Bongolava, 75 km NW of Tsiroanomandidy, between Ambaravaranala and Beravina, Pref. Tsiroanomandidy",-18.25,45.4,1250.0,1974-12-06/1974-12-11,A. Peyrieras,,https://www.antweb.org/images/casent0005992/casent0005992_p_1_high.jpg,casent0005992 profile view 1,April Nobile,Attribution-ShareAlike (BY-SA) Creative Commons License and GNU Free Documentation License (GFDL),"California Academy of Sciences, 2000-2007",GEODETIC_DATUM_ASSUMED_WGS84;CONTINENT_DERIVED_FROM_COORDINATES;COLLECTION_MATCH_NONE;INSTITUTION_MATCH_FUZZY,Strumigenys,1,data/images/Strumigenys/casent0005992_p.jpg,commons,train
865077031,CAS:ANTWEB:casent0005993,casent0005993,casent0005993,p,1320203,Strumigenys,myrmicinae,,"Strumigenys Smith, 1860",,GENUS,,worker,Holotype,Fianarantsoa,"43 km S Ambalavao, Rés. Andringitra",-22.23333,47.0,825.0,1993-10-09,Brian L. Fisher,,https://www.antweb.org/images/casent0005993/casent0005993_p_1_high.jpg,casent0005993 profile view 1,April Nobile,Attribution-ShareAlike (BY-SA) Creative Commons License and GNU Free Documentation License (GFDL),"California Academy of Sciences, 2000-2007",GEODETIC_DATUM_ASSUMED_WGS84;CONTINENT_DERIVED_FROM_COORDINATES;COLLECTION_MATCH_NONE;INSTITUTION_MATCH_FUZZY,Strumigenys,1,data/images/Strumigenys/casent0005993_p.jpg,commons,train
865077029,CAS:ANTWEB:casent0005994,casent0005994,casent0005994,p,1320203,Strumigenys,myrmicinae,Strumigenys serket,Strumigenys serket,,SPECIES,,worker,Holotype,Toamasina,"6.9 km NE Ambanizana, Ambohitsitondroina",-15.58506,50.00952,825.0,1993-12-02,Brian L. Fisher,,https://www.antweb.org/images/casent0005994/casent0005994_p_1_high.jpg,casent0005994 profile view 1,April Nobile,Attribution-ShareAlike (BY-SA) Creative Commons License and GNU Free Documentation License (GFDL),"California Academy of Sciences, 2000-2007",GEODETIC_DATUM_ASSUMED_WGS84;CONTINENT_DERIVED_FROM_COORDINATES;COLLECTION_MATCH_NONE;INSTITUTION_MATCH_FUZZY,Strumigenys,1,data/images/Strumigenys/casent0005994_p.jpg,commons,train
865077049,CAS:ANTWEB:casent0005995,casent0005995,casent0005995,p,1320203,Strumigenys,myrmicinae,Strumigenys seti,Strumigenys seti,,SPECIES,,worker,Holotype,Antsiranana,"11.0 km WSW Befingotra, Rés. Anjanaharibe-Sud",-14.75,49.45,1565.0,1994-11-16,Brian L. Fisher,,https://www.antweb.org/images/casent0005995/casent0005995_p_1_high.jpg,casent0005995 profile view 1,April Nobile,Attribution-ShareAlike (BY-SA) Creative Commons License and GNU Free Documentation License (GFDL),"California Academy of Sciences, 2000-2007",GEODETIC_DATUM_ASSUMED_WGS84;CONTINENT_DERIVED_FROM_COORDINATES;COLLECTION_MATCH_NONE;INSTITUTION_MATCH_FUZZY,Strumigenys,1,data/images/Strumigenys/casent0005995_p.jpg,commons,test
865077021,CAS:ANTWEB:casent0005996,casent0005996,casent0005996,p,1320203,Strumigenys,myrmicinae,Strumigenys maxillaris,"Strumigenys maxillaris Baroni Urbani, 2007",,SPECIES,,worker,,Antsiranana,"Nosy Be, Lokobe Forest",-13.41639,48.30722,50.0,1992-08-11,G.D. Alpert,,https://www.antweb.org/images/casent0005996/casent0005996_p_1_high.jpg,casent0005996 profile view 1,April Nobile,Attribution-ShareAlike (BY-SA) Creative Commons License and GNU Free Documentation License (GFDL),"California Academy of Sciences, 2000-2007",GEODETIC_DATUM_ASSUMED_WGS84;CONTINENT_DERIVED_FROM_COORDINATES;COLLECTION_MATCH_NONE;INSTITUTION_MATCH_FUZZY,Strumigenys,1,data/images/Strumigenys/casent0005996_p.jpg,commons,test
865077028,CAS:ANTWEB:casent0005999,casent0005999,casent0005999,p,1320203,Strumigenys,myrmicinae,Strumigenys maxillaris,"Strumigenys maxillaris Baroni Urbani, 2007",,SPECIES,,worker,,Antsiranana,"Nosy be, Ambatoloaka",-13.398363,48.20647,1.0,1992-08-10,G.D. Alpert,,https://www.antweb.org/images/casent0005999/casent0005999_p_1_high.jpg,casent0005999 profile view 1,April Nobile,Attribution-ShareAlike (BY-SA) Creative Commons License and GNU Free Documentation License (GFDL),"California Academy of Sciences, 2000-2007",GEODETIC_DATUM_ASSUMED_WGS84;CONTINENT_DERIVED_FROM_COORDINATES;COLLECTION_MATCH_NONE;INSTITUTION_MATCH_FUZZY,Strumigenys,1,data/images/Strumigenys/casent0005999_p.jpg,commons,train
865077056,CAS:ANTWEB:casent0006000,casent0006000,casent0006000,p,1320203,Strumigenys,myrmicinae,Strumigenys erynnes,Strumigenys erynnes,,SPECIES,,worker,Holotype,Fianarantsoa,45km S. Ambalavao,-22.21667,47.01667,785.0,1993-09-25,Brian L. Fisher,,https://www.antweb.org/images/casent0006000/casent0006000_p_1_high.jpg,casent0006000 profile view 1,April Nobile,Attribution-ShareAlike (BY-SA) Creative Commons License and GNU Free Documentation License (GFDL),"California Academy of Sciences, 2000-2007",GEODETIC_DATUM_ASSUMED_WGS84;CONTINENT_DERIVED_FROM_COORDINATES;COLLECTION_MATCH_NONE;INSTITUTION_MATCH_FUZZY,Strumigenys,1,data/images/Strumigenys/casent0006000_p.jpg,commons,train
865077080,CAS:ANTWEB:casent0006026,casent0006026,casent0006026,p,1320203,Strumigenys,myrmicinae,Strumigenys victrix,Strumigenys victrix,,SPECIES,,worker,,Fianarantsoa,45km S. Ambalavao,-22.21667,47.01667,785.0,1993-09-25,Brian L. Fisher,,https://www.antweb.org/images/casent0006026/casent0006026_p_1_high.jpg,casent0006026 profile view 1,April Nobile,Attribution-ShareAlike (BY-SA) Creative Commons License and GNU Free Documentation License (GFDL),"California Academy of Sciences, 2000-2007",GEODETIC_DATUM_ASSUMED_WGS84;CONTINENT_DERIVED_FROM_COORDINATES;COLLECTION_MATCH_NONE;INSTITUTION_MATCH_FUZZY,Strumigenys,1,data/images/Strumigenys/casent0006026_p.jpg,commons,test
865077054,CAS:ANTWEB:casent0006027,casent0006027,casent0006027,p,1321015,Strumigenys,myrmicinae,Pyramica ludovici,"Strumigenys ludovici Forel, 1904",,SPECIES,,worker,,Antsiranana,"Fotodriana, Cap Masoala",-15.69694,50.27028,25.0,1993-11-28,G.D. Alpert,,https://www.antweb.org/images/casent0006027/casent0006027_p_1_high.jpg,casent0006027 profile view 1,April Nobile,Attribution-ShareAlike (BY-SA) Creative Commons License and GNU Free Documentation License (GFDL),"California Academy of Sciences, 2000-2007",GEODETIC_DATUM_ASSUMED_WGS84;CONTINENT_DERIVED_FROM_COORDINATES;COLLECTION_MATCH_NONE;INSTITUTION_MATCH_FUZZY,Pyramica,1,data/images/Strumigenys/casent0006027_p.jpg,gbif_cache,test
865077065,CAS:ANTWEB:casent0006028,casent0006028,casent0006028,p,1320203,Strumigenys,myrmicinae,Strumigenys fautrix,Strumigenys fautrix,,SPECIES,,worker,,Antananarivo,"10km NE Antananarivo, Sacred Forest",-18.75906,47.56253,1360.0,1992-08-05,G.D. Alpert,,https://www.antweb.org/images/casent0006028/casent0006028_p_1_high.jpg,casent0006028 profile view 1,April Nobile,Attribution-ShareAlike (BY-SA) Creative Commons License and GNU Free Documentation License (GFDL),"California Academy of Sciences, 2000-2007",GEODETIC_DATUM_ASSUMED_WGS84;CONTINENT_DERIVED_FROM_COORDINATES;COLLECTION_MATCH_NONE;INSTITUTION_MATCH_FUZZY,Strumigenys,1,data/images/Strumigenys/casent0006028_p.jpg,commons,train
865077130,CAS:ANTWEB:casent0006083,casent0006083,casent0006083,p,1326355,Mystrium,amblyoponinae,Mystrium oberthueri,"Mystrium oberthueri Forel, 1897",,SPECIES,,worker,,Toamasina,"6.3 km S Ambanizana, Andranobe",-15.6813,49.958,25.0,1993-11-14,Brian L. Fisher,Masashi Yoshimura,https://www.antweb.org/images/casent0006083/casent0006083_p_1_high.jpg,casent0006083 profile view 1,April Nobile,Attribution-ShareAlike (BY-SA) Creative Commons License and GNU Free Documentation License (GFDL),"California Academy of Sciences, 2000-2007",GEODETIC_DATUM_ASSUMED_WGS84;CONTINENT_DERIVED_FROM_COORDINATES;COLLECTION_MATCH_NONE;INSTITUTION_MATCH_FUZZY,Mystrium,1,data/images/Mystrium/casent0006083_p.jpg,gbif_cache,train
865077786,CAS:ANTWEB:casent0006839,casent0006839,casent0006839,p,1320039,Technomyrmex,dolichoderinae,Technomyrmex voeltzkowi,"Technomyrmex voeltzkowi (Forel, 1907)",,SPECIES,,worker,,Antsiranana,"Forêt de Bekaraoka, 6.8km 60° ENE Daraina",-13.16667,49.71,150.0,2003-12-07,Brian L. Fisher,Brian L. Fisher,https://www.antweb.org/images/casent0006839/casent0006839_p_1_high.jpg,casent0006839 profile view 1,April Nobile,Attribution-ShareAlike (BY-SA) Creative Commons License and GNU Free Documentation License (GFDL),"California Academy of Sciences, 2000-2007",GEODETIC_DATUM_ASSUMED_WGS84;CONTINENT_DERIVED_FROM_COORDINATES;COLLECTION_MATCH_NONE;INSTITUTION_MATCH_FUZZY,Technomyrmex,1,data/images/Technomyrmex/casent0006839_p.jpg,commons,train
865078150,CAS:ANTWEB:casent0007734,casent0007734,casent0007734,p,1319461,Anochetus,ponerinae,Anochetus grandidieri,"Anochetus grandidieri Forel, 1891",,SPECIES,,worker,,Fianarantsoa,"P.N. Ranomafana, Vatoharanana-Ankovoka",-21.29073,47.42615,940.0,2003-03-13/2003-04-01,V. Clark,,https://www.antweb.org/images/casent0007734/casent0007734_p_1_high.jpg,casent0007734 profile view 1,April Nobile,Attribution-ShareAlike (BY-SA) Creative Commons License and GNU Free Documentation License (GFDL),"California Academy of Sciences, 2000-2007",GEODETIC_DATUM_ASSUMED_WGS84;CONTINENT_DERIVED_FROM_COORDINATES;COLLECTION_MATCH_NONE;INSTITUTION_MATCH_FUZZY,Anochetus,1,data/images/Anochetus/casent0007734_p.jpg,commons,train
865078176,CAS:ANTWEB:casent0007735,casent0007735,casent0007735,p,4673740,Nylanderia,formicinae,Nylanderia amblyops,Nylanderia amblyops,,SPECIES,,worker,,Fianarantsoa,"P.N. Ranomafana, Vatoharanana-Ankovoka",-21.29073,47.42615,940.0,2003-03-13/2003-04-01,V. Clark,,https://www.antweb.org/images/casent0007735/casent0007735_p_1_high.jpg,casent0007735 profile view 1,April Nobile,Attribution-ShareAlike (BY-SA) Creative Commons License and GNU Free Documentation License (GFDL),"California Academy of Sciences, 2000-2007",GEODETIC_DATUM_ASSUMED_WGS84;CONTINENT_DERIVED_FROM_COORDINATES;COLLECTION_MATCH_NONE;INSTITUTION_MATCH_FUZZY,Nylanderia,1,data/images/Nylanderia/casent0007735_p.jpg,commons,train
865078131,CAS:ANTWEB:casent0007736,casent0007736,casent0007736,p,1323128,Tetramorium,myrmicinae,Tetramorium electrum,"Tetramorium electrum Bolton, 1979",,SPECIES,,worker,,Fianarantsoa,"P.N. Ranomafana, Tolongoina-Ampasimpotsy",-21.47993,47.55707,577.0,2003-03-13/2003-04-01,V. Clark,,https://www.antweb.org/images/casent0007736/casent0007736_p_1_high.jpg,casent0007736 profile view 1,April Nobile,Attribution-ShareAlike (BY-SA) Creative Commons License and GNU Free Documentation License (GFDL),"California Academy of Sciences, 2000-2007",GEODETIC_DATUM_ASSUMED_WGS84;CONTINENT_DERIVED_FROM_COORDINATES;COLLECTION_MATCH_NONE;INSTITUTION_MATCH_FUZZY,Tetramorium,1,data/images/Tetramorium/casent0007736_p.jpg,commons,train
865078363,CAS:ANTWEB:casent0008659,casent0008659,casent0008659,p,1316784,Tapinoma,dolichoderinae,Tapinoma melanocephalum,"Tapinoma melanocephalum (Fabricius, 1793)",,SPECIES,,worker,,Mahajanga,"Parc National de Baie de Baly, 12.4 km 337° NNW Soalala",-16.01,45.265,10.0,2002-11-26/2002-11-30,Brian L. Fisher|Charles E. Griswold|Malagasy Arthropod Team,Brian L. Fisher,https://www.antweb.org/images/casent0008659/casent0008659_p_1_high.jpg,casent0008659 profile view 1,April Nobile,Attribution-ShareAlike (BY-SA) Creative Commons License and GNU Free Documentation License (GFDL),"California Academy of Sciences, 2000-2007",GEODETIC_DATUM_ASSUMED_WGS84;CONTINENT_DERIVED_FROM_COORDINATES;COLLECTION_MATCH_NONE;INSTITUTION_MATCH_FUZZY,Tapinoma,1,data/images/Tapinoma/casent0008659_p.jpg,commons,test
865078682,CAS:ANTWEB:casent0009349,casent0009349,casent0009349,p,1326355,Mystrium,amblyoponinae,Mystrium rogeri,"Mystrium rogeri Forel, 1899",,SPECIES,,worker,,Fianarantsoa,"2km W Andrambovato, along river Tatamaly",-21.51167,47.41,1075.0,2005-06-03/2005-06-05,Brian L. Fisher|Malagasy Arthropod Team,Masashi Yoshimura,https://www.antweb.org/images/casent0009349/casent0009349_p_1_high.jpg,casent0009349 profile view 1,April Nobile,Attribution-ShareAlike (BY-SA) Creative Commons License and GNU Free Documentation License (GFDL),"California Academy of Sciences, 2000-2008",GEODETIC_DATUM_ASSUMED_WGS84;CONTINENT_DERIVED_FROM_COORDINATES;COLLECTION_MATCH_NONE;INSTITUTION_MATCH_FUZZY,Mystrium,1,data/images/Mystrium/casent0009349_p.jpg,commons,train
865078601,CAS:ANTWEB:casent0009409,casent0009409,casent0009409,p,1317162,Odontomachus,ponerinae,Odontomachus coquereli,"Odontomachus coquereli Roger, 1861",,SPECIES,,worker,,Antsiranana,"6.5 km SSW Befingotra, Rés. Anjanaharibe-Sud",-14.75,49.5,875.0,1994-10-23,Brian L. Fisher,,https://www.antweb.org/images/casent0009409/casent0009409_p_1_high.jpg,casent0009409 profile view 1,April Nobile,Attribution-ShareAlike (BY-SA) Creative Commons License and GNU Free Documentation License (GFDL),"California Academy of Sciences, 2000-2008",GEODETIC_DATUM_ASSUMED_WGS84;CONTINENT_DERIVED_FROM_COORDINATES;COLLECTION_MATCH_NONE;INSTITUTION_MATCH_FUZZY,Odontomachus,1,data/images/Odontomachus/casent0009409_p.jpg,commons,train
865079483,CAS:ANTWEB:casent0009965,casent0009965,casent0009965,p,1326355,Mystrium,amblyoponinae,Mystrium rogeri,"Mystrium rogeri Forel, 1899",,SPECIES,,worker,,Fianarantsoa,"Parc National Befotaka-Midongy, Papango 27.7km S Midongy-Sud, Mount Papango",-23.83517,46.96367,940.0,2006-11-14,Brian L. Fisher|Malagasy Arthropod Team,,https://www.antweb.org/images/casent0009965/casent0009965_p_1_high.jpg,casent0009965 profile view 1,April Nobile,Attribution-ShareAlike (BY-SA) Creative Commons License and GNU Free Documentation License (GFDL),"California Academy of Sciences, 2000-2007",GEODETIC_DATUM_ASSUMED_WGS84;CONTINENT_DERIVED_FROM_COORDINATES;COLLECTION_MATCH_NONE;INSTITUTION_MATCH_FUZZY,Mystrium,1,data/images/Mystrium/casent0009965_p.jpg,commons,train
865079449,CAS:ANTWEB:casent0009966,casent0009966,casent0009966,p,1326355,Mystrium,amblyoponinae,Mystrium rogeri,"Mystrium rogeri Forel, 1899",,SPECIES,,worker,,Fianarantsoa,"Parc National Befotaka-Midongy, Papango 27.7km S Midongy-Sud, Mount Papango",-23.83517,46.96367,940.0,2006-11-14,Brian L. Fisher|Malagasy Arthropod Team,,https://www.antweb.org/images/casent0009966/casent0009966_p_1_high.jpg,casent0009966 profile view 1,April Nobile,Attribution-ShareAlike (BY-SA) Creative Commons License and GNU Free Documentation License (GFDL),"California Academy of Sciences, 2000-2007",GEODETIC_DATUM_ASSUMED_WGS84;CONTINENT_DERIVED_FROM_COORDINATES;COLLECTION_MATCH_NONE;INSTITUTION_MATCH_FUZZY,Mystrium,1,data/images/Mystrium/casent0009966_p.jpg,commons,train
865079469,CAS:ANTWEB:casent0009967,casent0009967,casent0009967,p,1326355,Mystrium,amblyoponinae,Mystrium rogeri,"Mystrium rogeri Forel, 1899",,SPECIES,,worker,,Fianarantsoa,"Parc National Befotaka-Midongy, Papango 27.7km S Midongy-Sud, Mount Papango",-23.83517,46.96367,940.0,2006-11-14,Brian L. Fisher|Malagasy Arthropod Team,,https://www.antweb.org/images/casent0009967/casent0009967_p_1_high.jpg,casent0009967 profile view 1,April Nobile,Attribution-ShareAlike (BY-SA) Creative Commons License and GNU Free Documentation License (GFDL),"California Academy of Sciences, 2000-2007",GEODETIC_DATUM_ASSUMED_WGS84;CONTINENT_DERIVED_FROM_COORDINATES;COLLECTION_MATCH_NONE;INSTITUTION_MATCH_FUZZY,Mystrium,1,data/images/Mystrium/casent0009967_p.jpg,commons,train
865079461,CAS:ANTWEB:casent0009968,casent0009968,casent0009968,p,1326355,Mystrium,amblyoponinae,Mystrium rogeri,"Mystrium rogeri Forel, 1899",,SPECIES,,worker,,Fianarantsoa,"Parc National Befotaka-Midongy, Papango 27.7km S Midongy-Sud, Mount Papango",-23.83517,46.96367,940.0,2006-11-14,Brian L. Fisher|Malagasy Arthropod Team,,https://www.antweb.org/images/casent0009968/casent0009968_p_1_high.jpg,casent0009968 profile view 1,April Nobile,Attribution-ShareAlike (BY-SA) Creative Commons License and GNU Free Documentation License (GFDL),"California Academy of Sciences, 2000-2007",GEODETIC_DATUM_ASSUMED_WGS84;CONTINENT_DERIVED_FROM_COORDINATES;COLLECTION_MATCH_NONE;INSTITUTION_MATCH_FUZZY,Mystrium,1,data/images/Mystrium/casent0009968_p.jpg,commons,train
865079501,CAS:ANTWEB:casent0009969,casent0009969,casent0009969,p,1326355,Mystrium,amblyoponinae,Mystrium rogeri,"Mystrium rogeri Forel, 1899",,SPECIES,,worker,,Fianarantsoa,"Parc National Befotaka-Midongy, Papango 27.7km S Midongy-Sud, Mount Papango",-23.83517,46.96367,940.0,2006-11-14,Brian L. Fisher|Malagasy Arthropod Team,,https://www.antweb.org/images/casent0009969/casent0009969_p_1_high.jpg,casent0009969 profile view 1,April Nobile,Attribution-ShareAlike (BY-SA) Creative Commons License and GNU Free Documentation License (GFDL),"California Academy of Sciences, 2000-2007",GEODETIC_DATUM_ASSUMED_WGS84;CONTINENT_DERIVED_FROM_COORDINATES;COLLECTION_MATCH_NONE;INSTITUTION_MATCH_FUZZY,Mystrium,1,data/images/Mystrium/casent0009969_p.jpg,commons,train
865079641,CAS:ANTWEB:casent0010765,casent0010765,casent0010765,p,1314419,Monomorium,myrmicinae,Monomorium termitobium,"Monomorium termitobium Forel, 1892",,SPECIES,,worker,Lectotype,Toamasina,[Mangoro ufer]; Ambohibary; Moramanga,-18.8833,48.1167,861.0,,,B.E. Heterick,https://www.antweb.org/images/casent0010765/casent0010765_p_1_high.jpg,casent0010765 profile view 1,April Nobile,Attribution-ShareAlike (BY-SA) Creative Commons License and GNU Free Documentation License (GFDL),"California Academy of Sciences, 2000-2007",GEODETIC_DATUM_ASSUMED_WGS84;CONTINENT_DERIVED_FROM_COORDINATES;COLLECTION_MATCH_NONE;INSTITUTION_MATCH_FUZZY,Monomorium,1,data/images/Monomorium/casent0010765_p.jpg,commons,test
865079841,CAS:ANTWEB:casent0010867,casent0010867,casent0010867,p,4681352,Syllophopsis,myrmicinae,Syllophopsis infusca,Syllophopsis infusca,,SPECIES,,worker,,Toamasina,"6.9 km NE Ambanizana, Ambohitsitondroina",-15.58506,50.00952,825.0,1993-12-08,Brian L. Fisher,,https://www.antweb.org/images/casent0010867/casent0010867_p_1_high.jpg,casent0010867 profile view 1,April Nobile,Attribution-ShareAlike (BY-SA) Creative Commons License and GNU Free Documentation License (GFDL),"California Academy of Sciences, 2000-2008",GEODETIC_DATUM_ASSUMED_WGS84;CONTINENT_DERIVED_FROM_COORDINATES;COLLECTION_MATCH_NONE;INSTITUTION_MATCH_FUZZY,Syllophopsis,1,data/images/Syllophopsis/casent0010867_p.jpg,commons,test
865080041,CAS:ANTWEB:casent0011075,casent0011075,casent0011075,p,1325265,Cataulacus,myrmicinae,Cataulacus porcatus,"Cataulacus porcatus Emery, 1899",,SPECIES,,worker,,Toamasina,"S.F. Tampolo, 10 km NNE Fenoarivo Atn.",-17.2825,49.43,10.0,1997-04-10,Brian L. Fisher,,https://www.antweb.org/images/casent0011075/casent0011075_p_1_high.jpg,casent0011075 profile view 1,Erin Prado,Attribution-ShareAlike (BY-SA) Creative Commons License and GNU Free Documentation License (GFDL),"California Academy of Sciences, 2000-2008",GEODETIC_DATUM_ASSUMED_WGS84;CONTINENT_DERIVED_FROM_COORDINATES;COLLECTION_MATCH_NONE;INSTITUTION_MATCH_FUZZY,Cataulacus,1,data/images/Cataulacus/casent0011075_p.jpg,commons,test
865080818,CAS:ANTWEB:casent0012835,casent0012835,casent0012835,p,1319181,Tetraponera,pseudomyrmecinae,Tetraponera morondaviensis,"Tetraponera morondaviensis (Forel, 1891)",,SPECIES,,worker,,Toliary,"Rés. Beza Mahafaly, Parcel 2",-23.68333,44.56667,200.0,1993-02-14,P.S. Ward,,https://www.antweb.org/images/casent0012835/casent0012835_p_1_high.jpg,casent0012835 profile view 1,April Nobile,Attribution-ShareAlike (BY-SA) Creative Commons License and GNU Free Documentation License (GFDL),"California Academy of Sciences, 2000-2008",GEODETIC_DATUM_ASSUMED_WGS84;CONTINENT_DERIVED_FROM_COORDINATES;COLLECTION_MATCH_NONE;INSTITUTION_MATCH_FUZZY,Tetraponera,1,data/images/Tetraponera/casent0012835_p.jpg,commons,train
865080894,CAS:ANTWEB:casent0012838,casent0012838,casent0012838,p,1319181,Tetraponera,pseudomyrmecinae,Tetraponera perlonga,"Tetraponera perlonga Santschi, 1928",,SPECIES,,worker,,Toliara,7km NW Ranopiso,-25.01667,46.63333,100.0,1993-02-10,P.S. Ward,,https://www.antweb.org/images/casent0012838/casent0012838_p_1_high.jpg,casent0012838 profile view 1,April Nobile,Attribution-ShareAlike (BY-SA) Creative Commons License and GNU Free Documentation License (GFDL),"California Academy of Sciences, 2000-2008",GEODETIC_DATUM_ASSUMED_WGS84;CONTINENT_DERIVED_FROM_COORDINATES;COLLECTION_MATCH_NONE;INSTITUTION_MATCH_FUZZY,Tetraponera,1,data/images/Tetraponera/casent0012838_p.jpg,commons,test
865080967,CAS:ANTWEB:casent0012841,casent0012841,casent0012841,p,1319181,Tetraponera,pseudomyrmecinae,Tetraponera rakotonis,"Tetraponera rakotonis (Forel, 1891)",,SPECIES,,worker,,Toliara,"Res. Beza Mahafaly, Parcel 1",-23.65,44.63333,130.0,1993-02-13,P.S. Ward,,https://www.antweb.org/images/casent0012841/casent0012841_p_1_high.jpg,casent0012841 profile view 1,April Nobile,Attribution-ShareAlike (BY-SA) Creative Commons License and GNU Free Documentation License (GFDL),"California Academy of Sciences, 2000-2008",GEODETIC_DATUM_ASSUMED_WGS84;CONTINENT_DERIVED_FROM_COORDINATES;COLLECTION_MATCH_NONE;INSTITUTION_MATCH_FUZZY,Tetraponera,1,data/images/Tetraponera/casent0012841_p.jpg,commons,train
865080994,CAS:ANTWEB:casent0012842,casent0012842,casent0012842,p,1319181,Tetraponera,pseudomyrmecinae,Tetraponera hysterica,"Tetraponera hysterica (Forel, 1892)",,SPECIES,,worker,,Toliara,"Res. Andohaela, 5 km WNW Mandiso",-24.86667,46.78333,400.0,1993-02-07,P.S. Ward,,https://www.antweb.org/images/casent0012842/casent0012842_p_1_high.jpg,casent0012842 profile view 1,April Nobile,Attribution-ShareAlike (BY-SA) Creative Commons License and GNU Free Documentation License (GFDL),"California Academy of Sciences, 2000-2008",GEODETIC_DATUM_ASSUMED_WGS84;CONTINENT_DERIVED_FROM_COORDINATES;COLLECTION_MATCH_NONE;INSTITUTION_MATCH_FUZZY,Tetraponera,1,data/images/Tetraponera/casent0012842_p.jpg,commons,train
865081043,CAS:ANTWEB:casent0012845,casent0012845,casent0012845,p,1319181,Tetraponera,pseudomyrmecinae,Tetraponera mandibularis,"Tetraponera mandibularis (Emery, 1895)",,SPECIES,,worker,,Antsiranana,3km NE Ambohitra (=Joffreville),-12.46667,49.21667,520.0,1990-12-01,P.S. Ward,,https://www.antweb.org/images/casent0012845/casent0012845_p_1_high.jpg,casent0012845 profile view 1,April Nobile,Attribution-ShareAlike (BY-SA) Creative Commons License and GNU Free Documentation License (GFDL),"California Academy of Sciences, 2000-2008",GEODETIC_DATUM_ASSUMED_WGS84;CONTINENT_DERIVED_FROM_COORDINATES;COLLECTION_MATCH_NONE;INSTITUTION_MATCH_FUZZY,Tetraponera,1,data/images/Tetraponera/casent0012845_p.jpg,commons,train
865081169,CAS:ANTWEB:casent0012850,casent0012850,casent0012850,p,1319181,Tetraponera,pseudomyrmecinae,Tetraponera diana,"Tetraponera diana (Santschi, 1911)",,SPECIES,,worker,,Antananarivo,"Ambohitantely, nr. Ankazobe",-18.16667,47.28333,,1983-11-17,L.A. Nilsson|L. Jonsson,,https://www.antweb.org/images/casent0012850/casent0012850_p_1_high.jpg,casent0012850 profile view 1,April Nobile,Attribution-ShareAlike (BY-SA) Creative Commons License and GNU Free Documentation License (GFDL),"California Academy of Sciences, 2000-2008",GEODETIC_DATUM_ASSUMED_WGS84;CONTINENT_DERIVED_FROM_COORDINATES;COLLECTION_MATCH_NONE;INSTITUTION_MATCH_FUZZY,Tetraponera,1,data/images/Tetraponera/casent0012850_p.jpg,commons,train
865081194,CAS:ANTWEB:casent0012851,casent0012851,casent0012851,p,1319181,Tetraponera,pseudomyrmecinae,Tetraponera sahlbergii,"Tetraponera sahlbergii (Forel, 1887)",,SPECIES,,worker,,Antananarivo,"1km NE Ambalavao, nr. Antananarivo",-19.08333,47.53333,1350.0,1993-02-20,P.S. Ward,,https://www.antweb.org/images/casent0012851/casent0012851_p_1_high.jpg,casent0012851 profile view 1,April Nobile,Attribution-ShareAlike (BY-SA) Creative Commons License and GNU Free Documentation License (GFDL),"California Academy of Sciences, 2000-2008",GEODETIC_DATUM_ASSUMED_WGS84;CONTINENT_DERIVED_FROM_COORDINATES;COLLECTION_MATCH_NONE;INSTITUTION_MATCH_FUZZY,Tetraponera,1,data/images/Tetraponera/casent0012851_p.jpg,commons,train
865081084,CAS:ANTWEB:casent0012854,casent0012854,casent0012854,p,1319181,Tetraponera,pseudomyrmecinae,Tetraponera fictrix,"Tetraponera fictrix (Forel, 1897)",,SPECIES,,worker,,Toliara,"Res. Beza Mahafaly, Parcel 1",-23.65,44.63333,130.0,1993-02-12,P.S. Ward,,https://www.antweb.org/images/casent0012854/casent0012854_p_1_high.jpg,casent0012854 profile view 1,April Nobile,Attribution-ShareAlike (BY-SA) Creative Commons License and GNU Free Documentation License (GFDL),"California Academy of Sciences, 2000-2008",GEODETIC_DATUM_ASSUMED_WGS84;CONTINENT_DERIVED_FROM_COORDINATES;COLLECTION_MATCH_NONE;INSTITUTION_MATCH_FUZZY,Tetraponera,1,data/images/Tetraponera/casent0012854_p.jpg,commons,train
865081190,CAS:ANTWEB:casent0012858,casent0012858,casent0012858,p,1319181,Tetraponera,pseudomyrmecinae,Tetraponera exasciata,"Tetraponera exasciata (Forel, 1892)",,SPECIES,,worker,,Fianarantsoa,45 km S Ambalavao,-22.21667,47.01667,720.0,1993-09-25,Brian L. Fisher,,https://www.antweb.org/images/casent0012858/casent0012858_p_1_high.jpg,casent0012858 profile view 1,April Nobile,Attribution-ShareAlike (BY-SA) Creative Commons License and GNU Free Documentation License (GFDL),"California Academy of Sciences, 2000-2008",GEODETIC_DATUM_ASSUMED_WGS84;CONTINENT_DERIVED_FROM_COORDINATES;COLLECTION_MATCH_NONE;INSTITUTION_MATCH_FUZZY,Tetraponera,1,data/images/Tetraponera/casent0012858_p.jpg,commons,train
865081052,CAS:ANTWEB:casent0012861,casent0012861,casent0012861,p,1319181,Tetraponera,pseudomyrmecinae,Tetraponera grandidieri,"Tetraponera grandidieri (Forel, 1891)",,SPECIES,,worker,,Toamasina,1km SSW Andasibe (=Perinet),-18.93333,48.41667,920.0,1990-11-16,P.S. Ward,,https://www.antweb.org/images/casent0012861/casent0012861_p_1_high.jpg,casent0012861 profile view 1,April Nobile,Attribution-ShareAlike (BY-SA) Creative Commons License and GNU Free Documentation License (GFDL),"California Academy of Sciences, 2000-2008",GEODETIC_DATUM_ASSUMED_WGS84;CONTINENT_DERIVED_FROM_COORDINATES;COLLECTION_MATCH_NONE;INSTITUTION_MATCH_FUZZY,Tetraponera,1,data/images/Tetraponera/casent0012861_p.jpg,commons,train
865082938,CAS:ANTWEB:casent0016361,casent0016361,casent0016361,p,1314419,Monomorium,myrmicinae,Monomorium xuthosoma,Monomorium xuthosoma Heterick,,SPECIES,,worker,,Toliara,"Mahafaly Plateau, 6.2 km 74° ENE Itampolo",-24.65361,43.99667,80.0,2002-02-21/2002-02-25,Brian L. Fisher|Charles E. Griswold|Malagasy Arthropod Team,,https://www.antweb.org/images/casent0016361/casent0016361_p_1_high.jpg,casent0016361 profile view 1,April Nobile,Attribution-ShareAlike (BY-SA) Creative Commons License and GNU Free Documentation License (GFDL),"California Academy of Sciences, 2000-2008",GEODETIC_DATUM_ASSUMED_WGS84;CONTINENT_DERIVED_FROM_COORDINATES;COLLECTION_MATCH_NONE;INSTITUTION_MATCH_FUZZY,Monomorium,1,data/images/Monomorium/casent0016361_p.jpg,commons,train
865083009,CAS:ANTWEB:casent0016783,casent0016783,casent0016783,p,1316784,Tapinoma,dolichoderinae,Tapinoma pallipes,"Technomyrmex pallipes (F.Smith, 1876)",,SPECIES,,worker,,Toliara,"Parc National d'Andohahela, Forêt d'Ambohibory, 1.7 km 61° ENE Tsimelahy, 36.1 km 308° NW Tolagnaro",-24.93,46.6455,300.0,2002-01-16/2002-01-20,Brian L. Fisher|Charles E. Griswold|Malagasy Arthropod Team,,https://www.antweb.org/images/casent0016783/casent0016783_p_1_high.jpg,casent0016783 profile view 1,April Nobile,Attribution-ShareAlike (BY-SA) Creative Commons License and GNU Free Documentation License (GFDL),"California Academy of Sciences, 2000-2008",GEODETIC_DATUM_ASSUMED_WGS84;CONTINENT_DERIVED_FROM_COORDINATES;COLLECTION_MATCH_NONE;INSTITUTION_MATCH_FUZZY,Tapinoma,1,data/images/Tapinoma/casent0016783_p.jpg,commons,train
865083035,CAS:ANTWEB:casent0017663,casent0017663,casent0017663,p,1315863,Aphaenogaster,myrmicinae,Aphaenogaster swammerdami,"Aphaenogaster swammerdami Forel, 1886",,SPECIES,,worker,,Toliara,"Réserve Privé Berenty, Forêt de Bealoka, Mandraré River, 14.6 km 329° NNW Amboasary",-24.95694,46.2715,35.0,2002-02-03/2002-02-08,Brian L. Fisher|Charles E. Griswold|Malagasy Arthropod Team,,https://www.antweb.org/images/casent0017663/casent0017663_p_1_high.jpg,casent0017663 profile view 1,April Nobile,Attribution-ShareAlike (BY-SA) Creative Commons License and GNU Free Documentation License (GFDL),"California Academy of Sciences, 2000-2007",GEODETIC_DATUM_ASSUMED_WGS84;CONTINENT_DERIVED_FROM_COORDINATES;COLLECTION_MATCH_NONE;INSTITUTION_MATCH_FUZZY,Aphaenogaster,1,data/images/Aphaenogaster/casent0017663_p.jpg,commons,train
865083293,CAS:ANTWEB:casent0019207,casent0019207,casent0019207,p,1323128,Tetramorium,myrmicinae,Tetramorium hobbit,"Tetramorium hobbit Hita Garcia & Fisher, 2014",,SPECIES,,worker,Holotype,Toliara,"Parc National de Tsimanampetsotsa, Forêt de Bemanateza, 20.7 km 81° E Efoetse, 23.0 km 131° SE Beheloka",-23.99222,43.88067,90.0,2002-03-22/2002-03-26,Brian L. Fisher|Charles E. Griswold|Malagasy Arthropod Team,F. Hita Garcia,https://www.antweb.org/images/casent0019207/casent0019207_p_1_high.jpg,casent0019207 profile view 1,Cerise Chen,Attribution-ShareAlike (BY-SA) Creative Commons License and GNU Free Documentation License (GFDL),"California Academy of Sciences, 2000-2012",GEODETIC_DATUM_ASSUMED_WGS84;CONTINENT_DERIVED_FROM_COORDINATES;COLLECTION_MATCH_NONE;INSTITUTION_MATCH_FUZZY,Tetramorium,1,data/images/Tetramorium/casent0019207_p.jpg,gbif_cache,test
865083325,CAS:ANTWEB:casent0019273,casent0019273,casent0019273,p,7748512,Royidris,myrmicinae,Royidris gravipuncta,Royidris gravipuncta Bolton & Fisher,,SPECIES,,worker,,Toliara,"Forêt de Mahavelo, Isantoria River",-24.75833,46.15717,110.0,2002-01-28/2002-02-01,Brian L. Fisher|Charles E. Griswold|Malagasy Arthropod Team,Barry Bolton,https://www.antweb.org/images/casent0019273/casent0019273_p_1_high.jpg,casent0019273 profile view 1,April Nobile,Attribution-ShareAlike (BY-SA) Creative Commons License and GNU Free Documentation License (GFDL),"California Academy of Sciences, 2000-2008",GEODETIC_DATUM_ASSUMED_WGS84;CONTINENT_DERIVED_FROM_COORDINATES;COLLECTION_MATCH_NONE;INSTITUTION_MATCH_FUZZY,Royidris,1,data/images/Royidris/casent0019273_p.jpg,commons,train
865083471,CAS:ANTWEB:casent0020200,casent0020200,casent0020200,p,1314419,Monomorium,myrmicinae,Monomorium nigricans,Monomorium nigricans Heterick,,SPECIES,,worker,Holotype,Toliara,"Réserve Spéciale de Cap Sainte Marie, 12.3 km 262° W Marovato",-25.58167,45.16833,200.0,2002-02-11/2002-02-15,Brian L. Fisher|Charles E. Griswold|Malagasy Arthropod Team,,https://www.antweb.org/images/casent0020200/casent0020200_p_1_high.jpg,casent0020200 profile view 1,April Nobile,Attribution-ShareAlike (BY-SA) Creative Commons License and GNU Free Documentation License (GFDL),"California Academy of Sciences, 2000-2008",GEODETIC_DATUM_ASSUMED_WGS84;CONTINENT_DERIVED_FROM_COORDINATES;COLLECTION_MATCH_NONE;INSTITUTION_MATCH_FUZZY,Monomorium,1,data/images/Monomorium/casent0020200_p.jpg,commons,train
865083523,CAS:ANTWEB:casent0020507,casent0020507,casent0020507,p,1314419,Monomorium,myrmicinae,Monomorium xuthosoma,Monomorium xuthosoma Heterick,,SPECIES,,worker,Holotype,Toliara,"Parc National de Tsimanampetsotsa, 6.7 km 130° SE Efoetse, 23.0 km 175° S Beheloka",-24.10056,43.76,25.0,2002-03-18/2002-03-22,Brian L. Fisher|Charles E. Griswold|Malagasy Arthropod Team,,https://www.antweb.org/images/casent0020507/casent0020507_p_1_high.jpg,casent0020507 profile view 1,April Nobile,Attribution-ShareAlike (BY-SA) Creative Commons License and GNU Free Documentation License (GFDL),"California Academy of Sciences, 2000-2008",GEODETIC_DATUM_ASSUMED_WGS84;CONTINENT_DERIVED_FROM_COORDINATES;COLLECTION_MATCH_NONE;INSTITUTION_MATCH_FUZZY,Monomorium,1,data/images/Monomorium/casent0020507_p.jpg,gbif_cache,train
865083560,CAS:ANTWEB:casent0020786,casent0020786,casent0020786,p,7748512,Royidris,myrmicinae,Royidris depilosa,Royidris depilosa Bolton & Fisher,,SPECIES,,worker,Holotype,Toliara,"Parc National de Tsimanampetsotsa, 6.7 km 130° SE Efoetse, 23.0 km 175° S Beheloka",-24.10056,43.76,25.0,2002-03-18/2002-03-22,Brian L. Fisher|Charles E. Griswold|Malagasy Arthropod Team,Barry Bolton,https://www.antweb.org/images/casent0020786/casent0020786_p_1_high.jpg,casent0020786 profile view 1,Michele Esposito,Attribution-ShareAlike (BY-SA) Creative Commons License and GNU Free Documentation License (GFDL),"California Academy of Sciences, 2000-2012",GEODETIC_DATUM_ASSUMED_WGS84;CONTINENT_DERIVED_FROM_COORDINATES;COLLECTION_MATCH_NONE;INSTITUTION_MATCH_FUZZY,Royidris,1,data/images/Royidris/casent0020786_p.jpg,gbif_cache,train
865084004,CAS:ANTWEB:casent0023410,casent0023410,casent0023410,p,4681352,Syllophopsis,myrmicinae,Syllophopsis hildebrandti,"Syllophopsis hildebrandti (Forel, 1892)",,SPECIES,,worker,,Mahajanga,"Réserve Spéciale de Bemarivo, 23.8 km 223° SW Besalampy",-16.925,44.36833,30.0,2002-11-19/2002-11-23,Brian L. Fisher|Charles E. Griswold|Malagasy Arthropod Team,,https://www.antweb.org/images/casent0023410/casent0023410_p_1_high.jpg,casent0023410 profile view 1,April Nobile,Attribution-ShareAlike (BY-SA) Creative Commons License and GNU Free Documentation License (GFDL),"California Academy of Sciences, 2000-2008",GEODETIC_DATUM_ASSUMED_WGS84;CONTINENT_DERIVED_FROM_COORDINATES;COLLECTION_MATCH_NONE;INSTITUTION_MATCH_FUZZY,Syllophopsis,1,data/images/Syllophopsis/casent0023410_p.jpg,commons,train
865084273,CAS:ANTWEB:casent0025716,casent0025716,casent0025716,p,1314419,Monomorium,myrmicinae,Monomorium chnodes,Monomorium chnodes Heterick,,SPECIES,,worker,Holotype,Toamasina,Montagne d'Akirindro 7.6 km 341° NNW Ambinanitelo,-15.28833,49.54833,600.0,2003-03-17/2003-03-21,Brian L. Fisher|Charles E. Griswold|Malagasy Arthropod Team,,https://www.antweb.org/images/casent0025716/casent0025716_p_1_high.jpg,casent0025716 profile view 1,April Nobile,Attribution-ShareAlike (BY-SA) Creative Commons License and GNU Free Documentation License (GFDL),"California Academy of Sciences, 2000-2008",GEODETIC_DATUM_ASSUMED_WGS84;CONTINENT_DERIVED_FROM_COORDINATES;COLLECTION_MATCH_NONE;INSTITUTION_MATCH_FUZZY,Monomorium,1,data/images/Monomorium/casent0025716_p.jpg,commons,train
865084677,CAS:ANTWEB:casent0026710,casent0026710,casent0026710,p,4681352,Syllophopsis,myrmicinae,Syllophopsis modesta,Syllophopsis modesta,,SPECIES,,worker,,Fianarantsoa,"Parc National de Ranomafana, Vatoharanana River, 4.1 km 231° SW Ranomafana",-21.29,47.43333,1100.0,2003-03-27/2003-03-31,Brian L. Fisher|Charles E. Griswold|Malagasy Arthropod Team,,https://www.antweb.org/images/casent0026710/casent0026710_p_1_high.jpg,casent0026710 profile view 1,April Nobile,Attribution-ShareAlike (BY-SA) Creative Commons License and GNU Free Documentation License (GFDL),"California Academy of Sciences, 2000-2008",GEODETIC_DATUM_ASSUMED_WGS84;CONTINENT_DERIVED_FROM_COORDINATES;COLLECTION_MATCH_NONE;INSTITUTION_MATCH_FUZZY,Syllophopsis,1,data/images/Syllophopsis/casent0026710_p.jpg,commons,train
865084477,CAS:ANTWEB:casent0027983,casent0027983,casent0027983,p,4673663,Bothroponera,ponerinae,Bothroponera cambouei,"Bothroponera cambouei Forel, 1891",,SPECIES,,worker,,Majunga,"Réserve Spéciale d'Ambohijanahary, Forêt d'Ankazotsihitafototra, 35.2 km 312° NW Ambaravaranala",-18.26667,45.40667,1050.0,2003-01-13/2003-01-17,Brian L. Fisher|Charles E. Griswold|Malagasy Arthropod Team,Jean Claude Rakotonirina,https://www.antweb.org/images/casent0027983/casent0027983_p_1_high.jpg,casent0027983 profile view 1,April Nobile,Attribution-ShareAlike (BY-SA) Creative Commons License and GNU Free Documentation License (GFDL),"California Academy of Sciences, 2000-2007",GEODETIC_DATUM_ASSUMED_WGS84;CONTINENT_DERIVED_FROM_COORDINATES;COLLECTION_MATCH_NONE;INSTITUTION_MATCH_FUZZY,Bothroponera,1,data/images/Bothroponera/casent0027983_p.jpg,commons,test
865084486,CAS:ANTWEB:casent0029098,casent0029098,casent0029098,p,4673663,Bothroponera,ponerinae,Bothroponera cambouei,"Bothroponera cambouei Forel, 1891",,SPECIES,,worker,,Majunga,"Réserve Spéciale d'Ambohijanahary, Forêt d'Ankazotsihitafototra, 34.6 km 314° NW Ambaravaranala",-18.26,45.41833,1100.0,2003-01-16,Brian L. Fisher|Charles E. Griswold|Malagasy Arthropod Team,,https://www.antweb.org/images/casent0029098/casent0029098_p_1_high.jpg,casent0029098 profile view 1,April Nobile,Attribution-ShareAlike (BY-SA) Creative Commons License and GNU Free Documentation License (GFDL),"California Academy of Sciences, 2000-2007",GEODETIC_DATUM_ASSUMED_WGS84;CONTINENT_DERIVED_FROM_COORDINATES;COLLECTION_MATCH_NONE;INSTITUTION_MATCH_FUZZY,Bothroponera,1,data/images/Bothroponera/casent0029098_p.jpg,commons,train
865085079,CAS:ANTWEB:casent0031004,casent0031004,casent0031004,p,4673663,Bothroponera,ponerinae,Bothroponera cambouei,"Bothroponera cambouei Forel, 1891",,SPECIES,,worker,,Toliara,"Forêt Classée d'Analavelona, 29.2 km 343° NNW Mahaboboka",-22.675,44.19,1100.0,2003-02-18/2003-02-22,Brian L. Fisher|Charles E. Griswold|Malagasy Arthropod Team,,https://www.antweb.org/images/casent0031004/casent0031004_p_1_high.jpg,casent0031004 profile view 1,April Nobile,Attribution-ShareAlike (BY-SA) Creative Commons License and GNU Free Documentation License (GFDL),"California Academy of Sciences, 2000-2007",GEODETIC_DATUM_ASSUMED_WGS84;CONTINENT_DERIVED_FROM_COORDINATES;COLLECTION_MATCH_NONE;INSTITUTION_MATCH_FUZZY,Bothroponera,1,data/images/Bothroponera/casent0031004_p.jpg,commons,train
865085147,CAS:ANTWEB:casent0031384,casent0031384,casent0031384,p,4673663,Bothroponera,ponerinae,Bothroponera wasmannii,Bothroponera wasmannii Mayr,,SPECIES,,worker,,Fianarantsoa,"Parc National d'Isalo, Sahanafa River, 29.2 km 351° N Ranohira",-22.31333,45.29167,500.0,2003-02-10/2003-02-13,Brian L. Fisher|Charles E. Griswold|Malagasy Arthropod Team,,https://www.antweb.org/images/casent0031384/casent0031384_p_1_high.jpg,casent0031384 profile view 1,Jean Claude Rakotonirina,Attribution-ShareAlike (BY-SA) Creative Commons License and GNU Free Documentation License (GFDL),"California Academy of Sciences, 2000-2008",GEODETIC_DATUM_ASSUMED_WGS84;CONTINENT_DERIVED_FROM_COORDINATES;COLLECTION_MATCH_NONE;INSTITUTION_MATCH_FUZZY,Bothroponera,1,data/images/Bothroponera/casent0031384_p.jpg,commons,train
865085638,CAS:ANTWEB:casent0033463,casent0033463,casent0033463,p,1319461,Anochetus,ponerinae,Anochetus grandidieri,"Anochetus grandidieri Forel, 1891",,SPECIES,,worker,,Toamasina,"Montagne d'Anjanaharibe, 18.0 km 21° NNE Ambinanitelo",-15.18833,49.615,470.0,2003-03-08/2003-03-12,Brian L. Fisher|Charles E. Griswold|Malagasy Arthropod Team,,https://www.antweb.org/images/casent0033463/casent0033463_p_1_high.jpg,casent0033463 profile view 1,April Nobile,Attribution-ShareAlike (BY-SA) Creative Commons License and GNU Free Documentation License (GFDL),"California Academy of Sciences, 2000-2008",GEODETIC_DATUM_ASSUMED_WGS84;CONTINENT_DERIVED_FROM_COORDINATES;COLLECTION_MATCH_NONE;INSTITUTION_MATCH_FUZZY,Anochetus,1,data/images/Anochetus/casent0033463_p.jpg,commons,train
865085525,CAS:ANTWEB:casent0034270,casent0034270,casent0034270,p,4673663,Bothroponera,ponerinae,Bothroponera cambouei,"Bothroponera cambouei Forel, 1891",,SPECIES,,worker,,Fianarantsoa,"Parc National de Ranomafana, Vatoharanana River, 4.1 km 231° SW Ranomafana",-21.29,47.43333,1100.0,2003-03-27/2003-03-31,Brian L. Fisher|Charles E. Griswold|Malagasy Arthropod Team,Jean Claude Rakotonirina,https://www.antweb.org/images/casent0034270/casent0034270_p_1_high.jpg,casent0034270 profile view 1,April Nobile,Attribution-ShareAlike (BY-SA) Creative Commons License and GNU Free Documentation License (GFDL),"California Academy of Sciences, 2000-2007",GEODETIC_DATUM_ASSUMED_WGS84;CONTINENT_DERIVED_FROM_COORDINATES;COLLECTION_MATCH_NONE;INSTITUTION_MATCH_FUZZY,Bothroponera,1,data/images/Bothroponera/casent0034270_p.jpg,commons,train
865085690,CAS:ANTWEB:casent0034493,casent0034493,casent0034493,p,4673663,Bothroponera,ponerinae,Bothroponera cambouei,"Bothroponera cambouei Forel, 1891",,SPECIES,,worker,,Toamasina,"Montagne d'Anjanaharibe, 18.0 km 21° NNE Ambinanitelo",-15.18833,49.615,470.0,2003-03-08/2003-03-12,Brian L. Fisher|Charles E. Griswold|Malagasy Arthropod Team,Jean Claude Rakotonirina,https://www.antweb.org/images/casent0034493/casent0034493_p_1_high.jpg,casent0034493 profile view 1,April Nobile,Attribution-ShareAlike (BY-SA) Creative Commons License and GNU Free Documentation License (GFDL),"California Academy of Sciences, 2000-2008",GEODETIC_DATUM_ASSUMED_WGS84;CONTINENT_DERIVED_FROM_COORDINATES;COLLECTION_MATCH_NONE;INSTITUTION_MATCH_FUZZY,Bothroponera,1,data/images/Bothroponera/casent0034493_p.jpg,commons,train
865085772,CAS:ANTWEB:casent0034499,casent0034499,casent0034499,p,1319685,Pachycondyla,ponerinae,Euponera vohitravo,Euponera vohitravo,,SPECIES,,worker,Holotype,Toamasina,"Montagne d'Anjanaharibe, 18.0 km 21° NNE Ambinanitelo",-15.18833,49.615,470.0,2003-03-08/2003-03-12,Brian L. Fisher|Charles E. Griswold|Malagasy Arthropod Team,Jean Claude Rakotonirina,https://www.antweb.org/images/casent0034499/casent0034499_p_1_high.jpg,casent0034499 profile view 1,Jean Claude Rakotonirina,Attribution-ShareAlike (BY-SA) Creative Commons License and GNU Free Documentation License (GFDL),"California Academy of Sciences, 2000-2008",GEODETIC_DATUM_ASSUMED_WGS84;CONTINENT_DERIVED_FROM_COORDINATES;COLLECTION_MATCH_NONE;INSTITUTION_MATCH_FUZZY,Pachycondyla,1,data/images/Pachycondyla/casent0034499_p.jpg,gbif_cache,train
865085716,CAS:ANTWEB:casent0034571,casent0034571,casent0034571,p,4673663,Bothroponera,ponerinae,Bothroponera cambouei,"Bothroponera cambouei Forel, 1891",,SPECIES,,worker,,Toamasina,Montagne d'Akirindro 7.6 km 341° NNW Ambinanitelo,-15.28833,49.54833,600.0,2003-03-17/2003-03-21,Brian L. Fisher|Charles E. Griswold|Malagasy Arthropod Team,,https://www.antweb.org/images/casent0034571/casent0034571_p_1_high.jpg,casent0034571 profile view 1,April Nobile,Attribution-ShareAlike (BY-SA) Creative Commons License and GNU Free Documentation License (GFDL),"California Academy of Sciences, 2000-2007",GEODETIC_DATUM_ASSUMED_WGS84;CONTINENT_DERIVED_FROM_COORDINATES;COLLECTION_MATCH_NONE;INSTITUTION_MATCH_FUZZY,Bothroponera,1,data/images/Bothroponera/casent0034571_p.jpg,commons,train
865085875,CAS:ANTWEB:casent0035010,casent0035010,casent0035010,p,7748512,Royidris,myrmicinae,Royidris robertsoni,"Royidris robertsoni (Heterick) Heterick, 2014",,SPECIES,,worker,Holotype,Toliara,Ranobe,-23.0342,43.61185,30.0,2003-02-05/2003-02-09,Frontier Project,Barry Bolton,https://www.antweb.org/images/casent0035010/casent0035010_p_1_high.jpg,casent0035010 profile view 1,April Nobile,Attribution-ShareAlike (BY-SA) Creative Commons License and GNU Free Documentation License (GFDL),"California Academy of Sciences, 2000-2008",GEODETIC_DATUM_ASSUMED_WGS84;CONTINENT_DERIVED_FROM_COORDINATES;COLLECTION_MATCH_NONE;INSTITUTION_MATCH_FUZZY,Royidris,1,data/images/Royidris/casent0035010_p.jpg,commons,train
865085951,CAS:ANTWEB:casent0035270,casent0035270,casent0035270,p,7748512,Royidris,myrmicinae,Royidris robertsoni,"Royidris robertsoni (Heterick) Heterick, 2014",,SPECIES,,worker,Paratype,Toliara,Ranobe,-23.03957,43.61032,30.0,2003-01-05/2003-01-28,Frontier Project,Barry Bolton,https://www.antweb.org/images/casent0035270/casent0035270_p_1_high.jpg,casent0035270 profile view 1,Michele Esposito,Attribution-ShareAlike (BY-SA) Creative Commons License and GNU Free Documentation License (GFDL),"California Academy of Sciences, 2000-2012",GEODETIC_DATUM_ASSUMED_WGS84;CONTINENT_DERIVED_FROM_COORDINATES;COLLECTION_MATCH_NONE;INSTITUTION_MATCH_FUZZY,Royidris,1,data/images/Royidris/casent0035270_p.jpg,gbif_cache,train
2332218997,CAS:ANTWEB:casent0040756,casent0040756,casent0040756,d,1321654,Pheidole,myrmicinae,Pheidole vohemarensis,"Pheidole vohemarensis Salata & Fisher, 2020",,SPECIES,,worker,,Antsiranana,"Forêt d'Ampondrabe, 26.3km 10° NNE Daraina",-12.97,49.7,175.0,2003-12-10,Brian L. Fisher,S. Salata,https://www.antweb.org/images/casent0040756/casent0040756_d_2_high.jpg,casent0040756 dorsal view 2,Michele Esposito,Attribution-ShareAlike (BY-SA) Creative Commons License and GNU Free Documentation License (GFDL),"California Academy of Sciences, 2000-2019",GEODETIC_DATUM_ASSUMED_WGS84;CONTINENT_DERIVED_FROM_COORDINATES;COLLECTION_MATCH_NONE;INSTITUTION_MATCH_FUZZY,Pheidole,2,data/images/Pheidole/casent0040756_d.jpg,gbif_cache,test
865087646,CAS:ANTWEB:casent0041614,casent0041614,casent0041614,p,1314419,Monomorium,myrmicinae,Monomorium flavimembra,Monomorium flavimembra Heterick,,SPECIES,,worker,,Antsiranana,"Forêt de Binara, 7.5 km 230° SW Daraina",-13.255,49.61667,375.0,2003-12-01,Brian L. Fisher,,https://www.antweb.org/images/casent0041614/casent0041614_p_1_high.jpg,casent0041614 profile view 1,April Nobile,Attribution-ShareAlike (BY-SA) Creative Commons License and GNU Free Documentation License (GFDL),"California Academy of Sciences, 2000-2008",GEODETIC_DATUM_ASSUMED_WGS84;CONTINENT_DERIVED_FROM_COORDINATES;COLLECTION_MATCH_NONE;INSTITUTION_MATCH_FUZZY,Monomorium,1,data/images/Monomorium/casent0041614_p.jpg,commons,train
865088546,CAS:ANTWEB:casent0044969,casent0044969,casent0044969,p,1314419,Monomorium,myrmicinae,Monomorium micrommaton,"Monomorium micrommaton Heterick, 2006",,SPECIES,,worker,,Antsiranana,"Parc National de Marojejy, Manantenina River, 27.6 km 35° NE Andapa, 9.6 km 327° NNW Manantenina",-14.435,49.76,775.0,2003-11-15/2003-11-18,Brian L. Fisher|Malagasy Arthropod Team,,https://www.antweb.org/images/casent0044969/casent0044969_p_1_high.jpg,casent0044969 profile view 1,Michele Esposito,Attribution-ShareAlike (BY-SA) Creative Commons License and GNU Free Documentation License (GFDL),"California Academy of Sciences, 2000-2008",GEODETIC_DATUM_ASSUMED_WGS84;CONTINENT_DERIVED_FROM_COORDINATES;COLLECTION_MATCH_NONE;INSTITUTION_MATCH_FUZZY,Monomorium,1,data/images/Monomorium/casent0044969_p.jpg,commons,train
865088571,CAS:ANTWEB:casent0044971,casent0044971,casent0044971,p,4681352,Syllophopsis,myrmicinae,,"Syllophopsis Santschi, 1915",,GENUS,,worker,,Antsiranana,"Parc National de Marojejy, Manantenina River, 27.6 km 35° NE Andapa, 9.6 km 327° NNW Manantenina",-14.435,49.76,775.0,2003-11-15/2003-11-18,Brian L. Fisher|Malagasy Arthropod Team,,https://www.antweb.org/images/casent0044971/casent0044971_p_1_high.jpg,casent0044971 profile view 1,April Nobile,Attribution-ShareAlike (BY-SA) Creative Commons License and GNU Free Documentation License (GFDL),"California Academy of Sciences, 2000-2008",GEODETIC_DATUM_ASSUMED_WGS84;CONTINENT_DERIVED_FROM_COORDINATES;COLLECTION_MATCH_NONE;INSTITUTION_MATCH_FUZZY,Syllophopsis,1,data/images/Syllophopsis/casent0044971_p.jpg,commons,train
865088265,CAS:ANTWEB:casent0045443,casent0045443,casent0045443,p,1314419,Monomorium,myrmicinae,Monomorium hanneli,"Monomorium hanneli Forel, 1907",,SPECIES,,worker,,Antsiranana,"Parc National de Marojejy, Manantenina River, 28.0 km 38° NE Andapa, 8.2 km 333° NNW Manantenina",-14.43667,49.775,450.0,2003-11-12/2003-11-15,Brian L. Fisher|Malagasy Arthropod Team,,https://www.antweb.org/images/casent0045443/casent0045443_p_1_high.jpg,casent0045443 profile view 1,April Nobile,Attribution-ShareAlike (BY-SA) Creative Commons License and GNU Free Documentation License (GFDL),"California Academy of Sciences, 2000-2008",GEODETIC_DATUM_ASSUMED_WGS84;CONTINENT_DERIVED_FROM_COORDINATES;COLLECTION_MATCH_NONE;INSTITUTION_MATCH_FUZZY,Monomorium,1,data/images/Monomorium/casent0045443_p.jpg,commons,train
865089270,CAS:ANTWEB:casent0047308,casent0047308,casent0047308,p,1317162,Odontomachus,ponerinae,Odontomachus troglodytes,"Odontomachus troglodytes Santschi, 1914",,SPECIES,,worker,,Toamasina,Parcelle E3 Tampolo,-17.28104,49.43012,10.0,2004-04-14,Malagasy ant team,,https://www.antweb.org/images/casent0047308/casent0047308_p_1_high.jpg,casent0047308 profile view 1,April Nobile,Attribution-ShareAlike (BY-SA) Creative Commons License and GNU Free Documentation License (GFDL),"California Academy of Sciences, 2000-2008",GEODETIC_DATUM_ASSUMED_WGS84;CONTINENT_DERIVED_FROM_COORDINATES;COLLECTION_MATCH_NONE;INSTITUTION_MATCH_FUZZY,Odontomachus,1,data/images/Odontomachus/casent0047308_p.jpg,commons,train
865089737,CAS:ANTWEB:casent0048678,casent0048678,casent0048678,p,1326298,Platythyrea,ponerinae,Platythyrea bicuspis,"Platythyrea bicuspis Emery, 1899",,SPECIES,,worker,,Toamasina,Montagne d'Akirindro 7.6 km 341° NNW Ambinanitelo,-15.28833,49.54833,600.0,2003-03-17/2003-03-21,Brian L. Fisher|Charles E. Griswold|Malagasy Arthropod Team,,https://www.antweb.org/images/casent0048678/casent0048678_p_1_high.jpg,casent0048678 profile view 1,Erin Prado,Attribution-ShareAlike (BY-SA) Creative Commons License and GNU Free Documentation License (GFDL),"California Academy of Sciences, 2000-2008",GEODETIC_DATUM_ASSUMED_WGS84;CONTINENT_DERIVED_FROM_COORDINATES;COLLECTION_MATCH_NONE;INSTITUTION_MATCH_FUZZY,Platythyrea,1,data/images/Platythyrea/casent0048678_p.jpg,gbif_cache,train
865089839,CAS:ANTWEB:casent0048930,casent0048930,casent0048930,p,1319685,Pachycondyla,ponerinae,Pachycondyla perroti,"Bothroponera perroti Forel, 1891",,SPECIES,,worker,,Toamasina,Parcelle K7 Tampolo,-17.28333,49.41667,10.0,2004-04-20,Malagasy ant team,,https://www.antweb.org/images/casent0048930/casent0048930_p_1_high.jpg,casent0048930 profile view 1,Jean Claude Rakotonirina,Attribution-ShareAlike (BY-SA) Creative Commons License and GNU Free Documentation License (GFDL),"California Academy of Sciences, 2000-2008",GEODETIC_DATUM_ASSUMED_WGS84;CONTINENT_DERIVED_FROM_COORDINATES;COLLECTION_MATCH_NONE;INSTITUTION_MATCH_FUZZY,Pachycondyla,1,data/images/Pachycondyla/casent0048930_p.jpg,commons,test
865091471,CAS:ANTWEB:casent0052480,casent0052480,casent0052480,p,1314419,Monomorium,myrmicinae,Monomorium termitobium,"Monomorium termitobium Forel, 1892",,SPECIES,,worker,,Antsiranana,"Rés. Analamerana, 16.7 km 123° Anivorano-Nord",-12.80467,49.37383,225.0,2004-12-04,Brian L. Fisher,B.E. Heterick,https://www.antweb.org/images/casent0052480/casent0052480_p_1_high.jpg,casent0052480 profile view 1,April Nobile,Attribution-ShareAlike (BY-SA) Creative Commons License and GNU Free Documentation License (GFDL),"California Academy of Sciences, 2000-2008",GEODETIC_DATUM_ASSUMED_WGS84;CONTINENT_DERIVED_FROM_COORDINATES;COLLECTION_MATCH_NONE;INSTITUTION_MATCH_FUZZY,Monomorium,1,data/images/Monomorium/casent0052480_p.jpg,commons,test
865093083,CAS:ANTWEB:casent0053815,casent0053815,casent0053815,p,1320039,Technomyrmex,dolichoderinae,Technomyrmex fisheri,Technomyrmex fisheri Bolton,,SPECIES,,worker,,Antsiranana,"Forêt d' Antsahabe, 11.4km 275° W Daraina",-13.21167,49.55667,550.0,2004-11-16,Brian L. Fisher,Barry Bolton,https://www.antweb.org/images/casent0053815/casent0053815_p_1_high.jpg,casent0053815 profile view 1,April Nobile,Attribution-ShareAlike (BY-SA) Creative Commons License and GNU Free Documentation License (GFDL),"California Academy of Sciences, 2000-2008",GEODETIC_DATUM_ASSUMED_WGS84;CONTINENT_DERIVED_FROM_COORDINATES;COLLECTION_MATCH_NONE;INSTITUTION_MATCH_FUZZY,Technomyrmex,1,data/images/Technomyrmex/casent0053815_p.jpg,commons,train
865092570,CAS:ANTWEB:casent0053986,casent0053986,casent0053986,p,1314419,Monomorium,myrmicinae,Monomorium floricola,"Monomorium floricola (Jerdon, 1851)",,SPECIES,,worker,,Antsiranana,"Rés. Analamerana, 16.7 km 123° Anivorano-Nord",-12.80467,49.37383,225.0,2004-12-03,Brian L. Fisher,,https://www.antweb.org/images/casent0053986/casent0053986_p_1_high.jpg,casent0053986 profile view 1,April Nobile,Attribution-ShareAlike (BY-SA) Creative Commons License and GNU Free Documentation License (GFDL),"California Academy of Sciences, 2000-2008",GEODETIC_DATUM_ASSUMED_WGS84;CONTINENT_DERIVED_FROM_COORDINATES;COLLECTION_MATCH_NONE;INSTITUTION_MATCH_FUZZY,Monomorium,1,data/images/Monomorium/casent0053986_p.jpg,commons,train
865092926,CAS:ANTWEB:casent0054136,casent0054136,casent0054136,p,1324306,Crematogaster,myrmicinae,Crematogaster lobata,"Crematogaster lobata Emery, 1895",,SPECIES,,worker,,Antsiranana,"Rés. Analamerana, 28.4 km 99° Anivorano-Nord",-12.74667,49.49483,60.0,2004-12-05,Brian L. Fisher,B.B. Blaimer,https://www.antweb.org/images/casent0054136/casent0054136_p_2_high.jpg,casent0054136 profile view 2,Bonnie Blaimer,Attribution-ShareAlike (BY-SA) Creative Commons License and GNU Free Documentation License (GFDL),"California Academy of Sciences, 2000-2010",GEODETIC_DATUM_ASSUMED_WGS84;CONTINENT_DERIVED_FROM_COORDINATES;COLLECTION_MATCH_NONE;INSTITUTION_MATCH_FUZZY,Crematogaster,2,data/images/Crematogaster/casent0054136_p.jpg,gbif_cache,train
865094821,CAS:ANTWEB:casent0058901,casent0058901,casent0058901,p,1320039,Technomyrmex,dolichoderinae,Technomyrmex anterops,Technomyrmex anterops Fisher & Bolton,,SPECIES,,worker,,Toamasina,"Forêt Ambatovy, 14.3 km 57° Moramanga",-18.85083,48.32,1075.0,2005-04-12,Brian L. Fisher,Brian L. Fisher,https://www.antweb.org/images/casent0058901/casent0058901_p_1_high.jpg,casent0058901 profile view 1,April Nobile,Attribution-ShareAlike (BY-SA) Creative Commons License and GNU Free Documentation License (GFDL),"California Academy of Sciences, 2000-2007",GEODETIC_DATUM_ASSUMED_WGS84;CONTINENT_DERIVED_FROM_COORDINATES;COLLECTION_MATCH_NONE;INSTITUTION_MATCH_FUZZY,Technomyrmex,1,data/images/Technomyrmex/casent0058901_p.jpg,commons,train
865097711,CAS:ANTWEB:casent0060902,casent0060902,casent0060902,p,7731605,Nesomyrmex,myrmicinae,Nesomyrmex retusispinosus,Nesomyrmex retusispinosus,,SPECIES,,worker,,Fianarantsoa,"2km W Andrambovato, along river Tatamaly",-21.51167,47.41,1075.0,2005-06-03/2005-06-05,Brian L. Fisher|Malagasy Arthropod Team,,https://www.antweb.org/images/casent0060902/casent0060902_p_1_high.jpg,casent0060902 profile view 1,Erin Prado,Attribution-ShareAlike (BY-SA) Creative Commons License and GNU Free Documentation License (GFDL),"California Academy of Sciences, 2000-2008",GEODETIC_DATUM_ASSUMED_WGS84;CONTINENT_DERIVED_FROM_COORDINATES;COLLECTION_MATCH_NONE;INSTITUTION_MATCH_FUZZY,Nesomyrmex,1,data/images/Nesomyrmex/casent0060902_p.jpg,commons,train
865101299,CAS:ANTWEB:casent0066732,casent0066732,casent0066732,p,1325265,Cataulacus,myrmicinae,Cataulacus porcatus,"Cataulacus porcatus Emery, 1899",,SPECIES,,worker,,Toamasina,"Ile Sainte Marie, Forêt Ambohidena, 22.8 km 44° Ambodifotatra",-16.82433,49.96417,20.0,2005-11-22,Brian L. Fisher|Malagasy Arthropod Team,,https://www.antweb.org/images/casent0066732/casent0066732_p_1_high.jpg,casent0066732 profile view 1,Erin Prado,Attribution-ShareAlike (BY-SA) Creative Commons License and GNU Free Documentation License (GFDL),"California Academy of Sciences, 2000-2008",GEODETIC_DATUM_ASSUMED_WGS84;CONTINENT_DERIVED_FROM_COORDINATES;COLLECTION_MATCH_NONE;INSTITUTION_MATCH_FUZZY,Cataulacus,1,data/images/Cataulacus/casent0066732_p.jpg,commons,train
865102472,CAS:ANTWEB:casent0067549,casent0067549,casent0067549,p,1320203,Strumigenys,myrmicinae,Strumigenys covina,Strumigenys covina Fisher,,SPECIES,,worker,,Toamasina,"Res. Ambodiriana, 4.8 km 306°Manompana, along Manompana river",-16.67233,49.70117,125.0,2005-11-18,Brian L. Fisher|Malagasy Arthropod Team,Jean Claude Rakotonirina,https://www.antweb.org/images/casent0067549/casent0067549_p_1_high.jpg,casent0067549 profile view 1,April Nobile,Attribution-ShareAlike (BY-SA) Creative Commons License and GNU Free Documentation License (GFDL),"California Academy of Sciences, 2000-2008",GEODETIC_DATUM_ASSUMED_WGS84;CONTINENT_DERIVED_FROM_COORDINATES;COLLECTION_MATCH_NONE;INSTITUTION_MATCH_FUZZY,Strumigenys,1,data/images/Strumigenys/casent0067549_p.jpg,commons,train
865103146,CAS:ANTWEB:casent0068113,casent0068113,casent0068113,p,1314419,Monomorium,myrmicinae,Monomorium subopacum,"Monomorium subopacum (Smith, 1858)",,SPECIES,,worker,,Mahajanga,Antsohihy,-14.881,47.99333,30.0,2005-12-16,Brian L. Fisher|Malagasy Arthropod Team,,https://www.antweb.org/images/casent0068113/casent0068113_p_1_high.jpg,casent0068113 profile view 1,Michele Esposito,Attribution-ShareAlike (BY-SA) Creative Commons License and GNU Free Documentation License (GFDL),"California Academy of Sciences, 2000-2008",GEODETIC_DATUM_ASSUMED_WGS84;CONTINENT_DERIVED_FROM_COORDINATES;COLLECTION_MATCH_NONE;INSTITUTION_MATCH_FUZZY,Monomorium,1,data/images/Monomorium/casent0068113_p.jpg,commons,train
865103951,CAS:ANTWEB:casent0068950,casent0068950,casent0068950,p,1324306,Crematogaster,myrmicinae,Crematogaster rasoherinae,"Crematogaster rasoherinae Forel, 1891",,SPECIES,,worker,,Toamasina,"Ile Sainte Marie, Forêt Ambohidena, 22.8 km 44° Ambodifotatra",-16.82433,49.96417,20.0,2005-11-21,Brian L. Fisher|Malagasy Arthropod Team,,https://www.antweb.org/images/casent0068950/casent0068950_p_1_high.jpg,casent0068950 profile view 1,Bonnie Blaimer,Attribution-ShareAlike (BY-SA) Creative Commons License and GNU Free Documentation License (GFDL),"California Academy of Sciences, 2000-2010",GEODETIC_DATUM_ASSUMED_WGS84;CONTINENT_DERIVED_FROM_COORDINATES;COLLECTION_MATCH_NONE;INSTITUTION_MATCH_FUZZY,Crematogaster,1,data/images/Crematogaster/casent0068950_p.jpg,gbif_cache,train
865104779,CAS:ANTWEB:casent0069921,casent0069921,casent0069921,p,1320203,Strumigenys,myrmicinae,Strumigenys admixta,Strumigenys admixta Fisher,,SPECIES,,worker,,Toamasina,"Parc National Mananara-Nord, 7.1 km 261° Antanambe",-16.455,49.7875,225.0,2005-11-14,Brian L. Fisher|Malagasy Arthropod Team,Jean Claude Rakotonirina,https://www.antweb.org/images/casent0069921/casent0069921_p_1_high.jpg,casent0069921 profile view 1,April Nobile,Attribution-ShareAlike (BY-SA) Creative Commons License and GNU Free Documentation License (GFDL),"California Academy of Sciences, 2000-2008",GEODETIC_DATUM_ASSUMED_WGS84;CONTINENT_DERIVED_FROM_COORDINATES;COLLECTION_MATCH_NONE;INSTITUTION_MATCH_FUZZY,Strumigenys,1,data/images/Strumigenys/casent0069921_p.jpg,commons,train
865107457,CAS:ANTWEB:casent0076204,casent0076204,casent0076204,p,1314419,Monomorium,myrmicinae,Monomorium termitobium,"Monomorium termitobium Forel, 1892",,SPECIES,,worker,,Antsiranana,"Forêt de Binara, 7.5 km 230° SW Daraina",-13.255,49.61667,375.0,2003-12-02,Brian L. Fisher,B.E. Heterick,https://www.antweb.org/images/casent0076204/casent0076204_p_1_high.jpg,casent0076204 profile view 1,Michele Esposito,Attribution-ShareAlike (BY-SA) Creative Commons License and GNU Free Documentation License (GFDL),"California Academy of Sciences, 2000-2008",GEODETIC_DATUM_ASSUMED_WGS84;CONTINENT_DERIVED_FROM_COORDINATES;COLLECTION_MATCH_NONE;INSTITUTION_MATCH_FUZZY,Monomorium,1,data/images/Monomorium/casent0076204_p.jpg,commons,train
865107406,CAS:ANTWEB:casent0076558,casent0076558,casent0076558,p,1321215,Leptogenys,ponerinae,Leptogenys coerulescens,"Leptogenys coerulescens Emery, 1895",,SPECIES,,worker,,Antsiranana,"Forêt d' Antsahabe, 11.4km 275° W Daraina",-13.21167,49.55667,550.0,2003-12-13,Brian L. Fisher,Brian L. Fisher,https://www.antweb.org/images/casent0076558/casent0076558_p_1_high.jpg,casent0076558 profile view 1,April Nobile,Attribution-ShareAlike (BY-SA) Creative Commons License and GNU Free Documentation License (GFDL),"California Academy of Sciences, 2000-2007",GEODETIC_DATUM_ASSUMED_WGS84;CONTINENT_DERIVED_FROM_COORDINATES;COLLECTION_MATCH_NONE;INSTITUTION_MATCH_FUZZY,Leptogenys,1,data/images/Leptogenys/casent0076558_p.jpg,commons,train
865107801,CAS:ANTWEB:casent0076622,casent0076622,casent0076622,p,1326355,Mystrium,amblyoponinae,Mystrium voeltzkowi,"Mystrium voeltzkowi Forel, 1897",,SPECIES,,worker,,Antsiranana,"Forêt d' Antsahabe, 11.4km 275° W Daraina",-13.21167,49.55667,550.0,2003-12-13,Brian L. Fisher,Yoshimura Masashi,https://www.antweb.org/images/casent0076622/casent0076622_p_1_high.jpg,casent0076622 profile view 1,April Nobile,Attribution-ShareAlike (BY-SA) Creative Commons License and GNU Free Documentation License (GFDL),"California Academy of Sciences, 2000-2007",GEODETIC_DATUM_ASSUMED_WGS84;CONTINENT_DERIVED_FROM_COORDINATES;COLLECTION_MATCH_NONE;INSTITUTION_MATCH_FUZZY,Mystrium,1,data/images/Mystrium/casent0076622_p.jpg,commons,test
865107765,CAS:ANTWEB:casent0076787,casent0076787,casent0076787,p,4673663,Bothroponera,ponerinae,Bothroponera wasmannii,Bothroponera wasmannii Mayr,,SPECIES,,worker,,Antsiranana,"Forêt d' Antsahabe, 11.4km 275° W Daraina",-13.21167,49.55667,550.0,2003-12-14,Brian L. Fisher,Brian L. Fisher,https://www.antweb.org/images/casent0076787/casent0076787_p_1_high.jpg,casent0076787 profile view 1,April Nobile,Attribution-ShareAlike (BY-SA) Creative Commons License and GNU Free Documentation License (GFDL),"California Academy of Sciences, 2000-2007",GEODETIC_DATUM_ASSUMED_WGS84;CONTINENT_DERIVED_FROM_COORDINATES;COLLECTION_MATCH_NONE;INSTITUTION_MATCH_FUZZY,Bothroponera,1,data/images/Bothroponera/casent0076787_p.jpg,commons,train
865108000,CAS:ANTWEB:casent0077457,casent0077457,casent0077457,p,1321215,Leptogenys,ponerinae,Leptogenys antongilensis,"Leptogenys antongilensis Emery, 1899",,SPECIES,,worker,,Antsiranana,"Forêt de Binara, 9.1km 233° SW Daraina",-13.26333,49.60333,725.0,2003-12-04,Brian L. Fisher,Brian L. Fisher,https://www.antweb.org/images/casent0077457/casent0077457_p_1_high.jpg,casent0077457 profile view 1,April Nobile,Attribution-ShareAlike (BY-SA) Creative Commons License and GNU Free Documentation License (GFDL),"California Academy of Sciences, 2000-2007",GEODETIC_DATUM_ASSUMED_WGS84;CONTINENT_DERIVED_FROM_COORDINATES;COLLECTION_MATCH_NONE;INSTITUTION_MATCH_FUZZY,Leptogenys,1,data/images/Leptogenys/casent0077457_p.jpg,commons,train
865107996,CAS:ANTWEB:casent0077516,casent0077516,casent0077516,p,1317363,Terataner,myrmicinae,Terataner alluaudi,"Terataner alluaudi (Emery, 1895)",,SPECIES,,worker,,Antsiranana,"Forêt de Binara, 9.1km 233° SW Daraina",-13.26333,49.60333,725.0,2003-12-04,Brian L. Fisher,,https://www.antweb.org/images/casent0077516/casent0077516_p_1_high.jpg,casent0077516 profile view 1,Erin Prado,Attribution-ShareAlike (BY-SA) Creative Commons License and GNU Free Documentation License (GFDL),"California Academy of Sciences, 2000-2008",GEODETIC_DATUM_ASSUMED_WGS84;CONTINENT_DERIVED_FROM_COORDINATES;COLLECTION_MATCH_NONE;INSTITUTION_MATCH_FUZZY,Terataner,1,data/images/Terataner/casent0077516_p.jpg,commons,train
865109025,CAS:ANTWEB:casent0077935,casent0077935,casent0077935,p,7748512,Royidris,myrmicinae,Royidris robertsoni,"Royidris robertsoni (Heterick) Heterick, 2014",,SPECIES,,worker,,Toliara,"Forêt de Tsinjoriaky, 6.2 km 84° E Tsifota",-22.80222,43.42067,70.0,2002-03-06/2002-03-10,Brian L. Fisher|Charles E. Griswold|Malagasy Arthropod Team,Barry Bolton,https://www.antweb.org/images/casent0077935/casent0077935_p_1_high.jpg,casent0077935 profile view 1,April Nobile,Attribution-ShareAlike (BY-SA) Creative Commons License and GNU Free Documentation License (GFDL),"California Academy of Sciences, 2000-2008",GEODETIC_DATUM_ASSUMED_WGS84;CONTINENT_DERIVED_FROM_COORDINATES;COLLECTION_MATCH_NONE;INSTITUTION_MATCH_FUZZY,Royidris,1,data/images/Royidris/casent0077935_p.jpg,commons,train
865108532,CAS:ANTWEB:casent0078587,casent0078587,casent0078587,p,1314419,Monomorium,myrmicinae,Monomorium termitobium,"Monomorium termitobium Forel, 1892",,SPECIES,,worker,,Mahajanga,"Parc National Tsingy de Bemaraha, 3.4 km 93° E Bekopaka, Tombeau Vazimba",-19.14194,44.828,50.0,2001-11-06/2001-11-10,Brian L. Fisher|Charles E. Griswold|Malagasy Arthropod Team,,https://www.antweb.org/images/casent0078587/casent0078587_p_1_high.jpg,casent0078587 profile view 1,Michele Esposito,Attribution-ShareAlike (BY-SA) Creative Commons License and GNU Free Documentation License (GFDL),"California Academy of Sciences, 2000-2008",GEODETIC_DATUM_ASSUMED_WGS84;CONTINENT_DERIVED_FROM_COORDINATES;COLLECTION_MATCH_NONE;INSTITUTION_MATCH_FUZZY,Monomorium,1,data/images/Monomorium/casent0078587_p.jpg,commons,test
865109430,CAS:ANTWEB:casent0079066,casent0079066,casent0079066,p,1314419,Monomorium,myrmicinae,Monomorium nigricans,Monomorium nigricans Heterick,,SPECIES,,worker,,Toliara,"Réserve Spéciale de Cap Sainte Marie, 12.3 km 262° W Marovato",-25.58167,45.16833,200.0,2002-02-11/2002-02-15,Brian L. Fisher|Charles E. Griswold|Malagasy Arthropod Team,,https://www.antweb.org/images/casent0079066/casent0079066_p_1_high.jpg,casent0079066 profile view 1,April Nobile,Attribution-ShareAlike (BY-SA) Creative Commons License and GNU Free Documentation License (GFDL),"California Academy of Sciences, 2000-2008",GEODETIC_DATUM_ASSUMED_WGS84;CONTINENT_DERIVED_FROM_COORDINATES;COLLECTION_MATCH_NONE;INSTITUTION_MATCH_FUZZY,Monomorium,1,data/images/Monomorium/casent0079066_p.jpg,commons,train
865113204,CAS:ANTWEB:casent0097891,casent0097891,casent0097891,p,1320039,Technomyrmex,dolichoderinae,Technomyrmex anterops,Technomyrmex anterops Fisher & Bolton,,SPECIES,,worker,Holotype,Fianarantsoa,Parc Nationale Ranomafana Talatakely,-21.24833,47.425,900.0,1998-04-14,Jere Schweikert,,https://www.antweb.org/images/casent0097891/casent0097891_p_1_high.jpg,casent0097891 profile view 1,April Nobile,Attribution-ShareAlike (BY-SA) Creative Commons License and GNU Free Documentation License (GFDL),"California Academy of Sciences, 2000-2008",GEODETIC_DATUM_ASSUMED_WGS84;CONTINENT_DERIVED_FROM_COORDINATES;COLLECTION_MATCH_NONE;INSTITUTION_MATCH_FUZZY,Technomyrmex,1,data/images/Technomyrmex/casent0097891_p.jpg,commons,test
865113943,CAS:ANTWEB:casent0101012,casent0101012,casent0101012,p,1326614,Hypoponera,ponerinae,Hypoponera indigens,"Hypoponera indigens (Forel, 1895)",,SPECIES,,worker,,Toamasina,[Moramanga],-18.9489,48.22443,914.0,1893-07-01,Sikora,,https://www.antweb.org/images/casent0101012/casent0101012_p_1_high.jpg,casent0101012 profile view 1,April Nobile,Attribution-ShareAlike (BY-SA) Creative Commons License and GNU Free Documentation License (GFDL),"California Academy of Sciences, 2000-2008",GEODETIC_DATUM_ASSUMED_WGS84;CONTINENT_DERIVED_FROM_COORDINATES;COLLECTION_MATCH_NONE;INSTITUTION_MATCH_FUZZY,Hypoponera,1,data/images/Hypoponera/casent0101012_p.jpg,gbif_cache,train
865113968,CAS:ANTWEB:casent0101013,casent0101013,casent0101013,p,1326614,Hypoponera,ponerinae,Hypoponera indigens,"Hypoponera indigens (Forel, 1895)",,SPECIES,,worker,,Toamasina,[Moramanga],-18.9489,48.22443,914.0,1893-07-01,Sikora,,https://www.antweb.org/images/casent0101013/casent0101013_p_1_high.jpg,casent0101013 profile view 1,April Nobile,Attribution-ShareAlike (BY-SA) Creative Commons License and GNU Free Documentation License (GFDL),"California Academy of Sciences, 2000-2008",GEODETIC_DATUM_ASSUMED_WGS84;CONTINENT_DERIVED_FROM_COORDINATES;COLLECTION_MATCH_NONE;INSTITUTION_MATCH_FUZZY,Hypoponera,1,data/images/Hypoponera/casent0101013_p.jpg,commons,test
865113995,CAS:ANTWEB:casent0101014,casent0101014,casent0101014,p,1317162,Odontomachus,ponerinae,Odontomachus coquereli,"Odontomachus coquereli Roger, 1861",,SPECIES,,worker,,Antananarivo,[Madagascar]; Ambatomanjaka; Miarinarivo,-18.76695,46.86911,1343.0,,,,https://www.antweb.org/images/casent0101014/casent0101014_p_1_high.jpg,casent0101014 profile view 1,April Nobile,Attribution-ShareAlike (BY-SA) Creative Commons License and GNU Free Documentation License (GFDL),"California Academy of Sciences, 2000-2008",GEODETIC_DATUM_ASSUMED_WGS84;CONTINENT_DERIVED_FROM_COORDINATES;COLLECTION_MATCH_NONE;INSTITUTION_MATCH_FUZZY,Odontomachus,1,data/images/Odontomachus/casent0101014_p.jpg,commons,train
865114021,CAS:ANTWEB:casent0101015,casent0101015,casent0101015,p,1317162,Odontomachus,ponerinae,Odontomachus coquereli,"Odontomachus coquereli Roger, 1861",,SPECIES,,worker,,Antananarivo,[Madagascar]; Ambatomanjaka; Miarinarivo,-18.76695,46.86911,1343.0,,,,https://www.antweb.org/images/casent0101015/casent0101015_p_1_high.jpg,casent0101015 profile view 1,April Nobile,Attribution-ShareAlike (BY-SA) Creative Commons License and GNU Free Documentation License (GFDL),"California Academy of Sciences, 2000-2008",GEODETIC_DATUM_ASSUMED_WGS84;CONTINENT_DERIVED_FROM_COORDINATES;COLLECTION_MATCH_NONE;INSTITUTION_MATCH_FUZZY,Odontomachus,1,data/images/Odontomachus/casent0101015_p.jpg,commons,train
865114057,CAS:ANTWEB:casent0101016,casent0101016,casent0101016,p,1326614,Hypoponera,ponerinae,Hypoponera punctatissima,"Hypoponera punctatissima (Roger, 1859)",,SPECIES,,worker,Syntype,Toamasina,[Moramanga],-18.9489,48.22443,914.0,1893-07-01,Sikora,,https://www.antweb.org/images/casent0101016/casent0101016_p_1_high.jpg,casent0101016 profile view 1,April Nobile,Attribution-ShareAlike (BY-SA) Creative Commons License and GNU Free Documentation License (GFDL),"California Academy of Sciences, 2000-2008",GEODETIC_DATUM_ASSUMED_WGS84;CONTINENT_DERIVED_FROM_COORDINATES;COLLECTION_MATCH_NONE;INSTITUTION_MATCH_FUZZY,Hypoponera,1,data/images/Hypoponera/casent0101016_p.jpg,commons,train
865114083,CAS:ANTWEB:casent0101017,casent0101017,casent0101017,p,1326614,Hypoponera,ponerinae,Hypoponera punctatissima,"Hypoponera punctatissima (Roger, 1859)",,SPECIES,,worker,Syntype,Toamasina,[Moramanga],-18.9489,48.22443,914.0,1893-07-01,Sikora,,https://www.antweb.org/images/casent0101017/casent0101017_p_1_high.jpg,casent0101017 profile view 1,April Nobile,Attribution-ShareAlike (BY-SA) Creative Commons License and GNU Free Documentation License (GFDL),"California Academy of Sciences, 2000-2008",GEODETIC_DATUM_ASSUMED_WGS84;CONTINENT_DERIVED_FROM_COORDINATES;COLLECTION_MATCH_NONE;INSTITUTION_MATCH_FUZZY,Hypoponera,1,data/images/Hypoponera/casent0101017_p.jpg,commons,train
865114105,CAS:ANTWEB:casent0101018,casent0101018,casent0101018,p,1326614,Hypoponera,ponerinae,Hypoponera johannae,"Hypoponera johannae (Forel, 1891)",,SPECIES,,worker,Syntype,Antananarivo,[Andrangoloaka]; Mantasoa; Manjakandriana,-19.03333,47.91667,1409.0,,Sikora,,https://www.antweb.org/images/casent0101018/casent0101018_p_1_high.jpg,casent0101018 profile view 1,April Nobile,Attribution-ShareAlike (BY-SA) Creative Commons License and GNU Free Documentation License (GFDL),"California Academy of Sciences, 2000-2008",GEODETIC_DATUM_ASSUMED_WGS84;CONTINENT_DERIVED_FROM_COORDINATES;COLLECTION_MATCH_NONE;INSTITUTION_MATCH_FUZZY,Hypoponera,1,data/images/Hypoponera/casent0101018_p.jpg,gbif_cache,train
865114129,CAS:ANTWEB:casent0101019,casent0101019,casent0101019,p,1326614,Hypoponera,ponerinae,Hypoponera johannae,"Hypoponera johannae (Forel, 1891)",,SPECIES,,worker,Syntype,Antananarivo,[Andrangoloaka]; Mantasoa; Manjakandriana,-19.03333,47.91667,1409.0,,Sikora,,https://www.antweb.org/images/casent0101019/casent0101019_p_1_high.jpg,casent0101019 profile view 1,April Nobile,Attribution-ShareAlike (BY-SA) Creative Commons License and GNU Free Documentation License (GFDL),"California Academy of Sciences, 2000-2008",GEODETIC_DATUM_ASSUMED_WGS84;CONTINENT_DERIVED_FROM_COORDINATES;COLLECTION_MATCH_NONE;INSTITUTION_MATCH_FUZZY,Hypoponera,1,data/images/Hypoponera/casent0101019_p.jpg,commons,train
865114154,CAS:ANTWEB:casent0101020,casent0101020,casent0101020,p,1326614,Hypoponera,ponerinae,Hypoponera ludovicae,"Hypoponera ludovicae (Forel, 1892)",,SPECIES,,worker,Syntype,Toamasina,[Nosibé Village d l' Imerina]; Anosibe An'ala; Anosibe,-19.43333,48.21667,660.0,,Sikora,,https://www.antweb.org/images/casent0101020/casent0101020_p_1_high.jpg,casent0101020 profile view 1,April Nobile,Attribution-ShareAlike (BY-SA) Creative Commons License and GNU Free Documentation License (GFDL),"California Academy of Sciences, 2000-2008",GEODETIC_DATUM_ASSUMED_WGS84;CONTINENT_DERIVED_FROM_COORDINATES;COLLECTION_MATCH_NONE;INSTITUTION_MATCH_FUZZY,Hypoponera,1,data/images/Hypoponera/casent0101020_p.jpg,commons,train
865114177,CAS:ANTWEB:casent0101021,casent0101021,casent0101021,p,1326614,Hypoponera,ponerinae,Hypoponera ludovicae,"Hypoponera ludovicae (Forel, 1892)",,SPECIES,,worker,Syntype,Toamasina,[Nosibé Village d l' Imerina]; Anosibe An'ala; Anosibe,-19.43333,48.21667,660.0,,Sikora,,https://www.antweb.org/images/casent0101021/casent0101021_p_1_high.jpg,casent0101021 profile view 1,April Nobile,Attribution-ShareAlike (BY-SA) Creative Commons License and GNU Free Documentation License (GFDL),"California Academy of Sciences, 2000-2008",GEODETIC_DATUM_ASSUMED_WGS84;CONTINENT_DERIVED_FROM_COORDINATES;COLLECTION_MATCH_NONE;INSTITUTION_MATCH_FUZZY,Hypoponera,1,data/images/Hypoponera/casent0101021_p.jpg,commons,train
865114200,CAS:ANTWEB:casent0101022,casent0101022,casent0101022,p,1326614,Hypoponera,ponerinae,Hypoponera sakalava,"Hypoponera sakalava (Forel, 1891)",,SPECIES,,worker,,Antananarivo,[Andrangoloaka]; Mantasoa; Manjakandriana,-19.03333,47.91667,1409.0,,Sikora,,https://www.antweb.org/images/casent0101022/casent0101022_p_1_high.jpg,casent0101022 profile view 1,April Nobile,Attribution-ShareAlike (BY-SA) Creative Commons License and GNU Free Documentation License (GFDL),"California Academy of Sciences, 2000-2008",GEODETIC_DATUM_ASSUMED_WGS84;CONTINENT_DERIVED_FROM_COORDINATES;COLLECTION_MATCH_NONE;INSTITUTION_MATCH_FUZZY,Hypoponera,1,data/images/Hypoponera/casent0101022_p.jpg,commons,test
865114223,CAS:ANTWEB:casent0101023,casent0101023,casent0101023,p,1326614,Hypoponera,ponerinae,Hypoponera sakalava,"Hypoponera sakalava (Forel, 1891)",,SPECIES,,worker,Syntype,Antananarivo,[Andrangoloaka]; Mantasoa; Manjakandriana,-19.03333,47.91667,1409.0,,Sikora,,https://www.antweb.org/images/casent0101023/casent0101023_p_1_high.jpg,casent0101023 profile view 1,April Nobile,Attribution-ShareAlike (BY-SA) Creative Commons License and GNU Free Documentation License (GFDL),"California Academy of Sciences, 2000-2008",GEODETIC_DATUM_ASSUMED_WGS84;CONTINENT_DERIVED_FROM_COORDINATES;COLLECTION_MATCH_NONE;INSTITUTION_MATCH_FUZZY,Hypoponera,1,data/images/Hypoponera/casent0101023_p.jpg,commons,test
865114250,CAS:ANTWEB:casent0101024,casent0101024,casent0101024,p,1326614,Hypoponera,ponerinae,Hypoponera sakalava,"Hypoponera sakalava (Forel, 1891)",,SPECIES,,worker,,Toamasina,[Nosibé Village de l'Imerina]; Anosibe An'ala; Anosibe,-19.43333,48.21667,660.0,,Sikora,,https://www.antweb.org/images/casent0101024/casent0101024_p_1_high.jpg,casent0101024 profile view 1,April Nobile,Attribution-ShareAlike (BY-SA) Creative Commons License and GNU Free Documentation License (GFDL),"California Academy of Sciences, 2000-2008",GEODETIC_DATUM_ASSUMED_WGS84;CONTINENT_DERIVED_FROM_COORDINATES;COLLECTION_MATCH_NONE;INSTITUTION_MATCH_FUZZY,Hypoponera,1,data/images/Hypoponera/casent0101024_p.jpg,commons,train
865114278,CAS:ANTWEB:casent0101025,casent0101025,casent0101025,p,1326614,Hypoponera,ponerinae,Hypoponera sakalava,"Hypoponera sakalava (Forel, 1891)",,SPECIES,,worker,Syntype,Toamasina,[Nosibé Village de l'Imerina]; Anosibe An'ala; Anosibe,-19.43333,48.21667,660.0,,Sikora,,https://www.antweb.org/images/casent0101025/casent0101025_p_1_high.jpg,casent0101025 profile view 1,April Nobile,Attribution-ShareAlike (BY-SA) Creative Commons License and GNU Free Documentation License (GFDL),"California Academy of Sciences, 2000-2008",GEODETIC_DATUM_ASSUMED_WGS84;CONTINENT_DERIVED_FROM_COORDINATES;COLLECTION_MATCH_NONE;INSTITUTION_MATCH_FUZZY,Hypoponera,1,data/images/Hypoponera/casent0101025_p.jpg,commons,train
865114483,CAS:ANTWEB:casent0101034,casent0101034,casent0101034,p,1319685,Pachycondyla,ponerinae,Pachycondyla perroti,"Bothroponera perroti Forel, 1891",,SPECIES,,worker,Paralectotype,Toamasina,[Nosibé Village de l'Imerina]; Anosibe An'ala; Anosibe,-19.43333,48.21667,660.0,,Sikora,,https://www.antweb.org/images/casent0101034/casent0101034_p_1_high.jpg,casent0101034 profile view 1,April Nobile,Attribution-ShareAlike (BY-SA) Creative Commons License and GNU Free Documentation License (GFDL),"California Academy of Sciences, 2000-2008",GEODETIC_DATUM_ASSUMED_WGS84;CONTINENT_DERIVED_FROM_COORDINATES;COLLECTION_MATCH_NONE;INSTITUTION_MATCH_FUZZY,Pachycondyla,1,data/images/Pachycondyla/casent0101034_p.jpg,commons,train
865114502,CAS:ANTWEB:casent0101035,casent0101035,casent0101035,p,1319685,Pachycondyla,ponerinae,Pachycondyla perroti,"Bothroponera perroti Forel, 1891",,SPECIES,,worker,Lectotype,Toamasina,[Nosibé Village de l'Imerina]; Anosibe An'ala; Anosibe,-19.43333,48.21667,660.0,,Sikora,,https://www.antweb.org/images/casent0101035/casent0101035_p_1_high.jpg,casent0101035 profile view 1,April Nobile,Attribution-ShareAlike (BY-SA) Creative Commons License and GNU Free Documentation License (GFDL),"California Academy of Sciences, 2000-2008",GEODETIC_DATUM_ASSUMED_WGS84;CONTINENT_DERIVED_FROM_COORDINATES;COLLECTION_MATCH_NONE;INSTITUTION_MATCH_FUZZY,Pachycondyla,1,data/images/Pachycondyla/casent0101035_p.jpg,gbif_cache,train
865114582,CAS:ANTWEB:casent0101039,casent0101039,casent0101039,p,4673663,Bothroponera,ponerinae,Bothroponera wasmannii,Bothroponera wasmannii Mayr,,SPECIES,,worker,Lectotype,Antsiranana,[Nossi bé p. Madagascar]; Nosy be; Nosibe,-13.29167,48.25833,146.0,,C. Keller,Jean Claude Rakotonirina,https://www.antweb.org/images/casent0101039/casent0101039_p_1_high.jpg,casent0101039 profile view 1,April Nobile,Attribution-ShareAlike (BY-SA) Creative Commons License and GNU Free Documentation License (GFDL),"California Academy of Sciences, 2000-2008",GEODETIC_DATUM_ASSUMED_WGS84;CONTINENT_DERIVED_FROM_COORDINATES;COLLECTION_MATCH_NONE;INSTITUTION_MATCH_FUZZY,Bothroponera,1,data/images/Bothroponera/casent0101039_p.jpg,commons,test
865114600,CAS:ANTWEB:casent0101040,casent0101040,casent0101040,p,4673663,Bothroponera,ponerinae,Bothroponera wasmannii,Bothroponera wasmannii Mayr,,SPECIES,,worker,Paralectotype,Antsiranana,[Nossi bé p. Madagascar]; Nosy be; Nosibe,-13.29167,48.25833,146.0,,C. Keller,Jean Claude Rakotonirina,https://www.antweb.org/images/casent0101040/casent0101040_p_1_high.jpg,casent0101040 profile view 1,April Nobile,Attribution-ShareAlike (BY-SA) Creative Commons License and GNU Free Documentation License (GFDL),"California Academy of Sciences, 2000-2008",GEODETIC_DATUM_ASSUMED_WGS84;CONTINENT_DERIVED_FROM_COORDINATES;COLLECTION_MATCH_NONE;INSTITUTION_MATCH_FUZZY,Bothroponera,1,data/images/Bothroponera/casent0101040_p.jpg,commons,train
865114618,CAS:ANTWEB:casent0101041,casent0101041,casent0101041,p,4673663,Bothroponera,ponerinae,Bothroponera wasmannii,Bothroponera wasmannii Mayr,,SPECIES,,worker,Paralectotype,Antsiranana,[Nossi bé p. Madagascar]; Nosy be; Nosibe,-13.29167,48.25833,146.0,,C. Keller,Jean Claude Rakotonirina,https://www.antweb.org/images/casent0101041/casent0101041_p_1_high.jpg,casent0101041 profile view 1,April Nobile,Attribution-ShareAlike (BY-SA) Creative Commons License and GNU Free Documentation License (GFDL),"California Academy of Sciences, 2000-2008",GEODETIC_DATUM_ASSUMED_WGS84;CONTINENT_DERIVED_FROM_COORDINATES;COLLECTION_MATCH_NONE;INSTITUTION_MATCH_FUZZY,Bothroponera,1,data/images/Bothroponera/casent0101041_p.jpg,commons,test
865114687,CAS:ANTWEB:casent0101045,casent0101045,casent0101045,p,1319181,Tetraponera,pseudomyrmecinae,Tetraponera variegata,Tetraponera variegata,,SPECIES,,worker,Paralectotype,Antananarivo,[Centr Madag]; Ambatomanjaka; Miarinarivo,-18.76695,46.86911,1343.0,,,,https://www.antweb.org/images/casent0101045/casent0101045_p_1_high.jpg,casent0101045 profile view 1,April Nobile,Attribution-ShareAlike (BY-SA) Creative Commons License and GNU Free Documentation License (GFDL),"California Academy of Sciences, 2000-2008",GEODETIC_DATUM_ASSUMED_WGS84;CONTINENT_DERIVED_FROM_COORDINATES;COLLECTION_MATCH_NONE;INSTITUTION_MATCH_FUZZY,Tetraponera,1,data/images/Tetraponera/casent0101045_p.jpg,commons,train
865114704,CAS:ANTWEB:casent0101046,casent0101046,casent0101046,p,1319181,Tetraponera,pseudomyrmecinae,Tetraponera variegata,Tetraponera variegata,,SPECIES,,worker,Lectotype,Antananarivo,[Centr Madag]; Ambatomanjaka; Miarinarivo,-18.76695,46.86911,1343.0,,,,https://www.antweb.org/images/casent0101046/casent0101046_p_1_high.jpg,casent0101046 profile view 1,April Nobile,Attribution-ShareAlike (BY-SA) Creative Commons License and GNU Free Documentation License (GFDL),"California Academy of Sciences, 2000-2008",GEODETIC_DATUM_ASSUMED_WGS84;CONTINENT_DERIVED_FROM_COORDINATES;COLLECTION_MATCH_NONE;INSTITUTION_MATCH_FUZZY,Tetraponera,1,data/images/Tetraponera/casent0101046_p.jpg,commons,train
865114758,CAS:ANTWEB:casent0101049,casent0101049,casent0101049,p,1319181,Tetraponera,pseudomyrmecinae,Tetraponera morondaviensis,"Tetraponera morondaviensis (Forel, 1891)",,SPECIES,,worker,,Antananarivo,[Centr Madag.]; Ambatomanjaka; Miarinarivo,-18.76695,46.86911,1343.0,,,,https://www.antweb.org/images/casent0101049/casent0101049_p_1_high.jpg,casent0101049 profile view 1,April Nobile,Attribution-ShareAlike (BY-SA) Creative Commons License and GNU Free Documentation License (GFDL),"California Academy of Sciences, 2000-2008",GEODETIC_DATUM_ASSUMED_WGS84;CONTINENT_DERIVED_FROM_COORDINATES;COLLECTION_MATCH_NONE;INSTITUTION_MATCH_FUZZY,Tetraponera,1,data/images/Tetraponera/casent0101049_p.jpg,commons,test
865113708,CAS:ANTWEB:casent0101050,casent0101050,casent0101050,p,1319181,Tetraponera,pseudomyrmecinae,Tetraponera morondaviensis,"Tetraponera morondaviensis (Forel, 1891)",,SPECIES,,worker,,Antananarivo,[Centr Madag.]; Ambatomanjaka; Miarinarivo,-18.76695,46.86911,1343.0,,,,https://www.antweb.org/images/casent0101050/casent0101050_p_1_high.jpg,casent0101050 profile view 1,April Nobile,Attribution-ShareAlike (BY-SA) Creative Commons License and GNU Free Documentation License (GFDL),"California Academy of Sciences, 2000-2008",GEODETIC_DATUM_ASSUMED_WGS84;CONTINENT_DERIVED_FROM_COORDINATES;COLLECTION_MATCH_NONE;INSTITUTION_MATCH_FUZZY,Tetraponera,1,data/images/Tetraponera/casent0101050_p.jpg,commons,train
865113733,CAS:ANTWEB:casent0101051,casent0101051,casent0101051,p,1319181,Tetraponera,pseudomyrmecinae,Tetraponera morondaviensis,"Tetraponera morondaviensis (Forel, 1891)",,SPECIES,,worker,,Antananarivo,[Centr Madag.]; Ambatomanjaka; Miarinarivo,-18.76695,46.86911,1343.0,,,,https://www.antweb.org/images/casent0101051/casent0101051_p_1_high.jpg,casent0101051 profile view 1,April Nobile,Attribution-ShareAlike (BY-SA) Creative Commons License and GNU Free Documentation License (GFDL),"California Academy of Sciences, 2000-2008",GEODETIC_DATUM_ASSUMED_WGS84;CONTINENT_DERIVED_FROM_COORDINATES;COLLECTION_MATCH_NONE;INSTITUTION_MATCH_FUZZY,Tetraponera,1,data/images/Tetraponera/casent0101051_p.jpg,commons,train
865113763,CAS:ANTWEB:casent0101052,casent0101052,casent0101052,p,1319181,Tetraponera,pseudomyrmecinae,Tetraponera sahlbergii,"Tetraponera sahlbergii (Forel, 1887)",,SPECIES,,worker,,Toamasina,[Bois d' Ivondro p. Tamatave]; Antenina; Toamasina Rural,-18.23333,49.36667,14.0,,J.C. Keller,,https://www.antweb.org/images/casent0101052/casent0101052_p_1_high.jpg,casent0101052 profile view 1,April Nobile,Attribution-ShareAlike (BY-SA) Creative Commons License and GNU Free Documentation License (GFDL),"California Academy of Sciences, 2000-2008",GEODETIC_DATUM_ASSUMED_WGS84;CONTINENT_DERIVED_FROM_COORDINATES;COLLECTION_MATCH_NONE;INSTITUTION_MATCH_FUZZY,Tetraponera,1,data/images/Tetraponera/casent0101052_p.jpg,commons,train
865113793,CAS:ANTWEB:casent0101053,casent0101053,casent0101053,p,1315863,Aphaenogaster,myrmicinae,Aphaenogaster subterranea,"Aphaenogaster subterranea (Latreille, 1798)",,SPECIES,,worker,Syntype,Antsiranana,[Diego Suarez]; Antsahampano; Antsiranana Rural,-12.32313,49.29428,67.0,,Friederichs,,https://www.antweb.org/images/casent0101053/casent0101053_p_1_high.jpg,casent0101053 profile view 1,April Nobile,Attribution-ShareAlike (BY-SA) Creative Commons License and GNU Free Documentation License (GFDL),"California Academy of Sciences, 2000-2008",GEODETIC_DATUM_ASSUMED_WGS84;CONTINENT_DERIVED_FROM_COORDINATES;COLLECTION_MATCH_NONE;INSTITUTION_MATCH_FUZZY,Aphaenogaster,1,data/images/Aphaenogaster/casent0101053_p.jpg,commons,test
865113825,CAS:ANTWEB:casent0101054,casent0101054,casent0101054,p,1315863,Aphaenogaster,myrmicinae,Aphaenogaster subterranea,"Aphaenogaster subterranea (Latreille, 1798)",,SPECIES,,worker,Syntype,Antsiranana,[Diego Suarez]; Antsahampano; Antsiranana Rural,-12.32313,49.29428,67.0,,Friederichs,,https://www.antweb.org/images/casent0101054/casent0101054_p_1_high.jpg,casent0101054 profile view 1,April Nobile,Attribution-ShareAlike (BY-SA) Creative Commons License and GNU Free Documentation License (GFDL),"California Academy of Sciences, 2000-2008",GEODETIC_DATUM_ASSUMED_WGS84;CONTINENT_DERIVED_FROM_COORDINATES;COLLECTION_MATCH_NONE;INSTITUTION_MATCH_FUZZY,Aphaenogaster,1,data/images/Aphaenogaster/casent0101054_p.jpg,commons,train
865114118,CAS:ANTWEB:casent0101065,casent0101065,casent0101065,p,1315863,Aphaenogaster,myrmicinae,Aphaenogaster swammerdami,"Aphaenogaster swammerdami Forel, 1886",,SPECIES,,worker,Syntype,Toliara,[Morondaoa],-20.3,44.3,,,,Sandor Csosz,https://www.antweb.org/images/casent0101065/casent0101065_p_1_high.jpg,casent0101065 profile view 1,April Nobile,Attribution-ShareAlike (BY-SA) Creative Commons License and GNU Free Documentation License (GFDL),"California Academy of Sciences, 2000-2008",GEODETIC_DATUM_ASSUMED_WGS84;CONTINENT_DERIVED_FROM_COORDINATES;COLLECTION_MATCH_NONE;INSTITUTION_MATCH_FUZZY,Aphaenogaster,1,data/images/Aphaenogaster/casent0101065_p.jpg,commons,train
865114140,CAS:ANTWEB:casent0101066,casent0101066,casent0101066,p,1315863,Aphaenogaster,myrmicinae,Aphaenogaster swammerdami,"Aphaenogaster swammerdami Forel, 1886",,SPECIES,,worker,Syntype,Toliara,[Morondaoa],-20.3,44.3,,,,Sandor Csosz,https://www.antweb.org/images/casent0101066/casent0101066_p_1_high.jpg,casent0101066 profile view 1,April Nobile,Attribution-ShareAlike (BY-SA) Creative Commons License and GNU Free Documentation License (GFDL),"California Academy of Sciences, 2000-2008",GEODETIC_DATUM_ASSUMED_WGS84;CONTINENT_DERIVED_FROM_COORDINATES;COLLECTION_MATCH_NONE;INSTITUTION_MATCH_FUZZY,Aphaenogaster,1,data/images/Aphaenogaster/casent0101066_p.jpg,commons,train
865114188,CAS:ANTWEB:casent0101068,casent0101068,casent0101068,p,1315863,Aphaenogaster,myrmicinae,Aphaenogaster swammerdami,"Aphaenogaster swammerdami Forel, 1886",,SPECIES,,worker,Syntype,Toliara,[Morondaoa]; Morondava,-20.29042,44.3,6.0,,,Sandor Csosz,https://www.antweb.org/images/casent0101068/casent0101068_p_1_high.jpg,casent0101068 profile view 1,April Nobile,Attribution-ShareAlike (BY-SA) Creative Commons License and GNU Free Documentation License (GFDL),"California Academy of Sciences, 2000-2008",GEODETIC_DATUM_ASSUMED_WGS84;CONTINENT_DERIVED_FROM_COORDINATES;COLLECTION_MATCH_NONE;INSTITUTION_MATCH_FUZZY,Aphaenogaster,1,data/images/Aphaenogaster/casent0101068_p.jpg,commons,train
865114215,CAS:ANTWEB:casent0101069,casent0101069,casent0101069,p,1315863,Aphaenogaster,myrmicinae,Aphaenogaster swammerdami,"Aphaenogaster swammerdami Forel, 1886",,SPECIES,,worker,Syntype,Toliara,[Morondaoa]; Morondava,-20.29042,44.3,6.0,,,Sandor Csosz,https://www.antweb.org/images/casent0101069/casent0101069_p_1_high.jpg,casent0101069 profile view 1,April Nobile,Attribution-ShareAlike (BY-SA) Creative Commons License and GNU Free Documentation License (GFDL),"California Academy of Sciences, 2000-2008",GEODETIC_DATUM_ASSUMED_WGS84;CONTINENT_DERIVED_FROM_COORDINATES;COLLECTION_MATCH_NONE;INSTITUTION_MATCH_FUZZY,Aphaenogaster,1,data/images/Aphaenogaster/casent0101069_p.jpg,commons,test
865114247,CAS:ANTWEB:casent0101070,casent0101070,casent0101070,p,1315863,Aphaenogaster,myrmicinae,Aphaenogaster swammerdami,"Aphaenogaster swammerdami Forel, 1886",,SPECIES,,worker,Syntype,Toliara,[Morondaoa]; Morondava,-20.29042,44.3,6.0,,,Sandor Csosz,https://www.antweb.org/images/casent0101070/casent0101070_p_1_high.jpg,casent0101070 profile view 1,April Nobile,Attribution-ShareAlike (BY-SA) Creative Commons License and GNU Free Documentation License (GFDL),"California Academy of Sciences, 2000-2008",GEODETIC_DATUM_ASSUMED_WGS84;CONTINENT_DERIVED_FROM_COORDINATES;COLLECTION_MATCH_NONE;INSTITUTION_MATCH_FUZZY,Aphaenogaster,1,data/images/Aphaenogaster/casent0101070_p.jpg,commons,train
865114273,CAS:ANTWEB:casent0101071,casent0101071,casent0101071,p,1315863,Aphaenogaster,myrmicinae,Aphaenogaster swammerdami,"Aphaenogaster swammerdami Forel, 1886",,SPECIES,,worker,Syntype,Toliara,[Morondava],-20.29042,44.3,6.0,,,Sandor Csosz,https://www.antweb.org/images/casent0101071/casent0101071_p_1_high.jpg,casent0101071 profile view 1,April Nobile,Attribution-ShareAlike (BY-SA) Creative Commons License and GNU Free Documentation License (GFDL),"California Academy of Sciences, 2000-2008",GEODETIC_DATUM_ASSUMED_WGS84;CONTINENT_DERIVED_FROM_COORDINATES;COLLECTION_MATCH_NONE;INSTITUTION_MATCH_FUZZY,Aphaenogaster,1,data/images/Aphaenogaster/casent0101071_p.jpg,commons,train
865114298,CAS:ANTWEB:casent0101072,casent0101072,casent0101072,p,1315863,Aphaenogaster,myrmicinae,Aphaenogaster swammerdami,"Aphaenogaster swammerdami Forel, 1886",,SPECIES,,worker,Syntype,Toliara,[Morondava],-20.29042,44.3,6.0,,,Sandor Csosz,https://www.antweb.org/images/casent0101072/casent0101072_p_1_high.jpg,casent0101072 profile view 1,April Nobile,Attribution-ShareAlike (BY-SA) Creative Commons License and GNU Free Documentation License (GFDL),"California Academy of Sciences, 2000-2008",GEODETIC_DATUM_ASSUMED_WGS84;CONTINENT_DERIVED_FROM_COORDINATES;COLLECTION_MATCH_NONE;INSTITUTION_MATCH_FUZZY,Aphaenogaster,1,data/images/Aphaenogaster/casent0101072_p.jpg,commons,train
865114351,CAS:ANTWEB:casent0101073,casent0101073,casent0101073,p,1315863,Aphaenogaster,myrmicinae,Aphaenogaster swammerdami,"Aphaenogaster swammerdami Forel, 1886",,SPECIES,,worker,,Fianarantsoa,"[Pays Bara], Ihosy",-22.39387,46.12576,,,Thosi,,https://www.antweb.org/images/casent0101073/casent0101073_p_1_high.jpg,casent0101073 profile view 1,April Nobile,Attribution-ShareAlike (BY-SA) Creative Commons License and GNU Free Documentation License (GFDL),"California Academy of Sciences, 2000-2008",GEODETIC_DATUM_ASSUMED_WGS84;CONTINENT_DERIVED_FROM_COORDINATES;COLLECTION_MATCH_NONE;INSTITUTION_MATCH_FUZZY,Aphaenogaster,1,data/images/Aphaenogaster/casent0101073_p.jpg,commons,train
865114378,CAS:ANTWEB:casent0101074,casent0101074,casent0101074,p,1315863,Aphaenogaster,myrmicinae,Aphaenogaster swammerdami,"Aphaenogaster swammerdami Forel, 1886",,SPECIES,,worker,Syntype,Fianarantsoa,"[Pays Bara], Ihosy",-22.39387,46.12576,,,Thosi,,https://www.antweb.org/images/casent0101074/casent0101074_p_1_high.jpg,casent0101074 profile view 1,April Nobile,Attribution-ShareAlike (BY-SA) Creative Commons License and GNU Free Documentation License (GFDL),"California Academy of Sciences, 2000-2008",GEODETIC_DATUM_ASSUMED_WGS84;CONTINENT_DERIVED_FROM_COORDINATES;COLLECTION_MATCH_NONE;INSTITUTION_MATCH_FUZZY,Aphaenogaster,1,data/images/Aphaenogaster/casent0101074_p.jpg,commons,test
865114398,CAS:ANTWEB:casent0101075,casent0101075,casent0101075,p,1315863,Aphaenogaster,myrmicinae,Aphaenogaster swammerdami,"Aphaenogaster swammerdami Forel, 1886",,SPECIES,,worker,,Fianarantsoa,"[Pays Bara], Ihosy",-22.39387,46.12576,,,Thosi,,https://www.antweb.org/images/casent0101075/casent0101075_p_1_high.jpg,casent0101075 profile view 1,April Nobile,Attribution-ShareAlike (BY-SA) Creative Commons License and GNU Free Documentation License (GFDL),"California Academy of Sciences, 2000-2008",GEODETIC_DATUM_ASSUMED_WGS84;CONTINENT_DERIVED_FROM_COORDINATES;COLLECTION_MATCH_NONE;INSTITUTION_MATCH_FUZZY,Aphaenogaster,1,data/images/Aphaenogaster/casent0101075_p.jpg,commons,train
865114472,CAS:ANTWEB:casent0101077,casent0101077,casent0101077,p,1320039,Technomyrmex,dolichoderinae,Technomyrmex difficilis,"Technomyrmex difficilis Forel, 1892",,SPECIES,,worker,,Antsiranana,[Nosi-be]; Nosy be; Nosibe,-13.31503,48.25927,128.0,,Descarpentries,Barry Bolton,https://www.antweb.org/images/casent0101077/casent0101077_p_1_high.jpg,casent0101077 profile view 1,April Nobile,Attribution-ShareAlike (BY-SA) Creative Commons License and GNU Free Documentation License (GFDL),"California Academy of Sciences, 2000-2008",GEODETIC_DATUM_ASSUMED_WGS84;CONTINENT_DERIVED_FROM_COORDINATES;COLLECTION_MATCH_NONE;INSTITUTION_MATCH_FUZZY,Technomyrmex,1,data/images/Technomyrmex/casent0101077_p.jpg,commons,train
865114495,CAS:ANTWEB:casent0101078,casent0101078,casent0101078,p,1320039,Technomyrmex,dolichoderinae,Technomyrmex difficilis,"Technomyrmex difficilis Forel, 1892",,SPECIES,,worker,,Antsiranana,[Nosi-be]; Nosy be; Nosibe,-13.31503,48.25927,128.0,,Descarpentries,Barry Bolton,https://www.antweb.org/images/casent0101078/casent0101078_p_1_high.jpg,casent0101078 profile view 1,April Nobile,Attribution-ShareAlike (BY-SA) Creative Commons License and GNU Free Documentation License (GFDL),"California Academy of Sciences, 2000-2026",GEODETIC_DATUM_ASSUMED_WGS84;CONTINENT_DERIVED_FROM_COORDINATES;COLLECTION_MATCH_NONE;INSTITUTION_MATCH_FUZZY,Technomyrmex,1,data/images/Technomyrmex/casent0101078_p.jpg,commons,train
865114514,CAS:ANTWEB:casent0101079,casent0101079,casent0101079,p,1320039,Technomyrmex,dolichoderinae,Technomyrmex difficilis,"Technomyrmex difficilis Forel, 1892",,SPECIES,,worker,Syntype,Antsiranana,[Nosi-be]; Nosy be; Nosibe,-13.31503,48.25927,128.0,,Descarpentries,Barry Bolton,https://www.antweb.org/images/casent0101079/casent0101079_p_1_high.jpg,casent0101079 profile view 1,April Nobile,Attribution-ShareAlike (BY-SA) Creative Commons License and GNU Free Documentation License (GFDL),"California Academy of Sciences, 2000-2008",GEODETIC_DATUM_ASSUMED_WGS84;CONTINENT_DERIVED_FROM_COORDINATES;COLLECTION_MATCH_NONE;INSTITUTION_MATCH_FUZZY,Technomyrmex,1,data/images/Technomyrmex/casent0101079_p.jpg,commons,train
865114535,CAS:ANTWEB:casent0101080,casent0101080,casent0101080,p,1320039,Technomyrmex,dolichoderinae,Technomyrmex difficilis,"Technomyrmex difficilis Forel, 1892",,SPECIES,,worker,,Antsiranana,[Nosy-Be]; Nosy be; Nosibe,-13.31503,48.25927,128.0,,Descarpentries,Barry Bolton,https://www.antweb.org/images/casent0101080/casent0101080_p_1_high.jpg,casent0101080 profile view 1,April Nobile,Attribution-ShareAlike (BY-SA) Creative Commons License and GNU Free Documentation License (GFDL),"California Academy of Sciences, 2000-2008",GEODETIC_DATUM_ASSUMED_WGS84;CONTINENT_DERIVED_FROM_COORDINATES;COLLECTION_MATCH_NONE;INSTITUTION_MATCH_FUZZY,Technomyrmex,1,data/images/Technomyrmex/casent0101080_p.jpg,commons,train
865114595,CAS:ANTWEB:casent0101083,casent0101083,casent0101083,p,1316784,Tapinoma,dolichoderinae,Tapinoma subtile,"Tapinoma subtile Santschi, 1911",,SPECIES,,worker,Syntype,Toamasina,[S. de la baie d' Antongil.]; Mananara Avaratra; Mananara,-16.17055,49.76521,18.0,,,Santschi,https://www.antweb.org/images/casent0101083/casent0101083_p_1_high.jpg,casent0101083 profile view 1,April Nobile,Attribution-ShareAlike (BY-SA) Creative Commons License and GNU Free Documentation License (GFDL),"California Academy of Sciences, 2000-2008",GEODETIC_DATUM_ASSUMED_WGS84;CONTINENT_DERIVED_FROM_COORDINATES;COLLECTION_MATCH_NONE;INSTITUTION_MATCH_FUZZY,Tapinoma,1,data/images/Tapinoma/casent0101083_p.jpg,commons,train
865114613,CAS:ANTWEB:casent0101084,casent0101084,casent0101084,p,1316784,Tapinoma,dolichoderinae,Tapinoma subtile,"Tapinoma subtile Santschi, 1911",,SPECIES,,worker,Syntype,Toamasina,[S. de la baie d' Antongil.]; Mananara Avaratra; Mananara,-16.17055,49.76521,18.0,,,Santschi,https://www.antweb.org/images/casent0101084/casent0101084_p_1_high.jpg,casent0101084 profile view 1,April Nobile,Attribution-ShareAlike (BY-SA) Creative Commons License and GNU Free Documentation License (GFDL),"California Academy of Sciences, 2000-2008",GEODETIC_DATUM_ASSUMED_WGS84;CONTINENT_DERIVED_FROM_COORDINATES;COLLECTION_MATCH_NONE;INSTITUTION_MATCH_FUZZY,Tapinoma,1,data/images/Tapinoma/casent0101084_p.jpg,commons,train
865114630,CAS:ANTWEB:casent0101085,casent0101085,casent0101085,p,1316784,Tapinoma,dolichoderinae,Tapinoma subtile,"Tapinoma subtile Santschi, 1911",,SPECIES,,worker,Syntype,Toamasina,[Sud de la baie d' Antongil]; Mananara Avaratra; Mananara,-16.17055,49.76521,18.0,,,,https://www.antweb.org/images/casent0101085/casent0101085_p_1_high.jpg,casent0101085 profile view 1,April Nobile,Attribution-ShareAlike (BY-SA) Creative Commons License and GNU Free Documentation License (GFDL),"California Academy of Sciences, 2000-2008",GEODETIC_DATUM_ASSUMED_WGS84;CONTINENT_DERIVED_FROM_COORDINATES;COLLECTION_MATCH_NONE;INSTITUTION_MATCH_FUZZY,Tapinoma,1,data/images/Tapinoma/casent0101085_p.jpg,commons,train
865114649,CAS:ANTWEB:casent0101086,casent0101086,casent0101086,p,1315863,Aphaenogaster,myrmicinae,Aphaenogaster swammerdami,"Aphaenogaster swammerdami Forel, 1886",,SPECIES,,worker,Syntype,Mahajanga,[Baie de Baly]; Soalala,-16.02639,45.24361,53.0,,,Sandor Csosz,https://www.antweb.org/images/casent0101086/casent0101086_p_1_high.jpg,casent0101086 profile view 1,April Nobile,Attribution-ShareAlike (BY-SA) Creative Commons License and GNU Free Documentation License (GFDL),"California Academy of Sciences, 2000-2008",GEODETIC_DATUM_ASSUMED_WGS84;CONTINENT_DERIVED_FROM_COORDINATES;COLLECTION_MATCH_NONE;INSTITUTION_MATCH_FUZZY,Aphaenogaster,1,data/images/Aphaenogaster/casent0101086_p.jpg,commons,train
865114667,CAS:ANTWEB:casent0101087,casent0101087,casent0101087,p,1315863,Aphaenogaster,myrmicinae,Aphaenogaster swammerdami,"Aphaenogaster swammerdami Forel, 1886",,SPECIES,,worker,Syntype,Mahajanga,[Baie de Baly],-16.3,45.24,,,,Sandor Csosz,https://www.antweb.org/images/casent0101087/casent0101087_p_1_high.jpg,casent0101087 profile view 1,April Nobile,Attribution-ShareAlike (BY-SA) Creative Commons License and GNU Free Documentation License (GFDL),"California Academy of Sciences, 2000-2008",GEODETIC_DATUM_ASSUMED_WGS84;CONTINENT_DERIVED_FROM_COORDINATES;COLLECTION_MATCH_NONE;INSTITUTION_MATCH_FUZZY,Aphaenogaster,1,data/images/Aphaenogaster/casent0101087_p.jpg,gbif_cache,train
865113841,CAS:ANTWEB:casent0101095,casent0101095,casent0101095,p,1312361,Camponotus,formicinae,Camponotus maculatus,"Camponotus maculatus (Fabricius, 1782)",,SPECIES,,worker,Lectotype,Antsiranana,[Nosi-bé]; Nosy be; Nosibe,-13.31503,48.25927,128.0,,,,https://www.antweb.org/images/casent0101095/casent0101095_p_1_high.jpg,casent0101095 profile view 1,April Nobile,Attribution-ShareAlike (BY-SA) Creative Commons License and GNU Free Documentation License (GFDL),"California Academy of Sciences, 2000-2008",GEODETIC_DATUM_ASSUMED_WGS84;CONTINENT_DERIVED_FROM_COORDINATES;COLLECTION_MATCH_NONE;INSTITUTION_MATCH_FUZZY,Camponotus,1,data/images/Camponotus/casent0101095_p.jpg,commons,train
865113864,CAS:ANTWEB:casent0101096,casent0101096,casent0101096,p,1312361,Camponotus,formicinae,Camponotus maculatus,"Camponotus maculatus (Fabricius, 1782)",,SPECIES,,worker,,Antsiranana,[Nosi-bé]; Nosy be; Nosibe,-13.31503,48.25927,128.0,,,,https://www.antweb.org/images/casent0101096/casent0101096_p_1_high.jpg,casent0101096 profile view 1,April Nobile,Attribution-ShareAlike (BY-SA) Creative Commons License and GNU Free Documentation License (GFDL),"California Academy of Sciences, 2000-2008",GEODETIC_DATUM_ASSUMED_WGS84;CONTINENT_DERIVED_FROM_COORDINATES;COLLECTION_MATCH_NONE;INSTITUTION_MATCH_FUZZY,Camponotus,1,data/images/Camponotus/casent0101096_p.jpg,commons,test
865113959,CAS:ANTWEB:casent0101100,casent0101100,casent0101100,p,1312361,Camponotus,formicinae,Camponotus maculatus,"Camponotus maculatus (Fabricius, 1782)",,SPECIES,,worker,Paralectotype,Fianarantsoa,[Fianarantsora; Andringitra]; Antambohobe; Ivohibe,-22.33333,46.91667,1831.0,,Descarpentries,,https://www.antweb.org/images/casent0101100/casent0101100_p_1_high.jpg,casent0101100 profile view 1,April Nobile,Attribution-ShareAlike (BY-SA) Creative Commons License and GNU Free Documentation License (GFDL),"California Academy of Sciences, 2000-2008",GEODETIC_DATUM_ASSUMED_WGS84;CONTINENT_DERIVED_FROM_COORDINATES;COLLECTION_MATCH_NONE;INSTITUTION_MATCH_FUZZY,Camponotus,1,data/images/Camponotus/casent0101100_p.jpg,commons,train
865113982,CAS:ANTWEB:casent0101101,casent0101101,casent0101101,p,1312361,Camponotus,formicinae,Camponotus maculatus,"Camponotus maculatus (Fabricius, 1782)",,SPECIES,,worker,,Fianarantsoa,[Fianarantsora; Andringitra]; Antambohobe; Ivohibe,-22.33333,46.91667,1831.0,,Descarpentries,,https://www.antweb.org/images/casent0101101/casent0101101_p_1_high.jpg,casent0101101 profile view 1,April Nobile,Attribution-ShareAlike (BY-SA) Creative Commons License and GNU Free Documentation License (GFDL),"California Academy of Sciences, 2000-2008",GEODETIC_DATUM_ASSUMED_WGS84;CONTINENT_DERIVED_FROM_COORDINATES;COLLECTION_MATCH_NONE;INSTITUTION_MATCH_FUZZY,Camponotus,1,data/images/Camponotus/casent0101101_p.jpg,commons,train
865114008,CAS:ANTWEB:casent0101102,casent0101102,casent0101102,p,1312361,Camponotus,formicinae,Camponotus maculatus,"Camponotus maculatus (Fabricius, 1782)",,SPECIES,,worker,Lectotype,Antananarivo,[Madagascar]; Ambatomanjaka; Miarinarivo,-18.76695,46.86911,1343.0,,,,https://www.antweb.org/images/casent0101102/casent0101102_p_1_high.jpg,casent0101102 profile view 1,April Nobile,Attribution-ShareAlike (BY-SA) Creative Commons License and GNU Free Documentation License (GFDL),"California Academy of Sciences, 2000-2008",GEODETIC_DATUM_ASSUMED_WGS84;CONTINENT_DERIVED_FROM_COORDINATES;COLLECTION_MATCH_NONE;INSTITUTION_MATCH_FUZZY,Camponotus,1,data/images/Camponotus/casent0101102_p.jpg,commons,train
865114035,CAS:ANTWEB:casent0101103,casent0101103,casent0101103,p,1312361,Camponotus,formicinae,Camponotus cemeryi,"Camponotus cemeryi (Rakotonirina & Fisher, 2022) Oezdikmen, 2022",,SPECIES,,worker,Lectotype,Mahajanga,[Moyanga]; Madirovalo; Ambato-Boina,-16.52388,46.51626,23.0,,,,https://www.antweb.org/images/casent0101103/casent0101103_p_1_high.jpg,casent0101103 profile view 1,April Nobile,Attribution-ShareAlike (BY-SA) Creative Commons License and GNU Free Documentation License (GFDL),"California Academy of Sciences, 2000-2007",GEODETIC_DATUM_ASSUMED_WGS84;CONTINENT_DERIVED_FROM_COORDINATES;COLLECTION_MATCH_NONE;INSTITUTION_MATCH_FUZZY,Camponotus,1,data/images/Camponotus/casent0101103_p.jpg,gbif_cache,test
865114063,CAS:ANTWEB:casent0101104,casent0101104,casent0101104,p,1312361,Camponotus,formicinae,Camponotus cemeryi,"Camponotus cemeryi (Rakotonirina & Fisher, 2022) Oezdikmen, 2022",,SPECIES,,worker,Paralectotype,Toamasina,[Région Biosée de la Cote Est Ivondro]; Antenina; Toamasina Rural,-18.23333,49.36667,14.0,,,N. Rasoamanana,https://www.antweb.org/images/casent0101104/casent0101104_p_1_high.jpg,casent0101104 profile view 1,April Nobile,Attribution-ShareAlike (BY-SA) Creative Commons License and GNU Free Documentation License (GFDL),"California Academy of Sciences, 2000-2007",GEODETIC_DATUM_ASSUMED_WGS84;CONTINENT_DERIVED_FROM_COORDINATES;COLLECTION_MATCH_NONE;INSTITUTION_MATCH_FUZZY,Camponotus,1,data/images/Camponotus/casent0101104_p.jpg,gbif_cache,train
865114077,CAS:ANTWEB:casent0101105,casent0101105,casent0101105,p,1312361,Camponotus,formicinae,Camponotus lubbocki,"Camponotus lubbocki Forel, 1886",,SPECIES,,worker,Paralectotype,Antananarivo,[Andrangloaka]; Mantasoa; Manjakandriana,-19.03333,47.91667,1409.0,,Sikora,,https://www.antweb.org/images/casent0101105/casent0101105_p_1_high.jpg,casent0101105 profile view 1,April Nobile,Attribution-ShareAlike (BY-SA) Creative Commons License and GNU Free Documentation License (GFDL),"California Academy of Sciences, 2000-2008",GEODETIC_DATUM_ASSUMED_WGS84;CONTINENT_DERIVED_FROM_COORDINATES;COLLECTION_MATCH_NONE;INSTITUTION_MATCH_FUZZY,Camponotus,1,data/images/Camponotus/casent0101105_p.jpg,commons,train
865114106,CAS:ANTWEB:casent0101106,casent0101106,casent0101106,p,1312361,Camponotus,formicinae,Camponotus lubbocki,"Camponotus lubbocki Forel, 1886",,SPECIES,,worker,Paralectotype,Antananarivo,[Andrangloaka]; Mantasoa; Manjakandriana,-19.03333,47.91667,1409.0,,Sikora,,https://www.antweb.org/images/casent0101106/casent0101106_p_1_high.jpg,casent0101106 profile view 1,April Nobile,Attribution-ShareAlike (BY-SA) Creative Commons License and GNU Free Documentation License (GFDL),"California Academy of Sciences, 2000-2008",GEODETIC_DATUM_ASSUMED_WGS84;CONTINENT_DERIVED_FROM_COORDINATES;COLLECTION_MATCH_NONE;INSTITUTION_MATCH_FUZZY,Camponotus,1,data/images/Camponotus/casent0101106_p.jpg,commons,train
865114127,CAS:ANTWEB:casent0101107,casent0101107,casent0101107,p,1312361,Camponotus,formicinae,Camponotus dromedarius,"Camponotus dromedarius Forel, 1891",,SPECIES,,worker,,Antananarivo,[Madagascar]; Ambatomanjaka; Miarinarivo,-18.76695,46.86911,1343.0,,,,https://www.antweb.org/images/casent0101107/casent0101107_p_1_high.jpg,casent0101107 profile view 1,April Nobile,Attribution-ShareAlike (BY-SA) Creative Commons License and GNU Free Documentation License (GFDL),"California Academy of Sciences, 2000-2007",GEODETIC_DATUM_ASSUMED_WGS84;CONTINENT_DERIVED_FROM_COORDINATES;COLLECTION_MATCH_NONE;INSTITUTION_MATCH_FUZZY,Camponotus,1,data/images/Camponotus/casent0101107_p.jpg,commons,train
865114178,CAS:ANTWEB:casent0101109,casent0101109,casent0101109,p,1312361,Camponotus,formicinae,Camponotus maculatus,"Camponotus maculatus (Fabricius, 1782)",,SPECIES,,worker,Paralectotype,Toliara,[S.W. Madagascar]; Beronono; Mahabo,-21.0,45.0,339.0,,Voltzkow,,https://www.antweb.org/images/casent0101109/casent0101109_p_1_high.jpg,casent0101109 profile view 1,April Nobile,Attribution-ShareAlike (BY-SA) Creative Commons License and GNU Free Documentation License (GFDL),"California Academy of Sciences, 2000-2007",GEODETIC_DATUM_ASSUMED_WGS84;CONTINENT_DERIVED_FROM_COORDINATES;COLLECTION_MATCH_NONE;INSTITUTION_MATCH_FUZZY,Camponotus,1,data/images/Camponotus/casent0101109_p.jpg,gbif_cache,test
865114202,CAS:ANTWEB:casent0101110,casent0101110,casent0101110,p,1312361,Camponotus,formicinae,Camponotus maculatus,"Camponotus maculatus (Fabricius, 1782)",,SPECIES,,worker,Lectotype,Toliara,[S.W. Madagascar]; Beronono; Mahabo,-21.0,45.0,339.0,,Voltzkow,,https://www.antweb.org/images/casent0101110/casent0101110_p_1_high.jpg,casent0101110 profile view 1,April Nobile,Attribution-ShareAlike (BY-SA) Creative Commons License and GNU Free Documentation License (GFDL),"California Academy of Sciences, 2000-2007",GEODETIC_DATUM_ASSUMED_WGS84;CONTINENT_DERIVED_FROM_COORDINATES;COLLECTION_MATCH_NONE;INSTITUTION_MATCH_FUZZY,Camponotus,1,data/images/Camponotus/casent0101110_p.jpg,gbif_cache,test
865114258,CAS:ANTWEB:casent0101112,casent0101112,casent0101112,p,1312361,Camponotus,formicinae,Camponotus foersteri,"Camponotus foersteri Forel, 1886",,SPECIES,,worker,,Antananarivo,[Madagascar]; Ambatomanjaka; Miarinarivo,-18.76695,46.86911,1343.0,,Sikora,Jean Claude Rakotonirina,https://www.antweb.org/images/casent0101112/casent0101112_p_1_high.jpg,casent0101112 profile view 1,April Nobile,Attribution-ShareAlike (BY-SA) Creative Commons License and GNU Free Documentation License (GFDL),"California Academy of Sciences, 2000-2007",GEODETIC_DATUM_ASSUMED_WGS84;CONTINENT_DERIVED_FROM_COORDINATES;COLLECTION_MATCH_NONE;INSTITUTION_MATCH_FUZZY,Camponotus,1,data/images/Camponotus/casent0101112_p.jpg,commons,train
865114286,CAS:ANTWEB:casent0101113,casent0101113,casent0101113,p,1312361,Camponotus,formicinae,Camponotus radovae,"Camponotus radovae Forel, 1886",,SPECIES,,worker,,Toliara,[Morondava],-20.29042,44.3,6.0,,,,https://www.antweb.org/images/casent0101113/casent0101113_p_1_high.jpg,casent0101113 profile view 1,April Nobile,Attribution-ShareAlike (BY-SA) Creative Commons License and GNU Free Documentation License (GFDL),"California Academy of Sciences, 2000-2007",GEODETIC_DATUM_ASSUMED_WGS84;CONTINENT_DERIVED_FROM_COORDINATES;COLLECTION_MATCH_NONE;INSTITUTION_MATCH_FUZZY,Camponotus,1,data/images/Camponotus/casent0101113_p.jpg,commons,test
865114310,CAS:ANTWEB:casent0101114,casent0101114,casent0101114,p,1312361,Camponotus,formicinae,Camponotus radovae,"Camponotus radovae Forel, 1886",,SPECIES,,worker,,Toliara,[Morondava],-20.29042,44.3,6.0,,,,https://www.antweb.org/images/casent0101114/casent0101114_p_1_high.jpg,casent0101114 profile view 1,April Nobile,Attribution-ShareAlike (BY-SA) Creative Commons License and GNU Free Documentation License (GFDL),"California Academy of Sciences, 2000-2007",GEODETIC_DATUM_ASSUMED_WGS84;CONTINENT_DERIVED_FROM_COORDINATES;COLLECTION_MATCH_NONE;INSTITUTION_MATCH_FUZZY,Camponotus,1,data/images/Camponotus/casent0101114_p.jpg,commons,train
865114337,CAS:ANTWEB:casent0101115,casent0101115,casent0101115,p,1312361,Camponotus,formicinae,Camponotus radovae,"Camponotus radovae Forel, 1886",,SPECIES,,worker,,Antananarivo,[Madagascar]; Ambatomanjaka; Miarinarivo,-18.76695,46.86911,1343.0,,Sikora,N. Rasoamanana,https://www.antweb.org/images/casent0101115/casent0101115_p_1_high.jpg,casent0101115 profile view 1,April Nobile,Attribution-ShareAlike (BY-SA) Creative Commons License and GNU Free Documentation License (GFDL),"California Academy of Sciences, 2000-2007",GEODETIC_DATUM_ASSUMED_WGS84;CONTINENT_DERIVED_FROM_COORDINATES;COLLECTION_MATCH_NONE;INSTITUTION_MATCH_FUZZY,Camponotus,1,data/images/Camponotus/casent0101115_p.jpg,commons,train
865114358,CAS:ANTWEB:casent0101116,casent0101116,casent0101116,p,1312361,Camponotus,formicinae,Camponotus imitator,"Camponotus imitator Forel, 1891",,SPECIES,,worker,Paralectotype,Antananarivo,[Madagascar]; Ambatomanjaka; Miarinarivo,-18.76695,46.86911,1343.0,,Grevé,Nicole Rasoamanana,https://www.antweb.org/images/casent0101116/casent0101116_p_1_high.jpg,casent0101116 profile view 1,April Nobile,Attribution-ShareAlike (BY-SA) Creative Commons License and GNU Free Documentation License (GFDL),"California Academy of Sciences, 2000-2007",GEODETIC_DATUM_ASSUMED_WGS84;CONTINENT_DERIVED_FROM_COORDINATES;COLLECTION_MATCH_NONE;INSTITUTION_MATCH_FUZZY,Camponotus,1,data/images/Camponotus/casent0101116_p.jpg,commons,train
865114386,CAS:ANTWEB:casent0101117,casent0101117,casent0101117,p,1312361,Camponotus,formicinae,Camponotus imitator,"Camponotus imitator Forel, 1891",,SPECIES,,worker,Lectotype,Toliara,[Ambolisatra]; Manombo Sud,-22.95,43.45,6.0,1898-07-06,,Nicole Rasoamanana,https://www.antweb.org/images/casent0101117/casent0101117_p_1_high.jpg,casent0101117 profile view 1,April Nobile,Attribution-ShareAlike (BY-SA) Creative Commons License and GNU Free Documentation License (GFDL),"California Academy of Sciences, 2000-2008",GEODETIC_DATUM_ASSUMED_WGS84;CONTINENT_DERIVED_FROM_COORDINATES;COLLECTION_MATCH_NONE;INSTITUTION_MATCH_FUZZY,Camponotus,1,data/images/Camponotus/casent0101117_p.jpg,commons,train
865114414,CAS:ANTWEB:casent0101118,casent0101118,casent0101118,p,1312361,Camponotus,formicinae,Camponotus imitator,"Camponotus imitator Forel, 1891",,SPECIES,,worker,Paralectotype,Toliara,[Région du Sud Andrahomana]; Analapatsa I; Taolagnaro,-25.18333,46.66667,31.0,1899-01-01,,Nicole Rasoamanana,https://www.antweb.org/images/casent0101118/casent0101118_p_1_high.jpg,casent0101118 profile view 1,April Nobile,Attribution-ShareAlike (BY-SA) Creative Commons License and GNU Free Documentation License (GFDL),"California Academy of Sciences, 2000-2008",GEODETIC_DATUM_ASSUMED_WGS84;CONTINENT_DERIVED_FROM_COORDINATES;COLLECTION_MATCH_NONE;INSTITUTION_MATCH_FUZZY,Camponotus,1,data/images/Camponotus/casent0101118_p.jpg,commons,test
865114434,CAS:ANTWEB:casent0101119,casent0101119,casent0101119,p,1312361,Camponotus,formicinae,Camponotus imitator,"Camponotus imitator Forel, 1891",,SPECIES,,worker,Paralectotype,Toliara,[Région du Sud-Est Fort-Dauphin]; Taolagnaro,-25.03333,46.98333,15.0,1901-01-01,,Nicole Rasoamanana,https://www.antweb.org/images/casent0101119/casent0101119_p_1_high.jpg,casent0101119 profile view 1,April Nobile,Attribution-ShareAlike (BY-SA) Creative Commons License and GNU Free Documentation License (GFDL),"California Academy of Sciences, 2000-2008",GEODETIC_DATUM_ASSUMED_WGS84;CONTINENT_DERIVED_FROM_COORDINATES;COLLECTION_MATCH_NONE;INSTITUTION_MATCH_FUZZY,Camponotus,1,data/images/Camponotus/casent0101119_p.jpg,commons,test
865114458,CAS:ANTWEB:casent0101120,casent0101120,casent0101120,p,1312361,Camponotus,formicinae,Camponotus grandidieri,"Camponotus grandidieri Forel, 1886",,SPECIES,,worker,Paralectotype,Antananarivo,[Madagascar]; Ambatomanjaka; Miarinarivo,-18.76695,46.86911,1343.0,,Forel,Santschi,https://www.antweb.org/images/casent0101120/casent0101120_p_1_high.jpg,casent0101120 profile view 1,April Nobile,Attribution-ShareAlike (BY-SA) Creative Commons License and GNU Free Documentation License (GFDL),"California Academy of Sciences, 2000-2007",GEODETIC_DATUM_ASSUMED_WGS84;CONTINENT_DERIVED_FROM_COORDINATES;COLLECTION_MATCH_NONE;INSTITUTION_MATCH_FUZZY,Camponotus,1,data/images/Camponotus/casent0101120_p.jpg,commons,train
865114479,CAS:ANTWEB:casent0101121,casent0101121,casent0101121,p,1312361,Camponotus,formicinae,Camponotus grandidieri,"Camponotus grandidieri Forel, 1886",,SPECIES,,worker,Lectotype,Antananarivo,[Madagascar]; Ambatomanjaka; Miarinarivo,-18.76695,46.86911,1343.0,,Forel,Santschi,https://www.antweb.org/images/casent0101121/casent0101121_p_1_high.jpg,casent0101121 profile view 1,April Nobile,Attribution-ShareAlike (BY-SA) Creative Commons License and GNU Free Documentation License (GFDL),"California Academy of Sciences, 2000-2007",GEODETIC_DATUM_ASSUMED_WGS84;CONTINENT_DERIVED_FROM_COORDINATES;COLLECTION_MATCH_NONE;INSTITUTION_MATCH_FUZZY,Camponotus,1,data/images/Camponotus/casent0101121_p.jpg,commons,train
865114501,CAS:ANTWEB:casent0101122,casent0101122,casent0101122,p,1312361,Camponotus,formicinae,Camponotus grandidieri,"Camponotus grandidieri Forel, 1886",,SPECIES,,worker,Lectotype,Toamasina,[St Marie]; Lonkintsy; Nosy-Boraha (St. Marie),-16.90369,49.91124,24.0,,Voeltzkow,Jean Claude Rakotonirina,https://www.antweb.org/images/casent0101122/casent0101122_p_1_high.jpg,casent0101122 profile view 1,April Nobile,Attribution-ShareAlike (BY-SA) Creative Commons License and GNU Free Documentation License (GFDL),"California Academy of Sciences, 2000-2008",GEODETIC_DATUM_ASSUMED_WGS84;CONTINENT_DERIVED_FROM_COORDINATES;COLLECTION_MATCH_NONE;INSTITUTION_MATCH_FUZZY,Camponotus,1,data/images/Camponotus/casent0101122_p.jpg,commons,train
865114522,CAS:ANTWEB:casent0101123,casent0101123,casent0101123,p,1312361,Camponotus,formicinae,Camponotus grandidieri,"Camponotus grandidieri Forel, 1886",,SPECIES,,worker,Paralectotype,Toamasina,[St Marie]; Lonkintsy; Nosy-Boraha (St. Marie),-16.90369,49.91124,24.0,,Voeltzkow,Jean Claude Rakotonirina,https://www.antweb.org/images/casent0101123/casent0101123_p_1_high.jpg,casent0101123 profile view 1,April Nobile,Attribution-ShareAlike (BY-SA) Creative Commons License and GNU Free Documentation License (GFDL),"California Academy of Sciences, 2000-2007",GEODETIC_DATUM_ASSUMED_WGS84;CONTINENT_DERIVED_FROM_COORDINATES;COLLECTION_MATCH_NONE;INSTITUTION_MATCH_FUZZY,Camponotus,1,data/images/Camponotus/casent0101123_p.jpg,commons,train
865114617,CAS:ANTWEB:casent0101128,casent0101128,casent0101128,p,1317100,Cardiocondyla,myrmicinae,Cardiocondyla cristata,"Cardiocondyla cristata (Santschi, 1912)",,SPECIES,,worker,,Mahajanga,[Baye de Boly]; Soalala,-16.02639,45.24361,53.0,,D. Joly,Santschi,https://www.antweb.org/images/casent0101128/casent0101128_p_1_high.jpg,casent0101128 profile view 1,April Nobile,Attribution-ShareAlike (BY-SA) Creative Commons License and GNU Free Documentation License (GFDL),"California Academy of Sciences, 2000-2008",GEODETIC_DATUM_ASSUMED_WGS84;CONTINENT_DERIVED_FROM_COORDINATES;COLLECTION_MATCH_NONE;INSTITUTION_MATCH_FUZZY,Cardiocondyla,1,data/images/Cardiocondyla/casent0101128_p.jpg,commons,train
865114634,CAS:ANTWEB:casent0101129,casent0101129,casent0101129,p,1317100,Cardiocondyla,myrmicinae,Cardiocondyla emeryi,"Cardiocondyla emeryi Forel, 1881",,SPECIES,,worker,,Fianarantsoa,[Imerina]; Fahizay; Ambositra,-20.5,47.33333,1317.0,,Camboué,,https://www.antweb.org/images/casent0101129/casent0101129_p_1_high.jpg,casent0101129 profile view 1,April Nobile,Attribution-ShareAlike (BY-SA) Creative Commons License and GNU Free Documentation License (GFDL),"California Academy of Sciences, 2000-2007",GEODETIC_DATUM_ASSUMED_WGS84;CONTINENT_DERIVED_FROM_COORDINATES;COLLECTION_MATCH_NONE;INSTITUTION_MATCH_FUZZY,Cardiocondyla,1,data/images/Cardiocondyla/casent0101129_p.jpg,commons,train
865114650,CAS:ANTWEB:casent0101130,casent0101130,casent0101130,p,1321215,Leptogenys,ponerinae,Leptogenys acutirostris,"Leptogenys acutirostris Santschi, 1912",,SPECIES,,worker,Holotype,Antananarivo,[Madagascar]; Ambatomanjaka; Miarinarivo,-18.76695,46.86911,1343.0,,,Santschi,https://www.antweb.org/images/casent0101130/casent0101130_p_1_high.jpg,casent0101130 profile view 1,April Nobile,Attribution-ShareAlike (BY-SA) Creative Commons License and GNU Free Documentation License (GFDL),"California Academy of Sciences, 2000-2008",GEODETIC_DATUM_ASSUMED_WGS84;CONTINENT_DERIVED_FROM_COORDINATES;COLLECTION_MATCH_NONE;INSTITUTION_MATCH_FUZZY,Leptogenys,1,data/images/Leptogenys/casent0101130_p.jpg,commons,test
865114666,CAS:ANTWEB:casent0101131,casent0101131,casent0101131,p,1321215,Leptogenys,ponerinae,Leptogenys alluaudi,"Leptogenys alluaudi Emery, 1895",,SPECIES,,worker,,Antsiranana,[Vohemar.]; Ampondra; Vohimarina (Iharana),-13.37028,50.00337,7.0,1908-01-01,A. Cabrera,,https://www.antweb.org/images/casent0101131/casent0101131_p_1_high.jpg,casent0101131 profile view 1,April Nobile,Attribution-ShareAlike (BY-SA) Creative Commons License and GNU Free Documentation License (GFDL),"California Academy of Sciences, 2000-2008",GEODETIC_DATUM_ASSUMED_WGS84;CONTINENT_DERIVED_FROM_COORDINATES;COLLECTION_MATCH_NONE;INSTITUTION_MATCH_FUZZY,Leptogenys,1,data/images/Leptogenys/casent0101131_p.jpg,commons,train
865114683,CAS:ANTWEB:casent0101132,casent0101132,casent0101132,p,1321215,Leptogenys,ponerinae,Leptogenys arcirostris,"Leptogenys arcirostris Santschi, 1926",,SPECIES,,worker,Holotype,Toamasina,[Moramanga],-18.9489,48.22443,914.0,,Descarpentries,Brian L. Fisher,https://www.antweb.org/images/casent0101132/casent0101132_p_1_high.jpg,casent0101132 profile view 1,April Nobile,Attribution-ShareAlike (BY-SA) Creative Commons License and GNU Free Documentation License (GFDL),"California Academy of Sciences, 2000-2008",GEODETIC_DATUM_ASSUMED_WGS84;CONTINENT_DERIVED_FROM_COORDINATES;COLLECTION_MATCH_NONE;INSTITUTION_MATCH_FUZZY,Leptogenys,1,data/images/Leptogenys/casent0101132_p.jpg,commons,train
865114697,CAS:ANTWEB:casent0101133,casent0101133,casent0101133,p,1321215,Leptogenys,ponerinae,Leptogenys truncatirostris,"Leptogenys truncatirostris Forel, 1897",,SPECIES,,worker,,Antsiranana,[Nosi bé]; Nosy be; Nosibe,-13.31502,48.25927,128.0,,,,https://www.antweb.org/images/casent0101133/casent0101133_p_1_high.jpg,casent0101133 profile view 1,April Nobile,Attribution-ShareAlike (BY-SA) Creative Commons License and GNU Free Documentation License (GFDL),"California Academy of Sciences, 2000-2007",GEODETIC_DATUM_ASSUMED_WGS84;CONTINENT_DERIVED_FROM_COORDINATES;COLLECTION_MATCH_NONE;INSTITUTION_MATCH_FUZZY,Leptogenys,1,data/images/Leptogenys/casent0101133_p.jpg,commons,train
865114770,CAS:ANTWEB:casent0101137,casent0101137,casent0101137,p,1326355,Mystrium,amblyoponinae,Mystrium voeltzkowi,"Mystrium voeltzkowi Forel, 1897",,SPECIES,,worker,Paralectotype,Antsiranana,[Nosibé]; Nosy be; Nosibe,-13.29167,48.25833,146.0,,Voeltzkow,,https://www.antweb.org/images/casent0101137/casent0101137_p_1_high.jpg,casent0101137 profile view 1,April Nobile,Attribution-ShareAlike (BY-SA) Creative Commons License and GNU Free Documentation License (GFDL),"California Academy of Sciences, 2000-2007",GEODETIC_DATUM_ASSUMED_WGS84;CONTINENT_DERIVED_FROM_COORDINATES;COLLECTION_MATCH_NONE;INSTITUTION_MATCH_FUZZY,Mystrium,1,data/images/Mystrium/casent0101137_p.jpg,commons,test
865113811,CAS:ANTWEB:casent0101138,casent0101138,casent0101138,p,1323128,Tetramorium,myrmicinae,Tetramorium kelleri,"Tetramorium kelleri Forel, 1887",,SPECIES,,worker,,Toamasina,[Ivondro p Tamatave]; Antenina; Toamasina Rural,-18.23333,49.36667,14.0,,,,https://www.antweb.org/images/casent0101138/casent0101138_p_1_high.jpg,casent0101138 profile view 1,April Nobile,Attribution-ShareAlike (BY-SA) Creative Commons License and GNU Free Documentation License (GFDL),"California Academy of Sciences, 2000-2012",GEODETIC_DATUM_ASSUMED_WGS84;CONTINENT_DERIVED_FROM_COORDINATES;COLLECTION_MATCH_NONE;INSTITUTION_MATCH_FUZZY,Tetramorium,1,data/images/Tetramorium/casent0101138_p.jpg,commons,train
865113835,CAS:ANTWEB:casent0101139,casent0101139,casent0101139,p,1323128,Tetramorium,myrmicinae,Tetramorium sikorae,"Tetramorium sikorae Forel, 1892",,SPECIES,,worker,,Antananarivo,[Madagascar]; Ambatomanjaka; Miarinarivo,-18.76695,46.86911,1343.0,,,,https://www.antweb.org/images/casent0101139/casent0101139_p_1_high.jpg,casent0101139 profile view 1,April Nobile,Attribution-ShareAlike (BY-SA) Creative Commons License and GNU Free Documentation License (GFDL),"California Academy of Sciences, 2000-2008",GEODETIC_DATUM_ASSUMED_WGS84;CONTINENT_DERIVED_FROM_COORDINATES;COLLECTION_MATCH_NONE;INSTITUTION_MATCH_FUZZY,Tetramorium,1,data/images/Tetramorium/casent0101139_p.jpg,commons,test
865113858,CAS:ANTWEB:casent0101140,casent0101140,casent0101140,p,1323128,Tetramorium,myrmicinae,Tetramorium sikorae,"Tetramorium sikorae Forel, 1892",,SPECIES,,worker,Syntype,Fianarantsoa,[Fianarantsoa]; 2eme Arrondissement; Fianarantsoa Urban,-21.43333,47.08333,1160.0,,Descarpentries,,https://www.antweb.org/images/casent0101140/casent0101140_p_1_high.jpg,casent0101140 profile view 1,April Nobile,Attribution-ShareAlike (BY-SA) Creative Commons License and GNU Free Documentation License (GFDL),"California Academy of Sciences, 2000-2008",GEODETIC_DATUM_ASSUMED_WGS84;CONTINENT_DERIVED_FROM_COORDINATES;COLLECTION_MATCH_NONE;INSTITUTION_MATCH_FUZZY,Tetramorium,1,data/images/Tetramorium/casent0101140_p.jpg,commons,train
865113879,CAS:ANTWEB:casent0101141,casent0101141,casent0101141,p,1323128,Tetramorium,myrmicinae,Tetramorium sikorae,"Tetramorium sikorae Forel, 1892",,SPECIES,,worker,Syntype,Fianarantsoa,[Fianarantsoa]; 2eme Arrondissement; Fianarantsoa Urban,-21.43333,47.08333,1160.0,,Descarpentries,,https://www.antweb.org/images/casent0101141/casent0101141_p_1_high.jpg,casent0101141 profile view 1,April Nobile,Attribution-ShareAlike (BY-SA) Creative Commons License and GNU Free Documentation License (GFDL),"California Academy of Sciences, 2000-2007",GEODETIC_DATUM_ASSUMED_WGS84;CONTINENT_DERIVED_FROM_COORDINATES;COLLECTION_MATCH_NONE;INSTITUTION_MATCH_FUZZY,Tetramorium,1,data/images/Tetramorium/casent0101141_p.jpg,commons,train
865113904,CAS:ANTWEB:casent0101142,casent0101142,casent0101142,p,1323128,Tetramorium,myrmicinae,Tetramorium sikorae,"Tetramorium sikorae Forel, 1892",,SPECIES,,worker,Syntype,Fianarantsoa,[Fianarantsoa]; 2eme Arrondissement; Fianarantsoa Urban,-21.43333,47.08333,1160.0,,Descarpentries,,https://www.antweb.org/images/casent0101142/casent0101142_p_1_high.jpg,casent0101142 profile view 1,April Nobile,Attribution-ShareAlike (BY-SA) Creative Commons License and GNU Free Documentation License (GFDL),"California Academy of Sciences, 2000-2007",GEODETIC_DATUM_ASSUMED_WGS84;CONTINENT_DERIVED_FROM_COORDINATES;COLLECTION_MATCH_NONE;INSTITUTION_MATCH_FUZZY,Tetramorium,1,data/images/Tetramorium/casent0101142_p.jpg,commons,train
865113927,CAS:ANTWEB:casent0101143,casent0101143,casent0101143,p,1323128,Tetramorium,myrmicinae,Tetramorium sikorae,"Tetramorium sikorae Forel, 1892",,SPECIES,,worker,Syntype,Fianarantsoa,[Fianarantsoa]; 2eme Arrondissement; Fianarantsoa Urban,-21.43333,47.08333,1160.0,,Descarpentries,,https://www.antweb.org/images/casent0101143/casent0101143_p_1_high.jpg,casent0101143 profile view 1,April Nobile,Attribution-ShareAlike (BY-SA) Creative Commons License and GNU Free Documentation License (GFDL),"California Academy of Sciences, 2000-2008",GEODETIC_DATUM_ASSUMED_WGS84;CONTINENT_DERIVED_FROM_COORDINATES;COLLECTION_MATCH_NONE;INSTITUTION_MATCH_FUZZY,Tetramorium,1,data/images/Tetramorium/casent0101143_p.jpg,commons,train
865113949,CAS:ANTWEB:casent0101144,casent0101144,casent0101144,p,1323128,Tetramorium,myrmicinae,Tetramorium sikorae,"Tetramorium sikorae Forel, 1892",,SPECIES,,worker,Syntype,Fianarantsoa,[Fianarantsoa]; 2eme Arrondissement; Fianarantsoa Urban,-21.43333,47.08333,1160.0,,Descarpentries,,https://www.antweb.org/images/casent0101144/casent0101144_p_1_high.jpg,casent0101144 profile view 1,April Nobile,Attribution-ShareAlike (BY-SA) Creative Commons License and GNU Free Documentation License (GFDL),"California Academy of Sciences, 2000-2008",GEODETIC_DATUM_ASSUMED_WGS84;CONTINENT_DERIVED_FROM_COORDINATES;COLLECTION_MATCH_NONE;INSTITUTION_MATCH_FUZZY,Tetramorium,1,data/images/Tetramorium/casent0101144_p.jpg,commons,train
865113974,CAS:ANTWEB:casent0101145,casent0101145,casent0101145,p,1323128,Tetramorium,myrmicinae,Tetramorium bessonii,"Tetramorium bessonii Forel, 1891",,SPECIES,,worker,,Antananarivo,[Madagascar]; Ambatomanjaka; Miarinarivo,-18.76695,46.86911,1343.0,,D. Besson,,https://www.antweb.org/images/casent0101145/casent0101145_p_1_high.jpg,casent0101145 profile view 1,April Nobile,Attribution-ShareAlike (BY-SA) Creative Commons License and GNU Free Documentation License (GFDL),"California Academy of Sciences, 2000-2007",GEODETIC_DATUM_ASSUMED_WGS84;CONTINENT_DERIVED_FROM_COORDINATES;COLLECTION_MATCH_NONE;INSTITUTION_MATCH_FUZZY,Tetramorium,1,data/images/Tetramorium/casent0101145_p.jpg,commons,train
865114003,CAS:ANTWEB:casent0101146,casent0101146,casent0101146,p,1323128,Tetramorium,myrmicinae,Tetramorium xanthogaster,"Tetramorium xanthogaster Santschi, 1911",,SPECIES,,worker,Holotype,Antananarivo,[Madagasc.]; Ambatomanjaka; Miarinarivo,-18.76695,46.86911,1343.0,,,,https://www.antweb.org/images/casent0101146/casent0101146_p_1_high.jpg,casent0101146 profile view 1,April Nobile,Attribution-ShareAlike (BY-SA) Creative Commons License and GNU Free Documentation License (GFDL),"California Academy of Sciences, 2000-2007",GEODETIC_DATUM_ASSUMED_WGS84;CONTINENT_DERIVED_FROM_COORDINATES;COLLECTION_MATCH_NONE;INSTITUTION_MATCH_FUZZY,Tetramorium,1,data/images/Tetramorium/casent0101146_p.jpg,commons,test
865114026,CAS:ANTWEB:casent0101147,casent0101147,casent0101147,p,1323128,Tetramorium,myrmicinae,Tetramorium degener,"Tetramorium degener Santschi, 1911",,SPECIES,,worker,Holotype,Toliara,[Madagascar S. Est.]; Ampasimena; Taolagnaro,-24.4167,46.975,263.0,,,F. Hita Garcia,https://www.antweb.org/images/casent0101147/casent0101147_p_1_high.jpg,casent0101147 profile view 1,Cerise Chen,Attribution-ShareAlike (BY-SA) Creative Commons License and GNU Free Documentation License (GFDL),"California Academy of Sciences, 2000-2012",GEODETIC_DATUM_ASSUMED_WGS84;CONTINENT_DERIVED_FROM_COORDINATES;COLLECTION_MATCH_NONE;INSTITUTION_MATCH_FUZZY,Tetramorium,1,data/images/Tetramorium/casent0101147_p.jpg,commons,test
865114056,CAS:ANTWEB:casent0101148,casent0101148,casent0101148,p,1326614,Hypoponera,ponerinae,Hypoponera madecassa,"Hypoponera madecassa (Santschi, 1938)",,SPECIES,,worker,Syntype,Antananarivo,[Madagas Sldg]; Ambatomanjaka; Miarinarivo,-18.76695,46.86911,1343.0,,,Santschi,https://www.antweb.org/images/casent0101148/casent0101148_p_1_high.jpg,casent0101148 profile view 1,April Nobile,Attribution-ShareAlike (BY-SA) Creative Commons License and GNU Free Documentation License (GFDL),"California Academy of Sciences, 2000-2008",GEODETIC_DATUM_ASSUMED_WGS84;CONTINENT_DERIVED_FROM_COORDINATES;COLLECTION_MATCH_NONE;INSTITUTION_MATCH_FUZZY,Hypoponera,1,data/images/Hypoponera/casent0101148_p.jpg,commons,train
865114199,CAS:ANTWEB:casent0101154,casent0101154,casent0101154,p,1319181,Tetraponera,pseudomyrmecinae,Tetraponera mandibularis,"Tetraponera mandibularis (Emery, 1895)",,SPECIES,,worker,,Antananarivo,[Madagasc.]; Ambatomanjaka; Miarinarivo,-18.76695,46.86911,1343.0,,,,https://www.antweb.org/images/casent0101154/casent0101154_p_1_high.jpg,casent0101154 profile view 1,April Nobile,Attribution-ShareAlike (BY-SA) Creative Commons License and GNU Free Documentation License (GFDL),"California Academy of Sciences, 2000-2007",GEODETIC_DATUM_ASSUMED_WGS84;CONTINENT_DERIVED_FROM_COORDINATES;COLLECTION_MATCH_NONE;INSTITUTION_MATCH_FUZZY,Tetraponera,1,data/images/Tetraponera/casent0101154_p.jpg,commons,train
865114225,CAS:ANTWEB:casent0101155,casent0101155,casent0101155,p,1319181,Tetraponera,pseudomyrmecinae,Tetraponera mandibularis,"Tetraponera mandibularis (Emery, 1895)",,SPECIES,,worker,,Antananarivo,[Madagasc.]; Ambatomanjaka; Miarinarivo,-18.76695,46.86911,1343.0,,,,https://www.antweb.org/images/casent0101155/casent0101155_p_1_high.jpg,casent0101155 profile view 1,April Nobile,Attribution-ShareAlike (BY-SA) Creative Commons License and GNU Free Documentation License (GFDL),"California Academy of Sciences, 2000-2008",GEODETIC_DATUM_ASSUMED_WGS84;CONTINENT_DERIVED_FROM_COORDINATES;COLLECTION_MATCH_NONE;INSTITUTION_MATCH_FUZZY,Tetraponera,1,data/images/Tetraponera/casent0101155_p.jpg,commons,train
865114248,CAS:ANTWEB:casent0101156,casent0101156,casent0101156,p,1326614,Hypoponera,ponerinae,Hypoponera grandidieri,"Hypoponera grandidieri (Santschi, 1921)",,SPECIES,,worker,,Antananarivo,[Madagascar]; Ambatomanjaka; Miarinarivo,-18.76695,46.86911,1343.0,,,,https://www.antweb.org/images/casent0101156/casent0101156_p_1_high.jpg,casent0101156 profile view 1,April Nobile,Attribution-ShareAlike (BY-SA) Creative Commons License and GNU Free Documentation License (GFDL),"California Academy of Sciences, 2000-2008",GEODETIC_DATUM_ASSUMED_WGS84;CONTINENT_DERIVED_FROM_COORDINATES;COLLECTION_MATCH_NONE;INSTITUTION_MATCH_FUZZY,Hypoponera,1,data/images/Hypoponera/casent0101156_p.jpg,commons,train
865114266,CAS:ANTWEB:casent0101157,casent0101157,casent0101157,p,1326614,Hypoponera,ponerinae,Hypoponera grandidieri,"Hypoponera grandidieri (Santschi, 1921)",,SPECIES,,worker,Syntype,Antananarivo,[Madagascar]; Ambatomanjaka; Miarinarivo,-18.76695,46.86911,1343.0,,,,https://www.antweb.org/images/casent0101157/casent0101157_p_1_high.jpg,casent0101157 profile view 1,April Nobile,Attribution-ShareAlike (BY-SA) Creative Commons License and GNU Free Documentation License (GFDL),"California Academy of Sciences, 2000-2008",GEODETIC_DATUM_ASSUMED_WGS84;CONTINENT_DERIVED_FROM_COORDINATES;COLLECTION_MATCH_NONE;INSTITUTION_MATCH_FUZZY,Hypoponera,1,data/images/Hypoponera/casent0101157_p.jpg,commons,train
865114345,CAS:ANTWEB:casent0101160,casent0101160,casent0101160,p,1324306,Crematogaster,myrmicinae,Crematogaster lobata,"Crematogaster lobata Emery, 1895",,SPECIES,,worker,Lectotype,Antananarivo,[Madagascar]; Ambatomanjaka; Miarinarivo,-18.76695,46.86911,1343.0,,J. de Gaule,,https://www.antweb.org/images/casent0101160/casent0101160_p_1_high.jpg,casent0101160 profile view 1,April Nobile,Attribution-ShareAlike (BY-SA) Creative Commons License and GNU Free Documentation License (GFDL),"California Academy of Sciences, 2000-2007",GEODETIC_DATUM_ASSUMED_WGS84;CONTINENT_DERIVED_FROM_COORDINATES;COLLECTION_MATCH_NONE;INSTITUTION_MATCH_FUZZY,Crematogaster,1,data/images/Crematogaster/casent0101160_p.jpg,commons,train
865114371,CAS:ANTWEB:casent0101161,casent0101161,casent0101161,p,1324306,Crematogaster,myrmicinae,Crematogaster agnetis,"Crematogaster agnetis Forel, 1892",,SPECIES,,worker,,Antananarivo,[Madagascar]; Ambatomanjaka; Miarinarivo,-18.76695,46.86911,1343.0,,,,https://www.antweb.org/images/casent0101161/casent0101161_p_1_high.jpg,casent0101161 profile view 1,April Nobile,Attribution-ShareAlike (BY-SA) Creative Commons License and GNU Free Documentation License (GFDL),"California Academy of Sciences, 2000-2007",GEODETIC_DATUM_ASSUMED_WGS84;CONTINENT_DERIVED_FROM_COORDINATES;COLLECTION_MATCH_NONE;INSTITUTION_MATCH_FUZZY,Crematogaster,1,data/images/Crematogaster/casent0101161_p.jpg,commons,train
865114395,CAS:ANTWEB:casent0101162,casent0101162,casent0101162,p,1324306,Crematogaster,myrmicinae,Crematogaster ranavalonae,"Crematogaster ranavalonae Forel, 1887",,SPECIES,,worker,,Fianarantsoa,[Fianarantsoa]; 2eme Arrondissement; Fianarantsoa Urban,-21.43333,47.08333,1160.0,,Descarpentries,Santschi,https://www.antweb.org/images/casent0101162/casent0101162_p_1_high.jpg,casent0101162 profile view 1,April Nobile,Attribution-ShareAlike (BY-SA) Creative Commons License and GNU Free Documentation License (GFDL),"California Academy of Sciences, 2000-2007",GEODETIC_DATUM_ASSUMED_WGS84;CONTINENT_DERIVED_FROM_COORDINATES;COLLECTION_MATCH_NONE;INSTITUTION_MATCH_FUZZY,Crematogaster,1,data/images/Crematogaster/casent0101162_p.jpg,commons,train
865114420,CAS:ANTWEB:casent0101163,casent0101163,casent0101163,p,1324306,Crematogaster,myrmicinae,Crematogaster ranavalonae,"Crematogaster ranavalonae Forel, 1887",,SPECIES,,worker,Syntype,Fianarantsoa,[Fianarantsoa]; 2eme Arrondissement; Fianarantsoa Urban,-21.43333,47.08333,1160.0,,Descarpentries,Santschi,https://www.antweb.org/images/casent0101163/casent0101163_p_1_high.jpg,casent0101163 profile view 1,April Nobile,Attribution-ShareAlike (BY-SA) Creative Commons License and GNU Free Documentation License (GFDL),"California Academy of Sciences, 2000-2008",GEODETIC_DATUM_ASSUMED_WGS84;CONTINENT_DERIVED_FROM_COORDINATES;COLLECTION_MATCH_NONE;INSTITUTION_MATCH_FUZZY,Crematogaster,1,data/images/Crematogaster/casent0101163_p.jpg,commons,train
865114446,CAS:ANTWEB:casent0101164,casent0101164,casent0101164,p,1324306,Crematogaster,myrmicinae,Crematogaster ranavalonae,"Crematogaster ranavalonae Forel, 1887",,SPECIES,,worker,,Fianarantsoa,[Fianarantsoa]; 2eme Arrondissement; Fianarantsoa Urban,-21.43333,47.08333,1160.0,,Descarpentries,Santschi,https://www.antweb.org/images/casent0101164/casent0101164_p_1_high.jpg,casent0101164 profile view 1,April Nobile,Attribution-ShareAlike (BY-SA) Creative Commons License and GNU Free Documentation License (GFDL),"California Academy of Sciences, 2000-2008",GEODETIC_DATUM_ASSUMED_WGS84;CONTINENT_DERIVED_FROM_COORDINATES;COLLECTION_MATCH_NONE;INSTITUTION_MATCH_FUZZY,Crematogaster,1,data/images/Crematogaster/casent0101164_p.jpg,commons,train
865114474,CAS:ANTWEB:casent0101165,casent0101165,casent0101165,p,1324306,Crematogaster,myrmicinae,Crematogaster ranavalonae,"Crematogaster ranavalonae Forel, 1887",,SPECIES,,worker,,Fianarantsoa,[Fianarantsoa]; 2eme Arrondissement; Fianarantsoa Urban,-21.43333,47.08333,1160.0,,Descarpentries,Santschi,https://www.antweb.org/images/casent0101165/casent0101165_p_1_high.jpg,casent0101165 profile view 1,April Nobile,Attribution-ShareAlike (BY-SA) Creative Commons License and GNU Free Documentation License (GFDL),"California Academy of Sciences, 2000-2007",GEODETIC_DATUM_ASSUMED_WGS84;CONTINENT_DERIVED_FROM_COORDINATES;COLLECTION_MATCH_NONE;INSTITUTION_MATCH_FUZZY,Crematogaster,1,data/images/Crematogaster/casent0101165_p.jpg,commons,train
865114493,CAS:ANTWEB:casent0101166,casent0101166,casent0101166,p,1324306,Crematogaster,myrmicinae,Crematogaster ranavalonae,"Crematogaster ranavalonae Forel, 1887",,SPECIES,,worker,,Fianarantsoa,[Fianarantsoa]; 2eme Arrondissement; Fianarantsoa Urban,-21.43333,47.08333,1160.0,,Descarpentries,Santschi,https://www.antweb.org/images/casent0101166/casent0101166_p_1_high.jpg,casent0101166 profile view 1,April Nobile,Attribution-ShareAlike (BY-SA) Creative Commons License and GNU Free Documentation License (GFDL),"California Academy of Sciences, 2000-2007",GEODETIC_DATUM_ASSUMED_WGS84;CONTINENT_DERIVED_FROM_COORDINATES;COLLECTION_MATCH_NONE;INSTITUTION_MATCH_FUZZY,Crematogaster,1,data/images/Crematogaster/casent0101166_p.jpg,commons,train
865114518,CAS:ANTWEB:casent0101167,casent0101167,casent0101167,p,1324306,Crematogaster,myrmicinae,Crematogaster ranavalonae,"Crematogaster ranavalonae Forel, 1887",,SPECIES,,worker,,Fianarantsoa,[Fianarantsoa]; 2eme Arrondissement; Fianarantsoa Urban,-21.43333,47.08333,1160.0,,Descarpentries,Santschi,https://www.antweb.org/images/casent0101167/casent0101167_p_1_high.jpg,casent0101167 profile view 1,April Nobile,Attribution-ShareAlike (BY-SA) Creative Commons License and GNU Free Documentation License (GFDL),"California Academy of Sciences, 2000-2007",GEODETIC_DATUM_ASSUMED_WGS84;CONTINENT_DERIVED_FROM_COORDINATES;COLLECTION_MATCH_NONE;INSTITUTION_MATCH_FUZZY,Crematogaster,1,data/images/Crematogaster/casent0101167_p.jpg,commons,train
865114540,CAS:ANTWEB:casent0101168,casent0101168,casent0101168,p,1324306,Crematogaster,myrmicinae,Crematogaster ranavalonae,"Crematogaster ranavalonae Forel, 1887",,SPECIES,,worker,,Fianarantsoa,[Fianarantsoa]; 2eme Arrondissement; Fianarantsoa Urban,-21.43333,47.08333,1160.0,,Descarpentries,Santschi,https://www.antweb.org/images/casent0101168/casent0101168_p_1_high.jpg,casent0101168 profile view 1,April Nobile,Attribution-ShareAlike (BY-SA) Creative Commons License and GNU Free Documentation License (GFDL),"California Academy of Sciences, 2000-2007",GEODETIC_DATUM_ASSUMED_WGS84;CONTINENT_DERIVED_FROM_COORDINATES;COLLECTION_MATCH_NONE;INSTITUTION_MATCH_FUZZY,Crematogaster,1,data/images/Crematogaster/casent0101168_p.jpg,commons,train
865114561,CAS:ANTWEB:casent0101169,casent0101169,casent0101169,p,1324306,Crematogaster,myrmicinae,Crematogaster ranavalonae,"Crematogaster ranavalonae Forel, 1887",,SPECIES,,worker,Syntype,Fianarantsoa,[Fianarantsoa]; 2eme Arrondissement; Fianarantsoa Urban,-21.43333,47.08333,1160.0,,Descarpentries,Santschi,https://www.antweb.org/images/casent0101169/casent0101169_p_1_high.jpg,casent0101169 profile view 1,April Nobile,Attribution-ShareAlike (BY-SA) Creative Commons License and GNU Free Documentation License (GFDL),"California Academy of Sciences, 2000-2008",GEODETIC_DATUM_ASSUMED_WGS84;CONTINENT_DERIVED_FROM_COORDINATES;COLLECTION_MATCH_NONE;INSTITUTION_MATCH_FUZZY,Crematogaster,1,data/images/Crematogaster/casent0101169_p.jpg,commons,test
865114597,CAS:ANTWEB:casent0101171,casent0101171,casent0101171,p,1324306,Crematogaster,myrmicinae,Crematogaster degeeri,"Crematogaster degeeri Forel, 1886",,SPECIES,,worker,,Antananarivo,[Madagascar]; Ambatomanjaka; Miarinarivo,-18.76695,46.86911,1343.0,,,,https://www.antweb.org/images/casent0101171/casent0101171_p_1_high.jpg,casent0101171 profile view 1,April Nobile,Attribution-ShareAlike (BY-SA) Creative Commons License and GNU Free Documentation License (GFDL),"California Academy of Sciences, 2000-2007",GEODETIC_DATUM_ASSUMED_WGS84;CONTINENT_DERIVED_FROM_COORDINATES;COLLECTION_MATCH_NONE;INSTITUTION_MATCH_FUZZY,Crematogaster,1,data/images/Crematogaster/casent0101171_p.jpg,commons,train
865114616,CAS:ANTWEB:casent0101172,casent0101172,casent0101172,p,1324306,Crematogaster,myrmicinae,Crematogaster degeeri,"Crematogaster degeeri Forel, 1886",,SPECIES,,worker,,Antananarivo,[ambohipo p. antananarivo]; Antananarivo renivohitra,-18.92783,47.55824,1315.0,,M. Camboué,,https://www.antweb.org/images/casent0101172/casent0101172_p_1_high.jpg,casent0101172 profile view 1,April Nobile,Attribution-ShareAlike (BY-SA) Creative Commons License and GNU Free Documentation License (GFDL),"California Academy of Sciences, 2000-2007",GEODETIC_DATUM_ASSUMED_WGS84;CONTINENT_DERIVED_FROM_COORDINATES;COLLECTION_MATCH_NONE;INSTITUTION_MATCH_FUZZY,Crematogaster,1,data/images/Crematogaster/casent0101172_p.jpg,commons,train
865114629,CAS:ANTWEB:casent0101173,casent0101173,casent0101173,p,1324306,Crematogaster,myrmicinae,Crematogaster degeeri,"Crematogaster degeeri Forel, 1886",,SPECIES,,worker,,Antananarivo,[ambohipo p. antananarivo]; Antananarivo renivohitra,-18.92783,47.55824,1315.0,,M. Camboué,,https://www.antweb.org/images/casent0101173/casent0101173_p_1_high.jpg,casent0101173 profile view 1,April Nobile,Attribution-ShareAlike (BY-SA) Creative Commons License and GNU Free Documentation License (GFDL),"California Academy of Sciences, 2000-2007",GEODETIC_DATUM_ASSUMED_WGS84;CONTINENT_DERIVED_FROM_COORDINATES;COLLECTION_MATCH_NONE;INSTITUTION_MATCH_FUZZY,Crematogaster,1,data/images/Crematogaster/casent0101173_p.jpg,commons,train
865114648,CAS:ANTWEB:casent0101174,casent0101174,casent0101174,p,1324306,Crematogaster,myrmicinae,Crematogaster degeeri,"Crematogaster degeeri Forel, 1886",,SPECIES,,worker,Lectotype,Fianarantsoa,[Ambohimahasoa Mt Vohiposa]; Vohiposa; Ambohimahasoa,-20.99235,47.1604,1241.0,,Descarpentries,,https://www.antweb.org/images/casent0101174/casent0101174_p_1_high.jpg,casent0101174 profile view 1,April Nobile,Attribution-ShareAlike (BY-SA) Creative Commons License and GNU Free Documentation License (GFDL),"California Academy of Sciences, 2000-2008",GEODETIC_DATUM_ASSUMED_WGS84;CONTINENT_DERIVED_FROM_COORDINATES;COLLECTION_MATCH_NONE;INSTITUTION_MATCH_FUZZY,Crematogaster,1,data/images/Crematogaster/casent0101174_p.jpg,commons,test
865114665,CAS:ANTWEB:casent0101175,casent0101175,casent0101175,p,1312361,Camponotus,formicinae,Camponotus repens,"Camponotus repens Forel, 1897",,SPECIES,,worker,Paralectotype,Mahajanga,[Majonga w Madagascar]; Madirovalo; Ambato-Boina,-16.52388,46.51626,23.0,,,,https://www.antweb.org/images/casent0101175/casent0101175_p_1_high.jpg,casent0101175 profile view 1,April Nobile,Attribution-ShareAlike (BY-SA) Creative Commons License and GNU Free Documentation License (GFDL),"California Academy of Sciences, 2000-2007",GEODETIC_DATUM_ASSUMED_WGS84;CONTINENT_DERIVED_FROM_COORDINATES;COLLECTION_MATCH_NONE;INSTITUTION_MATCH_FUZZY,Camponotus,1,data/images/Camponotus/casent0101175_p.jpg,commons,train
865114681,CAS:ANTWEB:casent0101176,casent0101176,casent0101176,p,1312361,Camponotus,formicinae,Camponotus ethicus,"Camponotus ethicus Forel, 1897",,SPECIES,,worker,Paralectotype,Antsiranana,[Sakalia prés Nosibé]; Nosy be; Nosibe,-13.3007,48.16476,72.0,,Voeltzkow,,https://www.antweb.org/images/casent0101176/casent0101176_p_1_high.jpg,casent0101176 profile view 1,April Nobile,Attribution-ShareAlike (BY-SA) Creative Commons License and GNU Free Documentation License (GFDL),"California Academy of Sciences, 2000-2007",GEODETIC_DATUM_ASSUMED_WGS84;CONTINENT_DERIVED_FROM_COORDINATES;COLLECTION_MATCH_NONE;INSTITUTION_MATCH_FUZZY,Camponotus,1,data/images/Camponotus/casent0101176_p.jpg,commons,train
865114716,CAS:ANTWEB:casent0101178,casent0101178,casent0101178,p,1312361,Camponotus,formicinae,Camponotus cervicalis,"Camponotus cervicalis Roger, 1863",,SPECIES,,worker,Lectotype,Antananarivo,[Madagascar]; Ambatomanjaka; Miarinarivo,-18.76695,46.86911,1343.0,,Humblot,,https://www.antweb.org/images/casent0101178/casent0101178_p_1_high.jpg,casent0101178 profile view 1,April Nobile,Attribution-ShareAlike (BY-SA) Creative Commons License and GNU Free Documentation License (GFDL),"California Academy of Sciences, 2000-2007",GEODETIC_DATUM_ASSUMED_WGS84;CONTINENT_DERIVED_FROM_COORDINATES;COLLECTION_MATCH_NONE;INSTITUTION_MATCH_FUZZY,Camponotus,1,data/images/Camponotus/casent0101178_p.jpg,commons,train
865114733,CAS:ANTWEB:casent0101179,casent0101179,casent0101179,p,1312361,Camponotus,formicinae,Camponotus cervicalis,"Camponotus cervicalis Roger, 1863",,SPECIES,,worker,Lectotype,Toamasina,[S. de la baie d' Antongil.]; Mananara Avaratra; Mananara,-16.17055,49.76521,18.0,,,,https://www.antweb.org/images/casent0101179/casent0101179_p_1_high.jpg,casent0101179 profile view 1,April Nobile,Attribution-ShareAlike (BY-SA) Creative Commons License and GNU Free Documentation License (GFDL),"California Academy of Sciences, 2000-2007",GEODETIC_DATUM_ASSUMED_WGS84;CONTINENT_DERIVED_FROM_COORDINATES;COLLECTION_MATCH_NONE;INSTITUTION_MATCH_FUZZY,Camponotus,1,data/images/Camponotus/casent0101179_p.jpg,commons,train
865114756,CAS:ANTWEB:casent0101180,casent0101180,casent0101180,p,1312361,Camponotus,formicinae,Camponotus cervicalis,"Camponotus cervicalis Roger, 1863",,SPECIES,,worker,,Toamasina,[S. de la baie d' Antongil.]; Mananara Avaratra; Mananara,-16.17055,49.76521,18.0,,,,https://www.antweb.org/images/casent0101180/casent0101180_p_1_high.jpg,casent0101180 profile view 1,April Nobile,Attribution-ShareAlike (BY-SA) Creative Commons License and GNU Free Documentation License (GFDL),"California Academy of Sciences, 2000-2008",GEODETIC_DATUM_ASSUMED_WGS84;CONTINENT_DERIVED_FROM_COORDINATES;COLLECTION_MATCH_NONE;INSTITUTION_MATCH_FUZZY,Camponotus,1,data/images/Camponotus/casent0101180_p.jpg,commons,train
865114774,CAS:ANTWEB:casent0101181,casent0101181,casent0101181,p,1312361,Camponotus,formicinae,Camponotus cervicalis,"Camponotus cervicalis Roger, 1863",,SPECIES,,worker,,Toamasina,[S. de la baie d' Antongil.]; Mananara Avaratra; Mananara,-16.17055,49.76521,18.0,,,,https://www.antweb.org/images/casent0101181/casent0101181_p_1_high.jpg,casent0101181 profile view 1,April Nobile,Attribution-ShareAlike (BY-SA) Creative Commons License and GNU Free Documentation License (GFDL),"California Academy of Sciences, 2000-2007",GEODETIC_DATUM_ASSUMED_WGS84;CONTINENT_DERIVED_FROM_COORDINATES;COLLECTION_MATCH_NONE;INSTITUTION_MATCH_FUZZY,Camponotus,1,data/images/Camponotus/casent0101181_p.jpg,commons,train
865113891,CAS:ANTWEB:casent0101186,casent0101186,casent0101186,p,1312361,Camponotus,formicinae,Camponotus darwinii,"Camponotus darwinii Forel, 1886",,SPECIES,,worker,,Antananarivo,[Madagascar]; Ambatomanjaka; Miarinarivo,-18.76695,46.86911,1343.0,,Sikora,,https://www.antweb.org/images/casent0101186/casent0101186_p_1_high.jpg,casent0101186 profile view 1,April Nobile,Attribution-ShareAlike (BY-SA) Creative Commons License and GNU Free Documentation License (GFDL),"California Academy of Sciences, 2000-2007",GEODETIC_DATUM_ASSUMED_WGS84;CONTINENT_DERIVED_FROM_COORDINATES;COLLECTION_MATCH_NONE;INSTITUTION_MATCH_FUZZY,Camponotus,1,data/images/Camponotus/casent0101186_p.jpg,commons,train
865114050,CAS:ANTWEB:casent0101193,casent0101193,casent0101193,p,1312361,Camponotus,formicinae,Camponotus darwinii,"Camponotus darwinii Forel, 1886",,SPECIES,,worker,,Antananarivo,[Madagascar]; Ambatomanjaka; Miarinarivo,-18.76695,46.86911,1343.0,,Camboué,,https://www.antweb.org/images/casent0101193/casent0101193_p_1_high.jpg,casent0101193 profile view 1,April Nobile,Attribution-ShareAlike (BY-SA) Creative Commons License and GNU Free Documentation License (GFDL),"California Academy of Sciences, 2000-2007",GEODETIC_DATUM_ASSUMED_WGS84;CONTINENT_DERIVED_FROM_COORDINATES;COLLECTION_MATCH_NONE;INSTITUTION_MATCH_FUZZY,Camponotus,1,data/images/Camponotus/casent0101193_p.jpg,commons,train
865114084,CAS:ANTWEB:casent0101194,casent0101194,casent0101194,p,1312361,Camponotus,formicinae,Camponotus darwinii,"Camponotus darwinii Forel, 1886",,SPECIES,,worker,,Toamasina,[Moranmanga]; Moramanga,-18.9489,48.22443,914.0,,Descarpentries,,https://www.antweb.org/images/casent0101194/casent0101194_p_1_high.jpg,casent0101194 profile view 1,April Nobile,Attribution-ShareAlike (BY-SA) Creative Commons License and GNU Free Documentation License (GFDL),"California Academy of Sciences, 2000-2007",GEODETIC_DATUM_ASSUMED_WGS84;CONTINENT_DERIVED_FROM_COORDINATES;COLLECTION_MATCH_NONE;INSTITUTION_MATCH_FUZZY,Camponotus,1,data/images/Camponotus/casent0101194_p.jpg,commons,test
865114104,CAS:ANTWEB:casent0101195,casent0101195,casent0101195,p,1312361,Camponotus,formicinae,Camponotus darwinii,"Camponotus darwinii Forel, 1886",,SPECIES,,worker,,Toliara,[S.W. Madagascar]; Beronono; Mahabo,-21.0,45.0,339.0,,Voeltzkow,,https://www.antweb.org/images/casent0101195/casent0101195_p_1_high.jpg,casent0101195 profile view 1,April Nobile,Attribution-ShareAlike (BY-SA) Creative Commons License and GNU Free Documentation License (GFDL),"California Academy of Sciences, 2000-2007",GEODETIC_DATUM_ASSUMED_WGS84;CONTINENT_DERIVED_FROM_COORDINATES;COLLECTION_MATCH_NONE;INSTITUTION_MATCH_FUZZY,Camponotus,1,data/images/Camponotus/casent0101195_p.jpg,commons,train
865114126,CAS:ANTWEB:casent0101196,casent0101196,casent0101196,p,1312361,Camponotus,formicinae,Camponotus ellioti,"Camponotus ellioti Forel, 1891",,SPECIES,,worker,,Toliara,[Région du Sud-Est Fort-Dauphin]; Taolagnaro,-25.03333,46.98333,15.0,,,,https://www.antweb.org/images/casent0101196/casent0101196_p_1_high.jpg,casent0101196 profile view 1,April Nobile,Attribution-ShareAlike (BY-SA) Creative Commons License and GNU Free Documentation License (GFDL),"California Academy of Sciences, 2000-2008",GEODETIC_DATUM_ASSUMED_WGS84;CONTINENT_DERIVED_FROM_COORDINATES;COLLECTION_MATCH_NONE;INSTITUTION_MATCH_FUZZY,Camponotus,1,data/images/Camponotus/casent0101196_p.jpg,commons,test
865114152,CAS:ANTWEB:casent0101197,casent0101197,casent0101197,p,1312361,Camponotus,formicinae,Camponotus ellioti,"Camponotus ellioti Forel, 1891",,SPECIES,,worker,,Toliara,[Région du Sud-Est Fort-Dauphin]; Taolagnaro,-25.03333,46.98333,15.0,,,,https://www.antweb.org/images/casent0101197/casent0101197_p_1_high.jpg,casent0101197 profile view 1,April Nobile,Attribution-ShareAlike (BY-SA) Creative Commons License and GNU Free Documentation License (GFDL),"California Academy of Sciences, 2000-2007",GEODETIC_DATUM_ASSUMED_WGS84;CONTINENT_DERIVED_FROM_COORDINATES;COLLECTION_MATCH_NONE;INSTITUTION_MATCH_FUZZY,Camponotus,1,data/images/Camponotus/casent0101197_p.jpg,commons,train
865114179,CAS:ANTWEB:casent0101198,casent0101198,casent0101198,p,1312361,Camponotus,formicinae,Camponotus ellioti,"Camponotus ellioti Forel, 1891",,SPECIES,,worker,,Toliara,[Région du Sud Andrahomana]; Analapatsa I; Taolagnaro,-25.18333,46.66667,31.0,,,Santschi,https://www.antweb.org/images/casent0101198/casent0101198_p_1_high.jpg,casent0101198 profile view 1,April Nobile,Attribution-ShareAlike (BY-SA) Creative Commons License and GNU Free Documentation License (GFDL),"California Academy of Sciences, 2000-2007",GEODETIC_DATUM_ASSUMED_WGS84;CONTINENT_DERIVED_FROM_COORDINATES;COLLECTION_MATCH_NONE;INSTITUTION_MATCH_FUZZY,Camponotus,1,data/images/Camponotus/casent0101198_p.jpg,commons,train
865114279,CAS:ANTWEB:casent0101202,casent0101202,casent0101202,p,1312361,Camponotus,formicinae,Camponotus descarpentriesi,"Camponotus descarpentriesi Santschi, 1926",,SPECIES,,worker,Paralectotype,Antananarivo,[Anibahora Anharatra]; Tsiafajavona Ankaratra; Ambatolampy,-19.36667,47.3,1747.0,,Descarpentries,,https://www.antweb.org/images/casent0101202/casent0101202_p_1_high.jpg,casent0101202 profile view 1,April Nobile,Attribution-ShareAlike (BY-SA) Creative Commons License and GNU Free Documentation License (GFDL),"California Academy of Sciences, 2000-2008",GEODETIC_DATUM_ASSUMED_WGS84;CONTINENT_DERIVED_FROM_COORDINATES;COLLECTION_MATCH_NONE;INSTITUTION_MATCH_FUZZY,Camponotus,1,data/images/Camponotus/casent0101202_p.jpg,gbif_cache,test
865114355,CAS:ANTWEB:casent0101205,casent0101205,casent0101205,p,1312361,Camponotus,formicinae,Camponotus descarpentriesi,"Camponotus descarpentriesi Santschi, 1926",,SPECIES,,worker,Paralectotype,Antananarivo,[Anibahora Anharatra]; Tsiafajavona Ankaratra; Ambatolampy,-19.36667,47.3,1747.0,,Descarpentries,,https://www.antweb.org/images/casent0101205/casent0101205_p_1_high.jpg,casent0101205 profile view 1,April Nobile,Attribution-ShareAlike (BY-SA) Creative Commons License and GNU Free Documentation License (GFDL),"California Academy of Sciences, 2000-2007",GEODETIC_DATUM_ASSUMED_WGS84;CONTINENT_DERIVED_FROM_COORDINATES;COLLECTION_MATCH_NONE;INSTITUTION_MATCH_FUZZY,Camponotus,1,data/images/Camponotus/casent0101205_p.jpg,commons,test
865114379,CAS:ANTWEB:casent0101206,casent0101206,casent0101206,p,1312361,Camponotus,formicinae,Camponotus descarpentriesi,"Camponotus descarpentriesi Santschi, 1926",,SPECIES,,worker,Lectotype,Antananarivo,[Anibahora Anharatra]; Tsiafajavona Ankaratra; Ambatolampy,-19.36667,47.3,1747.0,,Descarpentries,,https://www.antweb.org/images/casent0101206/casent0101206_p_1_high.jpg,casent0101206 profile view 1,April Nobile,Attribution-ShareAlike (BY-SA) Creative Commons License and GNU Free Documentation License (GFDL),"California Academy of Sciences, 2000-2007",GEODETIC_DATUM_ASSUMED_WGS84;CONTINENT_DERIVED_FROM_COORDINATES;COLLECTION_MATCH_NONE;INSTITUTION_MATCH_FUZZY,Camponotus,1,data/images/Camponotus/casent0101206_p.jpg,commons,train
865114427,CAS:ANTWEB:casent0101208,casent0101208,casent0101208,p,1317100,Cardiocondyla,myrmicinae,Cardiocondyla emeryi,"Cardiocondyla emeryi Forel, 1881",,SPECIES,,worker,,Fianarantsoa,[Imérina]; Fahizay; Ambositra,-20.5,47.33333,1317.0,,Camboué,,https://www.antweb.org/images/casent0101208/casent0101208_p_1_high.jpg,casent0101208 profile view 1,April Nobile,Attribution-ShareAlike (BY-SA) Creative Commons License and GNU Free Documentation License (GFDL),"California Academy of Sciences, 2000-2008",GEODETIC_DATUM_ASSUMED_WGS84;CONTINENT_DERIVED_FROM_COORDINATES;COLLECTION_MATCH_NONE;INSTITUTION_MATCH_FUZZY,Cardiocondyla,1,data/images/Cardiocondyla/casent0101208_p.jpg,commons,test
865114450,CAS:ANTWEB:casent0101209,casent0101209,casent0101209,p,1317100,Cardiocondyla,myrmicinae,Cardiocondyla emeryi,"Cardiocondyla emeryi Forel, 1881",,SPECIES,,worker,,Fianarantsoa,[Imérina]; Fahizay; Ambositra,-20.5,47.33333,1317.0,,Camboué,,https://www.antweb.org/images/casent0101209/casent0101209_p_1_high.jpg,casent0101209 profile view 1,April Nobile,Attribution-ShareAlike (BY-SA) Creative Commons License and GNU Free Documentation License (GFDL),"California Academy of Sciences, 2000-2008",GEODETIC_DATUM_ASSUMED_WGS84;CONTINENT_DERIVED_FROM_COORDINATES;COLLECTION_MATCH_NONE;INSTITUTION_MATCH_FUZZY,Cardiocondyla,1,data/images/Cardiocondyla/casent0101209_p.jpg,commons,train
865114623,CAS:ANTWEB:casent0101218,casent0101218,casent0101218,p,1317100,Cardiocondyla,myrmicinae,Cardiocondyla shuckardi,"Cardiocondyla shuckardi Forel, 1891",,SPECIES,,worker,Syntype,Fianarantsoa,[Imérina]; Fahizay; Ambositra,-20.5,47.33333,1317.0,,Camboué,,https://www.antweb.org/images/casent0101218/casent0101218_p_1_high.jpg,casent0101218 profile view 1,April Nobile,Attribution-ShareAlike (BY-SA) Creative Commons License and GNU Free Documentation License (GFDL),"California Academy of Sciences, 2000-2008",GEODETIC_DATUM_ASSUMED_WGS84;CONTINENT_DERIVED_FROM_COORDINATES;COLLECTION_MATCH_NONE;INSTITUTION_MATCH_FUZZY,Cardiocondyla,1,data/images/Cardiocondyla/casent0101218_p.jpg,commons,train
865114640,CAS:ANTWEB:casent0101219,casent0101219,casent0101219,p,1317100,Cardiocondyla,myrmicinae,Cardiocondyla shuckardi,"Cardiocondyla shuckardi Forel, 1891",,SPECIES,,worker,Syntype,Fianarantsoa,[Imérina]; Fahizay; Ambositra,-20.5,47.33333,1317.0,,Camboué,,https://www.antweb.org/images/casent0101219/casent0101219_p_1_high.jpg,casent0101219 profile view 1,April Nobile,Attribution-ShareAlike (BY-SA) Creative Commons License and GNU Free Documentation License (GFDL),"California Academy of Sciences, 2000-2008",GEODETIC_DATUM_ASSUMED_WGS84;CONTINENT_DERIVED_FROM_COORDINATES;COLLECTION_MATCH_NONE;INSTITUTION_MATCH_FUZZY,Cardiocondyla,1,data/images/Cardiocondyla/casent0101219_p.jpg,commons,train
865113873,CAS:ANTWEB:casent0101230,casent0101230,casent0101230,p,8301906,Meranoplus,myrmicinae,Meranoplus mayri,"Meranoplus mayri Forel, 1910",,SPECIES,,worker,Lectotype,Toliara,[Tr Daupin]; Taolagnaro,-25.02253,46.98537,9.0,,Sikora,,https://www.antweb.org/images/casent0101230/casent0101230_p_1_high.jpg,casent0101230 profile view 1,Nick Olgeirson,Attribution-ShareAlike (BY-SA) Creative Commons License and GNU Free Documentation License (GFDL),"California Academy of Sciences, 2000-2008",GEODETIC_DATUM_ASSUMED_WGS84;CONTINENT_DERIVED_FROM_COORDINATES;COLLECTION_MATCH_NONE;INSTITUTION_MATCH_FUZZY,Meranoplus,1,data/images/Meranoplus/casent0101230_p.jpg,commons,train
865113899,CAS:ANTWEB:casent0101231,casent0101231,casent0101231,p,8301906,Meranoplus,myrmicinae,Meranoplus mayri,"Meranoplus mayri Forel, 1910",,SPECIES,,worker,,Toliara,[Tr Daupin]; Taolagnaro,-25.02253,46.98537,9.0,,Sikora,,https://www.antweb.org/images/casent0101231/casent0101231_p_1_high.jpg,casent0101231 profile view 1,April Nobile,Attribution-ShareAlike (BY-SA) Creative Commons License and GNU Free Documentation License (GFDL),"California Academy of Sciences, 2000-2008",GEODETIC_DATUM_ASSUMED_WGS84;CONTINENT_DERIVED_FROM_COORDINATES;COLLECTION_MATCH_NONE;INSTITUTION_MATCH_FUZZY,Meranoplus,1,data/images/Meranoplus/casent0101231_p.jpg,commons,test
865114023,CAS:ANTWEB:casent0101236,casent0101236,casent0101236,p,8301906,Meranoplus,myrmicinae,Meranoplus mayri,"Meranoplus mayri Forel, 1910",,SPECIES,,worker,,Toliara,[Tr Daupin]; Taolagnaro,-25.02253,46.98537,9.0,,Sikora,,https://www.antweb.org/images/casent0101236/casent0101236_p_1_high.jpg,casent0101236 profile view 1,Nick Olgeirson,Attribution-ShareAlike (BY-SA) Creative Commons License and GNU Free Documentation License (GFDL),"California Academy of Sciences, 2000-2008",GEODETIC_DATUM_ASSUMED_WGS84;CONTINENT_DERIVED_FROM_COORDINATES;COLLECTION_MATCH_NONE;INSTITUTION_MATCH_FUZZY,Meranoplus,1,data/images/Meranoplus/casent0101236_p.jpg,commons,train
865114064,CAS:ANTWEB:casent0101237,casent0101237,casent0101237,p,8301906,Meranoplus,myrmicinae,Meranoplus mayri,"Meranoplus mayri Forel, 1910",,SPECIES,,worker,,Toliara,[Tr Daupin]; Taolagnaro,-25.02253,46.98537,9.0,,Sikora,,https://www.antweb.org/images/casent0101237/casent0101237_p_1_high.jpg,casent0101237 profile view 1,April Nobile,Attribution-ShareAlike (BY-SA) Creative Commons License and GNU Free Documentation License (GFDL),"California Academy of Sciences, 2000-2008",GEODETIC_DATUM_ASSUMED_WGS84;CONTINENT_DERIVED_FROM_COORDINATES;COLLECTION_MATCH_NONE;INSTITUTION_MATCH_FUZZY,Meranoplus,1,data/images/Meranoplus/casent0101237_p.jpg,commons,train
865114090,CAS:ANTWEB:casent0101238,casent0101238,casent0101238,p,8301906,Meranoplus,myrmicinae,Meranoplus radamae,"Meranoplus radamae Forel, 1891",,SPECIES,,worker,,Toamasina,[Est Imerina]; Moramanga,-18.93333,48.2,902.0,,Sikora,,https://www.antweb.org/images/casent0101238/casent0101238_p_1_high.jpg,casent0101238 profile view 1,April Nobile,Attribution-ShareAlike (BY-SA) Creative Commons License and GNU Free Documentation License (GFDL),"California Academy of Sciences, 2000-2008",GEODETIC_DATUM_ASSUMED_WGS84;CONTINENT_DERIVED_FROM_COORDINATES;COLLECTION_MATCH_NONE;INSTITUTION_MATCH_FUZZY,Meranoplus,1,data/images/Meranoplus/casent0101238_p.jpg,commons,train
865114114,CAS:ANTWEB:casent0101239,casent0101239,casent0101239,p,8301906,Meranoplus,myrmicinae,Meranoplus radamae,"Meranoplus radamae Forel, 1891",,SPECIES,,worker,Lectotype,Toamasina,[Est Imerina]; Moramanga,-18.93333,48.2,902.0,,Sikora,,https://www.antweb.org/images/casent0101239/casent0101239_p_1_high.jpg,casent0101239 profile view 1,April Nobile,Attribution-ShareAlike (BY-SA) Creative Commons License and GNU Free Documentation License (GFDL),"California Academy of Sciences, 2000-2008",GEODETIC_DATUM_ASSUMED_WGS84;CONTINENT_DERIVED_FROM_COORDINATES;COLLECTION_MATCH_NONE;INSTITUTION_MATCH_FUZZY,Meranoplus,1,data/images/Meranoplus/casent0101239_p.jpg,commons,train
865114139,CAS:ANTWEB:casent0101240,casent0101240,casent0101240,p,1325265,Cataulacus,myrmicinae,Cataulacus regularis,"Cataulacus regularis Forel, 1892",,SPECIES,,worker,,Toamasina,[Nosibé Village de l'Imerina]; Anosibe An'ala; Anosibe,-19.43333,48.21667,660.0,,Sikora,,https://www.antweb.org/images/casent0101240/casent0101240_p_1_high.jpg,casent0101240 profile view 1,April Nobile,Attribution-ShareAlike (BY-SA) Creative Commons License and GNU Free Documentation License (GFDL),"California Academy of Sciences, 2000-2008",GEODETIC_DATUM_ASSUMED_WGS84;CONTINENT_DERIVED_FROM_COORDINATES;COLLECTION_MATCH_NONE;INSTITUTION_MATCH_FUZZY,Cataulacus,1,data/images/Cataulacus/casent0101240_p.jpg,commons,train
865114162,CAS:ANTWEB:casent0101241,casent0101241,casent0101241,p,1325265,Cataulacus,myrmicinae,Cataulacus regularis,"Cataulacus regularis Forel, 1892",,SPECIES,,worker,Syntype,Toamasina,[Nosibé Village de l'Imerina]; Anosibe An'ala; Anosibe,-19.43333,48.21667,660.0,,Sikora,,https://www.antweb.org/images/casent0101241/casent0101241_p_1_high.jpg,casent0101241 profile view 1,April Nobile,Attribution-ShareAlike (BY-SA) Creative Commons License and GNU Free Documentation License (GFDL),"California Academy of Sciences, 2000-2008",GEODETIC_DATUM_ASSUMED_WGS84;CONTINENT_DERIVED_FROM_COORDINATES;COLLECTION_MATCH_NONE;INSTITUTION_MATCH_FUZZY,Cataulacus,1,data/images/Cataulacus/casent0101241_p.jpg,commons,train
865114263,CAS:ANTWEB:casent0101245,casent0101245,casent0101245,p,1325265,Cataulacus,myrmicinae,Cataulacus ebrardi,"Cataulacus ebrardi Forel, 1886",,SPECIES,,worker,Syntype,Toliara,[Morondava],-20.29042,44.3,6.0,,,,https://www.antweb.org/images/casent0101245/casent0101245_p_1_high.jpg,casent0101245 profile view 1,Nick Olgeirson,Attribution-ShareAlike (BY-SA) Creative Commons License and GNU Free Documentation License (GFDL),"California Academy of Sciences, 2000-2008",GEODETIC_DATUM_ASSUMED_WGS84;CONTINENT_DERIVED_FROM_COORDINATES;COLLECTION_MATCH_NONE;INSTITUTION_MATCH_FUZZY,Cataulacus,1,data/images/Cataulacus/casent0101245_p.jpg,commons,train
865114283,CAS:ANTWEB:casent0101246,casent0101246,casent0101246,p,1325265,Cataulacus,myrmicinae,Cataulacus ebrardi,"Cataulacus ebrardi Forel, 1886",,SPECIES,,worker,Syntype,Toliara,[Morondava],-20.29042,44.3,6.0,,,,https://www.antweb.org/images/casent0101246/casent0101246_p_1_high.jpg,casent0101246 profile view 1,April Nobile,Attribution-ShareAlike (BY-SA) Creative Commons License and GNU Free Documentation License (GFDL),"California Academy of Sciences, 2000-2008",GEODETIC_DATUM_ASSUMED_WGS84;CONTINENT_DERIVED_FROM_COORDINATES;COLLECTION_MATCH_NONE;INSTITUTION_MATCH_FUZZY,Cataulacus,1,data/images/Cataulacus/casent0101246_p.jpg,commons,train
865114306,CAS:ANTWEB:casent0101247,casent0101247,casent0101247,p,1325265,Cataulacus,myrmicinae,Cataulacus intrudens,"Cataulacus intrudens (Smith, 1876)",,SPECIES,,worker,Syntype,Toamasina,[Est Imerina]; Moramanga,-18.93333,48.2,902.0,,Sikora,,https://www.antweb.org/images/casent0101247/casent0101247_p_1_high.jpg,casent0101247 profile view 1,April Nobile,Attribution-ShareAlike (BY-SA) Creative Commons License and GNU Free Documentation License (GFDL),"California Academy of Sciences, 2000-2008",GEODETIC_DATUM_ASSUMED_WGS84;CONTINENT_DERIVED_FROM_COORDINATES;COLLECTION_MATCH_NONE;INSTITUTION_MATCH_FUZZY,Cataulacus,1,data/images/Cataulacus/casent0101247_p.jpg,commons,train
865114336,CAS:ANTWEB:casent0101248,casent0101248,casent0101248,p,1325265,Cataulacus,myrmicinae,Cataulacus intrudens,"Cataulacus intrudens (Smith, 1876)",,SPECIES,,worker,Syntype,Toamasina,[Est Imerina]; Moramanga,-18.93333,48.2,902.0,,Sikora,,https://www.antweb.org/images/casent0101248/casent0101248_p_1_high.jpg,casent0101248 profile view 1,April Nobile,Attribution-ShareAlike (BY-SA) Creative Commons License and GNU Free Documentation License (GFDL),"California Academy of Sciences, 2000-2008",GEODETIC_DATUM_ASSUMED_WGS84;CONTINENT_DERIVED_FROM_COORDINATES;COLLECTION_MATCH_NONE;INSTITUTION_MATCH_FUZZY,Cataulacus,1,data/images/Cataulacus/casent0101248_p.jpg,commons,train
865114451,CAS:ANTWEB:casent0101253,casent0101253,casent0101253,p,1320203,Strumigenys,myrmicinae,Strumigenys grandidieri,"Strumigenys grandidieri Forel, 1892",,SPECIES,,worker,Syntype,Antananarivo,[Andrangoloaca]; Mantasoa; Manjakandriana,-19.03333,47.91667,1409.0,,,,https://www.antweb.org/images/casent0101253/casent0101253_p_1_high.jpg,casent0101253 profile view 1,April Nobile,Attribution-ShareAlike (BY-SA) Creative Commons License and GNU Free Documentation License (GFDL),"California Academy of Sciences, 2000-2008",GEODETIC_DATUM_ASSUMED_WGS84;CONTINENT_DERIVED_FROM_COORDINATES;COLLECTION_MATCH_NONE;INSTITUTION_MATCH_FUZZY,Strumigenys,1,data/images/Strumigenys/casent0101253_p.jpg,gbif_cache,train
865114471,CAS:ANTWEB:casent0101254,casent0101254,casent0101254,p,1320203,Strumigenys,myrmicinae,Strumigenys grandidieri,"Strumigenys grandidieri Forel, 1892",,SPECIES,,worker,Syntype,Antananarivo,[Andrangoloaca]; Mantasoa; Manjakandriana,-19.03333,47.91667,1409.0,,,,https://www.antweb.org/images/casent0101254/casent0101254_p_1_high.jpg,casent0101254 profile view 1,April Nobile,Attribution-ShareAlike (BY-SA) Creative Commons License and GNU Free Documentation License (GFDL),"California Academy of Sciences, 2000-2008",GEODETIC_DATUM_ASSUMED_WGS84;CONTINENT_DERIVED_FROM_COORDINATES;COLLECTION_MATCH_NONE;INSTITUTION_MATCH_FUZZY,Strumigenys,1,data/images/Strumigenys/casent0101254_p.jpg,commons,train
865114491,CAS:ANTWEB:casent0101255,casent0101255,casent0101255,p,1316784,Tapinoma,dolichoderinae,Tapinoma pallipes,"Technomyrmex pallipes (F.Smith, 1876)",,SPECIES,,worker,Syntype,Toamasina,[Tamatavé]; Andranobolahy; Toamasina Rural,-18.0,49.0,370.0,,,,https://www.antweb.org/images/casent0101255/casent0101255_p_1_high.jpg,casent0101255 profile view 1,April Nobile,Attribution-ShareAlike (BY-SA) Creative Commons License and GNU Free Documentation License (GFDL),"California Academy of Sciences, 2000-2007",GEODETIC_DATUM_ASSUMED_WGS84;CONTINENT_DERIVED_FROM_COORDINATES;COLLECTION_MATCH_NONE;INSTITUTION_MATCH_FUZZY,Tapinoma,1,data/images/Tapinoma/casent0101255_p.jpg,commons,train
865114512,CAS:ANTWEB:casent0101256,casent0101256,casent0101256,p,1316784,Tapinoma,dolichoderinae,Tapinoma pallipes,"Technomyrmex pallipes (F.Smith, 1876)",,SPECIES,,worker,,Toamasina,[Tamatavé]; Andranobolahy; Toamasina Rural,-18.0,49.0,370.0,,,,https://www.antweb.org/images/casent0101256/casent0101256_p_1_high.jpg,casent0101256 profile view 1,April Nobile,Attribution-ShareAlike (BY-SA) Creative Commons License and GNU Free Documentation License (GFDL),"California Academy of Sciences, 2000-2007",GEODETIC_DATUM_ASSUMED_WGS84;CONTINENT_DERIVED_FROM_COORDINATES;COLLECTION_MATCH_NONE;INSTITUTION_MATCH_FUZZY,Tapinoma,1,data/images/Tapinoma/casent0101256_p.jpg,commons,train
865114538,CAS:ANTWEB:casent0101257,casent0101257,casent0101257,p,1323128,Tetramorium,myrmicinae,Tetramorium steinheili,"Tetramorium steinheili Forel, 1892",,SPECIES,,worker,Paralectotype,Antananarivo,[Andrangoloaca]; Mantasoa; Manjakandriana,-19.033333,47.916668,1409.0,,,,https://www.antweb.org/images/casent0101257/casent0101257_p_1_high.jpg,casent0101257 profile view 1,April Nobile,Attribution-ShareAlike (BY-SA) Creative Commons License and GNU Free Documentation License (GFDL),"California Academy of Sciences, 2000-2008",GEODETIC_DATUM_ASSUMED_WGS84;CONTINENT_DERIVED_FROM_COORDINATES;COLLECTION_MATCH_NONE;INSTITUTION_MATCH_FUZZY,Tetramorium,1,data/images/Tetramorium/casent0101257_p.jpg,commons,test
865114556,CAS:ANTWEB:casent0101258,casent0101258,casent0101258,p,1323128,Tetramorium,myrmicinae,Tetramorium steinheili,"Tetramorium steinheili Forel, 1892",,SPECIES,,worker,Paralectotype,Antananarivo,[Andrangoloaca]; Mantasoa; Manjakandriana,-19.033333,47.916668,1409.0,,,,https://www.antweb.org/images/casent0101258/casent0101258_p_1_high.jpg,casent0101258 profile view 1,April Nobile,Attribution-ShareAlike (BY-SA) Creative Commons License and GNU Free Documentation License (GFDL),"California Academy of Sciences, 2000-2008",GEODETIC_DATUM_ASSUMED_WGS84;CONTINENT_DERIVED_FROM_COORDINATES;COLLECTION_MATCH_NONE;INSTITUTION_MATCH_FUZZY,Tetramorium,1,data/images/Tetramorium/casent0101258_p.jpg,commons,train
865114573,CAS:ANTWEB:casent0101259,casent0101259,casent0101259,p,1323128,Tetramorium,myrmicinae,Tetramorium sikorae,"Tetramorium sikorae Forel, 1892",,SPECIES,,worker,Paralectotype,Antananarivo,[Mangoro ufer]; Vinaninkarena; Antsirabe Rural,-20.0,47.08333,1499.0,,Sikora,,https://www.antweb.org/images/casent0101259/casent0101259_p_1_high.jpg,casent0101259 profile view 1,Michele Esposito,Attribution-ShareAlike (BY-SA) Creative Commons License and GNU Free Documentation License (GFDL),"California Academy of Sciences, 2000-2008",GEODETIC_DATUM_ASSUMED_WGS84;CONTINENT_DERIVED_FROM_COORDINATES;COLLECTION_MATCH_NONE;INSTITUTION_MATCH_FUZZY,Tetramorium,1,data/images/Tetramorium/casent0101259_p.jpg,commons,test
865114596,CAS:ANTWEB:casent0101260,casent0101260,casent0101260,p,1323128,Tetramorium,myrmicinae,Tetramorium sikorae,"Tetramorium sikorae Forel, 1892",,SPECIES,,worker,Lectotype,Antananarivo,[Mangoro ufer]; Vinaninkarena; Antsirabe Rural,-20.0,47.08333,1499.0,,Sikora,,https://www.antweb.org/images/casent0101260/casent0101260_p_1_high.jpg,casent0101260 profile view 1,Michele Esposito,Attribution-ShareAlike (BY-SA) Creative Commons License and GNU Free Documentation License (GFDL),"California Academy of Sciences, 2000-2008",GEODETIC_DATUM_ASSUMED_WGS84;CONTINENT_DERIVED_FROM_COORDINATES;COLLECTION_MATCH_NONE;INSTITUTION_MATCH_FUZZY,Tetramorium,1,data/images/Tetramorium/casent0101260_p.jpg,commons,test
865114679,CAS:ANTWEB:casent0101265,casent0101265,casent0101265,p,1323128,Tetramorium,myrmicinae,Tetramorium sericeiventre,"Tetramorium sericeiventre Emery, 1877",,SPECIES,,worker,,Antsiranana,[Nossi bé p. Madagascar]; Nosy be; Nosibe,-13.29167,48.25833,146.0,,C. Keller,,https://www.antweb.org/images/casent0101265/casent0101265_p_1_high.jpg,casent0101265 profile view 1,April Nobile,Attribution-ShareAlike (BY-SA) Creative Commons License and GNU Free Documentation License (GFDL),"California Academy of Sciences, 2000-2008",GEODETIC_DATUM_ASSUMED_WGS84;CONTINENT_DERIVED_FROM_COORDINATES;COLLECTION_MATCH_NONE;INSTITUTION_MATCH_FUZZY,Tetramorium,1,data/images/Tetramorium/casent0101265_p.jpg,commons,train
865114695,CAS:ANTWEB:casent0101266,casent0101266,casent0101266,p,1323128,Tetramorium,myrmicinae,Tetramorium sericeiventre,"Tetramorium sericeiventre Emery, 1877",,SPECIES,,worker,Syntype,Antsiranana,[Nossi bé p. Madagascar]; Nosy be; Nosibe,-13.29167,48.25833,146.0,,C. Keller,,https://www.antweb.org/images/casent0101266/casent0101266_p_1_high.jpg,casent0101266 profile view 1,April Nobile,Attribution-ShareAlike (BY-SA) Creative Commons License and GNU Free Documentation License (GFDL),"California Academy of Sciences, 2000-2008",GEODETIC_DATUM_ASSUMED_WGS84;CONTINENT_DERIVED_FROM_COORDINATES;COLLECTION_MATCH_NONE;INSTITUTION_MATCH_FUZZY,Tetramorium,1,data/images/Tetramorium/casent0101266_p.jpg,commons,train
865114712,CAS:ANTWEB:casent0101267,casent0101267,casent0101267,p,1323128,Tetramorium,myrmicinae,Tetramorium sericeiventre,"Tetramorium sericeiventre Emery, 1877",,SPECIES,,worker,,Antananarivo,[antananarivo]; Ambatomanjaka; Miarinarivo,-18.70515,46.82528,1399.0,,Camboué,,https://www.antweb.org/images/casent0101267/casent0101267_p_1_high.jpg,casent0101267 profile view 1,April Nobile,Attribution-ShareAlike (BY-SA) Creative Commons License and GNU Free Documentation License (GFDL),"California Academy of Sciences, 2000-2008",GEODETIC_DATUM_ASSUMED_WGS84;CONTINENT_DERIVED_FROM_COORDINATES;COLLECTION_MATCH_NONE;INSTITUTION_MATCH_FUZZY,Tetramorium,1,data/images/Tetramorium/casent0101267_p.jpg,commons,test
865114730,CAS:ANTWEB:casent0101268,casent0101268,casent0101268,p,1323128,Tetramorium,myrmicinae,Tetramorium sericeiventre,"Tetramorium sericeiventre Emery, 1877",,SPECIES,,worker,,Antananarivo,[antananarivo]; Ambatomanjaka; Miarinarivo,-18.70515,46.82528,1399.0,,Camboué,,https://www.antweb.org/images/casent0101268/casent0101268_p_1_high.jpg,casent0101268 profile view 1,April Nobile,Attribution-ShareAlike (BY-SA) Creative Commons License and GNU Free Documentation License (GFDL),"California Academy of Sciences, 2000-2008",GEODETIC_DATUM_ASSUMED_WGS84;CONTINENT_DERIVED_FROM_COORDINATES;COLLECTION_MATCH_NONE;INSTITUTION_MATCH_FUZZY,Tetramorium,1,data/images/Tetramorium/casent0101268_p.jpg,commons,train
865114746,CAS:ANTWEB:casent0101269,casent0101269,casent0101269,p,1323128,Tetramorium,myrmicinae,Tetramorium sericeiventre,"Tetramorium sericeiventre Emery, 1877",,SPECIES,,worker,,Antananarivo,[Antananarivo]; Ambatomanjaka; Miarinarivo,-18.70515,46.82528,1399.0,,Camboué,,https://www.antweb.org/images/casent0101269/casent0101269_p_1_high.jpg,casent0101269 profile view 1,April Nobile,Attribution-ShareAlike (BY-SA) Creative Commons License and GNU Free Documentation License (GFDL),"California Academy of Sciences, 2000-2008",GEODETIC_DATUM_ASSUMED_WGS84;CONTINENT_DERIVED_FROM_COORDINATES;COLLECTION_MATCH_NONE;INSTITUTION_MATCH_FUZZY,Tetramorium,1,data/images/Tetramorium/casent0101269_p.jpg,commons,train
865114767,CAS:ANTWEB:casent0101270,casent0101270,casent0101270,p,1323128,Tetramorium,myrmicinae,Tetramorium sericeiventre,"Tetramorium sericeiventre Emery, 1877",,SPECIES,,worker,,Antananarivo,[Antananarivo]; Ambatomanjaka; Miarinarivo,-18.70515,46.82528,1399.0,,Camboué,,https://www.antweb.org/images/casent0101270/casent0101270_p_1_high.jpg,casent0101270 profile view 1,April Nobile,Attribution-ShareAlike (BY-SA) Creative Commons License and GNU Free Documentation License (GFDL),"California Academy of Sciences, 2000-2008",GEODETIC_DATUM_ASSUMED_WGS84;CONTINENT_DERIVED_FROM_COORDINATES;COLLECTION_MATCH_NONE;INSTITUTION_MATCH_FUZZY,Tetramorium,1,data/images/Tetramorium/casent0101270_p.jpg,commons,train
865114882,CAS:ANTWEB:casent0101277,casent0101277,casent0101277,p,1323128,Tetramorium,myrmicinae,Tetramorium bessonii,"Tetramorium bessonii Forel, 1891",,SPECIES,,worker,,Fianarantsoa,[Fianarantsoa]; 2eme Arrondissement; Fianarantsoa Urban,-21.43333,47.08333,1160.0,,Dr. Besson,,https://www.antweb.org/images/casent0101277/casent0101277_p_1_high.jpg,casent0101277 profile view 1,April Nobile,Attribution-ShareAlike (BY-SA) Creative Commons License and GNU Free Documentation License (GFDL),"California Academy of Sciences, 2000-2008",GEODETIC_DATUM_ASSUMED_WGS84;CONTINENT_DERIVED_FROM_COORDINATES;COLLECTION_MATCH_NONE;INSTITUTION_MATCH_FUZZY,Tetramorium,1,data/images/Tetramorium/casent0101277_p.jpg,commons,test
865114905,CAS:ANTWEB:casent0101278,casent0101278,casent0101278,p,1323128,Tetramorium,myrmicinae,Tetramorium bessonii,"Tetramorium bessonii Forel, 1891",,SPECIES,,worker,,Fianarantsoa,[Fianarantsoa]; 2eme Arrondissement; Fianarantsoa Urban,-21.43333,47.08333,1160.0,,Dr. Besson,,https://www.antweb.org/images/casent0101278/casent0101278_p_1_high.jpg,casent0101278 profile view 1,April Nobile,Attribution-ShareAlike (BY-SA) Creative Commons License and GNU Free Documentation License (GFDL),"California Academy of Sciences, 2000-2008",GEODETIC_DATUM_ASSUMED_WGS84;CONTINENT_DERIVED_FROM_COORDINATES;COLLECTION_MATCH_NONE;INSTITUTION_MATCH_FUZZY,Tetramorium,1,data/images/Tetramorium/casent0101278_p.jpg,commons,train
865113882,CAS:ANTWEB:casent0101279,casent0101279,casent0101279,p,1323128,Tetramorium,myrmicinae,Tetramorium andrei,"Tetramorium andrei Forel, 1892",,SPECIES,,worker,Syntype,Antananarivo,[Andrangoloaca]; Mantasoa; Manjakandriana,-19.03333,47.91667,1409.0,,,F. Hita Garcia,https://www.antweb.org/images/casent0101279/casent0101279_p_1_high.jpg,casent0101279 profile view 1,April Nobile,Attribution-ShareAlike (BY-SA) Creative Commons License and GNU Free Documentation License (GFDL),"California Academy of Sciences, 2000-2008",GEODETIC_DATUM_ASSUMED_WGS84;CONTINENT_DERIVED_FROM_COORDINATES;COLLECTION_MATCH_NONE;INSTITUTION_MATCH_FUZZY,Tetramorium,1,data/images/Tetramorium/casent0101279_p.jpg,commons,train
865113908,CAS:ANTWEB:casent0101280,casent0101280,casent0101280,p,1323128,Tetramorium,myrmicinae,Tetramorium andrei,"Tetramorium andrei Forel, 1892",,SPECIES,,worker,Syntype,Antananarivo,[Andrangoloaca]; Mantasoa; Manjakandriana,-19.03333,47.91667,1409.0,,,F. Hita Garcia,https://www.antweb.org/images/casent0101280/casent0101280_p_1_high.jpg,casent0101280 profile view 1,April Nobile,Attribution-ShareAlike (BY-SA) Creative Commons License and GNU Free Documentation License (GFDL),"California Academy of Sciences, 2000-2008",GEODETIC_DATUM_ASSUMED_WGS84;CONTINENT_DERIVED_FROM_COORDINATES;COLLECTION_MATCH_NONE;INSTITUTION_MATCH_FUZZY,Tetramorium,1,data/images/Tetramorium/casent0101280_p.jpg,commons,train
865113929,CAS:ANTWEB:casent0101281,casent0101281,casent0101281,p,1323128,Tetramorium,myrmicinae,Tetramorium andrei,"Tetramorium andrei Forel, 1892",,SPECIES,,worker,Paralectotype,Toamasina,[Nosibé Village de l'Imerina]; Anosibe An'ala; Anosibe,-19.43333,48.21667,660.0,,Sikora,,https://www.antweb.org/images/casent0101281/casent0101281_p_1_high.jpg,casent0101281 profile view 1,April Nobile,Attribution-ShareAlike (BY-SA) Creative Commons License and GNU Free Documentation License (GFDL),"California Academy of Sciences, 2000-2008",GEODETIC_DATUM_ASSUMED_WGS84;CONTINENT_DERIVED_FROM_COORDINATES;COLLECTION_MATCH_NONE;INSTITUTION_MATCH_FUZZY,Tetramorium,1,data/images/Tetramorium/casent0101281_p.jpg,commons,train
865113953,CAS:ANTWEB:casent0101282,casent0101282,casent0101282,p,1323128,Tetramorium,myrmicinae,Tetramorium andrei,"Tetramorium andrei Forel, 1892",,SPECIES,,worker,Paralectotype,Toamasina,[Nosibé Village de l'Imerina]; Anosibe An'ala; Anosibe,-19.43333,48.21667,660.0,,Sikora,,https://www.antweb.org/images/casent0101282/casent0101282_p_1_high.jpg,casent0101282 profile view 1,April Nobile,Attribution-ShareAlike (BY-SA) Creative Commons License and GNU Free Documentation License (GFDL),"California Academy of Sciences, 2000-2008",GEODETIC_DATUM_ASSUMED_WGS84;CONTINENT_DERIVED_FROM_COORDINATES;COLLECTION_MATCH_NONE;INSTITUTION_MATCH_FUZZY,Tetramorium,1,data/images/Tetramorium/casent0101282_p.jpg,commons,test
865114031,CAS:ANTWEB:casent0101285,casent0101285,casent0101285,p,1323128,Tetramorium,myrmicinae,Tetramorium ranarum,"Tetramorium ranarum Forel, 1895",,SPECIES,,worker,,Antananarivo,[Centr Madag]; Ambatomanjaka; Miarinarivo,-18.76695,46.86911,1343.0,,,,https://www.antweb.org/images/casent0101285/casent0101285_p_1_high.jpg,casent0101285 profile view 1,April Nobile,Attribution-ShareAlike (BY-SA) Creative Commons License and GNU Free Documentation License (GFDL),"California Academy of Sciences, 2000-2008",GEODETIC_DATUM_ASSUMED_WGS84;CONTINENT_DERIVED_FROM_COORDINATES;COLLECTION_MATCH_NONE;INSTITUTION_MATCH_FUZZY,Tetramorium,1,data/images/Tetramorium/casent0101285_p.jpg,commons,train
865114045,CAS:ANTWEB:casent0101286,casent0101286,casent0101286,p,1323128,Tetramorium,myrmicinae,Tetramorium ranarum,"Tetramorium ranarum Forel, 1895",,SPECIES,,worker,,Antananarivo,[Centr Madag]; Ambatomanjaka; Miarinarivo,-18.76695,46.86911,1343.0,,,,https://www.antweb.org/images/casent0101286/casent0101286_p_1_high.jpg,casent0101286 profile view 1,April Nobile,Attribution-ShareAlike (BY-SA) Creative Commons License and GNU Free Documentation License (GFDL),"California Academy of Sciences, 2000-2008",GEODETIC_DATUM_ASSUMED_WGS84;CONTINENT_DERIVED_FROM_COORDINATES;COLLECTION_MATCH_NONE;INSTITUTION_MATCH_FUZZY,Tetramorium,1,data/images/Tetramorium/casent0101286_p.jpg,commons,train
865114068,CAS:ANTWEB:casent0101287,casent0101287,casent0101287,p,1323128,Tetramorium,myrmicinae,Tetramorium marginatum,"Tetramorium marginatum Forel, 1895",,SPECIES,,worker,,Antananarivo,[centr Madag]; Ambatomanjaka; Miarinarivo,-18.76695,46.86911,1343.0,,,,https://www.antweb.org/images/casent0101287/casent0101287_p_1_high.jpg,casent0101287 profile view 1,April Nobile,Attribution-ShareAlike (BY-SA) Creative Commons License and GNU Free Documentation License (GFDL),"California Academy of Sciences, 2000-2008",GEODETIC_DATUM_ASSUMED_WGS84;CONTINENT_DERIVED_FROM_COORDINATES;COLLECTION_MATCH_NONE;INSTITUTION_MATCH_FUZZY,Tetramorium,1,data/images/Tetramorium/casent0101287_p.jpg,commons,train
865114092,CAS:ANTWEB:casent0101288,casent0101288,casent0101288,p,1323128,Tetramorium,myrmicinae,Tetramorium marginatum,"Tetramorium marginatum Forel, 1895",,SPECIES,,worker,,Antananarivo,[centr Madag]; Ambatomanjaka; Miarinarivo,-18.76695,46.86911,1343.0,,,,https://www.antweb.org/images/casent0101288/casent0101288_p_1_high.jpg,casent0101288 profile view 1,April Nobile,Attribution-ShareAlike (BY-SA) Creative Commons License and GNU Free Documentation License (GFDL),"California Academy of Sciences, 2000-2008",GEODETIC_DATUM_ASSUMED_WGS84;CONTINENT_DERIVED_FROM_COORDINATES;COLLECTION_MATCH_NONE;INSTITUTION_MATCH_FUZZY,Tetramorium,1,data/images/Tetramorium/casent0101288_p.jpg,commons,train
865114113,CAS:ANTWEB:casent0101289,casent0101289,casent0101289,p,1323128,Tetramorium,myrmicinae,Tetramorium nassonowii,"Tetramorium nassonowii Forel, 1892",,SPECIES,,worker,Lectotype,Antananarivo,[Andrangoloaca]; Mantasoa; Manjakandriana,-19.03333,47.91667,1409.0,,,F. Hita Garcia,https://www.antweb.org/images/casent0101289/casent0101289_p_1_high.jpg,casent0101289 profile view 1,April Nobile,Attribution-ShareAlike (BY-SA) Creative Commons License and GNU Free Documentation License (GFDL),"California Academy of Sciences, 2000-2008",GEODETIC_DATUM_ASSUMED_WGS84;CONTINENT_DERIVED_FROM_COORDINATES;COLLECTION_MATCH_NONE;INSTITUTION_MATCH_FUZZY,Tetramorium,1,data/images/Tetramorium/casent0101289_p.jpg,commons,train
865114136,CAS:ANTWEB:casent0101290,casent0101290,casent0101290,p,1323128,Tetramorium,myrmicinae,Tetramorium nassonowii,"Tetramorium nassonowii Forel, 1892",,SPECIES,,worker,Paralectotype,Antananarivo,[Andrangoloaca]; Mantasoa; Manjakandriana,-19.03333,47.91667,1409.0,,,F. Hita Garcia,https://www.antweb.org/images/casent0101290/casent0101290_p_1_high.jpg,casent0101290 profile view 1,April Nobile,Attribution-ShareAlike (BY-SA) Creative Commons License and GNU Free Documentation License (GFDL),"California Academy of Sciences, 2000-2008",GEODETIC_DATUM_ASSUMED_WGS84;CONTINENT_DERIVED_FROM_COORDINATES;COLLECTION_MATCH_NONE;INSTITUTION_MATCH_FUZZY,Tetramorium,1,data/images/Tetramorium/casent0101290_p.jpg,commons,train
865114158,CAS:ANTWEB:casent0101291,casent0101291,casent0101291,p,1323128,Tetramorium,myrmicinae,Tetramorium latreillei,"Tetramorium latreillei Forel, 1895",,SPECIES,,worker,Syntype,Toamasina,[Est Imerina]; Moramanga,-18.93333,48.2,902.0,,Sikora,,https://www.antweb.org/images/casent0101291/casent0101291_p_1_high.jpg,casent0101291 profile view 1,April Nobile,Attribution-ShareAlike (BY-SA) Creative Commons License and GNU Free Documentation License (GFDL),"California Academy of Sciences, 2000-2008",GEODETIC_DATUM_ASSUMED_WGS84;CONTINENT_DERIVED_FROM_COORDINATES;COLLECTION_MATCH_NONE;INSTITUTION_MATCH_FUZZY,Tetramorium,1,data/images/Tetramorium/casent0101291_p.jpg,commons,train
865114182,CAS:ANTWEB:casent0101292,casent0101292,casent0101292,p,1323128,Tetramorium,myrmicinae,Tetramorium latreillei,"Tetramorium latreillei Forel, 1895",,SPECIES,,worker,,Toamasina,[Est Imerina]; Moramanga,-18.93333,48.2,902.0,,Sikora,,https://www.antweb.org/images/casent0101292/casent0101292_p_1_high.jpg,casent0101292 profile view 1,April Nobile,Attribution-ShareAlike (BY-SA) Creative Commons License and GNU Free Documentation License (GFDL),"California Academy of Sciences, 2000-2008",GEODETIC_DATUM_ASSUMED_WGS84;CONTINENT_DERIVED_FROM_COORDINATES;COLLECTION_MATCH_NONE;INSTITUTION_MATCH_FUZZY,Tetramorium,1,data/images/Tetramorium/casent0101292_p.jpg,commons,train
865114207,CAS:ANTWEB:casent0101293,casent0101293,casent0101293,p,1323128,Tetramorium,myrmicinae,Tetramorium kelleri,"Tetramorium kelleri Forel, 1887",,SPECIES,,worker,,Toamasina,[Ivondro p. Tamatavé]; Antenina; Toamasina Rural,-18.23333,49.36667,14.0,,,,https://www.antweb.org/images/casent0101293/casent0101293_p_1_high.jpg,casent0101293 profile view 1,April Nobile,Attribution-ShareAlike (BY-SA) Creative Commons License and GNU Free Documentation License (GFDL),"California Academy of Sciences, 2000-2008",GEODETIC_DATUM_ASSUMED_WGS84;CONTINENT_DERIVED_FROM_COORDINATES;COLLECTION_MATCH_NONE;INSTITUTION_MATCH_FUZZY,Tetramorium,1,data/images/Tetramorium/casent0101293_p.jpg,commons,train
865114231,CAS:ANTWEB:casent0101294,casent0101294,casent0101294,p,1323128,Tetramorium,myrmicinae,Tetramorium kelleri,"Tetramorium kelleri Forel, 1887",,SPECIES,,worker,,Toamasina,[Ivondro p. Tamatavé]; Antenina; Toamasina Rural,-18.23333,49.36667,14.0,,,,https://www.antweb.org/images/casent0101294/casent0101294_p_1_high.jpg,casent0101294 profile view 1,April Nobile,Attribution-ShareAlike (BY-SA) Creative Commons License and GNU Free Documentation License (GFDL),"California Academy of Sciences, 2000-2008",GEODETIC_DATUM_ASSUMED_WGS84;CONTINENT_DERIVED_FROM_COORDINATES;COLLECTION_MATCH_NONE;INSTITUTION_MATCH_FUZZY,Tetramorium,1,data/images/Tetramorium/casent0101294_p.jpg,commons,train
865114297,CAS:ANTWEB:casent0101297,casent0101297,casent0101297,p,1323128,Tetramorium,myrmicinae,Tetramorium bessonii,"Tetramorium bessonii Forel, 1891",,SPECIES,,worker,,Fianarantsoa,[Fianarantsoa Pays des Betsileo]; Antambohobe; Ivohibe,-22.35362,46.82528,772.0,,Dr. Besson,,https://www.antweb.org/images/casent0101297/casent0101297_p_1_high.jpg,casent0101297 profile view 1,April Nobile,Attribution-ShareAlike (BY-SA) Creative Commons License and GNU Free Documentation License (GFDL),"California Academy of Sciences, 2000-2008",GEODETIC_DATUM_ASSUMED_WGS84;CONTINENT_DERIVED_FROM_COORDINATES;COLLECTION_MATCH_NONE;INSTITUTION_MATCH_FUZZY,Tetramorium,1,data/images/Tetramorium/casent0101297_p.jpg,commons,train
865114325,CAS:ANTWEB:casent0101298,casent0101298,casent0101298,p,1323128,Tetramorium,myrmicinae,Tetramorium bessonii,"Tetramorium bessonii Forel, 1891",,SPECIES,,worker,,Fianarantsoa,[Fianarantsoa Pays des Betsileo]; Antambohobe; Ivohibe,-22.35362,46.82528,772.0,,Dr. Besson,,https://www.antweb.org/images/casent0101298/casent0101298_p_1_high.jpg,casent0101298 profile view 1,April Nobile,Attribution-ShareAlike (BY-SA) Creative Commons License and GNU Free Documentation License (GFDL),"California Academy of Sciences, 2000-2008",GEODETIC_DATUM_ASSUMED_WGS84;CONTINENT_DERIVED_FROM_COORDINATES;COLLECTION_MATCH_NONE;INSTITUTION_MATCH_FUZZY,Tetramorium,1,data/images/Tetramorium/casent0101298_p.jpg,commons,train
865114348,CAS:ANTWEB:casent0101299,casent0101299,casent0101299,p,4673740,Nylanderia,formicinae,,"Nylanderia Emery, 1906",,GENUS,,worker,,Antananarivo,[Andrangoloaca]; Mantasoa; Manjakandriana,-19.03333,47.91667,1409.0,,,,https://www.antweb.org/images/casent0101299/casent0101299_p_1_high.jpg,casent0101299 profile view 1,April Nobile,Attribution-ShareAlike (BY-SA) Creative Commons License and GNU Free Documentation License (GFDL),"California Academy of Sciences, 2000-2007",GEODETIC_DATUM_ASSUMED_WGS84;CONTINENT_DERIVED_FROM_COORDINATES;COLLECTION_MATCH_NONE;INSTITUTION_MATCH_FUZZY,Nylanderia,1,data/images/Nylanderia/casent0101299_p.jpg,commons,train
865114373,CAS:ANTWEB:casent0101300,casent0101300,casent0101300,p,4673740,Nylanderia,formicinae,,"Nylanderia Emery, 1906",,GENUS,,worker,Syntype,Antananarivo,[Andrangoloaca]; Mantasoa; Manjakandriana,-19.03333,47.91667,1409.0,,,,https://www.antweb.org/images/casent0101300/casent0101300_p_1_high.jpg,casent0101300 profile view 1,April Nobile,Attribution-ShareAlike (BY-SA) Creative Commons License and GNU Free Documentation License (GFDL),"California Academy of Sciences, 2000-2008",GEODETIC_DATUM_ASSUMED_WGS84;CONTINENT_DERIVED_FROM_COORDINATES;COLLECTION_MATCH_NONE;INSTITUTION_MATCH_FUZZY,Nylanderia,1,data/images/Nylanderia/casent0101300_p.jpg,commons,test
865114583,CAS:ANTWEB:casent0101311,casent0101311,casent0101311,p,4673740,Nylanderia,formicinae,Nylanderia amblyops,Nylanderia amblyops,,SPECIES,,worker,Syntype,Toamasina,[Mangoro ufer]; Ambohibary; Moramanga,-18.8833,48.1167,861.0,,,,https://www.antweb.org/images/casent0101311/casent0101311_p_1_high.jpg,casent0101311 profile view 1,April Nobile,Attribution-ShareAlike (BY-SA) Creative Commons License and GNU Free Documentation License (GFDL),"California Academy of Sciences, 2000-2007",GEODETIC_DATUM_ASSUMED_WGS84;CONTINENT_DERIVED_FROM_COORDINATES;COLLECTION_MATCH_NONE;INSTITUTION_MATCH_FUZZY,Nylanderia,1,data/images/Nylanderia/casent0101311_p.jpg,commons,train
865114601,CAS:ANTWEB:casent0101312,casent0101312,casent0101312,p,4673740,Nylanderia,formicinae,Nylanderia amblyops,Nylanderia amblyops,,SPECIES,,worker,Syntype,Toamasina,[Mangoro ufer]; Ambohibary; Moramanga,-18.8833,48.1167,861.0,,,,https://www.antweb.org/images/casent0101312/casent0101312_p_1_high.jpg,casent0101312 profile view 1,April Nobile,Attribution-ShareAlike (BY-SA) Creative Commons License and GNU Free Documentation License (GFDL),"California Academy of Sciences, 2000-2007",GEODETIC_DATUM_ASSUMED_WGS84;CONTINENT_DERIVED_FROM_COORDINATES;COLLECTION_MATCH_NONE;INSTITUTION_MATCH_FUZZY,Nylanderia,1,data/images/Nylanderia/casent0101312_p.jpg,commons,train
865114651,CAS:ANTWEB:casent0101315,casent0101315,casent0101315,p,4673740,Nylanderia,formicinae,Nylanderia humbloti,Nylanderia humbloti,,SPECIES,,worker,,Antananarivo,[Madagascar]; Ambatomanjaka; Miarinarivo,-18.76695,46.86911,1343.0,,Humblot,,https://www.antweb.org/images/casent0101315/casent0101315_p_1_high.jpg,casent0101315 profile view 1,April Nobile,Attribution-ShareAlike (BY-SA) Creative Commons License and GNU Free Documentation License (GFDL),"California Academy of Sciences, 2000-2008",GEODETIC_DATUM_ASSUMED_WGS84;CONTINENT_DERIVED_FROM_COORDINATES;COLLECTION_MATCH_NONE;INSTITUTION_MATCH_FUZZY,Nylanderia,1,data/images/Nylanderia/casent0101315_p.jpg,commons,train
865114669,CAS:ANTWEB:casent0101316,casent0101316,casent0101316,p,4673740,Nylanderia,formicinae,Nylanderia humbloti,Nylanderia humbloti,,SPECIES,,worker,Syntype,Antananarivo,[Madagascar]; Ambatomanjaka; Miarinarivo,-18.76695,46.86911,1343.0,,Humblot,,https://www.antweb.org/images/casent0101316/casent0101316_p_1_high.jpg,casent0101316 profile view 1,April Nobile,Attribution-ShareAlike (BY-SA) Creative Commons License and GNU Free Documentation License (GFDL),"California Academy of Sciences, 2000-2007",GEODETIC_DATUM_ASSUMED_WGS84;CONTINENT_DERIVED_FROM_COORDINATES;COLLECTION_MATCH_NONE;INSTITUTION_MATCH_FUZZY,Nylanderia,1,data/images/Nylanderia/casent0101316_p.jpg,gbif_cache,test
865114686,CAS:ANTWEB:casent0101318,casent0101318,casent0101318,p,4673740,Nylanderia,formicinae,Nylanderia madagascarensis,"Nylanderia madagascarensis (Forel, 1886)",,SPECIES,,worker,Syntype,Antsiranana,[Nossi bé]; Nosy be; Nosibe,-13.29167,48.25833,146.0,,C. Keller,,https://www.antweb.org/images/casent0101318/casent0101318_p_1_high.jpg,casent0101318 profile view 1,April Nobile,Attribution-ShareAlike (BY-SA) Creative Commons License and GNU Free Documentation License (GFDL),"California Academy of Sciences, 2000-2007",GEODETIC_DATUM_ASSUMED_WGS84;CONTINENT_DERIVED_FROM_COORDINATES;COLLECTION_MATCH_NONE;INSTITUTION_MATCH_FUZZY,Nylanderia,1,data/images/Nylanderia/casent0101318_p.jpg,commons,train
865114702,CAS:ANTWEB:casent0101319,casent0101319,casent0101319,p,4673740,Nylanderia,formicinae,Nylanderia madagascarensis,"Nylanderia madagascarensis (Forel, 1886)",,SPECIES,,worker,Syntype,Antsiranana,[Nossi bé]; Nosy be; Nosibe,-13.29167,48.25833,146.0,,C. Keller,,https://www.antweb.org/images/casent0101319/casent0101319_p_1_high.jpg,casent0101319 profile view 1,April Nobile,Attribution-ShareAlike (BY-SA) Creative Commons License and GNU Free Documentation License (GFDL),"California Academy of Sciences, 2000-2008",GEODETIC_DATUM_ASSUMED_WGS84;CONTINENT_DERIVED_FROM_COORDINATES;COLLECTION_MATCH_NONE;INSTITUTION_MATCH_FUZZY,Nylanderia,1,data/images/Nylanderia/casent0101319_p.jpg,commons,train
865114720,CAS:ANTWEB:casent0101320,casent0101320,casent0101320,p,4673740,Nylanderia,formicinae,Nylanderia madagascarensis,"Nylanderia madagascarensis (Forel, 1886)",,SPECIES,,worker,Syntype,Antsiranana,[Nossi bé]; Nosy be; Nosibe,-13.29167,48.25833,146.0,,C. Keller,,https://www.antweb.org/images/casent0101320/casent0101320_p_1_high.jpg,casent0101320 profile view 1,April Nobile,Attribution-ShareAlike (BY-SA) Creative Commons License and GNU Free Documentation License (GFDL),"California Academy of Sciences, 2000-2008",GEODETIC_DATUM_ASSUMED_WGS84;CONTINENT_DERIVED_FROM_COORDINATES;COLLECTION_MATCH_NONE;INSTITUTION_MATCH_FUZZY,Nylanderia,1,data/images/Nylanderia/casent0101320_p.jpg,commons,train
865114736,CAS:ANTWEB:casent0101321,casent0101321,casent0101321,p,1321654,Pheidole,myrmicinae,Pheidole petax,"Pheidole petax Forel, 1895",,SPECIES,,worker,,Antananarivo,[Centr Madag]; Ambatomanjaka; Miarinarivo,-18.76695,46.86911,1343.0,,,,https://www.antweb.org/images/casent0101321/casent0101321_p_1_high.jpg,casent0101321 profile view 1,April Nobile,Attribution-ShareAlike (BY-SA) Creative Commons License and GNU Free Documentation License (GFDL),"California Academy of Sciences, 2000-2008",GEODETIC_DATUM_ASSUMED_WGS84;CONTINENT_DERIVED_FROM_COORDINATES;COLLECTION_MATCH_NONE;INSTITUTION_MATCH_FUZZY,Pheidole,1,data/images/Pheidole/casent0101321_p.jpg,commons,train
865114753,CAS:ANTWEB:casent0101322,casent0101322,casent0101322,p,1321654,Pheidole,myrmicinae,Pheidole petax,"Pheidole petax Forel, 1895",,SPECIES,,worker,Syntype,Antananarivo,[Centr Madag]; Ambatomanjaka; Miarinarivo,-18.76695,46.86911,1343.0,,,,https://www.antweb.org/images/casent0101322/casent0101322_p_1_high.jpg,casent0101322 profile view 1,April Nobile,Attribution-ShareAlike (BY-SA) Creative Commons License and GNU Free Documentation License (GFDL),"California Academy of Sciences, 2000-2008",GEODETIC_DATUM_ASSUMED_WGS84;CONTINENT_DERIVED_FROM_COORDINATES;COLLECTION_MATCH_NONE;INSTITUTION_MATCH_FUZZY,Pheidole,1,data/images/Pheidole/casent0101322_p.jpg,commons,train
865114769,CAS:ANTWEB:casent0101323,casent0101323,casent0101323,p,1321654,Pheidole,myrmicinae,Pheidole nemoralis,"Pheidole nemoralis Forel, 1892",,SPECIES,,worker,,Antananarivo,[Andrangoloaca]; Mantasoa; Manjakandriana,-19.033333,47.916668,1409.0,,,,https://www.antweb.org/images/casent0101323/casent0101323_p_1_high.jpg,casent0101323 profile view 1,Nick Olgeirson,Attribution-ShareAlike (BY-SA) Creative Commons License and GNU Free Documentation License (GFDL),"California Academy of Sciences, 2000-2008",GEODETIC_DATUM_ASSUMED_WGS84;CONTINENT_DERIVED_FROM_COORDINATES;COLLECTION_MATCH_NONE;INSTITUTION_MATCH_FUZZY,Pheidole,1,data/images/Pheidole/casent0101323_p.jpg,commons,train
865114782,CAS:ANTWEB:casent0101324,casent0101324,casent0101324,p,1321654,Pheidole,myrmicinae,Pheidole nemoralis,"Pheidole nemoralis Forel, 1892",,SPECIES,,worker,Syntype,Antananarivo,[Andrangoloaca]; Mantasoa; Manjakandriana,-19.033333,47.916668,1409.0,,,,https://www.antweb.org/images/casent0101324/casent0101324_p_1_high.jpg,casent0101324 profile view 1,Nick Olgeirson,Attribution-ShareAlike (BY-SA) Creative Commons License and GNU Free Documentation License (GFDL),"California Academy of Sciences, 2000-2008",GEODETIC_DATUM_ASSUMED_WGS84;CONTINENT_DERIVED_FROM_COORDINATES;COLLECTION_MATCH_NONE;INSTITUTION_MATCH_FUZZY,Pheidole,1,data/images/Pheidole/casent0101324_p.jpg,commons,train
865114811,CAS:ANTWEB:casent0101326,casent0101326,casent0101326,p,1321654,Pheidole,myrmicinae,Pheidole indica,"Pheidole indica Mayr, 1879",,SPECIES,,worker,Syntype,Mahajanga,[Majanga W. Madagascar]; Madirovalo; Ambato-Boina,-16.52388,46.51626,23.0,,,,https://www.antweb.org/images/casent0101326/casent0101326_p_1_high.jpg,casent0101326 profile view 1,Nick Olgeirson,Attribution-ShareAlike (BY-SA) Creative Commons License and GNU Free Documentation License (GFDL),"California Academy of Sciences, 2000-2008",GEODETIC_DATUM_ASSUMED_WGS84;CONTINENT_DERIVED_FROM_COORDINATES;COLLECTION_MATCH_NONE;INSTITUTION_MATCH_FUZZY,Pheidole,1,data/images/Pheidole/casent0101326_p.jpg,commons,train
865114826,CAS:ANTWEB:casent0101327,casent0101327,casent0101327,p,1321654,Pheidole,myrmicinae,Pheidole indica,"Pheidole indica Mayr, 1879",,SPECIES,,worker,Syntype,Mahajanga,[Majanga W. Madagascar]; Madirovalo; Ambato-Boina,-16.52388,46.51626,23.0,,,,https://www.antweb.org/images/casent0101327/casent0101327_p_1_high.jpg,casent0101327 profile view 1,Nick Olgeirson,Attribution-ShareAlike (BY-SA) Creative Commons License and GNU Free Documentation License (GFDL),"California Academy of Sciences, 2000-2008",GEODETIC_DATUM_ASSUMED_WGS84;CONTINENT_DERIVED_FROM_COORDINATES;COLLECTION_MATCH_NONE;INSTITUTION_MATCH_FUZZY,Pheidole,1,data/images/Pheidole/casent0101327_p.jpg,commons,train
865114841,CAS:ANTWEB:casent0101328,casent0101328,casent0101328,p,1321654,Pheidole,myrmicinae,Pheidole bessonii,"Pheidole bessonii Forel, 1891",,SPECIES,,worker,,Fianarantsoa,[Fianarantsoa]; 2eme Arrondissement; Fianarantsoa Urban,-21.433332,47.083332,1160.0,,Gietlen,,https://www.antweb.org/images/casent0101328/casent0101328_p_1_high.jpg,casent0101328 profile view 1,April Nobile,Attribution-ShareAlike (BY-SA) Creative Commons License and GNU Free Documentation License (GFDL),"California Academy of Sciences, 2000-2008",GEODETIC_DATUM_ASSUMED_WGS84;CONTINENT_DERIVED_FROM_COORDINATES;COLLECTION_MATCH_NONE;INSTITUTION_MATCH_FUZZY,Pheidole,1,data/images/Pheidole/casent0101328_p.jpg,commons,train
865114855,CAS:ANTWEB:casent0101329,casent0101329,casent0101329,p,1321654,Pheidole,myrmicinae,Pheidole bessonii,"Pheidole bessonii Forel, 1891",,SPECIES,,worker,Syntype,Fianarantsoa,[Fianarantsoa]; 2eme Arrondissement; Fianarantsoa Urban,-21.433332,47.083332,1160.0,,Gietlen,,https://www.antweb.org/images/casent0101329/casent0101329_p_1_high.jpg,casent0101329 profile view 1,April Nobile,Attribution-ShareAlike (BY-SA) Creative Commons License and GNU Free Documentation License (GFDL),"California Academy of Sciences, 2000-2008",GEODETIC_DATUM_ASSUMED_WGS84;CONTINENT_DERIVED_FROM_COORDINATES;COLLECTION_MATCH_NONE;INSTITUTION_MATCH_FUZZY,Pheidole,1,data/images/Pheidole/casent0101329_p.jpg,commons,train
865114873,CAS:ANTWEB:casent0101330,casent0101330,casent0101330,p,1321654,Pheidole,myrmicinae,Pheidole spinosa,"Pheidole spinosa Forel, 1891",,SPECIES,,worker,Lectotype,Antananarivo,[antananarivo]; Ambatomanjaka; Miarinarivo,-18.705147,46.825283,1399.0,,Camboué,S. Salata,https://www.antweb.org/images/casent0101330/casent0101330_p_1_high.jpg,casent0101330 profile view 1,Nick Olgeirson,Attribution-ShareAlike (BY-SA) Creative Commons License and GNU Free Documentation License (GFDL),"California Academy of Sciences, 2000-2008",GEODETIC_DATUM_ASSUMED_WGS84;CONTINENT_DERIVED_FROM_COORDINATES;COLLECTION_MATCH_NONE;INSTITUTION_MATCH_FUZZY,Pheidole,1,data/images/Pheidole/casent0101330_p.jpg,commons,test
865114892,CAS:ANTWEB:casent0101331,casent0101331,casent0101331,p,1321654,Pheidole,myrmicinae,Pheidole spinosa,"Pheidole spinosa Forel, 1891",,SPECIES,,worker,Paralectotype,Antananarivo,[antananarivo]; Ambatomanjaka; Miarinarivo,-18.705147,46.825283,1399.0,,Camboué,S. Salata,https://www.antweb.org/images/casent0101331/casent0101331_p_1_high.jpg,casent0101331 profile view 1,Nick Olgeirson,Attribution-ShareAlike (BY-SA) Creative Commons License and GNU Free Documentation License (GFDL),"California Academy of Sciences, 2000-2008",GEODETIC_DATUM_ASSUMED_WGS84;CONTINENT_DERIVED_FROM_COORDINATES;COLLECTION_MATCH_NONE;INSTITUTION_MATCH_FUZZY,Pheidole,1,data/images/Pheidole/casent0101331_p.jpg,commons,test
865114930,CAS:ANTWEB:casent0101333,casent0101333,casent0101333,p,1321654,Pheidole,myrmicinae,Pheidole spinosa,"Pheidole spinosa Forel, 1891",,SPECIES,,worker,Paralectotype,Fianarantsoa,[Fianarantsoa]; 2eme Arrondissement; Fianarantsoa Urban,-21.433332,47.083332,1160.0,,Gietlen,E.M. Sarnat,https://www.antweb.org/images/casent0101333/casent0101333_p_1_high.jpg,casent0101333 profile view 1,Michele Esposito,Attribution-ShareAlike (BY-SA) Creative Commons License and GNU Free Documentation License (GFDL),"California Academy of Sciences, 2000-2008",GEODETIC_DATUM_ASSUMED_WGS84;CONTINENT_DERIVED_FROM_COORDINATES;COLLECTION_MATCH_NONE;INSTITUTION_MATCH_FUZZY,Pheidole,1,data/images/Pheidole/casent0101333_p.jpg,commons,train
865113955,CAS:ANTWEB:casent0101334,casent0101334,casent0101334,p,1312361,Camponotus,formicinae,Camponotus maculatus,"Camponotus maculatus (Fabricius, 1782)",,SPECIES,,worker,,Antananarivo,[Andrangoloaka]; Mantasoa; Manjakandriana,-19.033333,47.916668,1409.0,,Sikora,,https://www.antweb.org/images/casent0101334/casent0101334_p_1_high.jpg,casent0101334 profile view 1,April Nobile,Attribution-ShareAlike (BY-SA) Creative Commons License and GNU Free Documentation License (GFDL),"California Academy of Sciences, 2000-2008",GEODETIC_DATUM_ASSUMED_WGS84;CONTINENT_DERIVED_FROM_COORDINATES;COLLECTION_MATCH_NONE;INSTITUTION_MATCH_FUZZY,Camponotus,1,data/images/Camponotus/casent0101334_p.jpg,commons,train
865113978,CAS:ANTWEB:casent0101335,casent0101335,casent0101335,p,1312361,Camponotus,formicinae,Camponotus hovahovoides,"Camponotus hovahovoides Forel, 2022",,SPECIES,,worker,Lectotype,Antananarivo,[Andrangoloaka]; Mantasoa; Manjakandriana,-19.033333,47.916668,1409.0,,Sikora,,https://www.antweb.org/images/casent0101335/casent0101335_p_1_high.jpg,casent0101335 profile view 1,April Nobile,Attribution-ShareAlike (BY-SA) Creative Commons License and GNU Free Documentation License (GFDL),"California Academy of Sciences, 2000-2007",GEODETIC_DATUM_ASSUMED_WGS84;CONTINENT_DERIVED_FROM_COORDINATES;COLLECTION_MATCH_NONE;INSTITUTION_MATCH_FUZZY,Camponotus,1,data/images/Camponotus/casent0101335_p.jpg,commons,train
865114005,CAS:ANTWEB:casent0101336,casent0101336,casent0101336,p,1312361,Camponotus,formicinae,Camponotus hovahovoides,"Camponotus hovahovoides Forel, 2022",,SPECIES,,worker,,Antananarivo,[Antananarivo]; Ambatomanjaka; Miarinarivo,-18.705147,46.825283,1399.0,,P. Camboué,,https://www.antweb.org/images/casent0101336/casent0101336_p_1_high.jpg,casent0101336 profile view 1,April Nobile,Attribution-ShareAlike (BY-SA) Creative Commons License and GNU Free Documentation License (GFDL),"California Academy of Sciences, 2000-2007",GEODETIC_DATUM_ASSUMED_WGS84;CONTINENT_DERIVED_FROM_COORDINATES;COLLECTION_MATCH_NONE;INSTITUTION_MATCH_FUZZY,Camponotus,1,data/images/Camponotus/casent0101336_p.jpg,commons,train
865114032,CAS:ANTWEB:casent0101337,casent0101337,casent0101337,p,1312361,Camponotus,formicinae,Camponotus hovahovoides,"Camponotus hovahovoides Forel, 2022",,SPECIES,,worker,Paralectotype,Antananarivo,[Antananarivo]; Ambatomanjaka; Miarinarivo,-18.705147,46.825283,1399.0,,P. Camboué,,https://www.antweb.org/images/casent0101337/casent0101337_p_1_high.jpg,casent0101337 profile view 1,April Nobile,Attribution-ShareAlike (BY-SA) Creative Commons License and GNU Free Documentation License (GFDL),"California Academy of Sciences, 2000-2007",GEODETIC_DATUM_ASSUMED_WGS84;CONTINENT_DERIVED_FROM_COORDINATES;COLLECTION_MATCH_NONE;INSTITUTION_MATCH_FUZZY,Camponotus,1,data/images/Camponotus/casent0101337_p.jpg,commons,train
865114061,CAS:ANTWEB:casent0101338,casent0101338,casent0101338,p,1312361,Camponotus,formicinae,Camponotus strangulatus,"Camponotus strangulatus Santschi, 1911",,SPECIES,,worker,Paralectotype,Antsiranana,[Nosibé]; Nosy be; Nosibe,-13.291667,48.25833,146.0,,Voeltzkow,,https://www.antweb.org/images/casent0101338/casent0101338_p_1_high.jpg,casent0101338 profile view 1,April Nobile,Attribution-ShareAlike (BY-SA) Creative Commons License and GNU Free Documentation License (GFDL),"California Academy of Sciences, 2000-2007",GEODETIC_DATUM_ASSUMED_WGS84;CONTINENT_DERIVED_FROM_COORDINATES;COLLECTION_MATCH_NONE;INSTITUTION_MATCH_FUZZY,Camponotus,1,data/images/Camponotus/casent0101338_p.jpg,commons,test
865114086,CAS:ANTWEB:casent0101339,casent0101339,casent0101339,p,1312361,Camponotus,formicinae,Camponotus strangulatus,"Camponotus strangulatus Santschi, 1911",,SPECIES,,worker,Paralectotype,Antsiranana,[Nosibé]; Nosy be; Nosibe,-13.291667,48.25833,146.0,,Voeltzkow,,https://www.antweb.org/images/casent0101339/casent0101339_p_1_high.jpg,casent0101339 profile view 1,April Nobile,Attribution-ShareAlike (BY-SA) Creative Commons License and GNU Free Documentation License (GFDL),"California Academy of Sciences, 2000-2007",GEODETIC_DATUM_ASSUMED_WGS84;CONTINENT_DERIVED_FROM_COORDINATES;COLLECTION_MATCH_NONE;INSTITUTION_MATCH_FUZZY,Camponotus,1,data/images/Camponotus/casent0101339_p.jpg,commons,train
865114170,CAS:ANTWEB:casent0101342,casent0101342,casent0101342,p,1312361,Camponotus,formicinae,Camponotus boivini,"Camponotus boivini Forel, 2022",,SPECIES,,worker,Paralectotype,Antananarivo,[Madagascar]; Ambatomanjaka; Miarinarivo,-18.76695,46.86911,1343.0,,Sikora,,https://www.antweb.org/images/casent0101342/casent0101342_p_1_high.jpg,casent0101342 profile view 1,April Nobile,Attribution-ShareAlike (BY-SA) Creative Commons License and GNU Free Documentation License (GFDL),"California Academy of Sciences, 2000-2008",GEODETIC_DATUM_ASSUMED_WGS84;CONTINENT_DERIVED_FROM_COORDINATES;COLLECTION_MATCH_NONE;INSTITUTION_MATCH_FUZZY,Camponotus,1,data/images/Camponotus/casent0101342_p.jpg,commons,train
865114195,CAS:ANTWEB:casent0101343,casent0101343,casent0101343,p,1312361,Camponotus,formicinae,Camponotus boivini,"Camponotus boivini Forel, 2022",,SPECIES,,worker,Lectotype,Antananarivo,[Madagascar]; Ambatomanjaka; Miarinarivo,-18.76695,46.86911,1343.0,,Sikora,,https://www.antweb.org/images/casent0101343/casent0101343_p_1_high.jpg,casent0101343 profile view 1,April Nobile,Attribution-ShareAlike (BY-SA) Creative Commons License and GNU Free Documentation License (GFDL),"California Academy of Sciences, 2000-2008",GEODETIC_DATUM_ASSUMED_WGS84;CONTINENT_DERIVED_FROM_COORDINATES;COLLECTION_MATCH_NONE;INSTITUTION_MATCH_FUZZY,Camponotus,1,data/images/Camponotus/casent0101343_p.jpg,commons,train
865114271,CAS:ANTWEB:casent0101346,casent0101346,casent0101346,p,1312361,Camponotus,formicinae,Camponotus radamae,"Camponotus radamae Forel, 1891",,SPECIES,,worker,Paralectotype,Toamasina,[Ivondro p. Tamatavé]; Antenina; Toamasina Rural,-18.23333,49.36667,14.0,,,N. Rasoamanana,https://www.antweb.org/images/casent0101346/casent0101346_p_1_high.jpg,casent0101346 profile view 1,April Nobile,Attribution-ShareAlike (BY-SA) Creative Commons License and GNU Free Documentation License (GFDL),"California Academy of Sciences, 2000-2008",GEODETIC_DATUM_ASSUMED_WGS84;CONTINENT_DERIVED_FROM_COORDINATES;COLLECTION_MATCH_NONE;INSTITUTION_MATCH_FUZZY,Camponotus,1,data/images/Camponotus/casent0101346_p.jpg,commons,test
865114301,CAS:ANTWEB:casent0101347,casent0101347,casent0101347,p,1312361,Camponotus,formicinae,Camponotus radamae,"Camponotus radamae Forel, 1891",,SPECIES,,worker,Paralectotype,Toamasina,[Ivondro p. Tamatavé]; Antenina; Toamasina Rural,-18.23333,49.36667,14.0,,,N. Rasoamanana,https://www.antweb.org/images/casent0101347/casent0101347_p_1_high.jpg,casent0101347 profile view 1,April Nobile,Attribution-ShareAlike (BY-SA) Creative Commons License and GNU Free Documentation License (GFDL),"California Academy of Sciences, 2000-2008",GEODETIC_DATUM_ASSUMED_WGS84;CONTINENT_DERIVED_FROM_COORDINATES;COLLECTION_MATCH_NONE;INSTITUTION_MATCH_FUZZY,Camponotus,1,data/images/Camponotus/casent0101347_p.jpg,commons,test
865114327,CAS:ANTWEB:casent0101348,casent0101348,casent0101348,p,1312361,Camponotus,formicinae,Camponotus boivini,"Camponotus boivini Forel, 2022",,SPECIES,,worker,Paralectotype,Antananarivo,[Madagascar]; Ambatomanjaka; Miarinarivo,-18.76695,46.86911,1343.0,,Sikora,,https://www.antweb.org/images/casent0101348/casent0101348_p_1_high.jpg,casent0101348 profile view 1,April Nobile,Attribution-ShareAlike (BY-SA) Creative Commons License and GNU Free Documentation License (GFDL),"California Academy of Sciences, 2000-2008",GEODETIC_DATUM_ASSUMED_WGS84;CONTINENT_DERIVED_FROM_COORDINATES;COLLECTION_MATCH_NONE;INSTITUTION_MATCH_FUZZY,Camponotus,1,data/images/Camponotus/casent0101348_p.jpg,commons,train
865114354,CAS:ANTWEB:casent0101349,casent0101349,casent0101349,p,1312361,Camponotus,formicinae,Camponotus boivini,"Camponotus boivini Forel, 2022",,SPECIES,,worker,Paralectotype,Antananarivo,[Madagascar]; Ambatomanjaka; Miarinarivo,-18.76695,46.86911,1343.0,,Sikora,,https://www.antweb.org/images/casent0101349/casent0101349_p_1_high.jpg,casent0101349 profile view 1,April Nobile,Attribution-ShareAlike (BY-SA) Creative Commons License and GNU Free Documentation License (GFDL),"California Academy of Sciences, 2000-2008",GEODETIC_DATUM_ASSUMED_WGS84;CONTINENT_DERIVED_FROM_COORDINATES;COLLECTION_MATCH_NONE;INSTITUTION_MATCH_FUZZY,Camponotus,1,data/images/Camponotus/casent0101349_p.jpg,commons,train
865114377,CAS:ANTWEB:casent0101350,casent0101350,casent0101350,p,1312361,Camponotus,formicinae,Camponotus cervicalis,"Camponotus cervicalis Roger, 1863",,SPECIES,,worker,Lectotype,Toamasina,[Ste. Marie de Madagascar]; Lonkintsy; Nosy-Boraha (St. Marie),-16.903694,49.91124,24.0,,Forel,,https://www.antweb.org/images/casent0101350/casent0101350_p_1_high.jpg,casent0101350 profile view 1,April Nobile,Attribution-ShareAlike (BY-SA) Creative Commons License and GNU Free Documentation License (GFDL),"California Academy of Sciences, 2000-2008",GEODETIC_DATUM_ASSUMED_WGS84;CONTINENT_DERIVED_FROM_COORDINATES;COLLECTION_MATCH_NONE;INSTITUTION_MATCH_FUZZY,Camponotus,1,data/images/Camponotus/casent0101350_p.jpg,commons,train
865114400,CAS:ANTWEB:casent0101351,casent0101351,casent0101351,p,1312361,Camponotus,formicinae,Camponotus cervicalis,"Camponotus cervicalis Roger, 1863",,SPECIES,,worker,Paralectotype,Toamasina,[Ste. Marie]; Lonkintsy; Nosy-Boraha (St. Marie),-16.903694,49.91124,24.0,,,,https://www.antweb.org/images/casent0101351/casent0101351_p_1_high.jpg,casent0101351 profile view 1,April Nobile,Attribution-ShareAlike (BY-SA) Creative Commons License and GNU Free Documentation License (GFDL),"California Academy of Sciences, 2000-2008",GEODETIC_DATUM_ASSUMED_WGS84;CONTINENT_DERIVED_FROM_COORDINATES;COLLECTION_MATCH_NONE;INSTITUTION_MATCH_FUZZY,Camponotus,1,data/images/Camponotus/casent0101351_p.jpg,commons,test
865114425,CAS:ANTWEB:casent0101352,casent0101352,casent0101352,p,1312361,Camponotus,formicinae,Camponotus maculatus,"Camponotus maculatus (Fabricius, 1782)",,SPECIES,,worker,,Mahajanga,[Moyanga]; Madirovalo; Ambato-Boina,-16.52388,46.51626,23.0,,,,https://www.antweb.org/images/casent0101352/casent0101352_p_1_high.jpg,casent0101352 profile view 1,April Nobile,Attribution-ShareAlike (BY-SA) Creative Commons License and GNU Free Documentation License (GFDL),"California Academy of Sciences, 2000-2008",GEODETIC_DATUM_ASSUMED_WGS84;CONTINENT_DERIVED_FROM_COORDINATES;COLLECTION_MATCH_NONE;INSTITUTION_MATCH_FUZZY,Camponotus,1,data/images/Camponotus/casent0101352_p.jpg,commons,train
865114443,CAS:ANTWEB:casent0101353,casent0101353,casent0101353,p,1312361,Camponotus,formicinae,Camponotus maculatus,"Camponotus maculatus (Fabricius, 1782)",,SPECIES,,worker,,Mahajanga,[Moyanga]; Madirovalo; Ambato-Boina,-16.52388,46.51626,23.0,,,,https://www.antweb.org/images/casent0101353/casent0101353_p_1_high.jpg,casent0101353 profile view 1,April Nobile,Attribution-ShareAlike (BY-SA) Creative Commons License and GNU Free Documentation License (GFDL),"California Academy of Sciences, 2000-2008",GEODETIC_DATUM_ASSUMED_WGS84;CONTINENT_DERIVED_FROM_COORDINATES;COLLECTION_MATCH_NONE;INSTITUTION_MATCH_FUZZY,Camponotus,1,data/images/Camponotus/casent0101353_p.jpg,commons,train
865114473,CAS:ANTWEB:casent0101354,casent0101354,casent0101354,p,1312361,Camponotus,formicinae,Camponotus maculatus,"Camponotus maculatus (Fabricius, 1782)",,SPECIES,,worker,,Mahajanga,[Moyanga]; Madirovalo; Ambato-Boina,-16.52388,46.51626,23.0,,,,https://www.antweb.org/images/casent0101354/casent0101354_p_1_high.jpg,casent0101354 profile view 1,April Nobile,Attribution-ShareAlike (BY-SA) Creative Commons License and GNU Free Documentation License (GFDL),"California Academy of Sciences, 2000-2008",GEODETIC_DATUM_ASSUMED_WGS84;CONTINENT_DERIVED_FROM_COORDINATES;COLLECTION_MATCH_NONE;INSTITUTION_MATCH_FUZZY,Camponotus,1,data/images/Camponotus/casent0101354_p.jpg,commons,train
865114507,CAS:ANTWEB:casent0101356,casent0101356,casent0101356,p,1312361,Camponotus,formicinae,Camponotus maculatus,"Camponotus maculatus (Fabricius, 1782)",,SPECIES,,worker,,Antananarivo,[Andrangoloaka]; Mantasoa; Manjakandriana,-19.033333,47.916668,1409.0,,Sikora,,https://www.antweb.org/images/casent0101356/casent0101356_p_1_high.jpg,casent0101356 profile view 1,April Nobile,Attribution-ShareAlike (BY-SA) Creative Commons License and GNU Free Documentation License (GFDL),"California Academy of Sciences, 2000-2008",GEODETIC_DATUM_ASSUMED_WGS84;CONTINENT_DERIVED_FROM_COORDINATES;COLLECTION_MATCH_NONE;INSTITUTION_MATCH_FUZZY,Camponotus,1,data/images/Camponotus/casent0101356_p.jpg,commons,train
865114529,CAS:ANTWEB:casent0101357,casent0101357,casent0101357,p,1312361,Camponotus,formicinae,Camponotus concolor,"Camponotus concolor Forel, 1891",,SPECIES,,worker,,Antananarivo,[Andrangoloaka]; Mantasoa; Manjakandriana,-19.033333,47.916668,1409.0,,Sikora,,https://www.antweb.org/images/casent0101357/casent0101357_p_1_high.jpg,casent0101357 profile view 1,April Nobile,Attribution-ShareAlike (BY-SA) Creative Commons License and GNU Free Documentation License (GFDL),"California Academy of Sciences, 2000-2008",GEODETIC_DATUM_ASSUMED_WGS84;CONTINENT_DERIVED_FROM_COORDINATES;COLLECTION_MATCH_NONE;INSTITUTION_MATCH_FUZZY,Camponotus,1,data/images/Camponotus/casent0101357_p.jpg,commons,train
865114546,CAS:ANTWEB:casent0101358,casent0101358,casent0101358,p,1312361,Camponotus,formicinae,Camponotus concolor,"Camponotus concolor Forel, 1891",,SPECIES,,worker,,Antananarivo,[Andrangoloaka]; Mantasoa; Manjakandriana,-19.033333,47.916668,1409.0,,Sikora,,https://www.antweb.org/images/casent0101358/casent0101358_p_1_high.jpg,casent0101358 profile view 1,Nick Olgeirson,Attribution-ShareAlike (BY-SA) Creative Commons License and GNU Free Documentation License (GFDL),"California Academy of Sciences, 2000-2008",GEODETIC_DATUM_ASSUMED_WGS84;CONTINENT_DERIVED_FROM_COORDINATES;COLLECTION_MATCH_NONE;INSTITUTION_MATCH_FUZZY,Camponotus,1,data/images/Camponotus/casent0101358_p.jpg,commons,test
865114563,CAS:ANTWEB:casent0101359,casent0101359,casent0101359,p,1312361,Camponotus,formicinae,Camponotus concolor,"Camponotus concolor Forel, 1891",,SPECIES,,worker,,Antananarivo,[Andrangoloaka]; Mantasoa; Manjakandriana,-19.033333,47.916668,1409.0,,Sikora,,https://www.antweb.org/images/casent0101359/casent0101359_p_1_high.jpg,casent0101359 profile view 1,Nick Olgeirson,Attribution-ShareAlike (BY-SA) Creative Commons License and GNU Free Documentation License (GFDL),"California Academy of Sciences, 2000-2008",GEODETIC_DATUM_ASSUMED_WGS84;CONTINENT_DERIVED_FROM_COORDINATES;COLLECTION_MATCH_NONE;INSTITUTION_MATCH_FUZZY,Camponotus,1,data/images/Camponotus/casent0101359_p.jpg,commons,train
865114580,CAS:ANTWEB:casent0101360,casent0101360,casent0101360,p,1312361,Camponotus,formicinae,Camponotus nasicus,"Camponotus nasicus Forel, 1891",,SPECIES,,worker,,Fianarantsoa,[Fianarantsoa]; 2eme Arrondissement; Fianarantsoa Urban,-21.433332,47.083332,1160.0,,,,https://www.antweb.org/images/casent0101360/casent0101360_p_1_high.jpg,casent0101360 profile view 1,April Nobile,Attribution-ShareAlike (BY-SA) Creative Commons License and GNU Free Documentation License (GFDL),"California Academy of Sciences, 2000-2008",GEODETIC_DATUM_ASSUMED_WGS84;CONTINENT_DERIVED_FROM_COORDINATES;COLLECTION_MATCH_NONE;INSTITUTION_MATCH_FUZZY,Camponotus,1,data/images/Camponotus/casent0101360_p.jpg,commons,train
865114614,CAS:ANTWEB:casent0101362,casent0101362,casent0101362,p,1312361,Camponotus,formicinae,Camponotus radovae,"Camponotus radovae Forel, 1886",,SPECIES,,worker,,Antananarivo,[Antananarivo]; Ambatomanjaka; Miarinarivo,-18.705147,46.825283,1399.0,,Camboué,,https://www.antweb.org/images/casent0101362/casent0101362_p_1_high.jpg,casent0101362 profile view 1,Nick Olgeirson,Attribution-ShareAlike (BY-SA) Creative Commons License and GNU Free Documentation License (GFDL),"California Academy of Sciences, 2000-2008",GEODETIC_DATUM_ASSUMED_WGS84;CONTINENT_DERIVED_FROM_COORDINATES;COLLECTION_MATCH_NONE;INSTITUTION_MATCH_FUZZY,Camponotus,1,data/images/Camponotus/casent0101362_p.jpg,commons,train
865114631,CAS:ANTWEB:casent0101363,casent0101363,casent0101363,p,1312361,Camponotus,formicinae,Camponotus radovae,"Camponotus radovae Forel, 1886",,SPECIES,,worker,,Antananarivo,[Antananarivo]; Ambatomanjaka; Miarinarivo,-18.705147,46.825283,1399.0,,Camboué,,https://www.antweb.org/images/casent0101363/casent0101363_p_1_high.jpg,casent0101363 profile view 1,Nick Olgeirson,Attribution-ShareAlike (BY-SA) Creative Commons License and GNU Free Documentation License (GFDL),"California Academy of Sciences, 2000-2008",GEODETIC_DATUM_ASSUMED_WGS84;CONTINENT_DERIVED_FROM_COORDINATES;COLLECTION_MATCH_NONE;INSTITUTION_MATCH_FUZZY,Camponotus,1,data/images/Camponotus/casent0101363_p.jpg,commons,train
865114646,CAS:ANTWEB:casent0101364,casent0101364,casent0101364,p,1312361,Camponotus,formicinae,Camponotus radovae,"Camponotus radovae Forel, 1886",,SPECIES,,worker,,Antananarivo,[Centr Madagascar]; Ambatomanjaka; Miarinarivo,-18.76695,46.86911,1343.0,,Hildebrandt,,https://www.antweb.org/images/casent0101364/casent0101364_p_1_high.jpg,casent0101364 profile view 1,April Nobile,Attribution-ShareAlike (BY-SA) Creative Commons License and GNU Free Documentation License (GFDL),"California Academy of Sciences, 2000-2008",GEODETIC_DATUM_ASSUMED_WGS84;CONTINENT_DERIVED_FROM_COORDINATES;COLLECTION_MATCH_NONE;INSTITUTION_MATCH_FUZZY,Camponotus,1,data/images/Camponotus/casent0101364_p.jpg,commons,train
865114660,CAS:ANTWEB:casent0101365,casent0101365,casent0101365,p,1312361,Camponotus,formicinae,Camponotus imitator,"Camponotus imitator Forel, 1891",,SPECIES,,worker,Lectotype,Toliara,"[Morondava, sw région]",-20.290419,44.299995,6.0,,Grevé,Nicole Rasoamanana,https://www.antweb.org/images/casent0101365/casent0101365_p_1_high.jpg,casent0101365 profile view 1,April Nobile,Attribution-ShareAlike (BY-SA) Creative Commons License and GNU Free Documentation License (GFDL),"California Academy of Sciences, 2000-2008",GEODETIC_DATUM_ASSUMED_WGS84;CONTINENT_DERIVED_FROM_COORDINATES;COLLECTION_MATCH_NONE;INSTITUTION_MATCH_FUZZY,Camponotus,1,data/images/Camponotus/casent0101365_p.jpg,commons,train
865114678,CAS:ANTWEB:casent0101366,casent0101366,casent0101366,p,1312361,Camponotus,formicinae,Camponotus batesii,"Camponotus batesii Forel, 1895",,SPECIES,,worker,,Toamasina,[Moramanga],-18.948902,48.224426,914.0,,Sikora,Nicole Rasoamanana,https://www.antweb.org/images/casent0101366/casent0101366_p_1_high.jpg,casent0101366 profile view 1,April Nobile,Attribution-ShareAlike (BY-SA) Creative Commons License and GNU Free Documentation License (GFDL),"California Academy of Sciences, 2000-2008",GEODETIC_DATUM_ASSUMED_WGS84;CONTINENT_DERIVED_FROM_COORDINATES;COLLECTION_MATCH_NONE;INSTITUTION_MATCH_FUZZY,Camponotus,1,data/images/Camponotus/casent0101366_p.jpg,commons,train
865114699,CAS:ANTWEB:casent0101367,casent0101367,casent0101367,p,1312361,Camponotus,formicinae,Camponotus radovae,"Camponotus radovae Forel, 1886",,SPECIES,,worker,,Antananarivo,[Madagascar]; Ambatomanjaka; Miarinarivo,-18.76695,46.86911,1343.0,,Sikora,N. Rasoamanana,https://www.antweb.org/images/casent0101367/casent0101367_p_1_high.jpg,casent0101367 profile view 1,April Nobile,Attribution-ShareAlike (BY-SA) Creative Commons License and GNU Free Documentation License (GFDL),"California Academy of Sciences, 2000-2008",GEODETIC_DATUM_ASSUMED_WGS84;CONTINENT_DERIVED_FROM_COORDINATES;COLLECTION_MATCH_NONE;INSTITUTION_MATCH_FUZZY,Camponotus,1,data/images/Camponotus/casent0101367_p.jpg,commons,train
865114715,CAS:ANTWEB:casent0101368,casent0101368,casent0101368,p,1312361,Camponotus,formicinae,Camponotus grandidieri,"Camponotus grandidieri Forel, 1886",,SPECIES,,worker,Paralectotype,Antananarivo,[Madagascar]; Ambatomanjaka; Miarinarivo,-18.76695,46.86911,1343.0,,,,https://www.antweb.org/images/casent0101368/casent0101368_p_1_high.jpg,casent0101368 profile view 1,Nick Olgeirson,Attribution-ShareAlike (BY-SA) Creative Commons License and GNU Free Documentation License (GFDL),"California Academy of Sciences, 2000-2008",GEODETIC_DATUM_ASSUMED_WGS84;CONTINENT_DERIVED_FROM_COORDINATES;COLLECTION_MATCH_NONE;INSTITUTION_MATCH_FUZZY,Camponotus,1,data/images/Camponotus/casent0101368_p.jpg,commons,train
865114735,CAS:ANTWEB:casent0101369,casent0101369,casent0101369,p,1312361,Camponotus,formicinae,Camponotus grandidieri,"Camponotus grandidieri Forel, 1886",,SPECIES,,worker,Paralectotype,Antananarivo,[Madagascar]; Ambatomanjaka; Miarinarivo,-18.76695,46.86911,1343.0,,,,https://www.antweb.org/images/casent0101369/casent0101369_p_1_high.jpg,casent0101369 profile view 1,April Nobile,Attribution-ShareAlike (BY-SA) Creative Commons License and GNU Free Documentation License (GFDL),"California Academy of Sciences, 2000-2008",GEODETIC_DATUM_ASSUMED_WGS84;CONTINENT_DERIVED_FROM_COORDINATES;COLLECTION_MATCH_NONE;INSTITUTION_MATCH_FUZZY,Camponotus,1,data/images/Camponotus/casent0101369_p.jpg,commons,train
865114755,CAS:ANTWEB:casent0101370,casent0101370,casent0101370,p,1312361,Camponotus,formicinae,Camponotus grandidieri,"Camponotus grandidieri Forel, 1886",,SPECIES,,worker,Paralectotype,Antananarivo,[Madagascar]; Ambatomanjaka; Miarinarivo,-18.76695,46.86911,1343.0,,,,https://www.antweb.org/images/casent0101370/casent0101370_p_1_high.jpg,casent0101370 profile view 1,April Nobile,Attribution-ShareAlike (BY-SA) Creative Commons License and GNU Free Documentation License (GFDL),"California Academy of Sciences, 2000-2008",GEODETIC_DATUM_ASSUMED_WGS84;CONTINENT_DERIVED_FROM_COORDINATES;COLLECTION_MATCH_NONE;INSTITUTION_MATCH_FUZZY,Camponotus,1,data/images/Camponotus/casent0101370_p.jpg,commons,train
865114798,CAS:ANTWEB:casent0101373,casent0101373,casent0101373,p,1312361,Camponotus,formicinae,Camponotus nossibeensis,"Camponotus nossibeensis Andre, 1887",,SPECIES,,worker,,Antananarivo,[Madagascar]; Ambatomanjaka; Miarinarivo,-18.76695,46.86911,1343.0,,Sautt,,https://www.antweb.org/images/casent0101373/casent0101373_p_1_high.jpg,casent0101373 profile view 1,Nick Olgeirson,Attribution-ShareAlike (BY-SA) Creative Commons License and GNU Free Documentation License (GFDL),"California Academy of Sciences, 2000-2008",GEODETIC_DATUM_ASSUMED_WGS84;CONTINENT_DERIVED_FROM_COORDINATES;COLLECTION_MATCH_NONE;INSTITUTION_MATCH_FUZZY,Camponotus,1,data/images/Camponotus/casent0101373_p.jpg,commons,train
865114813,CAS:ANTWEB:casent0101374,casent0101374,casent0101374,p,1312361,Camponotus,formicinae,Camponotus ursus,"Camponotus ursus Forel, 1886",,SPECIES,,worker,,Antananarivo,[Madagascar]; Ambatomanjaka; Miarinarivo,-18.76695,46.86911,1343.0,,,,https://www.antweb.org/images/casent0101374/casent0101374_p_1_high.jpg,casent0101374 profile view 1,April Nobile,Attribution-ShareAlike (BY-SA) Creative Commons License and GNU Free Documentation License (GFDL),"California Academy of Sciences, 2000-2008",GEODETIC_DATUM_ASSUMED_WGS84;CONTINENT_DERIVED_FROM_COORDINATES;COLLECTION_MATCH_NONE;INSTITUTION_MATCH_FUZZY,Camponotus,1,data/images/Camponotus/casent0101374_p.jpg,commons,train
865114828,CAS:ANTWEB:casent0101375,casent0101375,casent0101375,p,1312361,Camponotus,formicinae,Camponotus ursus,"Camponotus ursus Forel, 1886",,SPECIES,,worker,,Antananarivo,[Madagascar]; Ambatomanjaka; Miarinarivo,-18.76695,46.86911,1343.0,,,,https://www.antweb.org/images/casent0101375/casent0101375_p_1_high.jpg,casent0101375 profile view 1,Nick Olgeirson,Attribution-ShareAlike (BY-SA) Creative Commons License and GNU Free Documentation License (GFDL),"California Academy of Sciences, 2000-2008",GEODETIC_DATUM_ASSUMED_WGS84;CONTINENT_DERIVED_FROM_COORDINATES;COLLECTION_MATCH_NONE;INSTITUTION_MATCH_FUZZY,Camponotus,1,data/images/Camponotus/casent0101375_p.jpg,commons,test
865114844,CAS:ANTWEB:casent0101376,casent0101376,casent0101376,p,1312361,Camponotus,formicinae,Camponotus voeltzkowii,"Camponotus voeltzkowii Forel, 1894",,SPECIES,,worker,Lectotype,Mahajanga,[Majanga]; Madirovalo; Ambato-Boina,-16.52388,46.51626,23.0,,,,https://www.antweb.org/images/casent0101376/casent0101376_p_1_high.jpg,casent0101376 profile view 1,April Nobile,Attribution-ShareAlike (BY-SA) Creative Commons License and GNU Free Documentation License (GFDL),"California Academy of Sciences, 2000-2008",GEODETIC_DATUM_ASSUMED_WGS84;CONTINENT_DERIVED_FROM_COORDINATES;COLLECTION_MATCH_NONE;INSTITUTION_MATCH_FUZZY,Camponotus,1,data/images/Camponotus/casent0101376_p.jpg,commons,test
865114861,CAS:ANTWEB:casent0101377,casent0101377,casent0101377,p,1312361,Camponotus,formicinae,Camponotus voeltzkowii,"Camponotus voeltzkowii Forel, 1894",,SPECIES,,worker,Paralectotype,Mahajanga,[Moyanga]; Madirovalo; Ambato-Boina,-16.52388,46.51626,23.0,,,,https://www.antweb.org/images/casent0101377/casent0101377_p_1_high.jpg,casent0101377 profile view 1,Nick Olgeirson,Attribution-ShareAlike (BY-SA) Creative Commons License and GNU Free Documentation License (GFDL),"California Academy of Sciences, 2000-2008",GEODETIC_DATUM_ASSUMED_WGS84;CONTINENT_DERIVED_FROM_COORDINATES;COLLECTION_MATCH_NONE;INSTITUTION_MATCH_FUZZY,Camponotus,1,data/images/Camponotus/casent0101377_p.jpg,commons,train
865114883,CAS:ANTWEB:casent0101378,casent0101378,casent0101378,p,1312361,Camponotus,formicinae,Camponotus darwinii,"Camponotus darwinii Forel, 1886",,SPECIES,,worker,,Antananarivo,[Madagascar]; Ambatomanjaka; Miarinarivo,-18.76695,46.86911,1343.0,,,,https://www.antweb.org/images/casent0101378/casent0101378_p_1_high.jpg,casent0101378 profile view 1,April Nobile,Attribution-ShareAlike (BY-SA) Creative Commons License and GNU Free Documentation License (GFDL),"California Academy of Sciences, 2000-2008",GEODETIC_DATUM_ASSUMED_WGS84;CONTINENT_DERIVED_FROM_COORDINATES;COLLECTION_MATCH_NONE;INSTITUTION_MATCH_FUZZY,Camponotus,1,data/images/Camponotus/casent0101378_p.jpg,commons,train
865114904,CAS:ANTWEB:casent0101379,casent0101379,casent0101379,p,1312361,Camponotus,formicinae,Camponotus echinoploides,"Camponotus echinoploides Forel, 1891",,SPECIES,,worker,Holotype,Antananarivo,[Madagascar]; Ambatomanjaka; Miarinarivo,-18.76695,46.86911,1343.0,,,,https://www.antweb.org/images/casent0101379/casent0101379_p_1_high.jpg,casent0101379 profile view 1,April Nobile,Attribution-ShareAlike (BY-SA) Creative Commons License and GNU Free Documentation License (GFDL),"California Academy of Sciences, 2000-2008",GEODETIC_DATUM_ASSUMED_WGS84;CONTINENT_DERIVED_FROM_COORDINATES;COLLECTION_MATCH_NONE;INSTITUTION_MATCH_FUZZY,Camponotus,1,data/images/Camponotus/casent0101379_p.jpg,commons,train
865114924,CAS:ANTWEB:casent0101380,casent0101380,casent0101380,p,1312361,Camponotus,formicinae,Camponotus darwinii,"Camponotus darwinii Forel, 1886",,SPECIES,,worker,,Toliara,[Tulear Madagascar S.W]; Beronono; Mahabo,-21.0,45.0,339.0,,Voeltzkow,,https://www.antweb.org/images/casent0101380/casent0101380_p_1_high.jpg,casent0101380 profile view 1,April Nobile,Attribution-ShareAlike (BY-SA) Creative Commons License and GNU Free Documentation License (GFDL),"California Academy of Sciences, 2000-2008",GEODETIC_DATUM_ASSUMED_WGS84;CONTINENT_DERIVED_FROM_COORDINATES;COLLECTION_MATCH_NONE;INSTITUTION_MATCH_FUZZY,Camponotus,1,data/images/Camponotus/casent0101380_p.jpg,commons,train
865114944,CAS:ANTWEB:casent0101381,casent0101381,casent0101381,p,1312361,Camponotus,formicinae,Camponotus themistocles,"Camponotus themistocles (Rasoamanana & Fisher, 2022) Forel, 2022",,SPECIES,,worker,,Toliara,[Fort Dauphin S. E. Madagascar]; Taolagnaro,-25.02,46.9833,2.0,,,,https://www.antweb.org/images/casent0101381/casent0101381_p_1_high.jpg,casent0101381 profile view 1,Nick Olgeirson,Attribution-ShareAlike (BY-SA) Creative Commons License and GNU Free Documentation License (GFDL),"California Academy of Sciences, 2000-2008",GEODETIC_DATUM_ASSUMED_WGS84;CONTINENT_DERIVED_FROM_COORDINATES;COLLECTION_MATCH_NONE;INSTITUTION_MATCH_FUZZY,Camponotus,1,data/images/Camponotus/casent0101381_p.jpg,commons,test
865114964,CAS:ANTWEB:casent0101382,casent0101382,casent0101382,p,1312361,Camponotus,formicinae,Camponotus ellioti,"Camponotus ellioti Forel, 1891",,SPECIES,,worker,,Antananarivo,[Madagascar]; Ambatomanjaka; Miarinarivo,-18.76695,46.86911,1343.0,,Saussure,,https://www.antweb.org/images/casent0101382/casent0101382_p_1_high.jpg,casent0101382 profile view 1,Nick Olgeirson,Attribution-ShareAlike (BY-SA) Creative Commons License and GNU Free Documentation License (GFDL),"California Academy of Sciences, 2000-2008",GEODETIC_DATUM_ASSUMED_WGS84;CONTINENT_DERIVED_FROM_COORDINATES;COLLECTION_MATCH_NONE;INSTITUTION_MATCH_FUZZY,Camponotus,1,data/images/Camponotus/casent0101382_p.jpg,commons,train
865114985,CAS:ANTWEB:casent0101383,casent0101383,casent0101383,p,1312361,Camponotus,formicinae,Camponotus madagascarensis,Camponotus madagascarensis Forel,,SPECIES,,worker,Lectotype,Antananarivo,[Madagascar]; Ambatomanjaka; Miarinarivo,-18.76695,46.86911,1343.0,,,Jean Claude Rakotonirina,https://www.antweb.org/images/casent0101383/casent0101383_p_1_high.jpg,casent0101383 profile view 1,April Nobile,Attribution-ShareAlike (BY-SA) Creative Commons License and GNU Free Documentation License (GFDL),"California Academy of Sciences, 2000-2008",GEODETIC_DATUM_ASSUMED_WGS84;CONTINENT_DERIVED_FROM_COORDINATES;COLLECTION_MATCH_NONE;INSTITUTION_MATCH_FUZZY,Camponotus,1,data/images/Camponotus/casent0101383_p.jpg,commons,train
865113980,CAS:ANTWEB:casent0101384,casent0101384,casent0101384,p,1312361,Camponotus,formicinae,Camponotus edmondi,"Camponotus edmondi Andre, 1887",,SPECIES,,worker,Lectotype,Antananarivo,[Madagasc]; Ambatomanjaka; Miarinarivo,-18.76695,46.86911,1343.0,,,,https://www.antweb.org/images/casent0101384/casent0101384_p_1_high.jpg,casent0101384 profile view 1,Nick Olgeirson,Attribution-ShareAlike (BY-SA) Creative Commons License and GNU Free Documentation License (GFDL),"California Academy of Sciences, 2000-2008",GEODETIC_DATUM_ASSUMED_WGS84;CONTINENT_DERIVED_FROM_COORDINATES;COLLECTION_MATCH_NONE;INSTITUTION_MATCH_FUZZY,Camponotus,1,data/images/Camponotus/casent0101384_p.jpg,commons,train
865114025,CAS:ANTWEB:casent0101386,casent0101386,casent0101386,p,1312361,Camponotus,formicinae,Camponotus darwinii,"Camponotus darwinii Forel, 1886",,SPECIES,,worker,,Antananarivo,[Central Madagascar]; Ambatomanjaka; Miarinarivo,-18.76695,46.86911,1343.0,,,,https://www.antweb.org/images/casent0101386/casent0101386_p_1_high.jpg,casent0101386 profile view 1,Nick Olgeirson,Attribution-ShareAlike (BY-SA) Creative Commons License and GNU Free Documentation License (GFDL),"California Academy of Sciences, 2000-2008",GEODETIC_DATUM_ASSUMED_WGS84;CONTINENT_DERIVED_FROM_COORDINATES;COLLECTION_MATCH_NONE;INSTITUTION_MATCH_FUZZY,Camponotus,1,data/images/Camponotus/casent0101386_p.jpg,commons,train
865114067,CAS:ANTWEB:casent0101388,casent0101388,casent0101388,p,1312361,Camponotus,formicinae,Camponotus ethicus,"Camponotus ethicus Forel, 1897",,SPECIES,,worker,Paralectotype,Antsiranana,[Sakalia bei Nosibé]; Nosy be; Nosibe,-13.3007,48.164764,72.0,,Voeltzkow,,https://www.antweb.org/images/casent0101388/casent0101388_p_1_high.jpg,casent0101388 profile view 1,April Nobile,Attribution-ShareAlike (BY-SA) Creative Commons License and GNU Free Documentation License (GFDL),"California Academy of Sciences, 2000-2008",GEODETIC_DATUM_ASSUMED_WGS84;CONTINENT_DERIVED_FROM_COORDINATES;COLLECTION_MATCH_NONE;INSTITUTION_MATCH_FUZZY,Camponotus,1,data/images/Camponotus/casent0101388_p.jpg,commons,train
865114093,CAS:ANTWEB:casent0101389,casent0101389,casent0101389,p,1312361,Camponotus,formicinae,Camponotus ethicus,"Camponotus ethicus Forel, 1897",,SPECIES,,worker,Lectotype,Antsiranana,[Sakatia bei Nosibé]; Nosy be; Nosibe,-13.3007,48.164764,72.0,,Voeltzkow,,https://www.antweb.org/images/casent0101389/casent0101389_p_1_high.jpg,casent0101389 profile view 1,April Nobile,Attribution-ShareAlike (BY-SA) Creative Commons License and GNU Free Documentation License (GFDL),"California Academy of Sciences, 2000-2008",GEODETIC_DATUM_ASSUMED_WGS84;CONTINENT_DERIVED_FROM_COORDINATES;COLLECTION_MATCH_NONE;INSTITUTION_MATCH_FUZZY,Camponotus,1,data/images/Camponotus/casent0101389_p.jpg,commons,train
865114116,CAS:ANTWEB:casent0101390,casent0101390,casent0101390,p,1312361,Camponotus,formicinae,Camponotus robustus,"Camponotus robustus Roger, 1863",,SPECIES,,worker,Lectotype,Antananarivo,[Madagascar]; Ambatomanjaka; Miarinarivo,-18.76695,46.86911,1343.0,,Humblot,,https://www.antweb.org/images/casent0101390/casent0101390_p_1_high.jpg,casent0101390 profile view 1,April Nobile,Attribution-ShareAlike (BY-SA) Creative Commons License and GNU Free Documentation License (GFDL),"California Academy of Sciences, 2000-2008",GEODETIC_DATUM_ASSUMED_WGS84;CONTINENT_DERIVED_FROM_COORDINATES;COLLECTION_MATCH_NONE;INSTITUTION_MATCH_FUZZY,Camponotus,1,data/images/Camponotus/casent0101390_p.jpg,commons,test
865114134,CAS:ANTWEB:casent0101391,casent0101391,casent0101391,p,1312361,Camponotus,formicinae,Camponotus darwinii,"Camponotus darwinii Forel, 1886",,SPECIES,,worker,,Antananarivo,[Central Madagascar]; Ambatomanjaka; Miarinarivo,-18.76695,46.86911,1343.0,,,,https://www.antweb.org/images/casent0101391/casent0101391_p_1_high.jpg,casent0101391 profile view 1,Nick Olgeirson,Attribution-ShareAlike (BY-SA) Creative Commons License and GNU Free Documentation License (GFDL),"California Academy of Sciences, 2000-2008",GEODETIC_DATUM_ASSUMED_WGS84;CONTINENT_DERIVED_FROM_COORDINATES;COLLECTION_MATCH_NONE;INSTITUTION_MATCH_FUZZY,Camponotus,1,data/images/Camponotus/casent0101391_p.jpg,commons,train
865114159,CAS:ANTWEB:casent0101392,casent0101392,casent0101392,p,1312361,Camponotus,formicinae,Camponotus darwinii,"Camponotus darwinii Forel, 1886",,SPECIES,,worker,,Antananarivo,[Antananarivo]; Ambatomanjaka; Miarinarivo,-18.705147,46.825283,1399.0,,Camboué,,https://www.antweb.org/images/casent0101392/casent0101392_p_1_high.jpg,casent0101392 profile view 1,April Nobile,Attribution-ShareAlike (BY-SA) Creative Commons License and GNU Free Documentation License (GFDL),"California Academy of Sciences, 2000-2008",GEODETIC_DATUM_ASSUMED_WGS84;CONTINENT_DERIVED_FROM_COORDINATES;COLLECTION_MATCH_NONE;INSTITUTION_MATCH_FUZZY,Camponotus,1,data/images/Camponotus/casent0101392_p.jpg,commons,train
865114184,CAS:ANTWEB:casent0101393,casent0101393,casent0101393,p,1312361,Camponotus,formicinae,Camponotus darwinii,"Camponotus darwinii Forel, 1886",,SPECIES,,worker,,Fianarantsoa,[Imérina]; Fahizay; Ambositra,-20.5,47.333332,1317.0,,Camboué,,https://www.antweb.org/images/casent0101393/casent0101393_p_1_high.jpg,casent0101393 profile view 1,Nick Olgeirson,Attribution-ShareAlike (BY-SA) Creative Commons License and GNU Free Documentation License (GFDL),"California Academy of Sciences, 2000-2008",GEODETIC_DATUM_ASSUMED_WGS84;CONTINENT_DERIVED_FROM_COORDINATES;COLLECTION_MATCH_NONE;INSTITUTION_MATCH_FUZZY,Camponotus,1,data/images/Camponotus/casent0101393_p.jpg,commons,test
865114235,CAS:ANTWEB:casent0101395,casent0101395,casent0101395,p,1319181,Tetraponera,pseudomyrmecinae,Tetraponera longula,"Tetraponera longula (Emery, 1895)",,SPECIES,,worker,,Antsiranana,[Diego-Suarez] Bevohotra; Sambava,-14.0,49.5,797.0,1893-12-31,Ch Alluaud,,https://www.antweb.org/images/casent0101395/casent0101395_p_1_high.jpg,casent0101395 profile view 1,April Nobile,Attribution-ShareAlike (BY-SA) Creative Commons License and GNU Free Documentation License (GFDL),"California Academy of Sciences, 2000-2008",GEODETIC_DATUM_ASSUMED_WGS84;CONTINENT_DERIVED_FROM_COORDINATES;COLLECTION_MATCH_NONE;INSTITUTION_MATCH_FUZZY,Tetraponera,1,data/images/Tetraponera/casent0101395_p.jpg,commons,train
865114257,CAS:ANTWEB:casent0101396,casent0101396,casent0101396,p,1319181,Tetraponera,pseudomyrmecinae,Tetraponera morondaviensis,"Tetraponera morondaviensis (Forel, 1891)",,SPECIES,,worker,,Antsiranana,[Andriolana]; Bemanevika Ouest; Ambanja,-13.616667,48.13333,20.0,,,,https://www.antweb.org/images/casent0101396/casent0101396_p_1_high.jpg,casent0101396 profile view 1,April Nobile,Attribution-ShareAlike (BY-SA) Creative Commons License and GNU Free Documentation License (GFDL),"California Academy of Sciences, 2000-2007",GEODETIC_DATUM_ASSUMED_WGS84;CONTINENT_DERIVED_FROM_COORDINATES;COLLECTION_MATCH_NONE;INSTITUTION_MATCH_FUZZY,Tetraponera,1,data/images/Tetraponera/casent0101396_p.jpg,commons,test
865114309,CAS:ANTWEB:casent0101398,casent0101398,casent0101398,p,1321215,Leptogenys,ponerinae,Leptogenys voeltzkowi,"Leptogenys voeltzkowi Forel, 1897",,SPECIES,,worker,,Antsiranana,[Nosibé; Nossi-bé]; Nosy be; Nosibe,-13.291667,48.25833,146.0,,Voeltzkow,,https://www.antweb.org/images/casent0101398/casent0101398_p_1_high.jpg,casent0101398 profile view 1,April Nobile,Attribution-ShareAlike (BY-SA) Creative Commons License and GNU Free Documentation License (GFDL),"California Academy of Sciences, 2000-2007",GEODETIC_DATUM_ASSUMED_WGS84;CONTINENT_DERIVED_FROM_COORDINATES;COLLECTION_MATCH_NONE;INSTITUTION_MATCH_FUZZY,Leptogenys,1,data/images/Leptogenys/casent0101398_p.jpg,commons,train
865114382,CAS:ANTWEB:casent0101401,casent0101401,casent0101401,p,1319685,Pachycondyla,ponerinae,Pachycondyla perroti,"Bothroponera perroti Forel, 1891",,SPECIES,,worker,Holotype,Toamasina,[Fenerive]; Fenerive Ville; Fenoarivo Atsinanana,-17.382,49.41113,11.0,,E. Perrot,,https://www.antweb.org/images/casent0101401/casent0101401_p_1_high.jpg,casent0101401 profile view 1,April Nobile,Attribution-ShareAlike (BY-SA) Creative Commons License and GNU Free Documentation License (GFDL),"California Academy of Sciences, 2000-2007",GEODETIC_DATUM_ASSUMED_WGS84;CONTINENT_DERIVED_FROM_COORDINATES;COLLECTION_MATCH_NONE;INSTITUTION_MATCH_FUZZY,Pachycondyla,1,data/images/Pachycondyla/casent0101401_p.jpg,commons,test
865114430,CAS:ANTWEB:casent0101403,casent0101403,casent0101403,p,1319685,Pachycondyla,ponerinae,Euponera sikorae,"Euponera sikorae Forel, 1891",,SPECIES,,worker,,Antananarivo,[Madagascar]; Ambatomanjaka; Miarinarivo,-18.76695,46.86911,1343.0,,,Forel,https://www.antweb.org/images/casent0101403/casent0101403_p_1_high.jpg,casent0101403 profile view 1,April Nobile,Attribution-ShareAlike (BY-SA) Creative Commons License and GNU Free Documentation License (GFDL),"California Academy of Sciences, 2000-2007",GEODETIC_DATUM_ASSUMED_WGS84;CONTINENT_DERIVED_FROM_COORDINATES;COLLECTION_MATCH_NONE;INSTITUTION_MATCH_FUZZY,Pachycondyla,1,data/images/Pachycondyla/casent0101403_p.jpg,commons,train
865114452,CAS:ANTWEB:casent0101404,casent0101404,casent0101404,p,4673663,Bothroponera,ponerinae,Bothroponera cambouei,"Bothroponera cambouei Forel, 1891",,SPECIES,,worker,Paralectotype,Antananarivo,[Antananarivo]; Ambatomanjaka; Miarinarivo,-18.705147,46.825283,1399.0,,Camboué,Jean Claude Rakotonirina,https://www.antweb.org/images/casent0101404/casent0101404_p_1_high.jpg,casent0101404 profile view 1,April Nobile,Attribution-ShareAlike (BY-SA) Creative Commons License and GNU Free Documentation License (GFDL),"California Academy of Sciences, 2000-2007",GEODETIC_DATUM_ASSUMED_WGS84;CONTINENT_DERIVED_FROM_COORDINATES;COLLECTION_MATCH_NONE;INSTITUTION_MATCH_FUZZY,Bothroponera,1,data/images/Bothroponera/casent0101404_p.jpg,commons,train
865114470,CAS:ANTWEB:casent0101405,casent0101405,casent0101405,p,1326614,Hypoponera,ponerinae,Hypoponera sakalava,"Hypoponera sakalava (Forel, 1891)",,SPECIES,,worker,Syntype,Antananarivo,[Forêt Andrangoloaka]; Mantasoa; Manjakandriana,-19.033333,47.916668,1409.0,,,,https://www.antweb.org/images/casent0101405/casent0101405_p_1_high.jpg,casent0101405 profile view 1,April Nobile,Attribution-ShareAlike (BY-SA) Creative Commons License and GNU Free Documentation License (GFDL),"California Academy of Sciences, 2000-2007",GEODETIC_DATUM_ASSUMED_WGS84;CONTINENT_DERIVED_FROM_COORDINATES;COLLECTION_MATCH_NONE;INSTITUTION_MATCH_FUZZY,Hypoponera,1,data/images/Hypoponera/casent0101405_p.jpg,commons,test
865114497,CAS:ANTWEB:casent0101406,casent0101406,casent0101406,p,4673663,Bothroponera,ponerinae,Bothroponera comorensis,"Bothroponera comorensis Forel, 1887",,SPECIES,,worker,Lectotype,Antsiranana,[Nossi-bé]; Nosy be; Nosibe,-13.291667,48.25833,146.0,,,Jean Claude Rakotonirina,https://www.antweb.org/images/casent0101406/casent0101406_p_1_high.jpg,casent0101406 profile view 1,April Nobile,Attribution-ShareAlike (BY-SA) Creative Commons License and GNU Free Documentation License (GFDL),"California Academy of Sciences, 2000-2007",GEODETIC_DATUM_ASSUMED_WGS84;CONTINENT_DERIVED_FROM_COORDINATES;COLLECTION_MATCH_NONE;INSTITUTION_MATCH_FUZZY,Bothroponera,1,data/images/Bothroponera/casent0101406_p.jpg,commons,test
865114520,CAS:ANTWEB:casent0101407,casent0101407,casent0101407,p,4673663,Bothroponera,ponerinae,Bothroponera comorensis,"Bothroponera comorensis Forel, 1887",,SPECIES,,worker,Paralectotype,Antsiranana,[Nossi-bé]; Nosy be; Nosibe,-13.291667,48.25833,146.0,,,Jean Claude Rakotonirina,https://www.antweb.org/images/casent0101407/casent0101407_p_1_high.jpg,casent0101407 profile view 1,April Nobile,Attribution-ShareAlike (BY-SA) Creative Commons License and GNU Free Documentation License (GFDL),"California Academy of Sciences, 2000-2007",GEODETIC_DATUM_ASSUMED_WGS84;CONTINENT_DERIVED_FROM_COORDINATES;COLLECTION_MATCH_NONE;INSTITUTION_MATCH_FUZZY,Bothroponera,1,data/images/Bothroponera/casent0101407_p.jpg,commons,train
865114559,CAS:ANTWEB:casent0101409,casent0101409,casent0101409,p,1324306,Crematogaster,myrmicinae,Crematogaster madagascariensis,"Crematogaster madagascariensis Andre, 1887",,SPECIES,,worker,,Antananarivo,[Madagasc]; Ambatomanjaka; Miarinarivo,-18.76695,46.86911,1343.0,,,,https://www.antweb.org/images/casent0101409/casent0101409_p_1_high.jpg,casent0101409 profile view 1,April Nobile,Attribution-ShareAlike (BY-SA) Creative Commons License and GNU Free Documentation License (GFDL),"California Academy of Sciences, 2000-2007",GEODETIC_DATUM_ASSUMED_WGS84;CONTINENT_DERIVED_FROM_COORDINATES;COLLECTION_MATCH_NONE;INSTITUTION_MATCH_FUZZY,Crematogaster,1,data/images/Crematogaster/casent0101409_p.jpg,commons,train
865114581,CAS:ANTWEB:casent0101410,casent0101410,casent0101410,p,1324306,Crematogaster,myrmicinae,Crematogaster madagascariensis,"Crematogaster madagascariensis Andre, 1887",,SPECIES,,worker,,Antananarivo,[Madagascar forêts]; Ambatomanjaka; Miarinarivo,-18.76695,46.86911,1343.0,,Humblot,,https://www.antweb.org/images/casent0101410/casent0101410_p_1_high.jpg,casent0101410 profile view 1,April Nobile,Attribution-ShareAlike (BY-SA) Creative Commons License and GNU Free Documentation License (GFDL),"California Academy of Sciences, 2000-2007",GEODETIC_DATUM_ASSUMED_WGS84;CONTINENT_DERIVED_FROM_COORDINATES;COLLECTION_MATCH_NONE;INSTITUTION_MATCH_FUZZY,Crematogaster,1,data/images/Crematogaster/casent0101410_p.jpg,commons,train
865114632,CAS:ANTWEB:casent0101413,casent0101413,casent0101413,p,1312361,Camponotus,formicinae,Camponotus roeseli,"Camponotus roeseli Forel, 1910",,SPECIES,,worker,Holotype,Antsiranana,[Diego-Suarez?]; Bevohotra; Sambava,-14.0,49.5,797.0,,,Jean Claude Rakotonirina,https://www.antweb.org/images/casent0101413/casent0101413_p_1_high.jpg,casent0101413 profile view 1,April Nobile,Attribution-ShareAlike (BY-SA) Creative Commons License and GNU Free Documentation License (GFDL),"California Academy of Sciences, 2000-2008",GEODETIC_DATUM_ASSUMED_WGS84;CONTINENT_DERIVED_FROM_COORDINATES;COLLECTION_MATCH_NONE;INSTITUTION_MATCH_FUZZY,Camponotus,1,data/images/Camponotus/casent0101413_p.jpg,commons,train
865114682,CAS:ANTWEB:casent0101416,casent0101416,casent0101416,p,4673740,Nylanderia,formicinae,Nylanderia madagascarensis,"Nylanderia madagascarensis (Forel, 1886)",,SPECIES,,worker,Syntype,Antananarivo,[Antananarivo]; Ambatomanjaka; Miarinarivo,-18.705147,46.825283,1399.0,,Camboué,,https://www.antweb.org/images/casent0101416/casent0101416_p_1_high.jpg,casent0101416 profile view 1,April Nobile,Attribution-ShareAlike (BY-SA) Creative Commons License and GNU Free Documentation License (GFDL),"California Academy of Sciences, 2000-2007",GEODETIC_DATUM_ASSUMED_WGS84;CONTINENT_DERIVED_FROM_COORDINATES;COLLECTION_MATCH_NONE;INSTITUTION_MATCH_FUZZY,Nylanderia,1,data/images/Nylanderia/casent0101416_p.jpg,commons,test
865114738,CAS:ANTWEB:casent0101419,casent0101419,casent0101419,p,1321654,Pheidole,myrmicinae,Pheidole longispinosa,"Pheidole longispinosa Forel, 1891",,SPECIES,,worker,,Antananarivo,[Madagascar central]; Ambatomanjaka; Miarinarivo,-18.76695,46.86911,1343.0,,,,https://www.antweb.org/images/casent0101419/casent0101419_p_1_high.jpg,casent0101419 profile view 1,April Nobile,Attribution-ShareAlike (BY-SA) Creative Commons License and GNU Free Documentation License (GFDL),"California Academy of Sciences, 2000-2007",GEODETIC_DATUM_ASSUMED_WGS84;CONTINENT_DERIVED_FROM_COORDINATES;COLLECTION_MATCH_NONE;INSTITUTION_MATCH_FUZZY,Pheidole,1,data/images/Pheidole/casent0101419_p.jpg,commons,train
865114777,CAS:ANTWEB:casent0101421,casent0101421,casent0101421,p,1312361,Camponotus,formicinae,Camponotus maculatus,"Camponotus maculatus (Fabricius, 1782)",,SPECIES,,worker,Lectotype,Antananarivo,[Antananarivo]; Ambatomanjaka; Miarinarivo,-18.705147,46.825283,1399.0,,P. Camboué,,https://www.antweb.org/images/casent0101421/casent0101421_p_1_high.jpg,casent0101421 profile view 1,April Nobile,Attribution-ShareAlike (BY-SA) Creative Commons License and GNU Free Documentation License (GFDL),"California Academy of Sciences, 2000-2007",GEODETIC_DATUM_ASSUMED_WGS84;CONTINENT_DERIVED_FROM_COORDINATES;COLLECTION_MATCH_NONE;INSTITUTION_MATCH_FUZZY,Camponotus,1,data/images/Camponotus/casent0101421_p.jpg,gbif_cache,train
865114805,CAS:ANTWEB:casent0101423,casent0101423,casent0101423,p,1312361,Camponotus,formicinae,Camponotus dromedarius,"Camponotus dromedarius Forel, 1891",,SPECIES,,worker,,Antananarivo,[Antananarivo]; Ambatomanjaka; Miarinarivo,-18.705147,46.825283,1399.0,,Camboué,,https://www.antweb.org/images/casent0101423/casent0101423_p_1_high.jpg,casent0101423 profile view 1,April Nobile,Attribution-ShareAlike (BY-SA) Creative Commons License and GNU Free Documentation License (GFDL),"California Academy of Sciences, 2000-2007",GEODETIC_DATUM_ASSUMED_WGS84;CONTINENT_DERIVED_FROM_COORDINATES;COLLECTION_MATCH_NONE;INSTITUTION_MATCH_FUZZY,Camponotus,1,data/images/Camponotus/casent0101423_p.jpg,commons,train
865114820,CAS:ANTWEB:casent0101424,casent0101424,casent0101424,p,1312361,Camponotus,formicinae,Camponotus voeltzkowii,"Camponotus voeltzkowii Forel, 1894",,SPECIES,,worker,,Toliara,[Fort Dauphin]; Taolagnaro,-25.02,46.9833,2.0,,,,https://www.antweb.org/images/casent0101424/casent0101424_p_1_high.jpg,casent0101424 profile view 1,April Nobile,Attribution-ShareAlike (BY-SA) Creative Commons License and GNU Free Documentation License (GFDL),"California Academy of Sciences, 2000-2008",GEODETIC_DATUM_ASSUMED_WGS84;CONTINENT_DERIVED_FROM_COORDINATES;COLLECTION_MATCH_NONE;INSTITUTION_MATCH_FUZZY,Camponotus,1,data/images/Camponotus/casent0101424_p.jpg,commons,train
865114834,CAS:ANTWEB:casent0101425,casent0101425,casent0101425,p,1312361,Camponotus,formicinae,Camponotus nossibeensis,"Camponotus nossibeensis Andre, 1887",,SPECIES,,worker,,Antsiranana,[Nossi-bé]; Nosy be; Nosibe,-13.291667,48.25833,146.0,,,,https://www.antweb.org/images/casent0101425/casent0101425_p_1_high.jpg,casent0101425 profile view 1,April Nobile,Attribution-ShareAlike (BY-SA) Creative Commons License and GNU Free Documentation License (GFDL),"California Academy of Sciences, 2000-2007",GEODETIC_DATUM_ASSUMED_WGS84;CONTINENT_DERIVED_FROM_COORDINATES;COLLECTION_MATCH_NONE;INSTITUTION_MATCH_FUZZY,Camponotus,1,data/images/Camponotus/casent0101425_p.jpg,commons,train
865114857,CAS:ANTWEB:casent0101426,casent0101426,casent0101426,p,1312361,Camponotus,formicinae,Camponotus maculatus,"Camponotus maculatus (Fabricius, 1782)",,SPECIES,,worker,Paralectotype,Antananarivo,[Madagascar]; Ambatomanjaka; Miarinarivo,-18.76695,46.86911,1343.0,,,,https://www.antweb.org/images/casent0101426/casent0101426_p_1_high.jpg,casent0101426 profile view 1,April Nobile,Attribution-ShareAlike (BY-SA) Creative Commons License and GNU Free Documentation License (GFDL),"California Academy of Sciences, 2000-2008",GEODETIC_DATUM_ASSUMED_WGS84;CONTINENT_DERIVED_FROM_COORDINATES;COLLECTION_MATCH_NONE;INSTITUTION_MATCH_FUZZY,Camponotus,1,data/images/Camponotus/casent0101426_p.jpg,gbif_cache,train
865114874,CAS:ANTWEB:casent0101427,casent0101427,casent0101427,p,1312361,Camponotus,formicinae,Camponotus maculatus,"Camponotus maculatus (Fabricius, 1782)",,SPECIES,,worker,Paralectotype,Toamasina,[Ivondro p. Tamatavé]; Antenina; Toamasina Rural,-18.23333,49.36667,14.0,,,N. Rasoamanana,https://www.antweb.org/images/casent0101427/casent0101427_p_1_high.jpg,casent0101427 profile view 1,April Nobile,Attribution-ShareAlike (BY-SA) Creative Commons License and GNU Free Documentation License (GFDL),"California Academy of Sciences, 2000-2007",GEODETIC_DATUM_ASSUMED_WGS84;CONTINENT_DERIVED_FROM_COORDINATES;COLLECTION_MATCH_NONE;INSTITUTION_MATCH_FUZZY,Camponotus,1,data/images/Camponotus/casent0101427_p.jpg,gbif_cache,train
865114911,CAS:ANTWEB:casent0101429,casent0101429,casent0101429,p,1312361,Camponotus,formicinae,Camponotus maculatus,"Camponotus maculatus (Fabricius, 1782)",,SPECIES,,worker,Paralectotype,Antananarivo,[Madagascar]; Ambatomanjaka; Miarinarivo,-18.76695,46.86911,1343.0,,,,https://www.antweb.org/images/casent0101429/casent0101429_p_1_high.jpg,casent0101429 profile view 1,April Nobile,Attribution-ShareAlike (BY-SA) Creative Commons License and GNU Free Documentation License (GFDL),"California Academy of Sciences, 2000-2007",GEODETIC_DATUM_ASSUMED_WGS84;CONTINENT_DERIVED_FROM_COORDINATES;COLLECTION_MATCH_NONE;INSTITUTION_MATCH_FUZZY,Camponotus,1,data/images/Camponotus/casent0101429_p.jpg,gbif_cache,train
865114927,CAS:ANTWEB:casent0101430,casent0101430,casent0101430,p,1312361,Camponotus,formicinae,Camponotus nasicus,"Camponotus nasicus Forel, 1891",,SPECIES,,worker,,Antananarivo,Mantasoa; Manjakandriana,-19.033333,47.916668,1409.0,,,,https://www.antweb.org/images/casent0101430/casent0101430_p_1_high.jpg,casent0101430 profile view 1,April Nobile,Attribution-ShareAlike (BY-SA) Creative Commons License and GNU Free Documentation License (GFDL),"California Academy of Sciences, 2000-2007",GEODETIC_DATUM_ASSUMED_WGS84;CONTINENT_DERIVED_FROM_COORDINATES;COLLECTION_MATCH_NONE;INSTITUTION_MATCH_FUZZY,Camponotus,1,data/images/Camponotus/casent0101430_p.jpg,commons,train
865114947,CAS:ANTWEB:casent0101431,casent0101431,casent0101431,p,1312361,Camponotus,formicinae,Camponotus nasicus,"Camponotus nasicus Forel, 1891",,SPECIES,,worker,,Antananarivo,[Madagascar]; Ambatomanjaka; Miarinarivo,-18.76695,46.86911,1343.0,,,,https://www.antweb.org/images/casent0101431/casent0101431_p_1_high.jpg,casent0101431 profile view 1,April Nobile,Attribution-ShareAlike (BY-SA) Creative Commons License and GNU Free Documentation License (GFDL),"California Academy of Sciences, 2000-2007",GEODETIC_DATUM_ASSUMED_WGS84;CONTINENT_DERIVED_FROM_COORDINATES;COLLECTION_MATCH_NONE;INSTITUTION_MATCH_FUZZY,Camponotus,1,data/images/Camponotus/casent0101431_p.jpg,commons,test
865114965,CAS:ANTWEB:casent0101432,casent0101432,casent0101432,p,1312361,Camponotus,formicinae,Camponotus maculatus,"Camponotus maculatus (Fabricius, 1782)",,SPECIES,,worker,,Antananarivo,[Madagascar]; Ambatomanjaka; Miarinarivo,-18.76695,46.86911,1343.0,,,,https://www.antweb.org/images/casent0101432/casent0101432_p_1_high.jpg,casent0101432 profile view 1,April Nobile,Attribution-ShareAlike (BY-SA) Creative Commons License and GNU Free Documentation License (GFDL),"California Academy of Sciences, 2000-2008",GEODETIC_DATUM_ASSUMED_WGS84;CONTINENT_DERIVED_FROM_COORDINATES;COLLECTION_MATCH_NONE;INSTITUTION_MATCH_FUZZY,Camponotus,1,data/images/Camponotus/casent0101432_p.jpg,commons,test
865114082,CAS:ANTWEB:casent0101435,casent0101435,casent0101435,p,1312361,Camponotus,formicinae,Camponotus christi,"Camponotus christi Forel, 1886",,SPECIES,,worker,Paralectotype,Antananarivo,[Antananarivo]; Ambatomanjaka; Miarinarivo,-18.705147,46.825283,1399.0,,Camboué,,https://www.antweb.org/images/casent0101435/casent0101435_p_1_high.jpg,casent0101435 profile view 1,April Nobile,Attribution-ShareAlike (BY-SA) Creative Commons License and GNU Free Documentation License (GFDL),"California Academy of Sciences, 2000-2007",GEODETIC_DATUM_ASSUMED_WGS84;CONTINENT_DERIVED_FROM_COORDINATES;COLLECTION_MATCH_NONE;INSTITUTION_MATCH_FUZZY,Camponotus,1,data/images/Camponotus/casent0101435_p.jpg,commons,train
865114108,CAS:ANTWEB:casent0101436,casent0101436,casent0101436,p,1312361,Camponotus,formicinae,Camponotus christi,"Camponotus christi Forel, 1886",,SPECIES,,worker,,Antananarivo,[Andrangoloaka]; Mantasoa; Manjakandriana,-19.03333,47.91667,1409.0,,,,https://www.antweb.org/images/casent0101436/casent0101436_p_1_high.jpg,casent0101436 profile view 1,April Nobile,Attribution-ShareAlike (BY-SA) Creative Commons License and GNU Free Documentation License (GFDL),"California Academy of Sciences, 2000-2007",GEODETIC_DATUM_ASSUMED_WGS84;CONTINENT_DERIVED_FROM_COORDINATES;COLLECTION_MATCH_NONE;INSTITUTION_MATCH_FUZZY,Camponotus,1,data/images/Camponotus/casent0101436_p.jpg,commons,train
865114137,CAS:ANTWEB:casent0101437,casent0101437,casent0101437,p,1312361,Camponotus,formicinae,Camponotus lubbocki,"Camponotus lubbocki Forel, 1886",,SPECIES,,worker,,Antananarivo,[Madagascar]; Ambatomanjaka; Miarinarivo,-18.766947,46.869106,1343.0,,,,https://www.antweb.org/images/casent0101437/casent0101437_p_1_high.jpg,casent0101437 profile view 1,April Nobile,Attribution-ShareAlike (BY-SA) Creative Commons License and GNU Free Documentation License (GFDL),"California Academy of Sciences, 2000-2007",GEODETIC_DATUM_ASSUMED_WGS84;CONTINENT_DERIVED_FROM_COORDINATES;COLLECTION_MATCH_NONE;INSTITUTION_MATCH_FUZZY,Camponotus,1,data/images/Camponotus/casent0101437_p.jpg,commons,test
865114169,CAS:ANTWEB:casent0101438,casent0101438,casent0101438,p,1312361,Camponotus,formicinae,Camponotus lubbocki,"Camponotus lubbocki Forel, 1886",,SPECIES,,worker,,Antananarivo,[Antananarivo]; Ambatomanjaka; Miarinarivo,-18.70515,46.82528,1399.0,,Camboué,,https://www.antweb.org/images/casent0101438/casent0101438_p_1_high.jpg,casent0101438 profile view 1,April Nobile,Attribution-ShareAlike (BY-SA) Creative Commons License and GNU Free Documentation License (GFDL),"California Academy of Sciences, 2000-2007",GEODETIC_DATUM_ASSUMED_WGS84;CONTINENT_DERIVED_FROM_COORDINATES;COLLECTION_MATCH_NONE;INSTITUTION_MATCH_FUZZY,Camponotus,1,data/images/Camponotus/casent0101438_p.jpg,commons,test
865114192,CAS:ANTWEB:casent0101439,casent0101439,casent0101439,p,1312361,Camponotus,formicinae,Camponotus gibber,"Camponotus gibber Forel, 1891",,SPECIES,,worker,,Antananarivo,[Madagascar]; Ambatomanjaka; Miarinarivo,-18.76695,46.86911,1343.0,,,,https://www.antweb.org/images/casent0101439/casent0101439_p_1_high.jpg,casent0101439 profile view 1,April Nobile,Attribution-ShareAlike (BY-SA) Creative Commons License and GNU Free Documentation License (GFDL),"California Academy of Sciences, 2000-2007",GEODETIC_DATUM_ASSUMED_WGS84;CONTINENT_DERIVED_FROM_COORDINATES;COLLECTION_MATCH_NONE;INSTITUTION_MATCH_FUZZY,Camponotus,1,data/images/Camponotus/casent0101439_p.jpg,commons,test
865114217,CAS:ANTWEB:casent0101440,casent0101440,casent0101440,p,1312361,Camponotus,formicinae,Camponotus gibber,"Camponotus gibber Forel, 1891",,SPECIES,,worker,,Antananarivo,[(de Diversa)]; Mantasoa; Manjakandriana,-19.033333,47.916668,1409.0,,,,https://www.antweb.org/images/casent0101440/casent0101440_p_1_high.jpg,casent0101440 profile view 1,April Nobile,Attribution-ShareAlike (BY-SA) Creative Commons License and GNU Free Documentation License (GFDL),"California Academy of Sciences, 2000-2007",GEODETIC_DATUM_ASSUMED_WGS84;CONTINENT_DERIVED_FROM_COORDINATES;COLLECTION_MATCH_NONE;INSTITUTION_MATCH_FUZZY,Camponotus,1,data/images/Camponotus/casent0101440_p.jpg,commons,train
865114244,CAS:ANTWEB:casent0101441,casent0101441,casent0101441,p,1312361,Camponotus,formicinae,Camponotus foersteri,"Camponotus foersteri Forel, 1886",,SPECIES,,worker,,Antananarivo,Mantasoa; Manjakandriana,-19.033333,47.916668,1409.0,,,Jean Claude Rakotonirina,https://www.antweb.org/images/casent0101441/casent0101441_p_1_high.jpg,casent0101441 profile view 1,April Nobile,Attribution-ShareAlike (BY-SA) Creative Commons License and GNU Free Documentation License (GFDL),"California Academy of Sciences, 2000-2007",GEODETIC_DATUM_ASSUMED_WGS84;CONTINENT_DERIVED_FROM_COORDINATES;COLLECTION_MATCH_NONE;INSTITUTION_MATCH_FUZZY,Camponotus,1,data/images/Camponotus/casent0101441_p.jpg,commons,train
865114408,CAS:ANTWEB:casent0101448,casent0101448,casent0101448,p,1326355,Mystrium,amblyoponinae,Mystrium voeltzkowi,"Mystrium voeltzkowi Forel, 1897",,SPECIES,,worker,,Antsiranana,[Nossibé]; Nosy be; Nosibe,-13.291667,48.25833,146.0,,,,https://www.antweb.org/images/casent0101448/casent0101448_p_1_high.jpg,casent0101448 profile view 1,April Nobile,Attribution-ShareAlike (BY-SA) Creative Commons License and GNU Free Documentation License (GFDL),"California Academy of Sciences, 2000-2007",GEODETIC_DATUM_ASSUMED_WGS84;CONTINENT_DERIVED_FROM_COORDINATES;COLLECTION_MATCH_NONE;INSTITUTION_MATCH_FUZZY,Mystrium,1,data/images/Mystrium/casent0101448_p.jpg,commons,train
865114707,CAS:ANTWEB:casent0101461,casent0101461,casent0101461,p,1317100,Cardiocondyla,myrmicinae,Cardiocondyla shuckardi,"Cardiocondyla shuckardi Forel, 1891",,SPECIES,,worker,Syntype,Antananarivo,[Tananari vo]; Ambatomanjaka; Miarinarivo,-18.705147,46.825283,1399.0,,Camboué,,https://www.antweb.org/images/casent0101461/casent0101461_p_1_high.jpg,casent0101461 profile view 1,April Nobile,Attribution-ShareAlike (BY-SA) Creative Commons License and GNU Free Documentation License (GFDL),"California Academy of Sciences, 2000-2007",GEODETIC_DATUM_ASSUMED_WGS84;CONTINENT_DERIVED_FROM_COORDINATES;COLLECTION_MATCH_NONE;INSTITUTION_MATCH_FUZZY,Cardiocondyla,1,data/images/Cardiocondyla/casent0101461_p.jpg,commons,train
865114814,CAS:ANTWEB:casent0101467,casent0101467,casent0101467,p,1320039,Technomyrmex,dolichoderinae,Technomyrmex vitiensis,"Technomyrmex vitiensis Mann, 1921",,SPECIES,,worker,,Toamasina,[Tamatavé]; Andranobolahy; Toamasina Rural,-18.0,49.0,370.0,,,,https://www.antweb.org/images/casent0101467/casent0101467_p_1_high.jpg,casent0101467 profile view 1,April Nobile,Attribution-ShareAlike (BY-SA) Creative Commons License and GNU Free Documentation License (GFDL),"California Academy of Sciences, 2000-2007",GEODETIC_DATUM_ASSUMED_WGS84;CONTINENT_DERIVED_FROM_COORDINATES;COLLECTION_MATCH_NONE;INSTITUTION_MATCH_FUZZY,Technomyrmex,1,data/images/Technomyrmex/casent0101467_p.jpg,commons,test
865114829,CAS:ANTWEB:casent0101468,casent0101468,casent0101468,p,1316784,Tapinoma,dolichoderinae,Tapinoma melanocephalum,"Tapinoma melanocephalum (Fabricius, 1793)",,SPECIES,,worker,,Toamasina,[Ivondro p. Tamatavé]; Antenina; Toamasina Rural,-18.23333,49.36667,14.0,,,,https://www.antweb.org/images/casent0101468/casent0101468_p_1_high.jpg,casent0101468 profile view 1,April Nobile,Attribution-ShareAlike (BY-SA) Creative Commons License and GNU Free Documentation License (GFDL),"California Academy of Sciences, 2000-2007",GEODETIC_DATUM_ASSUMED_WGS84;CONTINENT_DERIVED_FROM_COORDINATES;COLLECTION_MATCH_NONE;INSTITUTION_MATCH_FUZZY,Tapinoma,1,data/images/Tapinoma/casent0101468_p.jpg,commons,test
865114913,CAS:ANTWEB:casent0101472,casent0101472,casent0101472,p,1314419,Monomorium,myrmicinae,Monomorium pharaonis,"Monomorium pharaonis (Linnaeus, 1758)",,SPECIES,,worker,,Antananarivo,[Madagasc]; Ambatomanjaka; Miarinarivo,-18.76695,46.86911,1343.0,,,,https://www.antweb.org/images/casent0101472/casent0101472_p_1_high.jpg,casent0101472 profile view 1,April Nobile,Attribution-ShareAlike (BY-SA) Creative Commons License and GNU Free Documentation License (GFDL),"California Academy of Sciences, 2000-2007",GEODETIC_DATUM_ASSUMED_WGS84;CONTINENT_DERIVED_FROM_COORDINATES;COLLECTION_MATCH_NONE;INSTITUTION_MATCH_FUZZY,Monomorium,1,data/images/Monomorium/casent0101472_p.jpg,commons,test
865114931,CAS:ANTWEB:casent0101473,casent0101473,casent0101473,p,1314419,Monomorium,myrmicinae,Monomorium destructor,"Trichomyrmex destructor (Jerdon, 1851)",,SPECIES,,worker,,Antananarivo,[Madagascar]; Ambatomanjaka; Miarinarivo,-18.76695,46.86911,1343.0,,,Santschi,https://www.antweb.org/images/casent0101473/casent0101473_p_1_high.jpg,casent0101473 profile view 1,April Nobile,Attribution-ShareAlike (BY-SA) Creative Commons License and GNU Free Documentation License (GFDL),"California Academy of Sciences, 2000-2008",GEODETIC_DATUM_ASSUMED_WGS84;CONTINENT_DERIVED_FROM_COORDINATES;COLLECTION_MATCH_NONE;INSTITUTION_MATCH_FUZZY,Monomorium,1,data/images/Monomorium/casent0101473_p.jpg,commons,train
865114949,CAS:ANTWEB:casent0101474,casent0101474,casent0101474,p,1314419,Monomorium,myrmicinae,Monomorium destructor,"Trichomyrmex destructor (Jerdon, 1851)",,SPECIES,,worker,,Mahajanga,[Baie de Baly]; Soalala,-16.02639,45.24361,53.0,,,,https://www.antweb.org/images/casent0101474/casent0101474_p_1_high.jpg,casent0101474 profile view 1,April Nobile,Attribution-ShareAlike (BY-SA) Creative Commons License and GNU Free Documentation License (GFDL),"California Academy of Sciences, 2000-2007",GEODETIC_DATUM_ASSUMED_WGS84;CONTINENT_DERIVED_FROM_COORDINATES;COLLECTION_MATCH_NONE;INSTITUTION_MATCH_FUZZY,Monomorium,1,data/images/Monomorium/casent0101474_p.jpg,commons,train
865114969,CAS:ANTWEB:casent0101475,casent0101475,casent0101475,p,1324306,Crematogaster,myrmicinae,Crematogaster schencki,"Crematogaster schencki Forel, 1891",,SPECIES,,worker,,Antananarivo,[Antananarivo]; Ambatomanjaka; Miarinarivo,-18.705147,46.825283,1399.0,,Camboué,,https://www.antweb.org/images/casent0101475/casent0101475_p_1_high.jpg,casent0101475 profile view 1,April Nobile,Attribution-ShareAlike (BY-SA) Creative Commons License and GNU Free Documentation License (GFDL),"California Academy of Sciences, 2000-2007",GEODETIC_DATUM_ASSUMED_WGS84;CONTINENT_DERIVED_FROM_COORDINATES;COLLECTION_MATCH_NONE;INSTITUTION_MATCH_FUZZY,Crematogaster,1,data/images/Crematogaster/casent0101475_p.jpg,commons,train
865114987,CAS:ANTWEB:casent0101476,casent0101476,casent0101476,p,1323128,Tetramorium,myrmicinae,Tetramorium sericeiventre,"Tetramorium sericeiventre Emery, 1877",,SPECIES,,worker,,Antananarivo,[Tananari vo]; Ambatomanjaka; Miarinarivo,-18.705147,46.825283,1399.0,,Camboué,,https://www.antweb.org/images/casent0101476/casent0101476_p_1_high.jpg,casent0101476 profile view 1,April Nobile,Attribution-ShareAlike (BY-SA) Creative Commons License and GNU Free Documentation License (GFDL),"California Academy of Sciences, 2000-2007",GEODETIC_DATUM_ASSUMED_WGS84;CONTINENT_DERIVED_FROM_COORDINATES;COLLECTION_MATCH_NONE;INSTITUTION_MATCH_FUZZY,Tetramorium,1,data/images/Tetramorium/casent0101476_p.jpg,commons,train
865115004,CAS:ANTWEB:casent0101477,casent0101477,casent0101477,p,1312361,Camponotus,formicinae,Camponotus edmondi,"Camponotus edmondi Andre, 1887",,SPECIES,,worker,,Toliara,[Région du Sud-Est Fort-Dauphin]; Taolagnaro,-25.033333,46.983334,15.0,,,,https://www.antweb.org/images/casent0101477/casent0101477_p_1_high.jpg,casent0101477 profile view 1,April Nobile,Attribution-ShareAlike (BY-SA) Creative Commons License and GNU Free Documentation License (GFDL),"California Academy of Sciences, 2000-2007",GEODETIC_DATUM_ASSUMED_WGS84;CONTINENT_DERIVED_FROM_COORDINATES;COLLECTION_MATCH_NONE;INSTITUTION_MATCH_FUZZY,Camponotus,1,data/images/Camponotus/casent0101477_p.jpg,commons,train
865115021,CAS:ANTWEB:casent0101478,casent0101478,casent0101478,p,1312361,Camponotus,formicinae,Camponotus edmondi,"Camponotus edmondi Andre, 1887",,SPECIES,,worker,,Toamasina,[St. Marie]; Lonkintsy; Nosy-Boraha (St. Marie),-16.903694,49.91124,24.0,,,,https://www.antweb.org/images/casent0101478/casent0101478_p_1_high.jpg,casent0101478 profile view 1,April Nobile,Attribution-ShareAlike (BY-SA) Creative Commons License and GNU Free Documentation License (GFDL),"California Academy of Sciences, 2000-2008",GEODETIC_DATUM_ASSUMED_WGS84;CONTINENT_DERIVED_FROM_COORDINATES;COLLECTION_MATCH_NONE;INSTITUTION_MATCH_FUZZY,Camponotus,1,data/images/Camponotus/casent0101478_p.jpg,commons,train
865114073,CAS:ANTWEB:casent0101480,casent0101480,casent0101480,p,1323128,Tetramorium,myrmicinae,Tetramorium bicarinatum,"Tetramorium bicarinatum (Nylander, 1846)",,SPECIES,,worker,,Antananarivo,[Madagasc]; Ambatomanjaka; Miarinarivo,-18.76695,46.86911,1343.0,,,,https://www.antweb.org/images/casent0101480/casent0101480_p_1_high.jpg,casent0101480 profile view 1,April Nobile,Attribution-ShareAlike (BY-SA) Creative Commons License and GNU Free Documentation License (GFDL),"California Academy of Sciences, 2000-2007",GEODETIC_DATUM_ASSUMED_WGS84;CONTINENT_DERIVED_FROM_COORDINATES;COLLECTION_MATCH_NONE;INSTITUTION_MATCH_FUZZY,Tetramorium,1,data/images/Tetramorium/casent0101480_p.jpg,commons,train
865114099,CAS:ANTWEB:casent0101481,casent0101481,casent0101481,p,1312361,Camponotus,formicinae,Camponotus robustus,"Camponotus robustus Roger, 1863",,SPECIES,,worker,,Antananarivo,[Madagascar]; Ambatomanjaka; Miarinarivo,-18.76695,46.86911,1343.0,,,,https://www.antweb.org/images/casent0101481/casent0101481_p_1_high.jpg,casent0101481 profile view 1,April Nobile,Attribution-ShareAlike (BY-SA) Creative Commons License and GNU Free Documentation License (GFDL),"California Academy of Sciences, 2000-2007",GEODETIC_DATUM_ASSUMED_WGS84;CONTINENT_DERIVED_FROM_COORDINATES;COLLECTION_MATCH_NONE;INSTITUTION_MATCH_FUZZY,Camponotus,1,data/images/Camponotus/casent0101481_p.jpg,commons,train
865114125,CAS:ANTWEB:casent0101482,casent0101482,casent0101482,p,1315863,Aphaenogaster,myrmicinae,Aphaenogaster swammerdami,"Aphaenogaster swammerdami Forel, 1886",,SPECIES,,worker,Syntype,Mahajanga,[Baie de Baly]; Soalala,-16.02639,45.24361,53.0,,,Sandor Csosz,https://www.antweb.org/images/casent0101482/casent0101482_p_1_high.jpg,casent0101482 profile view 1,April Nobile,Attribution-ShareAlike (BY-SA) Creative Commons License and GNU Free Documentation License (GFDL),"California Academy of Sciences, 2000-2007",GEODETIC_DATUM_ASSUMED_WGS84;CONTINENT_DERIVED_FROM_COORDINATES;COLLECTION_MATCH_NONE;INSTITUTION_MATCH_FUZZY,Aphaenogaster,1,data/images/Aphaenogaster/casent0101482_p.jpg,commons,train
865114148,CAS:ANTWEB:casent0101483,casent0101483,casent0101483,p,1323128,Tetramorium,myrmicinae,Tetramorium sericeiventre,"Tetramorium sericeiventre Emery, 1877",,SPECIES,,worker,,Toamasina,[Ivondro p. Tamatavé]; Antenina; Toamasina Rural,-18.23333,49.36667,14.0,,,,https://www.antweb.org/images/casent0101483/casent0101483_p_1_high.jpg,casent0101483 profile view 1,April Nobile,Attribution-ShareAlike (BY-SA) Creative Commons License and GNU Free Documentation License (GFDL),"California Academy of Sciences, 2000-2007",GEODETIC_DATUM_ASSUMED_WGS84;CONTINENT_DERIVED_FROM_COORDINATES;COLLECTION_MATCH_NONE;INSTITUTION_MATCH_FUZZY,Tetramorium,1,data/images/Tetramorium/casent0101483_p.jpg,commons,train
865114176,CAS:ANTWEB:casent0101484,casent0101484,casent0101484,p,1323128,Tetramorium,myrmicinae,Tetramorium bessonii,"Tetramorium bessonii Forel, 1891",,SPECIES,,worker,,Fianarantsoa,[Fianarantsoa]; Antambohobe; Ivohibe,-22.353624,46.825287,772.0,,Dr. Besson,,https://www.antweb.org/images/casent0101484/casent0101484_p_1_high.jpg,casent0101484 profile view 1,April Nobile,Attribution-ShareAlike (BY-SA) Creative Commons License and GNU Free Documentation License (GFDL),"California Academy of Sciences, 2000-2007",GEODETIC_DATUM_ASSUMED_WGS84;CONTINENT_DERIVED_FROM_COORDINATES;COLLECTION_MATCH_NONE;INSTITUTION_MATCH_FUZZY,Tetramorium,1,data/images/Tetramorium/casent0101484_p.jpg,gbif_cache,train
865114276,CAS:ANTWEB:casent0101488,casent0101488,casent0101488,p,4673740,Nylanderia,formicinae,Nylanderia humbloti,Nylanderia humbloti,,SPECIES,,worker,Syntype,Antananarivo,[Madagascar]; Ambatomanjaka; Miarinarivo,-18.76695,46.86911,1343.0,,,,https://www.antweb.org/images/casent0101488/casent0101488_p_1_high.jpg,casent0101488 profile view 1,April Nobile,Attribution-ShareAlike (BY-SA) Creative Commons License and GNU Free Documentation License (GFDL),"California Academy of Sciences, 2000-2007",GEODETIC_DATUM_ASSUMED_WGS84;CONTINENT_DERIVED_FROM_COORDINATES;COLLECTION_MATCH_NONE;INSTITUTION_MATCH_FUZZY,Nylanderia,1,data/images/Nylanderia/casent0101488_p.jpg,gbif_cache,train
865114376,CAS:ANTWEB:casent0101492,casent0101492,casent0101492,p,1312361,Camponotus,formicinae,Camponotus hagensii,"Camponotus hagensii Forel, 1886",,SPECIES,,worker,,Antananarivo,[Madagascar]; Ambatomanjaka; Miarinarivo,-18.76695,46.86911,1343.0,,,,https://www.antweb.org/images/casent0101492/casent0101492_p_1_high.jpg,casent0101492 profile view 1,April Nobile,Attribution-ShareAlike (BY-SA) Creative Commons License and GNU Free Documentation License (GFDL),"California Academy of Sciences, 2000-2007",GEODETIC_DATUM_ASSUMED_WGS84;CONTINENT_DERIVED_FROM_COORDINATES;COLLECTION_MATCH_NONE;INSTITUTION_MATCH_FUZZY,Camponotus,1,data/images/Camponotus/casent0101492_p.jpg,commons,train
865114426,CAS:ANTWEB:casent0101494,casent0101494,casent0101494,p,1312361,Camponotus,formicinae,Camponotus hagensii,"Camponotus hagensii Forel, 1886",,SPECIES,,worker,Paralectotype,Antananarivo,[Madagascar]; Ambatomanjaka; Miarinarivo,-18.76695,46.86911,1343.0,,,,https://www.antweb.org/images/casent0101494/casent0101494_p_1_high.jpg,casent0101494 profile view 1,April Nobile,Attribution-ShareAlike (BY-SA) Creative Commons License and GNU Free Documentation License (GFDL),"California Academy of Sciences, 2000-2008",GEODETIC_DATUM_ASSUMED_WGS84;CONTINENT_DERIVED_FROM_COORDINATES;COLLECTION_MATCH_NONE;INSTITUTION_MATCH_FUZZY,Camponotus,1,data/images/Camponotus/casent0101494_p.jpg,commons,train
865114578,CAS:ANTWEB:casent0101511,casent0101511,casent0101511,p,1312361,Camponotus,formicinae,Camponotus mocquerysi,"Camponotus mocquerysi Emery, 1899",,SPECIES,,worker,,Toamasina,[Baie d' Antongil]; Maroantsetra,-15.43333,49.75,12.0,,,,https://www.antweb.org/images/casent0101511/casent0101511_p_1_high.jpg,casent0101511 profile view 1,April Nobile,Attribution-ShareAlike (BY-SA) Creative Commons License and GNU Free Documentation License (GFDL),"California Academy of Sciences, 2000-2008",GEODETIC_DATUM_ASSUMED_WGS84;CONTINENT_DERIVED_FROM_COORDINATES;COLLECTION_MATCH_NONE;INSTITUTION_MATCH_FUZZY,Camponotus,1,data/images/Camponotus/casent0101511_p.jpg,commons,test
865114590,CAS:ANTWEB:casent0101512,casent0101512,casent0101512,p,1312361,Camponotus,formicinae,Camponotus lubbocki,"Camponotus lubbocki Forel, 1886",,SPECIES,,worker,Lectotype,Fianarantsoa,[Süd Central madagascar]; 2eme Arrondissement; Fianarantsoa Urban,-21.433332,47.083332,1160.0,,Hildebrandt,,https://www.antweb.org/images/casent0101512/casent0101512_p_1_high.jpg,casent0101512 profile view 1,April Nobile,Attribution-ShareAlike (BY-SA) Creative Commons License and GNU Free Documentation License (GFDL),"California Academy of Sciences, 2000-2007",GEODETIC_DATUM_ASSUMED_WGS84;CONTINENT_DERIVED_FROM_COORDINATES;COLLECTION_MATCH_NONE;INSTITUTION_MATCH_FUZZY,Camponotus,1,data/images/Camponotus/casent0101512_p.jpg,commons,train
865114609,CAS:ANTWEB:casent0101513,casent0101513,casent0101513,p,1312361,Camponotus,formicinae,Camponotus gibber,"Camponotus gibber Forel, 1891",,SPECIES,,worker,Lectotype,Antananarivo,[Andrangoloaka]; Mantasoa; Manjakandriana,-19.033333,47.916668,1409.0,,Sikora,,https://www.antweb.org/images/casent0101513/casent0101513_p_1_high.jpg,casent0101513 profile view 1,Michele Esposito,Attribution-ShareAlike (BY-SA) Creative Commons License and GNU Free Documentation License (GFDL),"California Academy of Sciences, 2000-2008",GEODETIC_DATUM_ASSUMED_WGS84;CONTINENT_DERIVED_FROM_COORDINATES;COLLECTION_MATCH_NONE;INSTITUTION_MATCH_FUZZY,Camponotus,1,data/images/Camponotus/casent0101513_p.jpg,commons,test
865114625,CAS:ANTWEB:casent0101514,casent0101514,casent0101514,p,1312361,Camponotus,formicinae,Camponotus lubbocki,"Camponotus lubbocki Forel, 1886",,SPECIES,,worker,Paralectotype,Antananarivo,[Central madagascar]; Ambatomanjaka; Miarinarivo,-18.76695,46.86911,1343.0,,Hildebrandt,,https://www.antweb.org/images/casent0101514/casent0101514_p_1_high.jpg,casent0101514 profile view 1,April Nobile,Attribution-ShareAlike (BY-SA) Creative Commons License and GNU Free Documentation License (GFDL),"California Academy of Sciences, 2000-2008",GEODETIC_DATUM_ASSUMED_WGS84;CONTINENT_DERIVED_FROM_COORDINATES;COLLECTION_MATCH_NONE;INSTITUTION_MATCH_FUZZY,Camponotus,1,data/images/Camponotus/casent0101514_p.jpg,commons,train
865114658,CAS:ANTWEB:casent0101516,casent0101516,casent0101516,p,1312361,Camponotus,formicinae,Camponotus lubbocki,"Camponotus lubbocki Forel, 1886",,SPECIES,,worker,Paralectotype,Fianarantsoa,[Imérina]; Fahizay; Ambositra,-20.5,47.333332,1317.0,,Camboué,,https://www.antweb.org/images/casent0101516/casent0101516_p_1_high.jpg,casent0101516 profile view 1,Nick Olgeirson,Attribution-ShareAlike (BY-SA) Creative Commons License and GNU Free Documentation License (GFDL),"California Academy of Sciences, 2000-2008",GEODETIC_DATUM_ASSUMED_WGS84;CONTINENT_DERIVED_FROM_COORDINATES;COLLECTION_MATCH_NONE;INSTITUTION_MATCH_FUZZY,Camponotus,1,data/images/Camponotus/casent0101516_p.jpg,commons,train
865114676,CAS:ANTWEB:casent0101517,casent0101517,casent0101517,p,1312361,Camponotus,formicinae,Camponotus quadrimaculatus,"Camponotus quadrimaculatus Forel, 1886",,SPECIES,,worker,Lectotype,Antsiranana,[Nosibé]; Nosy be; Nosibe,-13.291667,48.25833,146.0,,Voeltzkow,,https://www.antweb.org/images/casent0101517/casent0101517_p_1_high.jpg,casent0101517 profile view 1,April Nobile,Attribution-ShareAlike (BY-SA) Creative Commons License and GNU Free Documentation License (GFDL),"California Academy of Sciences, 2000-2008",GEODETIC_DATUM_ASSUMED_WGS84;CONTINENT_DERIVED_FROM_COORDINATES;COLLECTION_MATCH_NONE;INSTITUTION_MATCH_FUZZY,Camponotus,1,data/images/Camponotus/casent0101517_p.jpg,commons,train
865114693,CAS:ANTWEB:casent0101518,casent0101518,casent0101518,p,1312361,Camponotus,formicinae,Camponotus lubbocki,"Camponotus lubbocki Forel, 1886",,SPECIES,,worker,Lectotype,Fianarantsoa,[Imerina]; Fahizay; Ambositra,-20.5,47.333332,1317.0,,Camboué,,https://www.antweb.org/images/casent0101518/casent0101518_p_1_high.jpg,casent0101518 profile view 1,April Nobile,Attribution-ShareAlike (BY-SA) Creative Commons License and GNU Free Documentation License (GFDL),"California Academy of Sciences, 2000-2008",GEODETIC_DATUM_ASSUMED_WGS84;CONTINENT_DERIVED_FROM_COORDINATES;COLLECTION_MATCH_NONE;INSTITUTION_MATCH_FUZZY,Camponotus,1,data/images/Camponotus/casent0101518_p.jpg,commons,train
865114710,CAS:ANTWEB:casent0101519,casent0101519,casent0101519,p,1312361,Camponotus,formicinae,Camponotus quadrimaculatus,"Camponotus quadrimaculatus Forel, 1886",,SPECIES,,worker,Lectotype,Toamasina,[Ivondro p. Tamatavé]; Antenina; Toamasina Rural,-18.23333,49.36667,14.0,,,Jean Claude Rakotonirina,https://www.antweb.org/images/casent0101519/casent0101519_p_1_high.jpg,casent0101519 profile view 1,April Nobile,Attribution-ShareAlike (BY-SA) Creative Commons License and GNU Free Documentation License (GFDL),"California Academy of Sciences, 2000-2008",GEODETIC_DATUM_ASSUMED_WGS84;CONTINENT_DERIVED_FROM_COORDINATES;COLLECTION_MATCH_NONE;INSTITUTION_MATCH_FUZZY,Camponotus,1,data/images/Camponotus/casent0101519_p.jpg,commons,train
865114727,CAS:ANTWEB:casent0101520,casent0101520,casent0101520,p,1312361,Camponotus,formicinae,Camponotus quadrimaculatus,"Camponotus quadrimaculatus Forel, 1886",,SPECIES,,worker,Paralectotype,Antsiranana,[Nosibé]; Nosy be; Nosibe,-13.291667,48.25833,146.0,,,,https://www.antweb.org/images/casent0101520/casent0101520_p_1_high.jpg,casent0101520 profile view 1,April Nobile,Attribution-ShareAlike (BY-SA) Creative Commons License and GNU Free Documentation License (GFDL),"California Academy of Sciences, 2000-2008",GEODETIC_DATUM_ASSUMED_WGS84;CONTINENT_DERIVED_FROM_COORDINATES;COLLECTION_MATCH_NONE;INSTITUTION_MATCH_FUZZY,Camponotus,1,data/images/Camponotus/casent0101520_p.jpg,commons,train
865114748,CAS:ANTWEB:casent0101521,casent0101521,casent0101521,p,1312361,Camponotus,formicinae,Camponotus christi,"Camponotus christi Forel, 1886",,SPECIES,,worker,,Fianarantsoa,[Imérina]; Fahizay; Ambositra,-20.5,47.333332,1317.0,,Camboué,,https://www.antweb.org/images/casent0101521/casent0101521_p_1_high.jpg,casent0101521 profile view 1,April Nobile,Attribution-ShareAlike (BY-SA) Creative Commons License and GNU Free Documentation License (GFDL),"California Academy of Sciences, 2000-2008",GEODETIC_DATUM_ASSUMED_WGS84;CONTINENT_DERIVED_FROM_COORDINATES;COLLECTION_MATCH_NONE;INSTITUTION_MATCH_FUZZY,Camponotus,1,data/images/Camponotus/casent0101521_p.jpg,commons,train
865114803,CAS:ANTWEB:casent0101524,casent0101524,casent0101524,p,1312361,Camponotus,formicinae,Camponotus quadrimaculatus,"Camponotus quadrimaculatus Forel, 1886",,SPECIES,,worker,Paralectotype,Toamasina,[(p. Tamatave)]; Andranobolahy; Toamasina Rural,-18.0,49.0,370.0,,C. Keller,Jean Claude Rakotonirina,https://www.antweb.org/images/casent0101524/casent0101524_p_1_high.jpg,casent0101524 profile view 1,April Nobile,Attribution-ShareAlike (BY-SA) Creative Commons License and GNU Free Documentation License (GFDL),"California Academy of Sciences, 2000-2008",GEODETIC_DATUM_ASSUMED_WGS84;CONTINENT_DERIVED_FROM_COORDINATES;COLLECTION_MATCH_NONE;INSTITUTION_MATCH_FUZZY,Camponotus,1,data/images/Camponotus/casent0101524_p.jpg,commons,train
865114819,CAS:ANTWEB:casent0101525,casent0101525,casent0101525,p,1312361,Camponotus,formicinae,Camponotus quadrimaculatus,"Camponotus quadrimaculatus Forel, 1886",,SPECIES,,worker,Paralectotype,Toamasina,[(p. Tamatave)]; Andranobolahy; Toamasina Rural,-18.0,49.0,370.0,,C. Keller,Jean Claude Rakotonirina,https://www.antweb.org/images/casent0101525/casent0101525_p_1_high.jpg,casent0101525 profile view 1,April Nobile,Attribution-ShareAlike (BY-SA) Creative Commons License and GNU Free Documentation License (GFDL),"California Academy of Sciences, 2000-2008",GEODETIC_DATUM_ASSUMED_WGS84;CONTINENT_DERIVED_FROM_COORDINATES;COLLECTION_MATCH_NONE;INSTITUTION_MATCH_FUZZY,Camponotus,1,data/images/Camponotus/casent0101525_p.jpg,commons,train
865114832,CAS:ANTWEB:casent0101526,casent0101526,casent0101526,p,1312361,Camponotus,formicinae,Camponotus heteroclitus,"Camponotus heteroclitus Forel, 1895",,SPECIES,,worker,,Antananarivo,[Ambohimalazaba 3 St w Antan]; Ilafy; Antananarivo-Nord,-18.866667,47.583332,1317.0,,Sikora,,https://www.antweb.org/images/casent0101526/casent0101526_p_1_high.jpg,casent0101526 profile view 1,Nick Olgeirson,Attribution-ShareAlike (BY-SA) Creative Commons License and GNU Free Documentation License (GFDL),"California Academy of Sciences, 2000-2008",GEODETIC_DATUM_ASSUMED_WGS84;CONTINENT_DERIVED_FROM_COORDINATES;COLLECTION_MATCH_NONE;INSTITUTION_MATCH_FUZZY,Camponotus,1,data/images/Camponotus/casent0101526_p.jpg,commons,train
865114847,CAS:ANTWEB:casent0101527,casent0101527,casent0101527,p,1312361,Camponotus,formicinae,Camponotus heteroclitus,"Camponotus heteroclitus Forel, 1895",,SPECIES,,worker,,Antananarivo,[Ambohimalazaba 3 St w Antan]; Ilafy; Antananarivo-Nord,-18.866667,47.583332,1317.0,,Sikora,,https://www.antweb.org/images/casent0101527/casent0101527_p_1_high.jpg,casent0101527 profile view 1,Nick Olgeirson,Attribution-ShareAlike (BY-SA) Creative Commons License and GNU Free Documentation License (GFDL),"California Academy of Sciences, 2000-2008",GEODETIC_DATUM_ASSUMED_WGS84;CONTINENT_DERIVED_FROM_COORDINATES;COLLECTION_MATCH_NONE;INSTITUTION_MATCH_FUZZY,Camponotus,1,data/images/Camponotus/casent0101527_p.jpg,commons,train
865114864,CAS:ANTWEB:casent0101528,casent0101528,casent0101528,p,1312361,Camponotus,formicinae,Camponotus gibber,"Camponotus gibber Forel, 1891",,SPECIES,,worker,Paralectotype,Antananarivo,[Madagascar central]; Ambatomanjaka; Miarinarivo,-18.76695,46.86911,1343.0,,,,https://www.antweb.org/images/casent0101528/casent0101528_p_1_high.jpg,casent0101528 profile view 1,April Nobile,Attribution-ShareAlike (BY-SA) Creative Commons License and GNU Free Documentation License (GFDL),"California Academy of Sciences, 2000-2008",GEODETIC_DATUM_ASSUMED_WGS84;CONTINENT_DERIVED_FROM_COORDINATES;COLLECTION_MATCH_NONE;INSTITUTION_MATCH_FUZZY,Camponotus,1,data/images/Camponotus/casent0101528_p.jpg,commons,train
865114917,CAS:ANTWEB:casent0101531,casent0101531,casent0101531,p,1312361,Camponotus,formicinae,Camponotus dromedarius,"Camponotus dromedarius Forel, 1891",,SPECIES,,worker,Paralectotype,Fianarantsoa,[Imerina]; Fahizay; Ambositra,-20.5,47.333332,1317.0,,,,https://www.antweb.org/images/casent0101531/casent0101531_p_1_high.jpg,casent0101531 profile view 1,April Nobile,Attribution-ShareAlike (BY-SA) Creative Commons License and GNU Free Documentation License (GFDL),"California Academy of Sciences, 2000-2008",GEODETIC_DATUM_ASSUMED_WGS84;CONTINENT_DERIVED_FROM_COORDINATES;COLLECTION_MATCH_NONE;INSTITUTION_MATCH_FUZZY,Camponotus,1,data/images/Camponotus/casent0101531_p.jpg,commons,train
865114932,CAS:ANTWEB:casent0101532,casent0101532,casent0101532,p,1312361,Camponotus,formicinae,Camponotus dromedarius,"Camponotus dromedarius Forel, 1891",,SPECIES,,worker,Syntype,Toamasina,[Nosi bé (Imérina)]; Anosibe An'ala; Anosibe,-19.433332,48.216667,660.0,,Sikora,Jean Claude Rakotonirina,https://www.antweb.org/images/casent0101532/casent0101532_p_1_high.jpg,casent0101532 profile view 1,April Nobile,Attribution-ShareAlike (BY-SA) Creative Commons License and GNU Free Documentation License (GFDL),"California Academy of Sciences, 2000-2008",GEODETIC_DATUM_ASSUMED_WGS84;CONTINENT_DERIVED_FROM_COORDINATES;COLLECTION_MATCH_NONE;INSTITUTION_MATCH_FUZZY,Camponotus,1,data/images/Camponotus/casent0101532_p.jpg,commons,train
865114953,CAS:ANTWEB:casent0101533,casent0101533,casent0101533,p,1312361,Camponotus,formicinae,Camponotus dromedarius,"Camponotus dromedarius Forel, 1891",,SPECIES,,worker,Lectotype,Toamasina,[Nosi bé (Imérina)]; Anosibe An'ala; Anosibe,-19.433332,48.216667,660.0,,Sikora,Jean Claude Rakotonirina,https://www.antweb.org/images/casent0101533/casent0101533_p_1_high.jpg,casent0101533 profile view 1,April Nobile,Attribution-ShareAlike (BY-SA) Creative Commons License and GNU Free Documentation License (GFDL),"California Academy of Sciences, 2000-2007",GEODETIC_DATUM_ASSUMED_WGS84;CONTINENT_DERIVED_FROM_COORDINATES;COLLECTION_MATCH_NONE;INSTITUTION_MATCH_FUZZY,Camponotus,1,data/images/Camponotus/casent0101533_p.jpg,commons,train
865114970,CAS:ANTWEB:casent0101534,casent0101534,casent0101534,p,1312361,Camponotus,formicinae,Camponotus dromedarius,"Camponotus dromedarius Forel, 1891",,SPECIES,,worker,Lectotype,Fianarantsoa,[Imérina]; Fahizay; Ambositra,-20.5,47.333332,1317.0,,Camboué,,https://www.antweb.org/images/casent0101534/casent0101534_p_1_high.jpg,casent0101534 profile view 1,April Nobile,Attribution-ShareAlike (BY-SA) Creative Commons License and GNU Free Documentation License (GFDL),"California Academy of Sciences, 2000-2008",GEODETIC_DATUM_ASSUMED_WGS84;CONTINENT_DERIVED_FROM_COORDINATES;COLLECTION_MATCH_NONE;INSTITUTION_MATCH_FUZZY,Camponotus,1,data/images/Camponotus/casent0101534_p.jpg,commons,train
865114988,CAS:ANTWEB:casent0101535,casent0101535,casent0101535,p,1312361,Camponotus,formicinae,Camponotus foersteri,"Camponotus foersteri Forel, 1886",,SPECIES,,worker,Lectotype,Antananarivo,[Forêt d' Andrangoloaka]; Mantasoa; Manjakandriana,-19.033333,47.916668,1409.0,,Sikora,Jean Claude Rakotonirina,https://www.antweb.org/images/casent0101535/casent0101535_p_1_high.jpg,casent0101535 profile view 1,April Nobile,Attribution-ShareAlike (BY-SA) Creative Commons License and GNU Free Documentation License (GFDL),"California Academy of Sciences, 2000-2008",GEODETIC_DATUM_ASSUMED_WGS84;CONTINENT_DERIVED_FROM_COORDINATES;COLLECTION_MATCH_NONE;INSTITUTION_MATCH_FUZZY,Camponotus,1,data/images/Camponotus/casent0101535_p.jpg,commons,test
865114095,CAS:ANTWEB:casent0101538,casent0101538,casent0101538,p,1312361,Camponotus,formicinae,Camponotus dromedarius,"Camponotus dromedarius Forel, 1891",,SPECIES,,worker,,Antananarivo,[Antananarivo]; Ambatomanjaka; Miarinarivo,-18.705147,46.825283,1399.0,,Camboué,,https://www.antweb.org/images/casent0101538/casent0101538_p_1_high.jpg,casent0101538 profile view 1,April Nobile,Attribution-ShareAlike (BY-SA) Creative Commons License and GNU Free Documentation License (GFDL),"California Academy of Sciences, 2000-2008",GEODETIC_DATUM_ASSUMED_WGS84;CONTINENT_DERIVED_FROM_COORDINATES;COLLECTION_MATCH_NONE;INSTITUTION_MATCH_FUZZY,Camponotus,1,data/images/Camponotus/casent0101538_p.jpg,commons,train
865114121,CAS:ANTWEB:casent0101539,casent0101539,casent0101539,p,1312361,Camponotus,formicinae,Camponotus maculiventris,Camponotus maculiventris Emery,,SPECIES,,worker,Paralectotype,Antsiranana,[Diego Suarez]; Bevohotra; Sambava,-14.0,49.5,797.0,1893-01-01,Ch Alluaud,Jean Claude Rakotonirina,https://www.antweb.org/images/casent0101539/casent0101539_p_1_high.jpg,casent0101539 profile view 1,April Nobile,Attribution-ShareAlike (BY-SA) Creative Commons License and GNU Free Documentation License (GFDL),"California Academy of Sciences, 2000-2008",GEODETIC_DATUM_ASSUMED_WGS84;CONTINENT_DERIVED_FROM_COORDINATES;COLLECTION_MATCH_NONE;INSTITUTION_MATCH_FUZZY,Camponotus,1,data/images/Camponotus/casent0101539_p.jpg,commons,train
865114143,CAS:ANTWEB:casent0101540,casent0101540,casent0101540,p,1312361,Camponotus,formicinae,Camponotus maculiventris,Camponotus maculiventris Emery,,SPECIES,,worker,Paralectotype,Antsiranana,[Diego Suarez]; Bevohotra; Sambava,-14.0,49.5,797.0,1893-01-01,Ch Alluaud,Jean Claude Rakotonirina,https://www.antweb.org/images/casent0101540/casent0101540_p_1_high.jpg,casent0101540 profile view 1,April Nobile,Attribution-ShareAlike (BY-SA) Creative Commons License and GNU Free Documentation License (GFDL),"California Academy of Sciences, 2000-2008",GEODETIC_DATUM_ASSUMED_WGS84;CONTINENT_DERIVED_FROM_COORDINATES;COLLECTION_MATCH_NONE;INSTITUTION_MATCH_FUZZY,Camponotus,1,data/images/Camponotus/casent0101540_p.jpg,commons,train
865114193,CAS:ANTWEB:casent0101542,casent0101542,casent0101542,p,1312361,Camponotus,formicinae,Camponotus christi,"Camponotus christi Forel, 1886",,SPECIES,,worker,,Antananarivo,[Andrangoloaca]; Mantasoa; Manjakandriana,-19.033333,47.916668,1409.0,,Sikora,,https://www.antweb.org/images/casent0101542/casent0101542_p_1_high.jpg,casent0101542 profile view 1,April Nobile,Attribution-ShareAlike (BY-SA) Creative Commons License and GNU Free Documentation License (GFDL),"California Academy of Sciences, 2000-2008",GEODETIC_DATUM_ASSUMED_WGS84;CONTINENT_DERIVED_FROM_COORDINATES;COLLECTION_MATCH_NONE;INSTITUTION_MATCH_FUZZY,Camponotus,1,data/images/Camponotus/casent0101542_p.jpg,commons,train
865114219,CAS:ANTWEB:casent0101543,casent0101543,casent0101543,p,1312361,Camponotus,formicinae,Camponotus foersteri,"Camponotus foersteri Forel, 1886",,SPECIES,,worker,Lectotype,Antananarivo,[Central madagascar]; Ambatomanjaka; Miarinarivo,-18.76695,46.86911,1343.0,,,Jean Claude Rakotonirina,https://www.antweb.org/images/casent0101543/casent0101543_p_1_high.jpg,casent0101543 profile view 1,April Nobile,Attribution-ShareAlike (BY-SA) Creative Commons License and GNU Free Documentation License (GFDL),"California Academy of Sciences, 2000-2008",GEODETIC_DATUM_ASSUMED_WGS84;CONTINENT_DERIVED_FROM_COORDINATES;COLLECTION_MATCH_NONE;INSTITUTION_MATCH_FUZZY,Camponotus,1,data/images/Camponotus/casent0101543_p.jpg,commons,train
865114243,CAS:ANTWEB:casent0101544,casent0101544,casent0101544,p,1312361,Camponotus,formicinae,Camponotus christi,"Camponotus christi Forel, 1886",,SPECIES,,worker,Lectotype,Antananarivo,[Central madagascar]; Ambatomanjaka; Miarinarivo,-18.76695,46.86911,1343.0,,,,https://www.antweb.org/images/casent0101544/casent0101544_p_1_high.jpg,casent0101544 profile view 1,April Nobile,Attribution-ShareAlike (BY-SA) Creative Commons License and GNU Free Documentation License (GFDL),"California Academy of Sciences, 2000-2008",GEODETIC_DATUM_ASSUMED_WGS84;CONTINENT_DERIVED_FROM_COORDINATES;COLLECTION_MATCH_NONE;INSTITUTION_MATCH_FUZZY,Camponotus,1,data/images/Camponotus/casent0101544_p.jpg,commons,train
865114272,CAS:ANTWEB:casent0101545,casent0101545,casent0101545,p,1312361,Camponotus,formicinae,Camponotus foersteri,"Camponotus foersteri Forel, 1886",,SPECIES,,worker,Paralectotype,Antananarivo,[Forêt d' Analamanita p. Antananarivo]; Tsaramasoandro; Ankazobe,-17.931944,47.109444,1398.0,,Camboué,Jean Claude Rakotonirina,https://www.antweb.org/images/casent0101545/casent0101545_p_1_high.jpg,casent0101545 profile view 1,Nick Olgeirson,Attribution-ShareAlike (BY-SA) Creative Commons License and GNU Free Documentation License (GFDL),"California Academy of Sciences, 2000-2026",GEODETIC_DATUM_ASSUMED_WGS84;CONTINENT_DERIVED_FROM_COORDINATES;COLLECTION_MATCH_NONE;INSTITUTION_MATCH_FUZZY,Camponotus,1,data/images/Camponotus/casent0101545_p.jpg,commons,test
865114380,CAS:ANTWEB:casent0101551,casent0101551,casent0101551,p,1312361,Camponotus,formicinae,Camponotus cervicalis,"Camponotus cervicalis Roger, 1863",,SPECIES,,worker,Paralectotype,Antananarivo,[Madagascar]; Ambatomanjaka; Miarinarivo,-18.76695,46.86911,1343.0,,,,https://www.antweb.org/images/casent0101551/casent0101551_p_1_high.jpg,casent0101551 profile view 1,April Nobile,Attribution-ShareAlike (BY-SA) Creative Commons License and GNU Free Documentation License (GFDL),"California Academy of Sciences, 2000-2007",GEODETIC_DATUM_ASSUMED_WGS84;CONTINENT_DERIVED_FROM_COORDINATES;COLLECTION_MATCH_NONE;INSTITUTION_MATCH_FUZZY,Camponotus,1,data/images/Camponotus/casent0101551_p.jpg,commons,train
865114405,CAS:ANTWEB:casent0101552,casent0101552,casent0101552,p,1312361,Camponotus,formicinae,Camponotus cervicalis,"Camponotus cervicalis Roger, 1863",,SPECIES,,worker,Paralectotype,Antananarivo,[Madagascar]; Ambatomanjaka; Miarinarivo,-18.76695,46.86911,1343.0,,Humblot,,https://www.antweb.org/images/casent0101552/casent0101552_p_1_high.jpg,casent0101552 profile view 1,April Nobile,Attribution-ShareAlike (BY-SA) Creative Commons License and GNU Free Documentation License (GFDL),"California Academy of Sciences, 2000-2007",GEODETIC_DATUM_ASSUMED_WGS84;CONTINENT_DERIVED_FROM_COORDINATES;COLLECTION_MATCH_NONE;INSTITUTION_MATCH_FUZZY,Camponotus,1,data/images/Camponotus/casent0101552_p.jpg,commons,train
865114431,CAS:ANTWEB:casent0101553,casent0101553,casent0101553,p,4673663,Bothroponera,ponerinae,Bothroponera comorensis,"Bothroponera comorensis Forel, 1887",,SPECIES,,worker,,Antsiranana,"[Nd. Madagascar, Amber Gebirge Nd. Madagascar]; Mosorolava; Antsiranana Rural",-12.61667,49.15,1113.0,,,,https://www.antweb.org/images/casent0101553/casent0101553_p_1_high.jpg,casent0101553 profile view 1,April Nobile,Attribution-ShareAlike (BY-SA) Creative Commons License and GNU Free Documentation License (GFDL),"California Academy of Sciences, 2000-2008",GEODETIC_DATUM_ASSUMED_WGS84;CONTINENT_DERIVED_FROM_COORDINATES;COLLECTION_MATCH_NONE;INSTITUTION_MATCH_FUZZY,Bothroponera,1,data/images/Bothroponera/casent0101553_p.jpg,commons,test
865114454,CAS:ANTWEB:casent0101554,casent0101554,casent0101554,p,1321654,Pheidole,myrmicinae,Pheidole spinosa,"Pheidole spinosa Forel, 1891",,SPECIES,,worker,Paralectotype,Fianarantsoa,[Fianarantsoa]; 2eme Arrondissement; Fianarantsoa Urban,-21.433332,47.083332,1160.0,,,S. Salata,https://www.antweb.org/images/casent0101554/casent0101554_p_1_high.jpg,casent0101554 profile view 1,Nick Olgeirson,Attribution-ShareAlike (BY-SA) Creative Commons License and GNU Free Documentation License (GFDL),"California Academy of Sciences, 2000-2008",GEODETIC_DATUM_ASSUMED_WGS84;CONTINENT_DERIVED_FROM_COORDINATES;COLLECTION_MATCH_NONE;INSTITUTION_MATCH_FUZZY,Pheidole,1,data/images/Pheidole/casent0101554_p.jpg,commons,train
865114498,CAS:ANTWEB:casent0101556,casent0101556,casent0101556,p,1323128,Tetramorium,myrmicinae,Tetramorium obiwan,"Tetramorium obiwan Hita Garcia & Fisher, 2014",,SPECIES,,worker,,Toamasina,[Moramanga],-18.9489,48.22443,914.0,,Sikora,F. Hita Garcia,https://www.antweb.org/images/casent0101556/casent0101556_p_1_high.jpg,casent0101556 profile view 1,April Nobile,Attribution-ShareAlike (BY-SA) Creative Commons License and GNU Free Documentation License (GFDL),"California Academy of Sciences, 2000-2008",GEODETIC_DATUM_ASSUMED_WGS84;CONTINENT_DERIVED_FROM_COORDINATES;COLLECTION_MATCH_NONE;INSTITUTION_MATCH_FUZZY,Tetramorium,1,data/images/Tetramorium/casent0101556_p.jpg,commons,train
865114515,CAS:ANTWEB:casent0101557,casent0101557,casent0101557,p,1324306,Crematogaster,myrmicinae,Crematogaster kelleri,"Crematogaster kelleri Forel, 1891",,SPECIES,,worker,Lectotype,Toamasina,[Bois d' Ivondro pres Tamatavé]; Antenina; Toamasina Rural,-18.23333,49.36667,14.0,,Keller,,https://www.antweb.org/images/casent0101557/casent0101557_p_1_high.jpg,casent0101557 profile view 1,April Nobile,Attribution-ShareAlike (BY-SA) Creative Commons License and GNU Free Documentation License (GFDL),"California Academy of Sciences, 2000-2008",GEODETIC_DATUM_ASSUMED_WGS84;CONTINENT_DERIVED_FROM_COORDINATES;COLLECTION_MATCH_NONE;INSTITUTION_MATCH_FUZZY,Crematogaster,1,data/images/Crematogaster/casent0101557_p.jpg,commons,train
865114534,CAS:ANTWEB:casent0101558,casent0101558,casent0101558,p,1324306,Crematogaster,myrmicinae,Crematogaster grevei,"Crematogaster grevei Forel, 1891",,SPECIES,,worker,,,,,,,,,,https://www.antweb.org/images/casent0101558/casent0101558_p_1_high.jpg,casent0101558 profile view 1,Nick Olgeirson,Attribution-ShareAlike (BY-SA) Creative Commons License and GNU Free Documentation License (GFDL),"California Academy of Sciences, 2000-2008",CONTINENT_DERIVED_FROM_COUNTRY;COLLECTION_MATCH_NONE;INSTITUTION_MATCH_FUZZY,Crematogaster,1,data/images/Crematogaster/casent0101558_p.jpg,commons,train
865114555,CAS:ANTWEB:casent0101559,casent0101559,casent0101559,p,1325265,Cataulacus,myrmicinae,Cataulacus ebrardi,"Cataulacus ebrardi Forel, 1886",,SPECIES,,worker,Syntype,Antananarivo,[Madagascar]; Ambatomanjaka; Miarinarivo,-18.76695,46.86911,1343.0,,,,https://www.antweb.org/images/casent0101559/casent0101559_p_1_high.jpg,casent0101559 profile view 1,April Nobile,Attribution-ShareAlike (BY-SA) Creative Commons License and GNU Free Documentation License (GFDL),"California Academy of Sciences, 2000-2008",GEODETIC_DATUM_ASSUMED_WGS84;CONTINENT_DERIVED_FROM_COORDINATES;COLLECTION_MATCH_NONE;INSTITUTION_MATCH_FUZZY,Cataulacus,1,data/images/Cataulacus/casent0101559_p.jpg,commons,test
865114571,CAS:ANTWEB:casent0101560,casent0101560,casent0101560,p,1321654,Pheidole,myrmicinae,Pheidole spinosa,"Pheidole spinosa Forel, 1891",,SPECIES,,worker,Lectotype,Antananarivo,"[Madagascar, ruguerm]; Ambatomanjaka; Miarinarivo",-18.76695,46.86911,1343.0,,Sikora,E.M. Sarnat,https://www.antweb.org/images/casent0101560/casent0101560_p_1_high.jpg,casent0101560 profile view 1,April Nobile,Attribution-ShareAlike (BY-SA) Creative Commons License and GNU Free Documentation License (GFDL),"California Academy of Sciences, 2000-2008",GEODETIC_DATUM_ASSUMED_WGS84;CONTINENT_DERIVED_FROM_COORDINATES;COLLECTION_MATCH_NONE;INSTITUTION_MATCH_FUZZY,Pheidole,1,data/images/Pheidole/casent0101560_p.jpg,commons,train
865114612,CAS:ANTWEB:casent0101562,casent0101562,casent0101562,p,1324306,Crematogaster,myrmicinae,Crematogaster ranavalonae,"Crematogaster ranavalonae Forel, 1887",,SPECIES,,worker,,Toamasina,[St. Marie de Madagascar]; Lonkintsy; Nosy-Boraha (St. Marie),-16.903694,49.91124,24.0,,,,https://www.antweb.org/images/casent0101562/casent0101562_p_1_high.jpg,casent0101562 profile view 1,April Nobile,Attribution-ShareAlike (BY-SA) Creative Commons License and GNU Free Documentation License (GFDL),"California Academy of Sciences, 2000-2008",GEODETIC_DATUM_ASSUMED_WGS84;CONTINENT_DERIVED_FROM_COORDINATES;COLLECTION_MATCH_NONE;INSTITUTION_MATCH_FUZZY,Crematogaster,1,data/images/Crematogaster/casent0101562_p.jpg,commons,train
865114647,CAS:ANTWEB:casent0101564,casent0101564,casent0101564,p,1321654,Pheidole,myrmicinae,Pheidole indica,"Pheidole indica Mayr, 1879",,SPECIES,,worker,Syntype,Mahajanga,[Majanga W. Madagascar]; Madirovalo; Ambato-Boina,-16.52388,46.51626,23.0,,,,https://www.antweb.org/images/casent0101564/casent0101564_p_1_high.jpg,casent0101564 profile view 1,April Nobile,Attribution-ShareAlike (BY-SA) Creative Commons License and GNU Free Documentation License (GFDL),"California Academy of Sciences, 2000-2008",GEODETIC_DATUM_ASSUMED_WGS84;CONTINENT_DERIVED_FROM_COORDINATES;COLLECTION_MATCH_NONE;INSTITUTION_MATCH_FUZZY,Pheidole,1,data/images/Pheidole/casent0101564_p.jpg,commons,train
865114694,CAS:ANTWEB:casent0101567,casent0101567,casent0101567,p,1321654,Pheidole,myrmicinae,Pheidole veteratrix,"Pheidole veteratrix Forel, 1891",,SPECIES,,worker,Syntype,Toamasina,[Mangoro ufer]; Ambohibary; Moramanga,-18.8833,48.1167,861.0,,,S. Salata,https://www.antweb.org/images/casent0101567/casent0101567_p_1_high.jpg,casent0101567 profile view 1,April Nobile,Attribution-ShareAlike (BY-SA) Creative Commons License and GNU Free Documentation License (GFDL),"California Academy of Sciences, 2000-2008",GEODETIC_DATUM_ASSUMED_WGS84;CONTINENT_DERIVED_FROM_COORDINATES;COLLECTION_MATCH_NONE;INSTITUTION_MATCH_FUZZY,Pheidole,1,data/images/Pheidole/casent0101567_p.jpg,commons,train
865114747,CAS:ANTWEB:casent0101570,casent0101570,casent0101570,p,1321654,Pheidole,myrmicinae,Pheidole spinosa,"Pheidole spinosa Forel, 1891",,SPECIES,,worker,Paralectotype,Antananarivo,[Antananarivo]; Ambatomanjaka; Miarinarivo,-18.705147,46.825283,1399.0,,Camboué,S. Salata,https://www.antweb.org/images/casent0101570/casent0101570_p_1_high.jpg,casent0101570 profile view 1,Michele Esposito,Attribution-ShareAlike (BY-SA) Creative Commons License and GNU Free Documentation License (GFDL),"California Academy of Sciences, 2000-2008",GEODETIC_DATUM_ASSUMED_WGS84;CONTINENT_DERIVED_FROM_COORDINATES;COLLECTION_MATCH_NONE;INSTITUTION_MATCH_FUZZY,Pheidole,1,data/images/Pheidole/casent0101570_p.jpg,commons,train
865114781,CAS:ANTWEB:casent0101572,casent0101572,casent0101572,p,1324306,Crematogaster,myrmicinae,Crematogaster grevei,"Crematogaster grevei Forel, 1891",,SPECIES,,worker,Lectotype,Toliara,[Morondava],-20.290419,44.299995,6.0,,,,https://www.antweb.org/images/casent0101572/casent0101572_p_1_high.jpg,casent0101572 profile view 1,April Nobile,Attribution-ShareAlike (BY-SA) Creative Commons License and GNU Free Documentation License (GFDL),"California Academy of Sciences, 2000-2008",GEODETIC_DATUM_ASSUMED_WGS84;CONTINENT_DERIVED_FROM_COORDINATES;COLLECTION_MATCH_NONE;INSTITUTION_MATCH_FUZZY,Crematogaster,1,data/images/Crematogaster/casent0101572_p.jpg,commons,test
865114812,CAS:ANTWEB:casent0101574,casent0101574,casent0101574,p,1319461,Anochetus,ponerinae,Anochetus madagascarensis,"Anochetus madagascarensis Forel, 1887",,SPECIES,,worker,Lectotype,Toamasina,[Ivondro p. Tamatavé]; Antenina; Toamasina Rural,-18.23333,49.36667,14.0,,,,https://www.antweb.org/images/casent0101574/casent0101574_p_1_high.jpg,casent0101574 profile view 1,April Nobile,Attribution-ShareAlike (BY-SA) Creative Commons License and GNU Free Documentation License (GFDL),"California Academy of Sciences, 2000-2007",GEODETIC_DATUM_ASSUMED_WGS84;CONTINENT_DERIVED_FROM_COORDINATES;COLLECTION_MATCH_NONE;INSTITUTION_MATCH_FUZZY,Anochetus,1,data/images/Anochetus/casent0101574_p.jpg,commons,train
865114827,CAS:ANTWEB:casent0101575,casent0101575,casent0101575,p,1319181,Tetraponera,pseudomyrmecinae,Tetraponera hysterica,"Tetraponera hysterica (Forel, 1892)",,SPECIES,,worker,,Toamasina,[Baie d' Antongíl]; Maroantsetra,-15.43333,49.75,12.0,,,,https://www.antweb.org/images/casent0101575/casent0101575_p_1_high.jpg,casent0101575 profile view 1,April Nobile,Attribution-ShareAlike (BY-SA) Creative Commons License and GNU Free Documentation License (GFDL),"California Academy of Sciences, 2000-2007",GEODETIC_DATUM_ASSUMED_WGS84;CONTINENT_DERIVED_FROM_COORDINATES;COLLECTION_MATCH_NONE;INSTITUTION_MATCH_FUZZY,Tetraponera,1,data/images/Tetraponera/casent0101575_p.jpg,commons,train
865114900,CAS:ANTWEB:casent0101579,casent0101579,casent0101579,p,1319461,Anochetus,ponerinae,Anochetus madagascarensis,"Anochetus madagascarensis Forel, 1887",,SPECIES,,worker,,Antsiranana,[Nossi bé; TNC]; Nosy be; Nosibe,-13.29167,48.25833,146.0,,,,https://www.antweb.org/images/casent0101579/casent0101579_p_1_high.jpg,casent0101579 profile view 1,April Nobile,Attribution-ShareAlike (BY-SA) Creative Commons License and GNU Free Documentation License (GFDL),"California Academy of Sciences, 2000-2007",GEODETIC_DATUM_ASSUMED_WGS84;CONTINENT_DERIVED_FROM_COORDINATES;COLLECTION_MATCH_NONE;INSTITUTION_MATCH_FUZZY,Anochetus,1,data/images/Anochetus/casent0101579_p.jpg,commons,train
865114919,CAS:ANTWEB:casent0101580,casent0101580,casent0101580,p,1321654,Pheidole,myrmicinae,Pheidole spinosa,"Pheidole spinosa Forel, 1891",,SPECIES,,worker,Paralectotype,Antananarivo,"[Madagascar, ruguerm]; Ambatomanjaka; Miarinarivo",-18.76695,46.86911,1343.0,,Sikora,E.M. Sarnat,https://www.antweb.org/images/casent0101580/casent0101580_p_1_high.jpg,casent0101580 profile view 1,Michele Esposito,Attribution-ShareAlike (BY-SA) Creative Commons License and GNU Free Documentation License (GFDL),"California Academy of Sciences, 2000-2008",GEODETIC_DATUM_ASSUMED_WGS84;CONTINENT_DERIVED_FROM_COORDINATES;COLLECTION_MATCH_NONE;INSTITUTION_MATCH_FUZZY,Pheidole,1,data/images/Pheidole/casent0101580_p.jpg,commons,train
865114980,CAS:ANTWEB:casent0101583,casent0101583,casent0101583,p,1325265,Cataulacus,myrmicinae,Cataulacus ebrardi,"Cataulacus ebrardi Forel, 1886",,SPECIES,,worker,Syntype,Antananarivo,[Madagascar]; Ambatomanjaka; Miarinarivo,-18.76695,46.86911,1343.0,,,,https://www.antweb.org/images/casent0101583/casent0101583_p_1_high.jpg,casent0101583 profile view 1,April Nobile,Attribution-ShareAlike (BY-SA) Creative Commons License and GNU Free Documentation License (GFDL),"California Academy of Sciences, 2000-2008",GEODETIC_DATUM_ASSUMED_WGS84;CONTINENT_DERIVED_FROM_COORDINATES;COLLECTION_MATCH_NONE;INSTITUTION_MATCH_FUZZY,Cataulacus,1,data/images/Cataulacus/casent0101583_p.jpg,commons,test
865114997,CAS:ANTWEB:casent0101584,casent0101584,casent0101584,p,1321654,Pheidole,myrmicinae,Pheidole nemoralis,"Pheidole nemoralis Forel, 1892",,SPECIES,,worker,Syntype,Antananarivo,[Andrangoloaca]; Mantasoa; Manjakandriana,-19.033333,47.916668,1409.0,,,,https://www.antweb.org/images/casent0101584/casent0101584_p_1_high.jpg,casent0101584 profile view 1,Michele Esposito,Attribution-ShareAlike (BY-SA) Creative Commons License and GNU Free Documentation License (GFDL),"California Academy of Sciences, 2000-2008",GEODETIC_DATUM_ASSUMED_WGS84;CONTINENT_DERIVED_FROM_COORDINATES;COLLECTION_MATCH_NONE;INSTITUTION_MATCH_FUZZY,Pheidole,1,data/images/Pheidole/casent0101584_p.jpg,commons,train
865115013,CAS:ANTWEB:casent0101585,casent0101585,casent0101585,p,1324306,Crematogaster,myrmicinae,Crematogaster lobata,"Crematogaster lobata Emery, 1895",,SPECIES,,worker,,Antsiranana,[Diego Suarez]; Bevohotra; Sambava,-14.0,49.5,797.0,1893-01-01,Ch Alluaud,,https://www.antweb.org/images/casent0101585/casent0101585_p_1_high.jpg,casent0101585 profile view 1,April Nobile,Attribution-ShareAlike (BY-SA) Creative Commons License and GNU Free Documentation License (GFDL),"California Academy of Sciences, 2000-2008",GEODETIC_DATUM_ASSUMED_WGS84;CONTINENT_DERIVED_FROM_COORDINATES;COLLECTION_MATCH_NONE;INSTITUTION_MATCH_FUZZY,Crematogaster,1,data/images/Crematogaster/casent0101585_p.jpg,commons,test
865115045,CAS:ANTWEB:casent0101587,casent0101587,casent0101587,p,1319461,Anochetus,ponerinae,Anochetus madagascarensis,"Anochetus madagascarensis Forel, 1887",,SPECIES,,worker,,Toamasina,[Ivondro p. Tamatavé]; Antenina; Toamasina Rural,-18.23333,49.36667,14.0,,,,https://www.antweb.org/images/casent0101587/casent0101587_p_1_high.jpg,casent0101587 profile view 1,April Nobile,Attribution-ShareAlike (BY-SA) Creative Commons License and GNU Free Documentation License (GFDL),"California Academy of Sciences, 2000-2007",GEODETIC_DATUM_ASSUMED_WGS84;CONTINENT_DERIVED_FROM_COORDINATES;COLLECTION_MATCH_NONE;INSTITUTION_MATCH_FUZZY,Anochetus,1,data/images/Anochetus/casent0101587_p.jpg,commons,test
865114684,CAS:ANTWEB:casent0101589,casent0101589,casent0101589,p,1321215,Leptogenys,ponerinae,Leptogenys grandidieri,"Leptogenys grandidieri Forel, 1910",,SPECIES,,worker,Holotype,Toliara,[Fort Dauphin S.G. Madagascar]; Taolagnaro,-25.02,46.9833,2.0,,,,https://www.antweb.org/images/casent0101589/casent0101589_p_1_high.jpg,casent0101589 profile view 1,April Nobile,Attribution-ShareAlike (BY-SA) Creative Commons License and GNU Free Documentation License (GFDL),"California Academy of Sciences, 2000-2008",GEODETIC_DATUM_ASSUMED_WGS84;CONTINENT_DERIVED_FROM_COORDINATES;COLLECTION_MATCH_NONE;INSTITUTION_MATCH_FUZZY,Leptogenys,1,data/images/Leptogenys/casent0101589_p.jpg,commons,train
865114771,CAS:ANTWEB:casent0101594,casent0101594,casent0101594,p,1321654,Pheidole,myrmicinae,Pheidole veteratrix,"Pheidole veteratrix Forel, 1891",,SPECIES,,worker,Syntype,Antananarivo,[Andrangoloaca]; Mantasoa; Manjakandriana,-19.033333,47.916668,1409.0,,,S. Salata,https://www.antweb.org/images/casent0101594/casent0101594_p_1_high.jpg,casent0101594 profile view 1,Nick Olgeirson,Attribution-ShareAlike (BY-SA) Creative Commons License and GNU Free Documentation License (GFDL),"California Academy of Sciences, 2000-2008",GEODETIC_DATUM_ASSUMED_WGS84;CONTINENT_DERIVED_FROM_COORDINATES;COLLECTION_MATCH_NONE;INSTITUTION_MATCH_FUZZY,Pheidole,1,data/images/Pheidole/casent0101594_p.jpg,commons,train
865114817,CAS:ANTWEB:casent0101597,casent0101597,casent0101597,p,1324306,Crematogaster,myrmicinae,Crematogaster degeeri,"Crematogaster degeeri Forel, 1886",,SPECIES,,worker,,Fianarantsoa,[Fianarantsoa]; 2eme Arrondissement; Fianarantsoa Urban,-21.433332,47.083332,1160.0,,,,https://www.antweb.org/images/casent0101597/casent0101597_p_1_high.jpg,casent0101597 profile view 1,April Nobile,Attribution-ShareAlike (BY-SA) Creative Commons License and GNU Free Documentation License (GFDL),"California Academy of Sciences, 2000-2008",GEODETIC_DATUM_ASSUMED_WGS84;CONTINENT_DERIVED_FROM_COORDINATES;COLLECTION_MATCH_NONE;INSTITUTION_MATCH_FUZZY,Crematogaster,1,data/images/Crematogaster/casent0101597_p.jpg,commons,train
865114835,CAS:ANTWEB:casent0101598,casent0101598,casent0101598,p,1321654,Pheidole,myrmicinae,Pheidole longispinosa,"Pheidole longispinosa Forel, 1891",,SPECIES,,worker,Syntype,Antananarivo,[Antananarivo]; Ambatomanjaka; Miarinarivo,-18.705147,46.825283,1399.0,,Camboué,,https://www.antweb.org/images/casent0101598/casent0101598_p_1_high.jpg,casent0101598 profile view 1,April Nobile,Attribution-ShareAlike (BY-SA) Creative Commons License and GNU Free Documentation License (GFDL),"California Academy of Sciences, 2000-2008",GEODETIC_DATUM_ASSUMED_WGS84;CONTINENT_DERIVED_FROM_COORDINATES;COLLECTION_MATCH_NONE;INSTITUTION_MATCH_FUZZY,Pheidole,1,data/images/Pheidole/casent0101598_p.jpg,commons,train
865114851,CAS:ANTWEB:casent0101599,casent0101599,casent0101599,p,1324306,Crematogaster,myrmicinae,Crematogaster sewellii,"Crematogaster sewellii Forel, 1891",,SPECIES,,worker,Lectotype,Fianarantsoa,[Fianarantsoa]; 2eme Arrondissement; Fianarantsoa Urban,-21.433332,47.083332,1160.0,,Dr. Besson,,https://www.antweb.org/images/casent0101599/casent0101599_p_1_high.jpg,casent0101599 profile view 1,April Nobile,Attribution-ShareAlike (BY-SA) Creative Commons License and GNU Free Documentation License (GFDL),"California Academy of Sciences, 2000-2008",GEODETIC_DATUM_ASSUMED_WGS84;CONTINENT_DERIVED_FROM_COORDINATES;COLLECTION_MATCH_NONE;INSTITUTION_MATCH_FUZZY,Crematogaster,1,data/images/Crematogaster/casent0101599_p.jpg,commons,test
865114903,CAS:ANTWEB:casent0101602,casent0101602,casent0101602,p,1312361,Camponotus,formicinae,Camponotus roeseli,"Camponotus roeseli Forel, 1910",,SPECIES,,worker,Lectotype,Antsiranana,"[Nd. Madagascar, Amber Gebirge Nd. Madagascar]; Mosorolava; Antsiranana Rural",-12.616667,49.15,1113.0,,,,https://www.antweb.org/images/casent0101602/casent0101602_p_1_high.jpg,casent0101602 profile view 1,April Nobile,Attribution-ShareAlike (BY-SA) Creative Commons License and GNU Free Documentation License (GFDL),"California Academy of Sciences, 2000-2008",GEODETIC_DATUM_ASSUMED_WGS84;CONTINENT_DERIVED_FROM_COORDINATES;COLLECTION_MATCH_NONE;INSTITUTION_MATCH_FUZZY,Camponotus,1,data/images/Camponotus/casent0101602_p.jpg,commons,train
865115007,CAS:ANTWEB:casent0101608,casent0101608,casent0101608,p,1325265,Cataulacus,myrmicinae,Cataulacus intrudens,"Cataulacus intrudens (Smith, 1876)",,SPECIES,,worker,Syntype,Antananarivo,[Centr Madag]; Ambatomanjaka; Miarinarivo,-18.76695,46.86911,1343.0,,,,https://www.antweb.org/images/casent0101608/casent0101608_p_1_high.jpg,casent0101608 profile view 1,April Nobile,Attribution-ShareAlike (BY-SA) Creative Commons License and GNU Free Documentation License (GFDL),"California Academy of Sciences, 2000-2008",GEODETIC_DATUM_ASSUMED_WGS84;CONTINENT_DERIVED_FROM_COORDINATES;COLLECTION_MATCH_NONE;INSTITUTION_MATCH_FUZZY,Cataulacus,1,data/images/Cataulacus/casent0101608_p.jpg,commons,train
865115023,CAS:ANTWEB:casent0101609,casent0101609,casent0101609,p,1319461,Anochetus,ponerinae,Anochetus madagascarensis,"Anochetus madagascarensis Forel, 1887",,SPECIES,,worker,,Toamasina,[Ilât Prune bei Tamatave]; Antetezambaro; Toamasina Rural,-18.047714,49.402493,15.0,,Friederichs,,https://www.antweb.org/images/casent0101609/casent0101609_p_1_high.jpg,casent0101609 profile view 1,April Nobile,Attribution-ShareAlike (BY-SA) Creative Commons License and GNU Free Documentation License (GFDL),"California Academy of Sciences, 2000-2008",GEODETIC_DATUM_ASSUMED_WGS84;CONTINENT_DERIVED_FROM_COORDINATES;COLLECTION_MATCH_NONE;INSTITUTION_MATCH_FUZZY,Anochetus,1,data/images/Anochetus/casent0101609_p.jpg,commons,train
865115079,CAS:ANTWEB:casent0101613,casent0101613,casent0101613,p,1324306,Crematogaster,myrmicinae,Crematogaster rasoherinae,"Crematogaster rasoherinae Forel, 1891",,SPECIES,,worker,,Toamasina,[O. Madagascar Ile aua Prunes]; Antetezambaro; Toamasina Rural,-18.05056,49.46056,15.0,,S. Voeltzkow,,https://www.antweb.org/images/casent0101613/casent0101613_p_1_high.jpg,casent0101613 profile view 1,April Nobile,Attribution-ShareAlike (BY-SA) Creative Commons License and GNU Free Documentation License (GFDL),"California Academy of Sciences, 2000-2008",GEODETIC_DATUM_ASSUMED_WGS84;CONTINENT_DERIVED_FROM_COORDINATES;COLLECTION_MATCH_NONE;INSTITUTION_MATCH_FUZZY,Crematogaster,1,data/images/Crematogaster/casent0101613_p.jpg,commons,test
865115130,CAS:ANTWEB:casent0101616,casent0101616,casent0101616,p,7731605,Nesomyrmex,myrmicinae,Nesomyrmex retusispinosus,Nesomyrmex retusispinosus,,SPECIES,,worker,,Antananarivo,[For d' andrangoloaca]; Mantasoa; Manjakandriana,-19.03333,47.91667,1409.0,,Sikora,,https://www.antweb.org/images/casent0101616/casent0101616_p_1_high.jpg,casent0101616 profile view 1,April Nobile,Attribution-ShareAlike (BY-SA) Creative Commons License and GNU Free Documentation License (GFDL),"California Academy of Sciences, 2000-2008",GEODETIC_DATUM_ASSUMED_WGS84;CONTINENT_DERIVED_FROM_COORDINATES;COLLECTION_MATCH_NONE;INSTITUTION_MATCH_FUZZY,Nesomyrmex,1,data/images/Nesomyrmex/casent0101616_p.jpg,commons,test
865115170,CAS:ANTWEB:casent0101618,casent0101618,casent0101618,p,1317363,Terataner,myrmicinae,Terataner rufipes,"Terataner rufipes Emery, 1912",,SPECIES,,worker,Syntype,Toliara,[Fort Dauphin]; Taolagnaro,-25.02,46.9833,2.0,,Sikora,,https://www.antweb.org/images/casent0101618/casent0101618_p_1_high.jpg,casent0101618 profile view 1,April Nobile,Attribution-ShareAlike (BY-SA) Creative Commons License and GNU Free Documentation License (GFDL),"California Academy of Sciences, 2000-2008",GEODETIC_DATUM_ASSUMED_WGS84;CONTINENT_DERIVED_FROM_COORDINATES;COLLECTION_MATCH_NONE;INSTITUTION_MATCH_FUZZY,Terataner,1,data/images/Terataner/casent0101618_p.jpg,commons,train
865115294,CAS:ANTWEB:casent0101624,casent0101624,casent0101624,p,1321654,Pheidole,myrmicinae,Pheidole lucida,"Pheidole lucida Forel, 1895",,SPECIES,,worker,Syntype,Antananarivo,[Andrangoloaca]; Mantasoa; Manjakandriana,-19.033333,47.916668,1409.0,,,,https://www.antweb.org/images/casent0101624/casent0101624_p_1_high.jpg,casent0101624 profile view 1,April Nobile,Attribution-ShareAlike (BY-SA) Creative Commons License and GNU Free Documentation License (GFDL),"California Academy of Sciences, 2000-2008",GEODETIC_DATUM_ASSUMED_WGS84;CONTINENT_DERIVED_FROM_COORDINATES;COLLECTION_MATCH_NONE;INSTITUTION_MATCH_FUZZY,Pheidole,1,data/images/Pheidole/casent0101624_p.jpg,commons,train
865115339,CAS:ANTWEB:casent0101626,casent0101626,casent0101626,p,1321215,Leptogenys,ponerinae,Leptogenys truncatirostris,"Leptogenys truncatirostris Forel, 1897",,SPECIES,,worker,Paralectotype,Antsiranana,[Nosi bé]; Nosy be; Nosibe,-13.31502,48.25927,128.0,,Voeltzkow,,https://www.antweb.org/images/casent0101626/casent0101626_p_1_high.jpg,casent0101626 profile view 1,April Nobile,Attribution-ShareAlike (BY-SA) Creative Commons License and GNU Free Documentation License (GFDL),"California Academy of Sciences, 2000-2008",GEODETIC_DATUM_ASSUMED_WGS84;CONTINENT_DERIVED_FROM_COORDINATES;COLLECTION_MATCH_NONE;INSTITUTION_MATCH_FUZZY,Leptogenys,1,data/images/Leptogenys/casent0101626_p.jpg,commons,train
865115386,CAS:ANTWEB:casent0101628,casent0101628,casent0101628,p,1321654,Pheidole,myrmicinae,Pheidole litigiosa,"Pheidole litigiosa Forel, 1892",,SPECIES,,worker,Lectotype,Antananarivo,[andrangoloaka]; Mantasoa; Manjakandriana,-19.033333,47.916668,1409.0,,,S. Salata,https://www.antweb.org/images/casent0101628/casent0101628_p_1_high.jpg,casent0101628 profile view 1,Michele Esposito,Attribution-ShareAlike (BY-SA) Creative Commons License and GNU Free Documentation License (GFDL),"California Academy of Sciences, 2000-2008",GEODETIC_DATUM_ASSUMED_WGS84;CONTINENT_DERIVED_FROM_COORDINATES;COLLECTION_MATCH_NONE;INSTITUTION_MATCH_FUZZY,Pheidole,1,data/images/Pheidole/casent0101628_p.jpg,commons,train
865115441,CAS:ANTWEB:casent0101630,casent0101630,casent0101630,p,1321654,Pheidole,myrmicinae,Pheidole veteratrix,"Pheidole veteratrix Forel, 1891",,SPECIES,,worker,Syntype,Antananarivo,[Andrangoloaka]; Mantasoa; Manjakandriana,-19.033333,47.916668,1409.0,,Sikora,S. Salata,https://www.antweb.org/images/casent0101630/casent0101630_p_1_high.jpg,casent0101630 profile view 1,Michele Esposito,Attribution-ShareAlike (BY-SA) Creative Commons License and GNU Free Documentation License (GFDL),"California Academy of Sciences, 2000-2008",GEODETIC_DATUM_ASSUMED_WGS84;CONTINENT_DERIVED_FROM_COORDINATES;COLLECTION_MATCH_NONE;INSTITUTION_MATCH_FUZZY,Pheidole,1,data/images/Pheidole/casent0101630_p.jpg,commons,train
865115471,CAS:ANTWEB:casent0101631,casent0101631,casent0101631,p,1324306,Crematogaster,myrmicinae,Crematogaster ensifera,"Crematogaster ensifera Forel, 1910",,SPECIES,,worker,,Toamasina,[Sahana]; Manambolosy; Mananara,-16.083332,49.63333,38.0,,,,https://www.antweb.org/images/casent0101631/casent0101631_p_1_high.jpg,casent0101631 profile view 1,April Nobile,Attribution-ShareAlike (BY-SA) Creative Commons License and GNU Free Documentation License (GFDL),"California Academy of Sciences, 2000-2008",GEODETIC_DATUM_ASSUMED_WGS84;CONTINENT_DERIVED_FROM_COORDINATES;COLLECTION_MATCH_NONE;INSTITUTION_MATCH_FUZZY,Crematogaster,1,data/images/Crematogaster/casent0101631_p.jpg,commons,train
865115493,CAS:ANTWEB:casent0101632,casent0101632,casent0101632,p,1324306,Crematogaster,myrmicinae,Crematogaster sewellii,"Crematogaster sewellii Forel, 1891",,SPECIES,,worker,,Fianarantsoa,[Fianarantsoa]; 2eme Arrondissement; Fianarantsoa Urban,-21.433332,47.083332,1160.0,,Dr. Besson,,https://www.antweb.org/images/casent0101632/casent0101632_p_1_high.jpg,casent0101632 profile view 1,April Nobile,Attribution-ShareAlike (BY-SA) Creative Commons License and GNU Free Documentation License (GFDL),"California Academy of Sciences, 2000-2008",GEODETIC_DATUM_ASSUMED_WGS84;CONTINENT_DERIVED_FROM_COORDINATES;COLLECTION_MATCH_NONE;INSTITUTION_MATCH_FUZZY,Crematogaster,1,data/images/Crematogaster/casent0101632_p.jpg,commons,test
865115546,CAS:ANTWEB:casent0101634,casent0101634,casent0101634,p,8301906,Meranoplus,myrmicinae,Meranoplus radamae,"Meranoplus radamae Forel, 1891",,SPECIES,,worker,,Antananarivo,[Central Madagascar]; Ambatomanjaka; Miarinarivo,-18.76695,46.86911,1343.0,,,,https://www.antweb.org/images/casent0101634/casent0101634_p_1_high.jpg,casent0101634 profile view 1,April Nobile,Attribution-ShareAlike (BY-SA) Creative Commons License and GNU Free Documentation License (GFDL),"California Academy of Sciences, 2000-2008",GEODETIC_DATUM_ASSUMED_WGS84;CONTINENT_DERIVED_FROM_COORDINATES;COLLECTION_MATCH_NONE;INSTITUTION_MATCH_FUZZY,Meranoplus,1,data/images/Meranoplus/casent0101634_p.jpg,commons,train
865115571,CAS:ANTWEB:casent0101635,casent0101635,casent0101635,p,1319181,Tetraponera,pseudomyrmecinae,Tetraponera hysterica,"Tetraponera hysterica (Forel, 1892)",,SPECIES,,worker,Syntype,Toamasina,[Village de Nosi bé Imerina]; Anosibe An'ala; Anosibe,-19.43173,48.20702,622.0,,Sikora,,https://www.antweb.org/images/casent0101635/casent0101635_p_1_high.jpg,casent0101635 profile view 1,April Nobile,Attribution-ShareAlike (BY-SA) Creative Commons License and GNU Free Documentation License (GFDL),"California Academy of Sciences, 2000-2007",GEODETIC_DATUM_ASSUMED_WGS84;CONTINENT_DERIVED_FROM_COORDINATES;COLLECTION_MATCH_NONE;INSTITUTION_MATCH_FUZZY,Tetraponera,1,data/images/Tetraponera/casent0101635_p.jpg,commons,train
865115594,CAS:ANTWEB:casent0101636,casent0101636,casent0101636,p,1320039,Technomyrmex,dolichoderinae,Technomyrmex madecassus,"Technomyrmex madecassus Forel, 1897",,SPECIES,,worker,,Antsiranana,[Nosibé]; Nosy be; Nosibe,-13.29167,48.25833,146.0,,Voeltzkow,,https://www.antweb.org/images/casent0101636/casent0101636_p_1_high.jpg,casent0101636 profile view 1,April Nobile,Attribution-ShareAlike (BY-SA) Creative Commons License and GNU Free Documentation License (GFDL),"California Academy of Sciences, 2000-2007",GEODETIC_DATUM_ASSUMED_WGS84;CONTINENT_DERIVED_FROM_COORDINATES;COLLECTION_MATCH_NONE;INSTITUTION_MATCH_FUZZY,Technomyrmex,1,data/images/Technomyrmex/casent0101636_p.jpg,commons,train
865114675,CAS:ANTWEB:casent0101638,casent0101638,casent0101638,p,1321654,Pheidole,myrmicinae,Pheidole litigiosa,"Pheidole litigiosa Forel, 1892",,SPECIES,,worker,Syntype,Antananarivo,[Andrangoloaka]; Mantasoa; Manjakandriana,-19.033333,47.916668,1409.0,,,S. Salata,https://www.antweb.org/images/casent0101638/casent0101638_p_1_high.jpg,casent0101638 profile view 1,Michele Esposito,Attribution-ShareAlike (BY-SA) Creative Commons License and GNU Free Documentation License (GFDL),"California Academy of Sciences, 2000-2008",GEODETIC_DATUM_ASSUMED_WGS84;CONTINENT_DERIVED_FROM_COORDINATES;COLLECTION_MATCH_NONE;INSTITUTION_MATCH_FUZZY,Pheidole,1,data/images/Pheidole/casent0101638_p.jpg,commons,test
865114691,CAS:ANTWEB:casent0101639,casent0101639,casent0101639,p,1324306,Crematogaster,myrmicinae,Crematogaster ranavalonae,"Crematogaster ranavalonae Forel, 1887",,SPECIES,,worker,,Antananarivo,[Andrangoloaca]; Mantasoa; Manjakandriana,-19.033333,47.916668,1409.0,,,,https://www.antweb.org/images/casent0101639/casent0101639_p_1_high.jpg,casent0101639 profile view 1,Nick Olgeirson,Attribution-ShareAlike (BY-SA) Creative Commons License and GNU Free Documentation License (GFDL),"California Academy of Sciences, 2000-2008",GEODETIC_DATUM_ASSUMED_WGS84;CONTINENT_DERIVED_FROM_COORDINATES;COLLECTION_MATCH_NONE;INSTITUTION_MATCH_FUZZY,Crematogaster,1,data/images/Crematogaster/casent0101639_p.jpg,commons,train
865114705,CAS:ANTWEB:casent0101640,casent0101640,casent0101640,p,1321654,Pheidole,myrmicinae,Pheidole oswaldi,"Pheidole oswaldi Forel, 1891",,SPECIES,,worker,,Toamasina,[Bois a 30 see meilen NW de Tamatave]; Ambodiriana; Toamasina Rural,-17.88832,49.22849,373.0,1889-09-28,M. O'Swald,,https://www.antweb.org/images/casent0101640/casent0101640_p_1_high.jpg,casent0101640 profile view 1,Nick Olgeirson,Attribution-ShareAlike (BY-SA) Creative Commons License and GNU Free Documentation License (GFDL),"California Academy of Sciences, 2000-2008",GEODETIC_DATUM_ASSUMED_WGS84;CONTINENT_DERIVED_FROM_COORDINATES;COLLECTION_MATCH_NONE;INSTITUTION_MATCH_FUZZY,Pheidole,1,data/images/Pheidole/casent0101640_p.jpg,commons,train
865114721,CAS:ANTWEB:casent0101641,casent0101641,casent0101641,p,8301906,Meranoplus,myrmicinae,Meranoplus radamae,"Meranoplus radamae Forel, 1891",,SPECIES,,worker,,Antananarivo,[Centr. Madag]; Ambatomanjaka; Miarinarivo,-18.76695,46.86911,1343.0,,Hildebrandt,,https://www.antweb.org/images/casent0101641/casent0101641_p_1_high.jpg,casent0101641 profile view 1,Nick Olgeirson,Attribution-ShareAlike (BY-SA) Creative Commons License and GNU Free Documentation License (GFDL),"California Academy of Sciences, 2000-2008",GEODETIC_DATUM_ASSUMED_WGS84;CONTINENT_DERIVED_FROM_COORDINATES;COLLECTION_MATCH_NONE;INSTITUTION_MATCH_FUZZY,Meranoplus,1,data/images/Meranoplus/casent0101641_p.jpg,commons,test
865114778,CAS:ANTWEB:casent0101644,casent0101644,casent0101644,p,1312361,Camponotus,formicinae,Camponotus dufouri,"Camponotus dufouri Forel, 1891",,SPECIES,,worker,Lectotype,Toamasina,[Bois 30 miles NW. Tamatav.]; Ambodiriana; Toamasina Rural,-17.88832,49.22849,373.0,,O.' Swald,,https://www.antweb.org/images/casent0101644/casent0101644_p_1_high.jpg,casent0101644 profile view 1,April Nobile,Attribution-ShareAlike (BY-SA) Creative Commons License and GNU Free Documentation License (GFDL),"California Academy of Sciences, 2000-2007",GEODETIC_DATUM_ASSUMED_WGS84;CONTINENT_DERIVED_FROM_COORDINATES;COLLECTION_MATCH_NONE;INSTITUTION_MATCH_FUZZY,Camponotus,1,data/images/Camponotus/casent0101644_p.jpg,commons,train
865114866,CAS:ANTWEB:casent0101650,casent0101650,casent0101650,p,1321654,Pheidole,myrmicinae,Pheidole ensifera,"Pheidole ensifera Forel, 1897",,SPECIES,,worker,,Antsiranana,[Nosibé]; Nosy be; Nosibe,-13.291667,48.25833,146.0,,Voeltzkow,,https://www.antweb.org/images/casent0101650/casent0101650_p_1_high.jpg,casent0101650 profile view 1,April Nobile,Attribution-ShareAlike (BY-SA) Creative Commons License and GNU Free Documentation License (GFDL),"California Academy of Sciences, 2000-2008",GEODETIC_DATUM_ASSUMED_WGS84;CONTINENT_DERIVED_FROM_COORDINATES;COLLECTION_MATCH_NONE;INSTITUTION_MATCH_FUZZY,Pheidole,1,data/images/Pheidole/casent0101650_p.jpg,gbif_cache,train
865114886,CAS:ANTWEB:casent0101651,casent0101651,casent0101651,p,1319461,Anochetus,ponerinae,Anochetus madagascarensis,"Anochetus madagascarensis Forel, 1887",,SPECIES,,worker,Lectotype,Toamasina,[Ilât Prune bei Tamatave]; Antetezambaro; Toamasina Rural,-18.047714,49.402493,15.0,,Friederichs,,https://www.antweb.org/images/casent0101651/casent0101651_p_1_high.jpg,casent0101651 profile view 1,April Nobile,Attribution-ShareAlike (BY-SA) Creative Commons License and GNU Free Documentation License (GFDL),"California Academy of Sciences, 2000-2007",GEODETIC_DATUM_ASSUMED_WGS84;CONTINENT_DERIVED_FROM_COORDINATES;COLLECTION_MATCH_NONE;INSTITUTION_MATCH_FUZZY,Anochetus,1,data/images/Anochetus/casent0101651_p.jpg,commons,train
865114901,CAS:ANTWEB:casent0101652,casent0101652,casent0101652,p,1319181,Tetraponera,pseudomyrmecinae,Tetraponera grandidieri,"Tetraponera grandidieri (Forel, 1891)",,SPECIES,,worker,Lectotype,,[TNC Madag],,,,,,,https://www.antweb.org/images/casent0101652/casent0101652_p_1_high.jpg,casent0101652 profile view 1,April Nobile,Attribution-ShareAlike (BY-SA) Creative Commons License and GNU Free Documentation License (GFDL),"California Academy of Sciences, 2000-2008",CONTINENT_DERIVED_FROM_COUNTRY;COLLECTION_MATCH_NONE;INSTITUTION_MATCH_FUZZY,Tetraponera,1,data/images/Tetraponera/casent0101652_p.jpg,commons,test
865114958,CAS:ANTWEB:casent0101655,casent0101655,casent0101655,p,1324306,Crematogaster,myrmicinae,Crematogaster hova,"Crematogaster hova Forel, 1887",,SPECIES,,worker,Lectotype,Toamasina,[Mangoro ufer]; Ambohibary; Moramanga,-18.8833,48.1167,861.0,,,,https://www.antweb.org/images/casent0101655/casent0101655_p_1_high.jpg,casent0101655 profile view 1,April Nobile,Attribution-ShareAlike (BY-SA) Creative Commons License and GNU Free Documentation License (GFDL),"California Academy of Sciences, 2000-2008",GEODETIC_DATUM_ASSUMED_WGS84;CONTINENT_DERIVED_FROM_COORDINATES;COLLECTION_MATCH_NONE;INSTITUTION_MATCH_FUZZY,Crematogaster,1,data/images/Crematogaster/casent0101655_p.jpg,commons,test
865115024,CAS:ANTWEB:casent0101659,casent0101659,casent0101659,p,1324306,Crematogaster,myrmicinae,Crematogaster hova,"Crematogaster hova Forel, 1887",,SPECIES,,worker,,Toamasina,[Ivondro]; Antenina; Toamasina Rural,-18.23333,49.36667,14.0,,,,https://www.antweb.org/images/casent0101659/casent0101659_p_1_high.jpg,casent0101659 profile view 1,April Nobile,Attribution-ShareAlike (BY-SA) Creative Commons License and GNU Free Documentation License (GFDL),"California Academy of Sciences, 2000-2008",GEODETIC_DATUM_ASSUMED_WGS84;CONTINENT_DERIVED_FROM_COORDINATES;COLLECTION_MATCH_NONE;INSTITUTION_MATCH_FUZZY,Crematogaster,1,data/images/Crematogaster/casent0101659_p.jpg,commons,train
865115055,CAS:ANTWEB:casent0101661,casent0101661,casent0101661,p,1321654,Pheidole,myrmicinae,Pheidole veteratrix,"Pheidole veteratrix Forel, 1891",,SPECIES,,worker,Syntype,Toamasina,[Mangoro ufer]; Ambohibary; Moramanga,-18.8833,48.1167,861.0,,,S. Salata,https://www.antweb.org/images/casent0101661/casent0101661_p_1_high.jpg,casent0101661 profile view 1,April Nobile,Attribution-ShareAlike (BY-SA) Creative Commons License and GNU Free Documentation License (GFDL),"California Academy of Sciences, 2000-2008",GEODETIC_DATUM_ASSUMED_WGS84;CONTINENT_DERIVED_FROM_COORDINATES;COLLECTION_MATCH_NONE;INSTITUTION_MATCH_FUZZY,Pheidole,1,data/images/Pheidole/casent0101661_p.jpg,commons,train
865115078,CAS:ANTWEB:casent0101663,casent0101663,casent0101663,p,1319461,Anochetus,ponerinae,Anochetus madagascarensis,"Anochetus madagascarensis Forel, 1887",,SPECIES,,worker,,Antsiranana,[Nossi bé; TNC]; Nosy be; Nosibe,-13.29167,48.25833,146.0,,,,https://www.antweb.org/images/casent0101663/casent0101663_p_1_high.jpg,casent0101663 profile view 1,April Nobile,Attribution-ShareAlike (BY-SA) Creative Commons License and GNU Free Documentation License (GFDL),"California Academy of Sciences, 2000-2007",GEODETIC_DATUM_ASSUMED_WGS84;CONTINENT_DERIVED_FROM_COORDINATES;COLLECTION_MATCH_NONE;INSTITUTION_MATCH_FUZZY,Anochetus,1,data/images/Anochetus/casent0101663_p.jpg,commons,train
865115153,CAS:ANTWEB:casent0101667,casent0101667,casent0101667,p,7731605,Nesomyrmex,myrmicinae,Nesomyrmex madecassus,"Nesomyrmex madecassus (Forel, 1892)",,SPECIES,,worker,Syntype,Antananarivo,[Forêt d' Andrangoloaka]; Mantasoa; Manjakandriana,-19.03333,47.91667,1409.0,,Sikora,Sandor Csosz,https://www.antweb.org/images/casent0101667/casent0101667_p_1_high.jpg,casent0101667 profile view 1,Michele Esposito,Attribution-ShareAlike (BY-SA) Creative Commons License and GNU Free Documentation License (GFDL),"California Academy of Sciences, 2000-2008",GEODETIC_DATUM_ASSUMED_WGS84;CONTINENT_DERIVED_FROM_COORDINATES;COLLECTION_MATCH_NONE;INSTITUTION_MATCH_FUZZY,Nesomyrmex,1,data/images/Nesomyrmex/casent0101667_p.jpg,gbif_cache,train
865115175,CAS:ANTWEB:casent0101668,casent0101668,casent0101668,p,1321654,Pheidole,myrmicinae,Pheidole sikorae,"Pheidole sikorae Forel, 1891",,SPECIES,,worker,Syntype,Antananarivo,[Andrangoloaka]; Mantasoa; Manjakandriana,-19.033333,47.916668,1409.0,,Sikora,S. Salata,https://www.antweb.org/images/casent0101668/casent0101668_p_1_high.jpg,casent0101668 profile view 1,Michele Esposito,Attribution-ShareAlike (BY-SA) Creative Commons License and GNU Free Documentation License (GFDL),"California Academy of Sciences, 2000-2008",GEODETIC_DATUM_ASSUMED_WGS84;CONTINENT_DERIVED_FROM_COORDINATES;COLLECTION_MATCH_NONE;INSTITUTION_MATCH_FUZZY,Pheidole,1,data/images/Pheidole/casent0101668_p.jpg,commons,train
865115196,CAS:ANTWEB:casent0101669,casent0101669,casent0101669,p,1312361,Camponotus,formicinae,Camponotus dufouri,"Camponotus dufouri Forel, 1891",,SPECIES,,worker,Paralectotype,Toamasina,[Tamatave?]; Andranobolahy; Toamasina Rural,-18.0,49.0,370.0,1894-01-13,H. O'Swald,,https://www.antweb.org/images/casent0101669/casent0101669_p_1_high.jpg,casent0101669 profile view 1,April Nobile,Attribution-ShareAlike (BY-SA) Creative Commons License and GNU Free Documentation License (GFDL),"California Academy of Sciences, 2000-2007",GEODETIC_DATUM_ASSUMED_WGS84;CONTINENT_DERIVED_FROM_COORDINATES;COLLECTION_MATCH_NONE;INSTITUTION_MATCH_FUZZY,Camponotus,1,data/images/Camponotus/casent0101669_p.jpg,commons,train
865115214,CAS:ANTWEB:casent0101670,casent0101670,casent0101670,p,1326355,Mystrium,amblyoponinae,Mystrium rogeri,"Mystrium rogeri Forel, 1899",,SPECIES,,worker,Lectotype,Toamasina,[Amparafara vautriv. Moramango ufer]; Ambohibary; Moramanga,-18.8833,48.1167,861.0,,,,https://www.antweb.org/images/casent0101670/casent0101670_p_1_high.jpg,casent0101670 profile view 1,April Nobile,Attribution-ShareAlike (BY-SA) Creative Commons License and GNU Free Documentation License (GFDL),"California Academy of Sciences, 2000-2007",GEODETIC_DATUM_ASSUMED_WGS84;CONTINENT_DERIVED_FROM_COORDINATES;COLLECTION_MATCH_NONE;INSTITUTION_MATCH_FUZZY,Mystrium,1,data/images/Mystrium/casent0101670_p.jpg,commons,train
865115312,CAS:ANTWEB:casent0101674,casent0101674,casent0101674,p,1319461,Anochetus,ponerinae,Anochetus madagascarensis,"Anochetus madagascarensis Forel, 1887",,SPECIES,,worker,Paralectotype,Toamasina,[Ilât Prune bei Tamatave]; Antetezambaro; Toamasina Rural,-18.047714,49.402493,15.0,,Friederichs,,https://www.antweb.org/images/casent0101674/casent0101674_p_1_high.jpg,casent0101674 profile view 1,April Nobile,Attribution-ShareAlike (BY-SA) Creative Commons License and GNU Free Documentation License (GFDL),"California Academy of Sciences, 2000-2007",GEODETIC_DATUM_ASSUMED_WGS84;CONTINENT_DERIVED_FROM_COORDINATES;COLLECTION_MATCH_NONE;INSTITUTION_MATCH_FUZZY,Anochetus,1,data/images/Anochetus/casent0101674_p.jpg,commons,test
865115414,CAS:ANTWEB:casent0101678,casent0101678,casent0101678,p,1317100,Cardiocondyla,myrmicinae,Cardiocondyla shuckardi,"Cardiocondyla shuckardi Forel, 1891",,SPECIES,,worker,Syntype,Antananarivo,"[Antananarivo, TNC]; Ambatomanjaka; Miarinarivo",-18.70515,46.82528,1399.0,,Sikora,Seifert,https://www.antweb.org/images/casent0101678/casent0101678_p_1_high.jpg,casent0101678 profile view 1,April Nobile,Attribution-ShareAlike (BY-SA) Creative Commons License and GNU Free Documentation License (GFDL),"California Academy of Sciences, 2000-2008",GEODETIC_DATUM_ASSUMED_WGS84;CONTINENT_DERIVED_FROM_COORDINATES;COLLECTION_MATCH_NONE;INSTITUTION_MATCH_FUZZY,Cardiocondyla,1,data/images/Cardiocondyla/casent0101678_p.jpg,commons,test
865115511,CAS:ANTWEB:casent0101682,casent0101682,casent0101682,p,1321654,Pheidole,myrmicinae,Pheidole longispinosa,"Pheidole longispinosa Forel, 1891",,SPECIES,,worker,Syntype,Antananarivo,[Madagascar central]; Ambatomanjaka; Miarinarivo,-18.76695,46.86911,1343.0,,,,https://www.antweb.org/images/casent0101682/casent0101682_p_1_high.jpg,casent0101682 profile view 1,April Nobile,Attribution-ShareAlike (BY-SA) Creative Commons License and GNU Free Documentation License (GFDL),"California Academy of Sciences, 2000-2008",GEODETIC_DATUM_ASSUMED_WGS84;CONTINENT_DERIVED_FROM_COORDINATES;COLLECTION_MATCH_NONE;INSTITUTION_MATCH_FUZZY,Pheidole,1,data/images/Pheidole/casent0101682_p.jpg,commons,train
865115543,CAS:ANTWEB:casent0101683,casent0101683,casent0101683,p,1324306,Crematogaster,myrmicinae,Crematogaster dentata,"Crematogaster dentata Dalla Torre, 1893",,SPECIES,,worker,Lectotype,Antananarivo,[Madagask. Grandid ..]; Ambatomanjaka; Miarinarivo,-18.76695,46.86911,1343.0,,,,https://www.antweb.org/images/casent0101683/casent0101683_p_1_high.jpg,casent0101683 profile view 1,April Nobile,Attribution-ShareAlike (BY-SA) Creative Commons License and GNU Free Documentation License (GFDL),"California Academy of Sciences, 2000-2008",GEODETIC_DATUM_ASSUMED_WGS84;CONTINENT_DERIVED_FROM_COORDINATES;COLLECTION_MATCH_NONE;INSTITUTION_MATCH_FUZZY,Crematogaster,1,data/images/Crematogaster/casent0101683_p.jpg,commons,train
865115639,CAS:ANTWEB:casent0101687,casent0101687,casent0101687,p,7731605,Nesomyrmex,myrmicinae,Nesomyrmex madecassus,"Nesomyrmex madecassus (Forel, 1892)",,SPECIES,,worker,Syntype,Antananarivo,[F.d 'andrangoloaca]; Mantasoa; Manjakandriana,-19.03333,47.91667,1409.0,,Sikora,Sandor Csosz,https://www.antweb.org/images/casent0101687/casent0101687_p_1_high.jpg,casent0101687 profile view 1,April Nobile,Attribution-ShareAlike (BY-SA) Creative Commons License and GNU Free Documentation License (GFDL),"California Academy of Sciences, 2000-2008",GEODETIC_DATUM_ASSUMED_WGS84;CONTINENT_DERIVED_FROM_COORDINATES;COLLECTION_MATCH_NONE;INSTITUTION_MATCH_FUZZY,Nesomyrmex,1,data/images/Nesomyrmex/casent0101687_p.jpg,commons,train
865115664,CAS:ANTWEB:casent0101688,casent0101688,casent0101688,p,1321654,Pheidole,myrmicinae,Pheidole annemariae,"Pheidole annemariae Forel, 1918",,SPECIES,,worker,,Toamasina,[Ilât Prune b. Tamatave]; Antetezambaro; Toamasina Rural,-18.047714,49.402493,15.0,1914-08-01,Friederichs,,https://www.antweb.org/images/casent0101688/casent0101688_p_1_high.jpg,casent0101688 profile view 1,April Nobile,Attribution-ShareAlike (BY-SA) Creative Commons License and GNU Free Documentation License (GFDL),"California Academy of Sciences, 2000-2008",GEODETIC_DATUM_ASSUMED_WGS84;CONTINENT_DERIVED_FROM_COORDINATES;COLLECTION_MATCH_NONE;INSTITUTION_MATCH_FUZZY,Pheidole,1,data/images/Pheidole/casent0101688_p.jpg,commons,test
865114711,CAS:ANTWEB:casent0101690,casent0101690,casent0101690,p,1324306,Crematogaster,myrmicinae,Crematogaster degeeri,"Crematogaster degeeri Forel, 1886",,SPECIES,,worker,Lectotype,Antananarivo,[Madagascar]; Ambatomanjaka; Miarinarivo,-18.76695,46.86911,1343.0,,,,https://www.antweb.org/images/casent0101690/casent0101690_p_1_high.jpg,casent0101690 profile view 1,April Nobile,Attribution-ShareAlike (BY-SA) Creative Commons License and GNU Free Documentation License (GFDL),"California Academy of Sciences, 2000-2008",GEODETIC_DATUM_ASSUMED_WGS84;CONTINENT_DERIVED_FROM_COORDINATES;COLLECTION_MATCH_NONE;INSTITUTION_MATCH_FUZZY,Crematogaster,1,data/images/Crematogaster/casent0101690_p.jpg,commons,train
865114751,CAS:ANTWEB:casent0101692,casent0101692,casent0101692,p,1321654,Pheidole,myrmicinae,Pheidole sikorae,"Pheidole sikorae Forel, 1891",,SPECIES,,worker,Syntype,Antananarivo,[Andrangoloaka]; Mantasoa; Manjakandriana,-19.033333,47.916668,1409.0,,Sikora,S. Salata,https://www.antweb.org/images/casent0101692/casent0101692_p_1_high.jpg,casent0101692 profile view 1,April Nobile,Attribution-ShareAlike (BY-SA) Creative Commons License and GNU Free Documentation License (GFDL),"California Academy of Sciences, 2000-2008",GEODETIC_DATUM_ASSUMED_WGS84;CONTINENT_DERIVED_FROM_COORDINATES;COLLECTION_MATCH_NONE;INSTITUTION_MATCH_FUZZY,Pheidole,1,data/images/Pheidole/casent0101692_p.jpg,commons,test
865114768,CAS:ANTWEB:casent0101693,casent0101693,casent0101693,p,1323128,Tetramorium,myrmicinae,Tetramorium severini,"Tetramorium severini (Emery, 1895)",,SPECIES,,worker,,Toamasina,[Baie d'Antongil]; Maroantsetra,-15.43333,49.75,12.0,,,,https://www.antweb.org/images/casent0101693/casent0101693_p_1_high.jpg,casent0101693 profile view 1,April Nobile,Attribution-ShareAlike (BY-SA) Creative Commons License and GNU Free Documentation License (GFDL),"California Academy of Sciences, 2000-2008",GEODETIC_DATUM_ASSUMED_WGS84;CONTINENT_DERIVED_FROM_COORDINATES;COLLECTION_MATCH_NONE;INSTITUTION_MATCH_FUZZY,Tetramorium,1,data/images/Tetramorium/casent0101693_p.jpg,commons,test
865114804,CAS:ANTWEB:casent0101695,casent0101695,casent0101695,p,1321654,Pheidole,myrmicinae,Pheidole scabrata,"Pheidole scabrata Forel, 1895",,SPECIES,,worker,,Toamasina,[Est Imerina]; Moramanga,-18.933332,48.2,902.0,,Sikora,,https://www.antweb.org/images/casent0101695/casent0101695_p_1_high.jpg,casent0101695 profile view 1,Nick Olgeirson,Attribution-ShareAlike (BY-SA) Creative Commons License and GNU Free Documentation License (GFDL),"California Academy of Sciences, 2000-2008",GEODETIC_DATUM_ASSUMED_WGS84;CONTINENT_DERIVED_FROM_COORDINATES;COLLECTION_MATCH_NONE;INSTITUTION_MATCH_FUZZY,Pheidole,1,data/images/Pheidole/casent0101695_p.jpg,commons,train
865114818,CAS:ANTWEB:casent0101696,casent0101696,casent0101696,p,1317363,Terataner,myrmicinae,Terataner alluaudi,"Terataner alluaudi (Emery, 1895)",,SPECIES,,worker,Syntype,Antsiranana,[Diego Suarez]; Bevohotra; Sambava,-14.0,49.5,797.0,1883-01-01,Ch Alluaud,,https://www.antweb.org/images/casent0101696/casent0101696_p_1_high.jpg,casent0101696 profile view 1,April Nobile,Attribution-ShareAlike (BY-SA) Creative Commons License and GNU Free Documentation License (GFDL),"California Academy of Sciences, 2000-2008",GEODETIC_DATUM_ASSUMED_WGS84;CONTINENT_DERIVED_FROM_COORDINATES;COLLECTION_MATCH_NONE;INSTITUTION_MATCH_FUZZY,Terataner,1,data/images/Terataner/casent0101696_p.jpg,commons,train
865114833,CAS:ANTWEB:casent0101697,casent0101697,casent0101697,p,1323128,Tetramorium,myrmicinae,Tetramorium schaufussii,"Tetramorium schaufussii Forel, 1891",,SPECIES,,worker,Holotype,Antananarivo,[Central madagascar; Madagaskar.]; Ambatomanjaka; Miarinarivo,-18.76695,46.86911,1343.0,,H.C. Schaufuss,F. Hita Garcia,https://www.antweb.org/images/casent0101697/casent0101697_p_1_high.jpg,casent0101697 profile view 1,Nick Olgeirson,Attribution-ShareAlike (BY-SA) Creative Commons License and GNU Free Documentation License (GFDL),"California Academy of Sciences, 2000-2008",GEODETIC_DATUM_ASSUMED_WGS84;CONTINENT_DERIVED_FROM_COORDINATES;COLLECTION_MATCH_NONE;INSTITUTION_MATCH_FUZZY,Tetramorium,1,data/images/Tetramorium/casent0101697_p.jpg,commons,train
865114923,CAS:ANTWEB:casent0101703,casent0101703,casent0101703,p,1317363,Terataner,myrmicinae,Terataner foreli,"Terataner foreli (Emery, 1899)",,SPECIES,,worker,Syntype,Toamasina,[Baie d 'Antongil]; Maroantsetra,-15.43333,49.75,12.0,,,,https://www.antweb.org/images/casent0101703/casent0101703_p_1_high.jpg,casent0101703 profile view 1,April Nobile,Attribution-ShareAlike (BY-SA) Creative Commons License and GNU Free Documentation License (GFDL),"California Academy of Sciences, 2000-2008",GEODETIC_DATUM_ASSUMED_WGS84;CONTINENT_DERIVED_FROM_COORDINATES;COLLECTION_MATCH_NONE;INSTITUTION_MATCH_FUZZY,Terataner,1,data/images/Terataner/casent0101703_p.jpg,commons,train
865114942,CAS:ANTWEB:casent0101704,casent0101704,casent0101704,p,1312361,Camponotus,formicinae,Camponotus cervicalis,"Camponotus cervicalis Roger, 1863",,SPECIES,,worker,Paralectotype,Antananarivo,[Madagascar]; Ambatomanjaka; Miarinarivo,-18.76695,46.86911,1343.0,,Humblot,,https://www.antweb.org/images/casent0101704/casent0101704_p_1_high.jpg,casent0101704 profile view 1,April Nobile,Attribution-ShareAlike (BY-SA) Creative Commons License and GNU Free Documentation License (GFDL),"California Academy of Sciences, 2000-2007",GEODETIC_DATUM_ASSUMED_WGS84;CONTINENT_DERIVED_FROM_COORDINATES;COLLECTION_MATCH_NONE;INSTITUTION_MATCH_FUZZY,Camponotus,1,data/images/Camponotus/casent0101704_p.jpg,commons,train
865114954,CAS:ANTWEB:casent0101705,casent0101705,casent0101705,p,1320039,Technomyrmex,dolichoderinae,Technomyrmex madecassus,"Technomyrmex madecassus Forel, 1897",,SPECIES,,worker,Holotype,Antsiranana,[Nosi bé]; Nosy be; Nosibe,-13.31502,48.25926,128.0,,Voeltzkow,,https://www.antweb.org/images/casent0101705/casent0101705_p_1_high.jpg,casent0101705 profile view 1,April Nobile,Attribution-ShareAlike (BY-SA) Creative Commons License and GNU Free Documentation License (GFDL),"California Academy of Sciences, 2000-2007",GEODETIC_DATUM_ASSUMED_WGS84;CONTINENT_DERIVED_FROM_COORDINATES;COLLECTION_MATCH_NONE;INSTITUTION_MATCH_FUZZY,Technomyrmex,1,data/images/Technomyrmex/casent0101705_p.jpg,commons,test
865114993,CAS:ANTWEB:casent0101707,casent0101707,casent0101707,p,1321654,Pheidole,myrmicinae,Pheidole madecassa,"Pheidole madecassa Forel, 1892",,SPECIES,,worker,,Toamasina,[Mangoro ufer]; Ambohibary; Moramanga,-18.8833,48.1167,861.0,,,,https://www.antweb.org/images/casent0101707/casent0101707_p_1_high.jpg,casent0101707 profile view 1,Michele Esposito,Attribution-ShareAlike (BY-SA) Creative Commons License and GNU Free Documentation License (GFDL),"California Academy of Sciences, 2000-2008",GEODETIC_DATUM_ASSUMED_WGS84;CONTINENT_DERIVED_FROM_COORDINATES;COLLECTION_MATCH_NONE;INSTITUTION_MATCH_FUZZY,Pheidole,1,data/images/Pheidole/casent0101707_p.jpg,commons,train
865115041,CAS:ANTWEB:casent0101710,casent0101710,casent0101710,p,1326355,Mystrium,amblyoponinae,Mystrium voeltzkowi,"Mystrium voeltzkowi Forel, 1897",,SPECIES,,worker,Paralectotype,Antsiranana,[Nosibé]; Nosy be; Nosibe,-13.29167,48.25833,146.0,,Voeltzkow,,https://www.antweb.org/images/casent0101710/casent0101710_p_1_high.jpg,casent0101710 profile view 1,April Nobile,Attribution-ShareAlike (BY-SA) Creative Commons License and GNU Free Documentation License (GFDL),"California Academy of Sciences, 2000-2007",GEODETIC_DATUM_ASSUMED_WGS84;CONTINENT_DERIVED_FROM_COORDINATES;COLLECTION_MATCH_NONE;INSTITUTION_MATCH_FUZZY,Mystrium,1,data/images/Mystrium/casent0101710_p.jpg,commons,train
865115056,CAS:ANTWEB:casent0101711,casent0101711,casent0101711,p,4673512,Lioponera,dorylinae,,"Lioponera Mayr, 1879",,GENUS,,worker,,Antananarivo,[Centr Madag]; Ambatomanjaka; Miarinarivo,-18.76695,46.86911,1343.0,,,,https://www.antweb.org/images/casent0101711/casent0101711_p_1_high.jpg,casent0101711 profile view 1,April Nobile,Attribution-ShareAlike (BY-SA) Creative Commons License and GNU Free Documentation License (GFDL),"California Academy of Sciences, 2000-2012",GEODETIC_DATUM_ASSUMED_WGS84;CONTINENT_DERIVED_FROM_COORDINATES;COLLECTION_MATCH_NONE;INSTITUTION_MATCH_FUZZY,Lioponera,1,data/images/Lioponera/casent0101711_p.jpg,commons,test
865115070,CAS:ANTWEB:casent0101712,casent0101712,casent0101712,p,1319461,Anochetus,ponerinae,Anochetus madagascarensis,"Anochetus madagascarensis Forel, 1887",,SPECIES,,worker,,Toamasina,[Ilât Prune bei Tamatave]; Antetezambaro; Toamasina Rural,-18.047714,49.402493,15.0,,Friederichs,,https://www.antweb.org/images/casent0101712/casent0101712_p_1_high.jpg,casent0101712 profile view 1,April Nobile,Attribution-ShareAlike (BY-SA) Creative Commons License and GNU Free Documentation License (GFDL),"California Academy of Sciences, 2000-2007",GEODETIC_DATUM_ASSUMED_WGS84;CONTINENT_DERIVED_FROM_COORDINATES;COLLECTION_MATCH_NONE;INSTITUTION_MATCH_FUZZY,Anochetus,1,data/images/Anochetus/casent0101712_p.jpg,commons,train
865115080,CAS:ANTWEB:casent0101713,casent0101713,casent0101713,p,1319181,Tetraponera,pseudomyrmecinae,Tetraponera rakotonis,"Tetraponera rakotonis (Forel, 1891)",,SPECIES,,worker,,Toliara,[Morondava],-20.29042,44.3,6.0,,,,https://www.antweb.org/images/casent0101713/casent0101713_p_1_high.jpg,casent0101713 profile view 1,April Nobile,Attribution-ShareAlike (BY-SA) Creative Commons License and GNU Free Documentation License (GFDL),"California Academy of Sciences, 2000-2008",GEODETIC_DATUM_ASSUMED_WGS84;CONTINENT_DERIVED_FROM_COORDINATES;COLLECTION_MATCH_NONE;INSTITUTION_MATCH_FUZZY,Tetraponera,1,data/images/Tetraponera/casent0101713_p.jpg,commons,test
865115096,CAS:ANTWEB:casent0101714,casent0101714,casent0101714,p,1321215,Leptogenys,ponerinae,Leptogenys truncatirostris,"Leptogenys truncatirostris Forel, 1897",,SPECIES,,worker,Paralectotype,Antsiranana,[Nosibé]; Nosy be; Nosibe,-13.29167,48.25833,146.0,,Voeltzkow,,https://www.antweb.org/images/casent0101714/casent0101714_p_1_high.jpg,casent0101714 profile view 1,April Nobile,Attribution-ShareAlike (BY-SA) Creative Commons License and GNU Free Documentation License (GFDL),"California Academy of Sciences, 2000-2007",GEODETIC_DATUM_ASSUMED_WGS84;CONTINENT_DERIVED_FROM_COORDINATES;COLLECTION_MATCH_NONE;INSTITUTION_MATCH_FUZZY,Leptogenys,1,data/images/Leptogenys/casent0101714_p.jpg,commons,train
865115112,CAS:ANTWEB:casent0101715,casent0101715,casent0101715,p,1319181,Tetraponera,pseudomyrmecinae,Tetraponera morondaviensis,"Tetraponera morondaviensis (Forel, 1891)",,SPECIES,,worker,,Toliara,[Morondava],-20.29042,44.3,6.0,,Grevé,,https://www.antweb.org/images/casent0101715/casent0101715_p_1_high.jpg,casent0101715 profile view 1,April Nobile,Attribution-ShareAlike (BY-SA) Creative Commons License and GNU Free Documentation License (GFDL),"California Academy of Sciences, 2000-2008",GEODETIC_DATUM_ASSUMED_WGS84;CONTINENT_DERIVED_FROM_COORDINATES;COLLECTION_MATCH_NONE;INSTITUTION_MATCH_FUZZY,Tetraponera,1,data/images/Tetraponera/casent0101715_p.jpg,commons,train
865115135,CAS:ANTWEB:casent0101716,casent0101716,casent0101716,p,1321654,Pheidole,myrmicinae,Pheidole decollata,"Pheidole decollata Forel, 1892",,SPECIES,,worker,,Antananarivo,[Andrangoloaca]; Mantasoa; Manjakandriana,-19.033333,47.916668,1409.0,,,,https://www.antweb.org/images/casent0101716/casent0101716_p_1_high.jpg,casent0101716 profile view 1,Michele Esposito,Attribution-ShareAlike (BY-SA) Creative Commons License and GNU Free Documentation License (GFDL),"California Academy of Sciences, 2000-2008",GEODETIC_DATUM_ASSUMED_WGS84;CONTINENT_DERIVED_FROM_COORDINATES;COLLECTION_MATCH_NONE;INSTITUTION_MATCH_FUZZY,Pheidole,1,data/images/Pheidole/casent0101716_p.jpg,commons,test
865115176,CAS:ANTWEB:casent0101718,casent0101718,casent0101718,p,1326298,Platythyrea,ponerinae,Platythyrea arthuri,"Platythyrea arthuri Forel, 1910",,SPECIES,,worker,Syntype,Antsiranana,[N. Madagascar; Amber Gebirge Nd. Madagascar ]; Mosorolava; Antsiranana Rural,-12.61667,49.15,1113.0,,,,https://www.antweb.org/images/casent0101718/casent0101718_p_1_high.jpg,casent0101718 profile view 1,April Nobile,Attribution-ShareAlike (BY-SA) Creative Commons License and GNU Free Documentation License (GFDL),"California Academy of Sciences, 2000-2007",GEODETIC_DATUM_ASSUMED_WGS84;CONTINENT_DERIVED_FROM_COORDINATES;COLLECTION_MATCH_NONE;INSTITUTION_MATCH_FUZZY,Platythyrea,1,data/images/Platythyrea/casent0101718_p.jpg,commons,train
865115221,CAS:ANTWEB:casent0101720,casent0101720,casent0101720,p,1321654,Pheidole,myrmicinae,Pheidole decollata,"Pheidole decollata Forel, 1892",,SPECIES,,worker,Syntype,Antananarivo,[Andrangoloaca]; Mantasoa; Manjakandriana,-19.033333,47.916668,1409.0,,,,https://www.antweb.org/images/casent0101720/casent0101720_p_1_high.jpg,casent0101720 profile view 1,April Nobile,Attribution-ShareAlike (BY-SA) Creative Commons License and GNU Free Documentation License (GFDL),"California Academy of Sciences, 2000-2008",GEODETIC_DATUM_ASSUMED_WGS84;CONTINENT_DERIVED_FROM_COORDINATES;COLLECTION_MATCH_NONE;INSTITUTION_MATCH_FUZZY,Pheidole,1,data/images/Pheidole/casent0101720_p.jpg,commons,train
865115248,CAS:ANTWEB:casent0101721,casent0101721,casent0101721,p,1323128,Tetramorium,myrmicinae,Tetramorium delagoense,"Tetramorium delagoense Forel, 1894",,SPECIES,,worker,Holotype,Fianarantsoa,[Imerina]; Fahizay; Ambositra,-20.5,47.33333,1317.0,,Sikora,,https://www.antweb.org/images/casent0101721/casent0101721_p_1_high.jpg,casent0101721 profile view 1,Michele Esposito,Attribution-ShareAlike (BY-SA) Creative Commons License and GNU Free Documentation License (GFDL),"California Academy of Sciences, 2000-2008",GEODETIC_DATUM_ASSUMED_WGS84;CONTINENT_DERIVED_FROM_COORDINATES;COLLECTION_MATCH_NONE;INSTITUTION_MATCH_FUZZY,Tetramorium,1,data/images/Tetramorium/casent0101721_p.jpg,commons,train
865115276,CAS:ANTWEB:casent0101722,casent0101722,casent0101722,p,1326298,Platythyrea,ponerinae,Platythyrea mocquerysi,"Platythyrea mocquerysi Emery, 1899",,SPECIES,,worker,Lectotype,Toamasina,[Baiè d' Antongíl]; Maroantsetra,-15.43333,49.75,12.0,,,Brown,https://www.antweb.org/images/casent0101722/casent0101722_p_1_high.jpg,casent0101722 profile view 1,April Nobile,Attribution-ShareAlike (BY-SA) Creative Commons License and GNU Free Documentation License (GFDL),"California Academy of Sciences, 2000-2007",GEODETIC_DATUM_ASSUMED_WGS84;CONTINENT_DERIVED_FROM_COORDINATES;COLLECTION_MATCH_NONE;INSTITUTION_MATCH_FUZZY,Platythyrea,1,data/images/Platythyrea/casent0101722_p.jpg,commons,test
865115301,CAS:ANTWEB:casent0101723,casent0101723,casent0101723,p,1321215,Leptogenys,ponerinae,,"Leptogenys Roger, 1861",,GENUS,,worker,,Antananarivo,[Centr. Madagas.]; Ambatomanjaka; Miarinarivo,-18.76695,46.86911,1343.0,,,Jean Claude Rakotonirina,https://www.antweb.org/images/casent0101723/casent0101723_p_1_high.jpg,casent0101723 profile view 1,April Nobile,Attribution-ShareAlike (BY-SA) Creative Commons License and GNU Free Documentation License (GFDL),"California Academy of Sciences, 2000-2007",GEODETIC_DATUM_ASSUMED_WGS84;CONTINENT_DERIVED_FROM_COORDINATES;COLLECTION_MATCH_NONE;INSTITUTION_MATCH_FUZZY,Leptogenys,1,data/images/Leptogenys/casent0101723_p.jpg,commons,train
865115327,CAS:ANTWEB:casent0101724,casent0101724,casent0101724,p,1321654,Pheidole,myrmicinae,Pheidole oswaldi,"Pheidole oswaldi Forel, 1891",,SPECIES,,worker,Syntype,Toamasina,[Bois 30 Miles N.W. Tamatave]; Ambodiriana; Toamasina Rural,-17.88832,49.22849,373.0,1889-09-28,O.' Swald,,https://www.antweb.org/images/casent0101724/casent0101724_p_1_high.jpg,casent0101724 profile view 1,April Nobile,Attribution-ShareAlike (BY-SA) Creative Commons License and GNU Free Documentation License (GFDL),"California Academy of Sciences, 2000-2008",GEODETIC_DATUM_ASSUMED_WGS84;CONTINENT_DERIVED_FROM_COORDINATES;COLLECTION_MATCH_NONE;INSTITUTION_MATCH_FUZZY,Pheidole,1,data/images/Pheidole/casent0101724_p.jpg,commons,train
865115393,CAS:ANTWEB:casent0101727,casent0101727,casent0101727,p,1321215,Leptogenys,ponerinae,Leptogenys truncatirostris,"Leptogenys truncatirostris Forel, 1897",,SPECIES,,worker,Paralectotype,Antsiranana,[Nosi bé]; Nosy be; Nosibe,-13.31502,48.25927,128.0,,Voeltzkow,,https://www.antweb.org/images/casent0101727/casent0101727_p_1_high.jpg,casent0101727 profile view 1,April Nobile,Attribution-ShareAlike (BY-SA) Creative Commons License and GNU Free Documentation License (GFDL),"California Academy of Sciences, 2000-2007",GEODETIC_DATUM_ASSUMED_WGS84;CONTINENT_DERIVED_FROM_COORDINATES;COLLECTION_MATCH_NONE;INSTITUTION_MATCH_FUZZY,Leptogenys,1,data/images/Leptogenys/casent0101727_p.jpg,commons,train
865115440,CAS:ANTWEB:casent0101729,casent0101729,casent0101729,p,1319461,Anochetus,ponerinae,Anochetus madagascarensis,"Anochetus madagascarensis Forel, 1887",,SPECIES,,worker,Paralectotype,Toamasina,[Ilât Prune bei Tamatave]; Antetezambaro; Toamasina Rural,-18.047714,49.402493,15.0,,Friederichs,,https://www.antweb.org/images/casent0101729/casent0101729_p_1_high.jpg,casent0101729 profile view 1,April Nobile,Attribution-ShareAlike (BY-SA) Creative Commons License and GNU Free Documentation License (GFDL),"California Academy of Sciences, 2000-2007",GEODETIC_DATUM_ASSUMED_WGS84;CONTINENT_DERIVED_FROM_COORDINATES;COLLECTION_MATCH_NONE;INSTITUTION_MATCH_FUZZY,Anochetus,1,data/images/Anochetus/casent0101729_p.jpg,commons,train
865115497,CAS:ANTWEB:casent0101731,casent0101731,casent0101731,p,1324306,Crematogaster,myrmicinae,Crematogaster agnetis,"Crematogaster agnetis Forel, 1892",,SPECIES,,worker,Lectotype,Toamasina,[Mangoro ufer]; Ambohibary; Moramanga,-18.8833,48.1167,861.0,,Sikora,,https://www.antweb.org/images/casent0101731/casent0101731_p_1_high.jpg,casent0101731 profile view 1,April Nobile,Attribution-ShareAlike (BY-SA) Creative Commons License and GNU Free Documentation License (GFDL),"California Academy of Sciences, 2000-2008",GEODETIC_DATUM_ASSUMED_WGS84;CONTINENT_DERIVED_FROM_COORDINATES;COLLECTION_MATCH_NONE;INSTITUTION_MATCH_FUZZY,Crematogaster,1,data/images/Crematogaster/casent0101731_p.jpg,commons,train
865115544,CAS:ANTWEB:casent0101733,casent0101733,casent0101733,p,4673512,Lioponera,dorylinae,,"Lioponera Mayr, 1879",,GENUS,,worker,Syntype,Antananarivo,[Centr Madag]; Ambatomanjaka; Miarinarivo,-18.76695,46.86911,1343.0,,,,https://www.antweb.org/images/casent0101733/casent0101733_p_1_high.jpg,casent0101733 profile view 1,April Nobile,Attribution-ShareAlike (BY-SA) Creative Commons License and GNU Free Documentation License (GFDL),"California Academy of Sciences, 2000-2007",GEODETIC_DATUM_ASSUMED_WGS84;CONTINENT_DERIVED_FROM_COORDINATES;COLLECTION_MATCH_NONE;INSTITUTION_MATCH_FUZZY,Lioponera,1,data/images/Lioponera/casent0101733_p.jpg,commons,train
865115596,CAS:ANTWEB:casent0101735,casent0101735,casent0101735,p,1324306,Crematogaster,myrmicinae,Crematogaster kelleri,"Crematogaster kelleri Forel, 1891",,SPECIES,,worker,,Antananarivo,[Madagascar]; Ambatomanjaka; Miarinarivo,-18.76695,46.86911,1343.0,,,,https://www.antweb.org/images/casent0101735/casent0101735_p_1_high.jpg,casent0101735 profile view 1,April Nobile,Attribution-ShareAlike (BY-SA) Creative Commons License and GNU Free Documentation License (GFDL),"California Academy of Sciences, 2000-2008",GEODETIC_DATUM_ASSUMED_WGS84;CONTINENT_DERIVED_FROM_COORDINATES;COLLECTION_MATCH_NONE;INSTITUTION_MATCH_FUZZY,Crematogaster,1,data/images/Crematogaster/casent0101735_p.jpg,commons,train
865115680,CAS:ANTWEB:casent0101738,casent0101738,casent0101738,p,1319181,Tetraponera,pseudomyrmecinae,Tetraponera exasciata,"Tetraponera exasciata (Forel, 1892)",,SPECIES,,worker,,Antananarivo,[F. d 'Andrangoloaca]; Mantasoa; Manjakandriana,-19.03333,47.91667,1409.0,,Sikora,,https://www.antweb.org/images/casent0101738/casent0101738_p_1_high.jpg,casent0101738 profile view 1,April Nobile,Attribution-ShareAlike (BY-SA) Creative Commons License and GNU Free Documentation License (GFDL),"California Academy of Sciences, 2000-2007",GEODETIC_DATUM_ASSUMED_WGS84;CONTINENT_DERIVED_FROM_COORDINATES;COLLECTION_MATCH_NONE;INSTITUTION_MATCH_FUZZY,Tetraponera,1,data/images/Tetraponera/casent0101738_p.jpg,commons,train
865114725,CAS:ANTWEB:casent0101740,casent0101740,casent0101740,p,1319181,Tetraponera,pseudomyrmecinae,Tetraponera grandidieri,"Tetraponera grandidieri (Forel, 1891)",,SPECIES,,worker,,Toamasina,[Nosibé Village de l 'Imerina]; Anosibe An'ala; Anosibe,-19.43333,48.21667,660.0,,Sikora,,https://www.antweb.org/images/casent0101740/casent0101740_p_1_high.jpg,casent0101740 profile view 1,April Nobile,Attribution-ShareAlike (BY-SA) Creative Commons License and GNU Free Documentation License (GFDL),"California Academy of Sciences, 2000-2007",GEODETIC_DATUM_ASSUMED_WGS84;CONTINENT_DERIVED_FROM_COORDINATES;COLLECTION_MATCH_NONE;INSTITUTION_MATCH_FUZZY,Tetraponera,1,data/images/Tetraponera/casent0101740_p.jpg,commons,train
865114760,CAS:ANTWEB:casent0101742,casent0101742,casent0101742,p,1324306,Crematogaster,myrmicinae,Crematogaster ranavalonae,"Crematogaster ranavalonae Forel, 1887",,SPECIES,,worker,,Antananarivo,[Andrangoloaca]; Mantasoa; Manjakandriana,-19.033333,47.916668,1409.0,,,,https://www.antweb.org/images/casent0101742/casent0101742_p_1_high.jpg,casent0101742 profile view 1,April Nobile,Attribution-ShareAlike (BY-SA) Creative Commons License and GNU Free Documentation License (GFDL),"California Academy of Sciences, 2000-2008",GEODETIC_DATUM_ASSUMED_WGS84;CONTINENT_DERIVED_FROM_COORDINATES;COLLECTION_MATCH_NONE;INSTITUTION_MATCH_FUZZY,Crematogaster,1,data/images/Crematogaster/casent0101742_p.jpg,commons,train
865114794,CAS:ANTWEB:casent0101744,casent0101744,casent0101744,p,1323128,Tetramorium,myrmicinae,Tetramorium orientale,"Tetramorium orientale Forel, 1895",,SPECIES,,worker,Holotype,Fianarantsoa,[Imerina]; Fahizay; Ambositra,-20.5,47.33333,1317.0,,Sikora,F. Hita Garcia,https://www.antweb.org/images/casent0101744/casent0101744_p_1_high.jpg,casent0101744 profile view 1,April Nobile,Attribution-ShareAlike (BY-SA) Creative Commons License and GNU Free Documentation License (GFDL),"California Academy of Sciences, 2000-2008",GEODETIC_DATUM_ASSUMED_WGS84;CONTINENT_DERIVED_FROM_COORDINATES;COLLECTION_MATCH_NONE;INSTITUTION_MATCH_FUZZY,Tetramorium,1,data/images/Tetramorium/casent0101744_p.jpg,commons,train
865114809,CAS:ANTWEB:casent0101745,casent0101745,casent0101745,p,1321654,Pheidole,myrmicinae,Pheidole indica,"Pheidole indica Mayr, 1879",,SPECIES,,worker,,Mahajanga,[Moyanga (W. Madagascar)]; Madirovalo; Ambato-Boina,-16.52388,46.51626,23.0,,,,https://www.antweb.org/images/casent0101745/casent0101745_p_1_high.jpg,casent0101745 profile view 1,Michele Esposito,Attribution-ShareAlike (BY-SA) Creative Commons License and GNU Free Documentation License (GFDL),"California Academy of Sciences, 2000-2008",GEODETIC_DATUM_ASSUMED_WGS84;CONTINENT_DERIVED_FROM_COORDINATES;COLLECTION_MATCH_NONE;INSTITUTION_MATCH_FUZZY,Pheidole,1,data/images/Pheidole/casent0101745_p.jpg,commons,test
865114838,CAS:ANTWEB:casent0101747,casent0101747,casent0101747,p,1312361,Camponotus,formicinae,Camponotus strangulatus,"Camponotus strangulatus Santschi, 1911",,SPECIES,,worker,Paralectotype,Antsiranana,[Nosibé]; Nosy be; Nosibe,-13.291667,48.25833,146.0,,Voeltzkow,,https://www.antweb.org/images/casent0101747/casent0101747_p_1_high.jpg,casent0101747 profile view 1,April Nobile,Attribution-ShareAlike (BY-SA) Creative Commons License and GNU Free Documentation License (GFDL),"California Academy of Sciences, 2000-2008",GEODETIC_DATUM_ASSUMED_WGS84;CONTINENT_DERIVED_FROM_COORDINATES;COLLECTION_MATCH_NONE;INSTITUTION_MATCH_FUZZY,Camponotus,1,data/images/Camponotus/casent0101747_p.jpg,commons,test
865114854,CAS:ANTWEB:casent0101748,casent0101748,casent0101748,p,1324306,Crematogaster,myrmicinae,Crematogaster schencki,"Crematogaster schencki Forel, 1891",,SPECIES,,worker,Lectotype,Antananarivo,[Central Madagascar]; Ambatomanjaka; Miarinarivo,-18.76695,46.86911,1343.0,,Hildebrandt,,https://www.antweb.org/images/casent0101748/casent0101748_p_1_high.jpg,casent0101748 profile view 1,Nick Olgeirson,Attribution-ShareAlike (BY-SA) Creative Commons License and GNU Free Documentation License (GFDL),"California Academy of Sciences, 2000-2008",GEODETIC_DATUM_ASSUMED_WGS84;CONTINENT_DERIVED_FROM_COORDINATES;COLLECTION_MATCH_NONE;INSTITUTION_MATCH_FUZZY,Crematogaster,1,data/images/Crematogaster/casent0101748_p.jpg,commons,test
865114875,CAS:ANTWEB:casent0101749,casent0101749,casent0101749,p,4673740,Nylanderia,formicinae,Nylanderia amblyops,Nylanderia amblyops,,SPECIES,,worker,Syntype,Toamasina,[Nosibé Village de l'Imerina]; Anosibe An'ala; Anosibe,-19.43333,48.21667,660.0,,Sikora,,https://www.antweb.org/images/casent0101749/casent0101749_p_1_high.jpg,casent0101749 profile view 1,April Nobile,Attribution-ShareAlike (BY-SA) Creative Commons License and GNU Free Documentation License (GFDL),"California Academy of Sciences, 2000-2008",GEODETIC_DATUM_ASSUMED_WGS84;CONTINENT_DERIVED_FROM_COORDINATES;COLLECTION_MATCH_NONE;INSTITUTION_MATCH_FUZZY,Nylanderia,1,data/images/Nylanderia/casent0101749_p.jpg,commons,train
865114891,CAS:ANTWEB:casent0101750,casent0101750,casent0101750,p,1324306,Crematogaster,myrmicinae,Crematogaster rasoherinae,"Crematogaster rasoherinae Forel, 1891",,SPECIES,,worker,Syntype,Toliara,[Andranohinaly S.W. Madagascar]; Ambohimahavelona,-23.2833,43.9833,240.0,,Voeltzkow,B. Blaimer,https://www.antweb.org/images/casent0101750/casent0101750_p_1_high.jpg,casent0101750 profile view 1,April Nobile,Attribution-ShareAlike (BY-SA) Creative Commons License and GNU Free Documentation License (GFDL),"California Academy of Sciences, 2000-2008",GEODETIC_DATUM_ASSUMED_WGS84;CONTINENT_DERIVED_FROM_COORDINATES;COLLECTION_MATCH_NONE;INSTITUTION_MATCH_FUZZY,Crematogaster,1,data/images/Crematogaster/casent0101750_p.jpg,commons,train
865114983,CAS:ANTWEB:casent0101755,casent0101755,casent0101755,p,1321654,Pheidole,myrmicinae,Pheidole spinosa,"Pheidole spinosa Forel, 1891",,SPECIES,,worker,Paralectotype,Antananarivo,[antananarivo]; Ambatomanjaka; Miarinarivo,-18.705147,46.825283,1399.0,,Camboué,E.M. Sarnat,https://www.antweb.org/images/casent0101755/casent0101755_p_1_high.jpg,casent0101755 profile view 1,April Nobile,Attribution-ShareAlike (BY-SA) Creative Commons License and GNU Free Documentation License (GFDL),"California Academy of Sciences, 2000-2008",GEODETIC_DATUM_ASSUMED_WGS84;CONTINENT_DERIVED_FROM_COORDINATES;COLLECTION_MATCH_NONE;INSTITUTION_MATCH_FUZZY,Pheidole,1,data/images/Pheidole/casent0101755_p.jpg,commons,train
865115002,CAS:ANTWEB:casent0101756,casent0101756,casent0101756,p,1319461,Anochetus,ponerinae,Anochetus madagascarensis,"Anochetus madagascarensis Forel, 1887",,SPECIES,,worker,,Antsiranana,[Nossi bé; TNC]; Nosy be; Nosibe,-13.29167,48.25833,146.0,,,,https://www.antweb.org/images/casent0101756/casent0101756_p_1_high.jpg,casent0101756 profile view 1,April Nobile,Attribution-ShareAlike (BY-SA) Creative Commons License and GNU Free Documentation License (GFDL),"California Academy of Sciences, 2000-2007",GEODETIC_DATUM_ASSUMED_WGS84;CONTINENT_DERIVED_FROM_COORDINATES;COLLECTION_MATCH_NONE;INSTITUTION_MATCH_FUZZY,Anochetus,1,data/images/Anochetus/casent0101756_p.jpg,commons,train
865115085,CAS:ANTWEB:casent0101761,casent0101761,casent0101761,p,1324306,Crematogaster,myrmicinae,Crematogaster hova,"Crematogaster hova Forel, 1887",,SPECIES,,worker,,Toamasina,[Est Imerina]; Moramanga,-18.933332,48.2,902.0,,Sikora,,https://www.antweb.org/images/casent0101761/casent0101761_p_1_high.jpg,casent0101761 profile view 1,April Nobile,Attribution-ShareAlike (BY-SA) Creative Commons License and GNU Free Documentation License (GFDL),"California Academy of Sciences, 2000-2008",GEODETIC_DATUM_ASSUMED_WGS84;CONTINENT_DERIVED_FROM_COORDINATES;COLLECTION_MATCH_NONE;INSTITUTION_MATCH_FUZZY,Crematogaster,1,data/images/Crematogaster/casent0101761_p.jpg,commons,train
865115106,CAS:ANTWEB:casent0101762,casent0101762,casent0101762,p,1324306,Crematogaster,myrmicinae,Crematogaster ranavalonae,"Crematogaster ranavalonae Forel, 1887",,SPECIES,,worker,Lectotype,Toamasina,[Ivondro prés Tamatavé]; Antenina; Toamasina Rural,-18.23333,49.36667,14.0,,,,https://www.antweb.org/images/casent0101762/casent0101762_p_1_high.jpg,casent0101762 profile view 1,April Nobile,Attribution-ShareAlike (BY-SA) Creative Commons License and GNU Free Documentation License (GFDL),"California Academy of Sciences, 2000-2008",GEODETIC_DATUM_ASSUMED_WGS84;CONTINENT_DERIVED_FROM_COORDINATES;COLLECTION_MATCH_NONE;INSTITUTION_MATCH_FUZZY,Crematogaster,1,data/images/Crematogaster/casent0101762_p.jpg,commons,train
865115188,CAS:ANTWEB:casent0101766,casent0101766,casent0101766,p,1326298,Platythyrea,ponerinae,Platythyrea bicuspis,"Platythyrea bicuspis Emery, 1899",,SPECIES,,worker,Syntype,Toamasina,[Baiè d' Antongíl]; Maroantsetra,-15.43333,49.75,12.0,,,,https://www.antweb.org/images/casent0101766/casent0101766_p_1_high.jpg,casent0101766 profile view 1,April Nobile,Attribution-ShareAlike (BY-SA) Creative Commons License and GNU Free Documentation License (GFDL),"California Academy of Sciences, 2000-2007",GEODETIC_DATUM_ASSUMED_WGS84;CONTINENT_DERIVED_FROM_COORDINATES;COLLECTION_MATCH_NONE;INSTITUTION_MATCH_FUZZY,Platythyrea,1,data/images/Platythyrea/casent0101766_p.jpg,commons,train
865115211,CAS:ANTWEB:casent0101767,casent0101767,casent0101767,p,1321654,Pheidole,myrmicinae,Pheidole spinosa,"Pheidole spinosa Forel, 1891",,SPECIES,,worker,Paralectotype,Antananarivo,[antananarivo]; Ambatomanjaka; Miarinarivo,-18.705147,46.825283,1399.0,,Camboué,E.M. Sarnat,https://www.antweb.org/images/casent0101767/casent0101767_p_1_high.jpg,casent0101767 profile view 1,Nick Olgeirson,Attribution-ShareAlike (BY-SA) Creative Commons License and GNU Free Documentation License (GFDL),"California Academy of Sciences, 2000-2008",GEODETIC_DATUM_ASSUMED_WGS84;CONTINENT_DERIVED_FROM_COORDINATES;COLLECTION_MATCH_NONE;INSTITUTION_MATCH_FUZZY,Pheidole,1,data/images/Pheidole/casent0101767_p.jpg,commons,train
865115252,CAS:ANTWEB:casent0101769,casent0101769,casent0101769,p,1324306,Crematogaster,myrmicinae,Crematogaster kelleri,"Crematogaster kelleri Forel, 1891",,SPECIES,,worker,Lectotype,Antsiranana,[Nosibé]; Nosy be; Nosibe,-13.291667,48.25833,146.0,,Voeltzkow,,https://www.antweb.org/images/casent0101769/casent0101769_p_1_high.jpg,casent0101769 profile view 1,April Nobile,Attribution-ShareAlike (BY-SA) Creative Commons License and GNU Free Documentation License (GFDL),"California Academy of Sciences, 2000-2008",GEODETIC_DATUM_ASSUMED_WGS84;CONTINENT_DERIVED_FROM_COORDINATES;COLLECTION_MATCH_NONE;INSTITUTION_MATCH_FUZZY,Crematogaster,1,data/images/Crematogaster/casent0101769_p.jpg,commons,train
865115269,CAS:ANTWEB:casent0101770,casent0101770,casent0101770,p,4673663,Bothroponera,ponerinae,Bothroponera cambouei,"Bothroponera cambouei Forel, 1891",,SPECIES,,worker,Lectotype,Fianarantsoa,[Imérina]; Fahizay; Ambositra,-20.5,47.33333,1317.0,,Camboué,Jean Claude Rakotonirina,https://www.antweb.org/images/casent0101770/casent0101770_p_1_high.jpg,casent0101770 profile view 1,April Nobile,Attribution-ShareAlike (BY-SA) Creative Commons License and GNU Free Documentation License (GFDL),"California Academy of Sciences, 2000-2008",GEODETIC_DATUM_ASSUMED_WGS84;CONTINENT_DERIVED_FROM_COORDINATES;COLLECTION_MATCH_NONE;INSTITUTION_MATCH_FUZZY,Bothroponera,1,data/images/Bothroponera/casent0101770_p.jpg,commons,train
865115296,CAS:ANTWEB:casent0101771,casent0101771,casent0101771,p,1324306,Crematogaster,myrmicinae,Crematogaster ranavalonae,"Crematogaster ranavalonae Forel, 1887",,SPECIES,,worker,Holotype,Toamasina,[Nosibé Village de l' Imerina]; Anosibe An'ala; Anosibe,-19.433332,48.216667,660.0,,Sikora,,https://www.antweb.org/images/casent0101771/casent0101771_p_1_high.jpg,casent0101771 profile view 1,April Nobile,Attribution-ShareAlike (BY-SA) Creative Commons License and GNU Free Documentation License (GFDL),"California Academy of Sciences, 2000-2008",GEODETIC_DATUM_ASSUMED_WGS84;CONTINENT_DERIVED_FROM_COORDINATES;COLLECTION_MATCH_NONE;INSTITUTION_MATCH_FUZZY,Crematogaster,1,data/images/Crematogaster/casent0101771_p.jpg,commons,train
865115317,CAS:ANTWEB:casent0101772,casent0101772,casent0101772,p,1325265,Cataulacus,myrmicinae,Cataulacus porcatus,"Cataulacus porcatus Emery, 1899",,SPECIES,,worker,Syntype,Toamasina,[Madagasc Baie d' Antongil]; Maroantsetra,-15.43333,49.75,12.0,,,,https://www.antweb.org/images/casent0101772/casent0101772_p_1_high.jpg,casent0101772 profile view 1,April Nobile,Attribution-ShareAlike (BY-SA) Creative Commons License and GNU Free Documentation License (GFDL),"California Academy of Sciences, 2000-2008",GEODETIC_DATUM_ASSUMED_WGS84;CONTINENT_DERIVED_FROM_COORDINATES;COLLECTION_MATCH_NONE;INSTITUTION_MATCH_FUZZY,Cataulacus,1,data/images/Cataulacus/casent0101772_p.jpg,commons,test
865115345,CAS:ANTWEB:casent0101773,casent0101773,casent0101773,p,1324306,Crematogaster,myrmicinae,Crematogaster lobata,"Crematogaster lobata Emery, 1895",,SPECIES,,worker,,Antananarivo,[Centr Madag]; Ambatomanjaka; Miarinarivo,-18.76695,46.86911,1343.0,,,,https://www.antweb.org/images/casent0101773/casent0101773_p_1_high.jpg,casent0101773 profile view 1,April Nobile,Attribution-ShareAlike (BY-SA) Creative Commons License and GNU Free Documentation License (GFDL),"California Academy of Sciences, 2000-2008",GEODETIC_DATUM_ASSUMED_WGS84;CONTINENT_DERIVED_FROM_COORDINATES;COLLECTION_MATCH_NONE;INSTITUTION_MATCH_FUZZY,Crematogaster,1,data/images/Crematogaster/casent0101773_p.jpg,commons,test
865115443,CAS:ANTWEB:casent0101777,casent0101777,casent0101777,p,1312361,Camponotus,formicinae,Camponotus becki,"Camponotus becki (Rakotonirina & Fisher, 2022) Santschi, 2022",,SPECIES,,worker,Paralectotype,Antananarivo,[Madagaskar; F]; Ambatomanjaka; Miarinarivo,-18.76695,46.86911,1343.0,,R. Beck,,https://www.antweb.org/images/casent0101777/casent0101777_p_1_high.jpg,casent0101777 profile view 1,Nick Olgeirson,Attribution-ShareAlike (BY-SA) Creative Commons License and GNU Free Documentation License (GFDL),"California Academy of Sciences, 2000-2008",GEODETIC_DATUM_ASSUMED_WGS84;CONTINENT_DERIVED_FROM_COORDINATES;COLLECTION_MATCH_NONE;INSTITUTION_MATCH_FUZZY,Camponotus,1,data/images/Camponotus/casent0101777_p.jpg,commons,train
865115494,CAS:ANTWEB:casent0101779,casent0101779,casent0101779,p,1312361,Camponotus,formicinae,Camponotus cervicalis,"Camponotus cervicalis Roger, 1863",,SPECIES,,worker,Paralectotype,Antananarivo,[Madagascar]; Ambatomanjaka; Miarinarivo,-18.76695,46.86911,1343.0,,Humblot,,https://www.antweb.org/images/casent0101779/casent0101779_p_1_high.jpg,casent0101779 profile view 1,April Nobile,Attribution-ShareAlike (BY-SA) Creative Commons License and GNU Free Documentation License (GFDL),"California Academy of Sciences, 2000-2007",GEODETIC_DATUM_ASSUMED_WGS84;CONTINENT_DERIVED_FROM_COORDINATES;COLLECTION_MATCH_NONE;INSTITUTION_MATCH_FUZZY,Camponotus,1,data/images/Camponotus/casent0101779_p.jpg,commons,test
865115516,CAS:ANTWEB:casent0101780,casent0101780,casent0101780,p,1321654,Pheidole,myrmicinae,Pheidole ensifera,"Pheidole ensifera Forel, 1897",,SPECIES,,worker,Syntype,Antsiranana,[Nosibé]; Nosy be; Nosibe,-13.291667,48.25833,146.0,,Voeltzkow,,https://www.antweb.org/images/casent0101780/casent0101780_p_1_high.jpg,casent0101780 profile view 1,April Nobile,Attribution-ShareAlike (BY-SA) Creative Commons License and GNU Free Documentation License (GFDL),"California Academy of Sciences, 2000-2008",GEODETIC_DATUM_ASSUMED_WGS84;CONTINENT_DERIVED_FROM_COORDINATES;COLLECTION_MATCH_NONE;INSTITUTION_MATCH_FUZZY,Pheidole,1,data/images/Pheidole/casent0101780_p.jpg,commons,train
865115541,CAS:ANTWEB:casent0101781,casent0101781,casent0101781,p,4673740,Nylanderia,formicinae,Nylanderia madagascarensis,"Nylanderia madagascarensis (Forel, 1886)",,SPECIES,,worker,Syntype,Antananarivo,"[Forêt d'Analámainty p. Antananarivo, de malvacée]; Tsaramasoandro; Ankazobe",-17.93194,47.10944,1398.0,,Camboué,,https://www.antweb.org/images/casent0101781/casent0101781_p_1_high.jpg,casent0101781 profile view 1,April Nobile,Attribution-ShareAlike (BY-SA) Creative Commons License and GNU Free Documentation License (GFDL),"California Academy of Sciences, 2000-2008",GEODETIC_DATUM_ASSUMED_WGS84;CONTINENT_DERIVED_FROM_COORDINATES;COLLECTION_MATCH_NONE;INSTITUTION_MATCH_FUZZY,Nylanderia,1,data/images/Nylanderia/casent0101781_p.jpg,commons,train
865115662,CAS:ANTWEB:casent0101786,casent0101786,casent0101786,p,1324306,Crematogaster,myrmicinae,Crematogaster schencki,"Crematogaster schencki Forel, 1891",,SPECIES,,worker,,Fianarantsoa,[Sud central Madagascar]; 2eme Arrondissement; Fianarantsoa Urban,-21.433332,47.083332,1160.0,,,,https://www.antweb.org/images/casent0101786/casent0101786_p_1_high.jpg,casent0101786 profile view 1,April Nobile,Attribution-ShareAlike (BY-SA) Creative Commons License and GNU Free Documentation License (GFDL),"California Academy of Sciences, 2000-2008",GEODETIC_DATUM_ASSUMED_WGS84;CONTINENT_DERIVED_FROM_COORDINATES;COLLECTION_MATCH_NONE;INSTITUTION_MATCH_FUZZY,Crematogaster,1,data/images/Crematogaster/casent0101786_p.jpg,commons,train
865115688,CAS:ANTWEB:casent0101787,casent0101787,casent0101787,p,1326614,Hypoponera,ponerinae,Hypoponera indigens,"Hypoponera indigens (Forel, 1895)",,SPECIES,,worker,Syntype,Antananarivo,[Centr Madag.]; Ambatomanjaka; Miarinarivo,-18.76695,46.86911,1343.0,,,,https://www.antweb.org/images/casent0101787/casent0101787_p_1_high.jpg,casent0101787 profile view 1,April Nobile,Attribution-ShareAlike (BY-SA) Creative Commons License and GNU Free Documentation License (GFDL),"California Academy of Sciences, 2000-2007",GEODETIC_DATUM_ASSUMED_WGS84;CONTINENT_DERIVED_FROM_COORDINATES;COLLECTION_MATCH_NONE;INSTITUTION_MATCH_FUZZY,Hypoponera,1,data/images/Hypoponera/casent0101787_p.jpg,commons,test
865115712,CAS:ANTWEB:casent0101788,casent0101788,casent0101788,p,1312361,Camponotus,formicinae,Camponotus roeseli,"Camponotus roeseli Forel, 1910",,SPECIES,,worker,Paralectotype,Antsiranana,"[Nd. Madagascar, Amber Gebirge Nd. Madagascar]; Mosorolava; Antsiranana Rural",-12.616667,49.15,1113.0,,,,https://www.antweb.org/images/casent0101788/casent0101788_p_1_high.jpg,casent0101788 profile view 1,April Nobile,Attribution-ShareAlike (BY-SA) Creative Commons License and GNU Free Documentation License (GFDL),"California Academy of Sciences, 2000-2008",GEODETIC_DATUM_ASSUMED_WGS84;CONTINENT_DERIVED_FROM_COORDINATES;COLLECTION_MATCH_NONE;INSTITUTION_MATCH_FUZZY,Camponotus,1,data/images/Camponotus/casent0101788_p.jpg,commons,train
865115727,CAS:ANTWEB:casent0101789,casent0101789,casent0101789,p,1319181,Tetraponera,pseudomyrmecinae,Tetraponera rakotonis,"Tetraponera rakotonis (Forel, 1891)",,SPECIES,,worker,,Toliara,[Morondava],-20.29042,44.3,6.0,,,,https://www.antweb.org/images/casent0101789/casent0101789_p_1_high.jpg,casent0101789 profile view 1,April Nobile,Attribution-ShareAlike (BY-SA) Creative Commons License and GNU Free Documentation License (GFDL),"California Academy of Sciences, 2000-2007",GEODETIC_DATUM_ASSUMED_WGS84;CONTINENT_DERIVED_FROM_COORDINATES;COLLECTION_MATCH_NONE;INSTITUTION_MATCH_FUZZY,Tetraponera,1,data/images/Tetraponera/casent0101789_p.jpg,commons,train
865114739,CAS:ANTWEB:casent0101790,casent0101790,casent0101790,p,1324306,Crematogaster,myrmicinae,Crematogaster ensifera,"Crematogaster ensifera Forel, 1910",,SPECIES,,worker,Lectotype,Toamasina,[Forêt vierge de Sahana Madagascar Ouest]; Manambolosy; Mananara,-16.08333,49.63333,38.0,,,,https://www.antweb.org/images/casent0101790/casent0101790_p_1_high.jpg,casent0101790 profile view 1,April Nobile,Attribution-ShareAlike (BY-SA) Creative Commons License and GNU Free Documentation License (GFDL),"California Academy of Sciences, 2000-2008",GEODETIC_DATUM_ASSUMED_WGS84;CONTINENT_DERIVED_FROM_COORDINATES;COLLECTION_MATCH_NONE;INSTITUTION_MATCH_FUZZY,Crematogaster,1,data/images/Crematogaster/casent0101790_p.jpg,commons,test
865114759,CAS:ANTWEB:casent0101791,casent0101791,casent0101791,p,1320039,Technomyrmex,dolichoderinae,Technomyrmex difficilis,"Technomyrmex difficilis Forel, 1892",,SPECIES,,worker,,Toamasina,[Nosibé Village de l' Imerina]; Anosibe An'ala; Anosibe,-19.43333,48.21667,660.0,,Sikora,Barry Bolton,https://www.antweb.org/images/casent0101791/casent0101791_p_1_high.jpg,casent0101791 profile view 1,April Nobile,Attribution-ShareAlike (BY-SA) Creative Commons License and GNU Free Documentation License (GFDL),"California Academy of Sciences, 2000-2007",GEODETIC_DATUM_ASSUMED_WGS84;CONTINENT_DERIVED_FROM_COORDINATES;COLLECTION_MATCH_NONE;INSTITUTION_MATCH_FUZZY,Technomyrmex,1,data/images/Technomyrmex/casent0101791_p.jpg,commons,train
865114775,CAS:ANTWEB:casent0101792,casent0101792,casent0101792,p,1326614,Hypoponera,ponerinae,Hypoponera indigens,"Hypoponera indigens (Forel, 1895)",,SPECIES,,worker,Syntype,Antananarivo,[Centr Madag.]; Ambatomanjaka; Miarinarivo,-18.76695,46.86911,1343.0,,,,https://www.antweb.org/images/casent0101792/casent0101792_p_1_high.jpg,casent0101792 profile view 1,April Nobile,Attribution-ShareAlike (BY-SA) Creative Commons License and GNU Free Documentation License (GFDL),"California Academy of Sciences, 2000-2008",GEODETIC_DATUM_ASSUMED_WGS84;CONTINENT_DERIVED_FROM_COORDINATES;COLLECTION_MATCH_NONE;INSTITUTION_MATCH_FUZZY,Hypoponera,1,data/images/Hypoponera/casent0101792_p.jpg,commons,train
865114822,CAS:ANTWEB:casent0101795,casent0101795,casent0101795,p,1321215,Leptogenys,ponerinae,,"Leptogenys Roger, 1861",,GENUS,,worker,Lectotype,Antananarivo,[Andrangoloaka]; Mantasoa; Manjakandriana,-19.03333,47.91667,1409.0,,Sikora,Jean Claude Rakotonirina,https://www.antweb.org/images/casent0101795/casent0101795_p_1_high.jpg,casent0101795 profile view 1,April Nobile,Attribution-ShareAlike (BY-SA) Creative Commons License and GNU Free Documentation License (GFDL),"California Academy of Sciences, 2000-2007",GEODETIC_DATUM_ASSUMED_WGS84;CONTINENT_DERIVED_FROM_COORDINATES;COLLECTION_MATCH_NONE;INSTITUTION_MATCH_FUZZY,Leptogenys,1,data/images/Leptogenys/casent0101795_p.jpg,commons,train
865114867,CAS:ANTWEB:casent0101798,casent0101798,casent0101798,p,1321215,Leptogenys,ponerinae,Leptogenys angusta,"Leptogenys angusta (Forel, 1892)",,SPECIES,,worker,Paralectotype,Toamasina,[Moramanga],-18.9489,48.22443,914.0,,Sikora,,https://www.antweb.org/images/casent0101798/casent0101798_p_1_high.jpg,casent0101798 profile view 1,April Nobile,Attribution-ShareAlike (BY-SA) Creative Commons License and GNU Free Documentation License (GFDL),"California Academy of Sciences, 2000-2007",GEODETIC_DATUM_ASSUMED_WGS84;CONTINENT_DERIVED_FROM_COORDINATES;COLLECTION_MATCH_NONE;INSTITUTION_MATCH_FUZZY,Leptogenys,1,data/images/Leptogenys/casent0101798_p.jpg,commons,train
865114945,CAS:ANTWEB:casent0101802,casent0101802,casent0101802,p,1324306,Crematogaster,myrmicinae,Crematogaster marthae,"Crematogaster marthae Forel, 1892",,SPECIES,,worker,Lectotype,Toamasina,[Mangoro ufer]; Ambohibary; Moramanga,-18.8833,48.1167,861.0,,Sikora,,https://www.antweb.org/images/casent0101802/casent0101802_p_1_high.jpg,casent0101802 profile view 1,April Nobile,Attribution-ShareAlike (BY-SA) Creative Commons License and GNU Free Documentation License (GFDL),"California Academy of Sciences, 2000-2008",GEODETIC_DATUM_ASSUMED_WGS84;CONTINENT_DERIVED_FROM_COORDINATES;COLLECTION_MATCH_NONE;INSTITUTION_MATCH_FUZZY,Crematogaster,1,data/images/Crematogaster/casent0101802_p.jpg,commons,test
865114979,CAS:ANTWEB:casent0101804,casent0101804,casent0101804,p,1324306,Crematogaster,myrmicinae,Crematogaster hova,"Crematogaster hova Forel, 1887",,SPECIES,,worker,Lectotype,Toamasina,[Ivondro p. Tamatavé]; Antenina; Toamasina Rural,-18.23333,49.36667,14.0,,,,https://www.antweb.org/images/casent0101804/casent0101804_p_1_high.jpg,casent0101804 profile view 1,April Nobile,Attribution-ShareAlike (BY-SA) Creative Commons License and GNU Free Documentation License (GFDL),"California Academy of Sciences, 2000-2008",GEODETIC_DATUM_ASSUMED_WGS84;CONTINENT_DERIVED_FROM_COORDINATES;COLLECTION_MATCH_NONE;INSTITUTION_MATCH_FUZZY,Crematogaster,1,data/images/Crematogaster/casent0101804_p.jpg,commons,train
865114999,CAS:ANTWEB:casent0101805,casent0101805,casent0101805,p,1321215,Leptogenys,ponerinae,Leptogenys saussurei,"Leptogenys saussurei (Forel, 1891)",,SPECIES,,worker,Holotype,Toamasina,[Mahanoro]; Vanono; Mananara,-16.03333,49.38333,409.0,,,,https://www.antweb.org/images/casent0101805/casent0101805_p_1_high.jpg,casent0101805 profile view 1,April Nobile,Attribution-ShareAlike (BY-SA) Creative Commons License and GNU Free Documentation License (GFDL),"California Academy of Sciences, 2000-2007",GEODETIC_DATUM_ASSUMED_WGS84;CONTINENT_DERIVED_FROM_COORDINATES;COLLECTION_MATCH_NONE;INSTITUTION_MATCH_FUZZY,Leptogenys,1,data/images/Leptogenys/casent0101805_p.jpg,commons,test
865115016,CAS:ANTWEB:casent0101806,casent0101806,casent0101806,p,1326298,Platythyrea,ponerinae,Platythyrea mocquerysi,"Platythyrea mocquerysi Emery, 1899",,SPECIES,,worker,Syntype,Toliara,[Tulear SW Mad]; Beronono; Mahabo,-21.0,45.0,339.0,,Voeltzkow,,https://www.antweb.org/images/casent0101806/casent0101806_p_1_high.jpg,casent0101806 profile view 1,April Nobile,Attribution-ShareAlike (BY-SA) Creative Commons License and GNU Free Documentation License (GFDL),"California Academy of Sciences, 2000-2007",GEODETIC_DATUM_ASSUMED_WGS84;CONTINENT_DERIVED_FROM_COORDINATES;COLLECTION_MATCH_NONE;INSTITUTION_MATCH_FUZZY,Platythyrea,1,data/images/Platythyrea/casent0101806_p.jpg,commons,test
865115114,CAS:ANTWEB:casent0101812,casent0101812,casent0101812,p,1312361,Camponotus,formicinae,Camponotus dufouri,"Camponotus dufouri Forel, 1891",,SPECIES,,worker,Lectotype,Antananarivo,[Andrangoloaca]; Mantasoa; Manjakandriana,-19.03333,47.91667,1409.0,,,,https://www.antweb.org/images/casent0101812/casent0101812_p_1_high.jpg,casent0101812 profile view 1,April Nobile,Attribution-ShareAlike (BY-SA) Creative Commons License and GNU Free Documentation License (GFDL),"California Academy of Sciences, 2000-2008",GEODETIC_DATUM_ASSUMED_WGS84;CONTINENT_DERIVED_FROM_COORDINATES;COLLECTION_MATCH_NONE;INSTITUTION_MATCH_FUZZY,Camponotus,1,data/images/Camponotus/casent0101812_p.jpg,commons,train
865115148,CAS:ANTWEB:casent0101814,casent0101814,casent0101814,p,1323128,Tetramorium,myrmicinae,Tetramorium steinheili,"Tetramorium steinheili Forel, 1892",,SPECIES,,worker,Lectotype,Antananarivo,[Andrangoloaka]; Mantasoa; Manjakandriana,-19.033333,47.916668,1409.0,,,,https://www.antweb.org/images/casent0101814/casent0101814_p_1_high.jpg,casent0101814 profile view 1,Nick Olgeirson,Attribution-ShareAlike (BY-SA) Creative Commons License and GNU Free Documentation License (GFDL),"California Academy of Sciences, 2000-2008",GEODETIC_DATUM_ASSUMED_WGS84;CONTINENT_DERIVED_FROM_COORDINATES;COLLECTION_MATCH_NONE;INSTITUTION_MATCH_FUZZY,Tetramorium,1,data/images/Tetramorium/casent0101814_p.jpg,commons,train
865115255,CAS:ANTWEB:casent0101819,casent0101819,casent0101819,p,1319461,Anochetus,ponerinae,Anochetus grandidieri,"Anochetus grandidieri Forel, 1891",,SPECIES,,worker,Lectotype,Antananarivo,"[Madagascar, (forêts)]; Ambatomanjaka; Miarinarivo",-18.76695,46.86911,1343.0,,Humblot,,https://www.antweb.org/images/casent0101819/casent0101819_p_1_high.jpg,casent0101819 profile view 1,April Nobile,Attribution-ShareAlike (BY-SA) Creative Commons License and GNU Free Documentation License (GFDL),"California Academy of Sciences, 2000-2007",GEODETIC_DATUM_ASSUMED_WGS84;CONTINENT_DERIVED_FROM_COORDINATES;COLLECTION_MATCH_NONE;INSTITUTION_MATCH_FUZZY,Anochetus,1,data/images/Anochetus/casent0101819_p.jpg,commons,test
865115318,CAS:ANTWEB:casent0101821,casent0101821,casent0101821,p,1323128,Tetramorium,myrmicinae,Tetramorium andrei,"Tetramorium andrei Forel, 1892",,SPECIES,,worker,Lectotype,Toamasina,[Nosibé Village de l' Imerina]; Anosibe An'ala; Anosibe,-19.43333,48.21667,660.0,,Sikora,,https://www.antweb.org/images/casent0101821/casent0101821_p_1_high.jpg,casent0101821 profile view 1,April Nobile,Attribution-ShareAlike (BY-SA) Creative Commons License and GNU Free Documentation License (GFDL),"California Academy of Sciences, 2000-2008",GEODETIC_DATUM_ASSUMED_WGS84;CONTINENT_DERIVED_FROM_COORDINATES;COLLECTION_MATCH_NONE;INSTITUTION_MATCH_FUZZY,Tetramorium,1,data/images/Tetramorium/casent0101821_p.jpg,commons,train
865115372,CAS:ANTWEB:casent0101823,casent0101823,casent0101823,p,1320039,Technomyrmex,dolichoderinae,Technomyrmex difficilis,"Technomyrmex difficilis Forel, 1892",,SPECIES,,worker,,Toamasina,[Nosibé Village de l' Imerina]; Anosibe An'ala; Anosibe,-19.43333,48.21667,660.0,,Sikora,Barry Bolton,https://www.antweb.org/images/casent0101823/casent0101823_p_1_high.jpg,casent0101823 profile view 1,April Nobile,Attribution-ShareAlike (BY-SA) Creative Commons License and GNU Free Documentation License (GFDL),"California Academy of Sciences, 2000-2007",GEODETIC_DATUM_ASSUMED_WGS84;CONTINENT_DERIVED_FROM_COORDINATES;COLLECTION_MATCH_NONE;INSTITUTION_MATCH_FUZZY,Technomyrmex,1,data/images/Technomyrmex/casent0101823_p.jpg,commons,train
865115396,CAS:ANTWEB:casent0101824,casent0101824,casent0101824,p,1324306,Crematogaster,myrmicinae,Crematogaster ranavalonae,"Crematogaster ranavalonae Forel, 1887",,SPECIES,,worker,,Toliara,[Fort. Dauphin]; Taolagnaro,-25.02,46.9833,2.0,,,,https://www.antweb.org/images/casent0101824/casent0101824_p_1_high.jpg,casent0101824 profile view 1,April Nobile,Attribution-ShareAlike (BY-SA) Creative Commons License and GNU Free Documentation License (GFDL),"California Academy of Sciences, 2000-2008",GEODETIC_DATUM_ASSUMED_WGS84;CONTINENT_DERIVED_FROM_COORDINATES;COLLECTION_MATCH_NONE;INSTITUTION_MATCH_FUZZY,Crematogaster,1,data/images/Crematogaster/casent0101824_p.jpg,commons,test
865115423,CAS:ANTWEB:casent0101825,casent0101825,casent0101825,p,1321215,Leptogenys,ponerinae,,"Leptogenys Roger, 1861",,GENUS,,worker,Paralectotype,Antananarivo,[Andrangoloaka]; Mantasoa; Manjakandriana,-19.03333,47.91667,1409.0,,Sikora,Jean Claude Rakotonirina,https://www.antweb.org/images/casent0101825/casent0101825_p_1_high.jpg,casent0101825 profile view 1,April Nobile,Attribution-ShareAlike (BY-SA) Creative Commons License and GNU Free Documentation License (GFDL),"California Academy of Sciences, 2000-2007",GEODETIC_DATUM_ASSUMED_WGS84;CONTINENT_DERIVED_FROM_COORDINATES;COLLECTION_MATCH_NONE;INSTITUTION_MATCH_FUZZY,Leptogenys,1,data/images/Leptogenys/casent0101825_p.jpg,commons,test
865115475,CAS:ANTWEB:casent0101827,casent0101827,casent0101827,p,4673512,Lioponera,dorylinae,,"Lioponera Mayr, 1879",,GENUS,,worker,,Toamasina,[Nosibé Village de l' Imerina]; Anosibe An'ala; Anosibe,-19.43333,48.21667,660.0,,Sikora,,https://www.antweb.org/images/casent0101827/casent0101827_p_1_high.jpg,casent0101827 profile view 1,April Nobile,Attribution-ShareAlike (BY-SA) Creative Commons License and GNU Free Documentation License (GFDL),"California Academy of Sciences, 2000-2007",GEODETIC_DATUM_ASSUMED_WGS84;CONTINENT_DERIVED_FROM_COORDINATES;COLLECTION_MATCH_NONE;INSTITUTION_MATCH_FUZZY,Lioponera,1,data/images/Lioponera/casent0101827_p.jpg,commons,train
865115503,CAS:ANTWEB:casent0101828,casent0101828,casent0101828,p,1312361,Camponotus,formicinae,Camponotus dufouri,"Camponotus dufouri Forel, 1891",,SPECIES,,worker,,Antananarivo,[Andrangoloaca]; Mantasoa; Manjakandriana,-19.03333,47.91667,1409.0,,,,https://www.antweb.org/images/casent0101828/casent0101828_p_1_high.jpg,casent0101828 profile view 1,April Nobile,Attribution-ShareAlike (BY-SA) Creative Commons License and GNU Free Documentation License (GFDL),"California Academy of Sciences, 2000-2008",GEODETIC_DATUM_ASSUMED_WGS84;CONTINENT_DERIVED_FROM_COORDINATES;COLLECTION_MATCH_NONE;INSTITUTION_MATCH_FUZZY,Camponotus,1,data/images/Camponotus/casent0101828_p.jpg,commons,test
865115528,CAS:ANTWEB:casent0101829,casent0101829,casent0101829,p,1321654,Pheidole,myrmicinae,Pheidole annemariae,"Pheidole annemariae Forel, 1918",,SPECIES,,worker,Syntype,Toamasina,[Ilât Prune b. Tamatave]; Antetezambaro; Toamasina Rural,-18.047714,49.402493,15.0,1914-08-01,Friederichs,,https://www.antweb.org/images/casent0101829/casent0101829_p_1_high.jpg,casent0101829 profile view 1,April Nobile,Attribution-ShareAlike (BY-SA) Creative Commons License and GNU Free Documentation License (GFDL),"California Academy of Sciences, 2000-2008",GEODETIC_DATUM_ASSUMED_WGS84;CONTINENT_DERIVED_FROM_COORDINATES;COLLECTION_MATCH_NONE;INSTITUTION_MATCH_FUZZY,Pheidole,1,data/images/Pheidole/casent0101829_p.jpg,commons,test
865115551,CAS:ANTWEB:casent0101830,casent0101830,casent0101830,p,1324306,Crematogaster,myrmicinae,Crematogaster ranavalonae,"Crematogaster ranavalonae Forel, 1887",,SPECIES,,worker,,Toamasina,[St Marie de Madagascar]; Lonkintsy; Nosy-Boraha (St. Marie),-16.903694,49.91124,24.0,,,,https://www.antweb.org/images/casent0101830/casent0101830_p_1_high.jpg,casent0101830 profile view 1,April Nobile,Attribution-ShareAlike (BY-SA) Creative Commons License and GNU Free Documentation License (GFDL),"California Academy of Sciences, 2000-2008",GEODETIC_DATUM_ASSUMED_WGS84;CONTINENT_DERIVED_FROM_COORDINATES;COLLECTION_MATCH_NONE;INSTITUTION_MATCH_FUZZY,Crematogaster,1,data/images/Crematogaster/casent0101830_p.jpg,commons,test
865115578,CAS:ANTWEB:casent0101831,casent0101831,casent0101831,p,4673512,Lioponera,dorylinae,,"Lioponera Mayr, 1879",,GENUS,,worker,Syntype,Toamasina,[Moramanga],-18.9489,48.22443,914.0,,Sikora,,https://www.antweb.org/images/casent0101831/casent0101831_p_1_high.jpg,casent0101831 profile view 1,April Nobile,Attribution-ShareAlike (BY-SA) Creative Commons License and GNU Free Documentation License (GFDL),"California Academy of Sciences, 2000-2007",GEODETIC_DATUM_ASSUMED_WGS84;CONTINENT_DERIVED_FROM_COORDINATES;COLLECTION_MATCH_NONE;INSTITUTION_MATCH_FUZZY,Lioponera,1,data/images/Lioponera/casent0101831_p.jpg,commons,train
865115604,CAS:ANTWEB:casent0101832,casent0101832,casent0101832,p,1320039,Technomyrmex,dolichoderinae,Technomyrmex madecassus,"Technomyrmex madecassus Forel, 1897",,SPECIES,,worker,,Antsiranana,[Nosi bé]; Nosy be; Nosibe,-13.31502,48.25926,128.0,,Voeltzkow,,https://www.antweb.org/images/casent0101832/casent0101832_p_1_high.jpg,casent0101832 profile view 1,April Nobile,Attribution-ShareAlike (BY-SA) Creative Commons License and GNU Free Documentation License (GFDL),"California Academy of Sciences, 2000-2007",GEODETIC_DATUM_ASSUMED_WGS84;CONTINENT_DERIVED_FROM_COORDINATES;COLLECTION_MATCH_NONE;INSTITUTION_MATCH_FUZZY,Technomyrmex,1,data/images/Technomyrmex/casent0101832_p.jpg,commons,train
865115628,CAS:ANTWEB:casent0101833,casent0101833,casent0101833,p,4673740,Nylanderia,formicinae,Nylanderia madagascarensis,"Nylanderia madagascarensis (Forel, 1886)",,SPECIES,,worker,Syntype,Toamasina,[St. Marie]; Lonkintsy; Nosy-Boraha (St. Marie),-16.90369,49.91124,24.0,1904-08-01,S. Voeltzkow,,https://www.antweb.org/images/casent0101833/casent0101833_p_1_high.jpg,casent0101833 profile view 1,April Nobile,Attribution-ShareAlike (BY-SA) Creative Commons License and GNU Free Documentation License (GFDL),"California Academy of Sciences, 2000-2007",GEODETIC_DATUM_ASSUMED_WGS84;CONTINENT_DERIVED_FROM_COORDINATES;COLLECTION_MATCH_NONE;INSTITUTION_MATCH_FUZZY,Nylanderia,1,data/images/Nylanderia/casent0101833_p.jpg,commons,test
865115648,CAS:ANTWEB:casent0101834,casent0101834,casent0101834,p,1321215,Leptogenys,ponerinae,Leptogenys angusta,"Leptogenys angusta (Forel, 1892)",,SPECIES,,worker,Lectotype,Antananarivo,[Andrangoloaka]; Mantasoa; Manjakandriana,-19.03333,47.91667,1409.0,,,,https://www.antweb.org/images/casent0101834/casent0101834_p_1_high.jpg,casent0101834 profile view 1,April Nobile,Attribution-ShareAlike (BY-SA) Creative Commons License and GNU Free Documentation License (GFDL),"California Academy of Sciences, 2000-2008",GEODETIC_DATUM_ASSUMED_WGS84;CONTINENT_DERIVED_FROM_COORDINATES;COLLECTION_MATCH_NONE;INSTITUTION_MATCH_FUZZY,Leptogenys,1,data/images/Leptogenys/casent0101834_p.jpg,commons,train
865115697,CAS:ANTWEB:casent0101836,casent0101836,casent0101836,p,1324306,Crematogaster,myrmicinae,Crematogaster rasoherinae,"Crematogaster rasoherinae Forel, 1891",,SPECIES,,worker,Lectotype,Toliara,[Andranohinaly S.W. Madagascar]; Ambohimahavelona,-23.2833,43.9833,240.0,,Voeltzkow,Brian L. Fisher,https://www.antweb.org/images/casent0101836/casent0101836_p_1_high.jpg,casent0101836 profile view 1,April Nobile,Attribution-ShareAlike (BY-SA) Creative Commons License and GNU Free Documentation License (GFDL),"California Academy of Sciences, 2000-2008",GEODETIC_DATUM_ASSUMED_WGS84;CONTINENT_DERIVED_FROM_COORDINATES;COLLECTION_MATCH_NONE;INSTITUTION_MATCH_FUZZY,Crematogaster,1,data/images/Crematogaster/casent0101836_p.jpg,commons,train
865115720,CAS:ANTWEB:casent0101837,casent0101837,casent0101837,p,1321215,Leptogenys,ponerinae,Leptogenys oswaldi,"Leptogenys oswaldi (Forel, 1891)",,SPECIES,,worker,Holotype,Toamasina,[30 miles de Tamatave]; Ambodiriana; Toamasina Rural,-17.88832,49.22849,373.0,,Dr. Swald,,https://www.antweb.org/images/casent0101837/casent0101837_p_1_high.jpg,casent0101837 profile view 1,April Nobile,Attribution-ShareAlike (BY-SA) Creative Commons License and GNU Free Documentation License (GFDL),"California Academy of Sciences, 2000-2008",GEODETIC_DATUM_ASSUMED_WGS84;CONTINENT_DERIVED_FROM_COORDINATES;COLLECTION_MATCH_NONE;INSTITUTION_MATCH_FUZZY,Leptogenys,1,data/images/Leptogenys/casent0101837_p.jpg,commons,test
865115742,CAS:ANTWEB:casent0101838,casent0101838,casent0101838,p,1321654,Pheidole,myrmicinae,Pheidole bessonii,"Pheidole bessonii Forel, 1891",,SPECIES,,worker,Syntype,Fianarantsoa,[Fianarantsoa]; 2eme Arrondissement; Fianarantsoa Urban,-21.433332,47.083332,1160.0,,Dr. Besson,,https://www.antweb.org/images/casent0101838/casent0101838_p_1_high.jpg,casent0101838 profile view 1,Michele Esposito,Attribution-ShareAlike (BY-SA) Creative Commons License and GNU Free Documentation License (GFDL),"California Academy of Sciences, 2000-2008",GEODETIC_DATUM_ASSUMED_WGS84;CONTINENT_DERIVED_FROM_COORDINATES;COLLECTION_MATCH_NONE;INSTITUTION_MATCH_FUZZY,Pheidole,1,data/images/Pheidole/casent0101838_p.jpg,commons,train
865114744,CAS:ANTWEB:casent0101840,casent0101840,casent0101840,p,1324306,Crematogaster,myrmicinae,Crematogaster ranavalonae,"Crematogaster ranavalonae Forel, 1887",,SPECIES,,worker,,Toamasina,[Ivondro]; Antenina; Toamasina Rural,-18.23333,49.36667,14.0,,,,https://www.antweb.org/images/casent0101840/casent0101840_p_1_high.jpg,casent0101840 profile view 1,April Nobile,Attribution-ShareAlike (BY-SA) Creative Commons License and GNU Free Documentation License (GFDL),"California Academy of Sciences, 2000-2008",GEODETIC_DATUM_ASSUMED_WGS84;CONTINENT_DERIVED_FROM_COORDINATES;COLLECTION_MATCH_NONE;INSTITUTION_MATCH_FUZZY,Crematogaster,1,data/images/Crematogaster/casent0101840_p.jpg,commons,train
865114762,CAS:ANTWEB:casent0101841,casent0101841,casent0101841,p,4673512,Lioponera,dorylinae,,"Lioponera Mayr, 1879",,GENUS,,worker,Syntype,Toamasina,[E.Imerina]; Moramanga,-18.93333,48.2,902.0,,Sikora,,https://www.antweb.org/images/casent0101841/casent0101841_p_1_high.jpg,casent0101841 profile view 1,April Nobile,Attribution-ShareAlike (BY-SA) Creative Commons License and GNU Free Documentation License (GFDL),"California Academy of Sciences, 2000-2007",GEODETIC_DATUM_ASSUMED_WGS84;CONTINENT_DERIVED_FROM_COORDINATES;COLLECTION_MATCH_NONE;INSTITUTION_MATCH_FUZZY,Lioponera,1,data/images/Lioponera/casent0101841_p.jpg,commons,train
865114825,CAS:ANTWEB:casent0101845,casent0101845,casent0101845,p,1324306,Crematogaster,myrmicinae,Crematogaster rasoherinae,"Crematogaster rasoherinae Forel, 1891",,SPECIES,,worker,Syntype,Toliara,[Andranohinaly S.W. Madagascar]; Ambohimahavelona,-23.2833,43.9833,240.0,,Voeltzkow,B. Blaimer,https://www.antweb.org/images/casent0101845/casent0101845_p_1_high.jpg,casent0101845 profile view 1,April Nobile,Attribution-ShareAlike (BY-SA) Creative Commons License and GNU Free Documentation License (GFDL),"California Academy of Sciences, 2000-2008",GEODETIC_DATUM_ASSUMED_WGS84;CONTINENT_DERIVED_FROM_COORDINATES;COLLECTION_MATCH_NONE;INSTITUTION_MATCH_FUZZY,Crematogaster,1,data/images/Crematogaster/casent0101845_p.jpg,commons,train
865114853,CAS:ANTWEB:casent0101847,casent0101847,casent0101847,p,1324306,Crematogaster,myrmicinae,Crematogaster ranavalonae,"Crematogaster ranavalonae Forel, 1887",,SPECIES,,worker,,Toamasina,[St Marie de Madagascar]; Lonkintsy; Nosy-Boraha (St. Marie),-16.903694,49.91124,24.0,,,,https://www.antweb.org/images/casent0101847/casent0101847_p_1_high.jpg,casent0101847 profile view 1,April Nobile,Attribution-ShareAlike (BY-SA) Creative Commons License and GNU Free Documentation License (GFDL),"California Academy of Sciences, 2000-2008",GEODETIC_DATUM_ASSUMED_WGS84;CONTINENT_DERIVED_FROM_COORDINATES;COLLECTION_MATCH_NONE;INSTITUTION_MATCH_FUZZY,Crematogaster,1,data/images/Crematogaster/casent0101847_p.jpg,commons,train
865114908,CAS:ANTWEB:casent0101850,casent0101850,casent0101850,p,1312361,Camponotus,formicinae,Camponotus gouldi,"Camponotus gouldi Forel, 1886",,SPECIES,,worker,,Toliara,[Androhomana]; Andranobory; Taolagnaro,-25.18333,46.63333,35.0,1899-01-01,Sikora,,https://www.antweb.org/images/casent0101850/casent0101850_p_1_high.jpg,casent0101850 profile view 1,April Nobile,Attribution-ShareAlike (BY-SA) Creative Commons License and GNU Free Documentation License (GFDL),"California Academy of Sciences, 2000-2008",GEODETIC_DATUM_ASSUMED_WGS84;CONTINENT_DERIVED_FROM_COORDINATES;COLLECTION_MATCH_NONE;INSTITUTION_MATCH_FUZZY,Camponotus,1,data/images/Camponotus/casent0101850_p.jpg,commons,train
865114928,CAS:ANTWEB:casent0101851,casent0101851,casent0101851,p,1312361,Camponotus,formicinae,Camponotus hovahovoides,"Camponotus hovahovoides Forel, 2022",,SPECIES,,worker,Paralectotype,Antananarivo,[Andrangoloaca]; Mantasoa; Manjakandriana,-19.033333,47.916668,1409.0,,Sikora,N. Rasoamanana,https://www.antweb.org/images/casent0101851/casent0101851_p_1_high.jpg,casent0101851 profile view 1,April Nobile,Attribution-ShareAlike (BY-SA) Creative Commons License and GNU Free Documentation License (GFDL),"California Academy of Sciences, 2000-2007",GEODETIC_DATUM_ASSUMED_WGS84;CONTINENT_DERIVED_FROM_COORDINATES;COLLECTION_MATCH_NONE;INSTITUTION_MATCH_FUZZY,Camponotus,1,data/images/Camponotus/casent0101851_p.jpg,gbif_cache,train
865114976,CAS:ANTWEB:casent0101854,casent0101854,casent0101854,p,1312361,Camponotus,formicinae,Camponotus butteli,"Camponotus butteli Forel, 1905",,SPECIES,,worker,,Antananarivo,[Madagascar]; Ambatomanjaka; Miarinarivo,-18.76695,46.86911,1343.0,,,,https://www.antweb.org/images/casent0101854/casent0101854_p_1_high.jpg,casent0101854 profile view 1,April Nobile,Attribution-ShareAlike (BY-SA) Creative Commons License and GNU Free Documentation License (GFDL),"California Academy of Sciences, 2000-2008",GEODETIC_DATUM_ASSUMED_WGS84;CONTINENT_DERIVED_FROM_COORDINATES;COLLECTION_MATCH_NONE;INSTITUTION_MATCH_FUZZY,Camponotus,1,data/images/Camponotus/casent0101854_p.jpg,commons,train
865115057,CAS:ANTWEB:casent0101859,casent0101859,casent0101859,p,1317100,Cardiocondyla,myrmicinae,Cardiocondyla shuckardi,"Cardiocondyla shuckardi Forel, 1891",,SPECIES,,worker,Syntype,Antananarivo,[Antananarivo]; Ambatomanjaka; Miarinarivo,-18.70515,46.82528,1399.0,,Camboué,,https://www.antweb.org/images/casent0101859/casent0101859_p_1_high.jpg,casent0101859 profile view 1,Michele Esposito,Attribution-ShareAlike (BY-SA) Creative Commons License and GNU Free Documentation License (GFDL),"California Academy of Sciences, 2000-2008",GEODETIC_DATUM_ASSUMED_WGS84;CONTINENT_DERIVED_FROM_COORDINATES;COLLECTION_MATCH_NONE;INSTITUTION_MATCH_FUZZY,Cardiocondyla,1,data/images/Cardiocondyla/casent0101859_p.jpg,commons,train
865115072,CAS:ANTWEB:casent0101860,casent0101860,casent0101860,p,1317100,Cardiocondyla,myrmicinae,Cardiocondyla emeryi,"Cardiocondyla emeryi Forel, 1881",,SPECIES,,worker,,Antananarivo,[Antananarivo]; Ambatomanjaka; Miarinarivo,-18.70515,46.82528,1399.0,,Camboué,,https://www.antweb.org/images/casent0101860/casent0101860_p_1_high.jpg,casent0101860 profile view 1,April Nobile,Attribution-ShareAlike (BY-SA) Creative Commons License and GNU Free Documentation License (GFDL),"California Academy of Sciences, 2000-2008",GEODETIC_DATUM_ASSUMED_WGS84;CONTINENT_DERIVED_FROM_COORDINATES;COLLECTION_MATCH_NONE;INSTITUTION_MATCH_FUZZY,Cardiocondyla,1,data/images/Cardiocondyla/casent0101860_p.jpg,commons,train
865115087,CAS:ANTWEB:casent0101861,casent0101861,casent0101861,p,1324306,Crematogaster,myrmicinae,Crematogaster agnetis,"Crematogaster agnetis Forel, 1892",,SPECIES,,worker,,Antananarivo,[Andrangoloaca]; Mantasoa; Manjakandriana,-19.033333,47.916668,1409.0,,,,https://www.antweb.org/images/casent0101861/casent0101861_p_1_high.jpg,casent0101861 profile view 1,Nick Olgeirson,Attribution-ShareAlike (BY-SA) Creative Commons License and GNU Free Documentation License (GFDL),"California Academy of Sciences, 2000-2008",GEODETIC_DATUM_ASSUMED_WGS84;CONTINENT_DERIVED_FROM_COORDINATES;COLLECTION_MATCH_NONE;INSTITUTION_MATCH_FUZZY,Crematogaster,1,data/images/Crematogaster/casent0101861_p.jpg,commons,test
865115104,CAS:ANTWEB:casent0101862,casent0101862,casent0101862,p,1319685,Pachycondyla,ponerinae,Euponera sikorae,"Euponera sikorae Forel, 1891",,SPECIES,,worker,Lectotype,Antananarivo,[Madagascar central.]; Ambatomanjaka; Miarinarivo,-18.76695,46.86911,1343.0,,,,https://www.antweb.org/images/casent0101862/casent0101862_p_1_high.jpg,casent0101862 profile view 1,April Nobile,Attribution-ShareAlike (BY-SA) Creative Commons License and GNU Free Documentation License (GFDL),"California Academy of Sciences, 2000-2008",GEODETIC_DATUM_ASSUMED_WGS84;CONTINENT_DERIVED_FROM_COORDINATES;COLLECTION_MATCH_NONE;INSTITUTION_MATCH_FUZZY,Pachycondyla,1,data/images/Pachycondyla/casent0101862_p.jpg,commons,train
865115149,CAS:ANTWEB:casent0101864,casent0101864,casent0101864,p,1326298,Platythyrea,ponerinae,Platythyrea mocquerysi,"Platythyrea mocquerysi Emery, 1899",,SPECIES,,worker,Syntype,Toliara,[Tulear SW Mad]; Beronono; Mahabo,-21.0,45.0,339.0,,Voeltzkow,,https://www.antweb.org/images/casent0101864/casent0101864_p_1_high.jpg,casent0101864 profile view 1,April Nobile,Attribution-ShareAlike (BY-SA) Creative Commons License and GNU Free Documentation License (GFDL),"California Academy of Sciences, 2000-2007",GEODETIC_DATUM_ASSUMED_WGS84;CONTINENT_DERIVED_FROM_COORDINATES;COLLECTION_MATCH_NONE;INSTITUTION_MATCH_FUZZY,Platythyrea,1,data/images/Platythyrea/casent0101864_p.jpg,gbif_cache,train
865115186,CAS:ANTWEB:casent0101866,casent0101866,casent0101866,p,1324306,Crematogaster,myrmicinae,Crematogaster madagascariensis,"Crematogaster madagascariensis Andre, 1887",,SPECIES,,worker,,Antananarivo,[Madagasc]; Ambatomanjaka; Miarinarivo,-18.76695,46.86911,1343.0,,,,https://www.antweb.org/images/casent0101866/casent0101866_p_1_high.jpg,casent0101866 profile view 1,April Nobile,Attribution-ShareAlike (BY-SA) Creative Commons License and GNU Free Documentation License (GFDL),"California Academy of Sciences, 2000-2008",GEODETIC_DATUM_ASSUMED_WGS84;CONTINENT_DERIVED_FROM_COORDINATES;COLLECTION_MATCH_NONE;INSTITUTION_MATCH_FUZZY,Crematogaster,1,data/images/Crematogaster/casent0101866_p.jpg,commons,train
865115207,CAS:ANTWEB:casent0101867,casent0101867,casent0101867,p,1312361,Camponotus,formicinae,Camponotus radamae,"Camponotus radamae Forel, 1891",,SPECIES,,worker,Paralectotype,Toamasina,[Ivondro p. Tamatavé]; Antenina; Toamasina Rural,-18.23333,49.36667,14.0,,,N. Rasoamanana,https://www.antweb.org/images/casent0101867/casent0101867_p_1_high.jpg,casent0101867 profile view 1,April Nobile,Attribution-ShareAlike (BY-SA) Creative Commons License and GNU Free Documentation License (GFDL),"California Academy of Sciences, 2000-2008",GEODETIC_DATUM_ASSUMED_WGS84;CONTINENT_DERIVED_FROM_COORDINATES;COLLECTION_MATCH_NONE;INSTITUTION_MATCH_FUZZY,Camponotus,1,data/images/Camponotus/casent0101867_p.jpg,commons,train
865115249,CAS:ANTWEB:casent0101869,casent0101869,casent0101869,p,1321654,Pheidole,myrmicinae,Pheidole scabrata,"Pheidole scabrata Forel, 1895",,SPECIES,,worker,Syntype,Toamasina,[Est Imerina]; Moramanga,-18.933332,48.2,902.0,,Sikora,,https://www.antweb.org/images/casent0101869/casent0101869_p_1_high.jpg,casent0101869 profile view 1,April Nobile,Attribution-ShareAlike (BY-SA) Creative Commons License and GNU Free Documentation License (GFDL),"California Academy of Sciences, 2000-2008",GEODETIC_DATUM_ASSUMED_WGS84;CONTINENT_DERIVED_FROM_COORDINATES;COLLECTION_MATCH_NONE;INSTITUTION_MATCH_FUZZY,Pheidole,1,data/images/Pheidole/casent0101869_p.jpg,commons,test
865115323,CAS:ANTWEB:casent0101872,casent0101872,casent0101872,p,1326355,Mystrium,amblyoponinae,Mystrium rogeri,"Mystrium rogeri Forel, 1899",,SPECIES,,worker,Paralectotype,Toamasina,[Est de l' Imerina]; Moramanga,-18.93333,48.2,902.0,,Sikora,Masashi Yoshimura,https://www.antweb.org/images/casent0101872/casent0101872_p_1_high.jpg,casent0101872 profile view 1,April Nobile,Attribution-ShareAlike (BY-SA) Creative Commons License and GNU Free Documentation License (GFDL),"California Academy of Sciences, 2000-2007",GEODETIC_DATUM_ASSUMED_WGS84;CONTINENT_DERIVED_FROM_COORDINATES;COLLECTION_MATCH_NONE;INSTITUTION_MATCH_FUZZY,Mystrium,1,data/images/Mystrium/casent0101872_p.jpg,commons,train
865115453,CAS:ANTWEB:casent0101877,casent0101877,casent0101877,p,1324306,Crematogaster,myrmicinae,Crematogaster ranavalonae,"Crematogaster ranavalonae Forel, 1887",,SPECIES,,worker,,Toamasina,[St Marie de Madagascar]; Lonkintsy; Nosy-Boraha (St. Marie),-16.903694,49.91124,24.0,,,,https://www.antweb.org/images/casent0101877/casent0101877_p_1_high.jpg,casent0101877 profile view 1,April Nobile,Attribution-ShareAlike (BY-SA) Creative Commons License and GNU Free Documentation License (GFDL),"California Academy of Sciences, 2000-2008",GEODETIC_DATUM_ASSUMED_WGS84;CONTINENT_DERIVED_FROM_COORDINATES;COLLECTION_MATCH_NONE;INSTITUTION_MATCH_FUZZY,Crematogaster,1,data/images/Crematogaster/casent0101877_p.jpg,commons,train
865115477,CAS:ANTWEB:casent0101878,casent0101878,casent0101878,p,1324306,Crematogaster,myrmicinae,Crematogaster ranavalonae,"Crematogaster ranavalonae Forel, 1887",,SPECIES,,worker,,Toliara,[Fort Dauphin]; Taolagnaro,-25.02,46.9833,2.0,,,,https://www.antweb.org/images/casent0101878/casent0101878_p_1_high.jpg,casent0101878 profile view 1,April Nobile,Attribution-ShareAlike (BY-SA) Creative Commons License and GNU Free Documentation License (GFDL),"California Academy of Sciences, 2000-2008",GEODETIC_DATUM_ASSUMED_WGS84;CONTINENT_DERIVED_FROM_COORDINATES;COLLECTION_MATCH_NONE;INSTITUTION_MATCH_FUZZY,Crematogaster,1,data/images/Crematogaster/casent0101878_p.jpg,commons,train
865115553,CAS:ANTWEB:casent0101881,casent0101881,casent0101881,p,1319181,Tetraponera,pseudomyrmecinae,Tetraponera exasciata,"Tetraponera exasciata (Forel, 1892)",,SPECIES,,worker,,Antananarivo,[Andrangoloaka]; Mantasoa; Manjakandriana,-19.03333,47.91667,1409.0,,Sikora,,https://www.antweb.org/images/casent0101881/casent0101881_p_1_high.jpg,casent0101881 profile view 1,April Nobile,Attribution-ShareAlike (BY-SA) Creative Commons License and GNU Free Documentation License (GFDL),"California Academy of Sciences, 2000-2007",GEODETIC_DATUM_ASSUMED_WGS84;CONTINENT_DERIVED_FROM_COORDINATES;COLLECTION_MATCH_NONE;INSTITUTION_MATCH_FUZZY,Tetraponera,1,data/images/Tetraponera/casent0101881_p.jpg,commons,test
865115600,CAS:ANTWEB:casent0101883,casent0101883,casent0101883,p,1319181,Tetraponera,pseudomyrmecinae,Tetraponera grandidieri,"Tetraponera grandidieri (Forel, 1891)",,SPECIES,,worker,Holotype,Fianarantsoa,[Sud central Madagascar]; 2eme Arrondissement; Fianarantsoa Urban,-21.43333,47.08333,1160.0,,,P.S. Ward,https://www.antweb.org/images/casent0101883/casent0101883_p_1_high.jpg,casent0101883 profile view 1,April Nobile,Attribution-ShareAlike (BY-SA) Creative Commons License and GNU Free Documentation License (GFDL),"California Academy of Sciences, 2000-2007",GEODETIC_DATUM_ASSUMED_WGS84;CONTINENT_DERIVED_FROM_COORDINATES;COLLECTION_MATCH_NONE;INSTITUTION_MATCH_FUZZY,Tetraponera,1,data/images/Tetraponera/casent0101883_p.jpg,commons,train
865115625,CAS:ANTWEB:casent0101884,casent0101884,casent0101884,p,1321215,Leptogenys,ponerinae,Leptogenys ridens,"Leptogenys ridens Forel, 1910",,SPECIES,,worker,Holotype,Toliara,[Fort Dauphin S.G. Madagascar]; Taolagnaro,-25.02,46.9833,2.0,,,,https://www.antweb.org/images/casent0101884/casent0101884_p_1_high.jpg,casent0101884 profile view 1,April Nobile,Attribution-ShareAlike (BY-SA) Creative Commons License and GNU Free Documentation License (GFDL),"California Academy of Sciences, 2000-2008",GEODETIC_DATUM_ASSUMED_WGS84;CONTINENT_DERIVED_FROM_COORDINATES;COLLECTION_MATCH_NONE;INSTITUTION_MATCH_FUZZY,Leptogenys,1,data/images/Leptogenys/casent0101884_p.jpg,commons,train
865115693,CAS:ANTWEB:casent0101887,casent0101887,casent0101887,p,4673740,Nylanderia,formicinae,Nylanderia madagascarensis,"Nylanderia madagascarensis (Forel, 1886)",,SPECIES,,worker,Syntype,Antananarivo,"[Forêt d'Analámainty p. Antananarivo, de malvacée]; Tsaramasoandro; Ankazobe",-17.93194,47.10944,1398.0,,Camboué,,https://www.antweb.org/images/casent0101887/casent0101887_p_1_high.jpg,casent0101887 profile view 1,April Nobile,Attribution-ShareAlike (BY-SA) Creative Commons License and GNU Free Documentation License (GFDL),"California Academy of Sciences, 2000-2007",GEODETIC_DATUM_ASSUMED_WGS84;CONTINENT_DERIVED_FROM_COORDINATES;COLLECTION_MATCH_NONE;INSTITUTION_MATCH_FUZZY,Nylanderia,1,data/images/Nylanderia/casent0101887_p.jpg,commons,train
865115718,CAS:ANTWEB:casent0101888,casent0101888,casent0101888,p,1321215,Leptogenys,ponerinae,Leptogenys voeltzkowi,"Leptogenys voeltzkowi Forel, 1897",,SPECIES,,worker,Lectotype,Antsiranana,[Nosi bé]; Nosy be; Nosibe,-13.31502,48.25926,128.0,,Voeltzkow,,https://www.antweb.org/images/casent0101888/casent0101888_p_1_high.jpg,casent0101888 profile view 1,April Nobile,Attribution-ShareAlike (BY-SA) Creative Commons License and GNU Free Documentation License (GFDL),"California Academy of Sciences, 2000-2008",GEODETIC_DATUM_ASSUMED_WGS84;CONTINENT_DERIVED_FROM_COORDINATES;COLLECTION_MATCH_NONE;INSTITUTION_MATCH_FUZZY,Leptogenys,1,data/images/Leptogenys/casent0101888_p.jpg,commons,train
865115762,CAS:ANTWEB:casent0101890,casent0101890,casent0101890,p,1326298,Platythyrea,ponerinae,Platythyrea mocquerysi,"Platythyrea mocquerysi Emery, 1899",,SPECIES,,worker,Syntype,Toliara,[Tulear SW Mad]; Beronono; Mahabo,-21.0,45.0,339.0,,Voeltzkow,,https://www.antweb.org/images/casent0101890/casent0101890_p_1_high.jpg,casent0101890 profile view 1,April Nobile,Attribution-ShareAlike (BY-SA) Creative Commons License and GNU Free Documentation License (GFDL),"California Academy of Sciences, 2000-2007",GEODETIC_DATUM_ASSUMED_WGS84;CONTINENT_DERIVED_FROM_COORDINATES;COLLECTION_MATCH_NONE;INSTITUTION_MATCH_FUZZY,Platythyrea,1,data/images/Platythyrea/casent0101890_p.jpg,commons,train
865114776,CAS:ANTWEB:casent0101891,casent0101891,casent0101891,p,1317100,Cardiocondyla,myrmicinae,Cardiocondyla shuckardi,"Cardiocondyla shuckardi Forel, 1891",,SPECIES,,worker,Syntype,Antananarivo,"[Antananarivo, TNC]; Ambatomanjaka; Miarinarivo",-18.70515,46.82528,1399.0,,Sikora,Seifert,https://www.antweb.org/images/casent0101891/casent0101891_p_1_high.jpg,casent0101891 profile view 1,April Nobile,Attribution-ShareAlike (BY-SA) Creative Commons License and GNU Free Documentation License (GFDL),"California Academy of Sciences, 2000-2008",GEODETIC_DATUM_ASSUMED_WGS84;CONTINENT_DERIVED_FROM_COORDINATES;COLLECTION_MATCH_NONE;INSTITUTION_MATCH_FUZZY,Cardiocondyla,1,data/images/Cardiocondyla/casent0101891_p.jpg,commons,train
865114802,CAS:ANTWEB:casent0101893,casent0101893,casent0101893,p,1312361,Camponotus,formicinae,Camponotus mixtellus,"Camponotus mixtellus Forel, 1891",,SPECIES,,worker,Lectotype,Toamasina,[p. Tamatavé]; Andranobolahy; Toamasina Rural,-18.0,49.0,370.0,,C. Keller,N. Rasoamanana,https://www.antweb.org/images/casent0101893/casent0101893_p_1_high.jpg,casent0101893 profile view 1,Nick Olgeirson,Attribution-ShareAlike (BY-SA) Creative Commons License and GNU Free Documentation License (GFDL),"California Academy of Sciences, 2000-2008",GEODETIC_DATUM_ASSUMED_WGS84;CONTINENT_DERIVED_FROM_COORDINATES;COLLECTION_MATCH_NONE;INSTITUTION_MATCH_FUZZY,Camponotus,1,data/images/Camponotus/casent0101893_p.jpg,commons,test
865114863,CAS:ANTWEB:casent0101897,casent0101897,casent0101897,p,1321654,Pheidole,myrmicinae,Pheidole madecassa,"Pheidole madecassa Forel, 1892",,SPECIES,,worker,Syntype,Toamasina,[Mangoro ufer]; Ambohibary; Moramanga,-18.8833,48.1167,861.0,,,,https://www.antweb.org/images/casent0101897/casent0101897_p_1_high.jpg,casent0101897 profile view 1,April Nobile,Attribution-ShareAlike (BY-SA) Creative Commons License and GNU Free Documentation License (GFDL),"California Academy of Sciences, 2000-2008",GEODETIC_DATUM_ASSUMED_WGS84;CONTINENT_DERIVED_FROM_COORDINATES;COLLECTION_MATCH_NONE;INSTITUTION_MATCH_FUZZY,Pheidole,1,data/images/Pheidole/casent0101897_p.jpg,commons,test
865114881,CAS:ANTWEB:casent0101898,casent0101898,casent0101898,p,1323128,Tetramorium,myrmicinae,Tetramorium sikorae,"Tetramorium sikorae Forel, 1892",,SPECIES,,worker,Paralectotype,Toamasina,[Mangoro ufer]; Ambohibary; Moramanga,-18.88333,48.1167,860.0,,,,https://www.antweb.org/images/casent0101898/casent0101898_p_1_high.jpg,casent0101898 profile view 1,April Nobile,Attribution-ShareAlike (BY-SA) Creative Commons License and GNU Free Documentation License (GFDL),"California Academy of Sciences, 2000-2008",GEODETIC_DATUM_ASSUMED_WGS84;CONTINENT_DERIVED_FROM_COORDINATES;COLLECTION_MATCH_NONE;INSTITUTION_MATCH_FUZZY,Tetramorium,1,data/images/Tetramorium/casent0101898_p.jpg,commons,train
865114898,CAS:ANTWEB:casent0101899,casent0101899,casent0101899,p,1315863,Aphaenogaster,myrmicinae,Aphaenogaster gonacantha,"Aphaenogaster gonacantha (Emery, 1899)",,SPECIES,,worker,Syntype,Toamasina,[Baie d' Antongíl]; Maroantsetra,-15.43333,49.75,12.0,,,,https://www.antweb.org/images/casent0101899/casent0101899_p_1_high.jpg,casent0101899 profile view 1,April Nobile,Attribution-ShareAlike (BY-SA) Creative Commons License and GNU Free Documentation License (GFDL),"California Academy of Sciences, 2000-2007",GEODETIC_DATUM_ASSUMED_WGS84;CONTINENT_DERIVED_FROM_COORDINATES;COLLECTION_MATCH_NONE;INSTITUTION_MATCH_FUZZY,Aphaenogaster,1,data/images/Aphaenogaster/casent0101899_p.jpg,commons,train
865114967,CAS:ANTWEB:casent0101903,casent0101903,casent0101903,p,1323128,Tetramorium,myrmicinae,Tetramorium tosii,"Tetramorium tosii Emery, 1899",,SPECIES,,worker,,Toamasina,[Baie d' Antongil]; Maroantsetra,-15.43333,49.75,12.0,,,,https://www.antweb.org/images/casent0101903/casent0101903_p_1_high.jpg,casent0101903 profile view 1,April Nobile,Attribution-ShareAlike (BY-SA) Creative Commons License and GNU Free Documentation License (GFDL),"California Academy of Sciences, 2000-2008",GEODETIC_DATUM_ASSUMED_WGS84;CONTINENT_DERIVED_FROM_COORDINATES;COLLECTION_MATCH_NONE;INSTITUTION_MATCH_FUZZY,Tetramorium,1,data/images/Tetramorium/casent0101903_p.jpg,commons,train
865115014,CAS:ANTWEB:casent0101906,casent0101906,casent0101906,p,1312361,Camponotus,formicinae,Camponotus hildebrandti,"Camponotus hildebrandti Forel, 1886",,SPECIES,,worker,Lectotype,Antananarivo,"[Madagascar central, partie méridionale]; Ambatomanjaka; Miarinarivo",-18.76695,46.86911,1343.0,,,Brian L. Fisher,https://www.antweb.org/images/casent0101906/casent0101906_p_1_high.jpg,casent0101906 profile view 1,April Nobile,Attribution-ShareAlike (BY-SA) Creative Commons License and GNU Free Documentation License (GFDL),"California Academy of Sciences, 2000-2008",GEODETIC_DATUM_ASSUMED_WGS84;CONTINENT_DERIVED_FROM_COORDINATES;COLLECTION_MATCH_NONE;INSTITUTION_MATCH_FUZZY,Camponotus,1,data/images/Camponotus/casent0101906_p.jpg,commons,train
865115044,CAS:ANTWEB:casent0101908,casent0101908,casent0101908,p,1312361,Camponotus,formicinae,Camponotus maculatus,"Camponotus maculatus (Fabricius, 1782)",,SPECIES,,worker,Lectotype,Toamasina,[Moramanga],-18.9489,48.22443,914.0,,M. Grandidier,N. Rasoamanana,https://www.antweb.org/images/casent0101908/casent0101908_p_1_high.jpg,casent0101908 profile view 1,April Nobile,Attribution-ShareAlike (BY-SA) Creative Commons License and GNU Free Documentation License (GFDL),"California Academy of Sciences, 2000-2008",GEODETIC_DATUM_ASSUMED_WGS84;CONTINENT_DERIVED_FROM_COORDINATES;COLLECTION_MATCH_NONE;INSTITUTION_MATCH_FUZZY,Camponotus,1,data/images/Camponotus/casent0101908_p.jpg,gbif_cache,train
865115123,CAS:ANTWEB:casent0101913,casent0101913,casent0101913,p,1319181,Tetraponera,pseudomyrmecinae,Tetraponera rakotonis,"Tetraponera rakotonis (Forel, 1891)",,SPECIES,,worker,,,,,,,,,,https://www.antweb.org/images/casent0101913/casent0101913_p_1_high.jpg,casent0101913 profile view 1,April Nobile,Attribution-ShareAlike (BY-SA) Creative Commons License and GNU Free Documentation License (GFDL),"California Academy of Sciences, 2000-2007",CONTINENT_DERIVED_FROM_COUNTRY;COLLECTION_MATCH_NONE;INSTITUTION_MATCH_FUZZY,Tetraponera,1,data/images/Tetraponera/casent0101913_p.jpg,commons,train
865115143,CAS:ANTWEB:casent0101914,casent0101914,casent0101914,p,1321215,Leptogenys,ponerinae,Leptogenys truncatirostris,"Leptogenys truncatirostris Forel, 1897",,SPECIES,,worker,Paralectotype,Antsiranana,[Nosibé]; Nosy be; Nosibe,-13.29167,48.25833,146.0,,Voeltzkow,,https://www.antweb.org/images/casent0101914/casent0101914_p_1_high.jpg,casent0101914 profile view 1,April Nobile,Attribution-ShareAlike (BY-SA) Creative Commons License and GNU Free Documentation License (GFDL),"California Academy of Sciences, 2000-2007",GEODETIC_DATUM_ASSUMED_WGS84;CONTINENT_DERIVED_FROM_COORDINATES;COLLECTION_MATCH_NONE;INSTITUTION_MATCH_FUZZY,Leptogenys,1,data/images/Leptogenys/casent0101914_p.jpg,commons,train
865115187,CAS:ANTWEB:casent0101916,casent0101916,casent0101916,p,4673512,Lioponera,dorylinae,,"Lioponera Mayr, 1879",,GENUS,,worker,Syntype,Toamasina,[Moramanga],-18.9489,48.22443,914.0,,M. Grandidier,,https://www.antweb.org/images/casent0101916/casent0101916_p_1_high.jpg,casent0101916 profile view 1,April Nobile,Attribution-ShareAlike (BY-SA) Creative Commons License and GNU Free Documentation License (GFDL),"California Academy of Sciences, 2000-2007",GEODETIC_DATUM_ASSUMED_WGS84;CONTINENT_DERIVED_FROM_COORDINATES;COLLECTION_MATCH_NONE;INSTITUTION_MATCH_FUZZY,Lioponera,1,data/images/Lioponera/casent0101916_p.jpg,commons,train
865115260,CAS:ANTWEB:casent0101919,casent0101919,casent0101919,p,1312361,Camponotus,formicinae,Camponotus dufouri,"Camponotus dufouri Forel, 1891",,SPECIES,,worker,Paralectotype,Antananarivo,[Madagascar]; Ambatomanjaka; Miarinarivo,-18.76695,46.86911,1343.0,,Sikora,,https://www.antweb.org/images/casent0101919/casent0101919_p_1_high.jpg,casent0101919 profile view 1,April Nobile,Attribution-ShareAlike (BY-SA) Creative Commons License and GNU Free Documentation License (GFDL),"California Academy of Sciences, 2000-2007",GEODETIC_DATUM_ASSUMED_WGS84;CONTINENT_DERIVED_FROM_COORDINATES;COLLECTION_MATCH_NONE;INSTITUTION_MATCH_FUZZY,Camponotus,1,data/images/Camponotus/casent0101919_p.jpg,commons,train
865115385,CAS:ANTWEB:casent0101924,casent0101924,casent0101924,p,1312361,Camponotus,formicinae,Camponotus mixtellus,"Camponotus mixtellus Forel, 1891",,SPECIES,,worker,Paralectotype,Antananarivo,[Madagasc]; Ambatomanjaka; Miarinarivo,-18.76695,46.86911,1343.0,,,,https://www.antweb.org/images/casent0101924/casent0101924_p_1_high.jpg,casent0101924 profile view 1,April Nobile,Attribution-ShareAlike (BY-SA) Creative Commons License and GNU Free Documentation License (GFDL),"California Academy of Sciences, 2000-2007",GEODETIC_DATUM_ASSUMED_WGS84;CONTINENT_DERIVED_FROM_COORDINATES;COLLECTION_MATCH_NONE;INSTITUTION_MATCH_FUZZY,Camponotus,1,data/images/Camponotus/casent0101924_p.jpg,commons,train
865115436,CAS:ANTWEB:casent0101926,casent0101926,casent0101926,p,1320039,Technomyrmex,dolichoderinae,Technomyrmex mayri,"Technomyrmex mayri Forel, 1891",,SPECIES,,worker,Syntype,Toamasina,[Wald 30 miles du N.O. de Tamatav.]; Ambodiriana; Toamasina Rural,-17.88832,49.22849,373.0,,Dr. Swald,,https://www.antweb.org/images/casent0101926/casent0101926_p_1_high.jpg,casent0101926 profile view 1,April Nobile,Attribution-ShareAlike (BY-SA) Creative Commons License and GNU Free Documentation License (GFDL),"California Academy of Sciences, 2000-2007",GEODETIC_DATUM_ASSUMED_WGS84;CONTINENT_DERIVED_FROM_COORDINATES;COLLECTION_MATCH_NONE;INSTITUTION_MATCH_FUZZY,Technomyrmex,1,data/images/Technomyrmex/casent0101926_p.jpg,commons,train
865115461,CAS:ANTWEB:casent0101927,casent0101927,casent0101927,p,4673740,Nylanderia,formicinae,Nylanderia humbloti,Nylanderia humbloti,,SPECIES,,worker,Syntype,Antananarivo,[Madagascar]; Ambatomanjaka; Miarinarivo,-18.76695,46.86911,1343.0,,Humblot,,https://www.antweb.org/images/casent0101927/casent0101927_p_1_high.jpg,casent0101927 profile view 1,April Nobile,Attribution-ShareAlike (BY-SA) Creative Commons License and GNU Free Documentation License (GFDL),"California Academy of Sciences, 2000-2007",GEODETIC_DATUM_ASSUMED_WGS84;CONTINENT_DERIVED_FROM_COORDINATES;COLLECTION_MATCH_NONE;INSTITUTION_MATCH_FUZZY,Nylanderia,1,data/images/Nylanderia/casent0101927_p.jpg,commons,train
865115555,CAS:ANTWEB:casent0101931,casent0101931,casent0101931,p,1312361,Camponotus,formicinae,Camponotus hovahovoides,"Camponotus hovahovoides Forel, 2022",,SPECIES,,worker,,Toamasina,[Environs de Tamatavé]; Andranobolahy; Toamasina Rural,-18.0,49.0,370.0,,Camboué,N. Rasoamanana,https://www.antweb.org/images/casent0101931/casent0101931_p_1_high.jpg,casent0101931 profile view 1,April Nobile,Attribution-ShareAlike (BY-SA) Creative Commons License and GNU Free Documentation License (GFDL),"California Academy of Sciences, 2000-2008",GEODETIC_DATUM_ASSUMED_WGS84;CONTINENT_DERIVED_FROM_COORDINATES;COLLECTION_MATCH_NONE;INSTITUTION_MATCH_FUZZY,Camponotus,1,data/images/Camponotus/casent0101931_p.jpg,commons,train
865115577,CAS:ANTWEB:casent0101932,casent0101932,casent0101932,p,1320039,Technomyrmex,dolichoderinae,Technomyrmex difficilis,"Technomyrmex difficilis Forel, 1892",,SPECIES,,worker,Syntype,Toamasina,[Nosibé Village de l' Imerina]; Anosibe An'ala; Anosibe,-19.43333,48.21667,660.0,,Sikora,Barry Bolton,https://www.antweb.org/images/casent0101932/casent0101932_p_1_high.jpg,casent0101932 profile view 1,April Nobile,Attribution-ShareAlike (BY-SA) Creative Commons License and GNU Free Documentation License (GFDL),"California Academy of Sciences, 2000-2007",GEODETIC_DATUM_ASSUMED_WGS84;CONTINENT_DERIVED_FROM_COORDINATES;COLLECTION_MATCH_NONE;INSTITUTION_MATCH_FUZZY,Technomyrmex,1,data/images/Technomyrmex/casent0101932_p.jpg,commons,train
865115705,CAS:ANTWEB:casent0101938,casent0101938,casent0101938,p,1323128,Tetramorium,myrmicinae,Tetramorium kelleri,"Tetramorium kelleri Forel, 1887",,SPECIES,,worker,,Toamasina,[Ivondro]; Antenina; Toamasina Rural,-18.23333,49.36667,14.0,,Keller,,https://www.antweb.org/images/casent0101938/casent0101938_p_1_high.jpg,casent0101938 profile view 1,April Nobile,Attribution-ShareAlike (BY-SA) Creative Commons License and GNU Free Documentation License (GFDL),"California Academy of Sciences, 2000-2008",GEODETIC_DATUM_ASSUMED_WGS84;CONTINENT_DERIVED_FROM_COORDINATES;COLLECTION_MATCH_NONE;INSTITUTION_MATCH_FUZZY,Tetramorium,1,data/images/Tetramorium/casent0101938_p.jpg,commons,train
865115759,CAS:ANTWEB:casent0101940,casent0101940,casent0101940,p,1321215,Leptogenys,ponerinae,Leptogenys truncatirostris,"Leptogenys truncatirostris Forel, 1897",,SPECIES,,worker,Lectotype,Antsiranana,[Nosibé]; Nosy be; Nosibe,-13.29167,48.25833,146.0,,Voeltzkow,,https://www.antweb.org/images/casent0101940/casent0101940_p_1_high.jpg,casent0101940 profile view 1,April Nobile,Attribution-ShareAlike (BY-SA) Creative Commons License and GNU Free Documentation License (GFDL),"California Academy of Sciences, 2000-2007",GEODETIC_DATUM_ASSUMED_WGS84;CONTINENT_DERIVED_FROM_COORDINATES;COLLECTION_MATCH_NONE;INSTITUTION_MATCH_FUZZY,Leptogenys,1,data/images/Leptogenys/casent0101940_p.jpg,commons,train
865115782,CAS:ANTWEB:casent0101941,casent0101941,casent0101941,p,1319181,Tetraponera,pseudomyrmecinae,Tetraponera hysterica,"Tetraponera hysterica (Forel, 1892)",,SPECIES,,worker,,Toamasina,[village de Nosibé (Imerina)]; Anosibe An'ala; Anosibe,-19.43173,48.20702,622.0,,Sikora,,https://www.antweb.org/images/casent0101941/casent0101941_p_1_high.jpg,casent0101941 profile view 1,April Nobile,Attribution-ShareAlike (BY-SA) Creative Commons License and GNU Free Documentation License (GFDL),"California Academy of Sciences, 2000-2007",GEODETIC_DATUM_ASSUMED_WGS84;CONTINENT_DERIVED_FROM_COORDINATES;COLLECTION_MATCH_NONE;INSTITUTION_MATCH_FUZZY,Tetraponera,1,data/images/Tetraponera/casent0101941_p.jpg,commons,train
865114810,CAS:ANTWEB:casent0101943,casent0101943,casent0101943,p,1321654,Pheidole,myrmicinae,Pheidole grallatrix,"Pheidole grallatrix Emery, 1899",,SPECIES,,worker,Syntype,Toamasina,[Baie d 'Antongil]; Maroantsetra,-15.43333,49.75,12.0,,,S. Salata,https://www.antweb.org/images/casent0101943/casent0101943_p_1_high.jpg,casent0101943 profile view 1,April Nobile,Attribution-ShareAlike (BY-SA) Creative Commons License and GNU Free Documentation License (GFDL),"California Academy of Sciences, 2000-2008",GEODETIC_DATUM_ASSUMED_WGS84;CONTINENT_DERIVED_FROM_COORDINATES;COLLECTION_MATCH_NONE;INSTITUTION_MATCH_FUZZY,Pheidole,1,data/images/Pheidole/casent0101943_p.jpg,commons,test
865114860,CAS:ANTWEB:casent0101947,casent0101947,casent0101947,p,1321215,Leptogenys,ponerinae,Leptogenys voeltzkowi,"Leptogenys voeltzkowi Forel, 1897",,SPECIES,,worker,Paralectotype,Antsiranana,[Nosi bé]; Nosy be; Nosibe,-13.31502,48.25926,128.0,,Voeltzkow,,https://www.antweb.org/images/casent0101947/casent0101947_p_1_high.jpg,casent0101947 profile view 1,April Nobile,Attribution-ShareAlike (BY-SA) Creative Commons License and GNU Free Documentation License (GFDL),"California Academy of Sciences, 2000-2007",GEODETIC_DATUM_ASSUMED_WGS84;CONTINENT_DERIVED_FROM_COORDINATES;COLLECTION_MATCH_NONE;INSTITUTION_MATCH_FUZZY,Leptogenys,1,data/images/Leptogenys/casent0101947_p.jpg,commons,train
865114951,CAS:ANTWEB:casent0101952,casent0101952,casent0101952,p,1326355,Mystrium,amblyoponinae,Mystrium voeltzkowi,"Mystrium voeltzkowi Forel, 1897",,SPECIES,,worker,Lectotype,Antsiranana,[Nosibé]; Nosy be; Nosibe,-13.29167,48.25833,146.0,,Voeltzkow,,https://www.antweb.org/images/casent0101952/casent0101952_p_1_high.jpg,casent0101952 profile view 1,April Nobile,Attribution-ShareAlike (BY-SA) Creative Commons License and GNU Free Documentation License (GFDL),"California Academy of Sciences, 2000-2007",GEODETIC_DATUM_ASSUMED_WGS84;CONTINENT_DERIVED_FROM_COORDINATES;COLLECTION_MATCH_NONE;INSTITUTION_MATCH_FUZZY,Mystrium,1,data/images/Mystrium/casent0101952_p.jpg,commons,train
865114981,CAS:ANTWEB:casent0101954,casent0101954,casent0101954,p,1312361,Camponotus,formicinae,Camponotus hova,"Camponotus hova Forel, 1891",,SPECIES,,worker,Paralectotype,Antananarivo,[Madagascar]; Ambatomanjaka; Miarinarivo,-18.76695,46.86911,1343.0,,Hildebrandt,,https://www.antweb.org/images/casent0101954/casent0101954_p_1_high.jpg,casent0101954 profile view 1,April Nobile,Attribution-ShareAlike (BY-SA) Creative Commons License and GNU Free Documentation License (GFDL),"California Academy of Sciences, 2000-2007",GEODETIC_DATUM_ASSUMED_WGS84;CONTINENT_DERIVED_FROM_COORDINATES;COLLECTION_MATCH_NONE;INSTITUTION_MATCH_FUZZY,Camponotus,1,data/images/Camponotus/casent0101954_p.jpg,commons,train
865115000,CAS:ANTWEB:casent0101955,casent0101955,casent0101955,p,1326614,Hypoponera,ponerinae,Hypoponera indigens,"Hypoponera indigens (Forel, 1895)",,SPECIES,,worker,Syntype,Antananarivo,[Centr Madag.]; Ambatomanjaka; Miarinarivo,-18.76695,46.86911,1343.0,,,,https://www.antweb.org/images/casent0101955/casent0101955_p_1_high.jpg,casent0101955 profile view 1,April Nobile,Attribution-ShareAlike (BY-SA) Creative Commons License and GNU Free Documentation License (GFDL),"California Academy of Sciences, 2000-2007",GEODETIC_DATUM_ASSUMED_WGS84;CONTINENT_DERIVED_FROM_COORDINATES;COLLECTION_MATCH_NONE;INSTITUTION_MATCH_FUZZY,Hypoponera,1,data/images/Hypoponera/casent0101955_p.jpg,commons,train
865115031,CAS:ANTWEB:casent0101957,casent0101957,casent0101957,p,1319461,Anochetus,ponerinae,Anochetus madagascarensis,"Anochetus madagascarensis Forel, 1887",,SPECIES,,worker,Paralectotype,Toamasina,[Ilât Prune bei Tamatave]; Antetezambaro; Toamasina Rural,-18.047714,49.402493,15.0,,Friederichs,,https://www.antweb.org/images/casent0101957/casent0101957_p_1_high.jpg,casent0101957 profile view 1,April Nobile,Attribution-ShareAlike (BY-SA) Creative Commons License and GNU Free Documentation License (GFDL),"California Academy of Sciences, 2000-2007",GEODETIC_DATUM_ASSUMED_WGS84;CONTINENT_DERIVED_FROM_COORDINATES;COLLECTION_MATCH_NONE;INSTITUTION_MATCH_FUZZY,Anochetus,1,data/images/Anochetus/casent0101957_p.jpg,commons,train
865115046,CAS:ANTWEB:casent0101958,casent0101958,casent0101958,p,1326614,Hypoponera,ponerinae,Hypoponera indigens,"Hypoponera indigens (Forel, 1895)",,SPECIES,,worker,Syntype,Antananarivo,[Centr Madag]; Ambatomanjaka; Miarinarivo,-18.76695,46.86911,1343.0,,,,https://www.antweb.org/images/casent0101958/casent0101958_p_1_high.jpg,casent0101958 profile view 1,April Nobile,Attribution-ShareAlike (BY-SA) Creative Commons License and GNU Free Documentation License (GFDL),"California Academy of Sciences, 2000-2007",GEODETIC_DATUM_ASSUMED_WGS84;CONTINENT_DERIVED_FROM_COORDINATES;COLLECTION_MATCH_NONE;INSTITUTION_MATCH_FUZZY,Hypoponera,1,data/images/Hypoponera/casent0101958_p.jpg,commons,train
865115075,CAS:ANTWEB:casent0101960,casent0101960,casent0101960,p,1320039,Technomyrmex,dolichoderinae,Technomyrmex madecassus,"Technomyrmex madecassus Forel, 1897",,SPECIES,,worker,,Antsiranana,[Nosibé]; Nosy be; Nosibe,-13.29167,48.25833,146.0,,Voeltzkow,,https://www.antweb.org/images/casent0101960/casent0101960_p_1_high.jpg,casent0101960 profile view 1,April Nobile,Attribution-ShareAlike (BY-SA) Creative Commons License and GNU Free Documentation License (GFDL),"California Academy of Sciences, 2000-2007",GEODETIC_DATUM_ASSUMED_WGS84;CONTINENT_DERIVED_FROM_COORDINATES;COLLECTION_MATCH_NONE;INSTITUTION_MATCH_FUZZY,Technomyrmex,1,data/images/Technomyrmex/casent0101960_p.jpg,commons,test
865115254,CAS:ANTWEB:casent0101969,casent0101969,casent0101969,p,4673512,Lioponera,dorylinae,,"Lioponera Mayr, 1879",,GENUS,,worker,Syntype,Toamasina,[Nosibé Village de l' Imerina]; Anosibe An'ala; Anosibe,-19.43333,48.21667,660.0,,Sikora,,https://www.antweb.org/images/casent0101969/casent0101969_p_1_high.jpg,casent0101969 profile view 1,April Nobile,Attribution-ShareAlike (BY-SA) Creative Commons License and GNU Free Documentation License (GFDL),"California Academy of Sciences, 2000-2007",GEODETIC_DATUM_ASSUMED_WGS84;CONTINENT_DERIVED_FROM_COORDINATES;COLLECTION_MATCH_NONE;INSTITUTION_MATCH_FUZZY,Lioponera,1,data/images/Lioponera/casent0101969_p.jpg,commons,train
865115304,CAS:ANTWEB:casent0101971,casent0101971,casent0101971,p,1321654,Pheidole,myrmicinae,Pheidole spinosa,"Pheidole spinosa Forel, 1891",,SPECIES,,worker,Lectotype,Antananarivo,[antananarivo]; Ambatomanjaka; Miarinarivo,-18.705147,46.825283,1399.0,,Camboué,E.M. Sarnat,https://www.antweb.org/images/casent0101971/casent0101971_p_1_high.jpg,casent0101971 profile view 1,Nick Olgeirson,Attribution-ShareAlike (BY-SA) Creative Commons License and GNU Free Documentation License (GFDL),"California Academy of Sciences, 2000-2008",GEODETIC_DATUM_ASSUMED_WGS84;CONTINENT_DERIVED_FROM_COORDINATES;COLLECTION_MATCH_NONE;INSTITUTION_MATCH_FUZZY,Pheidole,1,data/images/Pheidole/casent0101971_p.jpg,commons,train
865115328,CAS:ANTWEB:casent0101972,casent0101972,casent0101972,p,1321215,Leptogenys,ponerinae,Leptogenys angusta,"Leptogenys angusta (Forel, 1892)",,SPECIES,,worker,Paralectotype,Toamasina,[Moramanga],-18.9489,48.22443,914.0,,Sikora,,https://www.antweb.org/images/casent0101972/casent0101972_p_1_high.jpg,casent0101972 profile view 1,April Nobile,Attribution-ShareAlike (BY-SA) Creative Commons License and GNU Free Documentation License (GFDL),"California Academy of Sciences, 2000-2007",GEODETIC_DATUM_ASSUMED_WGS84;CONTINENT_DERIVED_FROM_COORDINATES;COLLECTION_MATCH_NONE;INSTITUTION_MATCH_FUZZY,Leptogenys,1,data/images/Leptogenys/casent0101972_p.jpg,commons,train
865115379,CAS:ANTWEB:casent0101974,casent0101974,casent0101974,p,1320039,Technomyrmex,dolichoderinae,Technomyrmex madecassus,"Technomyrmex madecassus Forel, 1897",,SPECIES,,worker,,Antsiranana,[Nosi bé]; Nosy be; Nosibe,-13.31502,48.25926,128.0,,Voeltzkow,,https://www.antweb.org/images/casent0101974/casent0101974_p_1_high.jpg,casent0101974 profile view 1,April Nobile,Attribution-ShareAlike (BY-SA) Creative Commons License and GNU Free Documentation License (GFDL),"California Academy of Sciences, 2000-2007",GEODETIC_DATUM_ASSUMED_WGS84;CONTINENT_DERIVED_FROM_COORDINATES;COLLECTION_MATCH_NONE;INSTITUTION_MATCH_FUZZY,Technomyrmex,1,data/images/Technomyrmex/casent0101974_p.jpg,commons,train
865115400,CAS:ANTWEB:casent0101975,casent0101975,casent0101975,p,1321215,Leptogenys,ponerinae,Leptogenys truncatirostris,"Leptogenys truncatirostris Forel, 1897",,SPECIES,,worker,Paralectotype,Antsiranana,[Nosi bé]; Nosy be; Nosibe,-13.31502,48.25927,128.0,,Voeltzkow,,https://www.antweb.org/images/casent0101975/casent0101975_p_1_high.jpg,casent0101975 profile view 1,April Nobile,Attribution-ShareAlike (BY-SA) Creative Commons License and GNU Free Documentation License (GFDL),"California Academy of Sciences, 2000-2007",GEODETIC_DATUM_ASSUMED_WGS84;CONTINENT_DERIVED_FROM_COORDINATES;COLLECTION_MATCH_NONE;INSTITUTION_MATCH_FUZZY,Leptogenys,1,data/images/Leptogenys/casent0101975_p.jpg,commons,train
865115496,CAS:ANTWEB:casent0101979,casent0101979,casent0101979,p,1319181,Tetraponera,pseudomyrmecinae,Tetraponera mandibularis,"Tetraponera mandibularis (Emery, 1895)",,SPECIES,,worker,,Antananarivo,[Madagasc.]; Ambatomanjaka; Miarinarivo,-18.76695,46.86911,1343.0,,,,https://www.antweb.org/images/casent0101979/casent0101979_p_1_high.jpg,casent0101979 profile view 1,April Nobile,Attribution-ShareAlike (BY-SA) Creative Commons License and GNU Free Documentation License (GFDL),"California Academy of Sciences, 2000-2007",GEODETIC_DATUM_ASSUMED_WGS84;CONTINENT_DERIVED_FROM_COORDINATES;COLLECTION_MATCH_NONE;INSTITUTION_MATCH_FUZZY,Tetraponera,1,data/images/Tetraponera/casent0101979_p.jpg,commons,train
865115522,CAS:ANTWEB:casent0101980,casent0101980,casent0101980,p,4673512,Lioponera,dorylinae,,"Lioponera Mayr, 1879",,GENUS,,worker,Syntype,Toamasina,[Mangoro ufer]; Ambohibary; Moramanga,-18.8833,48.1167,861.0,,,,https://www.antweb.org/images/casent0101980/casent0101980_p_1_high.jpg,casent0101980 profile view 1,April Nobile,Attribution-ShareAlike (BY-SA) Creative Commons License and GNU Free Documentation License (GFDL),"California Academy of Sciences, 2000-2007",GEODETIC_DATUM_ASSUMED_WGS84;CONTINENT_DERIVED_FROM_COORDINATES;COLLECTION_MATCH_NONE;INSTITUTION_MATCH_FUZZY,Lioponera,1,data/images/Lioponera/casent0101980_p.jpg,commons,train
865115656,CAS:ANTWEB:casent0101985,casent0101985,casent0101985,p,4673512,Lioponera,dorylinae,,"Lioponera Mayr, 1879",,GENUS,,worker,,Fianarantsoa,[Imérina]; Fahizay; Ambositra,-20.5,47.33333,1317.0,,Camboué,,https://www.antweb.org/images/casent0101985/casent0101985_p_1_high.jpg,casent0101985 profile view 1,April Nobile,Attribution-ShareAlike (BY-SA) Creative Commons License and GNU Free Documentation License (GFDL),"California Academy of Sciences, 2000-2008",GEODETIC_DATUM_ASSUMED_WGS84;CONTINENT_DERIVED_FROM_COORDINATES;COLLECTION_MATCH_NONE;INSTITUTION_MATCH_FUZZY,Lioponera,1,data/images/Lioponera/casent0101985_p.jpg,commons,train
865115678,CAS:ANTWEB:casent0101986,casent0101986,casent0101986,p,1317162,Odontomachus,ponerinae,Odontomachus coquereli,"Odontomachus coquereli Roger, 1861",,SPECIES,,worker,,Toamasina,[Baie d'Antongíl]; Maroantsetra,-15.43333,49.75,12.0,,,,https://www.antweb.org/images/casent0101986/casent0101986_p_1_high.jpg,casent0101986 profile view 1,April Nobile,Attribution-ShareAlike (BY-SA) Creative Commons License and GNU Free Documentation License (GFDL),"California Academy of Sciences, 2000-2007",GEODETIC_DATUM_ASSUMED_WGS84;CONTINENT_DERIVED_FROM_COORDINATES;COLLECTION_MATCH_NONE;INSTITUTION_MATCH_FUZZY,Odontomachus,1,data/images/Odontomachus/casent0101986_p.jpg,commons,train
865115698,CAS:ANTWEB:casent0101987,casent0101987,casent0101987,p,1325265,Cataulacus,myrmicinae,Cataulacus oberthueri,"Cataulacus oberthueri Emery, 1891",,SPECIES,,worker,,Antananarivo,[Madagascar]; Ambatomanjaka; Miarinarivo,-18.76695,46.86911,1343.0,,,,https://www.antweb.org/images/casent0101987/casent0101987_p_1_high.jpg,casent0101987 profile view 1,Nick Olgeirson,Attribution-ShareAlike (BY-SA) Creative Commons License and GNU Free Documentation License (GFDL),"California Academy of Sciences, 2000-2008",GEODETIC_DATUM_ASSUMED_WGS84;CONTINENT_DERIVED_FROM_COORDINATES;COLLECTION_MATCH_NONE;INSTITUTION_MATCH_FUZZY,Cataulacus,1,data/images/Cataulacus/casent0101987_p.jpg,commons,train
865115747,CAS:ANTWEB:casent0101989,casent0101989,casent0101989,p,1321215,Leptogenys,ponerinae,Leptogenys voeltzkowi,"Leptogenys voeltzkowi Forel, 1897",,SPECIES,,worker,Paralectotype,Antsiranana,[Nosi bé]; Nosy be; Nosibe,-13.31502,48.25926,128.0,,Voeltzkow,,https://www.antweb.org/images/casent0101989/casent0101989_p_1_high.jpg,casent0101989 profile view 1,April Nobile,Attribution-ShareAlike (BY-SA) Creative Commons License and GNU Free Documentation License (GFDL),"California Academy of Sciences, 2000-2007",GEODETIC_DATUM_ASSUMED_WGS84;CONTINENT_DERIVED_FROM_COORDINATES;COLLECTION_MATCH_NONE;INSTITUTION_MATCH_FUZZY,Leptogenys,1,data/images/Leptogenys/casent0101989_p.jpg,commons,train
865115811,CAS:ANTWEB:casent0101992,casent0101992,casent0101992,p,1312361,Camponotus,formicinae,Camponotus becki,"Camponotus becki (Rakotonirina & Fisher, 2022) Santschi, 2022",,SPECIES,,worker,Lectotype,,,,,,,,,https://www.antweb.org/images/casent0101992/casent0101992_p_1_high.jpg,casent0101992 profile view 1,Nick Olgeirson,Attribution-ShareAlike (BY-SA) Creative Commons License and GNU Free Documentation License (GFDL),"California Academy of Sciences, 2000-2008",CONTINENT_DERIVED_FROM_COUNTRY;COLLECTION_MATCH_NONE;INSTITUTION_MATCH_FUZZY,Camponotus,1,data/images/Camponotus/casent0101992_p.jpg,commons,train
865115830,CAS:ANTWEB:casent0101993,casent0101993,casent0101993,p,1326355,Mystrium,amblyoponinae,Mystrium oberthueri,"Mystrium oberthueri Forel, 1897",,SPECIES,,worker,Lectotype,Toamasina,[Ste. Marie]; Lonkintsy; Nosy-Boraha (St. Marie),-16.90369,49.91124,24.0,,Forel,,https://www.antweb.org/images/casent0101993/casent0101993_p_1_high.jpg,casent0101993 profile view 1,April Nobile,Attribution-ShareAlike (BY-SA) Creative Commons License and GNU Free Documentation License (GFDL),"California Academy of Sciences, 2000-2007",GEODETIC_DATUM_ASSUMED_WGS84;CONTINENT_DERIVED_FROM_COORDINATES;COLLECTION_MATCH_NONE;INSTITUTION_MATCH_FUZZY,Mystrium,1,data/images/Mystrium/casent0101993_p.jpg,commons,test
865114839,CAS:ANTWEB:casent0101995,casent0101995,casent0101995,p,1326355,Mystrium,amblyoponinae,Mystrium voeltzkowi,"Mystrium voeltzkowi Forel, 1897",,SPECIES,,worker,Lectotype,Antsiranana,[Nosi bé]; Nosy be; Nosibe,-13.31502,48.25926,128.0,,Voeltzkow,Yoshimura Masashi,https://www.antweb.org/images/casent0101995/casent0101995_p_1_high.jpg,casent0101995 profile view 1,April Nobile,Attribution-ShareAlike (BY-SA) Creative Commons License and GNU Free Documentation License (GFDL),"California Academy of Sciences, 2000-2007",GEODETIC_DATUM_ASSUMED_WGS84;CONTINENT_DERIVED_FROM_COORDINATES;COLLECTION_MATCH_NONE;INSTITUTION_MATCH_FUZZY,Mystrium,1,data/images/Mystrium/casent0101995_p.jpg,commons,train
865114906,CAS:ANTWEB:casent0101998,casent0101998,casent0101998,p,1325265,Cataulacus,myrmicinae,Cataulacus wasmanni,"Cataulacus wasmanni Forel, 1897",,SPECIES,,worker,Syntype,Toamasina,[Ste Marie]; Lonkintsy; Nosy-Boraha (St. Marie),-16.90369,49.91124,24.0,,,,https://www.antweb.org/images/casent0101998/casent0101998_p_1_high.jpg,casent0101998 profile view 1,Nick Olgeirson,Attribution-ShareAlike (BY-SA) Creative Commons License and GNU Free Documentation License (GFDL),"California Academy of Sciences, 2000-2008",GEODETIC_DATUM_ASSUMED_WGS84;CONTINENT_DERIVED_FROM_COORDINATES;COLLECTION_MATCH_NONE;INSTITUTION_MATCH_FUZZY,Cataulacus,1,data/images/Cataulacus/casent0101998_p.jpg,commons,train
865115009,CAS:ANTWEB:casent0102004,casent0102004,casent0102004,p,1326298,Platythyrea,ponerinae,Platythyrea bicuspis,"Platythyrea bicuspis Emery, 1899",,SPECIES,,worker,Syntype,Toamasina,[Antongil]; Maroantsetra,-15.43333,49.75,12.0,,Mocquerys,,https://www.antweb.org/images/casent0102004/casent0102004_p_1_high.jpg,casent0102004 profile view 1,April Nobile,Attribution-ShareAlike (BY-SA) Creative Commons License and GNU Free Documentation License (GFDL),"California Academy of Sciences, 2000-2008",GEODETIC_DATUM_ASSUMED_WGS84;CONTINENT_DERIVED_FROM_COORDINATES;COLLECTION_MATCH_NONE;INSTITUTION_MATCH_FUZZY,Platythyrea,1,data/images/Platythyrea/casent0102004_p.jpg,commons,test
865115022,CAS:ANTWEB:casent0102005,casent0102005,casent0102005,p,1326298,Platythyrea,ponerinae,Platythyrea bicuspis,"Platythyrea bicuspis Emery, 1899",,SPECIES,,worker,Syntype,Toamasina,[Antongil]; Maroantsetra,-15.43333,49.75,12.0,,Mocquerys,,https://www.antweb.org/images/casent0102005/casent0102005_p_1_high.jpg,casent0102005 profile view 1,April Nobile,Attribution-ShareAlike (BY-SA) Creative Commons License and GNU Free Documentation License (GFDL),"California Academy of Sciences, 2000-2008",GEODETIC_DATUM_ASSUMED_WGS84;CONTINENT_DERIVED_FROM_COORDINATES;COLLECTION_MATCH_NONE;INSTITUTION_MATCH_FUZZY,Platythyrea,1,data/images/Platythyrea/casent0102005_p.jpg,commons,train
865115039,CAS:ANTWEB:casent0102006,casent0102006,casent0102006,p,1326298,Platythyrea,ponerinae,Platythyrea bicuspis,"Platythyrea bicuspis Emery, 1899",,SPECIES,,worker,Syntype,Antananarivo,[Madagasc.]; Ambatomanjaka; Miarinarivo,-18.76695,46.86911,1343.0,,,,https://www.antweb.org/images/casent0102006/casent0102006_p_1_high.jpg,casent0102006 profile view 1,April Nobile,Attribution-ShareAlike (BY-SA) Creative Commons License and GNU Free Documentation License (GFDL),"California Academy of Sciences, 2000-2008",GEODETIC_DATUM_ASSUMED_WGS84;CONTINENT_DERIVED_FROM_COORDINATES;COLLECTION_MATCH_NONE;INSTITUTION_MATCH_FUZZY,Platythyrea,1,data/images/Platythyrea/casent0102006_p.jpg,commons,train
865115062,CAS:ANTWEB:casent0102008,casent0102008,casent0102008,p,1326298,Platythyrea,ponerinae,Platythyrea mocquerysi,"Platythyrea mocquerysi Emery, 1899",,SPECIES,,worker,Paralectotype,Toamasina,[Antongil]; Maroantsetra,-15.43333,49.75,12.0,,Mocquerys,,https://www.antweb.org/images/casent0102008/casent0102008_p_1_high.jpg,casent0102008 profile view 1,April Nobile,Attribution-ShareAlike (BY-SA) Creative Commons License and GNU Free Documentation License (GFDL),"California Academy of Sciences, 2000-2008",GEODETIC_DATUM_ASSUMED_WGS84;CONTINENT_DERIVED_FROM_COORDINATES;COLLECTION_MATCH_NONE;INSTITUTION_MATCH_FUZZY,Platythyrea,1,data/images/Platythyrea/casent0102008_p.jpg,commons,train
865115077,CAS:ANTWEB:casent0102009,casent0102009,casent0102009,p,1326298,Platythyrea,ponerinae,Platythyrea mocquerysi,"Platythyrea mocquerysi Emery, 1899",,SPECIES,,worker,Paralectotype,Toamasina,[Antongil]; Maroantsetra,-15.43333,49.75,12.0,,Mocquerys,,https://www.antweb.org/images/casent0102009/casent0102009_p_1_high.jpg,casent0102009 profile view 1,April Nobile,Attribution-ShareAlike (BY-SA) Creative Commons License and GNU Free Documentation License (GFDL),"California Academy of Sciences, 2000-2008",GEODETIC_DATUM_ASSUMED_WGS84;CONTINENT_DERIVED_FROM_COORDINATES;COLLECTION_MATCH_NONE;INSTITUTION_MATCH_FUZZY,Platythyrea,1,data/images/Platythyrea/casent0102009_p.jpg,commons,train
865115115,CAS:ANTWEB:casent0102011,casent0102011,casent0102011,p,4673663,Bothroponera,ponerinae,Bothroponera comorensis,"Bothroponera comorensis Forel, 1887",,SPECIES,,worker,Paralectotype,Antsiranana,[Nossi-bé]; Nosy be; Nosibe,-13.291667,48.25833,146.0,,,Jean Claude Rakotonirina,https://www.antweb.org/images/casent0102011/casent0102011_p_1_high.jpg,casent0102011 profile view 1,April Nobile,Attribution-ShareAlike (BY-SA) Creative Commons License and GNU Free Documentation License (GFDL),"California Academy of Sciences, 2000-2008",GEODETIC_DATUM_ASSUMED_WGS84;CONTINENT_DERIVED_FROM_COORDINATES;COLLECTION_MATCH_NONE;INSTITUTION_MATCH_FUZZY,Bothroponera,1,data/images/Bothroponera/casent0102011_p.jpg,commons,train
865115174,CAS:ANTWEB:casent0102014,casent0102014,casent0102014,p,1321215,Leptogenys,ponerinae,Leptogenys suarensis,Leptogenys suarensis,,SPECIES,,worker,Lectotype,Antsiranana,[Diego-Suarez]; Bevohotra; Sambava,-14.0,49.5,797.0,1893-01-01,Ch Alluaud,Jean Claude Rakotonirina,https://www.antweb.org/images/casent0102014/casent0102014_p_1_high.jpg,casent0102014 profile view 1,April Nobile,Attribution-ShareAlike (BY-SA) Creative Commons License and GNU Free Documentation License (GFDL),"California Academy of Sciences, 2000-2008",GEODETIC_DATUM_ASSUMED_WGS84;CONTINENT_DERIVED_FROM_COORDINATES;COLLECTION_MATCH_NONE;INSTITUTION_MATCH_FUZZY,Leptogenys,1,data/images/Leptogenys/casent0102014_p.jpg,commons,train
865115194,CAS:ANTWEB:casent0102015,casent0102015,casent0102015,p,1321215,Leptogenys,ponerinae,Leptogenys antongilensis,"Leptogenys antongilensis Emery, 1899",,SPECIES,,worker,Lectotype,Toamasina,[Antongil]; Maroantsetra,-15.43333,49.75,12.0,,Mocquerys,,https://www.antweb.org/images/casent0102015/casent0102015_p_1_high.jpg,casent0102015 profile view 1,April Nobile,Attribution-ShareAlike (BY-SA) Creative Commons License and GNU Free Documentation License (GFDL),"California Academy of Sciences, 2000-2008",GEODETIC_DATUM_ASSUMED_WGS84;CONTINENT_DERIVED_FROM_COORDINATES;COLLECTION_MATCH_NONE;INSTITUTION_MATCH_FUZZY,Leptogenys,1,data/images/Leptogenys/casent0102015_p.jpg,commons,test
865115217,CAS:ANTWEB:casent0102016,casent0102016,casent0102016,p,1321215,Leptogenys,ponerinae,Leptogenys antongilensis,"Leptogenys antongilensis Emery, 1899",,SPECIES,,worker,Paralectotype,Toamasina,[Antongil]; Maroantsetra,-15.43333,49.75,12.0,,Mocquerys,,https://www.antweb.org/images/casent0102016/casent0102016_p_1_high.jpg,casent0102016 profile view 1,April Nobile,Attribution-ShareAlike (BY-SA) Creative Commons License and GNU Free Documentation License (GFDL),"California Academy of Sciences, 2000-2008",GEODETIC_DATUM_ASSUMED_WGS84;CONTINENT_DERIVED_FROM_COORDINATES;COLLECTION_MATCH_NONE;INSTITUTION_MATCH_FUZZY,Leptogenys,1,data/images/Leptogenys/casent0102016_p.jpg,commons,train
865115234,CAS:ANTWEB:casent0102017,casent0102017,casent0102017,p,1321215,Leptogenys,ponerinae,Leptogenys gracilis,"Leptogenys gracilis Emery, 1899",,SPECIES,,worker,Lectotype,Antsiranana,[Diego-Suarez]; Bevohotra; Sambava,-14.0,49.5,797.0,,Mocquerys,,https://www.antweb.org/images/casent0102017/casent0102017_p_1_high.jpg,casent0102017 profile view 1,April Nobile,Attribution-ShareAlike (BY-SA) Creative Commons License and GNU Free Documentation License (GFDL),"California Academy of Sciences, 2000-2008",GEODETIC_DATUM_ASSUMED_WGS84;CONTINENT_DERIVED_FROM_COORDINATES;COLLECTION_MATCH_NONE;INSTITUTION_MATCH_FUZZY,Leptogenys,1,data/images/Leptogenys/casent0102017_p.jpg,commons,train
865115290,CAS:ANTWEB:casent0102019,casent0102019,casent0102019,p,1317162,Odontomachus,ponerinae,Odontomachus coquereli,"Odontomachus coquereli Roger, 1861",,SPECIES,,worker,,Toamasina,[Antongil]; Maroantsetra,-15.43333,49.75,12.0,,Mocquerys,,https://www.antweb.org/images/casent0102019/casent0102019_p_1_high.jpg,casent0102019 profile view 1,April Nobile,Attribution-ShareAlike (BY-SA) Creative Commons License and GNU Free Documentation License (GFDL),"California Academy of Sciences, 2000-2008",GEODETIC_DATUM_ASSUMED_WGS84;CONTINENT_DERIVED_FROM_COORDINATES;COLLECTION_MATCH_NONE;INSTITUTION_MATCH_FUZZY,Odontomachus,1,data/images/Odontomachus/casent0102019_p.jpg,commons,test
865115342,CAS:ANTWEB:casent0102021,casent0102021,casent0102021,p,1317162,Odontomachus,ponerinae,Odontomachus coquereli,"Odontomachus coquereli Roger, 1861",,SPECIES,,worker,Lectotype,Toamasina,[Antongil]; Maroantsetra,-15.43333,49.75,12.0,,Mocquerys,,https://www.antweb.org/images/casent0102021/casent0102021_p_1_high.jpg,casent0102021 profile view 1,April Nobile,Attribution-ShareAlike (BY-SA) Creative Commons License and GNU Free Documentation License (GFDL),"California Academy of Sciences, 2000-2008",GEODETIC_DATUM_ASSUMED_WGS84;CONTINENT_DERIVED_FROM_COORDINATES;COLLECTION_MATCH_NONE;INSTITUTION_MATCH_FUZZY,Odontomachus,1,data/images/Odontomachus/casent0102021_p.jpg,commons,train
865115444,CAS:ANTWEB:casent0102025,casent0102025,casent0102025,p,1321215,Leptogenys,ponerinae,Leptogenys coerulescens,"Leptogenys coerulescens Emery, 1895",,SPECIES,,worker,Paralectotype,Antsiranana,[Diego-Suarez]; Antsahampano; Antsiranana Rural,-12.323135,49.294285,67.0,1893-01-01,Ch Alluaud,,https://www.antweb.org/images/casent0102025/casent0102025_p_1_high.jpg,casent0102025 profile view 1,April Nobile,Attribution-ShareAlike (BY-SA) Creative Commons License and GNU Free Documentation License (GFDL),"California Academy of Sciences, 2000-2008",GEODETIC_DATUM_ASSUMED_WGS84;CONTINENT_DERIVED_FROM_COORDINATES;COLLECTION_MATCH_NONE;INSTITUTION_MATCH_FUZZY,Leptogenys,1,data/images/Leptogenys/casent0102025_p.jpg,commons,test
865115469,CAS:ANTWEB:casent0102026,casent0102026,casent0102026,p,1321215,Leptogenys,ponerinae,Leptogenys coerulescens,"Leptogenys coerulescens Emery, 1895",,SPECIES,,worker,Paralectotype,Antsiranana,[Diego-Suarez]; Antsahampano; Antsiranana Rural,-12.323135,49.294285,67.0,1893-01-01,Ch Alluaud,,https://www.antweb.org/images/casent0102026/casent0102026_p_1_high.jpg,casent0102026 profile view 1,April Nobile,Attribution-ShareAlike (BY-SA) Creative Commons License and GNU Free Documentation License (GFDL),"California Academy of Sciences, 2000-2008",GEODETIC_DATUM_ASSUMED_WGS84;CONTINENT_DERIVED_FROM_COORDINATES;COLLECTION_MATCH_NONE;INSTITUTION_MATCH_FUZZY,Leptogenys,1,data/images/Leptogenys/casent0102026_p.jpg,commons,train
865115498,CAS:ANTWEB:casent0102027,casent0102027,casent0102027,p,1321215,Leptogenys,ponerinae,Leptogenys coerulescens,"Leptogenys coerulescens Emery, 1895",,SPECIES,,worker,Lectotype,Antsiranana,[Diego-Suarez]; Antsahampano; Antsiranana Rural,-12.323135,49.294285,67.0,1893-01-01,Ch Alluaud,,https://www.antweb.org/images/casent0102027/casent0102027_p_1_high.jpg,casent0102027 profile view 1,April Nobile,Attribution-ShareAlike (BY-SA) Creative Commons License and GNU Free Documentation License (GFDL),"California Academy of Sciences, 2000-2008",GEODETIC_DATUM_ASSUMED_WGS84;CONTINENT_DERIVED_FROM_COORDINATES;COLLECTION_MATCH_NONE;INSTITUTION_MATCH_FUZZY,Leptogenys,1,data/images/Leptogenys/casent0102027_p.jpg,commons,train
865115545,CAS:ANTWEB:casent0102029,casent0102029,casent0102029,p,1319181,Tetraponera,pseudomyrmecinae,Tetraponera grandidieri,"Tetraponera grandidieri (Forel, 1891)",,SPECIES,,worker,Paralectotype,Antananarivo,[Central Madagascar]; Ambatomanjaka; Miarinarivo,-18.76695,46.86911,1343.0,,,,https://www.antweb.org/images/casent0102029/casent0102029_p_1_high.jpg,casent0102029 profile view 1,April Nobile,Attribution-ShareAlike (BY-SA) Creative Commons License and GNU Free Documentation License (GFDL),"California Academy of Sciences, 2000-2008",GEODETIC_DATUM_ASSUMED_WGS84;CONTINENT_DERIVED_FROM_COORDINATES;COLLECTION_MATCH_NONE;INSTITUTION_MATCH_FUZZY,Tetraponera,1,data/images/Tetraponera/casent0102029_p.jpg,commons,train
865115626,CAS:ANTWEB:casent0102032,casent0102032,casent0102032,p,1319181,Tetraponera,pseudomyrmecinae,Tetraponera hysterica,"Tetraponera hysterica (Forel, 1892)",,SPECIES,,worker,,Toamasina,[Antongil]; Maroantsetra,-15.43333,49.75,12.0,,Mocquerys,,https://www.antweb.org/images/casent0102032/casent0102032_p_1_high.jpg,casent0102032 profile view 1,April Nobile,Attribution-ShareAlike (BY-SA) Creative Commons License and GNU Free Documentation License (GFDL),"California Academy of Sciences, 2000-2008",GEODETIC_DATUM_ASSUMED_WGS84;CONTINENT_DERIVED_FROM_COORDINATES;COLLECTION_MATCH_NONE;INSTITUTION_MATCH_FUZZY,Tetraponera,1,data/images/Tetraponera/casent0102032_p.jpg,commons,train
865115657,CAS:ANTWEB:casent0102033,casent0102033,casent0102033,p,1319181,Tetraponera,pseudomyrmecinae,Tetraponera hysterica,"Tetraponera hysterica (Forel, 1892)",,SPECIES,,worker,,Toamasina,[Antongil]; Maroantsetra,-15.43333,49.75,12.0,,Mocquerys,,https://www.antweb.org/images/casent0102033/casent0102033_p_1_high.jpg,casent0102033 profile view 1,April Nobile,Attribution-ShareAlike (BY-SA) Creative Commons License and GNU Free Documentation License (GFDL),"California Academy of Sciences, 2000-2008",GEODETIC_DATUM_ASSUMED_WGS84;CONTINENT_DERIVED_FROM_COORDINATES;COLLECTION_MATCH_NONE;INSTITUTION_MATCH_FUZZY,Tetraponera,1,data/images/Tetraponera/casent0102033_p.jpg,commons,train
865115679,CAS:ANTWEB:casent0102034,casent0102034,casent0102034,p,1319181,Tetraponera,pseudomyrmecinae,Tetraponera hysterica,"Tetraponera hysterica (Forel, 1892)",,SPECIES,,worker,,Toamasina,[Village de Nosi bé d l' Imerina]; Anosibe An'ala; Anosibe,-19.43173,48.20702,622.0,,Sikora,,https://www.antweb.org/images/casent0102034/casent0102034_p_1_high.jpg,casent0102034 profile view 1,April Nobile,Attribution-ShareAlike (BY-SA) Creative Commons License and GNU Free Documentation License (GFDL),"California Academy of Sciences, 2000-2008",GEODETIC_DATUM_ASSUMED_WGS84;CONTINENT_DERIVED_FROM_COORDINATES;COLLECTION_MATCH_NONE;INSTITUTION_MATCH_FUZZY,Tetraponera,1,data/images/Tetraponera/casent0102034_p.jpg,commons,train
865115706,CAS:ANTWEB:casent0102035,casent0102035,casent0102035,p,1319181,Tetraponera,pseudomyrmecinae,Tetraponera morondaviensis,"Tetraponera morondaviensis (Forel, 1891)",,SPECIES,,worker,,Antananarivo,[Central Madagascar]; Ambatomanjaka; Miarinarivo,-18.76695,46.86911,1343.0,,,,https://www.antweb.org/images/casent0102035/casent0102035_p_1_high.jpg,casent0102035 profile view 1,April Nobile,Attribution-ShareAlike (BY-SA) Creative Commons License and GNU Free Documentation License (GFDL),"California Academy of Sciences, 2000-2008",GEODETIC_DATUM_ASSUMED_WGS84;CONTINENT_DERIVED_FROM_COORDINATES;COLLECTION_MATCH_NONE;INSTITUTION_MATCH_FUZZY,Tetraponera,1,data/images/Tetraponera/casent0102035_p.jpg,commons,test
865115745,CAS:ANTWEB:casent0102037,casent0102037,casent0102037,p,1319181,Tetraponera,pseudomyrmecinae,Tetraponera rakotonis,"Tetraponera rakotonis (Forel, 1891)",,SPECIES,,worker,,Toliara,[Morondava],-20.290419,44.299995,6.0,,,,https://www.antweb.org/images/casent0102037/casent0102037_p_1_high.jpg,casent0102037 profile view 1,April Nobile,Attribution-ShareAlike (BY-SA) Creative Commons License and GNU Free Documentation License (GFDL),"California Academy of Sciences, 2000-2008",GEODETIC_DATUM_ASSUMED_WGS84;CONTINENT_DERIVED_FROM_COORDINATES;COLLECTION_MATCH_NONE;INSTITUTION_MATCH_FUZZY,Tetraponera,1,data/images/Tetraponera/casent0102037_p.jpg,commons,test
865115765,CAS:ANTWEB:casent0102038,casent0102038,casent0102038,p,1315863,Aphaenogaster,myrmicinae,Aphaenogaster gonacantha,"Aphaenogaster gonacantha (Emery, 1899)",,SPECIES,,worker,Syntype,Toamasina,[Antongil],-15.4,49.8,,,Mocquerys,,https://www.antweb.org/images/casent0102038/casent0102038_p_1_high.jpg,casent0102038 profile view 1,April Nobile,Attribution-ShareAlike (BY-SA) Creative Commons License and GNU Free Documentation License (GFDL),"California Academy of Sciences, 2000-2008",GEODETIC_DATUM_ASSUMED_WGS84;CONTINENT_DERIVED_FROM_COORDINATES;COLLECTION_MATCH_NONE;INSTITUTION_MATCH_FUZZY,Aphaenogaster,1,data/images/Aphaenogaster/casent0102038_p.jpg,commons,train
865115783,CAS:ANTWEB:casent0102039,casent0102039,casent0102039,p,1315863,Aphaenogaster,myrmicinae,Aphaenogaster gonacantha,"Aphaenogaster gonacantha (Emery, 1899)",,SPECIES,,worker,Syntype,Toamasina,[Antongil],-15.4,49.8,,,Mocquerys,,https://www.antweb.org/images/casent0102039/casent0102039_p_1_high.jpg,casent0102039 profile view 1,April Nobile,Attribution-ShareAlike (BY-SA) Creative Commons License and GNU Free Documentation License (GFDL),"California Academy of Sciences, 2000-2008",GEODETIC_DATUM_ASSUMED_WGS84;CONTINENT_DERIVED_FROM_COORDINATES;COLLECTION_MATCH_NONE;INSTITUTION_MATCH_FUZZY,Aphaenogaster,1,data/images/Aphaenogaster/casent0102039_p.jpg,commons,test
865115801,CAS:ANTWEB:casent0102040,casent0102040,casent0102040,p,1315863,Aphaenogaster,myrmicinae,Aphaenogaster gonacantha,"Aphaenogaster gonacantha (Emery, 1899)",,SPECIES,,worker,Syntype,Toamasina,[Antongil],-15.4,49.8,,,Mocquerys,,https://www.antweb.org/images/casent0102040/casent0102040_p_1_high.jpg,casent0102040 profile view 1,April Nobile,Attribution-ShareAlike (BY-SA) Creative Commons License and GNU Free Documentation License (GFDL),"California Academy of Sciences, 2000-2008",GEODETIC_DATUM_ASSUMED_WGS84;CONTINENT_DERIVED_FROM_COORDINATES;COLLECTION_MATCH_NONE;INSTITUTION_MATCH_FUZZY,Aphaenogaster,1,data/images/Aphaenogaster/casent0102040_p.jpg,commons,train
865114907,CAS:ANTWEB:casent0102047,casent0102047,casent0102047,p,1317363,Terataner,myrmicinae,Terataner alluaudi,"Terataner alluaudi (Emery, 1895)",,SPECIES,,worker,Syntype,Antsiranana,[Diego-Suarez]; Antsahampano; Antsiranana Rural,-12.323135,49.294285,67.0,1893-01-01,Ch Alluaud,,https://www.antweb.org/images/casent0102047/casent0102047_p_1_high.jpg,casent0102047 profile view 1,April Nobile,Attribution-ShareAlike (BY-SA) Creative Commons License and GNU Free Documentation License (GFDL),"California Academy of Sciences, 2000-2008",GEODETIC_DATUM_ASSUMED_WGS84;CONTINENT_DERIVED_FROM_COORDINATES;COLLECTION_MATCH_NONE;INSTITUTION_MATCH_FUZZY,Terataner,1,data/images/Terataner/casent0102047_p.jpg,commons,train
865114921,CAS:ANTWEB:casent0102048,casent0102048,casent0102048,p,1317363,Terataner,myrmicinae,Terataner rufipes,"Terataner rufipes Emery, 1912",,SPECIES,,worker,Syntype,Toliara,[Fort Dauphin]; Taolagnaro,-25.02,46.9833,2.0,,Sikora,,https://www.antweb.org/images/casent0102048/casent0102048_p_1_high.jpg,casent0102048 profile view 1,April Nobile,Attribution-ShareAlike (BY-SA) Creative Commons License and GNU Free Documentation License (GFDL),"California Academy of Sciences, 2000-2008",GEODETIC_DATUM_ASSUMED_WGS84;CONTINENT_DERIVED_FROM_COORDINATES;COLLECTION_MATCH_NONE;INSTITUTION_MATCH_FUZZY,Terataner,1,data/images/Terataner/casent0102048_p.jpg,commons,train
865114940,CAS:ANTWEB:casent0102049,casent0102049,casent0102049,p,1317363,Terataner,myrmicinae,Terataner rufipes,"Terataner rufipes Emery, 1912",,SPECIES,,worker,Syntype,Toliara,[Fort Dauphin]; Taolagnaro,-25.02,46.9833,2.0,,Sikora,,https://www.antweb.org/images/casent0102049/casent0102049_p_1_high.jpg,casent0102049 profile view 1,April Nobile,Attribution-ShareAlike (BY-SA) Creative Commons License and GNU Free Documentation License (GFDL),"California Academy of Sciences, 2000-2008",GEODETIC_DATUM_ASSUMED_WGS84;CONTINENT_DERIVED_FROM_COORDINATES;COLLECTION_MATCH_NONE;INSTITUTION_MATCH_FUZZY,Terataner,1,data/images/Terataner/casent0102049_p.jpg,commons,train
865115005,CAS:ANTWEB:casent0102053,casent0102053,casent0102053,p,1324306,Crematogaster,myrmicinae,Crematogaster madecassa,"Crematogaster madecassa Emery, 1895",,SPECIES,,worker,,Antsiranana,[Diego-Suarez]; Antsahampano; Antsiranana Rural,-12.323135,49.294285,67.0,1893-01-01,Ch Alluaud,,https://www.antweb.org/images/casent0102053/casent0102053_p_1_high.jpg,casent0102053 profile view 1,April Nobile,Attribution-ShareAlike (BY-SA) Creative Commons License and GNU Free Documentation License (GFDL),"California Academy of Sciences, 2000-2008",GEODETIC_DATUM_ASSUMED_WGS84;CONTINENT_DERIVED_FROM_COORDINATES;COLLECTION_MATCH_NONE;INSTITUTION_MATCH_FUZZY,Crematogaster,1,data/images/Crematogaster/casent0102053_p.jpg,commons,train
865115020,CAS:ANTWEB:casent0102054,casent0102054,casent0102054,p,1324306,Crematogaster,myrmicinae,Crematogaster madecassa,"Crematogaster madecassa Emery, 1895",,SPECIES,,worker,Lectotype,Antsiranana,[Diego-Suarez]; Antsahampano; Antsiranana Rural,-12.323135,49.294285,67.0,1893-01-01,Ch Alluaud,,https://www.antweb.org/images/casent0102054/casent0102054_p_1_high.jpg,casent0102054 profile view 1,April Nobile,Attribution-ShareAlike (BY-SA) Creative Commons License and GNU Free Documentation License (GFDL),"California Academy of Sciences, 2000-2008",GEODETIC_DATUM_ASSUMED_WGS84;CONTINENT_DERIVED_FROM_COORDINATES;COLLECTION_MATCH_NONE;INSTITUTION_MATCH_FUZZY,Crematogaster,1,data/images/Crematogaster/casent0102054_p.jpg,commons,train
865115036,CAS:ANTWEB:casent0102055,casent0102055,casent0102055,p,1324306,Crematogaster,myrmicinae,Crematogaster lobata,"Crematogaster lobata Emery, 1895",,SPECIES,,worker,Lectotype,Antsiranana,[Diego-Suarez]; Antsahampano; Antsiranana Rural,-12.323135,49.294285,67.0,,Ch Alluaud,,https://www.antweb.org/images/casent0102055/casent0102055_p_1_high.jpg,casent0102055 profile view 1,April Nobile,Attribution-ShareAlike (BY-SA) Creative Commons License and GNU Free Documentation License (GFDL),"California Academy of Sciences, 2000-2008",GEODETIC_DATUM_ASSUMED_WGS84;CONTINENT_DERIVED_FROM_COORDINATES;COLLECTION_MATCH_NONE;INSTITUTION_MATCH_FUZZY,Crematogaster,1,data/images/Crematogaster/casent0102055_p.jpg,commons,train
865115193,CAS:ANTWEB:casent0102064,casent0102064,casent0102064,p,7731605,Nesomyrmex,myrmicinae,Nesomyrmex sikorai,Nesomyrmex sikorai,,SPECIES,,worker,,Fianarantsoa,[Imerína]; Ambositra,-20.5333,47.3333,1316.0,,Sikora,Sandor Csosz,https://www.antweb.org/images/casent0102064/casent0102064_p_1_high.jpg,casent0102064 profile view 1,April Nobile,Attribution-ShareAlike (BY-SA) Creative Commons License and GNU Free Documentation License (GFDL),"California Academy of Sciences, 2000-2008",GEODETIC_DATUM_ASSUMED_WGS84;CONTINENT_DERIVED_FROM_COORDINATES;COLLECTION_MATCH_NONE;INSTITUTION_MATCH_FUZZY,Nesomyrmex,1,data/images/Nesomyrmex/casent0102064_p.jpg,commons,train
865115216,CAS:ANTWEB:casent0102065,casent0102065,casent0102065,p,7731605,Nesomyrmex,myrmicinae,Nesomyrmex madecassus,"Nesomyrmex madecassus (Forel, 1892)",,SPECIES,,worker,Syntype,Fianarantsoa,[Imerína]; Ambositra,-20.5333,47.3333,1316.0,,Sikora,Sandor Csosz,https://www.antweb.org/images/casent0102065/casent0102065_p_1_high.jpg,casent0102065 profile view 1,April Nobile,Attribution-ShareAlike (BY-SA) Creative Commons License and GNU Free Documentation License (GFDL),"California Academy of Sciences, 2000-2008",GEODETIC_DATUM_ASSUMED_WGS84;CONTINENT_DERIVED_FROM_COORDINATES;COLLECTION_MATCH_NONE;INSTITUTION_MATCH_FUZZY,Nesomyrmex,1,data/images/Nesomyrmex/casent0102065_p.jpg,commons,train
865115236,CAS:ANTWEB:casent0102066,casent0102066,casent0102066,p,8301906,Meranoplus,myrmicinae,Meranoplus radamae,"Meranoplus radamae Forel, 1891",,SPECIES,,worker,,Antananarivo,[Centr Madag]; Ambatomanjaka; Miarinarivo,-18.76695,46.86911,1343.0,,Hildebrandt,,https://www.antweb.org/images/casent0102066/casent0102066_p_1_high.jpg,casent0102066 profile view 1,April Nobile,Attribution-ShareAlike (BY-SA) Creative Commons License and GNU Free Documentation License (GFDL),"California Academy of Sciences, 2000-2008",GEODETIC_DATUM_ASSUMED_WGS84;CONTINENT_DERIVED_FROM_COORDINATES;COLLECTION_MATCH_NONE;INSTITUTION_MATCH_FUZZY,Meranoplus,1,data/images/Meranoplus/casent0102066_p.jpg,commons,train
865115263,CAS:ANTWEB:casent0102067,casent0102067,casent0102067,p,8301906,Meranoplus,myrmicinae,Meranoplus mayri,"Meranoplus mayri Forel, 1910",,SPECIES,,worker,,Toliara,[T Dauphin]; Taolagnaro,-25.022532,46.98537,9.0,,Sikora,,https://www.antweb.org/images/casent0102067/casent0102067_p_1_high.jpg,casent0102067 profile view 1,April Nobile,Attribution-ShareAlike (BY-SA) Creative Commons License and GNU Free Documentation License (GFDL),"California Academy of Sciences, 2000-2008",GEODETIC_DATUM_ASSUMED_WGS84;CONTINENT_DERIVED_FROM_COORDINATES;COLLECTION_MATCH_NONE;INSTITUTION_MATCH_FUZZY,Meranoplus,1,data/images/Meranoplus/casent0102067_p.jpg,commons,test
865115283,CAS:ANTWEB:casent0102068,casent0102068,casent0102068,p,1325265,Cataulacus,myrmicinae,Cataulacus oberthueri,"Cataulacus oberthueri Emery, 1891",,SPECIES,,worker,,Toamasina,[Tamatave et forêta d'Alahakato]; Toamasina Suburbaine; Toamasina Rural,-18.116667,49.3,40.0,1888-01-01/1888-06-01,Edouard Perrot,,https://www.antweb.org/images/casent0102068/casent0102068_p_1_high.jpg,casent0102068 profile view 1,April Nobile,Attribution-ShareAlike (BY-SA) Creative Commons License and GNU Free Documentation License (GFDL),"California Academy of Sciences, 2000-2008",GEODETIC_DATUM_ASSUMED_WGS84;CONTINENT_DERIVED_FROM_COORDINATES;COLLECTION_MATCH_NONE;INSTITUTION_MATCH_FUZZY,Cataulacus,1,data/images/Cataulacus/casent0102068_p.jpg,commons,train
865115307,CAS:ANTWEB:casent0102069,casent0102069,casent0102069,p,1325265,Cataulacus,myrmicinae,Cataulacus porcatus,"Cataulacus porcatus Emery, 1899",,SPECIES,,worker,Syntype,Toamasina,[Antongil]; Maroantsetra,-15.43333,49.75,12.0,,Mocquerys,,https://www.antweb.org/images/casent0102069/casent0102069_p_1_high.jpg,casent0102069 profile view 1,April Nobile,Attribution-ShareAlike (BY-SA) Creative Commons License and GNU Free Documentation License (GFDL),"California Academy of Sciences, 2000-2008",GEODETIC_DATUM_ASSUMED_WGS84;CONTINENT_DERIVED_FROM_COORDINATES;COLLECTION_MATCH_NONE;INSTITUTION_MATCH_FUZZY,Cataulacus,1,data/images/Cataulacus/casent0102069_p.jpg,commons,train
865115366,CAS:ANTWEB:casent0102071,casent0102071,casent0102071,p,1323128,Tetramorium,myrmicinae,Tetramorium tosii,"Tetramorium tosii Emery, 1899",,SPECIES,,worker,Syntype,Toamasina,[Antongil]; Maroantsetra,-15.43333,49.75,12.0,,Mocquerys,,https://www.antweb.org/images/casent0102071/casent0102071_p_1_high.jpg,casent0102071 profile view 1,April Nobile,Attribution-ShareAlike (BY-SA) Creative Commons License and GNU Free Documentation License (GFDL),"California Academy of Sciences, 2000-2008",GEODETIC_DATUM_ASSUMED_WGS84;CONTINENT_DERIVED_FROM_COORDINATES;COLLECTION_MATCH_NONE;INSTITUTION_MATCH_FUZZY,Tetramorium,1,data/images/Tetramorium/casent0102071_p.jpg,commons,train
865115389,CAS:ANTWEB:casent0102072,casent0102072,casent0102072,p,1323128,Tetramorium,myrmicinae,Tetramorium tosii,"Tetramorium tosii Emery, 1899",,SPECIES,,worker,Syntype,Toamasina,[Antongil]; Maroantsetra,-15.43333,49.75,12.0,,Mocquerys,,https://www.antweb.org/images/casent0102072/casent0102072_p_1_high.jpg,casent0102072 profile view 1,April Nobile,Attribution-ShareAlike (BY-SA) Creative Commons License and GNU Free Documentation License (GFDL),"California Academy of Sciences, 2000-2008",GEODETIC_DATUM_ASSUMED_WGS84;CONTINENT_DERIVED_FROM_COORDINATES;COLLECTION_MATCH_NONE;INSTITUTION_MATCH_FUZZY,Tetramorium,1,data/images/Tetramorium/casent0102072_p.jpg,commons,train
865115540,CAS:ANTWEB:casent0102078,casent0102078,casent0102078,p,1323128,Tetramorium,myrmicinae,Tetramorium severini,"Tetramorium severini (Emery, 1895)",,SPECIES,,worker,Holotype,Antsiranana,[Diego-Suarez]; Antsahampano; Antsiranana Rural,-12.323135,49.294285,67.0,1893-01-01,Ch Alluaud,F. Hita Garcia,https://www.antweb.org/images/casent0102078/casent0102078_p_1_high.jpg,casent0102078 profile view 1,April Nobile,Attribution-ShareAlike (BY-SA) Creative Commons License and GNU Free Documentation License (GFDL),"California Academy of Sciences, 2000-2008",GEODETIC_DATUM_ASSUMED_WGS84;CONTINENT_DERIVED_FROM_COORDINATES;COLLECTION_MATCH_NONE;INSTITUTION_MATCH_FUZZY,Tetramorium,1,data/images/Tetramorium/casent0102078_p.jpg,commons,train
865115855,CAS:ANTWEB:casent0102092,casent0102092,casent0102092,p,1312361,Camponotus,formicinae,Camponotus hildebrandti,"Camponotus hildebrandti Forel, 1886",,SPECIES,,worker,,Toamasina,[Antongil]; Maroantsetra,-15.43333,49.75,12.0,,Mocquerys,,https://www.antweb.org/images/casent0102092/casent0102092_p_1_high.jpg,casent0102092 profile view 1,April Nobile,Attribution-ShareAlike (BY-SA) Creative Commons License and GNU Free Documentation License (GFDL),"California Academy of Sciences, 2000-2008",GEODETIC_DATUM_ASSUMED_WGS84;CONTINENT_DERIVED_FROM_COORDINATES;COLLECTION_MATCH_NONE;INSTITUTION_MATCH_FUZZY,Camponotus,1,data/images/Camponotus/casent0102092_p.jpg,commons,train
865115877,CAS:ANTWEB:casent0102093,casent0102093,casent0102093,p,1317363,Terataner,myrmicinae,Terataner foreli,"Terataner foreli (Emery, 1899)",,SPECIES,,worker,Syntype,Toamasina,[Antongil]; Maroantsetra,-15.43333,49.75,12.0,,Mocquerys,,https://www.antweb.org/images/casent0102093/casent0102093_p_1_high.jpg,casent0102093 profile view 1,April Nobile,Attribution-ShareAlike (BY-SA) Creative Commons License and GNU Free Documentation License (GFDL),"California Academy of Sciences, 2000-2008",GEODETIC_DATUM_ASSUMED_WGS84;CONTINENT_DERIVED_FROM_COORDINATES;COLLECTION_MATCH_NONE;INSTITUTION_MATCH_FUZZY,Terataner,1,data/images/Terataner/casent0102093_p.jpg,commons,train
865114893,CAS:ANTWEB:casent0102096,casent0102096,casent0102096,p,1312361,Camponotus,formicinae,Camponotus sikorai,"Camponotus sikorai Emery, 1920",,SPECIES,,worker,,Toliara,[Fort Dauphin]; Taolagnaro,-25.02,46.9833,2.0,,Sikora,,https://www.antweb.org/images/casent0102096/casent0102096_p_1_high.jpg,casent0102096 profile view 1,April Nobile,Attribution-ShareAlike (BY-SA) Creative Commons License and GNU Free Documentation License (GFDL),"California Academy of Sciences, 2000-2008",GEODETIC_DATUM_ASSUMED_WGS84;CONTINENT_DERIVED_FROM_COORDINATES;COLLECTION_MATCH_NONE;INSTITUTION_MATCH_FUZZY,Camponotus,1,data/images/Camponotus/casent0102096_p.jpg,commons,train
865114920,CAS:ANTWEB:casent0102097,casent0102097,casent0102097,p,1312361,Camponotus,formicinae,Camponotus mocquerysi,"Camponotus mocquerysi Emery, 1899",,SPECIES,,worker,,Toamasina,[Antongil]; Maroantsetra,-15.43333,49.75,12.0,,Mocquerys,,https://www.antweb.org/images/casent0102097/casent0102097_p_1_high.jpg,casent0102097 profile view 1,April Nobile,Attribution-ShareAlike (BY-SA) Creative Commons License and GNU Free Documentation License (GFDL),"California Academy of Sciences, 2000-2008",GEODETIC_DATUM_ASSUMED_WGS84;CONTINENT_DERIVED_FROM_COORDINATES;COLLECTION_MATCH_NONE;INSTITUTION_MATCH_FUZZY,Camponotus,1,data/images/Camponotus/casent0102097_p.jpg,commons,train
865114938,CAS:ANTWEB:casent0102098,casent0102098,casent0102098,p,1312361,Camponotus,formicinae,Camponotus mocquerysi,"Camponotus mocquerysi Emery, 1899",,SPECIES,,worker,,Toamasina,[Antongil]; Maroantsetra,-15.43333,49.75,12.0,,Mocquerys,,https://www.antweb.org/images/casent0102098/casent0102098_p_1_high.jpg,casent0102098 profile view 1,April Nobile,Attribution-ShareAlike (BY-SA) Creative Commons License and GNU Free Documentation License (GFDL),"California Academy of Sciences, 2000-2008",GEODETIC_DATUM_ASSUMED_WGS84;CONTINENT_DERIVED_FROM_COORDINATES;COLLECTION_MATCH_NONE;INSTITUTION_MATCH_FUZZY,Camponotus,1,data/images/Camponotus/casent0102098_p.jpg,commons,train
865114959,CAS:ANTWEB:casent0102099,casent0102099,casent0102099,p,1312361,Camponotus,formicinae,Camponotus leveillei,"Camponotus leveillei Emery, 1895",,SPECIES,,worker,,Antananarivo,[Madagascar]; Ambatomanjaka; Miarinarivo,-18.76695,46.86911,1343.0,,Leveilli,,https://www.antweb.org/images/casent0102099/casent0102099_p_1_high.jpg,casent0102099 profile view 1,April Nobile,Attribution-ShareAlike (BY-SA) Creative Commons License and GNU Free Documentation License (GFDL),"California Academy of Sciences, 2000-2008",GEODETIC_DATUM_ASSUMED_WGS84;CONTINENT_DERIVED_FROM_COORDINATES;COLLECTION_MATCH_NONE;INSTITUTION_MATCH_FUZZY,Camponotus,1,data/images/Camponotus/casent0102099_p.jpg,commons,train
865115029,CAS:ANTWEB:casent0102103,casent0102103,casent0102103,p,1312361,Camponotus,formicinae,Camponotus maculiventris,Camponotus maculiventris Emery,,SPECIES,,worker,Paralectotype,Antsiranana,[Diego-Suarez]; Antsahampano; Antsiranana Rural,-12.323135,49.294285,67.0,1893-01-01,Ch Alluaud,Jean Claude Rakotonirina,https://www.antweb.org/images/casent0102103/casent0102103_p_1_high.jpg,casent0102103 profile view 1,April Nobile,Attribution-ShareAlike (BY-SA) Creative Commons License and GNU Free Documentation License (GFDL),"California Academy of Sciences, 2000-2008",GEODETIC_DATUM_ASSUMED_WGS84;CONTINENT_DERIVED_FROM_COORDINATES;COLLECTION_MATCH_NONE;INSTITUTION_MATCH_FUZZY,Camponotus,1,data/images/Camponotus/casent0102103_p.jpg,commons,test
865115047,CAS:ANTWEB:casent0102104,casent0102104,casent0102104,p,1312361,Camponotus,formicinae,Camponotus maculiventris,Camponotus maculiventris Emery,,SPECIES,,worker,Lectotype,Antsiranana,[Diego-Suarez]; Antsahampano; Antsiranana Rural,-12.323135,49.294285,67.0,1893-01-01,Ch Alluaud,Jean Claude Rakotonirina,https://www.antweb.org/images/casent0102104/casent0102104_p_1_high.jpg,casent0102104 profile view 1,April Nobile,Attribution-ShareAlike (BY-SA) Creative Commons License and GNU Free Documentation License (GFDL),"California Academy of Sciences, 2000-2008",GEODETIC_DATUM_ASSUMED_WGS84;CONTINENT_DERIVED_FROM_COORDINATES;COLLECTION_MATCH_NONE;INSTITUTION_MATCH_FUZZY,Camponotus,1,data/images/Camponotus/casent0102104_p.jpg,commons,train
865115076,CAS:ANTWEB:casent0102106,casent0102106,casent0102106,p,1312361,Camponotus,formicinae,Camponotus quadrimaculatus,"Camponotus quadrimaculatus Forel, 1886",,SPECIES,,worker,Paralectotype,Toamasina,[Antongil]; Maroantsetra,-15.43333,49.75,12.0,,Mocquerys,Jean Claude Rakotonirina,https://www.antweb.org/images/casent0102106/casent0102106_p_1_high.jpg,casent0102106 profile view 1,April Nobile,Attribution-ShareAlike (BY-SA) Creative Commons License and GNU Free Documentation License (GFDL),"California Academy of Sciences, 2000-2008",GEODETIC_DATUM_ASSUMED_WGS84;CONTINENT_DERIVED_FROM_COORDINATES;COLLECTION_MATCH_NONE;INSTITUTION_MATCH_FUZZY,Camponotus,1,data/images/Camponotus/casent0102106_p.jpg,commons,train
865115093,CAS:ANTWEB:casent0102107,casent0102107,casent0102107,p,1312361,Camponotus,formicinae,Camponotus immaculatus,"Camponotus immaculatus Forel, 1892",,SPECIES,,worker,Lectotype,Toamasina,[Antongil]; Maroantsetra,-15.43333,49.75,12.0,,Mocquerys,N. Rasoamanana,https://www.antweb.org/images/casent0102107/casent0102107_p_1_high.jpg,casent0102107 profile view 1,April Nobile,Attribution-ShareAlike (BY-SA) Creative Commons License and GNU Free Documentation License (GFDL),"California Academy of Sciences, 2000-2008",GEODETIC_DATUM_ASSUMED_WGS84;CONTINENT_DERIVED_FROM_COORDINATES;COLLECTION_MATCH_NONE;INSTITUTION_MATCH_FUZZY,Camponotus,1,data/images/Camponotus/casent0102107_p.jpg,commons,train
865115131,CAS:ANTWEB:casent0102109,casent0102109,casent0102109,p,1312361,Camponotus,formicinae,Camponotus quadrimaculatus,"Camponotus quadrimaculatus Forel, 1886",,SPECIES,,worker,Lectotype,Antsiranana,[Diego-Suarez]; Antsahampano; Antsiranana Rural,-12.323135,49.294285,67.0,1893-01-01,Ch Alluaud,N. Rasoamanana,https://www.antweb.org/images/casent0102109/casent0102109_p_1_high.jpg,casent0102109 profile view 1,April Nobile,Attribution-ShareAlike (BY-SA) Creative Commons License and GNU Free Documentation License (GFDL),"California Academy of Sciences, 2000-2008",GEODETIC_DATUM_ASSUMED_WGS84;CONTINENT_DERIVED_FROM_COORDINATES;COLLECTION_MATCH_NONE;INSTITUTION_MATCH_FUZZY,Camponotus,1,data/images/Camponotus/casent0102109_p.jpg,commons,train
865115146,CAS:ANTWEB:casent0102110,casent0102110,casent0102110,p,1312361,Camponotus,formicinae,Camponotus quadrimaculatus,"Camponotus quadrimaculatus Forel, 1886",,SPECIES,,worker,Paralectotype,Antsiranana,[Diego-Suarez]; Antsahampano; Antsiranana Rural,-12.323135,49.294285,67.0,1893-01-01,Ch Alluaud,N. Rasoamanana,https://www.antweb.org/images/casent0102110/casent0102110_p_1_high.jpg,casent0102110 profile view 1,April Nobile,Attribution-ShareAlike (BY-SA) Creative Commons License and GNU Free Documentation License (GFDL),"California Academy of Sciences, 2000-2008",GEODETIC_DATUM_ASSUMED_WGS84;CONTINENT_DERIVED_FROM_COORDINATES;COLLECTION_MATCH_NONE;INSTITUTION_MATCH_FUZZY,Camponotus,1,data/images/Camponotus/casent0102110_p.jpg,commons,train
865115163,CAS:ANTWEB:casent0102111,casent0102111,casent0102111,p,1312361,Camponotus,formicinae,Camponotus immaculatus,"Camponotus immaculatus Forel, 1892",,SPECIES,,worker,Paralectotype,Antsiranana,[Diego-Suarez]; Antsahampano; Antsiranana Rural,-12.32313,49.29428,67.0,1893-12-31,Ch Alluaud,Jean Claude Rakotonirina,https://www.antweb.org/images/casent0102111/casent0102111_p_1_high.jpg,casent0102111 profile view 1,April Nobile,Attribution-ShareAlike (BY-SA) Creative Commons License and GNU Free Documentation License (GFDL),"California Academy of Sciences, 2000-2008",GEODETIC_DATUM_ASSUMED_WGS84;CONTINENT_DERIVED_FROM_COORDINATES;COLLECTION_MATCH_NONE;INSTITUTION_MATCH_FUZZY,Camponotus,1,data/images/Camponotus/casent0102111_p.jpg,commons,train
865115744,CAS:ANTWEB:casent0102136,casent0102136,casent0102136,p,1317363,Terataner,myrmicinae,Terataner foreli,"Terataner foreli (Emery, 1899)",,SPECIES,,worker,Syntype,Toamasina,[Antongil]; Maroantsetra,-15.43333,49.75,12.0,,Mocquerys,,https://www.antweb.org/images/casent0102136/casent0102136_p_1_high.jpg,casent0102136 profile view 1,April Nobile,Attribution-ShareAlike (BY-SA) Creative Commons License and GNU Free Documentation License (GFDL),"California Academy of Sciences, 2000-2008",GEODETIC_DATUM_ASSUMED_WGS84;CONTINENT_DERIVED_FROM_COORDINATES;COLLECTION_MATCH_NONE;INSTITUTION_MATCH_FUZZY,Terataner,1,data/images/Terataner/casent0102136_p.jpg,commons,train
865115805,CAS:ANTWEB:casent0102139,casent0102139,casent0102139,p,1326614,Hypoponera,ponerinae,Hypoponera johannae,"Hypoponera johannae (Forel, 1891)",,SPECIES,,worker,Syntype,Antananarivo,[Andrangoloaka]; Mantasoa; Manjakandriana,-19.033333,47.916668,1409.0,,Sikora,,https://www.antweb.org/images/casent0102139/casent0102139_p_1_high.jpg,casent0102139 profile view 1,April Nobile,Attribution-ShareAlike (BY-SA) Creative Commons License and GNU Free Documentation License (GFDL),"California Academy of Sciences, 2000-2008",GEODETIC_DATUM_ASSUMED_WGS84;CONTINENT_DERIVED_FROM_COORDINATES;COLLECTION_MATCH_NONE;INSTITUTION_MATCH_FUZZY,Hypoponera,1,data/images/Hypoponera/casent0102139_p.jpg,commons,train
865115245,CAS:ANTWEB:casent0102164,casent0102164,casent0102164,p,4673512,Lioponera,dorylinae,,"Lioponera Mayr, 1879",,GENUS,,worker,,Antananarivo,[Madagascar]; Ambatomanjaka; Miarinarivo,-18.76695,46.86911,1343.0,,Sikora,,https://www.antweb.org/images/casent0102164/casent0102164_p_1_high.jpg,casent0102164 profile view 1,April Nobile,Attribution-ShareAlike (BY-SA) Creative Commons License and GNU Free Documentation License (GFDL),"California Academy of Sciences, 2000-2007",GEODETIC_DATUM_ASSUMED_WGS84;CONTINENT_DERIVED_FROM_COORDINATES;COLLECTION_MATCH_NONE;INSTITUTION_MATCH_FUZZY,Lioponera,1,data/images/Lioponera/casent0102164_p.jpg,commons,train
865115275,CAS:ANTWEB:casent0102165,casent0102165,casent0102165,p,4673512,Lioponera,dorylinae,,"Lioponera Mayr, 1879",,GENUS,,worker,,Antananarivo,[Mdgk.]; Ambatomanjaka; Miarinarivo,-18.76695,46.86911,1343.0,,Sikora,,https://www.antweb.org/images/casent0102165/casent0102165_p_1_high.jpg,casent0102165 profile view 1,April Nobile,Attribution-ShareAlike (BY-SA) Creative Commons License and GNU Free Documentation License (GFDL),"California Academy of Sciences, 2000-2007",GEODETIC_DATUM_ASSUMED_WGS84;CONTINENT_DERIVED_FROM_COORDINATES;COLLECTION_MATCH_NONE;INSTITUTION_MATCH_FUZZY,Lioponera,1,data/images/Lioponera/casent0102165_p.jpg,commons,test
865115452,CAS:ANTWEB:casent0102171,casent0102171,casent0102171,p,1326355,Mystrium,amblyoponinae,Mystrium mysticum,"Mystrium mysticum Roger, 1862",,SPECIES,,worker,,Antananarivo,[Madagaskar]; Ambatomanjaka; Miarinarivo,-18.76695,46.86911,1343.0,1896-01-01,Sikora,G. Mayr,https://www.antweb.org/images/casent0102171/casent0102171_p_1_high.jpg,casent0102171 profile view 1,April Nobile,Attribution-ShareAlike (BY-SA) Creative Commons License and GNU Free Documentation License (GFDL),"California Academy of Sciences, 2000-2007",GEODETIC_DATUM_ASSUMED_WGS84;CONTINENT_DERIVED_FROM_COORDINATES;COLLECTION_MATCH_NONE;INSTITUTION_MATCH_FUZZY,Mystrium,1,data/images/Mystrium/casent0102171_p.jpg,commons,test
865115476,CAS:ANTWEB:casent0102172,casent0102172,casent0102172,p,1326355,Mystrium,amblyoponinae,Mystrium rogeri,"Mystrium rogeri Forel, 1899",,SPECIES,,worker,,Antananarivo,[Madag. Ambatomanjaka; Miarinarivo,-18.76695,46.86911,1343.0,,G. Mayr,Emery,https://www.antweb.org/images/casent0102172/casent0102172_p_1_high.jpg,casent0102172 profile view 1,April Nobile,Attribution-ShareAlike (BY-SA) Creative Commons License and GNU Free Documentation License (GFDL),"California Academy of Sciences, 2000-2007",GEODETIC_DATUM_ASSUMED_WGS84;CONTINENT_DERIVED_FROM_COORDINATES;COLLECTION_MATCH_NONE;INSTITUTION_MATCH_FUZZY,Mystrium,1,data/images/Mystrium/casent0102172_p.jpg,commons,test
865115807,CAS:ANTWEB:casent0102235,casent0102235,casent0102235,p,1317363,Terataner,myrmicinae,Terataner rufipes,"Terataner rufipes Emery, 1912",,SPECIES,,worker,,Toliara,"2km SW Mahamavo, Rés.Andohahela",-24.78333,46.7,320.0,1993-02-06,P.S. Ward,,https://www.antweb.org/images/casent0102235/casent0102235_p_1_high.jpg,casent0102235 profile view 1,April Nobile,Attribution-ShareAlike (BY-SA) Creative Commons License and GNU Free Documentation License (GFDL),"California Academy of Sciences, 2000-2007",GEODETIC_DATUM_ASSUMED_WGS84;CONTINENT_DERIVED_FROM_COORDINATES;COLLECTION_MATCH_NONE;INSTITUTION_MATCH_FUZZY,Terataner,1,data/images/Terataner/casent0102235_p.jpg,commons,train
865115183,CAS:ANTWEB:casent0102258,casent0102258,casent0102258,p,1320203,Strumigenys,myrmicinae,Strumigenys fautrix,Strumigenys fautrix,,SPECIES,,worker,Holotype,Toliara,"Berenty, Ambosary; Behara; Amboasary-Sud",-25.0,46.28333,68.0,1981-08-13,J.M. Wilson,Barry Bolton,https://www.antweb.org/images/casent0102258/casent0102258_p_1_high.jpg,casent0102258 profile view 1,April Nobile,Attribution-ShareAlike (BY-SA) Creative Commons License and GNU Free Documentation License (GFDL),"California Academy of Sciences, 2000-2007",GEODETIC_DATUM_ASSUMED_WGS84;CONTINENT_DERIVED_FROM_COORDINATES;COLLECTION_MATCH_NONE;INSTITUTION_MATCH_FUZZY,Strumigenys,1,data/images/Strumigenys/casent0102258_p.jpg,commons,train
865115209,CAS:ANTWEB:casent0102259,casent0102259,casent0102259,p,1320203,Strumigenys,myrmicinae,,"Strumigenys Smith, 1860",,GENUS,,worker,Holotype,Fianarantsoa,"28 km. SSW Ambositra, Ankazomivady",-20.775,47.16833,1670.0,1998-01-11,Brian L. Fisher,Barry Bolton,https://www.antweb.org/images/casent0102259/casent0102259_p_1_high.jpg,casent0102259 profile view 1,April Nobile,Attribution-ShareAlike (BY-SA) Creative Commons License and GNU Free Documentation License (GFDL),"California Academy of Sciences, 2000-2007",GEODETIC_DATUM_ASSUMED_WGS84;CONTINENT_DERIVED_FROM_COORDINATES;COLLECTION_MATCH_NONE;INSTITUTION_MATCH_FUZZY,Strumigenys,1,data/images/Strumigenys/casent0102259_p.jpg,commons,train
865115231,CAS:ANTWEB:casent0102260,casent0102260,casent0102260,p,1320203,Strumigenys,myrmicinae,,"Strumigenys Smith, 1860",,GENUS,,worker,,Fianarantsoa,"28 km. SSW Ambositra, Ankazomivady",-20.775,47.16833,1670.0,1998-01-11,Brian L. Fisher,Barry Bolton,https://www.antweb.org/images/casent0102260/casent0102260_p_1_high.jpg,casent0102260 profile view 1,April Nobile,Attribution-ShareAlike (BY-SA) Creative Commons License and GNU Free Documentation License (GFDL),"California Academy of Sciences, 2000-2007",GEODETIC_DATUM_ASSUMED_WGS84;CONTINENT_DERIVED_FROM_COORDINATES;COLLECTION_MATCH_NONE;INSTITUTION_MATCH_FUZZY,Strumigenys,1,data/images/Strumigenys/casent0102260_p.jpg,commons,train
865115284,CAS:ANTWEB:casent0102262,casent0102262,casent0102262,p,1320203,Strumigenys,myrmicinae,Strumigenys khakaura,Strumigenys khakaura,,SPECIES,,worker,Holotype,Antsiranana,Prov.Antsiranana R.S. Manongarivo 17.3 km 218° SW Antanambao,-14.02167,48.41833,1580.0,1998-10-27,Brian L. Fisher,Barry Bolton,https://www.antweb.org/images/casent0102262/casent0102262_p_1_high.jpg,casent0102262 profile view 1,April Nobile,Attribution-ShareAlike (BY-SA) Creative Commons License and GNU Free Documentation License (GFDL),"California Academy of Sciences, 2000-2008",GEODETIC_DATUM_ASSUMED_WGS84;CONTINENT_DERIVED_FROM_COORDINATES;COLLECTION_MATCH_NONE;INSTITUTION_MATCH_FUZZY,Strumigenys,1,data/images/Strumigenys/casent0102262_p.jpg,commons,test
865115309,CAS:ANTWEB:casent0102263,casent0102263,casent0102263,p,1320203,Strumigenys,myrmicinae,Strumigenys olsoni,Strumigenys olsoni,,SPECIES,,worker,Holotype,Toliary,48 km E.N.E. Morondava,-20.066668,44.63333,30.0,1991-01-05,D.M. Olson,Barry Bolton,https://www.antweb.org/images/casent0102263/casent0102263_p_1_high.jpg,casent0102263 profile view 1,April Nobile,Attribution-ShareAlike (BY-SA) Creative Commons License and GNU Free Documentation License (GFDL),"California Academy of Sciences, 2000-2007",GEODETIC_DATUM_ASSUMED_WGS84;CONTINENT_DERIVED_FROM_COORDINATES;COLLECTION_MATCH_NONE;INSTITUTION_MATCH_FUZZY,Strumigenys,1,data/images/Strumigenys/casent0102263_p.jpg,commons,train
865115359,CAS:ANTWEB:casent0102265,casent0102265,casent0102265,p,1320203,Strumigenys,myrmicinae,,"Strumigenys Smith, 1860",,GENUS,,worker,,Toliara,Tranomaro; Amboasary-Sud,-24.63889,46.69917,1881.0,1972-12-31,A. Peyrieras,,https://www.antweb.org/images/casent0102265/casent0102265_p_1_high.jpg,casent0102265 profile view 1,April Nobile,Attribution-ShareAlike (BY-SA) Creative Commons License and GNU Free Documentation License (GFDL),"California Academy of Sciences, 2000-2007",GEODETIC_DATUM_ASSUMED_WGS84;CONTINENT_DERIVED_FROM_COORDINATES;COLLECTION_MATCH_NONE;INSTITUTION_MATCH_FUZZY,Strumigenys,1,data/images/Strumigenys/casent0102265_p.jpg,commons,train
865115618,CAS:ANTWEB:casent0102275,casent0102275,casent0102275,p,1326614,Hypoponera,ponerinae,Hypoponera sakalava,"Hypoponera sakalava (Forel, 1891)",,SPECIES,,worker,,Toliara,"3km E Mahamavo, Rés.Andohahela",-24.75,46.75,1050.0,1993-02-05,P.S. Ward,,https://www.antweb.org/images/casent0102275/casent0102275_p_1_high.jpg,casent0102275 profile view 1,April Nobile,Attribution-ShareAlike (BY-SA) Creative Commons License and GNU Free Documentation License (GFDL),"California Academy of Sciences, 2000-2007",GEODETIC_DATUM_ASSUMED_WGS84;CONTINENT_DERIVED_FROM_COORDINATES;COLLECTION_MATCH_NONE;INSTITUTION_MATCH_FUZZY,Hypoponera,1,data/images/Hypoponera/casent0102275_p.jpg,commons,train
865115213,CAS:ANTWEB:casent0102309,casent0102309,casent0102309,p,1312361,Camponotus,formicinae,Camponotus cervicalis,"Camponotus cervicalis Roger, 1863",,SPECIES,,worker,Paralectotype,Toamasina,[Ste. Marie Is.]; Lonkintsy; Nosy-Boraha (St. Marie),-16.903694,49.91124,24.0,1917-07-01,S. Gebert,,https://www.antweb.org/images/casent0102309/casent0102309_p_1_high.jpg,casent0102309 profile view 1,April Nobile,Attribution-ShareAlike (BY-SA) Creative Commons License and GNU Free Documentation License (GFDL),"California Academy of Sciences, 2000-2007",GEODETIC_DATUM_ASSUMED_WGS84;CONTINENT_DERIVED_FROM_COORDINATES;COLLECTION_MATCH_NONE;INSTITUTION_MATCH_FUZZY,Camponotus,1,data/images/Camponotus/casent0102309_p.jpg,commons,train
865115237,CAS:ANTWEB:casent0102310,casent0102310,casent0102310,p,1312361,Camponotus,formicinae,Camponotus cervicalis,"Camponotus cervicalis Roger, 1863",,SPECIES,,worker,Lectotype,Toamasina,[Ste. Marie Is.]; Lonkintsy; Nosy-Boraha (St. Marie),-16.903694,49.91124,24.0,1917-07-01,S. Gebert,,https://www.antweb.org/images/casent0102310/casent0102310_p_1_high.jpg,casent0102310 profile view 1,April Nobile,Attribution-ShareAlike (BY-SA) Creative Commons License and GNU Free Documentation License (GFDL),"California Academy of Sciences, 2000-2008",GEODETIC_DATUM_ASSUMED_WGS84;CONTINENT_DERIVED_FROM_COORDINATES;COLLECTION_MATCH_NONE;INSTITUTION_MATCH_FUZZY,Camponotus,1,data/images/Camponotus/casent0102310_p.jpg,commons,test
865115257,CAS:ANTWEB:casent0102311,casent0102311,casent0102311,p,1312361,Camponotus,formicinae,Camponotus cervicalis,"Camponotus cervicalis Roger, 1863",,SPECIES,,worker,Paralectotype,Toamasina,[Ste. Marie Is.]; Lonkintsy; Nosy-Boraha (St. Marie),-16.903694,49.91124,24.0,1917-07-01,S. Gebert,,https://www.antweb.org/images/casent0102311/casent0102311_p_1_high.jpg,casent0102311 profile view 1,April Nobile,Attribution-ShareAlike (BY-SA) Creative Commons License and GNU Free Documentation License (GFDL),"California Academy of Sciences, 2000-2008",GEODETIC_DATUM_ASSUMED_WGS84;CONTINENT_DERIVED_FROM_COORDINATES;COLLECTION_MATCH_NONE;INSTITUTION_MATCH_FUZZY,Camponotus,1,data/images/Camponotus/casent0102311_p.jpg,commons,train
865115822,CAS:ANTWEB:casent0102334,casent0102334,casent0102334,p,1323128,Tetramorium,myrmicinae,Tetramorium anodontion,"Tetramorium anodontion Bolton, 1979",,SPECIES,,worker,,,,,,,1969-03-24,W.L. Brown,Barry Bolton,https://www.antweb.org/images/casent0102334/casent0102334_p_1_high.jpg,casent0102334 profile view 1,April Nobile,Attribution-ShareAlike (BY-SA) Creative Commons License and GNU Free Documentation License (GFDL),"California Academy of Sciences, 2000-2007",CONTINENT_DERIVED_FROM_COUNTRY;COLLECTION_MATCH_NONE;INSTITUTION_MATCH_FUZZY,Tetramorium,1,data/images/Tetramorium/casent0102334_p.jpg,commons,train
865115833,CAS:ANTWEB:casent0102335,casent0102335,casent0102335,p,1323128,Tetramorium,myrmicinae,Tetramorium anodontion,"Tetramorium anodontion Bolton, 1979",,SPECIES,,worker,,,,,,,1969-03-24,W.L. Brown,Barry Bolton,https://www.antweb.org/images/casent0102335/casent0102335_p_1_high.jpg,casent0102335 profile view 1,April Nobile,Attribution-ShareAlike (BY-SA) Creative Commons License and GNU Free Documentation License (GFDL),"California Academy of Sciences, 2000-2007",CONTINENT_DERIVED_FROM_COUNTRY;COLLECTION_MATCH_NONE;INSTITUTION_MATCH_FUZZY,Tetramorium,1,data/images/Tetramorium/casent0102335_p.jpg,commons,train
865115861,CAS:ANTWEB:casent0102336,casent0102336,casent0102336,p,1323128,Tetramorium,myrmicinae,Tetramorium scytalum,"Tetramorium scytalum Bolton, 1979",,SPECIES,,worker,,Toliara,Bekonazy to 5 km S. forest w. baobabs (n. of Morondava); Morondava,-20.283333,44.316666,6.0,1969-03-27,W.L. Brown,Barry Bolton,https://www.antweb.org/images/casent0102336/casent0102336_p_1_high.jpg,casent0102336 profile view 1,April Nobile,Attribution-ShareAlike (BY-SA) Creative Commons License and GNU Free Documentation License (GFDL),"California Academy of Sciences, 2000-2007",GEODETIC_DATUM_ASSUMED_WGS84;CONTINENT_DERIVED_FROM_COORDINATES;COLLECTION_MATCH_NONE;INSTITUTION_MATCH_FUZZY,Tetramorium,1,data/images/Tetramorium/casent0102336_p.jpg,commons,train
865115890,CAS:ANTWEB:casent0102337,casent0102337,casent0102337,p,1323128,Tetramorium,myrmicinae,Tetramorium scytalum,"Tetramorium scytalum Bolton, 1979",,SPECIES,,worker,,Toliara,Bekonazy to 5 km S. forest w. baobabs (n. of Morondava); Morondava,-20.283333,44.316666,6.0,1969-03-27,W.L. Brown,Barry Bolton,https://www.antweb.org/images/casent0102337/casent0102337_p_1_high.jpg,casent0102337 profile view 1,April Nobile,Attribution-ShareAlike (BY-SA) Creative Commons License and GNU Free Documentation License (GFDL),"California Academy of Sciences, 2000-2007",GEODETIC_DATUM_ASSUMED_WGS84;CONTINENT_DERIVED_FROM_COORDINATES;COLLECTION_MATCH_NONE;INSTITUTION_MATCH_FUZZY,Tetramorium,1,data/images/Tetramorium/casent0102337_p.jpg,commons,train
865115914,CAS:ANTWEB:casent0102338,casent0102338,casent0102338,p,1323128,Tetramorium,myrmicinae,Tetramorium tantillum,"Tetramorium tantillum Bolton, 1979",,SPECIES,,worker,,Toamasina,Mangabé Isl. Antongil Bay; Anjanazana; Maroansetra,-15.491667,49.766666,241.0,1977-02-19,W.L. Brown|D.E. Brown,Barry Bolton,https://www.antweb.org/images/casent0102338/casent0102338_p_1_high.jpg,casent0102338 profile view 1,April Nobile,Attribution-ShareAlike (BY-SA) Creative Commons License and GNU Free Documentation License (GFDL),"California Academy of Sciences, 2000-2007",GEODETIC_DATUM_ASSUMED_WGS84;CONTINENT_DERIVED_FROM_COORDINATES;COLLECTION_MATCH_NONE;INSTITUTION_MATCH_FUZZY,Tetramorium,1,data/images/Tetramorium/casent0102338_p.jpg,commons,train
865115934,CAS:ANTWEB:casent0102339,casent0102339,casent0102339,p,1323128,Tetramorium,myrmicinae,Tetramorium kelleri,"Tetramorium kelleri Forel, 1887",,SPECIES,,worker,,Toamasina,[Ivondro pr. Tamatavé]; Antenina; Toamasina Rural,-18.23333,49.36667,14.0,,,Barry Bolton,https://www.antweb.org/images/casent0102339/casent0102339_p_1_high.jpg,casent0102339 profile view 1,April Nobile,Attribution-ShareAlike (BY-SA) Creative Commons License and GNU Free Documentation License (GFDL),"California Academy of Sciences, 2000-2007",GEODETIC_DATUM_ASSUMED_WGS84;CONTINENT_DERIVED_FROM_COORDINATES;COLLECTION_MATCH_NONE;INSTITUTION_MATCH_FUZZY,Tetramorium,1,data/images/Tetramorium/casent0102339_p.jpg,commons,train
865115954,CAS:ANTWEB:casent0102340,casent0102340,casent0102340,p,1323128,Tetramorium,myrmicinae,Tetramorium latreillei,"Tetramorium latreillei Forel, 1895",,SPECIES,,worker,,Toamasina,[est Imerina]; Moramanga,-18.933332,48.2,902.0,,Sikora,Barry Bolton,https://www.antweb.org/images/casent0102340/casent0102340_p_1_high.jpg,casent0102340 profile view 1,April Nobile,Attribution-ShareAlike (BY-SA) Creative Commons License and GNU Free Documentation License (GFDL),"California Academy of Sciences, 2000-2007",GEODETIC_DATUM_ASSUMED_WGS84;CONTINENT_DERIVED_FROM_COORDINATES;COLLECTION_MATCH_NONE;INSTITUTION_MATCH_FUZZY,Tetramorium,1,data/images/Tetramorium/casent0102340_p.jpg,commons,train
865115975,CAS:ANTWEB:casent0102341,casent0102341,casent0102341,p,1323128,Tetramorium,myrmicinae,Tetramorium proximum,"Tetramorium proximum Bolton, 1979",,SPECIES,,worker,Paratype,Toamasina,Périnet & vic.; Andasibe; Moramanga,-18.9333,48.4167,933.0,1969-03-18,W.L. Brown,Barry Bolton,https://www.antweb.org/images/casent0102341/casent0102341_p_1_high.jpg,casent0102341 profile view 1,April Nobile,Attribution-ShareAlike (BY-SA) Creative Commons License and GNU Free Documentation License (GFDL),"California Academy of Sciences, 2000-2007",GEODETIC_DATUM_ASSUMED_WGS84;CONTINENT_DERIVED_FROM_COORDINATES;COLLECTION_MATCH_NONE;INSTITUTION_MATCH_FUZZY,Tetramorium,1,data/images/Tetramorium/casent0102341_p.jpg,commons,train
865115997,CAS:ANTWEB:casent0102342,casent0102342,casent0102342,p,1323128,Tetramorium,myrmicinae,Tetramorium proximum,"Tetramorium proximum Bolton, 1979",,SPECIES,,worker,Paratype,Toamasina,Périnet & vic.; Andasibe; Moramanga,-18.9333,48.4167,933.0,1969-03-18,W.L. Brown,Barry Bolton,https://www.antweb.org/images/casent0102342/casent0102342_p_1_high.jpg,casent0102342 profile view 1,April Nobile,Attribution-ShareAlike (BY-SA) Creative Commons License and GNU Free Documentation License (GFDL),"California Academy of Sciences, 2000-2007",GEODETIC_DATUM_ASSUMED_WGS84;CONTINENT_DERIVED_FROM_COORDINATES;COLLECTION_MATCH_NONE;INSTITUTION_MATCH_FUZZY,Tetramorium,1,data/images/Tetramorium/casent0102342_p.jpg,commons,train
865116021,CAS:ANTWEB:casent0102343,casent0102343,casent0102343,p,1323128,Tetramorium,myrmicinae,Tetramorium cognatum,"Tetramorium cognatum Bolton, 1979",,SPECIES,,worker,,Toamasina,Périnet & vic.; Andasibe; Moramanga,-18.9333,48.4167,933.0,1969-03-19,W.L. Brown,Barry Bolton,https://www.antweb.org/images/casent0102343/casent0102343_p_1_high.jpg,casent0102343 profile view 1,April Nobile,Attribution-ShareAlike (BY-SA) Creative Commons License and GNU Free Documentation License (GFDL),"California Academy of Sciences, 2000-2007",GEODETIC_DATUM_ASSUMED_WGS84;CONTINENT_DERIVED_FROM_COORDINATES;COLLECTION_MATCH_NONE;INSTITUTION_MATCH_FUZZY,Tetramorium,1,data/images/Tetramorium/casent0102343_p.jpg,commons,test
865116068,CAS:ANTWEB:casent0102345,casent0102345,casent0102345,p,1323128,Tetramorium,myrmicinae,Tetramorium naganum,"Tetramorium naganum Bolton, 1979",,SPECIES,,worker,,Toamasina,La Mandraka; Toamasina Suburbaine; Toamasina Rural,-18.05,49.25,154.0,1977-02-08,W.L. Brown|D.E. Brown,Barry Bolton,https://www.antweb.org/images/casent0102345/casent0102345_p_1_high.jpg,casent0102345 profile view 1,April Nobile,Attribution-ShareAlike (BY-SA) Creative Commons License and GNU Free Documentation License (GFDL),"California Academy of Sciences, 2000-2007",GEODETIC_DATUM_ASSUMED_WGS84;CONTINENT_DERIVED_FROM_COORDINATES;COLLECTION_MATCH_NONE;INSTITUTION_MATCH_FUZZY,Tetramorium,1,data/images/Tetramorium/casent0102345_p.jpg,commons,test
865116092,CAS:ANTWEB:casent0102346,casent0102346,casent0102346,p,1323128,Tetramorium,myrmicinae,Tetramorium naganum,"Tetramorium naganum Bolton, 1979",,SPECIES,,worker,Paratype,Toamasina,La Mandraka; Toamasina Suburbaine; Toamasina Rural,-18.05,49.25,154.0,1977-02-08,W.L. Brown|D.E. Brown,Barry Bolton,https://www.antweb.org/images/casent0102346/casent0102346_p_1_high.jpg,casent0102346 profile view 1,April Nobile,Attribution-ShareAlike (BY-SA) Creative Commons License and GNU Free Documentation License (GFDL),"California Academy of Sciences, 2000-2007",GEODETIC_DATUM_ASSUMED_WGS84;CONTINENT_DERIVED_FROM_COORDINATES;COLLECTION_MATCH_NONE;INSTITUTION_MATCH_FUZZY,Tetramorium,1,data/images/Tetramorium/casent0102346_p.jpg,commons,train
865116116,CAS:ANTWEB:casent0102347,casent0102347,casent0102347,p,1323128,Tetramorium,myrmicinae,Tetramorium bessonii,"Tetramorium bessonii Forel, 1891",,SPECIES,,worker,,Fianarantsoa,[Fianorantsoa]; Antambohobe; Ivohibe,-22.353626,46.825287,772.0,,Dr. Besson,Barry Bolton,https://www.antweb.org/images/casent0102347/casent0102347_p_1_high.jpg,casent0102347 profile view 1,April Nobile,Attribution-ShareAlike (BY-SA) Creative Commons License and GNU Free Documentation License (GFDL),"California Academy of Sciences, 2000-2007",GEODETIC_DATUM_ASSUMED_WGS84;CONTINENT_DERIVED_FROM_COORDINATES;COLLECTION_MATCH_NONE;INSTITUTION_MATCH_FUZZY,Tetramorium,1,data/images/Tetramorium/casent0102347_p.jpg,commons,train
865116142,CAS:ANTWEB:casent0102348,casent0102348,casent0102348,p,1323128,Tetramorium,myrmicinae,Tetramorium dysalum,"Tetramorium dysalum Bolton, 1979",,SPECIES,,worker,,Toamasina,Périnet & vic.; Andasibe; Moramanga,-18.9333,48.4167,933.0,1969-03-17,W.L. Brown,Barry Bolton,https://www.antweb.org/images/casent0102348/casent0102348_p_1_high.jpg,casent0102348 profile view 1,April Nobile,Attribution-ShareAlike (BY-SA) Creative Commons License and GNU Free Documentation License (GFDL),"California Academy of Sciences, 2000-2007",GEODETIC_DATUM_ASSUMED_WGS84;CONTINENT_DERIVED_FROM_COORDINATES;COLLECTION_MATCH_NONE;INSTITUTION_MATCH_FUZZY,Tetramorium,1,data/images/Tetramorium/casent0102348_p.jpg,commons,train
865116164,CAS:ANTWEB:casent0102349,casent0102349,casent0102349,p,1323128,Tetramorium,myrmicinae,Tetramorium dysalum,"Tetramorium dysalum Bolton, 1979",,SPECIES,,worker,,Toamasina,Périnet & vic.; Andasibe; Moramanga,-18.9333,48.4167,933.0,1969-03-17,W.L. Brown,Barry Bolton,https://www.antweb.org/images/casent0102349/casent0102349_p_1_high.jpg,casent0102349 profile view 1,April Nobile,Attribution-ShareAlike (BY-SA) Creative Commons License and GNU Free Documentation License (GFDL),"California Academy of Sciences, 2000-2007",GEODETIC_DATUM_ASSUMED_WGS84;CONTINENT_DERIVED_FROM_COORDINATES;COLLECTION_MATCH_NONE;INSTITUTION_MATCH_FUZZY,Tetramorium,1,data/images/Tetramorium/casent0102349_p.jpg,commons,train
865116188,CAS:ANTWEB:casent0102350,casent0102350,casent0102350,p,1323128,Tetramorium,myrmicinae,Tetramorium electrum,"Tetramorium electrum Bolton, 1979",,SPECIES,,worker,,Toamasina,"Rte.d' Anosibe,Km33; Anosibe An'ala; Anosibe",-19.25,48.21667,989.0,1975-04-04/1975-04-12,A. Peyrieras,Barry Bolton,https://www.antweb.org/images/casent0102350/casent0102350_p_1_high.jpg,casent0102350 profile view 1,April Nobile,Attribution-ShareAlike (BY-SA) Creative Commons License and GNU Free Documentation License (GFDL),"California Academy of Sciences, 2000-2007",GEODETIC_DATUM_ASSUMED_WGS84;CONTINENT_DERIVED_FROM_COORDINATES;COLLECTION_MATCH_NONE;INSTITUTION_MATCH_FUZZY,Tetramorium,1,data/images/Tetramorium/casent0102350_p.jpg,commons,train
865115091,CAS:ANTWEB:casent0102352,casent0102352,casent0102352,p,1323128,Tetramorium,myrmicinae,Tetramorium coillum,"Tetramorium coillum Bolton, 1979",,SPECIES,,worker,,Mahajanga,"Bemanevika, Souspref. de Bealanana; Antananivo haut; Bealanana",-14.36666,48.58558,1563.0,1975-10-20,A. Peyrieras,Barry Bolton,https://www.antweb.org/images/casent0102352/casent0102352_p_1_high.jpg,casent0102352 profile view 1,April Nobile,Attribution-ShareAlike (BY-SA) Creative Commons License and GNU Free Documentation License (GFDL),"California Academy of Sciences, 2000-2010",GEODETIC_DATUM_ASSUMED_WGS84;CONTINENT_DERIVED_FROM_COORDINATES;COLLECTION_MATCH_NONE;INSTITUTION_MATCH_FUZZY,Tetramorium,1,data/images/Tetramorium/casent0102352_p.jpg,commons,train
865115109,CAS:ANTWEB:casent0102353,casent0102353,casent0102353,p,1323128,Tetramorium,myrmicinae,Tetramorium quasirum,"Tetramorium quasirum Bolton, 1979",,SPECIES,,worker,,Antananarivo,Bongolava Pref. Tsiroanomandidy; Maroharona; Tsiroanomandidy,-19.22663,46.251293,791.0,1974-12-06/1974-12-11,A. Peyrieras,Barry Bolton,https://www.antweb.org/images/casent0102353/casent0102353_p_1_high.jpg,casent0102353 profile view 1,April Nobile,Attribution-ShareAlike (BY-SA) Creative Commons License and GNU Free Documentation License (GFDL),"California Academy of Sciences, 2000-2007",GEODETIC_DATUM_ASSUMED_WGS84;CONTINENT_DERIVED_FROM_COORDINATES;COLLECTION_MATCH_NONE;INSTITUTION_MATCH_FUZZY,Tetramorium,1,data/images/Tetramorium/casent0102353_p.jpg,commons,train
865115122,CAS:ANTWEB:casent0102354,casent0102354,casent0102354,p,1323128,Tetramorium,myrmicinae,Tetramorium quasirum,"Tetramorium quasirum Bolton, 1979",,SPECIES,,worker,,Antananarivo,Bongolava Pref. Tsiroanomandidy; Maroharona; Tsiroanomandidy,-19.22663,46.251293,791.0,1974-12-06/1974-12-11,A. Peyrieras,Barry Bolton,https://www.antweb.org/images/casent0102354/casent0102354_p_1_high.jpg,casent0102354 profile view 1,April Nobile,Attribution-ShareAlike (BY-SA) Creative Commons License and GNU Free Documentation License (GFDL),"California Academy of Sciences, 2000-2007",GEODETIC_DATUM_ASSUMED_WGS84;CONTINENT_DERIVED_FROM_COORDINATES;COLLECTION_MATCH_NONE;INSTITUTION_MATCH_FUZZY,Tetramorium,1,data/images/Tetramorium/casent0102354_p.jpg,commons,train
865115142,CAS:ANTWEB:casent0102355,casent0102355,casent0102355,p,1323128,Tetramorium,myrmicinae,Tetramorium zenatum,"Tetramorium zenatum Bolton, 1979",,SPECIES,,worker,,Mahajanga,Causse de Kelifely; Antanimbaribe; Kandreho,-17.202393,45.89134,465.0,1974-11-20/1974-11-30,A. Peyrieras,Barry Bolton,https://www.antweb.org/images/casent0102355/casent0102355_p_1_high.jpg,casent0102355 profile view 1,April Nobile,Attribution-ShareAlike (BY-SA) Creative Commons License and GNU Free Documentation License (GFDL),"California Academy of Sciences, 2000-2007",GEODETIC_DATUM_ASSUMED_WGS84;CONTINENT_DERIVED_FROM_COORDINATES;COLLECTION_MATCH_NONE;INSTITUTION_MATCH_FUZZY,Tetramorium,1,data/images/Tetramorium/casent0102355_p.jpg,commons,train
865115851,CAS:ANTWEB:casent0102385,casent0102385,casent0102385,p,1323128,Tetramorium,myrmicinae,Tetramorium sericeiventre,"Tetramorium sericeiventre Emery, 1877",,SPECIES,,worker,,Mahajanga,Station Forestière Ampijoroa,-16.31667,46.81667,80.0,1990-11-22,P.S. Ward,,https://www.antweb.org/images/casent0102385/casent0102385_p_1_high.jpg,casent0102385 profile view 1,April Nobile,Attribution-ShareAlike (BY-SA) Creative Commons License and GNU Free Documentation License (GFDL),"California Academy of Sciences, 2000-2007",GEODETIC_DATUM_ASSUMED_WGS84;CONTINENT_DERIVED_FROM_COORDINATES;COLLECTION_MATCH_NONE;INSTITUTION_MATCH_FUZZY,Tetramorium,1,data/images/Tetramorium/casent0102385_p.jpg,commons,train
865115896,CAS:ANTWEB:casent0102387,casent0102387,casent0102387,p,1323128,Tetramorium,myrmicinae,Tetramorium sericeiventre,"Tetramorium sericeiventre Emery, 1877",,SPECIES,,worker,,Toliara,Berenty Res.,-24.98333,46.3,30.0,1989-08-19,D.M. Olson,,https://www.antweb.org/images/casent0102387/casent0102387_p_1_high.jpg,casent0102387 profile view 1,April Nobile,Attribution-ShareAlike (BY-SA) Creative Commons License and GNU Free Documentation License (GFDL),"California Academy of Sciences, 2000-2007",GEODETIC_DATUM_ASSUMED_WGS84;CONTINENT_DERIVED_FROM_COORDINATES;COLLECTION_MATCH_NONE;INSTITUTION_MATCH_FUZZY,Tetramorium,1,data/images/Tetramorium/casent0102387_p.jpg,commons,train
865115920,CAS:ANTWEB:casent0102388,casent0102388,casent0102388,p,1323128,Tetramorium,myrmicinae,Tetramorium sericeiventre,"Tetramorium sericeiventre Emery, 1877",,SPECIES,,worker,,Antsiranana,17km SW Anivorano Ava,-12.85,49.11667,150.0,1990-11-30,P.S. Ward,,https://www.antweb.org/images/casent0102388/casent0102388_p_1_high.jpg,casent0102388 profile view 1,April Nobile,Attribution-ShareAlike (BY-SA) Creative Commons License and GNU Free Documentation License (GFDL),"California Academy of Sciences, 2000-2008",GEODETIC_DATUM_ASSUMED_WGS84;CONTINENT_DERIVED_FROM_COORDINATES;COLLECTION_MATCH_NONE;INSTITUTION_MATCH_FUZZY,Tetramorium,1,data/images/Tetramorium/casent0102388_p.jpg,commons,test
865116017,CAS:ANTWEB:casent0102392,casent0102392,casent0102392,p,1323128,Tetramorium,myrmicinae,Tetramorium ranarum,"Tetramorium ranarum Forel, 1895",,SPECIES,,worker,,Toamasina,Périnet & vic.; Andasibe; Moramanga,-18.9333,48.4167,933.0,1969-03-17,W.L. Brown,Barry Bolton,https://www.antweb.org/images/casent0102392/casent0102392_p_1_high.jpg,casent0102392 profile view 1,April Nobile,Attribution-ShareAlike (BY-SA) Creative Commons License and GNU Free Documentation License (GFDL),"California Academy of Sciences, 2000-2008",GEODETIC_DATUM_ASSUMED_WGS84;CONTINENT_DERIVED_FROM_COORDINATES;COLLECTION_MATCH_NONE;INSTITUTION_MATCH_FUZZY,Tetramorium,1,data/images/Tetramorium/casent0102392_p.jpg,commons,test
865116039,CAS:ANTWEB:casent0102393,casent0102393,casent0102393,p,1323128,Tetramorium,myrmicinae,Tetramorium steinheili,"Tetramorium steinheili Forel, 1892",,SPECIES,,worker,,Mahajanga,"Bemanevika, Souspref. de Bealanana; Antananivo haut; Bealanana",-14.36666,48.58558,1563.0,1975-10-20,A. Peyrieras,Barry Bolton,https://www.antweb.org/images/casent0102393/casent0102393_p_1_high.jpg,casent0102393 profile view 1,April Nobile,Attribution-ShareAlike (BY-SA) Creative Commons License and GNU Free Documentation License (GFDL),"California Academy of Sciences, 2000-2008",GEODETIC_DATUM_ASSUMED_WGS84;CONTINENT_DERIVED_FROM_COORDINATES;COLLECTION_MATCH_NONE;INSTITUTION_MATCH_FUZZY,Tetramorium,1,data/images/Tetramorium/casent0102393_p.jpg,commons,train
865116060,CAS:ANTWEB:casent0102394,casent0102394,casent0102394,p,1323128,Tetramorium,myrmicinae,Tetramorium steinheili,"Tetramorium steinheili Forel, 1892",,SPECIES,,worker,,Fianarantsoa,28km SSW Ambositra,-20.76667,47.18333,1660.0,1989-04-29,P.S. Ward,,https://www.antweb.org/images/casent0102394/casent0102394_p_1_high.jpg,casent0102394 profile view 1,April Nobile,Attribution-ShareAlike (BY-SA) Creative Commons License and GNU Free Documentation License (GFDL),"California Academy of Sciences, 2000-2008",GEODETIC_DATUM_ASSUMED_WGS84;CONTINENT_DERIVED_FROM_COORDINATES;COLLECTION_MATCH_NONE;INSTITUTION_MATCH_FUZZY,Tetramorium,1,data/images/Tetramorium/casent0102394_p.jpg,commons,train
865116085,CAS:ANTWEB:casent0102395,casent0102395,casent0102395,p,1323128,Tetramorium,myrmicinae,Tetramorium andrei,"Tetramorium andrei Forel, 1892",,SPECIES,,worker,,Toamasina,6km ESE Andasibe(-Périnet),-18.95,48.46667,900.0,1990-11-17,P.S. Ward,F. Hita Garcia,https://www.antweb.org/images/casent0102395/casent0102395_p_1_high.jpg,casent0102395 profile view 1,April Nobile,Attribution-ShareAlike (BY-SA) Creative Commons License and GNU Free Documentation License (GFDL),"California Academy of Sciences, 2000-2008",GEODETIC_DATUM_ASSUMED_WGS84;CONTINENT_DERIVED_FROM_COORDINATES;COLLECTION_MATCH_NONE;INSTITUTION_MATCH_FUZZY,Tetramorium,1,data/images/Tetramorium/casent0102395_p.jpg,commons,train
865116150,CAS:ANTWEB:casent0102398,casent0102398,casent0102398,p,1323128,Tetramorium,myrmicinae,Tetramorium marginatum,"Tetramorium marginatum Forel, 1895",,SPECIES,,worker,,Toamasina,Beforona; Moramanga,-18.967354,48.578213,520.0,1974-09-01,A. Peyrieras,Barry Bolton,https://www.antweb.org/images/casent0102398/casent0102398_p_1_high.jpg,casent0102398 profile view 1,April Nobile,Attribution-ShareAlike (BY-SA) Creative Commons License and GNU Free Documentation License (GFDL),"California Academy of Sciences, 2000-2008",GEODETIC_DATUM_ASSUMED_WGS84;CONTINENT_DERIVED_FROM_COORDINATES;COLLECTION_MATCH_NONE;INSTITUTION_MATCH_FUZZY,Tetramorium,1,data/images/Tetramorium/casent0102398_p.jpg,commons,train
865116172,CAS:ANTWEB:casent0102399,casent0102399,casent0102399,p,1323128,Tetramorium,myrmicinae,Tetramorium pleganon,"Tetramorium pleganon Bolton, 1979",,SPECIES,,worker,,Antsiranana,84km SW Sambava on road to Andapa; Andrakata; Andapa,-14.5773,49.7394,169.0,1977-02-17,W.L. Brown|D.E. Brown,Barry Bolton,https://www.antweb.org/images/casent0102399/casent0102399_p_1_high.jpg,casent0102399 profile view 1,April Nobile,Attribution-ShareAlike (BY-SA) Creative Commons License and GNU Free Documentation License (GFDL),"California Academy of Sciences, 2000-2008",GEODETIC_DATUM_ASSUMED_WGS84;CONTINENT_DERIVED_FROM_COORDINATES;COLLECTION_MATCH_NONE;INSTITUTION_MATCH_FUZZY,Tetramorium,1,data/images/Tetramorium/casent0102399_p.jpg,commons,train
865116189,CAS:ANTWEB:casent0102400,casent0102400,casent0102400,p,1323128,Tetramorium,myrmicinae,Tetramorium xanthogaster,"Tetramorium xanthogaster Santschi, 1911",,SPECIES,,worker,,Toamasina,Perinet; Andasibe; Moramanga,-18.92633,48.41667,919.0,1983-04-27/1983-05-03,J.S. Noyes|M.C. Day,,https://www.antweb.org/images/casent0102400/casent0102400_p_1_high.jpg,casent0102400 profile view 1,April Nobile,Attribution-ShareAlike (BY-SA) Creative Commons License and GNU Free Documentation License (GFDL),"California Academy of Sciences, 2000-2008",GEODETIC_DATUM_ASSUMED_WGS84;CONTINENT_DERIVED_FROM_COORDINATES;COLLECTION_MATCH_NONE;INSTITUTION_MATCH_FUZZY,Tetramorium,1,data/images/Tetramorium/casent0102400_p.jpg,commons,train
865116210,CAS:ANTWEB:casent0102401,casent0102401,casent0102401,p,1323128,Tetramorium,myrmicinae,Tetramorium merina,"Tetramorium merina Hita Garcia & Fisher, 2014",,SPECIES,,worker,,Antananarivo,[Madagascar]; Ambatomanjaka; Miarinarivo,-18.76695,46.86911,1343.0,,Sikora,F. Hita Garcia,https://www.antweb.org/images/casent0102401/casent0102401_p_1_high.jpg,casent0102401 profile view 1,April Nobile,Attribution-ShareAlike (BY-SA) Creative Commons License and GNU Free Documentation License (GFDL),"California Academy of Sciences, 2000-2008",GEODETIC_DATUM_ASSUMED_WGS84;CONTINENT_DERIVED_FROM_COORDINATES;COLLECTION_MATCH_NONE;INSTITUTION_MATCH_FUZZY,Tetramorium,1,data/images/Tetramorium/casent0102401_p.jpg,commons,train
865115089,CAS:ANTWEB:casent0102402,casent0102402,casent0102402,p,1323128,Tetramorium,myrmicinae,Tetramorium sikorae,"Tetramorium sikorae Forel, 1892",,SPECIES,,worker,,,,,,,1977-02-01,W.L. Brown|D.E. Brown,Barry Bolton,https://www.antweb.org/images/casent0102402/casent0102402_p_1_high.jpg,casent0102402 profile view 1,April Nobile,Attribution-ShareAlike (BY-SA) Creative Commons License and GNU Free Documentation License (GFDL),"California Academy of Sciences, 2000-2008",CONTINENT_DERIVED_FROM_COUNTRY;COLLECTION_MATCH_NONE;INSTITUTION_MATCH_FUZZY,Tetramorium,1,data/images/Tetramorium/casent0102402_p.jpg,commons,train
865115101,CAS:ANTWEB:casent0102403,casent0102403,casent0102403,p,1323128,Tetramorium,myrmicinae,,"Tetramorium Mayr, 1855",,GENUS,,worker,,Toamasina,Andasibe; Moramanga,-18.82667,48.44778,1123.0,1969-03-17,W.L. Brown,F. Hita Garcia,https://www.antweb.org/images/casent0102403/casent0102403_p_1_high.jpg,casent0102403 profile view 1,April Nobile,Attribution-ShareAlike (BY-SA) Creative Commons License and GNU Free Documentation License (GFDL),"California Academy of Sciences, 2000-2008",GEODETIC_DATUM_ASSUMED_WGS84;CONTINENT_DERIVED_FROM_COORDINATES;TAXON_MATCH_HIGHERRANK;COLLECTION_MATCH_NONE;INSTITUTION_MATCH_FUZZY,Tetramorium,1,data/images/Tetramorium/casent0102403_p.jpg,commons,train
865115124,CAS:ANTWEB:casent0102404,casent0102404,casent0102404,p,1323128,Tetramorium,myrmicinae,Tetramorium bicarinatum,"Tetramorium bicarinatum (Nylander, 1846)",,SPECIES,,worker,,Toamasina,Périnet & vic.; Andasibe; Moramanga,-18.9333,48.4167,933.0,1969-03-18,W.L. Brown,,https://www.antweb.org/images/casent0102404/casent0102404_p_1_high.jpg,casent0102404 profile view 1,April Nobile,Attribution-ShareAlike (BY-SA) Creative Commons License and GNU Free Documentation License (GFDL),"California Academy of Sciences, 2000-2008",GEODETIC_DATUM_ASSUMED_WGS84;CONTINENT_DERIVED_FROM_COORDINATES;COLLECTION_MATCH_NONE;INSTITUTION_MATCH_FUZZY,Tetramorium,1,data/images/Tetramorium/casent0102404_p.jpg,commons,test
865115179,CAS:ANTWEB:casent0102407,casent0102407,casent0102407,p,4673663,Bothroponera,ponerinae,Bothroponera cambouei,"Bothroponera cambouei Forel, 1891",,SPECIES,,worker,,Toamasina,Perinet; Andasibe; Moramanga,-18.92633,48.41667,919.0,1983-04-27/1983-05-03,J.S. Noyes|M.C. Day,,https://www.antweb.org/images/casent0102407/casent0102407_p_1_high.jpg,casent0102407 profile view 1,April Nobile,Attribution-ShareAlike (BY-SA) Creative Commons License and GNU Free Documentation License (GFDL),"California Academy of Sciences, 2000-2008",GEODETIC_DATUM_ASSUMED_WGS84;CONTINENT_DERIVED_FROM_COORDINATES;COLLECTION_MATCH_NONE;INSTITUTION_MATCH_FUZZY,Bothroponera,1,data/images/Bothroponera/casent0102407_p.jpg,commons,train
865115206,CAS:ANTWEB:casent0102408,casent0102408,casent0102408,p,4673663,Bothroponera,ponerinae,Bothroponera comorensis,"Bothroponera comorensis Forel, 1887",,SPECIES,,worker,,Antsiranana,"NE., 80km N. Ambilobe; Andranofanjava; Antsiranana Rural",-12.4624,49.05066,255.0,1981-09-14,J.M. WIlson,W.L. Brown,https://www.antweb.org/images/casent0102408/casent0102408_p_1_high.jpg,casent0102408 profile view 1,April Nobile,Attribution-ShareAlike (BY-SA) Creative Commons License and GNU Free Documentation License (GFDL),"California Academy of Sciences, 2000-2008",GEODETIC_DATUM_ASSUMED_WGS84;CONTINENT_DERIVED_FROM_COORDINATES;COLLECTION_MATCH_NONE;INSTITUTION_MATCH_FUZZY,Bothroponera,1,data/images/Bothroponera/casent0102408_p.jpg,commons,train
865115223,CAS:ANTWEB:casent0102409,casent0102409,casent0102409,p,4673663,Bothroponera,ponerinae,Bothroponera wasmannii,Bothroponera wasmannii Mayr,,SPECIES,,worker,,Fianarantsoa,"9km NNW Ranohira, P.N. Isalo",-22.483334,45.38333,800.0,1993-02-16,P.S. Ward,,https://www.antweb.org/images/casent0102409/casent0102409_p_1_high.jpg,casent0102409 profile view 1,April Nobile,Attribution-ShareAlike (BY-SA) Creative Commons License and GNU Free Documentation License (GFDL),"California Academy of Sciences, 2000-2008",GEODETIC_DATUM_ASSUMED_WGS84;CONTINENT_DERIVED_FROM_COORDINATES;COLLECTION_MATCH_NONE;INSTITUTION_MATCH_FUZZY,Bothroponera,1,data/images/Bothroponera/casent0102409_p.jpg,commons,train
865115253,CAS:ANTWEB:casent0102410,casent0102410,casent0102410,p,4673663,Bothroponera,ponerinae,Bothroponera cambouei,"Bothroponera cambouei Forel, 1891",,SPECIES,,worker,,Toamasina,Amparihibe (SB),-15.0353,49.5839,846.0,2003-02-01/2003-03-01,K.A. Jackson|D. Carpenter,,https://www.antweb.org/images/casent0102410/casent0102410_p_1_high.jpg,casent0102410 profile view 1,April Nobile,Attribution-ShareAlike (BY-SA) Creative Commons License and GNU Free Documentation License (GFDL),"California Academy of Sciences, 2000-2008",GEODETIC_DATUM_ASSUMED_WGS84;CONTINENT_DERIVED_FROM_COORDINATES;COLLECTION_MATCH_NONE;INSTITUTION_MATCH_FUZZY,Bothroponera,1,data/images/Bothroponera/casent0102410_p.jpg,commons,train
865115277,CAS:ANTWEB:casent0102411,casent0102411,casent0102411,p,4673663,Bothroponera,ponerinae,Bothroponera cambouei,"Bothroponera cambouei Forel, 1891",,SPECIES,,worker,,Toamasina,Amparihibe (SB),-15.0353,49.5839,846.0,2003-02-01/2003-03-01,K.A. Jackson|D. Carpenter,,https://www.antweb.org/images/casent0102411/casent0102411_p_1_high.jpg,casent0102411 profile view 1,April Nobile,Attribution-ShareAlike (BY-SA) Creative Commons License and GNU Free Documentation License (GFDL),"California Academy of Sciences, 2000-2008",GEODETIC_DATUM_ASSUMED_WGS84;CONTINENT_DERIVED_FROM_COORDINATES;COLLECTION_MATCH_NONE;INSTITUTION_MATCH_FUZZY,Bothroponera,1,data/images/Bothroponera/casent0102411_p.jpg,commons,train
865115300,CAS:ANTWEB:casent0102412,casent0102412,casent0102412,p,1321215,Leptogenys,ponerinae,Leptogenys truncatirostris,"Leptogenys truncatirostris Forel, 1897",,SPECIES,,worker,,Toliara,"Tulear, Berenty 12km N.W. Amboasary; Imanombo; Ambovombe-Androy",-24.25189,45.86089,381.0,1983-05-05/1983-05-15,J.S. Noyes|M.C. Day,,https://www.antweb.org/images/casent0102412/casent0102412_p_1_high.jpg,casent0102412 profile view 1,April Nobile,Attribution-ShareAlike (BY-SA) Creative Commons License and GNU Free Documentation License (GFDL),"California Academy of Sciences, 2000-2008",GEODETIC_DATUM_ASSUMED_WGS84;CONTINENT_DERIVED_FROM_COORDINATES;COLLECTION_MATCH_NONE;INSTITUTION_MATCH_FUZZY,Leptogenys,1,data/images/Leptogenys/casent0102412_p.jpg,commons,test
865115326,CAS:ANTWEB:casent0102413,casent0102413,casent0102413,p,1321215,Leptogenys,ponerinae,Leptogenys coerulescens,"Leptogenys coerulescens Emery, 1895",,SPECIES,,worker,,Antsiranana,ParcNat.Mont. d' Ambre; Mosorolava; Antsiranana Rural,-12.61667,49.15,1113.0,1977-02-12,W.L. Brown|D.E. Brown,,https://www.antweb.org/images/casent0102413/casent0102413_p_1_high.jpg,casent0102413 profile view 1,April Nobile,Attribution-ShareAlike (BY-SA) Creative Commons License and GNU Free Documentation License (GFDL),"California Academy of Sciences, 2000-2008",GEODETIC_DATUM_ASSUMED_WGS84;CONTINENT_DERIVED_FROM_COORDINATES;COLLECTION_MATCH_NONE;INSTITUTION_MATCH_FUZZY,Leptogenys,1,data/images/Leptogenys/casent0102413_p.jpg,commons,test
865115353,CAS:ANTWEB:casent0102414,casent0102414,casent0102414,p,1321215,Leptogenys,ponerinae,,"Leptogenys Roger, 1861",,GENUS,,worker,,Toamasina,[Perinet Mange]; Andasibe; Moramanga,-18.92759,48.41435,930.0,,,Jean Claude Rakotonirina,https://www.antweb.org/images/casent0102414/casent0102414_p_1_high.jpg,casent0102414 profile view 1,April Nobile,Attribution-ShareAlike (BY-SA) Creative Commons License and GNU Free Documentation License (GFDL),"California Academy of Sciences, 2000-2008",GEODETIC_DATUM_ASSUMED_WGS84;CONTINENT_DERIVED_FROM_COORDINATES;COLLECTION_MATCH_NONE;INSTITUTION_MATCH_FUZZY,Leptogenys,1,data/images/Leptogenys/casent0102414_p.jpg,commons,train
865115374,CAS:ANTWEB:casent0102415,casent0102415,casent0102415,p,1312361,Camponotus,formicinae,Camponotus putatus,"Camponotus putatus Forel, 1892",,SPECIES,,worker,,Toamasina,[Nosibé Village de l'Imerina]; Anosibe An'ala; Anosibe,-19.433332,48.216667,660.0,,Sikora,,https://www.antweb.org/images/casent0102415/casent0102415_p_1_high.jpg,casent0102415 profile view 1,April Nobile,Attribution-ShareAlike (BY-SA) Creative Commons License and GNU Free Documentation License (GFDL),"California Academy of Sciences, 2000-2007",GEODETIC_DATUM_ASSUMED_WGS84;CONTINENT_DERIVED_FROM_COORDINATES;COLLECTION_MATCH_NONE;INSTITUTION_MATCH_FUZZY,Camponotus,1,data/images/Camponotus/casent0102415_p.jpg,commons,train
865115404,CAS:ANTWEB:casent0102416,casent0102416,casent0102416,p,1312361,Camponotus,formicinae,Camponotus putatus,"Camponotus putatus Forel, 1892",,SPECIES,,worker,,Toamasina,[Nosibé Village de l'Imerina]; Anosibe An'ala; Anosibe,-19.433332,48.216667,660.0,,Sikora,,https://www.antweb.org/images/casent0102416/casent0102416_p_1_high.jpg,casent0102416 profile view 1,April Nobile,Attribution-ShareAlike (BY-SA) Creative Commons License and GNU Free Documentation License (GFDL),"California Academy of Sciences, 2000-2007",GEODETIC_DATUM_ASSUMED_WGS84;CONTINENT_DERIVED_FROM_COORDINATES;COLLECTION_MATCH_NONE;INSTITUTION_MATCH_FUZZY,Camponotus,1,data/images/Camponotus/casent0102416_p.jpg,commons,train
865115425,CAS:ANTWEB:casent0102417,casent0102417,casent0102417,p,1312361,Camponotus,formicinae,Camponotus putatus,"Camponotus putatus Forel, 1892",,SPECIES,,worker,,Antananarivo,[Centr Madag]; Ambatomanjaka; Miarinarivo,-18.76695,46.86911,1343.0,,,,https://www.antweb.org/images/casent0102417/casent0102417_p_1_high.jpg,casent0102417 profile view 1,April Nobile,Attribution-ShareAlike (BY-SA) Creative Commons License and GNU Free Documentation License (GFDL),"California Academy of Sciences, 2000-2007",GEODETIC_DATUM_ASSUMED_WGS84;CONTINENT_DERIVED_FROM_COORDINATES;COLLECTION_MATCH_NONE;INSTITUTION_MATCH_FUZZY,Camponotus,1,data/images/Camponotus/casent0102417_p.jpg,commons,test
865115448,CAS:ANTWEB:casent0102418,casent0102418,casent0102418,p,1312361,Camponotus,formicinae,Camponotus reaumuri,"Camponotus reaumuri Forel, 1892",,SPECIES,,worker,,Toamasina,[Nosibé Village de l'Imerina]; Anosibe An'ala; Anosibe,-19.433332,48.216667,660.0,,Sikora,,https://www.antweb.org/images/casent0102418/casent0102418_p_1_high.jpg,casent0102418 profile view 1,April Nobile,Attribution-ShareAlike (BY-SA) Creative Commons License and GNU Free Documentation License (GFDL),"California Academy of Sciences, 2000-2007",GEODETIC_DATUM_ASSUMED_WGS84;CONTINENT_DERIVED_FROM_COORDINATES;COLLECTION_MATCH_NONE;INSTITUTION_MATCH_FUZZY,Camponotus,1,data/images/Camponotus/casent0102418_p.jpg,commons,test
865115474,CAS:ANTWEB:casent0102419,casent0102419,casent0102419,p,1312361,Camponotus,formicinae,Camponotus reaumuri,"Camponotus reaumuri Forel, 1892",,SPECIES,,worker,,Toamasina,[Nosibé Village de l'Imerina]; Anosibe An'ala; Anosibe,-19.433332,48.216667,660.0,,Sikora,,https://www.antweb.org/images/casent0102419/casent0102419_p_1_high.jpg,casent0102419 profile view 1,April Nobile,Attribution-ShareAlike (BY-SA) Creative Commons License and GNU Free Documentation License (GFDL),"California Academy of Sciences, 2000-2007",GEODETIC_DATUM_ASSUMED_WGS84;CONTINENT_DERIVED_FROM_COORDINATES;COLLECTION_MATCH_NONE;INSTITUTION_MATCH_FUZZY,Camponotus,1,data/images/Camponotus/casent0102419_p.jpg,commons,train
865115499,CAS:ANTWEB:casent0102420,casent0102420,casent0102420,p,1312361,Camponotus,formicinae,Camponotus reaumuri,"Camponotus reaumuri Forel, 1892",,SPECIES,,worker,,Antananarivo,[Andrangoloaca]; Mantasoa; Manjakandriana,-19.033333,47.916668,1409.0,,Sikora,,https://www.antweb.org/images/casent0102420/casent0102420_p_1_high.jpg,casent0102420 profile view 1,April Nobile,Attribution-ShareAlike (BY-SA) Creative Commons License and GNU Free Documentation License (GFDL),"California Academy of Sciences, 2000-2007",GEODETIC_DATUM_ASSUMED_WGS84;CONTINENT_DERIVED_FROM_COORDINATES;COLLECTION_MATCH_NONE;INSTITUTION_MATCH_FUZZY,Camponotus,1,data/images/Camponotus/casent0102420_p.jpg,commons,train
865115523,CAS:ANTWEB:casent0102421,casent0102421,casent0102421,p,1312361,Camponotus,formicinae,Camponotus foersteri,"Camponotus foersteri Forel, 1886",,SPECIES,,worker,Paralectotype,Antananarivo,[Andrangoloaca]; Mantasoa; Manjakandriana,-19.033333,47.916668,1409.0,,Sikora,Jean Claude Rakotonirina,https://www.antweb.org/images/casent0102421/casent0102421_p_1_high.jpg,casent0102421 profile view 1,April Nobile,Attribution-ShareAlike (BY-SA) Creative Commons License and GNU Free Documentation License (GFDL),"California Academy of Sciences, 2000-2007",GEODETIC_DATUM_ASSUMED_WGS84;CONTINENT_DERIVED_FROM_COORDINATES;COLLECTION_MATCH_NONE;INSTITUTION_MATCH_FUZZY,Camponotus,1,data/images/Camponotus/casent0102421_p.jpg,commons,train
865115547,CAS:ANTWEB:casent0102422,casent0102422,casent0102422,p,1312361,Camponotus,formicinae,Camponotus foersteri,"Camponotus foersteri Forel, 1886",,SPECIES,,worker,Lectotype,Antananarivo,[Andrangoloaka]; Mantasoa; Manjakandriana,-19.033333,47.916668,1409.0,,Sikora,Jean Claude Rakotonirina,https://www.antweb.org/images/casent0102422/casent0102422_p_1_high.jpg,casent0102422 profile view 1,April Nobile,Attribution-ShareAlike (BY-SA) Creative Commons License and GNU Free Documentation License (GFDL),"California Academy of Sciences, 2000-2007",GEODETIC_DATUM_ASSUMED_WGS84;CONTINENT_DERIVED_FROM_COORDINATES;COLLECTION_MATCH_NONE;INSTITUTION_MATCH_FUZZY,Camponotus,1,data/images/Camponotus/casent0102422_p.jpg,commons,train
865115573,CAS:ANTWEB:casent0102423,casent0102423,casent0102423,p,1312361,Camponotus,formicinae,Camponotus foersteri,"Camponotus foersteri Forel, 1886",,SPECIES,,worker,Paralectotype,Antananarivo,[Andrangoloaka]; Mantasoa; Manjakandriana,-19.033333,47.916668,1409.0,,Sikora,Jean Claude Rakotonirina,https://www.antweb.org/images/casent0102423/casent0102423_p_1_high.jpg,casent0102423 profile view 1,April Nobile,Attribution-ShareAlike (BY-SA) Creative Commons License and GNU Free Documentation License (GFDL),"California Academy of Sciences, 2000-2007",GEODETIC_DATUM_ASSUMED_WGS84;CONTINENT_DERIVED_FROM_COORDINATES;COLLECTION_MATCH_NONE;INSTITUTION_MATCH_FUZZY,Camponotus,1,data/images/Camponotus/casent0102423_p.jpg,commons,test
865115643,CAS:ANTWEB:casent0102426,casent0102426,casent0102426,p,1312361,Camponotus,formicinae,Camponotus quadrimaculatus,"Camponotus quadrimaculatus Forel, 1886",,SPECIES,,worker,Lectotype,Fianarantsoa,[Fianarantsoa]; 2eme Arrondissement; Fianarantsoa Urban,-21.433332,47.083332,1160.0,,Dr. Besson,,https://www.antweb.org/images/casent0102426/casent0102426_p_1_high.jpg,casent0102426 profile view 1,April Nobile,Attribution-ShareAlike (BY-SA) Creative Commons License and GNU Free Documentation License (GFDL),"California Academy of Sciences, 2000-2007",GEODETIC_DATUM_ASSUMED_WGS84;CONTINENT_DERIVED_FROM_COORDINATES;COLLECTION_MATCH_NONE;INSTITUTION_MATCH_FUZZY,Camponotus,1,data/images/Camponotus/casent0102426_p.jpg,commons,train
865115665,CAS:ANTWEB:casent0102427,casent0102427,casent0102427,p,1312361,Camponotus,formicinae,Camponotus quadrimaculatus,"Camponotus quadrimaculatus Forel, 1886",,SPECIES,,worker,Paralectotype,Fianarantsoa,[Fianarantsoa]; 2eme Arrondissement; Fianarantsoa Urban,-21.433332,47.083332,1160.0,,Dr. Besson,,https://www.antweb.org/images/casent0102427/casent0102427_p_1_high.jpg,casent0102427 profile view 1,April Nobile,Attribution-ShareAlike (BY-SA) Creative Commons License and GNU Free Documentation License (GFDL),"California Academy of Sciences, 2000-2007",GEODETIC_DATUM_ASSUMED_WGS84;CONTINENT_DERIVED_FROM_COORDINATES;COLLECTION_MATCH_NONE;INSTITUTION_MATCH_FUZZY,Camponotus,1,data/images/Camponotus/casent0102427_p.jpg,commons,test
865115799,CAS:ANTWEB:casent0102433,casent0102433,casent0102433,p,1312361,Camponotus,formicinae,Camponotus immaculatus,"Camponotus immaculatus Forel, 1892",,SPECIES,,worker,Paralectotype,Toamasina,[Baie d'Antogil]; Maroantsetra,-15.43333,49.75,12.0,,,N. Rasoamanana,https://www.antweb.org/images/casent0102433/casent0102433_p_1_high.jpg,casent0102433 profile view 1,April Nobile,Attribution-ShareAlike (BY-SA) Creative Commons License and GNU Free Documentation License (GFDL),"California Academy of Sciences, 2000-2026",GEODETIC_DATUM_ASSUMED_WGS84;CONTINENT_DERIVED_FROM_COORDINATES;COLLECTION_MATCH_NONE;INSTITUTION_MATCH_FUZZY,Camponotus,1,data/images/Camponotus/casent0102433_p.jpg,commons,train
865115820,CAS:ANTWEB:casent0102434,casent0102434,casent0102434,p,1312361,Camponotus,formicinae,Camponotus immaculatus,"Camponotus immaculatus Forel, 1892",,SPECIES,,worker,Paralectotype,Toamasina,[Baie d'Antogil]; Maroantsetra,-15.43333,49.75,12.0,,,N. Rasoamanana,https://www.antweb.org/images/casent0102434/casent0102434_p_1_high.jpg,casent0102434 profile view 1,April Nobile,Attribution-ShareAlike (BY-SA) Creative Commons License and GNU Free Documentation License (GFDL),"California Academy of Sciences, 2000-2007",GEODETIC_DATUM_ASSUMED_WGS84;CONTINENT_DERIVED_FROM_COORDINATES;COLLECTION_MATCH_NONE;INSTITUTION_MATCH_FUZZY,Camponotus,1,data/images/Camponotus/casent0102434_p.jpg,commons,train
865115840,CAS:ANTWEB:casent0102435,casent0102435,casent0102435,p,1312361,Camponotus,formicinae,Camponotus quadrimaculatus,"Camponotus quadrimaculatus Forel, 1886",,SPECIES,,worker,Paralectotype,Antsiranana,[Diego Suarez]; Antsahampano; Antsiranana Rural,-12.323135,49.294285,67.0,1893-01-01,Ch Alluaud,N. Rasoamanana,https://www.antweb.org/images/casent0102435/casent0102435_p_1_high.jpg,casent0102435 profile view 1,April Nobile,Attribution-ShareAlike (BY-SA) Creative Commons License and GNU Free Documentation License (GFDL),"California Academy of Sciences, 2000-2007",GEODETIC_DATUM_ASSUMED_WGS84;CONTINENT_DERIVED_FROM_COORDINATES;COLLECTION_MATCH_NONE;INSTITUTION_MATCH_FUZZY,Camponotus,1,data/images/Camponotus/casent0102435_p.jpg,commons,train
865115862,CAS:ANTWEB:casent0102436,casent0102436,casent0102436,p,1312361,Camponotus,formicinae,Camponotus quadrimaculatus,"Camponotus quadrimaculatus Forel, 1886",,SPECIES,,worker,Paralectotype,Antsiranana,[Diego Suarez]; Antsahampano; Antsiranana Rural,-12.323135,49.294285,67.0,1893-01-01,Ch Alluaud,N. Rasoamanana,https://www.antweb.org/images/casent0102436/casent0102436_p_1_high.jpg,casent0102436 profile view 1,April Nobile,Attribution-ShareAlike (BY-SA) Creative Commons License and GNU Free Documentation License (GFDL),"California Academy of Sciences, 2000-2007",GEODETIC_DATUM_ASSUMED_WGS84;CONTINENT_DERIVED_FROM_COORDINATES;COLLECTION_MATCH_NONE;INSTITUTION_MATCH_FUZZY,Camponotus,1,data/images/Camponotus/casent0102436_p.jpg,commons,train
865115882,CAS:ANTWEB:casent0102437,casent0102437,casent0102437,p,1312361,Camponotus,formicinae,Camponotus repens,"Camponotus repens Forel, 1897",,SPECIES,,worker,Lectotype,Mahajanga,[Moyanga (w. Madagascar)]; Madirovalo; Ambato-Boina,-16.52388,46.51626,23.0,,,,https://www.antweb.org/images/casent0102437/casent0102437_p_1_high.jpg,casent0102437 profile view 1,April Nobile,Attribution-ShareAlike (BY-SA) Creative Commons License and GNU Free Documentation License (GFDL),"California Academy of Sciences, 2000-2007",GEODETIC_DATUM_ASSUMED_WGS84;CONTINENT_DERIVED_FROM_COORDINATES;COLLECTION_MATCH_NONE;INSTITUTION_MATCH_FUZZY,Camponotus,1,data/images/Camponotus/casent0102437_p.jpg,commons,train
865115907,CAS:ANTWEB:casent0102438,casent0102438,casent0102438,p,1312361,Camponotus,formicinae,Camponotus repens,"Camponotus repens Forel, 1897",,SPECIES,,worker,Paralectotype,Mahajanga,[Moyanga (w. Madagascar)]; Madirovalo; Ambato-Boina,-16.52388,46.51626,23.0,,,,https://www.antweb.org/images/casent0102438/casent0102438_p_1_high.jpg,casent0102438 profile view 1,April Nobile,Attribution-ShareAlike (BY-SA) Creative Commons License and GNU Free Documentation License (GFDL),"California Academy of Sciences, 2000-2007",GEODETIC_DATUM_ASSUMED_WGS84;CONTINENT_DERIVED_FROM_COORDINATES;COLLECTION_MATCH_NONE;INSTITUTION_MATCH_FUZZY,Camponotus,1,data/images/Camponotus/casent0102438_p.jpg,commons,train
865115930,CAS:ANTWEB:casent0102439,casent0102439,casent0102439,p,1312361,Camponotus,formicinae,Camponotus repens,"Camponotus repens Forel, 1897",,SPECIES,,worker,,Antananarivo,[Madagascar]; Ambatomanjaka; Miarinarivo,-18.76695,46.86911,1343.0,,,,https://www.antweb.org/images/casent0102439/casent0102439_p_1_high.jpg,casent0102439 profile view 1,April Nobile,Attribution-ShareAlike (BY-SA) Creative Commons License and GNU Free Documentation License (GFDL),"California Academy of Sciences, 2000-2007",GEODETIC_DATUM_ASSUMED_WGS84;CONTINENT_DERIVED_FROM_COORDINATES;COLLECTION_MATCH_NONE;INSTITUTION_MATCH_FUZZY,Camponotus,1,data/images/Camponotus/casent0102439_p.jpg,commons,train
865115952,CAS:ANTWEB:casent0102440,casent0102440,casent0102440,p,1312361,Camponotus,formicinae,Camponotus ellioti,"Camponotus ellioti Forel, 1891",,SPECIES,,worker,,Toliara,[Tulear S.W. Madagascar]; Beronono; Mahabo,-21.0,45.0,339.0,,Voeltzkow,,https://www.antweb.org/images/casent0102440/casent0102440_p_1_high.jpg,casent0102440 profile view 1,April Nobile,Attribution-ShareAlike (BY-SA) Creative Commons License and GNU Free Documentation License (GFDL),"California Academy of Sciences, 2000-2008",GEODETIC_DATUM_ASSUMED_WGS84;CONTINENT_DERIVED_FROM_COORDINATES;COLLECTION_MATCH_NONE;INSTITUTION_MATCH_FUZZY,Camponotus,1,data/images/Camponotus/casent0102440_p.jpg,commons,train
865115974,CAS:ANTWEB:casent0102441,casent0102441,casent0102441,p,1312361,Camponotus,formicinae,Camponotus nossibeensis,"Camponotus nossibeensis Andre, 1887",,SPECIES,,worker,,Antsiranana,[Nosibé]; Nosy be; Nosibe,-13.291667,48.25833,146.0,,Voeltzkow,,https://www.antweb.org/images/casent0102441/casent0102441_p_1_high.jpg,casent0102441 profile view 1,April Nobile,Attribution-ShareAlike (BY-SA) Creative Commons License and GNU Free Documentation License (GFDL),"California Academy of Sciences, 2000-2008",GEODETIC_DATUM_ASSUMED_WGS84;CONTINENT_DERIVED_FROM_COORDINATES;COLLECTION_MATCH_NONE;INSTITUTION_MATCH_FUZZY,Camponotus,1,data/images/Camponotus/casent0102441_p.jpg,commons,train
865115994,CAS:ANTWEB:casent0102442,casent0102442,casent0102442,p,1312361,Camponotus,formicinae,Camponotus quadrimaculatus,"Camponotus quadrimaculatus Forel, 1886",,SPECIES,,worker,Paralectotype,Fianarantsoa,[Fianarantsoa]; 2eme Arrondissement; Fianarantsoa Urban,-21.433332,47.083332,1160.0,,Dr. Besson,,https://www.antweb.org/images/casent0102442/casent0102442_p_1_high.jpg,casent0102442 profile view 1,April Nobile,Attribution-ShareAlike (BY-SA) Creative Commons License and GNU Free Documentation License (GFDL),"California Academy of Sciences, 2000-2007",GEODETIC_DATUM_ASSUMED_WGS84;CONTINENT_DERIVED_FROM_COORDINATES;COLLECTION_MATCH_NONE;INSTITUTION_MATCH_FUZZY,Camponotus,1,data/images/Camponotus/casent0102442_p.jpg,commons,test
865116014,CAS:ANTWEB:casent0102443,casent0102443,casent0102443,p,1312361,Camponotus,formicinae,Camponotus quadrimaculatus,"Camponotus quadrimaculatus Forel, 1886",,SPECIES,,worker,Paralectotype,Fianarantsoa,[Fianarantsoa]; 2eme Arrondissement; Fianarantsoa Urban,-21.433332,47.083332,1160.0,,Dr. Besson,,https://www.antweb.org/images/casent0102443/casent0102443_p_1_high.jpg,casent0102443 profile view 1,April Nobile,Attribution-ShareAlike (BY-SA) Creative Commons License and GNU Free Documentation License (GFDL),"California Academy of Sciences, 2000-2007",GEODETIC_DATUM_ASSUMED_WGS84;CONTINENT_DERIVED_FROM_COORDINATES;COLLECTION_MATCH_NONE;INSTITUTION_MATCH_FUZZY,Camponotus,1,data/images/Camponotus/casent0102443_p.jpg,commons,test
865116243,CAS:ANTWEB:casent0102452,casent0102452,casent0102452,p,1312361,Camponotus,formicinae,Camponotus grandidieri,"Camponotus grandidieri Forel, 1886",,SPECIES,,worker,Paralectotype,Toamasina,[Ste Marie]; Lonkintsy; Nosy-Boraha (St. Marie),-16.903694,49.91124,24.0,,Voeltzkow,,https://www.antweb.org/images/casent0102452/casent0102452_p_1_high.jpg,casent0102452 profile view 1,April Nobile,Attribution-ShareAlike (BY-SA) Creative Commons License and GNU Free Documentation License (GFDL),"California Academy of Sciences, 2000-2007",GEODETIC_DATUM_ASSUMED_WGS84;CONTINENT_DERIVED_FROM_COORDINATES;COLLECTION_MATCH_NONE;INSTITUTION_MATCH_FUZZY,Camponotus,1,data/images/Camponotus/casent0102452_p.jpg,commons,train
865116682,CAS:ANTWEB:casent0102930,casent0102930,casent0102930,p,1326298,Platythyrea,ponerinae,Platythyrea bicuspis,"Platythyrea bicuspis Emery, 1899",,SPECIES,,worker,,Toliary,48 km ENE Morondava,-20.066668,44.65,30.0,1991-01-09,D.M. Olson,P.S. Ward,https://www.antweb.org/images/casent0102930/casent0102930_p_1_high.jpg,casent0102930 profile view 1,April Nobile,Attribution-ShareAlike (BY-SA) Creative Commons License and GNU Free Documentation License (GFDL),"California Academy of Sciences, 2000-2008",GEODETIC_DATUM_ASSUMED_WGS84;CONTINENT_DERIVED_FROM_COORDINATES;COLLECTION_MATCH_NONE;INSTITUTION_MATCH_FUZZY,Platythyrea,1,data/images/Platythyrea/casent0102930_p.jpg,commons,test
865116705,CAS:ANTWEB:casent0102931,casent0102931,casent0102931,p,1319461,Anochetus,ponerinae,Anochetus grandidieri,"Anochetus grandidieri Forel, 1891",,SPECIES,,worker,,Antsiranana,"above Sakaramy, Prov. Diego S.; Antsiranana I; Antsiranana Urban",-12.27,49.266666,50.0,1977-02-12,W.L. Brown|D.E. Brown,W.L. Brown,https://www.antweb.org/images/casent0102931/casent0102931_p_1_high.jpg,casent0102931 profile view 1,April Nobile,Attribution-ShareAlike (BY-SA) Creative Commons License and GNU Free Documentation License (GFDL),"California Academy of Sciences, 2000-2008",GEODETIC_DATUM_ASSUMED_WGS84;CONTINENT_DERIVED_FROM_COORDINATES;COLLECTION_MATCH_NONE;INSTITUTION_MATCH_FUZZY,Anochetus,1,data/images/Anochetus/casent0102931_p.jpg,commons,train
865116728,CAS:ANTWEB:casent0102932,casent0102932,casent0102932,p,1319461,Anochetus,ponerinae,Anochetus madagascarensis,"Anochetus madagascarensis Forel, 1887",,SPECIES,,worker,,Antsiranana,ridge behind Sambava,-14.266667,50.166668,10.0,1977-02-15,W.L. Brown|D.E. Brown,,https://www.antweb.org/images/casent0102932/casent0102932_p_1_high.jpg,casent0102932 profile view 1,April Nobile,Attribution-ShareAlike (BY-SA) Creative Commons License and GNU Free Documentation License (GFDL),"California Academy of Sciences, 2000-2008",GEODETIC_DATUM_ASSUMED_WGS84;CONTINENT_DERIVED_FROM_COORDINATES;COLLECTION_MATCH_NONE;INSTITUTION_MATCH_FUZZY,Anochetus,1,data/images/Anochetus/casent0102932_p.jpg,commons,train
865116760,CAS:ANTWEB:casent0102933,casent0102933,casent0102933,p,1319461,Anochetus,ponerinae,Anochetus madagascarensis,"Anochetus madagascarensis Forel, 1887",,SPECIES,,worker,,Antsiranana,Côte Ouest. Jangoa.; Ndangoa; Ambanja,-13.783333,48.316666,8.0,1966-01-18,J.-M. Betsch,W.L. Brown,https://www.antweb.org/images/casent0102933/casent0102933_p_1_high.jpg,casent0102933 profile view 1,April Nobile,Attribution-ShareAlike (BY-SA) Creative Commons License and GNU Free Documentation License (GFDL),"California Academy of Sciences, 2000-2008",GEODETIC_DATUM_ASSUMED_WGS84;CONTINENT_DERIVED_FROM_COORDINATES;COLLECTION_MATCH_NONE;INSTITUTION_MATCH_FUZZY,Anochetus,1,data/images/Anochetus/casent0102933_p.jpg,commons,test
865116891,CAS:ANTWEB:casent0102938,casent0102938,casent0102938,p,1324306,Crematogaster,myrmicinae,Crematogaster madagascariensis,"Crematogaster madagascariensis Andre, 1887",,SPECIES,,worker,,Antananarivo,[Madagascar forêts]; Ambatomanjaka; Miarinarivo,-18.76695,46.86911,1343.0,,Humblot,,https://www.antweb.org/images/casent0102938/casent0102938_p_1_high.jpg,casent0102938 profile view 1,April Nobile,Attribution-ShareAlike (BY-SA) Creative Commons License and GNU Free Documentation License (GFDL),"California Academy of Sciences, 2000-2008",GEODETIC_DATUM_ASSUMED_WGS84;CONTINENT_DERIVED_FROM_COORDINATES;COLLECTION_MATCH_NONE;INSTITUTION_MATCH_FUZZY,Crematogaster,1,data/images/Crematogaster/casent0102938_p.jpg,commons,train
865116910,CAS:ANTWEB:casent0102939,casent0102939,casent0102939,p,1324306,Crematogaster,myrmicinae,Crematogaster marthae,"Crematogaster marthae Forel, 1892",,SPECIES,,worker,,Antananarivo,[Madagascar]; Ambatomanjaka; Miarinarivo,-18.76695,46.86911,1343.0,,G. Mayr,G. Mayr,https://www.antweb.org/images/casent0102939/casent0102939_p_1_high.jpg,casent0102939 profile view 1,April Nobile,Attribution-ShareAlike (BY-SA) Creative Commons License and GNU Free Documentation License (GFDL),"California Academy of Sciences, 2000-2008",GEODETIC_DATUM_ASSUMED_WGS84;CONTINENT_DERIVED_FROM_COORDINATES;COLLECTION_MATCH_NONE;INSTITUTION_MATCH_FUZZY,Crematogaster,1,data/images/Crematogaster/casent0102939_p.jpg,commons,train
865115806,CAS:ANTWEB:casent0102941,casent0102941,casent0102941,p,1324306,Crematogaster,myrmicinae,Crematogaster degeeri,"Crematogaster degeeri Forel, 1886",,SPECIES,,worker,,Antananarivo,[ambohipo p.antananarivo]; Antananarivo renivohitra,-18.92783,47.55824,1315.0,,M. Camboué,,https://www.antweb.org/images/casent0102941/casent0102941_p_1_high.jpg,casent0102941 profile view 1,April Nobile,Attribution-ShareAlike (BY-SA) Creative Commons License and GNU Free Documentation License (GFDL),"California Academy of Sciences, 2000-2008",GEODETIC_DATUM_ASSUMED_WGS84;CONTINENT_DERIVED_FROM_COORDINATES;COLLECTION_MATCH_NONE;INSTITUTION_MATCH_FUZZY,Crematogaster,1,data/images/Crematogaster/casent0102941_p.jpg,commons,train
865116115,CAS:ANTWEB:casent0102955,casent0102955,casent0102955,p,1324306,Crematogaster,myrmicinae,Crematogaster hova,"Crematogaster hova Forel, 1887",,SPECIES,,worker,,Toamasina,[Ivondro p. Tamatavé]; Antenina; Toamasina Rural,-18.23333,49.36667,14.0,,,,https://www.antweb.org/images/casent0102955/casent0102955_p_1_high.jpg,casent0102955 profile view 1,April Nobile,Attribution-ShareAlike (BY-SA) Creative Commons License and GNU Free Documentation License (GFDL),"California Academy of Sciences, 2000-2008",GEODETIC_DATUM_ASSUMED_WGS84;CONTINENT_DERIVED_FROM_COORDINATES;COLLECTION_MATCH_NONE;INSTITUTION_MATCH_FUZZY,Crematogaster,1,data/images/Crematogaster/casent0102955_p.jpg,commons,train
865116141,CAS:ANTWEB:casent0102956,casent0102956,casent0102956,p,1324306,Crematogaster,myrmicinae,Crematogaster schencki,"Crematogaster schencki Forel, 1891",,SPECIES,,worker,,Antananarivo,[Ankeramadinka]; Ambatolaona; Manjakandriana,-18.9333,47.9,1403.0,1913-09-12,,,https://www.antweb.org/images/casent0102956/casent0102956_p_1_high.jpg,casent0102956 profile view 1,April Nobile,Attribution-ShareAlike (BY-SA) Creative Commons License and GNU Free Documentation License (GFDL),"California Academy of Sciences, 2000-2008",GEODETIC_DATUM_ASSUMED_WGS84;CONTINENT_DERIVED_FROM_COORDINATES;COLLECTION_MATCH_NONE;INSTITUTION_MATCH_FUZZY,Crematogaster,1,data/images/Crematogaster/casent0102956_p.jpg,commons,train
865116163,CAS:ANTWEB:casent0102957,casent0102957,casent0102957,p,1324306,Crematogaster,myrmicinae,Crematogaster ranavalonae,"Crematogaster ranavalonae Forel, 1887",,SPECIES,,worker,,Antananarivo,[Madagascar forêts]; Ambatomanjaka; Miarinarivo,-18.76695,46.86911,1343.0,,,,https://www.antweb.org/images/casent0102957/casent0102957_p_1_high.jpg,casent0102957 profile view 1,April Nobile,Attribution-ShareAlike (BY-SA) Creative Commons License and GNU Free Documentation License (GFDL),"California Academy of Sciences, 2000-2008",GEODETIC_DATUM_ASSUMED_WGS84;CONTINENT_DERIVED_FROM_COORDINATES;COLLECTION_MATCH_NONE;INSTITUTION_MATCH_FUZZY,Crematogaster,1,data/images/Crematogaster/casent0102957_p.jpg,commons,train
865116447,CAS:ANTWEB:casent0102970,casent0102970,casent0102970,p,1324306,Crematogaster,myrmicinae,Crematogaster castanea,"Crematogaster castanea Smith, 1858",,SPECIES,,worker,,Antsiranana,Ambanja,-13.663534,48.453743,19.0,1952-11-26/1952-11-30,E.S. Brown,G.E.J. Nixon,https://www.antweb.org/images/casent0102970/casent0102970_p_1_high.jpg,casent0102970 profile view 1,April Nobile,Attribution-ShareAlike (BY-SA) Creative Commons License and GNU Free Documentation License (GFDL),"California Academy of Sciences, 2000-2008",GEODETIC_DATUM_ASSUMED_WGS84;CONTINENT_DERIVED_FROM_COORDINATES;COLLECTION_MATCH_NONE;INSTITUTION_MATCH_FUZZY,Crematogaster,1,data/images/Crematogaster/casent0102970_p.jpg,commons,train
865116607,CAS:ANTWEB:casent0102977,casent0102977,casent0102977,p,4673740,Nylanderia,formicinae,Nylanderia madagascarensis,"Nylanderia madagascarensis (Forel, 1886)",,SPECIES,,worker,Syntype,Fianarantsoa,[Imérina]; Fahizay; Ambositra,-20.5,47.333332,1317.0,,Camboué,,https://www.antweb.org/images/casent0102977/casent0102977_p_1_high.jpg,casent0102977 profile view 1,April Nobile,Attribution-ShareAlike (BY-SA) Creative Commons License and GNU Free Documentation License (GFDL),"California Academy of Sciences, 2000-2008",GEODETIC_DATUM_ASSUMED_WGS84;CONTINENT_DERIVED_FROM_COORDINATES;COLLECTION_MATCH_NONE;INSTITUTION_MATCH_FUZZY,Nylanderia,1,data/images/Nylanderia/casent0102977_p.jpg,commons,train
865116765,CAS:ANTWEB:casent0102983,casent0102983,casent0102983,p,1323128,Tetramorium,myrmicinae,Tetramorium nazgul,Tetramorium nazgul Hita,,SPECIES,,worker,,Mahajanga,"Bemanevika, Souspref. de Bealanana; Antananivo haut; Bealanana",-14.36666,48.58558,1563.0,1975-10-20,A. Peyrieras,F. Hita Garcia,https://www.antweb.org/images/casent0102983/casent0102983_p_1_high.jpg,casent0102983 profile view 1,April Nobile,Attribution-ShareAlike (BY-SA) Creative Commons License and GNU Free Documentation License (GFDL),"California Academy of Sciences, 2000-2008",GEODETIC_DATUM_ASSUMED_WGS84;CONTINENT_DERIVED_FROM_COORDINATES;COLLECTION_MATCH_NONE;INSTITUTION_MATCH_FUZZY,Tetramorium,1,data/images/Tetramorium/casent0102983_p.jpg,commons,train
865116788,CAS:ANTWEB:casent0102984,casent0102984,casent0102984,p,1325265,Cataulacus,myrmicinae,Cataulacus ebrardi,"Cataulacus ebrardi Forel, 1886",,SPECIES,,worker,,Toliara,"1km E Mahamavo, Rés.Andohahela",-24.76667,46.73333,600.0,1993-02-05,P.S. Ward,,https://www.antweb.org/images/casent0102984/casent0102984_p_1_high.jpg,casent0102984 profile view 1,April Nobile,Attribution-ShareAlike (BY-SA) Creative Commons License and GNU Free Documentation License (GFDL),"California Academy of Sciences, 2000-2008",GEODETIC_DATUM_ASSUMED_WGS84;CONTINENT_DERIVED_FROM_COORDINATES;COLLECTION_MATCH_NONE;INSTITUTION_MATCH_FUZZY,Cataulacus,1,data/images/Cataulacus/casent0102984_p.jpg,commons,train
865115953,CAS:ANTWEB:casent0102996,casent0102996,casent0102996,p,1326298,Platythyrea,ponerinae,Platythyrea mocquerysi,"Platythyrea mocquerysi Emery, 1899",,SPECIES,,worker,,Toliara,"Res. Beza Mahafaly, Parcel 1",-23.65,44.63333,130.0,1993-02-12,P.S. Ward,,https://www.antweb.org/images/casent0102996/casent0102996_p_1_high.jpg,casent0102996 profile view 1,April Nobile,Attribution-ShareAlike (BY-SA) Creative Commons License and GNU Free Documentation License (GFDL),"California Academy of Sciences, 2000-2008",GEODETIC_DATUM_ASSUMED_WGS84;CONTINENT_DERIVED_FROM_COORDINATES;COLLECTION_MATCH_NONE;INSTITUTION_MATCH_FUZZY,Platythyrea,1,data/images/Platythyrea/casent0102996_p.jpg,commons,train
865115918,CAS:ANTWEB:casent0103270,casent0103270,casent0103270,p,1320039,Technomyrmex,dolichoderinae,Technomyrmex curiosus,Technomyrmex curiosus Fisher & Bolton,,SPECIES,,worker,Holotype,Fianarantsoa,"Parc National d'Andringitra, Plateau d'Andohariana, 39.0 km 204° Ambalavao",-22.18067,46.90067,2100.0,2006-04-16,Brian L. Fisher|Malagasy Arthropod Team,,https://www.antweb.org/images/casent0103270/casent0103270_p_1_high.jpg,casent0103270 profile view 1,April Nobile,Attribution-ShareAlike (BY-SA) Creative Commons License and GNU Free Documentation License (GFDL),"California Academy of Sciences, 2000-2008",GEODETIC_DATUM_ASSUMED_WGS84;CONTINENT_DERIVED_FROM_COORDINATES;COLLECTION_MATCH_NONE;INSTITUTION_MATCH_FUZZY,Technomyrmex,1,data/images/Technomyrmex/casent0103270_p.jpg,commons,train
865116497,CAS:ANTWEB:casent0103296,casent0103296,casent0103296,p,1321654,Pheidole,myrmicinae,Pheidole spinosa,"Pheidole spinosa Forel, 1891",,SPECIES,,worker,Lectotype,Fianarantsoa,[Fianarantsoa]; 2eme Arrondissement; Fianarantsoa Urban,-21.433332,47.083332,1160.0,,Gietlen,E.M. Sarnat,https://www.antweb.org/images/casent0103296/casent0103296_p_1_high.jpg,casent0103296 profile view 1,April Nobile,Attribution-ShareAlike (BY-SA) Creative Commons License and GNU Free Documentation License (GFDL),"California Academy of Sciences, 2000-2008",GEODETIC_DATUM_ASSUMED_WGS84;CONTINENT_DERIVED_FROM_COORDINATES;COLLECTION_MATCH_NONE;INSTITUTION_MATCH_FUZZY,Pheidole,1,data/images/Pheidole/casent0103296_p.jpg,commons,train
865116517,CAS:ANTWEB:casent0103297,casent0103297,casent0103297,p,1321654,Pheidole,myrmicinae,Pheidole spinosa,"Pheidole spinosa Forel, 1891",,SPECIES,,worker,Paralectotype,Fianarantsoa,[Fianarantsoa]; 2eme Arrondissement; Fianarantsoa Urban,-21.433332,47.083332,1160.0,,Gietlen,E.M. Sarnat,https://www.antweb.org/images/casent0103297/casent0103297_p_1_high.jpg,casent0103297 profile view 1,April Nobile,Attribution-ShareAlike (BY-SA) Creative Commons License and GNU Free Documentation License (GFDL),"California Academy of Sciences, 2000-2008",GEODETIC_DATUM_ASSUMED_WGS84;CONTINENT_DERIVED_FROM_COORDINATES;COLLECTION_MATCH_NONE;INSTITUTION_MATCH_FUZZY,Pheidole,1,data/images/Pheidole/casent0103297_p.jpg,commons,train
865116763,CAS:ANTWEB:casent0103307,casent0103307,casent0103307,p,1321654,Pheidole,myrmicinae,Pheidole spinosa,"Pheidole spinosa Forel, 1891",,SPECIES,,worker,Paralectotype,Fianarantsoa,[Fianarantsoa]; 2eme Arrondissement; Fianarantsoa Urban,-21.43333,47.08333,1160.0,,Gietlen,E.M. Sarnat,https://www.antweb.org/images/casent0103307/casent0103307_p_1_high.jpg,casent0103307 profile view 1,April Nobile,Attribution-ShareAlike (BY-SA) Creative Commons License and GNU Free Documentation License (GFDL),"California Academy of Sciences, 2000-2008",GEODETIC_DATUM_ASSUMED_WGS84;CONTINENT_DERIVED_FROM_COORDINATES;COLLECTION_MATCH_NONE;INSTITUTION_MATCH_FUZZY,Pheidole,1,data/images/Pheidole/casent0103307_p.jpg,commons,train
865116791,CAS:ANTWEB:casent0103308,casent0103308,casent0103308,p,1321654,Pheidole,myrmicinae,Pheidole spinosa,"Pheidole spinosa Forel, 1891",,SPECIES,,worker,Paralectotype,Fianarantsoa,[Fianarantsoa]; 2eme Arrondissement; Fianarantsoa Urban,-21.433332,47.083332,1160.0,,Gietlen,E.M. Sarnat,https://www.antweb.org/images/casent0103308/casent0103308_p_1_high.jpg,casent0103308 profile view 1,April Nobile,Attribution-ShareAlike (BY-SA) Creative Commons License and GNU Free Documentation License (GFDL),"California Academy of Sciences, 2000-2008",GEODETIC_DATUM_ASSUMED_WGS84;CONTINENT_DERIVED_FROM_COORDINATES;COLLECTION_MATCH_NONE;INSTITUTION_MATCH_FUZZY,Pheidole,1,data/images/Pheidole/casent0103308_p.jpg,commons,train
865115991,CAS:ANTWEB:casent0103323,casent0103323,casent0103323,p,1316784,Tapinoma,dolichoderinae,Tapinoma melanocephalum,"Tapinoma melanocephalum (Fabricius, 1793)",,SPECIES,,worker,,Toamasina,"S.F. Tampolo, 10 km NNE Fenoarivo Atn.",-17.2825,49.43,10.0,1997-04-09,Brian L. Fisher,,https://www.antweb.org/images/casent0103323/casent0103323_p_1_high.jpg,casent0103323 profile view 1,April Nobile,Attribution-ShareAlike (BY-SA) Creative Commons License and GNU Free Documentation License (GFDL),"California Academy of Sciences, 2000-2007",GEODETIC_DATUM_ASSUMED_WGS84;CONTINENT_DERIVED_FROM_COORDINATES;COLLECTION_MATCH_NONE;INSTITUTION_MATCH_FUZZY,Tapinoma,1,data/images/Tapinoma/casent0103323_p.jpg,commons,train
865117319,CAS:ANTWEB:casent0104343,casent0104343,casent0104343,p,1320039,Technomyrmex,dolichoderinae,Technomyrmex albipes,"Technomyrmex albipes (Smith, 1861)",,SPECIES,,worker,,Toamasina,"S.F. Tampolo, 10 km NNE Fenoarivo Atn.",-17.2825,49.43,10.0,1997-04-05,Brian L. Fisher,,https://www.antweb.org/images/casent0104343/casent0104343_p_1_high.jpg,casent0104343 profile view 1,April Nobile,Attribution-ShareAlike (BY-SA) Creative Commons License and GNU Free Documentation License (GFDL),"California Academy of Sciences, 2000-2007",GEODETIC_DATUM_ASSUMED_WGS84;CONTINENT_DERIVED_FROM_COORDINATES;COLLECTION_MATCH_NONE;INSTITUTION_MATCH_FUZZY,Technomyrmex,1,data/images/Technomyrmex/casent0104343_p.jpg,commons,train
865117376,CAS:ANTWEB:casent0104542,casent0104542,casent0104542,p,1319461,Anochetus,ponerinae,Anochetus boltoni,Anochetus boltoni Fisher,,SPECIES,,worker,Holotype,Antsiranana,"Parc National de Marojejy, Manantenina River, 27.6 km 35° NE Andapa, 9.6 km 327° NNW Manantenina",-14.435,49.76,775.0,2003-11-16,Brian L. Fisher,,https://www.antweb.org/images/casent0104542/casent0104542_p_1_high.jpg,casent0104542 profile view 1,April Nobile,Attribution-ShareAlike (BY-SA) Creative Commons License and GNU Free Documentation License (GFDL),"California Academy of Sciences, 2000-2007",GEODETIC_DATUM_ASSUMED_WGS84;CONTINENT_DERIVED_FROM_COORDINATES;COLLECTION_MATCH_NONE;INSTITUTION_MATCH_FUZZY,Anochetus,1,data/images/Anochetus/casent0104542_p.jpg,gbif_cache,train
865117422,CAS:ANTWEB:casent0104543,casent0104543,casent0104543,p,1319461,Anochetus,ponerinae,Anochetus goodmani,"Anochetus goodmani Fisher, 2008",,SPECIES,,worker,,Antsiranana,"Forêt d' Andavakoera, 21.4km 75° ENE Ambilobe; 4.6km 356° N Betsiaka",-13.11833,49.23,425.0,2003-12-16,Brian L. Fisher,,https://www.antweb.org/images/casent0104543/casent0104543_p_1_high.jpg,casent0104543 profile view 1,April Nobile,Attribution-ShareAlike (BY-SA) Creative Commons License and GNU Free Documentation License (GFDL),"California Academy of Sciences, 2000-2007",GEODETIC_DATUM_ASSUMED_WGS84;CONTINENT_DERIVED_FROM_COORDINATES;COLLECTION_MATCH_NONE;INSTITUTION_MATCH_FUZZY,Anochetus,1,data/images/Anochetus/casent0104543_p.jpg,commons,train
865117542,CAS:ANTWEB:casent0104547,casent0104547,casent0104547,p,1319461,Anochetus,ponerinae,Anochetus madagascarensis,"Anochetus madagascarensis Forel, 1887",,SPECIES,,worker,,Toliara,"Réserve Privé Berenty, Forêt de Bealoka, Mandraré River, 14.6 km 329° NNW Amboasary",-24.95694,46.2715,35.0,2002-02-03/2002-02-08,Brian L. Fisher|Charles E. Griswold|Malagasy Arthropod Team,,https://www.antweb.org/images/casent0104547/casent0104547_p_1_high.jpg,casent0104547 profile view 1,April Nobile,Attribution-ShareAlike (BY-SA) Creative Commons License and GNU Free Documentation License (GFDL),"California Academy of Sciences, 2000-2008",GEODETIC_DATUM_ASSUMED_WGS84;CONTINENT_DERIVED_FROM_COORDINATES;COLLECTION_MATCH_NONE;INSTITUTION_MATCH_FUZZY,Anochetus,1,data/images/Anochetus/casent0104547_p.jpg,commons,test
865117555,CAS:ANTWEB:casent0104548,casent0104548,casent0104548,p,1319461,Anochetus,ponerinae,Anochetus goodmani,"Anochetus goodmani Fisher, 2008",,SPECIES,,worker,Paratype,Antsiranana,"Forêt de Binara, 7.5 km 230° SW Daraina",-13.255,49.61667,375.0,2003-12-02,Brian L. Fisher,,https://www.antweb.org/images/casent0104548/casent0104548_p_1_high.jpg,casent0104548 profile view 1,April Nobile,Attribution-ShareAlike (BY-SA) Creative Commons License and GNU Free Documentation License (GFDL),"California Academy of Sciences, 2000-2012",GEODETIC_DATUM_ASSUMED_WGS84;CONTINENT_DERIVED_FROM_COORDINATES;COLLECTION_MATCH_NONE;INSTITUTION_MATCH_FUZZY,Anochetus,1,data/images/Anochetus/casent0104548_p.jpg,commons,test
865117570,CAS:ANTWEB:casent0104549,casent0104549,casent0104549,p,1317162,Odontomachus,ponerinae,Odontomachus coquereli,"Odontomachus coquereli Roger, 1861",,SPECIES,,worker,Lectotype,Antananarivo,[Madagascar]; Ambatomanjaka; Miarinarivo,-18.76695,46.86911,1343.0,,,,https://www.antweb.org/images/casent0104549/casent0104549_p_1_high.jpg,casent0104549 profile view 1,April Nobile,Attribution-ShareAlike (BY-SA) Creative Commons License and GNU Free Documentation License (GFDL),"California Academy of Sciences, 2000-2008",GEODETIC_DATUM_ASSUMED_WGS84;CONTINENT_DERIVED_FROM_COORDINATES;COLLECTION_MATCH_NONE;INSTITUTION_MATCH_FUZZY,Odontomachus,1,data/images/Odontomachus/casent0104549_p.jpg,commons,test
865116531,CAS:ANTWEB:casent0104550,casent0104550,casent0104550,p,1317162,Odontomachus,ponerinae,Odontomachus coquereli,"Odontomachus coquereli Roger, 1861",,SPECIES,,worker,,Antananarivo,[Madagascar]; Ambatomanjaka; Miarinarivo,-18.76695,46.86911,1343.0,,Fairmaire,,https://www.antweb.org/images/casent0104550/casent0104550_p_1_high.jpg,casent0104550 profile view 1,April Nobile,Attribution-ShareAlike (BY-SA) Creative Commons License and GNU Free Documentation License (GFDL),"California Academy of Sciences, 2000-2008",GEODETIC_DATUM_ASSUMED_WGS84;CONTINENT_DERIVED_FROM_COORDINATES;COLLECTION_MATCH_NONE;INSTITUTION_MATCH_FUZZY,Odontomachus,1,data/images/Odontomachus/casent0104550_p.jpg,commons,train
865116556,CAS:ANTWEB:casent0104551,casent0104551,casent0104551,p,1317162,Odontomachus,ponerinae,Odontomachus coquereli,"Odontomachus coquereli Roger, 1861",,SPECIES,,worker,,Antananarivo,[Madagascar]; Ambatomanjaka; Miarinarivo,-18.76695,46.86911,1343.0,,,,https://www.antweb.org/images/casent0104551/casent0104551_p_1_high.jpg,casent0104551 profile view 1,April Nobile,Attribution-ShareAlike (BY-SA) Creative Commons License and GNU Free Documentation License (GFDL),"California Academy of Sciences, 2000-2008",GEODETIC_DATUM_ASSUMED_WGS84;CONTINENT_DERIVED_FROM_COORDINATES;COLLECTION_MATCH_NONE;INSTITUTION_MATCH_FUZZY,Odontomachus,1,data/images/Odontomachus/casent0104551_p.jpg,commons,train
865116585,CAS:ANTWEB:casent0104552,casent0104552,casent0104552,p,1317162,Odontomachus,ponerinae,Odontomachus coquereli,"Odontomachus coquereli Roger, 1861",,SPECIES,,worker,,Antananarivo,[Madagascar]; Ambatomanjaka; Miarinarivo,-18.76695,46.86911,1343.0,,,Brian L. Fisher,https://www.antweb.org/images/casent0104552/casent0104552_p_1_high.jpg,casent0104552 profile view 1,April Nobile,Attribution-ShareAlike (BY-SA) Creative Commons License and GNU Free Documentation License (GFDL),"California Academy of Sciences, 2000-2008",GEODETIC_DATUM_ASSUMED_WGS84;CONTINENT_DERIVED_FROM_COORDINATES;COLLECTION_MATCH_NONE;INSTITUTION_MATCH_FUZZY,Odontomachus,1,data/images/Odontomachus/casent0104552_p.jpg,commons,train
865116662,CAS:ANTWEB:casent0104554,casent0104554,casent0104554,p,1319461,Anochetus,ponerinae,Anochetus madagascarensis,"Anochetus madagascarensis Forel, 1887",,SPECIES,,worker,,Toamasina,[(Tamatave)]; Andranobolahy; Toamasina Rural,-18.0,49.0,370.0,,,Forel,https://www.antweb.org/images/casent0104554/casent0104554_p_1_high.jpg,casent0104554 profile view 1,April Nobile,Attribution-ShareAlike (BY-SA) Creative Commons License and GNU Free Documentation License (GFDL),"California Academy of Sciences, 2000-2008",GEODETIC_DATUM_ASSUMED_WGS84;CONTINENT_DERIVED_FROM_COORDINATES;COLLECTION_MATCH_NONE;INSTITUTION_MATCH_FUZZY,Anochetus,1,data/images/Anochetus/casent0104554_p.jpg,commons,train
865116708,CAS:ANTWEB:casent0104555,casent0104555,casent0104555,p,1326355,Mystrium,amblyoponinae,Mystrium rogeri,"Mystrium rogeri Forel, 1899",,SPECIES,,worker,,Antananarivo,[Antananarivo]; Ambatomanjaka; Miarinarivo,-18.705147,46.825283,1399.0,,S. Sikora,M. Yoshimura,https://www.antweb.org/images/casent0104555/casent0104555_p_1_high.jpg,casent0104555 profile view 1,April Nobile,Attribution-ShareAlike (BY-SA) Creative Commons License and GNU Free Documentation License (GFDL),"California Academy of Sciences, 2000-2008",GEODETIC_DATUM_ASSUMED_WGS84;CONTINENT_DERIVED_FROM_COORDINATES;COLLECTION_MATCH_NONE;INSTITUTION_MATCH_FUZZY,Mystrium,1,data/images/Mystrium/casent0104555_p.jpg,commons,train
865116727,CAS:ANTWEB:casent0104556,casent0104556,casent0104556,p,1326355,Mystrium,amblyoponinae,Mystrium rogeri,"Mystrium rogeri Forel, 1899",,SPECIES,,worker,,Antananarivo,[Antananarivo]; Ambatomanjaka; Miarinarivo,-18.705147,46.825283,1399.0,,S. Sikora,M. Yoshimura,https://www.antweb.org/images/casent0104556/casent0104556_p_1_high.jpg,casent0104556 profile view 1,April Nobile,Attribution-ShareAlike (BY-SA) Creative Commons License and GNU Free Documentation License (GFDL),"California Academy of Sciences, 2000-2008",GEODETIC_DATUM_ASSUMED_WGS84;CONTINENT_DERIVED_FROM_COORDINATES;COLLECTION_MATCH_NONE;INSTITUTION_MATCH_FUZZY,Mystrium,1,data/images/Mystrium/casent0104556_p.jpg,commons,train
865116746,CAS:ANTWEB:casent0104557,casent0104557,casent0104557,p,1326355,Mystrium,amblyoponinae,Mystrium mysticum,"Mystrium mysticum Roger, 1862",,SPECIES,,worker,,Antananarivo,[Madagascar]; Ambatomanjaka; Miarinarivo,-18.76695,46.86911,1343.0,,Sikora,,https://www.antweb.org/images/casent0104557/casent0104557_p_1_high.jpg,casent0104557 profile view 1,April Nobile,Attribution-ShareAlike (BY-SA) Creative Commons License and GNU Free Documentation License (GFDL),"California Academy of Sciences, 2000-2008",GEODETIC_DATUM_ASSUMED_WGS84;CONTINENT_DERIVED_FROM_COORDINATES;COLLECTION_MATCH_NONE;INSTITUTION_MATCH_FUZZY,Mystrium,1,data/images/Mystrium/casent0104557_p.jpg,commons,train
865116815,CAS:ANTWEB:casent0104560,casent0104560,casent0104560,p,1326355,Mystrium,amblyoponinae,Mystrium rogeri,"Mystrium rogeri Forel, 1899",,SPECIES,,worker,Paralectotype,Antananarivo,[(Antananarivo)]; Ambatomanjaka; Miarinarivo,-18.705147,46.825283,1399.0,,Sikora,Masashi Yoshimura,https://www.antweb.org/images/casent0104560/casent0104560_p_1_high.jpg,casent0104560 profile view 1,April Nobile,Attribution-ShareAlike (BY-SA) Creative Commons License and GNU Free Documentation License (GFDL),"California Academy of Sciences, 2000-2008",GEODETIC_DATUM_ASSUMED_WGS84;CONTINENT_DERIVED_FROM_COORDINATES;COLLECTION_MATCH_NONE;INSTITUTION_MATCH_FUZZY,Mystrium,1,data/images/Mystrium/casent0104560_p.jpg,commons,train
865116843,CAS:ANTWEB:casent0104561,casent0104561,casent0104561,p,1326355,Mystrium,amblyoponinae,Mystrium mysticum,"Mystrium mysticum Roger, 1862",,SPECIES,,worker,Lectotype,Antananarivo,[Madagascar]; Ambatomanjaka; Miarinarivo,-18.76695,46.86911,1343.0,,Sikora,,https://www.antweb.org/images/casent0104561/casent0104561_p_1_high.jpg,casent0104561 profile view 1,April Nobile,Attribution-ShareAlike (BY-SA) Creative Commons License and GNU Free Documentation License (GFDL),"California Academy of Sciences, 2000-2008",GEODETIC_DATUM_ASSUMED_WGS84;CONTINENT_DERIVED_FROM_COORDINATES;COLLECTION_MATCH_NONE;INSTITUTION_MATCH_FUZZY,Mystrium,1,data/images/Mystrium/casent0104561_p.jpg,commons,train
865116893,CAS:ANTWEB:casent0104562,casent0104562,casent0104562,p,1326355,Mystrium,amblyoponinae,Mystrium mysticum,"Mystrium mysticum Roger, 1862",,SPECIES,,worker,Paralectotype,Antananarivo,[Madagascar]; Ambatomanjaka; Miarinarivo,-18.76695,46.86911,1343.0,,Sikora,Masashi Yoshimura,https://www.antweb.org/images/casent0104562/casent0104562_p_1_high.jpg,casent0104562 profile view 1,April Nobile,Attribution-ShareAlike (BY-SA) Creative Commons License and GNU Free Documentation License (GFDL),"California Academy of Sciences, 2000-2008",GEODETIC_DATUM_ASSUMED_WGS84;CONTINENT_DERIVED_FROM_COORDINATES;COLLECTION_MATCH_NONE;INSTITUTION_MATCH_FUZZY,Mystrium,1,data/images/Mystrium/casent0104562_p.jpg,commons,train
865116917,CAS:ANTWEB:casent0104563,casent0104563,casent0104563,p,1326355,Mystrium,amblyoponinae,Mystrium voeltzkowi,"Mystrium voeltzkowi Forel, 1897",,SPECIES,,worker,,Antsiranana,[Nossibe]; Nosy be; Nosibe,-13.291667,48.25833,146.0,,Voeltzkow,Forel,https://www.antweb.org/images/casent0104563/casent0104563_p_1_high.jpg,casent0104563 profile view 1,April Nobile,Attribution-ShareAlike (BY-SA) Creative Commons License and GNU Free Documentation License (GFDL),"California Academy of Sciences, 2000-2008",GEODETIC_DATUM_ASSUMED_WGS84;CONTINENT_DERIVED_FROM_COORDINATES;COLLECTION_MATCH_NONE;INSTITUTION_MATCH_FUZZY,Mystrium,1,data/images/Mystrium/casent0104563_p.jpg,commons,train
865116966,CAS:ANTWEB:casent0104564,casent0104564,casent0104564,p,1321215,Leptogenys,ponerinae,Leptogenys voeltzkowi,"Leptogenys voeltzkowi Forel, 1897",,SPECIES,,worker,Syntype,Antsiranana,[Nossibe]; Nosy be; Nosibe,-13.291667,48.25833,146.0,,Voeltzkow,Forel,https://www.antweb.org/images/casent0104564/casent0104564_p_1_high.jpg,casent0104564 profile view 1,April Nobile,Attribution-ShareAlike (BY-SA) Creative Commons License and GNU Free Documentation License (GFDL),"California Academy of Sciences, 2000-2008",GEODETIC_DATUM_ASSUMED_WGS84;CONTINENT_DERIVED_FROM_COORDINATES;COLLECTION_MATCH_NONE;INSTITUTION_MATCH_FUZZY,Leptogenys,1,data/images/Leptogenys/casent0104564_p.jpg,commons,train
865117325,CAS:ANTWEB:casent0104582,casent0104582,casent0104582,p,4673512,Lioponera,dorylinae,,"Lioponera Mayr, 1879",,GENUS,,worker,Syntype,Antananarivo,[Madagascar]; Ambatomanjaka; Miarinarivo,-18.76695,46.86911,1343.0,,V. Staudinger,,https://www.antweb.org/images/casent0104582/casent0104582_p_1_high.jpg,casent0104582 profile view 1,April Nobile,Attribution-ShareAlike (BY-SA) Creative Commons License and GNU Free Documentation License (GFDL),"California Academy of Sciences, 2000-2008",GEODETIC_DATUM_ASSUMED_WGS84;CONTINENT_DERIVED_FROM_COORDINATES;COLLECTION_MATCH_NONE;INSTITUTION_MATCH_FUZZY,Lioponera,1,data/images/Lioponera/casent0104582_p.jpg,commons,train
865117348,CAS:ANTWEB:casent0104583,casent0104583,casent0104583,p,4673512,Lioponera,dorylinae,,"Lioponera Mayr, 1879",,GENUS,,worker,Syntype,Antananarivo,[Madagascar]; Ambatomanjaka; Miarinarivo,-18.76695,46.86911,1343.0,,V. Staudinger,,https://www.antweb.org/images/casent0104583/casent0104583_p_1_high.jpg,casent0104583 profile view 1,April Nobile,Attribution-ShareAlike (BY-SA) Creative Commons License and GNU Free Documentation License (GFDL),"California Academy of Sciences, 2000-2008",GEODETIC_DATUM_ASSUMED_WGS84;CONTINENT_DERIVED_FROM_COORDINATES;COLLECTION_MATCH_NONE;INSTITUTION_MATCH_FUZZY,Lioponera,1,data/images/Lioponera/casent0104583_p.jpg,commons,test
865117441,CAS:ANTWEB:casent0104587,casent0104587,casent0104587,p,1324306,Crematogaster,myrmicinae,Crematogaster ensifera,"Crematogaster ensifera Forel, 1910",,SPECIES,,worker,Syntype,Toamasina,(Sahana); Manambolosy; Mananara,-16.083332,49.63333,38.0,,,Forel,https://www.antweb.org/images/casent0104587/casent0104587_p_1_high.jpg,casent0104587 profile view 1,April Nobile,Attribution-ShareAlike (BY-SA) Creative Commons License and GNU Free Documentation License (GFDL),"California Academy of Sciences, 2000-2008",GEODETIC_DATUM_ASSUMED_WGS84;CONTINENT_DERIVED_FROM_COORDINATES;COLLECTION_MATCH_NONE;INSTITUTION_MATCH_FUZZY,Crematogaster,1,data/images/Crematogaster/casent0104587_p.jpg,commons,train
865117554,CAS:ANTWEB:casent0104593,casent0104593,casent0104593,p,1324306,Crematogaster,myrmicinae,Crematogaster kelleri,"Crematogaster kelleri Forel, 1891",,SPECIES,,worker,Paratype,Antsiranana,[Nossibe]; Nosy be; Nosibe,-13.291667,48.25833,146.0,,Voeltzkow,,https://www.antweb.org/images/casent0104593/casent0104593_p_1_high.jpg,casent0104593 profile view 1,April Nobile,Attribution-ShareAlike (BY-SA) Creative Commons License and GNU Free Documentation License (GFDL),"California Academy of Sciences, 2000-2008",GEODETIC_DATUM_ASSUMED_WGS84;CONTINENT_DERIVED_FROM_COORDINATES;COLLECTION_MATCH_NONE;INSTITUTION_MATCH_FUZZY,Crematogaster,1,data/images/Crematogaster/casent0104593_p.jpg,commons,train
865117571,CAS:ANTWEB:casent0104594,casent0104594,casent0104594,p,1321654,Pheidole,myrmicinae,Pheidole spinosa,"Pheidole spinosa Forel, 1891",,SPECIES,,worker,Syntype,Antsiranana,[(Kap Diego)]; Antsiranana I; Antsiranana Urban,-12.2575,49.280556,23.0,,,E.M. Sarnat,https://www.antweb.org/images/casent0104594/casent0104594_p_1_high.jpg,casent0104594 profile view 1,April Nobile,Attribution-ShareAlike (BY-SA) Creative Commons License and GNU Free Documentation License (GFDL),"California Academy of Sciences, 2000-2008",GEODETIC_DATUM_ASSUMED_WGS84;CONTINENT_DERIVED_FROM_COORDINATES;COLLECTION_MATCH_NONE;INSTITUTION_MATCH_FUZZY,Pheidole,1,data/images/Pheidole/casent0104594_p.jpg,commons,train
865117586,CAS:ANTWEB:casent0104595,casent0104595,casent0104595,p,1321654,Pheidole,myrmicinae,Pheidole spinosa,"Pheidole spinosa Forel, 1891",,SPECIES,,worker,Syntype,Antsiranana,[(Kap Diego)]; Antsiranana I; Antsiranana Urban,-12.2575,49.280556,23.0,,,E.M. Sarnat,https://www.antweb.org/images/casent0104595/casent0104595_p_1_high.jpg,casent0104595 profile view 1,April Nobile,Attribution-ShareAlike (BY-SA) Creative Commons License and GNU Free Documentation License (GFDL),"California Academy of Sciences, 2000-2008",GEODETIC_DATUM_ASSUMED_WGS84;CONTINENT_DERIVED_FROM_COORDINATES;COLLECTION_MATCH_NONE;INSTITUTION_MATCH_FUZZY,Pheidole,1,data/images/Pheidole/casent0104595_p.jpg,commons,train
865117598,CAS:ANTWEB:casent0104596,casent0104596,casent0104596,p,1321654,Pheidole,myrmicinae,Pheidole annemariae,"Pheidole annemariae Forel, 1918",,SPECIES,,worker,Syntype,Antananarivo,[Madagascar]; Ambatomanjaka; Miarinarivo,-18.76695,46.86911,1343.0,,Friederichs,Forel,https://www.antweb.org/images/casent0104596/casent0104596_p_1_high.jpg,casent0104596 profile view 1,April Nobile,Attribution-ShareAlike (BY-SA) Creative Commons License and GNU Free Documentation License (GFDL),"California Academy of Sciences, 2000-2008",GEODETIC_DATUM_ASSUMED_WGS84;CONTINENT_DERIVED_FROM_COORDINATES;COLLECTION_MATCH_NONE;INSTITUTION_MATCH_FUZZY,Pheidole,1,data/images/Pheidole/casent0104596_p.jpg,commons,train
865116569,CAS:ANTWEB:casent0104597,casent0104597,casent0104597,p,1321654,Pheidole,myrmicinae,Pheidole annemariae,"Pheidole annemariae Forel, 1918",,SPECIES,,worker,Syntype,Antananarivo,[Madagascar]; Ambatomanjaka; Miarinarivo,-18.76695,46.86911,1343.0,,Friederichs,Forel,https://www.antweb.org/images/casent0104597/casent0104597_p_1_high.jpg,casent0104597 profile view 1,April Nobile,Attribution-ShareAlike (BY-SA) Creative Commons License and GNU Free Documentation License (GFDL),"California Academy of Sciences, 2000-2008",GEODETIC_DATUM_ASSUMED_WGS84;CONTINENT_DERIVED_FROM_COORDINATES;COLLECTION_MATCH_NONE;INSTITUTION_MATCH_FUZZY,Pheidole,1,data/images/Pheidole/casent0104597_p.jpg,commons,train
865116645,CAS:ANTWEB:casent0104600,casent0104600,casent0104600,p,1321654,Pheidole,myrmicinae,Pheidole ensifera,"Pheidole ensifera Forel, 1897",,SPECIES,,worker,Syntype,Antsiranana,[(Nossibe)]; Nosy be; Nosibe,-13.291667,48.25833,146.0,,Voeltzkow,,https://www.antweb.org/images/casent0104600/casent0104600_p_1_high.jpg,casent0104600 profile view 1,April Nobile,Attribution-ShareAlike (BY-SA) Creative Commons License and GNU Free Documentation License (GFDL),"California Academy of Sciences, 2000-2008",GEODETIC_DATUM_ASSUMED_WGS84;CONTINENT_DERIVED_FROM_COORDINATES;COLLECTION_MATCH_NONE;INSTITUTION_MATCH_FUZZY,Pheidole,1,data/images/Pheidole/casent0104600_p.jpg,commons,train
865116671,CAS:ANTWEB:casent0104601,casent0104601,casent0104601,p,1321654,Pheidole,myrmicinae,Pheidole ensifera,"Pheidole ensifera Forel, 1897",,SPECIES,,worker,Syntype,Antananarivo,[Madagascar]; Ambatomanjaka; Miarinarivo,-18.76695,46.86911,1343.0,,,,https://www.antweb.org/images/casent0104601/casent0104601_p_1_high.jpg,casent0104601 profile view 1,April Nobile,Attribution-ShareAlike (BY-SA) Creative Commons License and GNU Free Documentation License (GFDL),"California Academy of Sciences, 2000-2008",GEODETIC_DATUM_ASSUMED_WGS84;CONTINENT_DERIVED_FROM_COORDINATES;COLLECTION_MATCH_NONE;INSTITUTION_MATCH_FUZZY,Pheidole,1,data/images/Pheidole/casent0104601_p.jpg,commons,train
865116744,CAS:ANTWEB:casent0104604,casent0104604,casent0104604,p,1321654,Pheidole,myrmicinae,Pheidole indica,"Pheidole indica Mayr, 1879",,SPECIES,,worker,Syntype,Mahajanga,[(Moganga)]; Mahajanga I; Mahajanga Urban,-15.692151,46.333687,10.0,,Voeltzkow,,https://www.antweb.org/images/casent0104604/casent0104604_p_1_high.jpg,casent0104604 profile view 1,April Nobile,Attribution-ShareAlike (BY-SA) Creative Commons License and GNU Free Documentation License (GFDL),"California Academy of Sciences, 2000-2008",GEODETIC_DATUM_ASSUMED_WGS84;CONTINENT_DERIVED_FROM_COORDINATES;COLLECTION_MATCH_NONE;INSTITUTION_MATCH_FUZZY,Pheidole,1,data/images/Pheidole/casent0104604_p.jpg,commons,train
865116768,CAS:ANTWEB:casent0104605,casent0104605,casent0104605,p,1321654,Pheidole,myrmicinae,Pheidole indica,"Pheidole indica Mayr, 1879",,SPECIES,,worker,Syntype,Mahajanga,[(Moganga)]; Mahajanga I; Mahajanga Urban,-15.69215,46.33369,10.0,,Voeltzkow,,https://www.antweb.org/images/casent0104605/casent0104605_p_1_high.jpg,casent0104605 profile view 1,April Nobile,Attribution-ShareAlike (BY-SA) Creative Commons License and GNU Free Documentation License (GFDL),"California Academy of Sciences, 2000-2008",GEODETIC_DATUM_ASSUMED_WGS84;CONTINENT_DERIVED_FROM_COORDINATES;COLLECTION_MATCH_NONE;INSTITUTION_MATCH_FUZZY,Pheidole,1,data/images/Pheidole/casent0104605_p.jpg,commons,train
865116794,CAS:ANTWEB:casent0104606,casent0104606,casent0104606,p,1323128,Tetramorium,myrmicinae,Tetramorium bessonii,"Tetramorium bessonii Forel, 1891",,SPECIES,,worker,Syntype,Antananarivo,[Madagascar]; Ambatomanjaka; Miarinarivo,-18.76695,46.86911,1343.0,,Besson,Forel,https://www.antweb.org/images/casent0104606/casent0104606_p_1_high.jpg,casent0104606 profile view 1,April Nobile,Attribution-ShareAlike (BY-SA) Creative Commons License and GNU Free Documentation License (GFDL),"California Academy of Sciences, 2000-2008",GEODETIC_DATUM_ASSUMED_WGS84;CONTINENT_DERIVED_FROM_COORDINATES;COLLECTION_MATCH_NONE;INSTITUTION_MATCH_FUZZY,Tetramorium,1,data/images/Tetramorium/casent0104606_p.jpg,commons,train
865116820,CAS:ANTWEB:casent0104607,casent0104607,casent0104607,p,1323128,Tetramorium,myrmicinae,Tetramorium kelleri,"Tetramorium kelleri Forel, 1887",,SPECIES,,worker,Syntype,Toamasina,[(Tamatave)]; Andranobolahy; Toamasina Rural,-18.0,49.0,370.0,,,Forel,https://www.antweb.org/images/casent0104607/casent0104607_p_1_high.jpg,casent0104607 profile view 1,April Nobile,Attribution-ShareAlike (BY-SA) Creative Commons License and GNU Free Documentation License (GFDL),"California Academy of Sciences, 2000-2008",GEODETIC_DATUM_ASSUMED_WGS84;CONTINENT_DERIVED_FROM_COORDINATES;COLLECTION_MATCH_NONE;INSTITUTION_MATCH_FUZZY,Tetramorium,1,data/images/Tetramorium/casent0104607_p.jpg,commons,train
865116920,CAS:ANTWEB:casent0104611,casent0104611,casent0104611,p,8301906,Meranoplus,myrmicinae,Meranoplus radamae,"Meranoplus radamae Forel, 1891",,SPECIES,,worker,Syntype,Antananarivo,[Central Madagascar]; Ambatomanjaka; Miarinarivo,-18.76695,46.86911,1343.0,,Hildebrandt,Forel,https://www.antweb.org/images/casent0104611/casent0104611_p_1_high.jpg,casent0104611 profile view 1,April Nobile,Attribution-ShareAlike (BY-SA) Creative Commons License and GNU Free Documentation License (GFDL),"California Academy of Sciences, 2000-2008",GEODETIC_DATUM_ASSUMED_WGS84;CONTINENT_DERIVED_FROM_COORDINATES;COLLECTION_MATCH_NONE;INSTITUTION_MATCH_FUZZY,Meranoplus,1,data/images/Meranoplus/casent0104611_p.jpg,commons,train
865117128,CAS:ANTWEB:casent0104621,casent0104621,casent0104621,p,1312361,Camponotus,formicinae,Camponotus robustus,"Camponotus robustus Roger, 1863",,SPECIES,,worker,Paralectotype,Antananarivo,[Madagascar]; Ambatomanjaka; Miarinarivo,-18.76695,46.86911,1343.0,,Humblot,,https://www.antweb.org/images/casent0104621/casent0104621_p_1_high.jpg,casent0104621 profile view 1,April Nobile,Attribution-ShareAlike (BY-SA) Creative Commons License and GNU Free Documentation License (GFDL),"California Academy of Sciences, 2000-2008",GEODETIC_DATUM_ASSUMED_WGS84;CONTINENT_DERIVED_FROM_COORDINATES;COLLECTION_MATCH_NONE;INSTITUTION_MATCH_FUZZY,Camponotus,1,data/images/Camponotus/casent0104621_p.jpg,commons,test
865117145,CAS:ANTWEB:casent0104622,casent0104622,casent0104622,p,1312361,Camponotus,formicinae,Camponotus robustus,"Camponotus robustus Roger, 1863",,SPECIES,,worker,Paralectotype,Antananarivo,[Madagascar]; Ambatomanjaka; Miarinarivo,-18.76695,46.86911,1343.0,,,,https://www.antweb.org/images/casent0104622/casent0104622_p_1_high.jpg,casent0104622 profile view 1,April Nobile,Attribution-ShareAlike (BY-SA) Creative Commons License and GNU Free Documentation License (GFDL),"California Academy of Sciences, 2000-2008",GEODETIC_DATUM_ASSUMED_WGS84;CONTINENT_DERIVED_FROM_COORDINATES;COLLECTION_MATCH_NONE;INSTITUTION_MATCH_FUZZY,Camponotus,1,data/images/Camponotus/casent0104622_p.jpg,commons,test
865117163,CAS:ANTWEB:casent0104623,casent0104623,casent0104623,p,1312361,Camponotus,formicinae,Camponotus repens,"Camponotus repens Forel, 1897",,SPECIES,,worker,Syntype,Mahajanga,[(Mayanga)]; Mahajanga I; Mahajanga Urban,-15.69215,46.333687,10.0,,,Forel,https://www.antweb.org/images/casent0104623/casent0104623_p_1_high.jpg,casent0104623 profile view 1,April Nobile,Attribution-ShareAlike (BY-SA) Creative Commons License and GNU Free Documentation License (GFDL),"California Academy of Sciences, 2000-2008",GEODETIC_DATUM_ASSUMED_WGS84;CONTINENT_DERIVED_FROM_COORDINATES;COLLECTION_MATCH_NONE;INSTITUTION_MATCH_FUZZY,Camponotus,1,data/images/Camponotus/casent0104623_p.jpg,commons,train
865117222,CAS:ANTWEB:casent0104626,casent0104626,casent0104626,p,1312361,Camponotus,formicinae,Camponotus darwinii,"Camponotus darwinii Forel, 1886",,SPECIES,,worker,Syntype,Antananarivo,[Central Madagascar]; Ambatomanjaka; Miarinarivo,-18.76695,46.86911,1343.0,,,,https://www.antweb.org/images/casent0104626/casent0104626_p_1_high.jpg,casent0104626 profile view 1,April Nobile,Attribution-ShareAlike (BY-SA) Creative Commons License and GNU Free Documentation License (GFDL),"California Academy of Sciences, 2000-2008",GEODETIC_DATUM_ASSUMED_WGS84;CONTINENT_DERIVED_FROM_COORDINATES;COLLECTION_MATCH_NONE;INSTITUTION_MATCH_FUZZY,Camponotus,1,data/images/Camponotus/casent0104626_p.jpg,commons,train
865117242,CAS:ANTWEB:casent0104627,casent0104627,casent0104627,p,1312361,Camponotus,formicinae,Camponotus darwinii,"Camponotus darwinii Forel, 1886",,SPECIES,,worker,Syntype,Antananarivo,[Central Madagascar]; Ambatomanjaka; Miarinarivo,-18.76695,46.86911,1343.0,,,,https://www.antweb.org/images/casent0104627/casent0104627_p_1_high.jpg,casent0104627 profile view 1,April Nobile,Attribution-ShareAlike (BY-SA) Creative Commons License and GNU Free Documentation License (GFDL),"California Academy of Sciences, 2000-2008",GEODETIC_DATUM_ASSUMED_WGS84;CONTINENT_DERIVED_FROM_COORDINATES;COLLECTION_MATCH_NONE;INSTITUTION_MATCH_FUZZY,Camponotus,1,data/images/Camponotus/casent0104627_p.jpg,commons,train
865117260,CAS:ANTWEB:casent0104628,casent0104628,casent0104628,p,1312361,Camponotus,formicinae,Camponotus darwinii,"Camponotus darwinii Forel, 1886",,SPECIES,,worker,Syntype,Antananarivo,[(Antananarivo]; Ambatomanjaka; Miarinarivo,-18.705147,46.825283,1399.0,,Camboué,,https://www.antweb.org/images/casent0104628/casent0104628_p_1_high.jpg,casent0104628 profile view 1,April Nobile,Attribution-ShareAlike (BY-SA) Creative Commons License and GNU Free Documentation License (GFDL),"California Academy of Sciences, 2000-2008",GEODETIC_DATUM_ASSUMED_WGS84;CONTINENT_DERIVED_FROM_COORDINATES;COLLECTION_MATCH_NONE;INSTITUTION_MATCH_FUZZY,Camponotus,1,data/images/Camponotus/casent0104628_p.jpg,commons,test
865117276,CAS:ANTWEB:casent0104629,casent0104629,casent0104629,p,1312361,Camponotus,formicinae,Camponotus darwinii,"Camponotus darwinii Forel, 1886",,SPECIES,,worker,Syntype,Toliara,[(Tulcar)]; Beronono; Mahabo,-21.0,45.0,339.0,,Voeltzkow,,https://www.antweb.org/images/casent0104629/casent0104629_p_1_high.jpg,casent0104629 profile view 1,April Nobile,Attribution-ShareAlike (BY-SA) Creative Commons License and GNU Free Documentation License (GFDL),"California Academy of Sciences, 2000-2008",GEODETIC_DATUM_ASSUMED_WGS84;CONTINENT_DERIVED_FROM_COORDINATES;COLLECTION_MATCH_NONE;INSTITUTION_MATCH_FUZZY,Camponotus,1,data/images/Camponotus/casent0104629_p.jpg,commons,train
865117340,CAS:ANTWEB:casent0104632,casent0104632,casent0104632,p,1312361,Camponotus,formicinae,Camponotus hagensii,"Camponotus hagensii Forel, 1886",,SPECIES,,worker,Paralectotype,Antananarivo,[Central Madagascar]; Ambatomanjaka; Miarinarivo,-18.76695,46.86911,1343.0,,,,https://www.antweb.org/images/casent0104632/casent0104632_p_1_high.jpg,casent0104632 profile view 1,April Nobile,Attribution-ShareAlike (BY-SA) Creative Commons License and GNU Free Documentation License (GFDL),"California Academy of Sciences, 2000-2008",GEODETIC_DATUM_ASSUMED_WGS84;CONTINENT_DERIVED_FROM_COORDINATES;COLLECTION_MATCH_NONE;INSTITUTION_MATCH_FUZZY,Camponotus,1,data/images/Camponotus/casent0104632_p.jpg,commons,train
865117363,CAS:ANTWEB:casent0104633,casent0104633,casent0104633,p,1312361,Camponotus,formicinae,Camponotus hagensii,"Camponotus hagensii Forel, 1886",,SPECIES,,worker,Paratype,Antananarivo,[Central Madagascar]; Ambatomanjaka; Miarinarivo,-18.76695,46.86911,1343.0,,,N. Rasoamanana,https://www.antweb.org/images/casent0104633/casent0104633_p_1_high.jpg,casent0104633 profile view 1,April Nobile,Attribution-ShareAlike (BY-SA) Creative Commons License and GNU Free Documentation License (GFDL),"California Academy of Sciences, 2000-2008",GEODETIC_DATUM_ASSUMED_WGS84;CONTINENT_DERIVED_FROM_COORDINATES;COLLECTION_MATCH_NONE;INSTITUTION_MATCH_FUZZY,Camponotus,1,data/images/Camponotus/casent0104633_p.jpg,gbif_cache,train
865117387,CAS:ANTWEB:casent0104634,casent0104634,casent0104634,p,1312361,Camponotus,formicinae,Camponotus cervicalis,"Camponotus cervicalis Roger, 1863",,SPECIES,,worker,Paralectotype,Antananarivo,[Madagascar]; Ambatomanjaka; Miarinarivo,-18.76695,46.86911,1343.0,,,Forel,https://www.antweb.org/images/casent0104634/casent0104634_p_1_high.jpg,casent0104634 profile view 1,April Nobile,Attribution-ShareAlike (BY-SA) Creative Commons License and GNU Free Documentation License (GFDL),"California Academy of Sciences, 2000-2008",GEODETIC_DATUM_ASSUMED_WGS84;CONTINENT_DERIVED_FROM_COORDINATES;COLLECTION_MATCH_NONE;INSTITUTION_MATCH_FUZZY,Camponotus,1,data/images/Camponotus/casent0104634_p.jpg,commons,train
865117474,CAS:ANTWEB:casent0104638,casent0104638,casent0104638,p,1312361,Camponotus,formicinae,Camponotus maculatus,"Camponotus maculatus (Fabricius, 1782)",,SPECIES,,worker,,Mahajanga,[(Moyangir)]; Mahajanga I; Mahajanga Urban,-15.692164,46.333702,10.0,,,,https://www.antweb.org/images/casent0104638/casent0104638_p_1_high.jpg,casent0104638 profile view 1,April Nobile,Attribution-ShareAlike (BY-SA) Creative Commons License and GNU Free Documentation License (GFDL),"California Academy of Sciences, 2000-2007",GEODETIC_DATUM_ASSUMED_WGS84;CONTINENT_DERIVED_FROM_COORDINATES;COLLECTION_MATCH_NONE;INSTITUTION_MATCH_FUZZY,Camponotus,1,data/images/Camponotus/casent0104638_p.jpg,gbif_cache,train
865117497,CAS:ANTWEB:casent0104639,casent0104639,casent0104639,p,1312361,Camponotus,formicinae,Camponotus maculatus,"Camponotus maculatus (Fabricius, 1782)",,SPECIES,,worker,Lectotype,Antananarivo,[Madagascar]; Ambatomanjaka; Miarinarivo,-18.76695,46.86911,1343.0,,,,https://www.antweb.org/images/casent0104639/casent0104639_p_1_high.jpg,casent0104639 profile view 1,April Nobile,Attribution-ShareAlike (BY-SA) Creative Commons License and GNU Free Documentation License (GFDL),"California Academy of Sciences, 2000-2008",GEODETIC_DATUM_ASSUMED_WGS84;CONTINENT_DERIVED_FROM_COORDINATES;COLLECTION_MATCH_NONE;INSTITUTION_MATCH_FUZZY,Camponotus,1,data/images/Camponotus/casent0104639_p.jpg,gbif_cache,train
865117516,CAS:ANTWEB:casent0104640,casent0104640,casent0104640,p,1312361,Camponotus,formicinae,Camponotus maculatus,"Camponotus maculatus (Fabricius, 1782)",,SPECIES,,worker,Syntype,Toliara,[Tulcar]; Beronono; Mahabo,-21.0,45.0,339.0,,Voeltzkow,,https://www.antweb.org/images/casent0104640/casent0104640_p_1_high.jpg,casent0104640 profile view 1,April Nobile,Attribution-ShareAlike (BY-SA) Creative Commons License and GNU Free Documentation License (GFDL),"California Academy of Sciences, 2000-2008",GEODETIC_DATUM_ASSUMED_WGS84;CONTINENT_DERIVED_FROM_COORDINATES;COLLECTION_MATCH_NONE;INSTITUTION_MATCH_FUZZY,Camponotus,1,data/images/Camponotus/casent0104640_p.jpg,commons,train
865117535,CAS:ANTWEB:casent0104641,casent0104641,casent0104641,p,1312361,Camponotus,formicinae,Camponotus maculatus,"Camponotus maculatus (Fabricius, 1782)",,SPECIES,,worker,Syntype,Toliara,[Tulcar]; Beronono; Mahabo,-21.0,45.0,339.0,,Voeltzkow,,https://www.antweb.org/images/casent0104641/casent0104641_p_1_high.jpg,casent0104641 profile view 1,April Nobile,Attribution-ShareAlike (BY-SA) Creative Commons License and GNU Free Documentation License (GFDL),"California Academy of Sciences, 2000-2008",GEODETIC_DATUM_ASSUMED_WGS84;CONTINENT_DERIVED_FROM_COORDINATES;COLLECTION_MATCH_NONE;INSTITUTION_MATCH_FUZZY,Camponotus,1,data/images/Camponotus/casent0104641_p.jpg,gbif_cache,train
865117550,CAS:ANTWEB:casent0104642,casent0104642,casent0104642,p,4673740,Nylanderia,formicinae,Nylanderia humbloti,Nylanderia humbloti,,SPECIES,,worker,Syntype,Antananarivo,[Madagascar]; Ambatomanjaka; Miarinarivo,-18.76695,46.86911,1343.0,,Humblot,Forel,https://www.antweb.org/images/casent0104642/casent0104642_p_1_high.jpg,casent0104642 profile view 1,April Nobile,Attribution-ShareAlike (BY-SA) Creative Commons License and GNU Free Documentation License (GFDL),"California Academy of Sciences, 2000-2008",GEODETIC_DATUM_ASSUMED_WGS84;CONTINENT_DERIVED_FROM_COORDINATES;COLLECTION_MATCH_NONE;INSTITUTION_MATCH_FUZZY,Nylanderia,1,data/images/Nylanderia/casent0104642_p.jpg,commons,train
865117567,CAS:ANTWEB:casent0104643,casent0104643,casent0104643,p,4673740,Nylanderia,formicinae,Nylanderia madagascarensis,"Nylanderia madagascarensis (Forel, 1886)",,SPECIES,,worker,,Toamasina,[(St. Marie)]; Lonkintsy; Nosy-Boraha (St. Marie),-16.903694,49.91124,24.0,,Voeltzkow,,https://www.antweb.org/images/casent0104643/casent0104643_p_1_high.jpg,casent0104643 profile view 1,April Nobile,Attribution-ShareAlike (BY-SA) Creative Commons License and GNU Free Documentation License (GFDL),"California Academy of Sciences, 2000-2008",GEODETIC_DATUM_ASSUMED_WGS84;CONTINENT_DERIVED_FROM_COORDINATES;COLLECTION_MATCH_NONE;INSTITUTION_MATCH_FUZZY,Nylanderia,1,data/images/Nylanderia/casent0104643_p.jpg,commons,train
865117610,CAS:ANTWEB:casent0104646,casent0104646,casent0104646,p,1320039,Technomyrmex,dolichoderinae,Technomyrmex madecassus,"Technomyrmex madecassus Forel, 1897",,SPECIES,,worker,Syntype,Antsiranana,[Nossibe]; Nosy be; Nosibe,-13.291667,48.25833,146.0,,Voeltzkow,Forel,https://www.antweb.org/images/casent0104646/casent0104646_p_1_high.jpg,casent0104646 profile view 1,April Nobile,Attribution-ShareAlike (BY-SA) Creative Commons License and GNU Free Documentation License (GFDL),"California Academy of Sciences, 2000-2008",GEODETIC_DATUM_ASSUMED_WGS84;CONTINENT_DERIVED_FROM_COORDINATES;COLLECTION_MATCH_NONE;INSTITUTION_MATCH_FUZZY,Technomyrmex,1,data/images/Technomyrmex/casent0104646_p.jpg,commons,train
865117623,CAS:ANTWEB:casent0104647,casent0104647,casent0104647,p,1312361,Camponotus,formicinae,Camponotus imitator,"Camponotus imitator Forel, 1891",,SPECIES,,worker,Paralectotype,Antananarivo,[Madagascar]; Ambatomanjaka; Miarinarivo,-18.76695,46.86911,1343.0,,,Nicole Rasoamanana,https://www.antweb.org/images/casent0104647/casent0104647_p_1_high.jpg,casent0104647 profile view 1,April Nobile,Attribution-ShareAlike (BY-SA) Creative Commons License and GNU Free Documentation License (GFDL),"California Academy of Sciences, 2000-2008",GEODETIC_DATUM_ASSUMED_WGS84;CONTINENT_DERIVED_FROM_COORDINATES;COLLECTION_MATCH_NONE;INSTITUTION_MATCH_FUZZY,Camponotus,1,data/images/Camponotus/casent0104647_p.jpg,commons,train
865117989,CAS:ANTWEB:casent0106094,casent0106094,casent0106094,p,1326298,Platythyrea,ponerinae,Platythyrea mocquerysi,"Platythyrea mocquerysi Emery, 1899",,SPECIES,,worker,,Toliara,"Res. Beza Mahafaly, Parcel 1",-23.65,44.63333,130.0,1993-02-12,P.S. Ward,Brian L. Fisher,https://www.antweb.org/images/casent0106094/casent0106094_p_1_high.jpg,casent0106094 profile view 1,Michael Branstetter,Attribution-ShareAlike (BY-SA) Creative Commons License and GNU Free Documentation License (GFDL),"California Academy of Sciences, 2000-2008",GEODETIC_DATUM_ASSUMED_WGS84;CONTINENT_DERIVED_FROM_COORDINATES;COLLECTION_MATCH_NONE;INSTITUTION_MATCH_FUZZY,Platythyrea,1,data/images/Platythyrea/casent0106094_p.jpg,commons,train
865118333,CAS:ANTWEB:casent0106134,casent0106134,casent0106134,p,1319181,Tetraponera,pseudomyrmecinae,,"Tetraponera Smith, 1852",,GENUS,,worker,Holotype,Antsiranana,"Nosy Be, 2km ENE Andoany (=Hellvile)",-13.4,48.3,5.0,1989-05-04,P.S. Ward,P.S. Ward,https://www.antweb.org/images/casent0106134/casent0106134_p_1_high.jpg,casent0106134 profile view 1,April Nobile,Attribution-ShareAlike (BY-SA) Creative Commons License and GNU Free Documentation License (GFDL),"California Academy of Sciences, 2000-2008",GEODETIC_DATUM_ASSUMED_WGS84;CONTINENT_DERIVED_FROM_COORDINATES;COLLECTION_MATCH_NONE;INSTITUTION_MATCH_FUZZY,Tetraponera,1,data/images/Tetraponera/casent0106134_p.jpg,commons,train
865119417,CAS:ANTWEB:casent0107566,casent0107566,casent0107566,p,1315863,Aphaenogaster,myrmicinae,Aphaenogaster gonacantha,"Aphaenogaster gonacantha (Emery, 1899)",,SPECIES,,worker,,Antsiranana,"Forêt Ambanitaza, 26.1 km 347° Antalaha",-14.67933,50.18367,240.0,2004-11-27,Brian L. Fisher,Kelly Herbinson,https://www.antweb.org/images/casent0107566/casent0107566_p_1_high.jpg,casent0107566 profile view 1,April Nobile,Attribution-ShareAlike (BY-SA) Creative Commons License and GNU Free Documentation License (GFDL),"California Academy of Sciences, 2000-2008",GEODETIC_DATUM_ASSUMED_WGS84;CONTINENT_DERIVED_FROM_COORDINATES;COLLECTION_MATCH_NONE;INSTITUTION_MATCH_FUZZY,Aphaenogaster,1,data/images/Aphaenogaster/casent0107566_p.jpg,commons,test
865121618,CAS:ANTWEB:casent0110604,casent0110604,casent0110604,p,1317363,Terataner,myrmicinae,Terataner steinheili,"Terataner steinheili (Forel, 1895)",,SPECIES,,worker,,Toamasina,"Forêt Ambatovy, 14.3 km 57° Moramanga",-18.85083,48.32,1075.0,2004-12-18,Brian L. Fisher,,https://www.antweb.org/images/casent0110604/casent0110604_p_1_high.jpg,casent0110604 profile view 1,Erin Prado,Attribution-ShareAlike (BY-SA) Creative Commons License and GNU Free Documentation License (GFDL),"California Academy of Sciences, 2000-2008",GEODETIC_DATUM_ASSUMED_WGS84;CONTINENT_DERIVED_FROM_COORDINATES;COLLECTION_MATCH_NONE;INSTITUTION_MATCH_FUZZY,Terataner,1,data/images/Terataner/casent0110604_p.jpg,commons,test
865127505,CAS:ANTWEB:casent0121078,casent0121078,casent0121078,p,1324306,Crematogaster,myrmicinae,Crematogaster tricolor,"Crematogaster tricolor Gerstäcker, 1859",,SPECIES,,worker,,Antananarivo,Ankazobe,-18.31617,47.11583,1241.0,2007-02-09,Brian L. Fisher|Malagasy Arthropod Team,B.B. Blaimer,https://www.antweb.org/images/casent0121078/casent0121078_p_1_high.jpg,casent0121078 profile view 1,Bonnie Blaimer,Attribution-ShareAlike (BY-SA) Creative Commons License and GNU Free Documentation License (GFDL),"California Academy of Sciences, 2000-2010",GEODETIC_DATUM_ASSUMED_WGS84;CONTINENT_DERIVED_FROM_COORDINATES;COLLECTION_MATCH_NONE;INSTITUTION_MATCH_FUZZY,Crematogaster,1,data/images/Crematogaster/casent0121078_p.jpg,gbif_cache,train
865127968,CAS:ANTWEB:casent0121244,casent0121244,casent0121244,p,1323128,Tetramorium,myrmicinae,Tetramorium smaug,Tetramorium smaug Hita,,SPECIES,,worker,Holotype,Toamasina,"Ambatovy, 12.4 km NE Moramanga",-18.83937,48.30842,1080.0,2007-03-04/2007-03-07,Brian L. Fisher|Malagasy Arthropod Team,F. Hita Garcia,https://www.antweb.org/images/casent0121244/casent0121244_p_1_high.jpg,casent0121244 profile view 1,Shannon Hartman,Attribution-ShareAlike (BY-SA) Creative Commons License and GNU Free Documentation License (GFDL),"California Academy of Sciences, 2000-2010",GEODETIC_DATUM_ASSUMED_WGS84;CONTINENT_DERIVED_FROM_COORDINATES;COLLECTION_MATCH_NONE;INSTITUTION_MATCH_FUZZY,Tetramorium,1,data/images/Tetramorium/casent0121244_p.jpg,gbif_cache,train
865127866,CAS:ANTWEB:casent0121525,casent0121525,casent0121525,d,1312361,Camponotus,formicinae,Camponotus themistocles,"Camponotus themistocles (Rasoamanana & Fisher, 2022) Forel, 2022",,SPECIES,,worker,,Toliara,Forêt Mandena 8.5 km N Tolagnaro,-24.95267,47.0025,20.0,2006-12-05,Brian L. Fisher|Malagasy Arthropod Team,N. Rasoamanana,https://www.antweb.org/images/casent0121525/casent0121525_d_2_high.jpg,casent0121525 dorsal view 2,Michele Esposito,Attribution-ShareAlike (BY-SA) Creative Commons License and GNU Free Documentation License (GFDL),"California Academy of Sciences, 2000-2019",GEODETIC_DATUM_ASSUMED_WGS84;CONTINENT_DERIVED_FROM_COORDINATES;COLLECTION_MATCH_NONE;INSTITUTION_MATCH_FUZZY,Camponotus,2,data/images/Camponotus/casent0121525_d.jpg,gbif_cache,test
865131137,CAS:ANTWEB:casent0125609,casent0125609,casent0125609,p,1320039,Technomyrmex,dolichoderinae,Technomyrmex vitiensis,"Technomyrmex vitiensis Mann, 1921",,SPECIES,,worker,,Antsiranana,Antsiranana,-12.27777,49.29155,43.0,2007-03-28,Brian L. Fisher|Malagasy Arthropod Team,,https://www.antweb.org/images/casent0125609/casent0125609_p_1_high.jpg,casent0125609 profile view 1,April Nobile,Attribution-ShareAlike (BY-SA) Creative Commons License and GNU Free Documentation License (GFDL),"California Academy of Sciences, 2000-2008",GEODETIC_DATUM_ASSUMED_WGS84;CONTINENT_DERIVED_FROM_COORDINATES;COLLECTION_MATCH_NONE;INSTITUTION_MATCH_FUZZY,Technomyrmex,1,data/images/Technomyrmex/casent0125609_p.jpg,commons,train
865133051,CAS:ANTWEB:casent0128362,casent0128362,casent0128362,p,7748512,Royidris,myrmicinae,Royidris singularis,Royidris singularis Bolton & Fisher,,SPECIES,,worker,Holotype,Antananarivo,Iharanandriana,-19.15823,47.49702,1513.0,2007-05-09,Brian L. Fisher|Malagasy Arthropod Team,Barry Bolton,https://www.antweb.org/images/casent0128362/casent0128362_p_1_high.jpg,casent0128362 profile view 1,Michele Esposito,Attribution-ShareAlike (BY-SA) Creative Commons License and GNU Free Documentation License (GFDL),"California Academy of Sciences, 2000-2012",GEODETIC_DATUM_ASSUMED_WGS84;CONTINENT_DERIVED_FROM_COORDINATES;COLLECTION_MATCH_NONE;INSTITUTION_MATCH_FUZZY,Royidris,1,data/images/Royidris/casent0128362_p.jpg,gbif_cache,test
865133414,CAS:ANTWEB:casent0128740,casent0128740,casent0128740,p,1320039,Technomyrmex,dolichoderinae,Technomyrmex madecassus,"Technomyrmex madecassus Forel, 1897",,SPECIES,,worker,,Toamasina,"Tampolo, 39.3 km SSE Maroantsetra",-15.71807,49.96065,14.0,2007-08-29,Brian L. Fisher|Malagasy Arthropod Team,,https://www.antweb.org/images/casent0128740/casent0128740_p_1_high.jpg,casent0128740 profile view 1,April Nobile,Attribution-ShareAlike (BY-SA) Creative Commons License and GNU Free Documentation License (GFDL),"California Academy of Sciences, 2000-2008",GEODETIC_DATUM_ASSUMED_WGS84;CONTINENT_DERIVED_FROM_COORDINATES;COLLECTION_MATCH_NONE;INSTITUTION_MATCH_FUZZY,Technomyrmex,1,data/images/Technomyrmex/casent0128740_p.jpg,commons,train
865133688,CAS:ANTWEB:casent0128782,casent0128782,casent0128782,p,1316784,Tapinoma,dolichoderinae,Tapinoma pallipes,"Technomyrmex pallipes (F.Smith, 1876)",,SPECIES,,worker,,Antananarivo,Alasora,-18.96245,47.58925,1434.0,2007-05-04,Brian L. Fisher|Malagasy Arthropod Team,,https://www.antweb.org/images/casent0128782/casent0128782_p_1_high.jpg,casent0128782 profile view 1,April Nobile,Attribution-ShareAlike (BY-SA) Creative Commons License and GNU Free Documentation License (GFDL),"California Academy of Sciences, 2000-2008",GEODETIC_DATUM_ASSUMED_WGS84;CONTINENT_DERIVED_FROM_COORDINATES;COLLECTION_MATCH_NONE;INSTITUTION_MATCH_FUZZY,Tapinoma,1,data/images/Tapinoma/casent0128782_p.jpg,commons,train
865137118,CAS:ANTWEB:casent0136347,casent0136347,casent0136347,p,1325265,Cataulacus,myrmicinae,Cataulacus oberthueri,"Cataulacus oberthueri Emery, 1891",,SPECIES,,worker,,Toamasina,Sahafina forest 11.4 km W Brickaville,-18.81445,48.96205,140.0,2007-12-14,Brian L. Fisher|Malagasy Arthropod Team,,https://www.antweb.org/images/casent0136347/casent0136347_p_1_high.jpg,casent0136347 profile view 1,Erin Prado,Attribution-ShareAlike (BY-SA) Creative Commons License and GNU Free Documentation License (GFDL),"California Academy of Sciences, 2000-2008",GEODETIC_DATUM_ASSUMED_WGS84;CONTINENT_DERIVED_FROM_COORDINATES;COLLECTION_MATCH_NONE;INSTITUTION_MATCH_FUZZY,Cataulacus,1,data/images/Cataulacus/casent0136347_p.jpg,commons,train
865137614,CAS:ANTWEB:casent0136420,casent0136420,casent0136420,p,1319181,Tetraponera,pseudomyrmecinae,,"Tetraponera Smith, 1852",,GENUS,,worker,,Antsiranana,Nosy Be airport,-13.3138,48.31509,25.0,2008-04-15,Brian L. Fisher|Malagasy Arthropod Team,P.S. Ward,https://www.antweb.org/images/casent0136420/casent0136420_p_1_high.jpg,casent0136420 profile view 1,April Nobile,Attribution-ShareAlike (BY-SA) Creative Commons License and GNU Free Documentation License (GFDL),"California Academy of Sciences, 2000-2008",GEODETIC_DATUM_ASSUMED_WGS84;CONTINENT_DERIVED_FROM_COORDINATES;COLLECTION_MATCH_NONE;INSTITUTION_MATCH_FUZZY,Tetraponera,1,data/images/Tetraponera/casent0136420_p.jpg,commons,train
865137317,CAS:ANTWEB:casent0136493,casent0136493,casent0136493,p,1326355,Mystrium,amblyoponinae,Mystrium oberthueri,"Mystrium oberthueri Forel, 1897",,SPECIES,,worker,,Toamasina,"Réserve Nationale Intégrale Betampona, Betampona 35.1 km NW Toamasina",-17.91801,49.20074,500.0,2007-12-16,Brian L. Fisher|Malagasy Arthropod Team,Masashi Yoshimura,https://www.antweb.org/images/casent0136493/casent0136493_p_1_high.jpg,casent0136493 profile view 1,Erin Prado,Attribution-ShareAlike (BY-SA) Creative Commons License and GNU Free Documentation License (GFDL),"California Academy of Sciences, 2000-2008",GEODETIC_DATUM_ASSUMED_WGS84;CONTINENT_DERIVED_FROM_COORDINATES;COLLECTION_MATCH_NONE;INSTITUTION_MATCH_FUZZY,Mystrium,1,data/images/Mystrium/casent0136493_p.jpg,commons,train
865138026,CAS:ANTWEB:casent0136912,casent0136912,casent0136912,p,1319181,Tetraponera,pseudomyrmecinae,,"Tetraponera Smith, 1852",,GENUS,,worker,,Antsiranana,Nosy Be airport,-13.3138,48.31509,25.0,2008-04-15,Brian L. Fisher|Malagasy Arthropod Team,P.S. Ward,https://www.antweb.org/images/casent0136912/casent0136912_p_1_high.jpg,casent0136912 profile view 1,April Nobile,Attribution-ShareAlike (BY-SA) Creative Commons License and GNU Free Documentation License (GFDL),"California Academy of Sciences, 2000-2008",GEODETIC_DATUM_ASSUMED_WGS84;CONTINENT_DERIVED_FROM_COORDINATES;COLLECTION_MATCH_NONE;INSTITUTION_MATCH_FUZZY,Tetraponera,1,data/images/Tetraponera/casent0136912_p.jpg,commons,train
865140602,CAS:ANTWEB:casent0140925,casent0140925,casent0140925,p,1324306,Crematogaster,myrmicinae,Crematogaster malala,Crematogaster malala,,SPECIES,,worker,Holotype,Fianarantsoa,"Parc naturel communautaire, 29,3 km SW Ambositra",-20.79751,47.1791,1782.0,2008-05-20,Brian L. Fisher|Malagasy Arthropod Team,B.B. Blaimer,https://www.antweb.org/images/casent0140925/casent0140925_p_1_high.jpg,casent0140925 profile view 1,Bonnie Blaimer,Attribution-ShareAlike (BY-SA) Creative Commons License and GNU Free Documentation License (GFDL),"California Academy of Sciences, 2000-2010",GEODETIC_DATUM_ASSUMED_WGS84;CONTINENT_DERIVED_FROM_COORDINATES;COLLECTION_MATCH_NONE;INSTITUTION_MATCH_FUZZY,Crematogaster,1,data/images/Crematogaster/casent0140925_p.jpg,gbif_cache,train
865140966,CAS:ANTWEB:casent0141843,casent0141843,casent0141843,p,1326355,Mystrium,amblyoponinae,Mystrium voeltzkowi,"Mystrium voeltzkowi Forel, 1897",,SPECIES,,worker,,Antsiranana,Forêt d'Ampombofofo,-12.09949,49.33874,25.0,2007-11-21/2007-11-22,Brian L. Fisher|Malagasy Arthropod Team,Masashi Yoshimura,https://www.antweb.org/images/casent0141843/casent0141843_p_1_high.jpg,casent0141843 profile view 1,Erin Prado,Attribution-ShareAlike (BY-SA) Creative Commons License and GNU Free Documentation License (GFDL),"California Academy of Sciences, 2000-2008",GEODETIC_DATUM_ASSUMED_WGS84;CONTINENT_DERIVED_FROM_COORDINATES;TAXON_MATCH_HIGHERRANK;COLLECTION_MATCH_NONE;INSTITUTION_MATCH_FUZZY,Mystrium,1,data/images/Mystrium/casent0141843_p.jpg,commons,train
865143445,CAS:ANTWEB:casent0145284,casent0145284,casent0145284,p,1312361,Camponotus,formicinae,Camponotus tendryi,"Camponotus tendryi Rakotonirina & Fisher, 2022",,SPECIES,,worker,Holotype,Toamasina,"Réserve Naturelle Betampona, 34.08 km 332° Toamasina",-17.91977,49.20039,525.0,2009-01-25/2009-02-01,Brian L. Fisher,Jean Claude Rakotonirina,https://www.antweb.org/images/casent0145284/casent0145284_p_1_high.jpg,casent0145284 profile view 1,Michele Esposito,Attribution-ShareAlike (BY-SA) Creative Commons License and GNU Free Documentation License (GFDL),"California Academy of Sciences, 2000-2019",GEODETIC_DATUM_ASSUMED_WGS84;CONTINENT_DERIVED_FROM_COORDINATES;COLLECTION_MATCH_NONE;INSTITUTION_MATCH_FUZZY,Camponotus,1,data/images/Camponotus/casent0145284_p.jpg,gbif_cache,train
865145828,CAS:ANTWEB:casent0148842,casent0148842,casent0148842,p,1314419,Monomorium,myrmicinae,Monomorium exiguum,"Monomorium exiguum Forel, 1894",,SPECIES,,worker,,Fianarantsoa,"Réserve Spéciale Kalambatritra, Ambinanitelo",-23.45373,46.45773,1345.0,2009-02-11,Brian L. Fisher|Malagasy Arthropod Team,,https://www.antweb.org/images/casent0148842/casent0148842_p_1_high.jpg,casent0148842 profile view 1,Erin Prado,Attribution-ShareAlike (BY-SA) Creative Commons License and GNU Free Documentation License (GFDL),"California Academy of Sciences, 2000-2010",GEODETIC_DATUM_ASSUMED_WGS84;CONTINENT_DERIVED_FROM_COORDINATES;COLLECTION_MATCH_NONE;INSTITUTION_MATCH_FUZZY,Monomorium,1,data/images/Monomorium/casent0148842_p.jpg,gbif_cache,train
865146841,CAS:ANTWEB:casent0150215,casent0150215,casent0150215,p,1312361,Camponotus,formicinae,Camponotus hova,"Camponotus hova Forel, 1891",,SPECIES,,worker,,Toliara,"Parcel I, Beza Mahafaly Reserve, near research station, Tulear Province",-23.6865,44.591,165.0,2002-04-29/2002-05-19,Rin'ha Harin'Hala,Jean Claude Rakotonirina,https://www.antweb.org/images/casent0150215/casent0150215_p_1_high.jpg,casent0150215 profile view 1,Michele Esposito,Attribution-ShareAlike (BY-SA) Creative Commons License and GNU Free Documentation License (GFDL),"California Academy of Sciences, 2000-2019",GEODETIC_DATUM_ASSUMED_WGS84;CONTINENT_DERIVED_FROM_COORDINATES;COLLECTION_MATCH_NONE;INSTITUTION_MATCH_FUZZY,Camponotus,1,data/images/Camponotus/casent0150215_p.jpg,gbif_cache,train
865148753,CAS:ANTWEB:casent0153610,casent0153610,casent0153610,p,1323128,Tetramorium,myrmicinae,Tetramorium cognatum,"Tetramorium cognatum Bolton, 1979",,SPECIES,,worker,,Toamasina,"Parc National de Zahamena, Tetezambatana forest, near junction of Nosivola and Manakambahiny Rivers",-17.74298,48.72936,,2009-02-18/2009-02-19,Brian L. Fisher|Malagasy Arthropod Team,F. Hita Garcia,https://www.antweb.org/images/casent0153610/casent0153610_p_1_high.jpg,casent0153610 profile view 1,Estella Ortega,Attribution-ShareAlike (BY-SA) Creative Commons License and GNU Free Documentation License (GFDL),"California Academy of Sciences, 2000-2010",GEODETIC_DATUM_ASSUMED_WGS84;CONTINENT_DERIVED_FROM_COORDINATES;COLLECTION_MATCH_NONE;INSTITUTION_MATCH_FUZZY,Tetramorium,1,data/images/Tetramorium/casent0153610_p.jpg,gbif_cache,train
865152647,CAS:ANTWEB:casent0161442,casent0161442,casent0161442,p,1321654,Pheidole,myrmicinae,Pheidole mantadioflava,"Pheidole mantadioflava Salata & Fisher, 2020",,SPECIES,,worker,,Toamasina,"Réserve Spéciale Ambatovaky, Sandrangato river",-16.81209,49.29216,460.0,2010-02-26,Brian L. Fisher|Malagasy Arthropod Team,S. Salata,https://www.antweb.org/images/casent0161442/casent0161442_p_1_high.jpg,casent0161442 profile view 1,Michele Esposito,Attribution-ShareAlike (BY-SA) Creative Commons License and GNU Free Documentation License (GFDL),"California Academy of Sciences, 2000-2012",GEODETIC_DATUM_ASSUMED_WGS84;CONTINENT_DERIVED_FROM_COORDINATES;COLLECTION_MATCH_NONE;INSTITUTION_MATCH_FUZZY,Pheidole,1,data/images/Pheidole/casent0161442_p.jpg,gbif_cache,test
865154986,CAS:ANTWEB:casent0163357,casent0163357,casent0163357,p,1323128,Tetramorium,myrmicinae,,"Tetramorium Mayr, 1855",,GENUS,,worker,,Toamasina,"Réserve Spéciale Ambatovaky, Sandrangato river",-16.81739,49.29402,360.0,2010-02-25/2010-02-27,Brian L. Fisher|Malagasy Arthropod Team,F. Hita Garcia,https://www.antweb.org/images/casent0163357/casent0163357_p_1_high.jpg,casent0163357 profile view 1,Estella Ortega,Attribution-ShareAlike (BY-SA) Creative Commons License and GNU Free Documentation License (GFDL),"California Academy of Sciences, 2000-2010",GEODETIC_DATUM_ASSUMED_WGS84;CONTINENT_DERIVED_FROM_COORDINATES;TAXON_MATCH_HIGHERRANK;COLLECTION_MATCH_NONE;INSTITUTION_MATCH_FUZZY,Tetramorium,1,data/images/Tetramorium/casent0163357_p.jpg,gbif_cache,train
865154556,CAS:ANTWEB:casent0164205,casent0164205,casent0164205,p,1319685,Pachycondyla,ponerinae,,"Euponera Forel, 1891",,GENUS,,worker,,Toamasina,"Réserve Spéciale Ambatovaky, Sandrangato river",-16.81739,49.29402,360.0,2010-02-25/2010-02-27,Brian L. Fisher|Malagasy Arthropod Team,Jean Claude Rakotonirina,https://www.antweb.org/images/casent0164205/casent0164205_p_1_high.jpg,casent0164205 profile view 1,Erin Prado,Attribution-ShareAlike (BY-SA) Creative Commons License and GNU Free Documentation License (GFDL),"California Academy of Sciences, 2000-2010",GEODETIC_DATUM_ASSUMED_WGS84;CONTINENT_DERIVED_FROM_COORDINATES;COLLECTION_MATCH_NONE;INSTITUTION_MATCH_FUZZY,Pachycondyla,1,data/images/Pachycondyla/casent0164205_p.jpg,gbif_cache,train
865158284,CAS:ANTWEB:casent0172602,casent0172602,casent0172602,p,1326355,Mystrium,amblyoponinae,Mystrium rogeri,"Mystrium rogeri Forel, 1899",,SPECIES,,worker,,Antananarivo,Ambatomanjaka; Miarinarivo,-18.70515,46.82528,1399.0,,,,https://www.antweb.org/images/casent0172602/casent0172602_p_1_high.jpg,casent0172602 profile view 1,April Nobile,Attribution-ShareAlike (BY-SA) Creative Commons License and GNU Free Documentation License (GFDL),"California Academy of Sciences, 2000-2008",GEODETIC_DATUM_ASSUMED_WGS84;CONTINENT_DERIVED_FROM_COORDINATES;COLLECTION_MATCH_NONE;INSTITUTION_MATCH_FUZZY,Mystrium,1,data/images/Mystrium/casent0172602_p.jpg,commons,train
865158418,CAS:ANTWEB:casent0172819,casent0172819,casent0172819,p,1324306,Crematogaster,myrmicinae,Crematogaster dentata,"Crematogaster dentata Dalla Torre, 1893",,SPECIES,,worker,,Toliara,"Bekonazy to 5 km s, forest with baobabs (n. of Morondava); Morondava",-20.28333,44.31667,6.0,1969-03-24,W.L. Brown,B.B. Blaimer,https://www.antweb.org/images/casent0172819/casent0172819_p_1_high.jpg,casent0172819 profile view 1,April Nobile,Attribution-ShareAlike (BY-SA) Creative Commons License and GNU Free Documentation License (GFDL),"California Academy of Sciences, 2000-2007",GEODETIC_DATUM_ASSUMED_WGS84;CONTINENT_DERIVED_FROM_COORDINATES;COLLECTION_MATCH_NONE;INSTITUTION_MATCH_FUZZY,Crematogaster,1,data/images/Crematogaster/casent0172819_p.jpg,commons,train
865158496,CAS:ANTWEB:casent0172822,casent0172822,casent0172822,p,1324306,Crematogaster,myrmicinae,Crematogaster schencki,"Crematogaster schencki Forel, 1891",,SPECIES,,worker,,Toamasina,Perinet; Andasibe; Moramanga,-18.92759,48.41435,933.0,1969-03-17,W.L. Brown,,https://www.antweb.org/images/casent0172822/casent0172822_p_1_high.jpg,casent0172822 profile view 1,April Nobile,Attribution-ShareAlike (BY-SA) Creative Commons License and GNU Free Documentation License (GFDL),"California Academy of Sciences, 2000-2008",GEODETIC_DATUM_ASSUMED_WGS84;CONTINENT_DERIVED_FROM_COORDINATES;COLLECTION_MATCH_NONE;INSTITUTION_MATCH_FUZZY,Crematogaster,1,data/images/Crematogaster/casent0172822_p.jpg,commons,train
865158593,CAS:ANTWEB:casent0172826,casent0172826,casent0172826,p,1317363,Terataner,myrmicinae,Terataner steinheili,"Terataner steinheili (Forel, 1895)",,SPECIES,,worker,,Antananarivo,Central Madagascar; Ambatomanjaka; Miarinarivo,-18.876091,46.865776,1343.0,,,,https://www.antweb.org/images/casent0172826/casent0172826_p_1_high.jpg,casent0172826 profile view 1,April Nobile,Attribution-ShareAlike (BY-SA) Creative Commons License and GNU Free Documentation License (GFDL),"California Academy of Sciences, 2000-2008",GEODETIC_DATUM_ASSUMED_WGS84;CONTINENT_DERIVED_FROM_COORDINATES;COLLECTION_MATCH_NONE;INSTITUTION_MATCH_FUZZY,Terataner,1,data/images/Terataner/casent0172826_p.jpg,commons,test
865158612,CAS:ANTWEB:casent0172827,casent0172827,casent0172827,p,1317363,Terataner,myrmicinae,Terataner steinheili,"Terataner steinheili (Forel, 1895)",,SPECIES,,worker,,Antananarivo,"11.5 km SSE Anjozorobe, Forest d'Andranomay",-18.47333,47.96,1300.0,2001-03-05,Gary D. Alpert,Gary D. Alpert,https://www.antweb.org/images/casent0172827/casent0172827_p_1_high.jpg,casent0172827 profile view 1,April Nobile,Attribution-ShareAlike (BY-SA) Creative Commons License and GNU Free Documentation License (GFDL),"California Academy of Sciences, 2000-2008",GEODETIC_DATUM_ASSUMED_WGS84;CONTINENT_DERIVED_FROM_COORDINATES;COLLECTION_MATCH_NONE;INSTITUTION_MATCH_FUZZY,Terataner,1,data/images/Terataner/casent0172827_p.jpg,commons,train
865158142,CAS:ANTWEB:casent0172829,casent0172829,casent0172829,p,1323128,Tetramorium,myrmicinae,Tetramorium isectum,"Tetramorium isectum Bolton, 1979",,SPECIES,,worker,Holotype,Toamasina,Beforona; Moramanga,-18.96735,48.57821,520.0,1974-09-01,A. Peyrieras,Barry Bolton,https://www.antweb.org/images/casent0172829/casent0172829_p_1_high.jpg,casent0172829 profile view 1,April Nobile,Attribution-ShareAlike (BY-SA) Creative Commons License and GNU Free Documentation License (GFDL),"California Academy of Sciences, 2000-2008",GEODETIC_DATUM_ASSUMED_WGS84;CONTINENT_DERIVED_FROM_COORDINATES;COLLECTION_MATCH_NONE;INSTITUTION_MATCH_FUZZY,Tetramorium,1,data/images/Tetramorium/casent0172829_p.jpg,commons,test
865158171,CAS:ANTWEB:casent0172830,casent0172830,casent0172830,p,1323128,Tetramorium,myrmicinae,Tetramorium ibycterum,"Tetramorium ibycterum Bolton, 1979",,SPECIES,,worker,Holotype,Antsiranana,Côte Ouest. Jangoa; Ndangoa; Ambanja,-13.78333,48.31667,8.0,1966-01-18,J.-M. Betsch,Barry Bolton,https://www.antweb.org/images/casent0172830/casent0172830_p_1_high.jpg,casent0172830 profile view 1,April Nobile,Attribution-ShareAlike (BY-SA) Creative Commons License and GNU Free Documentation License (GFDL),"California Academy of Sciences, 2000-2008",GEODETIC_DATUM_ASSUMED_WGS84;CONTINENT_DERIVED_FROM_COORDINATES;COLLECTION_MATCH_NONE;INSTITUTION_MATCH_FUZZY,Tetramorium,1,data/images/Tetramorium/casent0172830_p.jpg,commons,train
865158199,CAS:ANTWEB:casent0172831,casent0172831,casent0172831,p,1323128,Tetramorium,myrmicinae,Tetramorium plesiarum,"Tetramorium plesiarum Bolton, 1979",,SPECIES,,worker,Holotype,Mahajanga,Causse de Kelifely; Antanimbaribe; Kandreho,-17.20239,45.89134,465.0,1974-11-20/1974-11-30,A. Peyrieras,Barry Bolton,https://www.antweb.org/images/casent0172831/casent0172831_p_1_high.jpg,casent0172831 profile view 1,April Nobile,Attribution-ShareAlike (BY-SA) Creative Commons License and GNU Free Documentation License (GFDL),"California Academy of Sciences, 2000-2008",GEODETIC_DATUM_ASSUMED_WGS84;CONTINENT_DERIVED_FROM_COORDINATES;COLLECTION_MATCH_NONE;INSTITUTION_MATCH_FUZZY,Tetramorium,1,data/images/Tetramorium/casent0172831_p.jpg,commons,test
865158378,CAS:ANTWEB:casent0172864,casent0172864,casent0172864,p,4681352,Syllophopsis,myrmicinae,Syllophopsis adiastolon,Syllophopsis adiastolon,,SPECIES,,worker,Holotype,Antsiranana,Prov.Antsiranana R.S. Manongarivo 17.3 km 218° SW Antanambao,-14.02167,48.41833,1580.0,1998-10-27,Brian L. Fisher,,https://www.antweb.org/images/casent0172864/casent0172864_p_1_high.jpg,casent0172864 profile view 1,April Nobile,Attribution-ShareAlike (BY-SA) Creative Commons License and GNU Free Documentation License (GFDL),"California Academy of Sciences, 2000-2008",GEODETIC_DATUM_ASSUMED_WGS84;CONTINENT_DERIVED_FROM_COORDINATES;COLLECTION_MATCH_NONE;INSTITUTION_MATCH_FUZZY,Syllophopsis,1,data/images/Syllophopsis/casent0172864_p.jpg,commons,train
865158383,CAS:ANTWEB:casent0172919,casent0172919,casent0172919,p,4681352,Syllophopsis,myrmicinae,,"Syllophopsis Santschi, 1915",,GENUS,,worker,Holotype,Toamasina,"6.9 km NE Ambanizana, Ambohitsitondroina",-15.58506,50.00952,825.0,1993-12-02,Brian L. Fisher,,https://www.antweb.org/images/casent0172919/casent0172919_p_1_high.jpg,casent0172919 profile view 1,April Nobile,Attribution-ShareAlike (BY-SA) Creative Commons License and GNU Free Documentation License (GFDL),"California Academy of Sciences, 2000-2008",GEODETIC_DATUM_ASSUMED_WGS84;CONTINENT_DERIVED_FROM_COORDINATES;COLLECTION_MATCH_NONE;INSTITUTION_MATCH_FUZZY,Syllophopsis,1,data/images/Syllophopsis/casent0172919_p.jpg,commons,test
865158733,CAS:ANTWEB:casent0173078,casent0173078,casent0173078,p,4673512,Lioponera,dorylinae,,"Lioponera Mayr, 1879",,GENUS,,worker,,Toamasina,Périnet & vic.; Andasibe; Moramanga,-18.9333,48.4167,933.0,1969-03-18,W.L. Brown,,https://www.antweb.org/images/casent0173078/casent0173078_p_1_high.jpg,casent0173078 profile view 1,April Nobile,Attribution-ShareAlike (BY-SA) Creative Commons License and GNU Free Documentation License (GFDL),"California Academy of Sciences, 2000-2008",GEODETIC_DATUM_ASSUMED_WGS84;CONTINENT_DERIVED_FROM_COORDINATES;COLLECTION_MATCH_NONE;INSTITUTION_MATCH_FUZZY,Lioponera,1,data/images/Lioponera/casent0173078_p.jpg,commons,train
865158884,CAS:ANTWEB:casent0173211,casent0173211,casent0173211,p,1324306,Crematogaster,myrmicinae,Crematogaster madecassa,"Crematogaster madecassa Emery, 1895",,SPECIES,,worker,,Antsiranana,Diego Suarez; Bevohotra; Sambava,-14.0,49.5,797.0,,,,https://www.antweb.org/images/casent0173211/casent0173211_p_1_high.jpg,casent0173211 profile view 1,April Nobile,Attribution-ShareAlike (BY-SA) Creative Commons License and GNU Free Documentation License (GFDL),"California Academy of Sciences, 2000-2008",GEODETIC_DATUM_ASSUMED_WGS84;CONTINENT_DERIVED_FROM_COORDINATES;COLLECTION_MATCH_NONE;INSTITUTION_MATCH_FUZZY,Crematogaster,1,data/images/Crematogaster/casent0173211_p.jpg,commons,train
865158763,CAS:ANTWEB:casent0173312,casent0173312,casent0173312,p,1321654,Pheidole,myrmicinae,Pheidole spinosa,"Pheidole spinosa Forel, 1891",,SPECIES,,worker,,Fianarantsoa,Imerina; Fahizay; Ambositra,-20.5,47.33333,1317.0,,Sikora,S. Salata,https://www.antweb.org/images/casent0173312/casent0173312_p_1_high.jpg,casent0173312 profile view 1,April Nobile,Attribution-ShareAlike (BY-SA) Creative Commons License and GNU Free Documentation License (GFDL),"California Academy of Sciences, 2000-2008",GEODETIC_DATUM_ASSUMED_WGS84;CONTINENT_DERIVED_FROM_COORDINATES;COLLECTION_MATCH_NONE;INSTITUTION_MATCH_FUZZY,Pheidole,1,data/images/Pheidole/casent0173312_p.jpg,commons,train
865159075,CAS:ANTWEB:casent0173547,casent0173547,casent0173547,p,1314419,Monomorium,myrmicinae,Monomorium bifidoclypeatum,Monomorium bifidoclypeatum Heterick,,SPECIES,,worker,Holotype,Antsiranana,Prov.Antsiranana R.S. Manongarivo 17.3 km 218° SW Antanambao,-14.02167,48.41833,1580.0,1998-10-27,Brian L. Fisher,,https://www.antweb.org/images/casent0173547/casent0173547_p_1_high.jpg,casent0173547 profile view 1,April Nobile,Attribution-ShareAlike (BY-SA) Creative Commons License and GNU Free Documentation License (GFDL),"California Academy of Sciences, 2000-2008",GEODETIC_DATUM_ASSUMED_WGS84;CONTINENT_DERIVED_FROM_COORDINATES;COLLECTION_MATCH_NONE;INSTITUTION_MATCH_FUZZY,Monomorium,1,data/images/Monomorium/casent0173547_p.jpg,commons,train
865159451,CAS:ANTWEB:casent0173584,casent0173584,casent0173584,p,1314419,Monomorium,myrmicinae,Monomorium cryptobium,"Syllophopsis cryptobia Santschi, 1921",,SPECIES,,worker,,Antsiranana,"R.S. Manongarivo, 12.8 km 228° SW Antanambao",-13.97667,48.42333,780.0,1998-10-11,Brian L. Fisher,,https://www.antweb.org/images/casent0173584/casent0173584_p_1_high.jpg,casent0173584 profile view 1,April Nobile,Attribution-ShareAlike (BY-SA) Creative Commons License and GNU Free Documentation License (GFDL),"California Academy of Sciences, 2000-2008",GEODETIC_DATUM_ASSUMED_WGS84;CONTINENT_DERIVED_FROM_COORDINATES;COLLECTION_MATCH_NONE;INSTITUTION_MATCH_FUZZY,Monomorium,1,data/images/Monomorium/casent0173584_p.jpg,commons,train
865158999,CAS:ANTWEB:casent0173588,casent0173588,casent0173588,p,4681352,Syllophopsis,myrmicinae,Syllophopsis ferodens,Syllophopsis ferodens,,SPECIES,,worker,Holotype,Fianarantsoa,"40 km S Ambalavao, Rés. Andringitra",-22.21667,46.96667,1275.0,1993-10-15,Brian L. Fisher,,https://www.antweb.org/images/casent0173588/casent0173588_p_1_high.jpg,casent0173588 profile view 1,April Nobile,Attribution-ShareAlike (BY-SA) Creative Commons License and GNU Free Documentation License (GFDL),"California Academy of Sciences, 2000-2008",GEODETIC_DATUM_ASSUMED_WGS84;CONTINENT_DERIVED_FROM_COORDINATES;COLLECTION_MATCH_NONE;INSTITUTION_MATCH_FUZZY,Syllophopsis,1,data/images/Syllophopsis/casent0173588_p.jpg,commons,train
865159024,CAS:ANTWEB:casent0173589,casent0173589,casent0173589,p,1314419,Monomorium,myrmicinae,Monomorium bifidoclypeatum,Monomorium bifidoclypeatum Heterick,,SPECIES,,worker,,Antsiranana,"R.S. Manongarivo, 20.4 km 219° SW Antanambao",-14.04667,48.40167,1860.0,1998-11-03,Brian L. Fisher,,https://www.antweb.org/images/casent0173589/casent0173589_p_1_high.jpg,casent0173589 profile view 1,April Nobile,Attribution-ShareAlike (BY-SA) Creative Commons License and GNU Free Documentation License (GFDL),"California Academy of Sciences, 2000-2008",GEODETIC_DATUM_ASSUMED_WGS84;CONTINENT_DERIVED_FROM_COORDINATES;COLLECTION_MATCH_NONE;INSTITUTION_MATCH_FUZZY,Monomorium,1,data/images/Monomorium/casent0173589_p.jpg,commons,train
865159049,CAS:ANTWEB:casent0173590,casent0173590,casent0173590,p,4681352,Syllophopsis,myrmicinae,Syllophopsis gongromos,Syllophopsis gongromos,,SPECIES,,worker,Holotype,Toamasina,F.C. Sandranantitra,-18.04833,49.09167,450.0,1999-01-18/1999-01-21,H.J. Ratsirarson,,https://www.antweb.org/images/casent0173590/casent0173590_p_1_high.jpg,casent0173590 profile view 1,April Nobile,Attribution-ShareAlike (BY-SA) Creative Commons License and GNU Free Documentation License (GFDL),"California Academy of Sciences, 2000-2008",GEODETIC_DATUM_ASSUMED_WGS84;CONTINENT_DERIVED_FROM_COORDINATES;COLLECTION_MATCH_NONE;INSTITUTION_MATCH_FUZZY,Syllophopsis,1,data/images/Syllophopsis/casent0173590_p.jpg,commons,train
865159074,CAS:ANTWEB:casent0173591,casent0173591,casent0173591,p,4681352,Syllophopsis,myrmicinae,Syllophopsis infusca,Syllophopsis infusca,,SPECIES,,worker,Holotype,Toamasina,"5.3 km SSE Ambanizana, Andranobe",-15.67133,49.97395,425.0,1993-11-21,Brian L. Fisher,,https://www.antweb.org/images/casent0173591/casent0173591_p_1_high.jpg,casent0173591 profile view 1,April Nobile,Attribution-ShareAlike (BY-SA) Creative Commons License and GNU Free Documentation License (GFDL),"California Academy of Sciences, 2000-2008",GEODETIC_DATUM_ASSUMED_WGS84;CONTINENT_DERIVED_FROM_COORDINATES;COLLECTION_MATCH_NONE;INSTITUTION_MATCH_FUZZY,Syllophopsis,1,data/images/Syllophopsis/casent0173591_p.jpg,commons,test
865159118,CAS:ANTWEB:casent0173593,casent0173593,casent0173593,p,1314419,Monomorium,myrmicinae,Monomorium bifidoclypeatum,Monomorium bifidoclypeatum Heterick,,SPECIES,,worker,,Antsiranana,"R.S. Manongarivo, 20.4 km 219° SW Antanambao",-14.04667,48.40167,1860.0,1998-11-03,Brian L. Fisher,,https://www.antweb.org/images/casent0173593/casent0173593_p_1_high.jpg,casent0173593 profile view 1,April Nobile,Attribution-ShareAlike (BY-SA) Creative Commons License and GNU Free Documentation License (GFDL),"California Academy of Sciences, 2000-2008",GEODETIC_DATUM_ASSUMED_WGS84;CONTINENT_DERIVED_FROM_COORDINATES;COLLECTION_MATCH_NONE;INSTITUTION_MATCH_FUZZY,Monomorium,1,data/images/Monomorium/casent0173593_p.jpg,commons,train
865159264,CAS:ANTWEB:casent0173599,casent0173599,casent0173599,p,1314419,Monomorium,myrmicinae,Monomorium micrommaton,"Monomorium micrommaton Heterick, 2006",,SPECIES,,worker,Holotype,Toamasina,P.N. Mantadia,-18.79167,48.42667,895.0,1998-11-28/1998-12-01,H.J. Ratsirarson,,https://www.antweb.org/images/casent0173599/casent0173599_p_1_high.jpg,casent0173599 profile view 1,April Nobile,Attribution-ShareAlike (BY-SA) Creative Commons License and GNU Free Documentation License (GFDL),"California Academy of Sciences, 2000-2008",GEODETIC_DATUM_ASSUMED_WGS84;CONTINENT_DERIVED_FROM_COORDINATES;COLLECTION_MATCH_NONE;INSTITUTION_MATCH_FUZZY,Monomorium,1,data/images/Monomorium/casent0173599_p.jpg,commons,train
865162166,CAS:ANTWEB:casent0178196,casent0178196,casent0178196,p,1315863,Aphaenogaster,myrmicinae,Aphaenogaster swammerdami,"Aphaenogaster swammerdami Forel, 1886",,SPECIES,,worker,,Toliara,"Grand Lavasoa, 25.9km W Tolagnaro",-25.08767,46.749,450.0,2006-11-30,Brian L. Fisher|Malagasy Arthropod Team,,https://www.antweb.org/images/casent0178196/casent0178196_p_1_high.jpg,casent0178196 profile view 1,April Nobile,Attribution-ShareAlike (BY-SA) Creative Commons License and GNU Free Documentation License (GFDL),"California Academy of Sciences, 2000-2008",GEODETIC_DATUM_ASSUMED_WGS84;CONTINENT_DERIVED_FROM_COORDINATES;COLLECTION_MATCH_NONE;INSTITUTION_MATCH_FUZZY,Aphaenogaster,1,data/images/Aphaenogaster/casent0178196_p.jpg,commons,train
865163230,CAS:ANTWEB:casent0178903,casent0178903,casent0178903,p,1325265,Cataulacus,myrmicinae,Cataulacus intrudens,"Cataulacus intrudens (Smith, 1876)",,SPECIES,,worker,,Toliara,"2km SW Mahamavo, Rés.Andohahela",-24.78333,46.7,320.0,1993-02-06,P.S. Ward,,https://www.antweb.org/images/casent0178903/casent0178903_p_1_high.jpg,casent0178903 profile view 1,Erin Prado,Attribution-ShareAlike (BY-SA) Creative Commons License and GNU Free Documentation License (GFDL),"California Academy of Sciences, 2000-2008",GEODETIC_DATUM_ASSUMED_WGS84;CONTINENT_DERIVED_FROM_COORDINATES;COLLECTION_MATCH_NONE;INSTITUTION_MATCH_FUZZY,Cataulacus,1,data/images/Cataulacus/casent0178903_p.jpg,commons,train
865163468,CAS:ANTWEB:casent0179448,casent0179448,casent0179448,p,1312361,Camponotus,formicinae,Camponotus becki,"Camponotus becki (Rakotonirina & Fisher, 2022) Santschi, 2022",,SPECIES,,worker,,Fianarantsoa,"Parc National d'Andringitra, Plateau d'Andohariana, 39.8 km 204° Ambalavao",-22.18767,46.90083,2150.0,2006-04-16,Brian L. Fisher|Malagasy Arthropod Team,Jean Claude Rakotonirina,https://www.antweb.org/images/casent0179448/casent0179448_p_1_high.jpg,casent0179448 profile view 1,Erin Prado,Attribution-ShareAlike (BY-SA) Creative Commons License and GNU Free Documentation License (GFDL),"California Academy of Sciences, 2000-2010",GEODETIC_DATUM_ASSUMED_WGS84;CONTINENT_DERIVED_FROM_COORDINATES;COLLECTION_MATCH_NONE;INSTITUTION_MATCH_FUZZY,Camponotus,1,data/images/Camponotus/casent0179448_p.jpg,gbif_cache,test
865172189,CAS:ANTWEB:casent0189276,casent0189276,casent0189276,p,7731605,Nesomyrmex,myrmicinae,Nesomyrmex flavus,"Nesomyrmex flavus Csösz & Fisher, 2016",,SPECIES,,worker,,Fianarantsoa,"29 km SSW Ambositra, Ankazomivady",-20.77667,47.165,1700.0,1998-01-14,Brian L. Fisher,Sandor Csosz,https://www.antweb.org/images/casent0189276/casent0189276_p_1_high.jpg,casent0189276 profile view 1,Erin Prado,Attribution-ShareAlike (BY-SA) Creative Commons License and GNU Free Documentation License (GFDL),"California Academy of Sciences, 2000-2008",GEODETIC_DATUM_ASSUMED_WGS84;CONTINENT_DERIVED_FROM_COORDINATES;COLLECTION_MATCH_NONE;INSTITUTION_MATCH_FUZZY,Nesomyrmex,1,data/images/Nesomyrmex/casent0189276_p.jpg,commons,train
865172213,CAS:ANTWEB:casent0189277,casent0189277,casent0189277,p,7731605,Nesomyrmex,myrmicinae,Nesomyrmex sikorai,Nesomyrmex sikorai,,SPECIES,,worker,,Fianarantsoa,"29 km SSW Ambositra, Ankazomivady",-20.77667,47.165,1700.0,1998-01-14,Brian L. Fisher,Sandor Csosz,https://www.antweb.org/images/casent0189277/casent0189277_p_1_high.jpg,casent0189277 profile view 1,Erin Prado,Attribution-ShareAlike (BY-SA) Creative Commons License and GNU Free Documentation License (GFDL),"California Academy of Sciences, 2000-2008",GEODETIC_DATUM_ASSUMED_WGS84;CONTINENT_DERIVED_FROM_COORDINATES;COLLECTION_MATCH_NONE;INSTITUTION_MATCH_FUZZY,Nesomyrmex,1,data/images/Nesomyrmex/casent0189277_p.jpg,commons,train
865173604,CAS:ANTWEB:casent0192117,casent0192117,casent0192117,p,1312361,Camponotus,formicinae,Camponotus dufouri,"Camponotus dufouri Forel, 1891",,SPECIES,,worker,,Antsiranana,"R.S. Manongarivo, 12.8 km 228° SW Antanambao",-13.97667,48.42333,780.0,1998-10-11/1998-10-17,Brian L. Fisher,,https://www.antweb.org/images/casent0192117/casent0192117_p_2_high.jpg,casent0192117 profile view 2,Michele Esposito,Attribution-ShareAlike (BY-SA) Creative Commons License and GNU Free Documentation License (GFDL),"California Academy of Sciences, 2000-2012",GEODETIC_DATUM_ASSUMED_WGS84;CONTINENT_DERIVED_FROM_COORDINATES;COLLECTION_MATCH_NONE;INSTITUTION_MATCH_FUZZY,Camponotus,2,data/images/Camponotus/casent0192117_p.jpg,gbif_cache,train
865174302,CAS:ANTWEB:casent0193045,casent0193045,casent0193045,d,1324306,Crematogaster,myrmicinae,Crematogaster lobata,"Crematogaster lobata Emery, 1895",,SPECIES,,worker,,Antsiranana,"Forêt d'Ambilomagodro, 19.7 km NNE Ambilobe",-13.0265,49.13683,40.0,2007-05-18,B.B. Blaimer,,https://www.antweb.org/images/casent0193045/casent0193045_d_2_high.jpg,casent0193045 dorsal view 2,Bonnie Blaimer,Attribution-ShareAlike (BY-SA) Creative Commons License and GNU Free Documentation License (GFDL),"California Academy of Sciences, 2000-2010",GEODETIC_DATUM_ASSUMED_WGS84;CONTINENT_DERIVED_FROM_COORDINATES;COLLECTION_MATCH_NONE;INSTITUTION_MATCH_FUZZY,Crematogaster,2,data/images/Crematogaster/casent0193045_d.jpg,gbif_cache,train
865175556,CAS:ANTWEB:casent0195294,casent0195294,casent0195294,p,1312361,Camponotus,formicinae,Camponotus repens,"Camponotus repens Forel, 1897",,SPECIES,,worker,,Toliara,Réserve Berenty,-25.01667,46.3,25.0,1993-02-10,P.S. Ward,N. Rasoamanana,https://www.antweb.org/images/casent0195294/casent0195294_p_1_high.jpg,casent0195294 profile view 1,Michele Esposito,Attribution-ShareAlike (BY-SA) Creative Commons License and GNU Free Documentation License (GFDL),"California Academy of Sciences, 2000-2012",GEODETIC_DATUM_ASSUMED_WGS84;CONTINENT_DERIVED_FROM_COORDINATES;COLLECTION_MATCH_NONE;INSTITUTION_MATCH_FUZZY,Camponotus,1,data/images/Camponotus/casent0195294_p.jpg,gbif_cache,train
865176318,CAS:ANTWEB:casent0198009,casent0198009,casent0198009,p,1321654,Pheidole,myrmicinae,Pheidole maro,"Pheidole maro Salata & Fisher, 2020",,SPECIES,,worker,,Antsiranana,"R.S. Manongarivo, 14.5 km 220° SW Antanambao",-13.99833,48.42833,1175.0,1998-10-20,Brian L. Fisher,S. Salata,https://www.antweb.org/images/casent0198009/casent0198009_p_1_high.jpg,casent0198009 profile view 1,Shannon Hartman,Attribution-ShareAlike (BY-SA) Creative Commons License and GNU Free Documentation License (GFDL),"California Academy of Sciences, 2000-2010",GEODETIC_DATUM_ASSUMED_WGS84;CONTINENT_DERIVED_FROM_COORDINATES;COLLECTION_MATCH_NONE;INSTITUTION_MATCH_FUZZY,Pheidole,1,data/images/Pheidole/casent0198009_p.jpg,gbif_cache,train
865179373,CAS:ANTWEB:casent0209055,casent0209055,casent0209055,p,1312361,Camponotus,formicinae,Camponotus imitator,"Camponotus imitator Forel, 1891",,SPECIES,,worker,,Toliara,Makay Mts.,-21.22344,45.3135,550.0,2010-11-30,Brian L. Fisher|Malagasy Arthropod Team,Nicole Rasoamanana,https://www.antweb.org/images/casent0209055/casent0209055_p_1_high.jpg,casent0209055 profile view 1,Nicole Rasoamanana,Attribution-ShareAlike (BY-SA) Creative Commons License and GNU Free Documentation License (GFDL),"California Academy of Sciences, 2000-2012",GEODETIC_DATUM_ASSUMED_WGS84;CONTINENT_DERIVED_FROM_COORDINATES;COLLECTION_MATCH_NONE;INSTITUTION_MATCH_FUZZY,Camponotus,1,data/images/Camponotus/casent0209055_p.jpg,gbif_cache,train
865182645,CAS:ANTWEB:casent0217757,casent0217757,casent0217757,p,1323128,Tetramorium,myrmicinae,Tetramorium cognatum,"Tetramorium cognatum Bolton, 1979",,SPECIES,,worker,,Fianarantsoa,"Réserve Spéciale Kalambatritra, Befarara",-23.4178,46.4478,1390.0,2009-02-07,Brian L. Fisher|Malagasy Arthropod Team,F. Hita Garcia,https://www.antweb.org/images/casent0217757/casent0217757_p_1_high.jpg,casent0217757 profile view 1,Estella Ortega,Attribution-ShareAlike (BY-SA) Creative Commons License and GNU Free Documentation License (GFDL),"California Academy of Sciences, 2000-2010",GEODETIC_DATUM_ASSUMED_WGS84;CONTINENT_DERIVED_FROM_COORDINATES;COLLECTION_MATCH_NONE;INSTITUTION_MATCH_FUZZY,Tetramorium,1,data/images/Tetramorium/casent0217757_p.jpg,gbif_cache,test
865186641,CAS:ANTWEB:casent0230800,casent0230800,casent0230800,p,1321654,Pheidole,myrmicinae,Pheidole flavodepressa,"Pheidole flavodepressa Salata & Fisher, 2020",,SPECIES,,worker,Paratype,Antsiranana,Makirovana forest,-14.104,50.03574,225.0,2011-05-04/2011-05-06,Brian L. Fisher|Malagasy Arthropod Team,S. Salata,https://www.antweb.org/images/casent0230800/casent0230800_p_1_high.jpg,casent0230800 profile view 1,Michele Esposito,Attribution-ShareAlike (BY-SA) Creative Commons License and GNU Free Documentation License (GFDL),"California Academy of Sciences, 2000-2019",GEODETIC_DATUM_ASSUMED_WGS84;CONTINENT_DERIVED_FROM_COORDINATES;COLLECTION_MATCH_NONE;INSTITUTION_MATCH_FUZZY,Pheidole,1,data/images/Pheidole/casent0230800_p.jpg,gbif_cache,train
865189428,CAS:ANTWEB:casent0235036,casent0235036,casent0235036,p,1321654,Pheidole,myrmicinae,Pheidole tenebrovulgaris,"Pheidole tenebrovulgaris Salata & Fisher, 2020",,SPECIES,,worker,Paratype,Antananarivo,Ambohidratrimo,-18.821,47.44183,1362.0,2007-05-08,Brian L. Fisher|Malagasy Arthropod Team,S. Salata,https://www.antweb.org/images/casent0235036/casent0235036_p_1_high.jpg,casent0235036 profile view 1,Michele Esposito,Attribution-ShareAlike (BY-SA) Creative Commons License and GNU Free Documentation License (GFDL),"California Academy of Sciences, 2000-2019",GEODETIC_DATUM_ASSUMED_WGS84;CONTINENT_DERIVED_FROM_COORDINATES;COLLECTION_MATCH_NONE;INSTITUTION_MATCH_FUZZY,Pheidole,1,data/images/Pheidole/casent0235036_p.jpg,gbif_cache,train
865203684,CAS:ANTWEB:casent0274442,casent0274442,casent0274442,d,4681352,Syllophopsis,myrmicinae,Syllophopsis fisheri,Syllophopsis fisheri,,SPECIES,,worker,,Toamasina,Ankerana,-18.4017,48.80605,1035.0,2012-01-24/2012-01-29,Brian L. Fisher|Malagasy Arthropod Team,,https://www.antweb.org/images/casent0274442/casent0274442_d_2_high.jpg,casent0274442 dorsal view 2,Michele Esposito,Attribution-ShareAlike (BY-SA) Creative Commons License and GNU Free Documentation License (GFDL),"California Academy of Sciences, 2000-2012",GEODETIC_DATUM_ASSUMED_WGS84;CONTINENT_DERIVED_FROM_COORDINATES;COLLECTION_MATCH_NONE;INSTITUTION_MATCH_FUZZY,Syllophopsis,2,data/images/Syllophopsis/casent0274442_d.jpg,gbif_cache,train
865204005,CAS:ANTWEB:casent0274827,casent0274827,casent0274827,p,1325265,Cataulacus,myrmicinae,Cataulacus porcatus,"Cataulacus porcatus Emery, 1899",,SPECIES,,worker,,Toamasina,Ankerana,-18.40829,48.82107,750.0,2012-01-21/2012-01-22,Brian L. Fisher|Malagasy Arthropod Team,,https://www.antweb.org/images/casent0274827/casent0274827_p_2_high.jpg,casent0274827 profile view 2,Michele Esposito,Attribution-ShareAlike (BY-SA) Creative Commons License and GNU Free Documentation License (GFDL),"California Academy of Sciences, 2000-2012",GEODETIC_DATUM_ASSUMED_WGS84;CONTINENT_DERIVED_FROM_COORDINATES;COLLECTION_MATCH_NONE;INSTITUTION_MATCH_FUZZY,Cataulacus,2,data/images/Cataulacus/casent0274827_p.jpg,gbif_cache,train
865208020,CAS:ANTWEB:casent0291293,casent0291293,casent0291293,p,4681352,Syllophopsis,myrmicinae,,"Syllophopsis Santschi, 1915",,GENUS,,worker,,Toamasina,"Corridor Forestier Analamay-Mantadia, Ambatoharanana",-18.80388,48.40506,1013.0,2012-12-12/2012-12-19,Brian L. Fisher|Malagasy Arthropod Team,,https://www.antweb.org/images/casent0291293/casent0291293_p_2_high.jpg,casent0291293 profile view 2,Michele Esposito,Attribution-ShareAlike (BY-SA) Creative Commons License and GNU Free Documentation License (GFDL),"California Academy of Sciences, 2000-2012",GEODETIC_DATUM_ASSUMED_WGS84;CONTINENT_DERIVED_FROM_COORDINATES;COLLECTION_MATCH_NONE;INSTITUTION_MATCH_FUZZY,Syllophopsis,2,data/images/Syllophopsis/casent0291293_p.jpg,gbif_cache,train
2416978470,CAS:ANTWEB:casent0299307,casent0299307,casent0299307,p,1321654,Pheidole,myrmicinae,Pheidole maro,"Pheidole maro Salata & Fisher, 2020",,SPECIES,,worker,Paratype,Toamasina,"Corridor Forestier Analamay-Mantadia, Tsaravoniana",-18.76465,48.41938,1039.0,2012-12-04/2012-12-05,Brian L. Fisher|Malagasy Arthropod Team,S. Salata,https://www.antweb.org/images/casent0299307/casent0299307_p_1_high.jpg,casent0299307 profile view 1,Michele Esposito,Attribution-ShareAlike (BY-SA) Creative Commons License and GNU Free Documentation License (GFDL),"California Academy of Sciences, 2000-2019",GEODETIC_DATUM_ASSUMED_WGS84;CONTINENT_DERIVED_FROM_COORDINATES;COLLECTION_MATCH_NONE;INSTITUTION_MATCH_FUZZY,Pheidole,1,data/images/Pheidole/casent0299307_p.jpg,gbif_cache,train
1213715136,CAS:ANTWEB:casent0300018,casent0300018,casent0300018,p,1312361,Camponotus,formicinae,Camponotus vano,"Camponotus vano Rakotonirina & Fisher, 2022",,SPECIES,,worker,,Toamasina,"Corridor Forestier Analamay-Mantadia, Ambatoharanana",-18.80388,48.40506,1013.0,2012-12-12/2012-12-19,Brian L. Fisher|Malagasy Arthropod Team,Jean Claude Rakotonirina,https://www.antweb.org/images/casent0300018/casent0300018_p_1_high.jpg,casent0300018 profile view 1,Michele Esposito,Attribution-ShareAlike (BY-SA) Creative Commons License and GNU Free Documentation License (GFDL),"California Academy of Sciences, 2000-2023",GEODETIC_DATUM_ASSUMED_WGS84;CONTINENT_DERIVED_FROM_COORDINATES;COLLECTION_MATCH_NONE;INSTITUTION_MATCH_FUZZY,Camponotus,1,data/images/Camponotus/casent0300018_p.jpg,gbif_cache,train
865208156,CAS:ANTWEB:casent0300904,casent0300904,casent0300904,p,1319685,Pachycondyla,ponerinae,Euponera sikorae,"Euponera sikorae Forel, 1891",,SPECIES,,worker,,Toamasina,"Corridor Forestier Analamay-Mantadia, Ambatoharanana",-18.80424,48.40081,968.0,2012-12-12/2012-12-19,Brian L. Fisher|Malagasy Arthropod Team,,https://www.antweb.org/images/casent0300904/casent0300904_p_2_high.jpg,casent0300904 profile view 2,Michele Esposito,Attribution-ShareAlike (BY-SA) Creative Commons License and GNU Free Documentation License (GFDL),"California Academy of Sciences, 2000-2012",GEODETIC_DATUM_ASSUMED_WGS84;CONTINENT_DERIVED_FROM_COORDINATES;COLLECTION_MATCH_NONE;INSTITUTION_MATCH_FUZZY,Pachycondyla,2,data/images/Pachycondyla/casent0300904_p.jpg,gbif_cache,test
865209011,CAS:ANTWEB:casent0317397,casent0317397,casent0317397,p,1326355,Mystrium,amblyoponinae,Mystrium eques,"Mystrium eques Yoshimura & Fisher, 2014",,SPECIES,,worker,Paratype,Toamasina,"Tampolo, Masoala Peninsula, 40.4 km 154° SSE Maroantsetra",-15.73,49.96,30.0,2001-11-28/2001-12-03,Brian L. Fisher|H.J. Ratsirarson,Masashi Yoshimura,https://www.antweb.org/images/casent0317397/casent0317397_p_1_high.jpg,casent0317397 profile view 1,Estella Ortega,Attribution-ShareAlike (BY-SA) Creative Commons License and GNU Free Documentation License (GFDL),"California Academy of Sciences, 2000-2012",GEODETIC_DATUM_ASSUMED_WGS84;CONTINENT_DERIVED_FROM_COORDINATES;COLLECTION_MATCH_NONE;INSTITUTION_MATCH_FUZZY,Mystrium,1,data/images/Mystrium/casent0317397_p.jpg,gbif_cache,test
865209597,CAS:ANTWEB:casent0317582,casent0317582,casent0317582,p,1326355,Mystrium,amblyoponinae,Mystrium mirror,"Mystrium mirror Yoshimura & Fisher, 2014",,SPECIES,,worker,,Toliara,"Parc National de Kirindy Mite, 16.3 km 127° SE Belo sur Mer",-20.79528,44.147,80.0,2001-12-06/2001-12-10,Brian L. Fisher|Charles E. Griswold|Malagasy Arthropod Team,Masashi Yoshimura,https://www.antweb.org/images/casent0317582/casent0317582_p_2_high.jpg,casent0317582 profile view 2,Masashi Yoshimura,Attribution-ShareAlike (BY-SA) Creative Commons License and GNU Free Documentation License (GFDL),"California Academy of Sciences, 2000-2012",GEODETIC_DATUM_ASSUMED_WGS84;CONTINENT_DERIVED_FROM_COORDINATES;COLLECTION_MATCH_NONE;INSTITUTION_MATCH_FUZZY,Mystrium,2,data/images/Mystrium/casent0317582_p.jpg,gbif_cache,test
865209356,CAS:ANTWEB:casent0317758,casent0317758,casent0317758,p,1324306,Crematogaster,myrmicinae,Crematogaster maina,"Crematogaster maina Blaimer, 2013",,SPECIES,,worker,Holotype,Toliara,PN Andohahela/parcel 3; 4.5km W Ranopiso,-25.013666,46.6465,160.0,2010-03-21,B.B. Blaimer,B.B. Blaimer,https://www.antweb.org/images/casent0317758/casent0317758_p_1_high.jpg,casent0317758 profile view 1,Estella Ortega,Attribution-ShareAlike (BY-SA) Creative Commons License and GNU Free Documentation License (GFDL),"California Academy of Sciences, 2000-2012",GEODETIC_DATUM_ASSUMED_WGS84;CONTINENT_DERIVED_FROM_COORDINATES;COLLECTION_MATCH_NONE;INSTITUTION_MATCH_FUZZY,Crematogaster,1,data/images/Crematogaster/casent0317758_p.jpg,gbif_cache,train
865209375,CAS:ANTWEB:casent0317759,casent0317759,casent0317759,p,1324306,Crematogaster,myrmicinae,Crematogaster maina,"Crematogaster maina Blaimer, 2013",,SPECIES,,worker,,Toliara,PN Andohahela/parcel 3; 4.5km W Ranopiso,-25.013666,46.6465,160.0,2010-03-21,B.B. Blaimer,B.B. Blaimer,https://www.antweb.org/images/casent0317759/casent0317759_p_1_high.jpg,casent0317759 profile view 1,Estella Ortega,Attribution-ShareAlike (BY-SA) Creative Commons License and GNU Free Documentation License (GFDL),"California Academy of Sciences, 2000-2012",GEODETIC_DATUM_ASSUMED_WGS84;CONTINENT_DERIVED_FROM_COORDINATES;COLLECTION_MATCH_NONE;INSTITUTION_MATCH_FUZZY,Crematogaster,1,data/images/Crematogaster/casent0317759_p.jpg,gbif_cache,test
865209854,CAS:ANTWEB:casent0318920,casent0318920,casent0318920,p,1326355,Mystrium,amblyoponinae,Mystrium shadow,"Mystrium shadow Yoshimura & Fisher, 2014",,SPECIES,,worker,Paratype,Antsiranana,"Forêt de Binara, 9.1km 233° SW Daraina",-13.26333,49.60333,725.0,2003-12-03,Brian L. Fisher,Masashi Yoshimura,https://www.antweb.org/images/casent0318920/casent0318920_p_1_high.jpg,casent0318920 profile view 1,Estella Ortega,Attribution-ShareAlike (BY-SA) Creative Commons License and GNU Free Documentation License (GFDL),"California Academy of Sciences, 2000-2012",GEODETIC_DATUM_ASSUMED_WGS84;CONTINENT_DERIVED_FROM_COORDINATES;COLLECTION_MATCH_NONE;INSTITUTION_MATCH_FUZZY,Mystrium,1,data/images/Mystrium/casent0318920_p.jpg,gbif_cache,train
1839280262,CAS:ANTWEB:casent0389498,casent0389498,casent0389498,p,1319685,Pachycondyla,ponerinae,Pachycondyla darwinii,"Parvaponera darwinii Forel, 1893",,SPECIES,,worker,,Antsiranana,Nosy Faly,-13.36255,48.49104,19.0,2017-05-17,Brian L. Fisher|Malagasy Arthropod Team,Brian L. Fisher,https://www.antweb.org/images/casent0389498/casent0389498_p_2_high.jpg,casent0389498 profile view 2,Flavia Esteves,Attribution-ShareAlike (BY-SA) Creative Commons License and GNU Free Documentation License (GFDL),"California Academy of Sciences, 2000-2021",GEODETIC_DATUM_ASSUMED_WGS84;CONTINENT_DERIVED_FROM_COORDINATES;COLLECTION_MATCH_NONE;INSTITUTION_MATCH_FUZZY,Pachycondyla,2,data/images/Pachycondyla/casent0389498_p.jpg,gbif_cache,train
1234560828,CAS:ANTWEB:casent0393113,casent0393113,casent0393113,p,7731605,Nesomyrmex,myrmicinae,Nesomyrmex flavus,"Nesomyrmex flavus Csösz & Fisher, 2016",,SPECIES,,worker,Holotype,Toliara,"Anosy Region, Anosyenne Mts, 31.2 km NW Manantenina",-24.13894,47.06804,1125.0,2015-02-26,Brian L. Fisher|F.A. Esteves|Malagasy Arthropod Team,Sandor Csosz,https://www.antweb.org/images/casent0393113/casent0393113_p_1_high.jpg,casent0393113 profile view 1,Michele Esposito,Attribution-ShareAlike (BY-SA) Creative Commons License and GNU Free Documentation License (GFDL),"California Academy of Sciences, 2000-2012",GEODETIC_DATUM_ASSUMED_WGS84;CONTINENT_DERIVED_FROM_COORDINATES;COLLECTION_MATCH_NONE;INSTITUTION_MATCH_FUZZY,Nesomyrmex,1,data/images/Nesomyrmex/casent0393113_p.jpg,gbif_cache,train
1213719255,CAS:ANTWEB:casent0393121,casent0393121,casent0393121,p,7731605,Nesomyrmex,myrmicinae,Nesomyrmex striatus,"Nesomyrmex striatus Csösz & Fisher, 2016",,SPECIES,,worker,Holotype,Toliara,"Anosy Region, Anosyenne Mts, 31.2 km NW Manantenina",-24.13894,47.06804,1125.0,2015-02-26,Brian L. Fisher|F.A. Esteves|Malagasy Arthropod Team,Sandor Csosz,https://www.antweb.org/images/casent0393121/casent0393121_p_1_high.jpg,casent0393121 profile view 1,Michele Esposito,Attribution-ShareAlike (BY-SA) Creative Commons License and GNU Free Documentation License (GFDL),"California Academy of Sciences, 2000-2012",GEODETIC_DATUM_ASSUMED_WGS84;CONTINENT_DERIVED_FROM_COORDINATES;COLLECTION_MATCH_NONE;INSTITUTION_MATCH_FUZZY,Nesomyrmex,1,data/images/Nesomyrmex/casent0393121_p.jpg,gbif_cache,train
865210981,CAS:ANTWEB:casent0401520,casent0401520,casent0401520,p,1314419,Monomorium,myrmicinae,Monomorium flavimembra,Monomorium flavimembra Heterick,,SPECIES,,worker,Holotype,Antsiranana,"Réserve Spéciale d'Ambre, 3.5 km 235° SW Sakaramy",-12.46889,49.24217,325.0,2001-01-26/2001-01-31,Brian L. Fisher|Charles E. Griswold|Malagasy Arthropod Team,,https://www.antweb.org/images/casent0401520/casent0401520_p_1_high.jpg,casent0401520 profile view 1,April Nobile,Attribution-ShareAlike (BY-SA) Creative Commons License and GNU Free Documentation License (GFDL),"California Academy of Sciences, 2000-2008",GEODETIC_DATUM_ASSUMED_WGS84;CONTINENT_DERIVED_FROM_COORDINATES;COLLECTION_MATCH_NONE;INSTITUTION_MATCH_FUZZY,Monomorium,1,data/images/Monomorium/casent0401520_p.jpg,commons,train
865210836,CAS:ANTWEB:casent0403269,casent0403269,casent0403269,p,1321654,Pheidole,myrmicinae,Pheidole similis,"Pheidole similis Salata & Fisher, 2020",,SPECIES,,worker,,Antsiranana,"Nosy Be, Réserve Naturelle Intégrale de Lokobe, 6.3 km 112° ESE Hellville",-13.41933,48.33117,30.0,2001-03-19/2001-03-24,Brian L. Fisher|Charles E. Griswold|Malagasy Arthropod Team,S. Salata,https://www.antweb.org/images/casent0403269/casent0403269_p_1_high.jpg,casent0403269 profile view 1,Will Ericson,Attribution-ShareAlike (BY-SA) Creative Commons License and GNU Free Documentation License (GFDL),"California Academy of Sciences, 2000-2010",GEODETIC_DATUM_ASSUMED_WGS84;CONTINENT_DERIVED_FROM_COORDINATES;COLLECTION_MATCH_NONE;INSTITUTION_MATCH_FUZZY,Pheidole,1,data/images/Pheidole/casent0403269_p.jpg,gbif_cache,train
865212371,CAS:ANTWEB:casent0408976,casent0408976,casent0408976,p,1312361,Camponotus,formicinae,Camponotus lamosy,"Camponotus lamosy Rakotonirina & Fisher, 2018",,SPECIES,,worker,Holotype,Antsiranana,"Parc National Montagne d'Ambre, 3.6 km 235° SW Joffreville",-12.53444,49.1795,925.0,2001-01-20/2001-01-26,Brian L. Fisher|Charles E. Griswold|Malagasy Arthropod Team,Jean Claude Rakotonirina,https://www.antweb.org/images/casent0408976/casent0408976_p_1_high.jpg,casent0408976 profile view 1,Erin Prado,Attribution-ShareAlike (BY-SA) Creative Commons License and GNU Free Documentation License (GFDL),"California Academy of Sciences, 2000-2010",GEODETIC_DATUM_ASSUMED_WGS84;CONTINENT_DERIVED_FROM_COORDINATES;COLLECTION_MATCH_NONE;INSTITUTION_MATCH_FUZZY,Camponotus,1,data/images/Camponotus/casent0408976_p.jpg,gbif_cache,train
865212673,CAS:ANTWEB:casent0409559,casent0409559,casent0409559,p,1319181,Tetraponera,pseudomyrmecinae,Tetraponera variegata,Tetraponera variegata,,SPECIES,,worker,,Antananarivo,"3 km 41° NE Andranomay, 11.5 km 147° SSE Anjozorobe",-18.47333,47.96,1300.0,2000-12-05/2000-12-13,Brian L. Fisher|Charles E. Griswold|Malagasy Arthropod Team,P.S. Ward,https://www.antweb.org/images/casent0409559/casent0409559_p_1_high.jpg,casent0409559 profile view 1,Erin Prado,Attribution-ShareAlike (BY-SA) Creative Commons License and GNU Free Documentation License (GFDL),"California Academy of Sciences, 2000-2008",GEODETIC_DATUM_ASSUMED_WGS84;CONTINENT_DERIVED_FROM_COORDINATES;COLLECTION_MATCH_NONE;INSTITUTION_MATCH_FUZZY,Tetraponera,1,data/images/Tetraponera/casent0409559_p.jpg,commons,test
865211968,CAS:ANTWEB:casent0410131,casent0410131,casent0410131,p,4673663,Bothroponera,ponerinae,Bothroponera cambouei,"Bothroponera cambouei Forel, 1891",,SPECIES,,worker,,Antsiranana,"Parc National Montagne d'Ambre, 3.6 km 235° SW Joffreville",-12.53444,49.1795,925.0,2001-01-20/2001-01-26,Brian L. Fisher|Charles E. Griswold|Malagasy Arthropod Team,,https://www.antweb.org/images/casent0410131/casent0410131_p_1_high.jpg,casent0410131 profile view 1,Jean Claude Rakotonirina,Attribution-ShareAlike (BY-SA) Creative Commons License and GNU Free Documentation License (GFDL),"California Academy of Sciences, 2000-2008",GEODETIC_DATUM_ASSUMED_WGS84;CONTINENT_DERIVED_FROM_COORDINATES;COLLECTION_MATCH_NONE;INSTITUTION_MATCH_FUZZY,Bothroponera,1,data/images/Bothroponera/casent0410131_p.jpg,commons,train
865212355,CAS:ANTWEB:casent0410152,casent0410152,casent0410152,p,4673663,Bothroponera,ponerinae,,"Bothroponera Mayr, 1862",,GENUS,,worker,,Antsiranana,"Parc National Montagne d'Ambre, 3.6 km 235° SW Joffreville",-12.53444,49.1795,925.0,2001-01-20/2001-01-26,Brian L. Fisher|Charles E. Griswold|Malagasy Arthropod Team,Jean Claude Rakotonirina,https://www.antweb.org/images/casent0410152/casent0410152_p_1_high.jpg,casent0410152 profile view 1,Jean Claude Rakotonirina,Attribution-ShareAlike (BY-SA) Creative Commons License and GNU Free Documentation License (GFDL),"California Academy of Sciences, 2000-2008",GEODETIC_DATUM_ASSUMED_WGS84;CONTINENT_DERIVED_FROM_COORDINATES;COLLECTION_MATCH_NONE;INSTITUTION_MATCH_FUZZY,Bothroponera,1,data/images/Bothroponera/casent0410152_p.jpg,commons,train
865212625,CAS:ANTWEB:casent0410164,casent0410164,casent0410164,p,4673663,Bothroponera,ponerinae,Bothroponera comorensis,"Bothroponera comorensis Forel, 1887",,SPECIES,,worker,,Antsiranana,"Réserve Spéciale de l'Ankarana, 13.6 km 192° SSW Anivorano Nord",-12.86361,49.22583,210.0,2001-02-16/2001-02-21,Brian L. Fisher|Charles E. Griswold|Malagasy Arthropod Team,,https://www.antweb.org/images/casent0410164/casent0410164_p_1_high.jpg,casent0410164 profile view 1,Jean Claude Rakotonirina,Attribution-ShareAlike (BY-SA) Creative Commons License and GNU Free Documentation License (GFDL),"California Academy of Sciences, 2000-2008",GEODETIC_DATUM_ASSUMED_WGS84;CONTINENT_DERIVED_FROM_COORDINATES;COLLECTION_MATCH_NONE;INSTITUTION_MATCH_FUZZY,Bothroponera,1,data/images/Bothroponera/casent0410164_p.jpg,commons,train
865212789,CAS:ANTWEB:casent0412167,casent0412167,casent0412167,p,1314419,Monomorium,myrmicinae,Monomorium termitobium,"Monomorium termitobium Forel, 1892",,SPECIES,,worker,,Antananarivo,"3 km 41° NE Andranomay, 11.5 km 147° SSE Anjozorobe",-18.47333,47.96,1300.0,2000-12-05/2000-12-13,Brian L. Fisher|Charles E. Griswold|Malagasy Arthropod Team,,https://www.antweb.org/images/casent0412167/casent0412167_p_1_high.jpg,casent0412167 profile view 1,April Nobile,Attribution-ShareAlike (BY-SA) Creative Commons License and GNU Free Documentation License (GFDL),"California Academy of Sciences, 2000-2008",GEODETIC_DATUM_ASSUMED_WGS84;CONTINENT_DERIVED_FROM_COORDINATES;COLLECTION_MATCH_NONE;INSTITUTION_MATCH_FUZZY,Monomorium,1,data/images/Monomorium/casent0412167_p.jpg,commons,train
865213689,CAS:ANTWEB:casent0416250,casent0416250,casent0416250,p,1326298,Platythyrea,ponerinae,Platythyrea arthuri,"Platythyrea arthuri Forel, 1910",,SPECIES,,worker,,Antsiranana,"Réserve Spéciale d'Ambre, 3.5 km 235° SW Sakaramy",-12.46889,49.24217,325.0,2001-01-26/2001-01-31,Brian L. Fisher|Charles E. Griswold|Malagasy Arthropod Team,,https://www.antweb.org/images/casent0416250/casent0416250_p_1_high.jpg,casent0416250 profile view 1,Erin Prado,Attribution-ShareAlike (BY-SA) Creative Commons License and GNU Free Documentation License (GFDL),"California Academy of Sciences, 2000-2008",GEODETIC_DATUM_ASSUMED_WGS84;CONTINENT_DERIVED_FROM_COORDINATES;COLLECTION_MATCH_NONE;INSTITUTION_MATCH_FUZZY,Platythyrea,1,data/images/Platythyrea/casent0416250_p.jpg,commons,train
865213721,CAS:ANTWEB:casent0416368,casent0416368,casent0416368,p,1319461,Anochetus,ponerinae,Anochetus goodmani,"Anochetus goodmani Fisher, 2008",,SPECIES,,worker,,Antsiranana,"Ampasindava, Forêt d'Ambilanivy, 3.9 km 181° S Ambaliha",-13.79861,48.16167,600.0,2001-03-04/2001-03-09,Brian L. Fisher|Charles E. Griswold|Malagasy Arthropod Team,,https://www.antweb.org/images/casent0416368/casent0416368_p_1_high.jpg,casent0416368 profile view 1,April Nobile,Attribution-ShareAlike (BY-SA) Creative Commons License and GNU Free Documentation License (GFDL),"California Academy of Sciences, 2000-2008",GEODETIC_DATUM_ASSUMED_WGS84;CONTINENT_DERIVED_FROM_COORDINATES;COLLECTION_MATCH_NONE;INSTITUTION_MATCH_FUZZY,Anochetus,1,data/images/Anochetus/casent0416368_p.jpg,commons,train
865213952,CAS:ANTWEB:casent0419034,casent0419034,casent0419034,p,1320039,Technomyrmex,dolichoderinae,Technomyrmex difficilis,"Technomyrmex difficilis Forel, 1892",,SPECIES,,worker,,Mahajanga,"Réserve d'Ankoririka, 10.6 km 13° NE de Tsaramandroso",-16.26722,47.04861,210.0,2001-04-09/2001-04-14,Brian L. Fisher|Charles E. Griswold|Malagasy Arthropod Team,,https://www.antweb.org/images/casent0419034/casent0419034_p_1_high.jpg,casent0419034 profile view 1,April Nobile,Attribution-ShareAlike (BY-SA) Creative Commons License and GNU Free Documentation License (GFDL),"California Academy of Sciences, 2000-2008",GEODETIC_DATUM_ASSUMED_WGS84;CONTINENT_DERIVED_FROM_COORDINATES;COLLECTION_MATCH_NONE;INSTITUTION_MATCH_FUZZY,Technomyrmex,1,data/images/Technomyrmex/casent0419034_p.jpg,commons,train
865214238,CAS:ANTWEB:casent0419194,casent0419194,casent0419194,p,1320039,Technomyrmex,dolichoderinae,Technomyrmex difficilis,"Technomyrmex difficilis Forel, 1892",,SPECIES,,worker,,Mahajanga,"Parc National d'Ankarafantsika, Forêt de Tsimaloto, 18.3 km 46° NE de Tsaramandroso",-16.22806,47.14361,135.0,2001-04-02/2001-04-08,Brian L. Fisher|Charles E. Griswold|Malagasy Arthropod Team,,https://www.antweb.org/images/casent0419194/casent0419194_p_1_high.jpg,casent0419194 profile view 1,April Nobile,Attribution-ShareAlike (BY-SA) Creative Commons License and GNU Free Documentation License (GFDL),"California Academy of Sciences, 2000-2008",GEODETIC_DATUM_ASSUMED_WGS84;CONTINENT_DERIVED_FROM_COORDINATES;COLLECTION_MATCH_NONE;INSTITUTION_MATCH_FUZZY,Technomyrmex,1,data/images/Technomyrmex/casent0419194_p.jpg,commons,train
865214719,CAS:ANTWEB:casent0421554,casent0421554,casent0421554,p,1315863,Aphaenogaster,myrmicinae,Aphaenogaster swammerdami,"Aphaenogaster swammerdami Forel, 1886",,SPECIES,,worker,,Antsiranana,"Réserve Spéciale de l'Ankarana, 13.6 km 192° SSW Anivorano Nord",-12.86361,49.22583,210.0,2001-02-16/2001-02-21,Brian L. Fisher|Charles E. Griswold|Malagasy Arthropod Team,,https://www.antweb.org/images/casent0421554/casent0421554_p_1_high.jpg,casent0421554 profile view 1,April Nobile,Attribution-ShareAlike (BY-SA) Creative Commons License and GNU Free Documentation License (GFDL),"California Academy of Sciences, 2000-2008",GEODETIC_DATUM_ASSUMED_WGS84;CONTINENT_DERIVED_FROM_COORDINATES;COLLECTION_MATCH_NONE;INSTITUTION_MATCH_FUZZY,Aphaenogaster,1,data/images/Aphaenogaster/casent0421554_p.jpg,commons,train
865215171,CAS:ANTWEB:casent0422630,casent0422630,casent0422630,p,7731605,Nesomyrmex,myrmicinae,Nesomyrmex nitidus,"Nesomyrmex nitidus Cssz & Fisher, 2016",,SPECIES,,worker,,Antsiranana,"Réserve Spéciale de l'Ankarana, 22.9 km 224° SW Anivorano Nord",-12.90889,49.10983,80.0,2001-02-10/2001-02-16,Brian L. Fisher|Charles E. Griswold|Malagasy Arthropod Team,Sandor Csosz,https://www.antweb.org/images/casent0422630/casent0422630_p_1_high.jpg,casent0422630 profile view 1,Erin Prado,Attribution-ShareAlike (BY-SA) Creative Commons License and GNU Free Documentation License (GFDL),"California Academy of Sciences, 2000-2008",GEODETIC_DATUM_ASSUMED_WGS84;CONTINENT_DERIVED_FROM_COORDINATES;COLLECTION_MATCH_NONE;INSTITUTION_MATCH_FUZZY,Nesomyrmex,1,data/images/Nesomyrmex/casent0422630_p.jpg,commons,train
865214557,CAS:ANTWEB:casent0423124,casent0423124,casent0423124,p,1324306,Crematogaster,myrmicinae,Crematogaster lobata,"Crematogaster lobata Emery, 1895",,SPECIES,,worker,,Antsiranana,"Réserve Spéciale d'Ambre, 3.5 km 235° SW Sakaramy",-12.46889,49.24217,325.0,2001-01-26/2001-01-31,Brian L. Fisher|Charles E. Griswold|Malagasy Arthropod Team,B. Blaimer,https://www.antweb.org/images/casent0423124/casent0423124_p_1_high.jpg,casent0423124 profile view 1,April Nobile,Attribution-ShareAlike (BY-SA) Creative Commons License and GNU Free Documentation License (GFDL),"California Academy of Sciences, 2000-2007",GEODETIC_DATUM_ASSUMED_WGS84;CONTINENT_DERIVED_FROM_COORDINATES;COLLECTION_MATCH_NONE;INSTITUTION_MATCH_FUZZY,Crematogaster,1,data/images/Crematogaster/casent0423124_p.jpg,gbif_cache,train
865216068,CAS:ANTWEB:casent0429930,casent0429930,casent0429930,p,1326355,Mystrium,amblyoponinae,Mystrium mysticum,"Mystrium mysticum Roger, 1862",,SPECIES,,worker,,Toliara,"Parc National de Kirindy Mite, 16.3 km 127° SE Belo sur Mer",-20.79528,44.147,80.0,2001-12-06/2001-12-10,Brian L. Fisher|Charles E. Griswold|Malagasy Arthropod Team,Masashi Yoshimura,https://www.antweb.org/images/casent0429930/casent0429930_p_1_high.jpg,casent0429930 profile view 1,Erin Prado,Attribution-ShareAlike (BY-SA) Creative Commons License and GNU Free Documentation License (GFDL),"California Academy of Sciences, 2000-2008",GEODETIC_DATUM_ASSUMED_WGS84;CONTINENT_DERIVED_FROM_COORDINATES;COLLECTION_MATCH_NONE;INSTITUTION_MATCH_FUZZY,Mystrium,1,data/images/Mystrium/casent0429930_p.jpg,commons,test
865216616,CAS:ANTWEB:casent0429953,casent0429953,casent0429953,p,1326355,Mystrium,amblyoponinae,Mystrium mysticum,"Mystrium mysticum Roger, 1862",,SPECIES,,worker,,Toliara,"Parc National de Kirindy Mite, 16.3 km 127° SE Belo sur Mer",-20.79528,44.147,80.0,2001-12-06/2001-12-10,Brian L. Fisher|Charles E. Griswold|Malagasy Arthropod Team,Masashi Yoshimura,https://www.antweb.org/images/casent0429953/casent0429953_p_1_high.jpg,casent0429953 profile view 1,April Nobile,Attribution-ShareAlike (BY-SA) Creative Commons License and GNU Free Documentation License (GFDL),"California Academy of Sciences, 2000-2007",GEODETIC_DATUM_ASSUMED_WGS84;CONTINENT_DERIVED_FROM_COORDINATES;COLLECTION_MATCH_NONE;INSTITUTION_MATCH_FUZZY,Mystrium,1,data/images/Mystrium/casent0429953_p.jpg,commons,train
865216660,CAS:ANTWEB:casent0429955,casent0429955,casent0429955,p,1326355,Mystrium,amblyoponinae,Mystrium mysticum,"Mystrium mysticum Roger, 1862",,SPECIES,,worker,,Toliara,"Parc National de Kirindy Mite, 16.3 km 127° SE Belo sur Mer",-20.79528,44.147,80.0,2001-12-06/2001-12-10,Brian L. Fisher|Charles E. Griswold|Malagasy Arthropod Team,Masashi Yoshimura,https://www.antweb.org/images/casent0429955/casent0429955_p_1_high.jpg,casent0429955 profile view 1,April Nobile,Attribution-ShareAlike (BY-SA) Creative Commons License and GNU Free Documentation License (GFDL),"California Academy of Sciences, 2000-2007",GEODETIC_DATUM_ASSUMED_WGS84;CONTINENT_DERIVED_FROM_COORDINATES;COLLECTION_MATCH_NONE;INSTITUTION_MATCH_FUZZY,Mystrium,1,data/images/Mystrium/casent0429955_p.jpg,commons,train
865216132,CAS:ANTWEB:casent0430421,casent0430421,casent0430421,p,8301906,Meranoplus,myrmicinae,Meranoplus mayri,"Meranoplus mayri Forel, 1910",,SPECIES,,worker,,Toliara,"Parc National de Kirindy Mite, 16.3 km 127° SE Belo sur Mer",-20.79528,44.147,80.0,2001-12-06/2001-12-10,Brian L. Fisher|Charles E. Griswold|Malagasy Arthropod Team,Brian L. Fisher,https://www.antweb.org/images/casent0430421/casent0430421_p_1_high.jpg,casent0430421 profile view 1,April Nobile,Attribution-ShareAlike (BY-SA) Creative Commons License and GNU Free Documentation License (GFDL),"California Academy of Sciences, 2000-2007",GEODETIC_DATUM_ASSUMED_WGS84;CONTINENT_DERIVED_FROM_COORDINATES;COLLECTION_MATCH_NONE;INSTITUTION_MATCH_FUZZY,Meranoplus,1,data/images/Meranoplus/casent0430421_p.jpg,commons,train
865216442,CAS:ANTWEB:casent0430841,casent0430841,casent0430841,p,4681352,Syllophopsis,myrmicinae,Syllophopsis fisheri,Syllophopsis fisheri,,SPECIES,,worker,Holotype,Toliara,"Parc National d'Andohahela, Col du Sedro, 3.8 km 113° ESE Mahamavo, 37.6 km 341° NNW Tolagnaro",-24.76389,46.75167,900.0,2002-01-21/2002-01-25,Brian L. Fisher|Charles E. Griswold|Malagasy Arthropod Team,,https://www.antweb.org/images/casent0430841/casent0430841_p_1_high.jpg,casent0430841 profile view 1,April Nobile,Attribution-ShareAlike (BY-SA) Creative Commons License and GNU Free Documentation License (GFDL),"California Academy of Sciences, 2000-2008",GEODETIC_DATUM_ASSUMED_WGS84;CONTINENT_DERIVED_FROM_COORDINATES;COLLECTION_MATCH_NONE;INSTITUTION_MATCH_FUZZY,Syllophopsis,1,data/images/Syllophopsis/casent0430841_p.jpg,commons,train
865217692,CAS:ANTWEB:casent0433301,casent0433301,casent0433301,p,1314419,Monomorium,myrmicinae,Monomorium versicolor,Monomorium versicolor Heterick,,SPECIES,,worker,,Mahajanga,"Parc National Tsingy de Bemaraha, 3.4 km 93° E Bekopaka, Tombeau Vazimba",-19.14194,44.828,50.0,2001-11-06/2001-11-10,Brian L. Fisher|Charles E. Griswold|Malagasy Arthropod Team,,https://www.antweb.org/images/casent0433301/casent0433301_p_1_high.jpg,casent0433301 profile view 1,April Nobile,Attribution-ShareAlike (BY-SA) Creative Commons License and GNU Free Documentation License (GFDL),"California Academy of Sciences, 2000-2008",GEODETIC_DATUM_ASSUMED_WGS84;CONTINENT_DERIVED_FROM_COORDINATES;COLLECTION_MATCH_NONE;INSTITUTION_MATCH_FUZZY,Monomorium,1,data/images/Monomorium/casent0433301_p.jpg,commons,train
865217038,CAS:ANTWEB:casent0435387,casent0435387,casent0435387,p,1320039,Technomyrmex,dolichoderinae,Technomyrmex fisheri,Technomyrmex fisheri Bolton,,SPECIES,,worker,Holotype,Antsiranana,"Nosy Be, Réserve Naturelle Intégrale de Lokobe, 6.3 km 112° ESE Hellville",-13.41933,48.33117,30.0,2001-03-19/2001-03-24,Brian L. Fisher|Charles E. Griswold|Malagasy Arthropod Team,,https://www.antweb.org/images/casent0435387/casent0435387_p_1_high.jpg,casent0435387 profile view 1,April Nobile,Attribution-ShareAlike (BY-SA) Creative Commons License and GNU Free Documentation License (GFDL),"California Academy of Sciences, 2000-2008",GEODETIC_DATUM_ASSUMED_WGS84;CONTINENT_DERIVED_FROM_COORDINATES;COLLECTION_MATCH_NONE;INSTITUTION_MATCH_FUZZY,Technomyrmex,1,data/images/Technomyrmex/casent0435387_p.jpg,commons,test
865217389,CAS:ANTWEB:casent0435450,casent0435450,casent0435450,p,1320039,Technomyrmex,dolichoderinae,Technomyrmex docens,Technomyrmex docens Fisher & Bolton,,SPECIES,,worker,,Antsiranana,"Ampasindava, Forêt d'Ambilanivy, 3.9 km 181° S Ambaliha",-13.79861,48.16167,600.0,2001-03-04/2001-03-09,Brian L. Fisher|Charles E. Griswold|Malagasy Arthropod Team,,https://www.antweb.org/images/casent0435450/casent0435450_p_1_high.jpg,casent0435450 profile view 1,April Nobile,Attribution-ShareAlike (BY-SA) Creative Commons License and GNU Free Documentation License (GFDL),"California Academy of Sciences, 2000-2008",GEODETIC_DATUM_ASSUMED_WGS84;CONTINENT_DERIVED_FROM_COORDINATES;COLLECTION_MATCH_NONE;INSTITUTION_MATCH_FUZZY,Technomyrmex,1,data/images/Technomyrmex/casent0435450_p.jpg,commons,train
865217744,CAS:ANTWEB:casent0435894,casent0435894,casent0435894,p,1325265,Cataulacus,myrmicinae,Cataulacus oberthueri,"Cataulacus oberthueri Emery, 1891",,SPECIES,,worker,,Antsiranana,"Réserve Spéciale de l'Ankarana, 13.6 km 192° SSW Anivorano Nord",-12.86361,49.22583,210.0,2001-02-16/2001-02-21,Brian L. Fisher|Charles E. Griswold|Malagasy Arthropod Team,,https://www.antweb.org/images/casent0435894/casent0435894_p_1_high.jpg,casent0435894 profile view 1,Erin Prado,Attribution-ShareAlike (BY-SA) Creative Commons License and GNU Free Documentation License (GFDL),"California Academy of Sciences, 2000-2008",GEODETIC_DATUM_ASSUMED_WGS84;CONTINENT_DERIVED_FROM_COORDINATES;COLLECTION_MATCH_NONE;INSTITUTION_MATCH_FUZZY,Cataulacus,1,data/images/Cataulacus/casent0435894_p.jpg,commons,train
865217823,CAS:ANTWEB:casent0435903,casent0435903,casent0435903,p,1325265,Cataulacus,myrmicinae,Cataulacus oberthueri,"Cataulacus oberthueri Emery, 1891",,SPECIES,,worker,,Antsiranana,"Montagne des Français, 7.2 km 142° SE Antsiranana (=Diego Suarez)",-12.32278,49.33817,180.0,2001-02-22/2001-02-28,Brian L. Fisher|Charles E. Griswold|Malagasy Arthropod Team,Brian L. Fisher,https://www.antweb.org/images/casent0435903/casent0435903_p_1_high.jpg,casent0435903 profile view 1,April Nobile,Attribution-ShareAlike (BY-SA) Creative Commons License and GNU Free Documentation License (GFDL),"California Academy of Sciences, 2000-2007",GEODETIC_DATUM_ASSUMED_WGS84;CONTINENT_DERIVED_FROM_COORDINATES;COLLECTION_MATCH_NONE;INSTITUTION_MATCH_FUZZY,Cataulacus,1,data/images/Cataulacus/casent0435903_p.jpg,commons,train
865217694,CAS:ANTWEB:casent0436719,casent0436719,casent0436719,p,1320203,Strumigenys,myrmicinae,Strumigenys chroa,Strumigenys chroa Fisher,,SPECIES,,worker,,Antsiranana,"Parc National Montagne d'Ambre, 3.6 km 235° SW Joffreville",-12.53444,49.1795,925.0,2001-01-20/2001-01-26,Brian L. Fisher|Charles E. Griswold|Malagasy Arthropod Team,,https://www.antweb.org/images/casent0436719/casent0436719_p_1_high.jpg,casent0436719 profile view 1,April Nobile,Attribution-ShareAlike (BY-SA) Creative Commons License and GNU Free Documentation License (GFDL),"California Academy of Sciences, 2000-2008",GEODETIC_DATUM_ASSUMED_WGS84;CONTINENT_DERIVED_FROM_COORDINATES;COLLECTION_MATCH_NONE;INSTITUTION_MATCH_FUZZY,Strumigenys,1,data/images/Strumigenys/casent0436719_p.jpg,commons,train
865218289,CAS:ANTWEB:casent0439766,casent0439766,casent0439766,p,1320039,Technomyrmex,dolichoderinae,Technomyrmex docens,Technomyrmex docens Fisher & Bolton,,SPECIES,,worker,Holotype,Antsiranana,"Ampasindava, Forêt d'Ambilanivy, 3.9 km 181° S Ambaliha",-13.79861,48.16167,600.0,2001-03-04/2001-03-09,Brian L. Fisher|Charles E. Griswold|Malagasy Arthropod Team,,https://www.antweb.org/images/casent0439766/casent0439766_p_1_high.jpg,casent0439766 profile view 1,April Nobile,Attribution-ShareAlike (BY-SA) Creative Commons License and GNU Free Documentation License (GFDL),"California Academy of Sciences, 2000-2008",GEODETIC_DATUM_ASSUMED_WGS84;CONTINENT_DERIVED_FROM_COORDINATES;COLLECTION_MATCH_NONE;INSTITUTION_MATCH_FUZZY,Technomyrmex,1,data/images/Technomyrmex/casent0439766_p.jpg,commons,train
865219102,CAS:ANTWEB:casent0442208,casent0442208,casent0442208,p,1314419,Monomorium,myrmicinae,Monomorium lepidum,Monomorium lepidum Heterick,,SPECIES,,worker,Holotype,Mahajanga,"Forêt de Tsimembo, 11.0 km 346° NNW Soatana",-18.99528,44.4435,50.0,2001-11-21/2001-11-25,Brian L. Fisher|Charles E. Griswold|Malagasy Arthropod Team,,https://www.antweb.org/images/casent0442208/casent0442208_p_1_high.jpg,casent0442208 profile view 1,April Nobile,Attribution-ShareAlike (BY-SA) Creative Commons License and GNU Free Documentation License (GFDL),"California Academy of Sciences, 2000-2008",GEODETIC_DATUM_ASSUMED_WGS84;CONTINENT_DERIVED_FROM_COORDINATES;COLLECTION_MATCH_NONE;INSTITUTION_MATCH_FUZZY,Monomorium,1,data/images/Monomorium/casent0442208_p.jpg,commons,test
865218487,CAS:ANTWEB:casent0442524,casent0442524,casent0442524,p,1314419,Monomorium,myrmicinae,Monomorium versicolor,Monomorium versicolor Heterick,,SPECIES,,worker,Holotype,Toliara,"Réserve Privé Berenty, Forêt de Malaza, Mandraré River, 8.6 km 314° NW Amboasary",-25.00778,46.306,40.0,2002-02-06,Brian L. Fisher|Charles E. Griswold|Malagasy Arthropod Team,,https://www.antweb.org/images/casent0442524/casent0442524_p_1_high.jpg,casent0442524 profile view 1,April Nobile,Attribution-ShareAlike (BY-SA) Creative Commons License and GNU Free Documentation License (GFDL),"California Academy of Sciences, 2000-2008",GEODETIC_DATUM_ASSUMED_WGS84;CONTINENT_DERIVED_FROM_COORDINATES;COLLECTION_MATCH_NONE;INSTITUTION_MATCH_FUZZY,Monomorium,1,data/images/Monomorium/casent0442524_p.jpg,commons,train
865219355,CAS:ANTWEB:casent0443365,casent0443365,casent0443365,p,1320039,Technomyrmex,dolichoderinae,Technomyrmex innocens,"Technomyrmex innocens Fisher & Bolton, 2007",,SPECIES,,worker,,Mahajanga,"Parc National Tsingy de Bemaraha, 3.4 km 93° E Bekopaka, Tombeau Vazimba",-19.14194,44.828,50.0,2001-11-06/2001-11-10,Brian L. Fisher|Charles E. Griswold|Malagasy Arthropod Team,,https://www.antweb.org/images/casent0443365/casent0443365_p_1_high.jpg,casent0443365 profile view 1,April Nobile,Attribution-ShareAlike (BY-SA) Creative Commons License and GNU Free Documentation License (GFDL),"California Academy of Sciences, 2000-2008",GEODETIC_DATUM_ASSUMED_WGS84;CONTINENT_DERIVED_FROM_COORDINATES;COLLECTION_MATCH_NONE;INSTITUTION_MATCH_FUZZY,Technomyrmex,1,data/images/Technomyrmex/casent0443365_p.jpg,commons,test
865219079,CAS:ANTWEB:casent0443515,casent0443515,casent0443515,p,7731605,Nesomyrmex,myrmicinae,Nesomyrmex spinosus,"Nesomyrmex spinosus Csösz & Fisher, 2015",,SPECIES,,worker,Holotype,Toliara,"Réserve Privé Berenty, Forêt d'Anjapolo, 21.4 km 325° NW Amboasary",-24.92972,46.20967,65.0,2002-02-07,Brian L. Fisher|Charles E. Griswold|Malagasy Arthropod Team,Sandor Csosz,https://www.antweb.org/images/casent0443515/casent0443515_p_1_high.jpg,casent0443515 profile view 1,Michele Esposito,Attribution-ShareAlike (BY-SA) Creative Commons License and GNU Free Documentation License (GFDL),"California Academy of Sciences, 2000-2012",GEODETIC_DATUM_ASSUMED_WGS84;CONTINENT_DERIVED_FROM_COORDINATES;COLLECTION_MATCH_NONE;INSTITUTION_MATCH_FUZZY,Nesomyrmex,1,data/images/Nesomyrmex/casent0443515_p.jpg,gbif_cache,train
865219787,CAS:ANTWEB:casent0446582,casent0446582,casent0446582,p,1317363,Terataner,myrmicinae,Terataner rufipes,"Terataner rufipes Emery, 1912",,SPECIES,,worker,,Toliara,"Parc National d'Andohahela, Forêt de Manatalinjo, 33.6 km 63° ENE Amboasary, 7.6 km 99° E Hazofotsy",-24.81694,46.61,150.0,2002-01-12/2002-01-16,Brian L. Fisher|Charles E. Griswold|Malagasy Arthropod Team,,https://www.antweb.org/images/casent0446582/casent0446582_p_1_high.jpg,casent0446582 profile view 1,Erin Prado,Attribution-ShareAlike (BY-SA) Creative Commons License and GNU Free Documentation License (GFDL),"California Academy of Sciences, 2000-2008",GEODETIC_DATUM_ASSUMED_WGS84;CONTINENT_DERIVED_FROM_COORDINATES;COLLECTION_MATCH_NONE;INSTITUTION_MATCH_FUZZY,Terataner,1,data/images/Terataner/casent0446582_p.jpg,commons,train
865219978,CAS:ANTWEB:casent0447670,casent0447670,casent0447670,p,1319461,Anochetus,ponerinae,Anochetus madagascarensis,"Anochetus madagascarensis Forel, 1887",,SPECIES,,worker,,Toliara,"Réserve Privé Berenty, Forêt de Bealoka, Mandraré River, 14.6 km 329° NNW Amboasary",-24.95694,46.2715,35.0,2002-02-03/2002-02-08,Brian L. Fisher|Charles E. Griswold|Malagasy Arthropod Team,,https://www.antweb.org/images/casent0447670/casent0447670_p_1_high.jpg,casent0447670 profile view 1,April Nobile,Attribution-ShareAlike (BY-SA) Creative Commons License and GNU Free Documentation License (GFDL),"California Academy of Sciences, 2000-2008",GEODETIC_DATUM_ASSUMED_WGS84;CONTINENT_DERIVED_FROM_COORDINATES;COLLECTION_MATCH_NONE;INSTITUTION_MATCH_FUZZY,Anochetus,1,data/images/Anochetus/casent0447670_p.jpg,commons,train
865220164,CAS:ANTWEB:casent0451074,casent0451074,casent0451074,p,1320039,Technomyrmex,dolichoderinae,Technomyrmex voeltzkowi,"Technomyrmex voeltzkowi (Forel, 1907)",,SPECIES,,worker,,Toliara,4.4 km 148° SSE Lavanono,-25.45056,44.97417,60.0,2002-02-17,Brian L. Fisher|Charles E. Griswold|Malagasy Arthropod Team,,https://www.antweb.org/images/casent0451074/casent0451074_p_1_high.jpg,casent0451074 profile view 1,April Nobile,Attribution-ShareAlike (BY-SA) Creative Commons License and GNU Free Documentation License (GFDL),"California Academy of Sciences, 2000-2008",GEODETIC_DATUM_ASSUMED_WGS84;CONTINENT_DERIVED_FROM_COORDINATES;COLLECTION_MATCH_NONE;INSTITUTION_MATCH_FUZZY,Technomyrmex,1,data/images/Technomyrmex/casent0451074_p.jpg,commons,train
865220764,CAS:ANTWEB:casent0451572,casent0451572,casent0451572,p,4673663,Bothroponera,ponerinae,Bothroponera cambouei,"Bothroponera cambouei Forel, 1891",,SPECIES,,worker,,Antananarivo,"Réserve Spéciale d'Ambohitantely, Forêt d Ambohitantely, 20.9 km 72° NE d Ankazobe",-18.22528,47.28683,1410.0,2001-04-17/2001-04-22,Brian L. Fisher|Charles E. Griswold|Malagasy Arthropod Team,Jean Claude Rakotonirina,https://www.antweb.org/images/casent0451572/casent0451572_p_1_high.jpg,casent0451572 profile view 1,Jean Claude Rakotonirina,Attribution-ShareAlike (BY-SA) Creative Commons License and GNU Free Documentation License (GFDL),"California Academy of Sciences, 2000-2008",GEODETIC_DATUM_ASSUMED_WGS84;CONTINENT_DERIVED_FROM_COORDINATES;COLLECTION_MATCH_NONE;INSTITUTION_MATCH_FUZZY,Bothroponera,1,data/images/Bothroponera/casent0451572_p.jpg,commons,train
865220369,CAS:ANTWEB:casent0453961,casent0453961,casent0453961,p,1316784,Tapinoma,dolichoderinae,Tapinoma subtile,"Tapinoma subtile Santschi, 1911",,SPECIES,,worker,,Toliara,6.1 km 182° S Marovato,-25.58167,45.295,20.0,2002-02-14,Brian L. Fisher|Charles E. Griswold|Malagasy Arthropod Team,Brian L. Fisher,https://www.antweb.org/images/casent0453961/casent0453961_p_1_high.jpg,casent0453961 profile view 1,April Nobile,Attribution-ShareAlike (BY-SA) Creative Commons License and GNU Free Documentation License (GFDL),"California Academy of Sciences, 2000-2007",GEODETIC_DATUM_ASSUMED_WGS84;CONTINENT_DERIVED_FROM_COORDINATES;COLLECTION_MATCH_NONE;INSTITUTION_MATCH_FUZZY,Tapinoma,1,data/images/Tapinoma/casent0453961_p.jpg,commons,train
865220605,CAS:ANTWEB:casent0453991,casent0453991,casent0453991,p,1316784,Tapinoma,dolichoderinae,Tapinoma subtile,"Tapinoma subtile Santschi, 1911",,SPECIES,,worker,,Toliara,3.4 km 190° S Marovato,-25.55972,45.2825,160.0,2002-02-14,Brian L. Fisher|Charles E. Griswold|Malagasy Arthropod Team,Brian L. Fisher,https://www.antweb.org/images/casent0453991/casent0453991_p_1_high.jpg,casent0453991 profile view 1,April Nobile,Attribution-ShareAlike (BY-SA) Creative Commons License and GNU Free Documentation License (GFDL),"California Academy of Sciences, 2000-2007",GEODETIC_DATUM_ASSUMED_WGS84;CONTINENT_DERIVED_FROM_COORDINATES;COLLECTION_MATCH_NONE;INSTITUTION_MATCH_FUZZY,Tapinoma,1,data/images/Tapinoma/casent0453991_p.jpg,commons,test
865221177,CAS:ANTWEB:casent0454495,casent0454495,casent0454495,p,1323128,Tetramorium,myrmicinae,Tetramorium ryanphelanae,"Tetramorium ryanphelanae Hita Garcia & Fisher, 2012",,SPECIES,,worker,Holotype,Antsiranana,"Réserve Spéciale de l'Ankarana, 22.9 km 224° SW Anivorano Nord",-12.90889,49.10983,80.0,2001-02-10/2001-02-16,Brian L. Fisher|Charles E. Griswold|Malagasy Arthropod Team,,https://www.antweb.org/images/casent0454495/casent0454495_p_1_high.jpg,casent0454495 profile view 1,Erin Prado,Attribution-ShareAlike (BY-SA) Creative Commons License and GNU Free Documentation License (GFDL),"California Academy of Sciences, 2000-2010",GEODETIC_DATUM_ASSUMED_WGS84;CONTINENT_DERIVED_FROM_COORDINATES;COLLECTION_MATCH_NONE;INSTITUTION_MATCH_FUZZY,Tetramorium,1,data/images/Tetramorium/casent0454495_p.jpg,gbif_cache,test
865220485,CAS:ANTWEB:casent0455428,casent0455428,casent0455428,p,7731605,Nesomyrmex,myrmicinae,Nesomyrmex medusus,"Nesomyrmex medusus Csösz & Fisher, 2015",,SPECIES,,worker,Holotype,Toliara,"Parc National de Tsimanampetsotsa, Mitoho Cave, 6.4 km 77° ENE Efoetse, 17.4 km 170° S Beheloka",-24.04722,43.75317,40.0,2002-03-18/2002-03-22,Brian L. Fisher|Charles E. Griswold|Malagasy Arthropod Team,Sandor Csosz,https://www.antweb.org/images/casent0455428/casent0455428_p_1_high.jpg,casent0455428 profile view 1,Sandor Csosz,Attribution-ShareAlike (BY-SA) Creative Commons License and GNU Free Documentation License (GFDL),"California Academy of Sciences, 2000-2012",GEODETIC_DATUM_ASSUMED_WGS84;CONTINENT_DERIVED_FROM_COORDINATES;COLLECTION_MATCH_NONE;INSTITUTION_MATCH_FUZZY,Nesomyrmex,1,data/images/Nesomyrmex/casent0455428_p.jpg,gbif_cache,train
865220566,CAS:ANTWEB:casent0456151,casent0456151,casent0456151,p,1320203,Strumigenys,myrmicinae,,"Strumigenys Smith, 1860",,GENUS,,worker,,Toliara,"Parc National d'Andohahela, Col du Sedro, 3.8 km 113° ESE Mahamavo, 37.6 km 341° NNW Tolagnaro",-24.76389,46.75167,900.0,2002-01-21/2002-01-25,Brian L. Fisher|Charles E. Griswold|Malagasy Arthropod Team,Brian L. Fisher,https://www.antweb.org/images/casent0456151/casent0456151_p_1_high.jpg,casent0456151 profile view 1,April Nobile,Attribution-ShareAlike (BY-SA) Creative Commons License and GNU Free Documentation License (GFDL),"California Academy of Sciences, 2000-2007",GEODETIC_DATUM_ASSUMED_WGS84;CONTINENT_DERIVED_FROM_COORDINATES;COLLECTION_MATCH_NONE;INSTITUTION_MATCH_FUZZY,Strumigenys,1,data/images/Strumigenys/casent0456151_p.jpg,commons,train
865220714,CAS:ANTWEB:casent0456886,casent0456886,casent0456886,p,1316784,Tapinoma,dolichoderinae,Tapinoma pallipes,"Technomyrmex pallipes (F.Smith, 1876)",,SPECIES,,worker,,Toliara,"Parc National d'Andohahela, Forêt de Manatalinjo, 33.6 km 63° ENE Amboasary, 7.6 km 99° E Hazofotsy",-24.81694,46.61,150.0,2002-01-12/2002-01-16,Brian L. Fisher|Charles E. Griswold|Malagasy Arthropod Team,,https://www.antweb.org/images/casent0456886/casent0456886_p_1_high.jpg,casent0456886 profile view 1,April Nobile,Attribution-ShareAlike (BY-SA) Creative Commons License and GNU Free Documentation License (GFDL),"California Academy of Sciences, 2000-2008",GEODETIC_DATUM_ASSUMED_WGS84;CONTINENT_DERIVED_FROM_COORDINATES;COLLECTION_MATCH_NONE;INSTITUTION_MATCH_FUZZY,Tapinoma,1,data/images/Tapinoma/casent0456886_p.jpg,commons,train
865222732,CAS:ANTWEB:casent0467063,casent0467063,casent0467063,p,1323128,Tetramorium,myrmicinae,Tetramorium kelleri,"Tetramorium kelleri Forel, 1887",,SPECIES,,worker,,Antsiranana,"Nosy Be, Réserve Naturelle Intégrale de Lokobe, 6.3 km 112° ESE Hellville",-13.41933,48.33117,30.0,2001-03-19/2001-03-24,Brian L. Fisher|Charles E. Griswold|Malagasy Arthropod Team,Jean Claude Rakotonirina,https://www.antweb.org/images/casent0467063/casent0467063_p_1_high.jpg,casent0467063 profile view 1,April Nobile,Attribution-ShareAlike (BY-SA) Creative Commons License and GNU Free Documentation License (GFDL),"California Academy of Sciences, 2000-2007",GEODETIC_DATUM_ASSUMED_WGS84;CONTINENT_DERIVED_FROM_COORDINATES;COLLECTION_MATCH_NONE;INSTITUTION_MATCH_FUZZY,Tetramorium,1,data/images/Tetramorium/casent0467063_p.jpg,commons,test
1226932348,CAS:ANTWEB:casent0470383,casent0470383,casent0470383,p,1314419,Monomorium,myrmicinae,Monomorium termitobium,"Monomorium termitobium Forel, 1892",,SPECIES,,worker,,Mahajanga,"Réserve d'Ankoririka, 10.6 km 13° NE de Tsaramandroso",-16.26722,47.04861,210.0,2001-04-09/2001-04-14,Brian L. Fisher|Charles E. Griswold|Malagasy Arthropod Team,Brian L. Fisher,https://www.antweb.org/images/casent0470383/casent0470383_p_1_high.jpg,casent0470383 profile view 1,April Nobile,Attribution-ShareAlike (BY-SA) Creative Commons License and GNU Free Documentation License (GFDL),"California Academy of Sciences, 2000-2008",GEODETIC_DATUM_ASSUMED_WGS84;CONTINENT_DERIVED_FROM_COORDINATES;COLLECTION_MATCH_NONE;INSTITUTION_MATCH_FUZZY,Monomorium,1,data/images/Monomorium/casent0470383_p.jpg,commons,train
865222457,CAS:ANTWEB:casent0470747,casent0470747,casent0470747,p,1314419,Monomorium,myrmicinae,Monomorium exiguum,"Monomorium exiguum Forel, 1894",,SPECIES,,worker,,Mahajanga,"Réserve d'Ankoririka, 10.6 km 13° NE de Tsaramandroso",-16.26722,47.04861,210.0,2001-04-09/2001-04-14,Brian L. Fisher|Charles E. Griswold|Malagasy Arthropod Team,,https://www.antweb.org/images/casent0470747/casent0470747_p_1_high.jpg,casent0470747 profile view 1,April Nobile,Attribution-ShareAlike (BY-SA) Creative Commons License and GNU Free Documentation License (GFDL),"California Academy of Sciences, 2000-2008",GEODETIC_DATUM_ASSUMED_WGS84;CONTINENT_DERIVED_FROM_COORDINATES;COLLECTION_MATCH_NONE;INSTITUTION_MATCH_FUZZY,Monomorium,1,data/images/Monomorium/casent0470747_p.jpg,commons,test
865223492,CAS:ANTWEB:casent0475908,casent0475908,casent0475908,p,1314419,Monomorium,myrmicinae,Monomorium sakalavum,"Monomorium sakalavum Santschi, 1928",,SPECIES,,worker,,Toliara,"Parc National d'Andohahela, Forêt d'Ambohibory, 1.7 km 61° ENE Tsimelahy, 36.1 km 308° NW Tolagnaro",-24.93,46.6455,300.0,2002-01-16/2002-01-20,Brian L. Fisher|Charles E. Griswold|Malagasy Arthropod Team,,https://www.antweb.org/images/casent0475908/casent0475908_p_1_high.jpg,casent0475908 profile view 1,April Nobile,Attribution-ShareAlike (BY-SA) Creative Commons License and GNU Free Documentation License (GFDL),"California Academy of Sciences, 2000-2008",GEODETIC_DATUM_ASSUMED_WGS84;CONTINENT_DERIVED_FROM_COORDINATES;COLLECTION_MATCH_NONE;INSTITUTION_MATCH_FUZZY,Monomorium,1,data/images/Monomorium/casent0475908_p.jpg,commons,train
865223630,CAS:ANTWEB:casent0478937,casent0478937,casent0478937,p,4681352,Syllophopsis,myrmicinae,Syllophopsis ferodens,Syllophopsis ferodens,,SPECIES,,worker,,Toliara,"Parc National d'Andohahela, Col du Sedro, 3.8 km 113° ESE Mahamavo, 37.6 km 341° NNW Tolagnaro",-24.76389,46.75167,900.0,2002-01-21/2002-01-25,Brian L. Fisher|Charles E. Griswold|Malagasy Arthropod Team,,https://www.antweb.org/images/casent0478937/casent0478937_p_1_high.jpg,casent0478937 profile view 1,April Nobile,Attribution-ShareAlike (BY-SA) Creative Commons License and GNU Free Documentation License (GFDL),"California Academy of Sciences, 2000-2008",GEODETIC_DATUM_ASSUMED_WGS84;CONTINENT_DERIVED_FROM_COORDINATES;COLLECTION_MATCH_NONE;INSTITUTION_MATCH_FUZZY,Syllophopsis,1,data/images/Syllophopsis/casent0478937_p.jpg,commons,train
865224395,CAS:ANTWEB:casent0481865,casent0481865,casent0481865,p,1314419,Monomorium,myrmicinae,Monomorium destructor,"Trichomyrmex destructor (Jerdon, 1851)",,SPECIES,,worker,,Mahajanga,"Mahavavy River, 10.6 km 148° SSE Mitsinjo",-16.08167,45.935,50.0,2002-12-04,Brian L. Fisher|Charles E. Griswold|Malagasy Arthropod Team,,https://www.antweb.org/images/casent0481865/casent0481865_p_1_high.jpg,casent0481865 profile view 1,April Nobile,Attribution-ShareAlike (BY-SA) Creative Commons License and GNU Free Documentation License (GFDL),"California Academy of Sciences, 2000-2008",GEODETIC_DATUM_ASSUMED_WGS84;CONTINENT_DERIVED_FROM_COORDINATES;COLLECTION_MATCH_NONE;INSTITUTION_MATCH_FUZZY,Monomorium,1,data/images/Monomorium/casent0481865_p.jpg,commons,train
865224418,CAS:ANTWEB:casent0481867,casent0481867,casent0481867,p,1314419,Monomorium,myrmicinae,Monomorium destructor,"Trichomyrmex destructor (Jerdon, 1851)",,SPECIES,,worker,,Mahajanga,"Mahavavy River, 10.6 km 148° SSE Mitsinjo",-16.08167,45.935,50.0,2002-12-04,Brian L. Fisher|Charles E. Griswold|Malagasy Arthropod Team,,https://www.antweb.org/images/casent0481867/casent0481867_p_1_high.jpg,casent0481867 profile view 1,April Nobile,Attribution-ShareAlike (BY-SA) Creative Commons License and GNU Free Documentation License (GFDL),"California Academy of Sciences, 2000-2008",GEODETIC_DATUM_ASSUMED_WGS84;CONTINENT_DERIVED_FROM_COORDINATES;COLLECTION_MATCH_NONE;INSTITUTION_MATCH_FUZZY,Monomorium,1,data/images/Monomorium/casent0481867_p.jpg,commons,train
865224456,CAS:ANTWEB:casent0481871,casent0481871,casent0481871,p,1314419,Monomorium,myrmicinae,Monomorium floricola,"Monomorium floricola (Jerdon, 1851)",,SPECIES,,worker,,Mahajanga,"Mahavavy River, 6.2 km 145° SE Mitsinjo",-16.05167,45.90833,20.0,2002-12-01/2002-12-05,Brian L. Fisher|Charles E. Griswold|Malagasy Arthropod Team,,https://www.antweb.org/images/casent0481871/casent0481871_p_1_high.jpg,casent0481871 profile view 1,April Nobile,Attribution-ShareAlike (BY-SA) Creative Commons License and GNU Free Documentation License (GFDL),"California Academy of Sciences, 2000-2008",GEODETIC_DATUM_ASSUMED_WGS84;CONTINENT_DERIVED_FROM_COORDINATES;COLLECTION_MATCH_NONE;INSTITUTION_MATCH_FUZZY,Monomorium,1,data/images/Monomorium/casent0481871_p.jpg,commons,train
865225342,CAS:ANTWEB:casent0485349,casent0485349,casent0485349,p,1320039,Technomyrmex,dolichoderinae,Technomyrmex fisheri,Technomyrmex fisheri Bolton,,SPECIES,,worker,,Majunga,"Réserve Spéciale d'Ambohijanahary, Forêt d'Ankazotsihitafototra, 35.2 km 312° NW Ambaravaranala",-18.26667,45.40667,1050.0,2003-01-13/2003-01-17,Brian L. Fisher|Charles E. Griswold|Malagasy Arthropod Team,,https://www.antweb.org/images/casent0485349/casent0485349_p_1_high.jpg,casent0485349 profile view 1,April Nobile,Attribution-ShareAlike (BY-SA) Creative Commons License and GNU Free Documentation License (GFDL),"California Academy of Sciences, 2000-2008",GEODETIC_DATUM_ASSUMED_WGS84;CONTINENT_DERIVED_FROM_COORDINATES;COLLECTION_MATCH_NONE;INSTITUTION_MATCH_FUZZY,Technomyrmex,1,data/images/Technomyrmex/casent0485349_p.jpg,commons,train
865225358,CAS:ANTWEB:casent0485542,casent0485542,casent0485542,p,1320039,Technomyrmex,dolichoderinae,Technomyrmex innocens,"Technomyrmex innocens Fisher & Bolton, 2007",,SPECIES,,worker,Holotype,Mahajanga,"Parc National de Namoroka, 17.8 km 329° WNW Vilanandro",-16.37667,45.32667,100.0,2002-11-08/2002-11-12,Brian L. Fisher|Charles E. Griswold|Malagasy Arthropod Team,,https://www.antweb.org/images/casent0485542/casent0485542_p_1_high.jpg,casent0485542 profile view 1,April Nobile,Attribution-ShareAlike (BY-SA) Creative Commons License and GNU Free Documentation License (GFDL),"California Academy of Sciences, 2000-2008",GEODETIC_DATUM_ASSUMED_WGS84;CONTINENT_DERIVED_FROM_COORDINATES;COLLECTION_MATCH_NONE;INSTITUTION_MATCH_FUZZY,Technomyrmex,1,data/images/Technomyrmex/casent0485542_p.jpg,commons,train
865225106,CAS:ANTWEB:casent0486683,casent0486683,casent0486683,p,8301906,Meranoplus,myrmicinae,Meranoplus radamae,"Meranoplus radamae Forel, 1891",,SPECIES,,worker,,Fianarantsoa,"Forêt d'Atsirakambiaty, 7.6 km 285° WNW Itremo",-20.59333,46.56333,1550.0,2003-01-22/2003-01-26,Brian L. Fisher|Charles E. Griswold|Malagasy Arthropod Team,,https://www.antweb.org/images/casent0486683/casent0486683_p_2_high.jpg,casent0486683 profile view 2,Brendon Boudinot,Attribution-ShareAlike (BY-SA) Creative Commons License and GNU Free Documentation License (GFDL),"California Academy of Sciences, 2000-2012",GEODETIC_DATUM_ASSUMED_WGS84;CONTINENT_DERIVED_FROM_COORDINATES;COLLECTION_MATCH_NONE;INSTITUTION_MATCH_FUZZY,Meranoplus,2,data/images/Meranoplus/casent0486683_p.jpg,gbif_cache,train
865225175,CAS:ANTWEB:casent0486686,casent0486686,casent0486686,p,8301906,Meranoplus,myrmicinae,Meranoplus radamae,"Meranoplus radamae Forel, 1891",,SPECIES,,worker,,Fianarantsoa,"Forêt d'Atsirakambiaty, 7.6 km 285° WNW Itremo",-20.59333,46.56333,1550.0,2003-01-22/2003-01-26,Brian L. Fisher|Charles E. Griswold|Malagasy Arthropod Team,,https://www.antweb.org/images/casent0486686/casent0486686_p_1_high.jpg,casent0486686 profile view 1,April Nobile,Attribution-ShareAlike (BY-SA) Creative Commons License and GNU Free Documentation License (GFDL),"California Academy of Sciences, 2000-2007",GEODETIC_DATUM_ASSUMED_WGS84;CONTINENT_DERIVED_FROM_COORDINATES;COLLECTION_MATCH_NONE;INSTITUTION_MATCH_FUZZY,Meranoplus,1,data/images/Meranoplus/casent0486686_p.jpg,commons,train
865226216,CAS:ANTWEB:casent0487130,casent0487130,casent0487130,p,7731605,Nesomyrmex,myrmicinae,Nesomyrmex madecassus,"Nesomyrmex madecassus (Forel, 1892)",,SPECIES,,worker,,Antsiranana,"Parc National de Marojejy, 25.4 km 30° NNE Andapa, 10.9 km 311° NW Manantenina",-14.445,49.735,2000.0,2003-11-24,Brian L. Fisher,Brian L. Fisher,https://www.antweb.org/images/casent0487130/casent0487130_p_1_high.jpg,casent0487130 profile view 1,April Nobile,Attribution-ShareAlike (BY-SA) Creative Commons License and GNU Free Documentation License (GFDL),"California Academy of Sciences, 2000-2007",GEODETIC_DATUM_ASSUMED_WGS84;CONTINENT_DERIVED_FROM_COORDINATES;COLLECTION_MATCH_NONE;INSTITUTION_MATCH_FUZZY,Nesomyrmex,1,data/images/Nesomyrmex/casent0487130_p.jpg,commons,train
865225471,CAS:ANTWEB:casent0487142,casent0487142,casent0487142,p,7731605,Nesomyrmex,myrmicinae,Nesomyrmex madecassus,"Nesomyrmex madecassus (Forel, 1892)",,SPECIES,,worker,,Antsiranana,"Parc National de Marojejy, 25.4 km 30° NNE Andapa, 10.9 km 311° NW Manantenina",-14.445,49.735,2000.0,2003-11-24,Brian L. Fisher,,https://www.antweb.org/images/casent0487142/casent0487142_p_1_high.jpg,casent0487142 profile view 1,Erin Prado,Attribution-ShareAlike (BY-SA) Creative Commons License and GNU Free Documentation License (GFDL),"California Academy of Sciences, 2000-2008",GEODETIC_DATUM_ASSUMED_WGS84;CONTINENT_DERIVED_FROM_COORDINATES;COLLECTION_MATCH_NONE;INSTITUTION_MATCH_FUZZY,Nesomyrmex,1,data/images/Nesomyrmex/casent0487142_p.jpg,commons,train
865225634,CAS:ANTWEB:casent0487553,casent0487553,casent0487553,p,1325265,Cataulacus,myrmicinae,Cataulacus ebrardi,"Cataulacus ebrardi Forel, 1886",,SPECIES,,worker,,Antsiranana,"Forêt d' Andavakoera, 21.4km 75° ENE Ambilobe; 4.6km 356° N Betsiaka",-13.11833,49.23,425.0,2003-12-16,Brian L. Fisher,,https://www.antweb.org/images/casent0487553/casent0487553_p_1_high.jpg,casent0487553 profile view 1,April Nobile,Attribution-ShareAlike (BY-SA) Creative Commons License and GNU Free Documentation License (GFDL),"California Academy of Sciences, 2000-2007",GEODETIC_DATUM_ASSUMED_WGS84;CONTINENT_DERIVED_FROM_COORDINATES;COLLECTION_MATCH_NONE;INSTITUTION_MATCH_FUZZY,Cataulacus,1,data/images/Cataulacus/casent0487553_p.jpg,commons,test
865226279,CAS:ANTWEB:casent0487725,casent0487725,casent0487725,p,1312361,Camponotus,formicinae,Camponotus dufouri,"Camponotus dufouri Forel, 1891",,SPECIES,,worker,,Antsiranana,"Parc National de Marojejy, Manantenina River, 27.6 km 35° NE Andapa, 9.6 km 327° NNW Manantenina",-14.435,49.76,775.0,2003-11-16,Brian L. Fisher,,https://www.antweb.org/images/casent0487725/casent0487725_p_1_high.jpg,casent0487725 profile view 1,Erin Prado,Attribution-ShareAlike (BY-SA) Creative Commons License and GNU Free Documentation License (GFDL),"California Academy of Sciences, 2000-2009",GEODETIC_DATUM_ASSUMED_WGS84;CONTINENT_DERIVED_FROM_COORDINATES;COLLECTION_MATCH_NONE;INSTITUTION_MATCH_FUZZY,Camponotus,1,data/images/Camponotus/casent0487725_p.jpg,gbif_cache,train
865225780,CAS:ANTWEB:casent0487769,casent0487769,casent0487769,p,1325265,Cataulacus,myrmicinae,Cataulacus regularis,"Cataulacus regularis Forel, 1892",,SPECIES,,worker,,Antsiranana,"Parc National de Marojejy, Manantenina River, 27.6 km 35° NE Andapa, 9.6 km 327° NNW Manantenina",-14.435,49.76,775.0,2003-11-17,Brian L. Fisher,,https://www.antweb.org/images/casent0487769/casent0487769_p_1_high.jpg,casent0487769 profile view 1,Erin Prado,Attribution-ShareAlike (BY-SA) Creative Commons License and GNU Free Documentation License (GFDL),"California Academy of Sciences, 2000-2008",GEODETIC_DATUM_ASSUMED_WGS84;CONTINENT_DERIVED_FROM_COORDINATES;COLLECTION_MATCH_NONE;INSTITUTION_MATCH_FUZZY,Cataulacus,1,data/images/Cataulacus/casent0487769_p.jpg,commons,train
865225815,CAS:ANTWEB:casent0487770,casent0487770,casent0487770,p,1325265,Cataulacus,myrmicinae,Cataulacus regularis,"Cataulacus regularis Forel, 1892",,SPECIES,,worker,,Antsiranana,"Parc National de Marojejy, Manantenina River, 27.6 km 35° NE Andapa, 9.6 km 327° NNW Manantenina",-14.435,49.76,775.0,2003-11-17,Brian L. Fisher,,https://www.antweb.org/images/casent0487770/casent0487770_p_1_high.jpg,casent0487770 profile view 1,April Nobile,Attribution-ShareAlike (BY-SA) Creative Commons License and GNU Free Documentation License (GFDL),"California Academy of Sciences, 2000-2008",GEODETIC_DATUM_ASSUMED_WGS84;CONTINENT_DERIVED_FROM_COORDINATES;COLLECTION_MATCH_NONE;INSTITUTION_MATCH_FUZZY,Cataulacus,1,data/images/Cataulacus/casent0487770_p.jpg,commons,train
865225951,CAS:ANTWEB:casent0487847,casent0487847,casent0487847,p,1319685,Pachycondyla,ponerinae,Euponera sikorae,"Euponera sikorae Forel, 1891",,SPECIES,,worker,,Antsiranana,"Parc National de Marojejy, Manantenina River, 27.6 km 35° NE Andapa, 9.6 km 327° NNW Manantenina",-14.435,49.76,775.0,2003-11-16,Brian L. Fisher,Brian L. Fisher,https://www.antweb.org/images/casent0487847/casent0487847_p_1_high.jpg,casent0487847 profile view 1,April Nobile,Attribution-ShareAlike (BY-SA) Creative Commons License and GNU Free Documentation License (GFDL),"California Academy of Sciences, 2000-2007",GEODETIC_DATUM_ASSUMED_WGS84;CONTINENT_DERIVED_FROM_COORDINATES;COLLECTION_MATCH_NONE;INSTITUTION_MATCH_FUZZY,Pachycondyla,1,data/images/Pachycondyla/casent0487847_p.jpg,commons,train
865226601,CAS:ANTWEB:casent0489647,casent0489647,casent0489647,p,1315863,Aphaenogaster,myrmicinae,Aphaenogaster swammerdami,"Aphaenogaster swammerdami Forel, 1886",,SPECIES,,worker,,Fianarantsoa,"Forêt d'Analalava, 29.6 km 280° W Ranohira",-22.59167,45.12833,700.0,2003-02-01/2003-02-05,Brian L. Fisher|Charles E. Griswold|Malagasy Arthropod Team,,https://www.antweb.org/images/casent0489647/casent0489647_p_1_high.jpg,casent0489647 profile view 1,April Nobile,Attribution-ShareAlike (BY-SA) Creative Commons License and GNU Free Documentation License (GFDL),"California Academy of Sciences, 2000-2007",GEODETIC_DATUM_ASSUMED_WGS84;CONTINENT_DERIVED_FROM_COORDINATES;COLLECTION_MATCH_NONE;INSTITUTION_MATCH_FUZZY,Aphaenogaster,1,data/images/Aphaenogaster/casent0489647_p.jpg,commons,train
865226761,CAS:ANTWEB:casent0490190,casent0490190,casent0490190,p,1314419,Monomorium,myrmicinae,Monomorium madecassum,"Monomorium madecassum Forel, 1892",,SPECIES,,worker,,Mahajanga,"Mahavavy River, 6.2 km 145° SE Mitsinjo",-16.05167,45.90833,20.0,2002-12-01/2002-12-05,Brian L. Fisher|Charles E. Griswold|Malagasy Arthropod Team,,https://www.antweb.org/images/casent0490190/casent0490190_p_1_high.jpg,casent0490190 profile view 1,Michele Esposito,Attribution-ShareAlike (BY-SA) Creative Commons License and GNU Free Documentation License (GFDL),"California Academy of Sciences, 2000-2008",GEODETIC_DATUM_ASSUMED_WGS84;CONTINENT_DERIVED_FROM_COORDINATES;COLLECTION_MATCH_NONE;INSTITUTION_MATCH_FUZZY,Monomorium,1,data/images/Monomorium/casent0490190_p.jpg,commons,train
865227285,CAS:ANTWEB:casent0491274,casent0491274,casent0491274,p,1325265,Cataulacus,myrmicinae,Cataulacus ebrardi,"Cataulacus ebrardi Forel, 1886",,SPECIES,,worker,,Fianarantsoa,"Parc National d'Isalo, Sahanafa River, 29.2 km 351° N Ranohira",-22.31333,45.29167,500.0,2003-02-10/2003-02-13,Brian L. Fisher|Charles E. Griswold|Malagasy Arthropod Team,,https://www.antweb.org/images/casent0491274/casent0491274_p_1_high.jpg,casent0491274 profile view 1,Erin Prado,Attribution-ShareAlike (BY-SA) Creative Commons License and GNU Free Documentation License (GFDL),"California Academy of Sciences, 2000-2008",GEODETIC_DATUM_ASSUMED_WGS84;CONTINENT_DERIVED_FROM_COORDINATES;COLLECTION_MATCH_NONE;INSTITUTION_MATCH_FUZZY,Cataulacus,1,data/images/Cataulacus/casent0491274_p.jpg,commons,train
865227733,CAS:ANTWEB:casent0491318,casent0491318,casent0491318,p,1325265,Cataulacus,myrmicinae,Cataulacus ebrardi,"Cataulacus ebrardi Forel, 1886",,SPECIES,,worker,,Fianarantsoa,"Parc National d'Isalo, Sahanafa River, 29.2 km 351° N Ranohira",-22.31333,45.29167,500.0,2003-02-10/2003-02-13,Brian L. Fisher|Charles E. Griswold|Malagasy Arthropod Team,,https://www.antweb.org/images/casent0491318/casent0491318_p_1_high.jpg,casent0491318 profile view 1,Erin Prado,Attribution-ShareAlike (BY-SA) Creative Commons License and GNU Free Documentation License (GFDL),"California Academy of Sciences, 2000-2008",GEODETIC_DATUM_ASSUMED_WGS84;CONTINENT_DERIVED_FROM_COORDINATES;COLLECTION_MATCH_NONE;INSTITUTION_MATCH_FUZZY,Cataulacus,1,data/images/Cataulacus/casent0491318_p.jpg,commons,train
2416978497,CAS:ANTWEB:casent0491427,casent0491427,casent0491427,p,1321654,Pheidole,myrmicinae,Pheidole bessonii,"Pheidole bessonii Forel, 1891",,SPECIES,,worker,Holotype,Fianarantsoa,"Parc National d'Isalo, Sahanafa River, 29.2 km 351° N Ranohira",-22.31333,45.29167,500.0,2003-02-10/2003-02-13,Brian L. Fisher|Charles E. Griswold|Malagasy Arthropod Team,S. Salata,https://www.antweb.org/images/casent0491427/casent0491427_p_1_high.jpg,casent0491427 profile view 1,Michele Esposito,Attribution-ShareAlike (BY-SA) Creative Commons License and GNU Free Documentation License (GFDL),"California Academy of Sciences, 2000-2019",GEODETIC_DATUM_ASSUMED_WGS84;CONTINENT_DERIVED_FROM_COORDINATES;COLLECTION_MATCH_NONE;INSTITUTION_MATCH_FUZZY,Pheidole,1,data/images/Pheidole/casent0491427_p.jpg,gbif_cache,train
865228154,CAS:ANTWEB:casent0491610,casent0491610,casent0491610,p,4681352,Syllophopsis,myrmicinae,Syllophopsis fisheri,Syllophopsis fisheri,,SPECIES,,worker,,Fianarantsoa,"Forêt d'Atsirakambiaty, 7.6 km 285° WNW Itremo",-20.59333,46.56333,1550.0,2003-01-22/2003-01-26,Brian L. Fisher|Charles E. Griswold|Malagasy Arthropod Team,Brian L. Fisher,https://www.antweb.org/images/casent0491610/casent0491610_p_1_high.jpg,casent0491610 profile view 1,April Nobile,Attribution-ShareAlike (BY-SA) Creative Commons License and GNU Free Documentation License (GFDL),"California Academy of Sciences, 2000-2007",GEODETIC_DATUM_ASSUMED_WGS84;CONTINENT_DERIVED_FROM_COORDINATES;COLLECTION_MATCH_NONE;INSTITUTION_MATCH_FUZZY,Syllophopsis,1,data/images/Syllophopsis/casent0491610_p.jpg,commons,train
865228573,CAS:ANTWEB:casent0492794,casent0492794,casent0492794,p,1323128,Tetramorium,myrmicinae,Tetramorium obiwan,"Tetramorium obiwan Hita Garcia & Fisher, 2014",,SPECIES,,worker,,Fianarantsoa,"Parc National de Ranomafana, Sahamalaotra River, 6.6 km 310° NW Ranomafana",-21.23667,47.39667,1150.0,2003-03-31,Brian L. Fisher|Charles E. Griswold,F. Hita Garcia,https://www.antweb.org/images/casent0492794/casent0492794_p_1_high.jpg,casent0492794 profile view 1,Estella Ortega,Attribution-ShareAlike (BY-SA) Creative Commons License and GNU Free Documentation License (GFDL),"California Academy of Sciences, 2000-2010",GEODETIC_DATUM_ASSUMED_WGS84;CONTINENT_DERIVED_FROM_COORDINATES;COLLECTION_MATCH_NONE;INSTITUTION_MATCH_FUZZY,Tetramorium,1,data/images/Tetramorium/casent0492794_p.jpg,gbif_cache,train
865228209,CAS:ANTWEB:casent0492837,casent0492837,casent0492837,p,1324306,Crematogaster,myrmicinae,Crematogaster alafara,"Crematogaster alafara Blaimer, 2013",,SPECIES,,worker,Holotype,Fianarantsoa,"Parc National de Ranomafana, Sahamalaotra River, 6.6 km 310° NW Ranomafana",-21.23667,47.39667,1150.0,2003-03-31,Brian L. Fisher|Charles E. Griswold|Malagasy Arthropod Team,B.B. Blaimer,https://www.antweb.org/images/casent0492837/casent0492837_p_1_high.jpg,casent0492837 profile view 1,Estella Ortega,Attribution-ShareAlike (BY-SA) Creative Commons License and GNU Free Documentation License (GFDL),"California Academy of Sciences, 2000-2012",GEODETIC_DATUM_ASSUMED_WGS84;CONTINENT_DERIVED_FROM_COORDINATES;COLLECTION_MATCH_NONE;INSTITUTION_MATCH_FUZZY,Crematogaster,1,data/images/Crematogaster/casent0492837_p.jpg,gbif_cache,train
865228737,CAS:ANTWEB:casent0492888,casent0492888,casent0492888,p,1312361,Camponotus,formicinae,Camponotus varatra,"Camponotus varatra Rakotonirina, Csösz & Fisher, 2016",,SPECIES,,worker,Holotype,Fianarantsoa,"Parc National de Ranomafana, Sahamalaotra River, 6.6 km 310° NW Ranomafana",-21.23667,47.39667,1150.0,2003-03-31,Brian L. Fisher|Charles E. Griswold|Malagasy Arthropod Team,Jean Claude Rakotonirina,https://www.antweb.org/images/casent0492888/casent0492888_p_1_high.jpg,casent0492888 profile view 1,Erin Prado,Attribution-ShareAlike (BY-SA) Creative Commons License and GNU Free Documentation License (GFDL),"California Academy of Sciences, 2000-2010",GEODETIC_DATUM_ASSUMED_WGS84;CONTINENT_DERIVED_FROM_COORDINATES;COLLECTION_MATCH_NONE;INSTITUTION_MATCH_FUZZY,Camponotus,1,data/images/Camponotus/casent0492888_p.jpg,gbif_cache,train
865228770,CAS:ANTWEB:casent0494141,casent0494141,casent0494141,p,1326614,Hypoponera,ponerinae,Hypoponera sakalava,"Hypoponera sakalava (Forel, 1891)",,SPECIES,,worker,,Antsiranana,"Forêt de Binara, 9.4km 235° SW Daraina",-13.26333,49.6,1100.0,2003-12-05,Brian L. Fisher,Brian L. Fisher,https://www.antweb.org/images/casent0494141/casent0494141_p_1_high.jpg,casent0494141 profile view 1,April Nobile,Attribution-ShareAlike (BY-SA) Creative Commons License and GNU Free Documentation License (GFDL),"California Academy of Sciences, 2000-2008",GEODETIC_DATUM_ASSUMED_WGS84;CONTINENT_DERIVED_FROM_COORDINATES;COLLECTION_MATCH_NONE;INSTITUTION_MATCH_FUZZY,Hypoponera,1,data/images/Hypoponera/casent0494141_p.jpg,commons,train
865228931,CAS:ANTWEB:casent0494149,casent0494149,casent0494149,p,1323128,Tetramorium,myrmicinae,Tetramorium severini,"Tetramorium severini (Emery, 1895)",,SPECIES,,worker,,Antsiranana,"Forêt de Binara, 9.4km 235° SW Daraina",-13.26333,49.6,1100.0,2003-12-05,Brian L. Fisher,Brian L. Fisher,https://www.antweb.org/images/casent0494149/casent0494149_p_1_high.jpg,casent0494149 profile view 1,April Nobile,Attribution-ShareAlike (BY-SA) Creative Commons License and GNU Free Documentation License (GFDL),"California Academy of Sciences, 2000-2007",GEODETIC_DATUM_ASSUMED_WGS84;CONTINENT_DERIVED_FROM_COORDINATES;COLLECTION_MATCH_NONE;INSTITUTION_MATCH_FUZZY,Tetramorium,1,data/images/Tetramorium/casent0494149_p.jpg,commons,train
865228877,CAS:ANTWEB:casent0494701,casent0494701,casent0494701,p,1321654,Pheidole,myrmicinae,Pheidole praegrandis,"Pheidole praegrandis Salata & Fisher, 2020",,SPECIES,,worker,,Antsiranana,"Parc National de Marojejy, Manantenina River, 27.6 km 35° NE Andapa, 9.6 km 327° NNW Manantenina",-14.435,49.76,775.0,2003-11-15/2003-11-18,Brian L. Fisher|Malagasy Arthropod Team,S. Salata,https://www.antweb.org/images/casent0494701/casent0494701_p_1_high.jpg,casent0494701 profile view 1,April Nobile,Attribution-ShareAlike (BY-SA) Creative Commons License and GNU Free Documentation License (GFDL),"California Academy of Sciences, 2000-2007",GEODETIC_DATUM_ASSUMED_WGS84;CONTINENT_DERIVED_FROM_COORDINATES;COLLECTION_MATCH_NONE;INSTITUTION_MATCH_FUZZY,Pheidole,1,data/images/Pheidole/casent0494701_p.jpg,commons,train
865229912,CAS:ANTWEB:casent0495513,casent0495513,casent0495513,p,4673663,Bothroponera,ponerinae,Bothroponera cambouei,"Bothroponera cambouei Forel, 1891",,SPECIES,,worker,,Toamasina,Montagne d'Akirindro 7.6 km 341° NNW Ambinanitelo,-15.28833,49.54833,600.0,2003-03-17/2003-03-21,Brian L. Fisher|Charles E. Griswold|Malagasy Arthropod Team,,https://www.antweb.org/images/casent0495513/casent0495513_p_1_high.jpg,casent0495513 profile view 1,Jean Claude Rakotonirina,Attribution-ShareAlike (BY-SA) Creative Commons License and GNU Free Documentation License (GFDL),"California Academy of Sciences, 2000-2008",GEODETIC_DATUM_ASSUMED_WGS84;CONTINENT_DERIVED_FROM_COORDINATES;COLLECTION_MATCH_NONE;INSTITUTION_MATCH_FUZZY,Bothroponera,1,data/images/Bothroponera/casent0495513_p.jpg,commons,train
865230444,CAS:ANTWEB:casent0497202,casent0497202,casent0497202,p,1319685,Pachycondyla,ponerinae,Euponera sikorae,"Euponera sikorae Forel, 1891",,SPECIES,,worker,,Fianarantsoa,"Parc National de Ranomafana, Vatoharanana River, 4.1 km 231° SW Ranomafana",-21.29,47.43333,1100.0,2003-03-27/2003-03-31,Brian L. Fisher|Charles E. Griswold|Malagasy Arthropod Team,,https://www.antweb.org/images/casent0497202/casent0497202_p_1_high.jpg,casent0497202 profile view 1,Jean Claude Rakotonirina,Attribution-ShareAlike (BY-SA) Creative Commons License and GNU Free Documentation License (GFDL),"California Academy of Sciences, 2000-2008",GEODETIC_DATUM_ASSUMED_WGS84;CONTINENT_DERIVED_FROM_COORDINATES;COLLECTION_MATCH_NONE;INSTITUTION_MATCH_FUZZY,Pachycondyla,1,data/images/Pachycondyla/casent0497202_p.jpg,commons,train
865230795,CAS:ANTWEB:casent0497580,casent0497580,casent0497580,p,1319461,Anochetus,ponerinae,Anochetus grandidieri,"Anochetus grandidieri Forel, 1891",,SPECIES,,worker,,Fianarantsoa,"Parc National de Ranomafana, Vatoharanana River, 4.1 km 231° SW Ranomafana",-21.29,47.43333,1100.0,2003-03-27/2003-03-31,Brian L. Fisher|Charles E. Griswold|Malagasy Arthropod Team,,https://www.antweb.org/images/casent0497580/casent0497580_p_1_high.jpg,casent0497580 profile view 1,April Nobile,Attribution-ShareAlike (BY-SA) Creative Commons License and GNU Free Documentation License (GFDL),"California Academy of Sciences, 2000-2008",GEODETIC_DATUM_ASSUMED_WGS84;CONTINENT_DERIVED_FROM_COORDINATES;COLLECTION_MATCH_NONE;INSTITUTION_MATCH_FUZZY,Anochetus,1,data/images/Anochetus/casent0497580_p.jpg,commons,train
865231315,CAS:ANTWEB:casent0497789,casent0497789,casent0497789,p,1326298,Platythyrea,ponerinae,Platythyrea bicuspis,"Platythyrea bicuspis Emery, 1899",,SPECIES,,worker,,Fianarantsoa,"Parc National de Ranomafana, Vatoharanana River, 4.1 km 231° SW Ranomafana",-21.29,47.43333,1100.0,2003-03-27/2003-03-31,Brian L. Fisher|Charles E. Griswold|Malagasy Arthropod Team,,https://www.antweb.org/images/casent0497789/casent0497789_p_1_high.jpg,casent0497789 profile view 1,Erin Prado,Attribution-ShareAlike (BY-SA) Creative Commons License and GNU Free Documentation License (GFDL),"California Academy of Sciences, 2000-2008",GEODETIC_DATUM_ASSUMED_WGS84;CONTINENT_DERIVED_FROM_COORDINATES;COLLECTION_MATCH_NONE;INSTITUTION_MATCH_FUZZY,Platythyrea,1,data/images/Platythyrea/casent0497789_p.jpg,commons,train
865231020,CAS:ANTWEB:casent0498309,casent0498309,casent0498309,p,1319461,Anochetus,ponerinae,Anochetus goodmani,"Anochetus goodmani Fisher, 2008",,SPECIES,,worker,Holotype,Antsiranana,"Forêt de Binara, 7.5 km 230° SW Daraina",-13.255,49.61667,375.0,2003-12-02,Brian L. Fisher,,https://www.antweb.org/images/casent0498309/casent0498309_p_1_high.jpg,casent0498309 profile view 1,April Nobile,Attribution-ShareAlike (BY-SA) Creative Commons License and GNU Free Documentation License (GFDL),"California Academy of Sciences, 2000-2007",GEODETIC_DATUM_ASSUMED_WGS84;CONTINENT_DERIVED_FROM_COORDINATES;COLLECTION_MATCH_NONE;INSTITUTION_MATCH_FUZZY,Anochetus,1,data/images/Anochetus/casent0498309_p.jpg,commons,train
865231489,CAS:ANTWEB:casent0498428,casent0498428,casent0498428,p,1315863,Aphaenogaster,myrmicinae,Aphaenogaster swammerdami,"Aphaenogaster swammerdami Forel, 1886",,SPECIES,,worker,,Antsiranana,"Forêt d'Ampondrabe, 26.3km 10° NNE Daraina",-12.97,49.7,175.0,2003-12-11,Brian L. Fisher,Brian L. Fisher,https://www.antweb.org/images/casent0498428/casent0498428_p_1_high.jpg,casent0498428 profile view 1,April Nobile,Attribution-ShareAlike (BY-SA) Creative Commons License and GNU Free Documentation License (GFDL),"California Academy of Sciences, 2000-2008",GEODETIC_DATUM_ASSUMED_WGS84;CONTINENT_DERIVED_FROM_COORDINATES;COLLECTION_MATCH_NONE;INSTITUTION_MATCH_FUZZY,Aphaenogaster,1,data/images/Aphaenogaster/casent0498428_p.jpg,commons,train
865231700,CAS:ANTWEB:casent0498535,casent0498535,casent0498535,p,1326298,Platythyrea,ponerinae,Platythyrea arthuri,"Platythyrea arthuri Forel, 1910",,SPECIES,,worker,,Antsiranana,"Forêt d'Ampondrabe, 26.3km 10° NNE Daraina",-12.97,49.7,175.0,2003-12-11,Brian L. Fisher,Brian L. Fisher,https://www.antweb.org/images/casent0498535/casent0498535_p_1_high.jpg,casent0498535 profile view 1,April Nobile,Attribution-ShareAlike (BY-SA) Creative Commons License and GNU Free Documentation License (GFDL),"California Academy of Sciences, 2000-2007",GEODETIC_DATUM_ASSUMED_WGS84;CONTINENT_DERIVED_FROM_COORDINATES;COLLECTION_MATCH_NONE;INSTITUTION_MATCH_FUZZY,Platythyrea,1,data/images/Platythyrea/casent0498535_p.jpg,commons,train
865231951,CAS:ANTWEB:casent0498558,casent0498558,casent0498558,p,1325265,Cataulacus,myrmicinae,Cataulacus wasmanni,"Cataulacus wasmanni Forel, 1897",,SPECIES,,worker,,Antsiranana,"Forêt d'Ampondrabe, 26.3km 10° NNE Daraina",-12.97,49.7,175.0,2003-12-11,Brian L. Fisher,,https://www.antweb.org/images/casent0498558/casent0498558_p_1_high.jpg,casent0498558 profile view 1,Erin Prado,Attribution-ShareAlike (BY-SA) Creative Commons License and GNU Free Documentation License (GFDL),"California Academy of Sciences, 2000-2008",GEODETIC_DATUM_ASSUMED_WGS84;CONTINENT_DERIVED_FROM_COORDINATES;COLLECTION_MATCH_NONE;INSTITUTION_MATCH_FUZZY,Cataulacus,1,data/images/Cataulacus/casent0498558_p.jpg,gbif_cache,train
865231179,CAS:ANTWEB:casent0498567,casent0498567,casent0498567,p,1325265,Cataulacus,myrmicinae,Cataulacus wasmanni,"Cataulacus wasmanni Forel, 1897",,SPECIES,,worker,,Antsiranana,"Forêt d'Ampondrabe, 26.3km 10° NNE Daraina",-12.97,49.7,175.0,2003-12-11,Brian L. Fisher,,https://www.antweb.org/images/casent0498567/casent0498567_p_1_high.jpg,casent0498567 profile view 1,April Nobile,Attribution-ShareAlike (BY-SA) Creative Commons License and GNU Free Documentation License (GFDL),"California Academy of Sciences, 2000-2008",GEODETIC_DATUM_ASSUMED_WGS84;CONTINENT_DERIVED_FROM_COORDINATES;COLLECTION_MATCH_NONE;INSTITUTION_MATCH_FUZZY,Cataulacus,1,data/images/Cataulacus/casent0498567_p.jpg,commons,test
865231601,CAS:ANTWEB:casent0498593,casent0498593,casent0498593,p,1319461,Anochetus,ponerinae,Anochetus madagascarensis,"Anochetus madagascarensis Forel, 1887",,SPECIES,,worker,,Antsiranana,"Forêt d'Ampondrabe, 26.3km 10° NNE Daraina",-12.97,49.7,175.0,2003-12-11,Brian L. Fisher,Brian L. Fisher,https://www.antweb.org/images/casent0498593/casent0498593_p_1_high.jpg,casent0498593 profile view 1,April Nobile,Attribution-ShareAlike (BY-SA) Creative Commons License and GNU Free Documentation License (GFDL),"California Academy of Sciences, 2000-2008",GEODETIC_DATUM_ASSUMED_WGS84;CONTINENT_DERIVED_FROM_COORDINATES;COLLECTION_MATCH_NONE;INSTITUTION_MATCH_FUZZY,Anochetus,1,data/images/Anochetus/casent0498593_p.jpg,commons,train
865231910,CAS:ANTWEB:casent0498885,casent0498885,casent0498885,p,1324306,Crematogaster,myrmicinae,Crematogaster kelleri,"Crematogaster kelleri Forel, 1891",,SPECIES,,worker,,Antsiranana,"Forêt d'Ampondrabe, 26.3km 10° NNE Daraina",-12.97,49.7,175.0,2003-12-10,Brian L. Fisher,B.B. Blaimer,https://www.antweb.org/images/casent0498885/casent0498885_p_1_high.jpg,casent0498885 profile view 1,April Nobile,Attribution-ShareAlike (BY-SA) Creative Commons License and GNU Free Documentation License (GFDL),"California Academy of Sciences, 2000-2007",GEODETIC_DATUM_ASSUMED_WGS84;CONTINENT_DERIVED_FROM_COORDINATES;COLLECTION_MATCH_NONE;INSTITUTION_MATCH_FUZZY,Crematogaster,1,data/images/Crematogaster/casent0498885_p.jpg,commons,train
865231657,CAS:ANTWEB:casent0498916,casent0498916,casent0498916,p,1312361,Camponotus,formicinae,Camponotus sada,"Camponotus sada Rakotonirina & Fisher, 2018",,SPECIES,,worker,Holotype,Antsiranana,"Forêt d' Andavakoera, 21.4km 75° ENE Ambilobe; 4.6km 356° N Betsiaka",-13.11833,49.23,425.0,2003-12-16,Brian L. Fisher,Jean Claude Rakotonirina,https://www.antweb.org/images/casent0498916/casent0498916_p_1_high.jpg,casent0498916 profile view 1,Erin Prado,Attribution-ShareAlike (BY-SA) Creative Commons License and GNU Free Documentation License (GFDL),"California Academy of Sciences, 2000-2010",GEODETIC_DATUM_ASSUMED_WGS84;CONTINENT_DERIVED_FROM_COORDINATES;COLLECTION_MATCH_NONE;INSTITUTION_MATCH_FUZZY,Camponotus,1,data/images/Camponotus/casent0498916_p.jpg,gbif_cache,train
865231559,CAS:ANTWEB:casent0499051,casent0499051,casent0499051,p,1312361,Camponotus,formicinae,Camponotus raina,"Camponotus raina Rakotonirina & Fisher, 2018",,SPECIES,,worker,Holotype,Antsiranana,"Forêt d' Andavakoera, 21.4km 75° ENE Ambilobe; 4.6km 356° N Betsiaka",-13.11833,49.23,425.0,2003-12-16,Brian L. Fisher,Jean Claude Rakotonirina,https://www.antweb.org/images/casent0499051/casent0499051_p_1_high.jpg,casent0499051 profile view 1,Erin Prado,Attribution-ShareAlike (BY-SA) Creative Commons License and GNU Free Documentation License (GFDL),"California Academy of Sciences, 2000-2010",GEODETIC_DATUM_ASSUMED_WGS84;CONTINENT_DERIVED_FROM_COORDINATES;COLLECTION_MATCH_NONE;INSTITUTION_MATCH_FUZZY,Camponotus,1,data/images/Camponotus/casent0499051_p.jpg,gbif_cache,train
865232191,CAS:ANTWEB:casent0499163,casent0499163,casent0499163,p,1317363,Terataner,myrmicinae,Terataner alluaudi,"Terataner alluaudi (Emery, 1895)",,SPECIES,,worker,,Antsiranana,"Forêt d'Analabe, 30.0 km 72° ENE Daraina",-13.08333,49.90833,30.0,2003-11-28,Brian L. Fisher,,https://www.antweb.org/images/casent0499163/casent0499163_p_1_high.jpg,casent0499163 profile view 1,Erin Prado,Attribution-ShareAlike (BY-SA) Creative Commons License and GNU Free Documentation License (GFDL),"California Academy of Sciences, 2000-2008",GEODETIC_DATUM_ASSUMED_WGS84;CONTINENT_DERIVED_FROM_COORDINATES;COLLECTION_MATCH_NONE;INSTITUTION_MATCH_FUZZY,Terataner,1,data/images/Terataner/casent0499163_p.jpg,commons,train
865231895,CAS:ANTWEB:casent0499525,casent0499525,casent0499525,p,1317162,Odontomachus,ponerinae,Odontomachus coquereli,"Odontomachus coquereli Roger, 1861",,SPECIES,,worker,,Antsiranana,"Parc National de Marojejy, Manantenina River, 28.0 km 38° NE Andapa, 8.2 km 333° NNW Manantenina",-14.43667,49.775,450.0,2003-11-12/2003-11-15,Brian L. Fisher|Malagasy Arthropod Team,Brian L. Fisher,https://www.antweb.org/images/casent0499525/casent0499525_p_1_high.jpg,casent0499525 profile view 1,April Nobile,Attribution-ShareAlike (BY-SA) Creative Commons License and GNU Free Documentation License (GFDL),"California Academy of Sciences, 2000-2008",GEODETIC_DATUM_ASSUMED_WGS84;CONTINENT_DERIVED_FROM_COORDINATES;COLLECTION_MATCH_NONE;INSTITUTION_MATCH_FUZZY,Odontomachus,1,data/images/Odontomachus/casent0499525_p.jpg,commons,train
865232007,CAS:ANTWEB:casent0499794,casent0499794,casent0499794,p,1320039,Technomyrmex,dolichoderinae,Technomyrmex mayri,"Technomyrmex mayri Forel, 1891",,SPECIES,,worker,,Antsiranana,"Parc National de Marojejy, Antranohofa, 26.6 km 31° NNE Andapa, 10.7 km 318° NW Manantenina",-14.44333,49.74333,1325.0,2003-11-19,Brian L. Fisher,,https://www.antweb.org/images/casent0499794/casent0499794_p_1_high.jpg,casent0499794 profile view 1,April Nobile,Attribution-ShareAlike (BY-SA) Creative Commons License and GNU Free Documentation License (GFDL),"California Academy of Sciences, 2000-2008",GEODETIC_DATUM_ASSUMED_WGS84;CONTINENT_DERIVED_FROM_COORDINATES;COLLECTION_MATCH_NONE;INSTITUTION_MATCH_FUZZY,Technomyrmex,1,data/images/Technomyrmex/casent0499794_p.jpg,commons,test
865232066,CAS:ANTWEB:casent0499800,casent0499800,casent0499800,p,1320203,Strumigenys,myrmicinae,Strumigenys dicomas,"Strumigenys dicomas Fisher, 2000",,SPECIES,,worker,,Antsiranana,"Parc National de Marojejy, Antranohofa, 26.6 km 31° NNE Andapa, 10.7 km 318° NW Manantenina",-14.44333,49.74333,1325.0,2003-11-19,Brian L. Fisher,Brian L. Fisher,https://www.antweb.org/images/casent0499800/casent0499800_p_1_high.jpg,casent0499800 profile view 1,April Nobile,Attribution-ShareAlike (BY-SA) Creative Commons License and GNU Free Documentation License (GFDL),"California Academy of Sciences, 2000-2007",GEODETIC_DATUM_ASSUMED_WGS84;CONTINENT_DERIVED_FROM_COORDINATES;COLLECTION_MATCH_NONE;INSTITUTION_MATCH_FUZZY,Strumigenys,1,data/images/Strumigenys/casent0499800_p.jpg,commons,train
2425456555,CAS:ANTWEB:casent0704282,casent0704282,casent0704282,p,1321654,Pheidole,myrmicinae,Pheidole masoandro,"Pheidole masoandro Salata & Fisher, 2020",,SPECIES,,worker,Holotype,Toliara,"Anosy Region, Anosyenne Mts, 31.2 km NW Manantenina",-24.13894,47.06804,1125.0,2015-02-26,Brian L. Fisher|F.A. Esteves|Malagasy Arthropod Team,S. Salata,https://www.antweb.org/images/casent0704282/casent0704282_p_1_high.jpg,casent0704282 profile view 1,Michele Esposito,Attribution-ShareAlike (BY-SA) Creative Commons License and GNU Free Documentation License (GFDL),"California Academy of Sciences, 2000-2019",GEODETIC_DATUM_ASSUMED_WGS84;CONTINENT_DERIVED_FROM_COORDINATES;COLLECTION_MATCH_NONE;INSTITUTION_MATCH_FUZZY,Pheidole,1,data/images/Pheidole/casent0704282_p.jpg,gbif_cache,test
2425456579,CAS:ANTWEB:casent0720924,casent0720924,casent0720924,p,1321654,Pheidole,myrmicinae,Pheidole ambohimanga,"Pheidole ambohimanga Salata & Fisher, 2020",,SPECIES,,worker,Holotype,Antananarivo,Ambohimanga,-18.76036,47.56372,1294.0,2015-09-08,Brian L. Fisher|Malagasy Arthropod Team,S. Salata,https://www.antweb.org/images/casent0720924/casent0720924_p_1_high.jpg,casent0720924 profile view 1,Michele Esposito,Attribution-ShareAlike (BY-SA) Creative Commons License and GNU Free Documentation License (GFDL),"California Academy of Sciences, 2000-2019",GEODETIC_DATUM_ASSUMED_WGS84;CONTINENT_DERIVED_FROM_COORDINATES;COLLECTION_MATCH_NONE;INSTITUTION_MATCH_FUZZY,Pheidole,1,data/images/Pheidole/casent0720924_p.jpg,gbif_cache,train
1935635118,CAS:ANTWEB:casent0808080,casent0808080,casent0808080,p,1321654,Pheidole,myrmicinae,Pheidole ovalinoda,"Pheidole ovalinoda Salata & Fisher, 2020",,SPECIES,,worker,Holotype,Antsiranana,"Sava Region: Parc National de Marojejy, Manantenina River, 27.9 km 24.3° NE Andapa",-14.43462,49.75853,850.0,2018-02-09,Brian L. Fisher|Malagasy Arthropod Team,S. Salata,https://www.antweb.org/images/casent0808080/casent0808080_p_1_high.jpg,casent0808080 profile view 1,Michele Esposito,Attribution-ShareAlike (BY-SA) Creative Commons License and GNU Free Documentation License (GFDL),"California Academy of Sciences, 2000-2019",GEODETIC_DATUM_ASSUMED_WGS84;CONTINENT_DERIVED_FROM_COORDINATES;COLLECTION_MATCH_NONE;INSTITUTION_MATCH_FUZZY,Pheidole,1,data/images/Pheidole/casent0808080_p.jpg,gbif_cache,test
1848239287,CAS:ANTWEB:casent0812061,casent0812061,casent0812061,p,1317100,Cardiocondyla,myrmicinae,Cardiocondyla emeryi,"Cardiocondyla emeryi Forel, 1881",,SPECIES,,worker,,Antananarivo,Bibikely Biodiversity Institute,-18.93253,47.52542,1284.0,2017-01-24/2017-01-27,P.G. Hawkes,P.G. Hawkes,https://www.antweb.org/images/casent0812061/casent0812061_p_1_high.jpg,casent0812061 profile view 1,Peter Hawkes,Attribution-ShareAlike (BY-SA) Creative Commons License and GNU Free Documentation License (GFDL),"California Academy of Sciences, 2000-2012",GEODETIC_DATUM_ASSUMED_WGS84;CONTINENT_DERIVED_FROM_COORDINATES;COLLECTION_MATCH_NONE;INSTITUTION_MATCH_FUZZY,Cardiocondyla,1,data/images/Cardiocondyla/casent0812061_p.jpg,gbif_cache,test
1413786162,CAS:ANTWEB:casent0822320,casent0822320,casent0822320,p,1315863,Aphaenogaster,myrmicinae,Aphaenogaster swammerdami,"Aphaenogaster swammerdami Forel, 1886",,SPECIES,,worker,,Toliara,"southern Isoky-Vohimena Forest, 59 km NE Sakaraha",-22.46667,44.85,730.0,1996-01-21,Brian L. Fisher,,https://www.antweb.org/images/casent0822320/casent0822320_p_2_high.jpg,casent0822320 profile view 2,Michele Esposito,Attribution-ShareAlike (BY-SA) Creative Commons License and GNU Free Documentation License (GFDL),"California Academy of Sciences, 2000-2012",GEODETIC_DATUM_ASSUMED_WGS84;CONTINENT_DERIVED_FROM_COORDINATES;COLLECTION_MATCH_NONE;INSTITUTION_MATCH_FUZZY,Aphaenogaster,2,data/images/Aphaenogaster/casent0822320_p.jpg,gbif_cache,train
1839282015,CAS:ANTWEB:casent0840847,casent0840847,casent0840847,p,1319685,Pachycondyla,ponerinae,Pachycondyla perroti,"Bothroponera perroti Forel, 1891",,SPECIES,,worker,,Antsiranana,"Sava Region: Parc National de Marojejy, Manantenina River, 27.9 km 24.3° NE Andapa",-14.43462,49.75853,850.0,2018-02-09,Brian L. Fisher|Malagasy Arthropod Team,,https://www.antweb.org/images/casent0840847/casent0840847_p_1_high.jpg,casent0840847 profile view 1,Wade Lee,Attribution-ShareAlike (BY-SA) Creative Commons License and GNU Free Documentation License (GFDL),"California Academy of Sciences, 2000-2012",GEODETIC_DATUM_ASSUMED_WGS84;CONTINENT_DERIVED_FROM_COORDINATES;COLLECTION_MATCH_NONE;INSTITUTION_MATCH_FUZZY,Pachycondyla,1,data/images/Pachycondyla/casent0840847_p.jpg,gbif_cache,train
865266404,CAS:ANTWEB:casent0905276,casent0905276,casent0905276,p,1312361,Camponotus,formicinae,Camponotus maculatus,"Camponotus maculatus (Fabricius, 1782)",,SPECIES,,worker,,Antsiranana,Nossi Be; Nosy be; Nosibe,-13.29167,48.25833,146.0,,André,,https://www.antweb.org/images/casent0905276/casent0905276_p_1_high.jpg,casent0905276 profile view 1,Will Ericson,Attribution-ShareAlike (BY-SA) Creative Commons License and GNU Free Documentation License (GFDL),"California Academy of Sciences, 2000-2012",GEODETIC_DATUM_ASSUMED_WGS84;CONTINENT_DERIVED_FROM_COORDINATES;COLLECTION_MATCH_NONE;INSTITUTION_MATCH_FUZZY,Camponotus,1,data/images/Camponotus/casent0905276_p.jpg,gbif_cache,train
865266429,CAS:ANTWEB:casent0905277,casent0905277,casent0905277,p,1312361,Camponotus,formicinae,Camponotus maculatus,"Camponotus maculatus (Fabricius, 1782)",,SPECIES,,worker,,Antsiranana,Nossi Be; Nosy be; Nosibe,-13.29167,48.25833,146.0,,,,https://www.antweb.org/images/casent0905277/casent0905277_p_1_high.jpg,casent0905277 profile view 1,Will Ericson,Attribution-ShareAlike (BY-SA) Creative Commons License and GNU Free Documentation License (GFDL),"California Academy of Sciences, 2000-2012",GEODETIC_DATUM_ASSUMED_WGS84;CONTINENT_DERIVED_FROM_COORDINATES;COLLECTION_MATCH_NONE;INSTITUTION_MATCH_FUZZY,Camponotus,1,data/images/Camponotus/casent0905277_p.jpg,gbif_cache,train
1213737804,CAS:ANTWEB:casent0906497,casent0906497,casent0906497,p,1321654,Pheidole,myrmicinae,Pheidole maro,"Pheidole maro Salata & Fisher, 2020",,SPECIES,,worker,,Toamasina,"Corridor Forestier Analamay-Mantadia, Ambatoharanana",-18.80438,48.40735,960.0,2012-12-12/2012-12-19,Brian L. Fisher|Malagasy Arthropod Team,S. Salata,https://www.antweb.org/images/casent0906497/casent0906497_p_1_high.jpg,casent0906497 profile view 1,Michele Esposito,Attribution-ShareAlike (BY-SA) Creative Commons License and GNU Free Documentation License (GFDL),"California Academy of Sciences, 2000-2012",GEODETIC_DATUM_ASSUMED_WGS84;CONTINENT_DERIVED_FROM_COORDINATES;COLLECTION_MATCH_NONE;INSTITUTION_MATCH_FUZZY,Pheidole,1,data/images/Pheidole/casent0906497_p.jpg,gbif_cache,train
1085685368,CAS:ANTWEB:casent0906905,casent0906905,casent0906905,p,1326355,Mystrium,amblyoponinae,Mystrium rogeri,"Mystrium rogeri Forel, 1899",,SPECIES,,worker,,Fianarantsoa,Andrambovato along river Tatamaly,-21.51089,47.40987,994.0,2013-01-13/2013-01-14,Brian L. Fisher|Malagasy Arthropod Team,,https://www.antweb.org/images/casent0906905/casent0906905_p_1_high.jpg,casent0906905 profile view 1,Michele Esposito,Attribution-ShareAlike (BY-SA) Creative Commons License and GNU Free Documentation License (GFDL),"California Academy of Sciences, 2000-2012",GEODETIC_DATUM_ASSUMED_WGS84;CONTINENT_DERIVED_FROM_COORDINATES;COLLECTION_MATCH_NONE;INSTITUTION_MATCH_FUZZY,Mystrium,1,data/images/Mystrium/casent0906905_p.jpg,gbif_cache,train
1213738841,CAS:ANTWEB:casent0919664,casent0919664,casent0919664,p,1324306,Crematogaster,myrmicinae,Crematogaster castanea,"Crematogaster castanea Smith, 1858",,SPECIES,,worker,Syntype,,,,,,,,,https://www.antweb.org/images/casent0919664/casent0919664_p_1_high.jpg,casent0919664 profile view 1,Flavia Esteves,Attribution-ShareAlike (BY-SA) Creative Commons License and GNU Free Documentation License (GFDL),"California Academy of Sciences, 2000-2012",CONTINENT_DERIVED_FROM_COUNTRY;COLLECTION_MATCH_NONE;INSTITUTION_MATCH_FUZZY,Crematogaster,1,data/images/Crematogaster/casent0919664_p.jpg,gbif_cache,train
1249180806,CAS:ANTWEB:casent0919845,casent0919845,casent0919845,p,7731605,Nesomyrmex,myrmicinae,Nesomyrmex cingulatus,"Nesomyrmex cingulatus Csösz & Fisher, 2016",,SPECIES,,worker,Holotype,Toliara,"Parc National de Tsimanampetsotsa, Mitoho Cave, 6.4 km 77° ENE Efoetse, 17.4 km 170° S Beheloka",-24.04722,43.75317,40.0,2002-03-18/2002-03-22,Brian L. Fisher|Charles E. Griswold|Malagasy Arthropod Team,,https://www.antweb.org/images/casent0919845/casent0919845_p_1_high.jpg,casent0919845 profile view 1,Michele Esposito,Attribution-ShareAlike (BY-SA) Creative Commons License and GNU Free Documentation License (GFDL),"California Academy of Sciences, 2000-2012",GEODETIC_DATUM_ASSUMED_WGS84;CONTINENT_DERIVED_FROM_COORDINATES;COLLECTION_MATCH_NONE;INSTITUTION_MATCH_FUZZY,Nesomyrmex,1,data/images/Nesomyrmex/casent0919845_p.jpg,gbif_cache,test
2252113798,CAS:ANTWEB:casent0923194,casent0923194,casent0923194,p,1321654,Pheidole,myrmicinae,Pheidole sikorae,"Pheidole sikorae Forel, 1891",,SPECIES,,worker,Paralectotype,Toamasina,"Andrangoloaka Forest, E. du lac de Mantasoa",-19.0,47.95,1389.0,,,S. Salata,https://www.antweb.org/images/casent0923194/casent0923194_p_1_high.jpg,casent0923194 profile view 1,Michele Esposito,Attribution-ShareAlike (BY-SA) Creative Commons License and GNU Free Documentation License (GFDL),"California Academy of Sciences, 2000-2019",GEODETIC_DATUM_ASSUMED_WGS84;CONTINENT_DERIVED_FROM_COORDINATES;COLLECTION_MATCH_NONE;INSTITUTION_MATCH_FUZZY,Pheidole,1,data/images/Pheidole/casent0923194_p.jpg,gbif_cache,train
2425456608,CAS:ANTWEB:casent0923257,casent0923257,casent0923257,p,1321654,Pheidole,myrmicinae,Pheidole alina,"Pheidole alina Salata & Fisher, 2020",,SPECIES,,worker,Holotype,Antsiranana,"Parc National de Marojejy, 25.7 km 32° NNE Andapa, 10.3 km 314° NW Manantenina",-14.445,49.74167,1575.0,2003-11-22,Brian L. Fisher,S. Salata,https://www.antweb.org/images/casent0923257/casent0923257_p_1_high.jpg,casent0923257 profile view 1,Michele Esposito,Attribution-ShareAlike (BY-SA) Creative Commons License and GNU Free Documentation License (GFDL),"California Academy of Sciences, 2000-2019",GEODETIC_DATUM_ASSUMED_WGS84;CONTINENT_DERIVED_FROM_COORDINATES;COLLECTION_MATCH_NONE;INSTITUTION_MATCH_FUZZY,Pheidole,1,data/images/Pheidole/casent0923257_p.jpg,gbif_cache,train
2425456602,CAS:ANTWEB:casent0923269,casent0923269,casent0923269,p,1321654,Pheidole,myrmicinae,Pheidole indica,"Pheidole indica Mayr, 1879",,SPECIES,,worker,,Toliara,Morondava,-20.2965,44.2815,7.0,2007-02-03,Brian L. Fisher|Malagasy Arthropod Team,S. Salata,https://www.antweb.org/images/casent0923269/casent0923269_p_1_high.jpg,casent0923269 profile view 1,Michele Esposito,Attribution-ShareAlike (BY-SA) Creative Commons License and GNU Free Documentation License (GFDL),"California Academy of Sciences, 2000-2019",GEODETIC_DATUM_ASSUMED_WGS84;CONTINENT_DERIVED_FROM_COORDINATES;COLLECTION_MATCH_NONE;INSTITUTION_MATCH_FUZZY,Pheidole,1,data/images/Pheidole/casent0923269_p.jpg,gbif_cache,train
2459176539,CAS:ANTWEB:casent0923292,casent0923292,casent0923292,p,1321654,Pheidole,myrmicinae,Pheidole mahamavo,"Pheidole mahamavo Salata & Fisher, 2020",,SPECIES,,worker,Holotype,Toliara,"Parc National d'Andohahela, Col du Sedro, 3.8 km 113° ESE Mahamavo, 37.6 km 341° NNW Tolagnaro",-24.76389,46.75167,900.0,2002-01-21/2002-01-25,Brian L. Fisher|Charles E. Griswold|Malagasy Arthropod Team,S. Salata,https://www.antweb.org/images/casent0923292/casent0923292_p_1_high.jpg,casent0923292 profile view 1,Michele Esposito,Attribution-ShareAlike (BY-SA) Creative Commons License and GNU Free Documentation License (GFDL),"California Academy of Sciences, 2000-2019",GEODETIC_DATUM_ASSUMED_WGS84;CONTINENT_DERIVED_FROM_COORDINATES;COLLECTION_MATCH_NONE;INSTITUTION_MATCH_FUZZY,Pheidole,1,data/images/Pheidole/casent0923292_p.jpg,gbif_cache,test
2451562124,CAS:ANTWEB:casent0923322,casent0923322,casent0923322,p,1321654,Pheidole,myrmicinae,Pheidole sikorae,"Pheidole sikorae Forel, 1891",,SPECIES,,worker,,Fianarantsoa,"Réserve Spéciale Kalambatritra, Ambinanitelo",-23.4502,46.45658,1325.0,2009-02-11,Brian L. Fisher|Malagasy Arthropod Team,S. Salata,https://www.antweb.org/images/casent0923322/casent0923322_p_1_high.jpg,casent0923322 profile view 1,Michele Esposito,Attribution-ShareAlike (BY-SA) Creative Commons License and GNU Free Documentation License (GFDL),"California Academy of Sciences, 2000-2019",GEODETIC_DATUM_ASSUMED_WGS84;CONTINENT_DERIVED_FROM_COORDINATES;COLLECTION_MATCH_NONE;INSTITUTION_MATCH_FUZZY,Pheidole,1,data/images/Pheidole/casent0923322_p.jpg,gbif_cache,train
3986712303,CAS:ANTWEB:casent0923668,casent0923668,casent0923668,p,1316784,Tapinoma,dolichoderinae,Tapinoma glaesaria,"Tapinoma aberrans Dlussky, 2002",,SPECIES,,worker,,Toliara,Atsimo-Andrefana Region,-23.45314,43.76448,20.0,2015-02-08,Brian L. Fisher|F.A. Esteves|Malagasy Arthropod Team,Bernhard Seifert,https://www.antweb.org/images/casent0923668/casent0923668_p_1_high.jpg,casent0923668 profile view 1,Michele Esposito,Attribution-ShareAlike (BY-SA) Creative Commons License and GNU Free Documentation License (GFDL),"California Academy of Sciences, 2000-2022",GEODETIC_DATUM_ASSUMED_WGS84;CONTINENT_DERIVED_FROM_COORDINATES;COLLECTION_MATCH_NONE;INSTITUTION_MATCH_FUZZY,Tapinoma,1,data/images/Tapinoma/casent0923668_p.jpg,commons,train
1229647630,CAS:ANTWEB:focol2361,focol2361,focol2361,p,1312361,Camponotus,formicinae,Camponotus maculatus,"Camponotus maculatus (Fabricius, 1782)",,SPECIES,,worker,,Toliara,Miary,-23.31197,43.74092,55.0,,Voeltzkow,,https://www.antweb.org/images/focol2361/focol2361_p_1_high.jpg,focol2361 profile view 1,Christiana Klingenberg,Attribution-ShareAlike (BY-SA) Creative Commons License and GNU Free Documentation License (GFDL),"California Academy of Sciences, 2000-2012",GEODETIC_DATUM_ASSUMED_WGS84;CONTINENT_DERIVED_FROM_COORDINATES;COLLECTION_MATCH_NONE;INSTITUTION_MATCH_FUZZY,Camponotus,1,data/images/Camponotus/focol2361_p.jpg,gbif_cache,train
1229647617,CAS:ANTWEB:focol2362,focol2362,focol2362,p,1312361,Camponotus,formicinae,Camponotus maculatus,"Camponotus maculatus (Fabricius, 1782)",,SPECIES,,worker,,Toliara,Miary,-23.31197,43.74092,55.0,,Voeltzkow,,https://www.antweb.org/images/focol2362/focol2362_p_1_high.jpg,focol2362 profile view 1,Christiana Klingenberg,Attribution-ShareAlike (BY-SA) Creative Commons License and GNU Free Documentation License (GFDL),"California Academy of Sciences, 2000-2012",GEODETIC_DATUM_ASSUMED_WGS84;CONTINENT_DERIVED_FROM_COORDINATES;COLLECTION_MATCH_NONE;INSTITUTION_MATCH_FUZZY,Camponotus,1,data/images/Camponotus/focol2362_p.jpg,gbif_cache,train
1229647615,CAS:ANTWEB:focol2363,focol2363,focol2363,p,1312361,Camponotus,formicinae,Camponotus maculatus,"Camponotus maculatus (Fabricius, 1782)",,SPECIES,,worker,,Toliara,Miary,-23.31197,43.74092,55.0,,Voeltzkow,,https://www.antweb.org/images/focol2363/focol2363_p_1_high.jpg,focol2363 profile view 1,Christiana Klingenberg,Attribution-ShareAlike (BY-SA) Creative Commons License and GNU Free Documentation License (GFDL),"California Academy of Sciences, 2000-2012",GEODETIC_DATUM_ASSUMED_WGS84;CONTINENT_DERIVED_FROM_COORDINATES;COLLECTION_MATCH_NONE;INSTITUTION_MATCH_FUZZY,Camponotus,1,data/images/Camponotus/focol2363_p.jpg,gbif_cache,train
1229647609,CAS:ANTWEB:focol2364,focol2364,focol2364,p,1312361,Camponotus,formicinae,Camponotus maculatus,"Camponotus maculatus (Fabricius, 1782)",,SPECIES,,worker,,Toliara,Miary,-23.31197,43.74092,55.0,,Voeltzkow,,https://www.antweb.org/images/focol2364/focol2364_p_1_high.jpg,focol2364 profile view 1,Christiana Klingenberg,Attribution-ShareAlike (BY-SA) Creative Commons License and GNU Free Documentation License (GFDL),"California Academy of Sciences, 2000-2012",GEODETIC_DATUM_ASSUMED_WGS84;CONTINENT_DERIVED_FROM_COORDINATES;COLLECTION_MATCH_NONE;INSTITUTION_MATCH_FUZZY,Camponotus,1,data/images/Camponotus/focol2364_p.jpg,gbif_cache,train
1229647637,CAS:ANTWEB:focol2384,focol2384,focol2384,p,1312361,Camponotus,formicinae,Camponotus maculatus,"Camponotus maculatus (Fabricius, 1782)",,SPECIES,,worker,,Toliara,Miary,-23.31197,43.74092,55.0,,Voeltzkow,,https://www.antweb.org/images/focol2384/focol2384_p_1_high.jpg,focol2384 profile view 1,Christiana Klingenberg,Attribution-ShareAlike (BY-SA) Creative Commons License and GNU Free Documentation License (GFDL),"California Academy of Sciences, 2000-2012",GEODETIC_DATUM_ASSUMED_WGS84;CONTINENT_DERIVED_FROM_COORDINATES;COLLECTION_MATCH_NONE;INSTITUTION_MATCH_FUZZY,Camponotus,1,data/images/Camponotus/focol2384_p.jpg,gbif_cache,train
1229647626,CAS:ANTWEB:focol2385,focol2385,focol2385,p,1312361,Camponotus,formicinae,Camponotus maculatus,"Camponotus maculatus (Fabricius, 1782)",,SPECIES,,worker,,Toliara,Miary,-23.31197,43.74092,55.0,,Voeltzkow,,https://www.antweb.org/images/focol2385/focol2385_p_1_high.jpg,focol2385 profile view 1,Christiana Klingenberg,Attribution-ShareAlike (BY-SA) Creative Commons License and GNU Free Documentation License (GFDL),"California Academy of Sciences, 2000-2012",GEODETIC_DATUM_ASSUMED_WGS84;CONTINENT_DERIVED_FROM_COORDINATES;COLLECTION_MATCH_NONE;INSTITUTION_MATCH_FUZZY,Camponotus,1,data/images/Camponotus/focol2385_p.jpg,gbif_cache,test
