specimen_code,genus,species,subfamily,split,image_path
casent0000550,Mystrium,Mystrium mysticum,amblyoponinae,train,data/images/Mystrium/casent0000550_p.jpg
casent0000760,Mystrium,Mystrium mysticum,amblyoponinae,train,data/images/Mystrium/casent0000760_p.jpg
casent0001385,Aphaenogaster,Aphaenogaster swammerdami,myrmicinae,train,data/images/Aphaenogaster/casent0001385_p.jpg
casent0002102,Mystrium,Mystrium voeltzkowi,amblyoponinae,train,data/images/Mystrium/casent0002102_p.jpg
casent0002219,Royidris,Royidris notorthotenes,myrmicinae,test,data/images/Royidris/casent0002219_p.jpg
casent0002244,Royidris,Royidris notorthotenes,myrmicinae,train,data/images/Royidris/casent0002244_p.jpg
casent0002257,Royidris,Royidris notorthotenes,myrmicinae,train,data/images/Royidris/casent0002257_p.jpg
casent0002259,Royidris,Royidris notorthotenes,myrmicinae,train,data/images/Royidris/casent0002259_p.jpg
casent0002552,Terataner,Terataner xaltus,myrmicinae,test,data/images/Terataner/casent0002552_p.jpg
casent0003120,Nesomyrmex,Nesomyrmex sikorai,myrmicinae,test,data/images/Nesomyrmex/casent0003120_p.jpg
casent0003175,Technomyrmex,Technomyrmex difficilis,dolichoderinae,train,data/images/Technomyrmex/casent0003175_p.jpg
casent0003239,Strumigenys,Strumigenys alperti,myrmicinae,train,data/images/Strumigenys/casent0003239_p.jpg
casent0003240,Strumigenys,Strumigenys coveri,myrmicinae,train,data/images/Strumigenys/casent0003240_p.jpg
casent0003241,Strumigenys,Strumigenys gorgon,myrmicinae,train,data/images/Strumigenys/casent0003241_p.jpg
casent0003242,Strumigenys,Strumigenys rabesoni,myrmicinae,train,data/images/Strumigenys/casent0003242_p.jpg
casent0003243,Strumigenys,Strumigenys wardi,myrmicinae,train,data/images/Strumigenys/casent0003243_p.jpg
casent0003245,Strumigenys,Strumigenys manga,myrmicinae,test,data/images/Strumigenys/casent0003245_p.jpg
casent0003246,Strumigenys,Strumigenys adsita,myrmicinae,train,data/images/Strumigenys/casent0003246_p.jpg
casent0003280,Mystrium,Mystrium labyrinth,amblyoponinae,train,data/images/Mystrium/casent0003280_p.jpg
casent0003307,Mystrium,Mystrium mysticum,amblyoponinae,train,data/images/Mystrium/casent0003307_p.jpg
casent0003308,Mystrium,Mystrium rogeri,amblyoponinae,train,data/images/Mystrium/casent0003308_p.jpg
casent0003309,Mystrium,Mystrium mysticum,amblyoponinae,train,data/images/Mystrium/casent0003309_p.jpg
casent0003310,Mystrium,Mystrium mysticum,amblyoponinae,train,data/images/Mystrium/casent0003310_p.jpg
casent0003327,Monomorium,Monomorium termitobium,myrmicinae,train,data/images/Monomorium/casent0003327_p.jpg
casent0003806,Mystrium,Mystrium mysticum,amblyoponinae,test,data/images/Mystrium/casent0003806_p.jpg
casent0003814,Leptogenys,Leptogenys falcigera,ponerinae,train,data/images/Leptogenys/casent0003814_p.jpg
casent0003992,Monomorium,Monomorium termitobium,myrmicinae,test,data/images/Monomorium/casent0003992_p.jpg
casent0004369,Strumigenys,Strumigenys cabira,myrmicinae,train,data/images/Strumigenys/casent0004369_p.jpg
casent0004370,Strumigenys,Strumigenys bola,myrmicinae,train,data/images/Strumigenys/casent0004370_p.jpg
casent0005445,Strumigenys,Strumigenys ambatrix,myrmicinae,train,data/images/Strumigenys/casent0005445_p.jpg
casent0005446,Strumigenys,Strumigenys ambatrix,myrmicinae,train,data/images/Strumigenys/casent0005446_p.jpg
casent0005447,Strumigenys,Strumigenys ambatrix,myrmicinae,train,data/images/Strumigenys/casent0005447_p.jpg
casent0005448,Strumigenys,Strumigenys erynnes,myrmicinae,train,data/images/Strumigenys/casent0005448_p.jpg
casent0005449,Strumigenys,Strumigenys erynnes,myrmicinae,train,data/images/Strumigenys/casent0005449_p.jpg
casent0005450,Strumigenys,Strumigenys erynnes,myrmicinae,train,data/images/Strumigenys/casent0005450_p.jpg
casent0005451,Strumigenys,,myrmicinae,train,data/images/Strumigenys/casent0005451_p.jpg
casent0005453,Strumigenys,,myrmicinae,train,data/images/Strumigenys/casent0005453_p.jpg
casent0005454,Strumigenys,,myrmicinae,test,data/images/Strumigenys/casent0005454_p.jpg
casent0005455,Strumigenys,Strumigenys olsoni,myrmicinae,train,data/images/Strumigenys/casent0005455_p.jpg
casent0005456,Strumigenys,Strumigenys serket,myrmicinae,train,data/images/Strumigenys/casent0005456_p.jpg
casent0005457,Strumigenys,Strumigenys seti,myrmicinae,train,data/images/Strumigenys/casent0005457_p.jpg
casent0005458,Strumigenys,Strumigenys seti,myrmicinae,train,data/images/Strumigenys/casent0005458_p.jpg
casent0005459,Strumigenys,Strumigenys seti,myrmicinae,train,data/images/Strumigenys/casent0005459_p.jpg
casent0005461,Strumigenys,,myrmicinae,train,data/images/Strumigenys/casent0005461_p.jpg
casent0005462,Strumigenys,Strumigenys victrix,myrmicinae,test,data/images/Strumigenys/casent0005462_p.jpg
casent0005463,Strumigenys,Strumigenys victrix,myrmicinae,train,data/images/Strumigenys/casent0005463_p.jpg
casent0005464,Strumigenys,Strumigenys victrix,myrmicinae,train,data/images/Strumigenys/casent0005464_p.jpg
casent0005465,Strumigenys,Strumigenys abdera,myrmicinae,train,data/images/Strumigenys/casent0005465_p.jpg
casent0005466,Strumigenys,Strumigenys abdera,myrmicinae,train,data/images/Strumigenys/casent0005466_p.jpg
casent0005467,Strumigenys,Strumigenys actis,myrmicinae,train,data/images/Strumigenys/casent0005467_p.jpg
casent0005468,Strumigenys,Strumigenys admixta,myrmicinae,train,data/images/Strumigenys/casent0005468_p.jpg
casent0005469,Strumigenys,Strumigenys admixta,myrmicinae,train,data/images/Strumigenys/casent0005469_p.jpg
casent0005470,Strumigenys,Strumigenys admixta,myrmicinae,train,data/images/Strumigenys/casent0005470_p.jpg
casent0005472,Strumigenys,Strumigenys adsita,myrmicinae,train,data/images/Strumigenys/casent0005472_p.jpg
casent0005473,Strumigenys,Strumigenys adsita,myrmicinae,test,data/images/Strumigenys/casent0005473_p.jpg
casent0005474,Strumigenys,Strumigenys adsita,myrmicinae,test,data/images/Strumigenys/casent0005474_p.jpg
casent0005478,Strumigenys,Strumigenys agra,myrmicinae,train,data/images/Strumigenys/casent0005478_p.jpg
casent0005479,Strumigenys,Strumigenys agra,myrmicinae,train,data/images/Strumigenys/casent0005479_p.jpg
casent0005481,Strumigenys,Strumigenys agra,myrmicinae,train,data/images/Strumigenys/casent0005481_p.jpg
casent0005483,Strumigenys,Strumigenys alapa,myrmicinae,train,data/images/Strumigenys/casent0005483_p.jpg
casent0005484,Strumigenys,Strumigenys ampyx,myrmicinae,train,data/images/Strumigenys/casent0005484_p.jpg
casent0005485,Strumigenys,Strumigenys ampyx,myrmicinae,test,data/images/Strumigenys/casent0005485_p.jpg
casent0005486,Strumigenys,Strumigenys ampyx,myrmicinae,train,data/images/Strumigenys/casent0005486_p.jpg
casent0005487,Strumigenys,Strumigenys apios,myrmicinae,train,data/images/Strumigenys/casent0005487_p.jpg
casent0005488,Strumigenys,Strumigenys apios,myrmicinae,train,data/images/Strumigenys/casent0005488_p.jpg
casent0005489,Strumigenys,Strumigenys apios,myrmicinae,train,data/images/Strumigenys/casent0005489_p.jpg
casent0005490,Strumigenys,Strumigenys balux,myrmicinae,train,data/images/Strumigenys/casent0005490_p.jpg
casent0005492,Strumigenys,Strumigenys bathron,myrmicinae,train,data/images/Strumigenys/casent0005492_p.jpg
casent0005493,Strumigenys,Strumigenys bibiolona,myrmicinae,train,data/images/Strumigenys/casent0005493_p.jpg
casent0005495,Strumigenys,Strumigenys bibiolona,myrmicinae,train,data/images/Strumigenys/casent0005495_p.jpg
casent0005496,Strumigenys,Strumigenys bibiolona,myrmicinae,test,data/images/Strumigenys/casent0005496_p.jpg
casent0005497,Strumigenys,Strumigenys bola,myrmicinae,train,data/images/Strumigenys/casent0005497_p.jpg
casent0005498,Strumigenys,Strumigenys bola,myrmicinae,train,data/images/Strumigenys/casent0005498_p.jpg
casent0005499,Strumigenys,Strumigenys bola,myrmicinae,train,data/images/Strumigenys/casent0005499_p.jpg
casent0005500,Strumigenys,Strumigenys carolinae,myrmicinae,train,data/images/Strumigenys/casent0005500_p.jpg
casent0005501,Strumigenys,Strumigenys carisa,myrmicinae,train,data/images/Strumigenys/casent0005501_p.jpg
casent0005502,Strumigenys,Strumigenys carolinae,myrmicinae,train,data/images/Strumigenys/casent0005502_p.jpg
casent0005503,Strumigenys,Strumigenys carolinae,myrmicinae,train,data/images/Strumigenys/casent0005503_p.jpg
casent0005504,Strumigenys,Strumigenys carolinae,myrmicinae,train,data/images/Strumigenys/casent0005504_p.jpg
casent0005506,Strumigenys,Strumigenys charino,myrmicinae,train,data/images/Strumigenys/casent0005506_p.jpg
casent0005507,Strumigenys,Strumigenys charino,myrmicinae,train,data/images/Strumigenys/casent0005507_p.jpg
casent0005508,Strumigenys,Strumigenys chilo,myrmicinae,train,data/images/Strumigenys/casent0005508_p.jpg
casent0005509,Strumigenys,Strumigenys chilo,myrmicinae,train,data/images/Strumigenys/casent0005509_p.jpg
casent0005510,Strumigenys,Strumigenys chroa,myrmicinae,train,data/images/Strumigenys/casent0005510_p.jpg
casent0005511,Strumigenys,Strumigenys chroa,myrmicinae,train,data/images/Strumigenys/casent0005511_p.jpg
casent0005512,Strumigenys,Strumigenys covina,myrmicinae,test,data/images/Strumigenys/casent0005512_p.jpg
casent0005513,Strumigenys,Strumigenys deverra,myrmicinae,train,data/images/Strumigenys/casent0005513_p.jpg
casent0005514,Strumigenys,Strumigenys deverra,myrmicinae,test,data/images/Strumigenys/casent0005514_p.jpg
casent0005515,Strumigenys,Strumigenys deverra,myrmicinae,train,data/images/Strumigenys/casent0005515_p.jpg
casent0005516,Strumigenys,Strumigenys deverra,myrmicinae,train,data/images/Strumigenys/casent0005516_p.jpg
casent0005517,Strumigenys,Strumigenys dexis,myrmicinae,train,data/images/Strumigenys/casent0005517_p.jpg
casent0005518,Strumigenys,Strumigenys dicomas,myrmicinae,train,data/images/Strumigenys/casent0005518_p.jpg
casent0005519,Strumigenys,Strumigenys dicomas,myrmicinae,train,data/images/Strumigenys/casent0005519_p.jpg
casent0005521,Strumigenys,Strumigenys dicomas,myrmicinae,train,data/images/Strumigenys/casent0005521_p.jpg
casent0005522,Strumigenys,Strumigenys diota,myrmicinae,train,data/images/Strumigenys/casent0005522_p.jpg
casent0005523,Strumigenys,Strumigenys dolabra,myrmicinae,train,data/images/Strumigenys/casent0005523_p.jpg
casent0005524,Strumigenys,Strumigenys dora,myrmicinae,train,data/images/Strumigenys/casent0005524_p.jpg
casent0005527,Strumigenys,Strumigenys doxa,myrmicinae,train,data/images/Strumigenys/casent0005527_p.jpg
casent0005528,Strumigenys,Strumigenys ection,myrmicinae,train,data/images/Strumigenys/casent0005528_p.jpg
casent0005529,Strumigenys,Strumigenys epulo,myrmicinae,train,data/images/Strumigenys/casent0005529_p.jpg
casent0005531,Strumigenys,Strumigenys epulo,myrmicinae,train,data/images/Strumigenys/casent0005531_p.jpg
casent0005532,Strumigenys,Strumigenys epulo,myrmicinae,train,data/images/Strumigenys/casent0005532_p.jpg
casent0005533,Strumigenys,Strumigenys europs,myrmicinae,train,data/images/Strumigenys/casent0005533_p.jpg
casent0005534,Strumigenys,Strumigenys europs,myrmicinae,train,data/images/Strumigenys/casent0005534_p.jpg
casent0005535,Strumigenys,Strumigenys fanano,myrmicinae,train,data/images/Strumigenys/casent0005535_p.jpg
casent0005536,Strumigenys,Strumigenys finator,myrmicinae,test,data/images/Strumigenys/casent0005536_p.jpg
casent0005537,Strumigenys,Strumigenys finator,myrmicinae,train,data/images/Strumigenys/casent0005537_p.jpg
casent0005538,Strumigenys,Strumigenys fronto,myrmicinae,train,data/images/Strumigenys/casent0005538_p.jpg
casent0005539,Strumigenys,Strumigenys fronto,myrmicinae,train,data/images/Strumigenys/casent0005539_p.jpg
casent0005540,Strumigenys,Strumigenys fronto,myrmicinae,test,data/images/Strumigenys/casent0005540_p.jpg
casent0005541,Strumigenys,Strumigenys fronto,myrmicinae,train,data/images/Strumigenys/casent0005541_p.jpg
casent0005542,Strumigenys,Strumigenys glycon,myrmicinae,test,data/images/Strumigenys/casent0005542_p.jpg
casent0005543,Strumigenys,Strumigenys glycon,myrmicinae,train,data/images/Strumigenys/casent0005543_p.jpg
casent0005544,Strumigenys,Strumigenys glycon,myrmicinae,test,data/images/Strumigenys/casent0005544_p.jpg
casent0005546,Strumigenys,Strumigenys diux,myrmicinae,train,data/images/Strumigenys/casent0005546_p.jpg
casent0005549,Strumigenys,Strumigenys gorgon,myrmicinae,train,data/images/Strumigenys/casent0005549_p.jpg
casent0005551,Strumigenys,Strumigenys heliani,myrmicinae,train,data/images/Strumigenys/casent0005551_p.jpg
casent0005552,Strumigenys,Strumigenys hilaris,myrmicinae,train,data/images/Strumigenys/casent0005552_p.jpg
casent0005553,Strumigenys,Strumigenys hilaris,myrmicinae,train,data/images/Strumigenys/casent0005553_p.jpg
casent0005556,Strumigenys,Strumigenys inatos,myrmicinae,test,data/images/Strumigenys/casent0005556_p.jpg
casent0005557,Strumigenys,Strumigenys inatos,myrmicinae,test,data/images/Strumigenys/casent0005557_p.jpg
casent0005558,Strumigenys,Strumigenys inatos,myrmicinae,test,data/images/Strumigenys/casent0005558_p.jpg
casent0005559,Strumigenys,Strumigenys inatos,myrmicinae,test,data/images/Strumigenys/casent0005559_p.jpg
casent0005560,Strumigenys,Strumigenys ipsea,myrmicinae,train,data/images/Strumigenys/casent0005560_p.jpg
casent0005561,Strumigenys,Strumigenys ipsea,myrmicinae,train,data/images/Strumigenys/casent0005561_p.jpg
casent0005562,Strumigenys,Strumigenys ipsea,myrmicinae,train,data/images/Strumigenys/casent0005562_p.jpg
casent0005563,Strumigenys,Strumigenys ipsea,myrmicinae,test,data/images/Strumigenys/casent0005563_p.jpg
casent0005564,Strumigenys,Strumigenys labaris,myrmicinae,test,data/images/Strumigenys/casent0005564_p.jpg
casent0005565,Strumigenys,Strumigenys labaris,myrmicinae,train,data/images/Strumigenys/casent0005565_p.jpg
casent0005566,Strumigenys,Strumigenys langrandi,myrmicinae,test,data/images/Strumigenys/casent0005566_p.jpg
casent0005568,Strumigenys,Strumigenys langrandi,myrmicinae,train,data/images/Strumigenys/casent0005568_p.jpg
casent0005569,Strumigenys,Strumigenys levana,myrmicinae,train,data/images/Strumigenys/casent0005569_p.jpg
casent0005570,Strumigenys,Strumigenys levana,myrmicinae,train,data/images/Strumigenys/casent0005570_p.jpg
casent0005571,Strumigenys,Strumigenys levana,myrmicinae,test,data/images/Strumigenys/casent0005571_p.jpg
casent0005572,Strumigenys,Strumigenys levana,myrmicinae,train,data/images/Strumigenys/casent0005572_p.jpg
casent0005573,Strumigenys,Strumigenys lexex,myrmicinae,train,data/images/Strumigenys/casent0005573_p.jpg
casent0005574,Strumigenys,Strumigenys lexex,myrmicinae,train,data/images/Strumigenys/casent0005574_p.jpg
casent0005575,Strumigenys,Strumigenys lexex,myrmicinae,test,data/images/Strumigenys/casent0005575_p.jpg
casent0005576,Strumigenys,Strumigenys lexex,myrmicinae,train,data/images/Strumigenys/casent0005576_p.jpg
casent0005577,Strumigenys,Strumigenys livens,myrmicinae,train,data/images/Strumigenys/casent0005577_p.jpg
casent0005578,Strumigenys,Strumigenys livens,myrmicinae,test,data/images/Strumigenys/casent0005578_p.jpg
casent0005579,Strumigenys,Strumigenys livens,myrmicinae,train,data/images/Strumigenys/casent0005579_p.jpg
casent0005580,Strumigenys,Strumigenys livens,myrmicinae,test,data/images/Strumigenys/casent0005580_p.jpg
casent0005581,Strumigenys,Strumigenys luca,myrmicinae,train,data/images/Strumigenys/casent0005581_p.jpg
casent0005582,Strumigenys,Strumigenys luca,myrmicinae,train,data/images/Strumigenys/casent0005582_p.jpg
casent0005583,Strumigenys,Strumigenys luca,myrmicinae,train,data/images/Strumigenys/casent0005583_p.jpg
casent0005584,Strumigenys,Strumigenys luca,myrmicinae,train,data/images/Strumigenys/casent0005584_p.jpg
casent0005585,Strumigenys,Strumigenys lucomo,myrmicinae,train,data/images/Strumigenys/casent0005585_p.jpg
casent0005586,Strumigenys,Strumigenys lucomo,myrmicinae,test,data/images/Strumigenys/casent0005586_p.jpg
casent0005587,Strumigenys,Strumigenys lucomo,myrmicinae,train,data/images/Strumigenys/casent0005587_p.jpg
casent0005588,Strumigenys,Strumigenys lucomo,myrmicinae,test,data/images/Strumigenys/casent0005588_p.jpg
casent0005589,Strumigenys,Strumigenys lura,myrmicinae,train,data/images/Strumigenys/casent0005589_p.jpg
casent0005590,Strumigenys,Strumigenys lura,myrmicinae,train,data/images/Strumigenys/casent0005590_p.jpg
casent0005591,Strumigenys,Strumigenys lura,myrmicinae,test,data/images/Strumigenys/casent0005591_p.jpg
casent0005592,Strumigenys,Strumigenys lura,myrmicinae,train,data/images/Strumigenys/casent0005592_p.jpg
casent0005593,Strumigenys,Strumigenys lutron,myrmicinae,train,data/images/Strumigenys/casent0005593_p.jpg
casent0005594,Strumigenys,Strumigenys lutron,myrmicinae,test,data/images/Strumigenys/casent0005594_p.jpg
casent0005595,Strumigenys,Strumigenys lutron,myrmicinae,train,data/images/Strumigenys/casent0005595_p.jpg
casent0005596,Strumigenys,Strumigenys lysis,myrmicinae,train,data/images/Strumigenys/casent0005596_p.jpg
casent0005597,Strumigenys,Strumigenys lysis,myrmicinae,test,data/images/Strumigenys/casent0005597_p.jpg
casent0005598,Strumigenys,Strumigenys lysis,myrmicinae,train,data/images/Strumigenys/casent0005598_p.jpg
casent0005599,Strumigenys,Strumigenys lysis,myrmicinae,train,data/images/Strumigenys/casent0005599_p.jpg
casent0005601,Strumigenys,Strumigenys manga,myrmicinae,train,data/images/Strumigenys/casent0005601_p.jpg
casent0005602,Strumigenys,Strumigenys micrans,myrmicinae,train,data/images/Strumigenys/casent0005602_p.jpg
casent0005603,Strumigenys,Strumigenys milae,myrmicinae,train,data/images/Strumigenys/casent0005603_p.jpg
casent0005604,Strumigenys,Strumigenys milae,myrmicinae,train,data/images/Strumigenys/casent0005604_p.jpg
casent0005605,Strumigenys,Strumigenys mola,myrmicinae,train,data/images/Strumigenys/casent0005605_p.jpg
casent0005608,Strumigenys,Strumigenys mola,myrmicinae,test,data/images/Strumigenys/casent0005608_p.jpg
casent0005609,Strumigenys,Strumigenys nambao,myrmicinae,train,data/images/Strumigenys/casent0005609_p.jpg
casent0005610,Strumigenys,Strumigenys nambao,myrmicinae,train,data/images/Strumigenys/casent0005610_p.jpg
casent0005611,Strumigenys,Strumigenys nambao,myrmicinae,train,data/images/Strumigenys/casent0005611_p.jpg
casent0005612,Strumigenys,Strumigenys nambao,myrmicinae,train,data/images/Strumigenys/casent0005612_p.jpg
casent0005613,Strumigenys,Strumigenys norax,myrmicinae,train,data/images/Strumigenys/casent0005613_p.jpg
casent0005614,Strumigenys,Strumigenys norax,myrmicinae,train,data/images/Strumigenys/casent0005614_p.jpg
casent0005615,Strumigenys,Strumigenys norax,myrmicinae,test,data/images/Strumigenys/casent0005615_p.jpg
casent0005616,Strumigenys,Strumigenys norax,myrmicinae,test,data/images/Strumigenys/casent0005616_p.jpg
casent0005617,Strumigenys,Strumigenys odacon,myrmicinae,train,data/images/Strumigenys/casent0005617_p.jpg
casent0005618,Strumigenys,Strumigenys odacon,myrmicinae,train,data/images/Strumigenys/casent0005618_p.jpg
casent0005619,Strumigenys,Strumigenys odacon,myrmicinae,test,data/images/Strumigenys/casent0005619_p.jpg
casent0005620,Strumigenys,Strumigenys odacon,myrmicinae,test,data/images/Strumigenys/casent0005620_p.jpg
casent0005622,Strumigenys,Strumigenys origo,myrmicinae,test,data/images/Strumigenys/casent0005622_p.jpg
casent0005623,Strumigenys,Strumigenys origo,myrmicinae,train,data/images/Strumigenys/casent0005623_p.jpg
casent0005624,Strumigenys,Strumigenys origo,myrmicinae,test,data/images/Strumigenys/casent0005624_p.jpg
casent0005625,Strumigenys,Strumigenys peyrierasi,myrmicinae,train,data/images/Strumigenys/casent0005625_p.jpg
casent0005626,Strumigenys,Strumigenys rabesoni,myrmicinae,train,data/images/Strumigenys/casent0005626_p.jpg
casent0005627,Strumigenys,Strumigenys rabesoni,myrmicinae,train,data/images/Strumigenys/casent0005627_p.jpg
casent0005628,Strumigenys,Strumigenys rabesoni,myrmicinae,train,data/images/Strumigenys/casent0005628_p.jpg
casent0005629,Strumigenys,Strumigenys ravola,myrmicinae,test,data/images/Strumigenys/casent0005629_p.jpg
casent0005630,Strumigenys,Strumigenys rubigus,myrmicinae,train,data/images/Strumigenys/casent0005630_p.jpg
casent0005631,Strumigenys,Strumigenys schuetzi,myrmicinae,train,data/images/Strumigenys/casent0005631_p.jpg
casent0005632,Strumigenys,Strumigenys schuetzi,myrmicinae,train,data/images/Strumigenys/casent0005632_p.jpg
casent0005633,Strumigenys,Strumigenys schuetzi,myrmicinae,train,data/images/Strumigenys/casent0005633_p.jpg
casent0005634,Strumigenys,Strumigenys schuetzi,myrmicinae,train,data/images/Strumigenys/casent0005634_p.jpg
casent0005635,Strumigenys,Strumigenys sphera,myrmicinae,train,data/images/Strumigenys/casent0005635_p.jpg
casent0005636,Strumigenys,Strumigenys sphera,myrmicinae,train,data/images/Strumigenys/casent0005636_p.jpg
casent0005637,Strumigenys,Strumigenys sphera,myrmicinae,train,data/images/Strumigenys/casent0005637_p.jpg
casent0005638,Strumigenys,Strumigenys sphera,myrmicinae,train,data/images/Strumigenys/casent0005638_p.jpg
casent0005639,Strumigenys,Strumigenys sylvaini,myrmicinae,test,data/images/Strumigenys/casent0005639_p.jpg
casent0005640,Strumigenys,Strumigenys sylvaini,myrmicinae,train,data/images/Strumigenys/casent0005640_p.jpg
casent0005641,Strumigenys,Strumigenys sylvaini,myrmicinae,train,data/images/Strumigenys/casent0005641_p.jpg
casent0005642,Strumigenys,Strumigenys tegar,myrmicinae,train,data/images/Strumigenys/casent0005642_p.jpg
casent0005643,Strumigenys,Strumigenys toma,myrmicinae,train,data/images/Strumigenys/casent0005643_p.jpg
casent0005644,Strumigenys,Strumigenys vazimba,myrmicinae,train,data/images/Strumigenys/casent0005644_p.jpg
casent0005645,Strumigenys,Strumigenys vazimba,myrmicinae,train,data/images/Strumigenys/casent0005645_p.jpg
casent0005646,Strumigenys,Strumigenys vazimba,myrmicinae,train,data/images/Strumigenys/casent0005646_p.jpg
casent0005647,Strumigenys,Strumigenys vazimba,myrmicinae,test,data/images/Strumigenys/casent0005647_p.jpg
casent0005889,Strumigenys,Pyramica ludovici,myrmicinae,train,data/images/Strumigenys/casent0005889_p.jpg
casent0005890,Strumigenys,Strumigenys maxillaris,myrmicinae,train,data/images/Strumigenys/casent0005890_p.jpg
casent0005891,Strumigenys,,myrmicinae,train,data/images/Strumigenys/casent0005891_p.jpg
casent0005892,Strumigenys,Strumigenys alperti,myrmicinae,train,data/images/Strumigenys/casent0005892_p.jpg
casent0005893,Strumigenys,Strumigenys coveri,myrmicinae,train,data/images/Strumigenys/casent0005893_p.jpg
casent0005896,Strumigenys,Strumigenys grandidieri,myrmicinae,train,data/images/Strumigenys/casent0005896_p.jpg
casent0005897,Strumigenys,Strumigenys rogeri,myrmicinae,train,data/images/Strumigenys/casent0005897_p.jpg
casent0005899,Strumigenys,Strumigenys wardi,myrmicinae,train,data/images/Strumigenys/casent0005899_p.jpg
casent0005964,Cardiocondyla,Cardiocondyla emeryi,myrmicinae,train,data/images/Cardiocondyla/casent0005964_p.jpg
casent0005965,Anochetus,Anochetus grandidieri,ponerinae,train,data/images/Anochetus/casent0005965_p.jpg
casent0005966,Anochetus,Anochetus madagascarensis,ponerinae,train,data/images/Anochetus/casent0005966_p.jpg
casent0005967,Odontomachus,Odontomachus coquereli,ponerinae,test,data/images/Odontomachus/casent0005967_p.jpg
casent0005968,Odontomachus,Odontomachus coquereli,ponerinae,train,data/images/Odontomachus/casent0005968_p.jpg
casent0005969,Technomyrmex,Technomyrmex fisheri,dolichoderinae,train,data/images/Technomyrmex/casent0005969_p.jpg
casent0005970,Tapinoma,Tapinoma pallipes,dolichoderinae,train,data/images/Tapinoma/casent0005970_p.jpg
casent0005986,Strumigenys,,myrmicinae,train,data/images/Strumigenys/casent0005986_p.jpg
casent0005987,Strumigenys,Strumigenys victrix,myrmicinae,train,data/images/Strumigenys/casent0005987_p.jpg
casent0005988,Strumigenys,Strumigenys victrix,myrmicinae,train,data/images/Strumigenys/casent0005988_p.jpg
casent0005989,Strumigenys,Pyramica ludovici,myrmicinae,train,data/images/Strumigenys/casent0005989_p.jpg
casent0005990,Strumigenys,Strumigenys ambatrix,myrmicinae,train,data/images/Strumigenys/casent0005990_p.jpg
casent0005991,Strumigenys,Strumigenys fautrix,myrmicinae,test,data/images/Strumigenys/casent0005991_p.jpg
casent0005992,Strumigenys,,myrmicinae,train,data/images/Strumigenys/casent0005992_p.jpg
casent0005993,Strumigenys,,myrmicinae,train,data/images/Strumigenys/casent0005993_p.jpg
casent0005994,Strumigenys,Strumigenys serket,myrmicinae,train,data/images/Strumigenys/casent0005994_p.jpg
casent0005995,Strumigenys,Strumigenys seti,myrmicinae,test,data/images/Strumigenys/casent0005995_p.jpg
casent0005996,Strumigenys,Strumigenys maxillaris,myrmicinae,test,data/images/Strumigenys/casent0005996_p.jpg
casent0005999,Strumigenys,Strumigenys maxillaris,myrmicinae,train,data/images/Strumigenys/casent0005999_p.jpg
casent0006000,Strumigenys,Strumigenys erynnes,myrmicinae,train,data/images/Strumigenys/casent0006000_p.jpg
casent0006026,Strumigenys,Strumigenys victrix,myrmicinae,test,data/images/Strumigenys/casent0006026_p.jpg
casent0006027,Strumigenys,Pyramica ludovici,myrmicinae,test,data/images/Strumigenys/casent0006027_p.jpg
casent0006028,Strumigenys,Strumigenys fautrix,myrmicinae,train,data/images/Strumigenys/casent0006028_p.jpg
casent0006083,Mystrium,Mystrium oberthueri,amblyoponinae,train,data/images/Mystrium/casent0006083_p.jpg
casent0006839,Technomyrmex,Technomyrmex voeltzkowi,dolichoderinae,train,data/images/Technomyrmex/casent0006839_p.jpg
casent0007734,Anochetus,Anochetus grandidieri,ponerinae,train,data/images/Anochetus/casent0007734_p.jpg
casent0007735,Nylanderia,Nylanderia amblyops,formicinae,train,data/images/Nylanderia/casent0007735_p.jpg
casent0007736,Tetramorium,Tetramorium electrum,myrmicinae,train,data/images/Tetramorium/casent0007736_p.jpg
casent0008659,Tapinoma,Tapinoma melanocephalum,dolichoderinae,test,data/images/Tapinoma/casent0008659_p.jpg
casent0009349,Mystrium,Mystrium rogeri,amblyoponinae,train,data/images/Mystrium/casent0009349_p.jpg
casent0009409,Odontomachus,Odontomachus coquereli,ponerinae,train,data/images/Odontomachus/casent0009409_p.jpg
casent0009965,Mystrium,Mystrium rogeri,amblyoponinae,train,data/images/Mystrium/casent0009965_p.jpg
casent0009966,Mystrium,Mystrium rogeri,amblyoponinae,train,data/images/Mystrium/casent0009966_p.jpg
casent0009967,Mystrium,Mystrium rogeri,amblyoponinae,train,data/images/Mystrium/casent0009967_p.jpg
casent0009968,Mystrium,Mystrium rogeri,amblyoponinae,train,data/images/Mystrium/casent0009968_p.jpg
casent0009969,Mystrium,Mystrium rogeri,amblyoponinae,train,data/images/Mystrium/casent0009969_p.jpg
casent0010765,Monomorium,Monomorium termitobium,myrmicinae,test,data/images/Monomorium/casent0010765_p.jpg
casent0010867,Syllophopsis,Syllophopsis infusca,myrmicinae,test,data/images/Syllophopsis/casent0010867_p.jpg
casent0011075,Cataulacus,Cataulacus porcatus,myrmicinae,test,data/images/Cataulacus/casent0011075_p.jpg
casent0012835,Tetraponera,Tetraponera morondaviensis,pseudomyrmecinae,train,data/images/Tetraponera/casent0012835_p.jpg
casent0012838,Tetraponera,Tetraponera perlonga,pseudomyrmecinae,test,data/images/Tetraponera/casent0012838_p.jpg
casent0012841,Tetraponera,Tetraponera rakotonis,pseudomyrmecinae,train,data/images/Tetraponera/casent0012841_p.jpg
casent0012842,Tetraponera,Tetraponera hysterica,pseudomyrmecinae,train,data/images/Tetraponera/casent0012842_p.jpg
casent0012845,Tetraponera,Tetraponera mandibularis,pseudomyrmecinae,train,data/images/Tetraponera/casent0012845_p.jpg
casent0012850,Tetraponera,Tetraponera diana,pseudomyrmecinae,train,data/images/Tetraponera/casent0012850_p.jpg
casent0012851,Tetraponera,Tetraponera sahlbergii,pseudomyrmecinae,train,data/images/Tetraponera/casent0012851_p.jpg
casent0012854,Tetraponera,Tetraponera fictrix,pseudomyrmecinae,train,data/images/Tetraponera/casent0012854_p.jpg
casent0012858,Tetraponera,Tetraponera exasciata,pseudomyrmecinae,train,data/images/Tetraponera/casent0012858_p.jpg
casent0012861,Tetraponera,Tetraponera grandidieri,pseudomyrmecinae,train,data/images/Tetraponera/casent0012861_p.jpg
casent0016361,Monomorium,Monomorium xuthosoma,myrmicinae,train,data/images/Monomorium/casent0016361_p.jpg
casent0016783,Tapinoma,Tapinoma pallipes,dolichoderinae,train,data/images/Tapinoma/casent0016783_p.jpg
casent0017663,Aphaenogaster,Aphaenogaster swammerdami,myrmicinae,train,data/images/Aphaenogaster/casent0017663_p.jpg
casent0019207,Tetramorium,Tetramorium hobbit,myrmicinae,test,data/images/Tetramorium/casent0019207_p.jpg
casent0019273,Royidris,Royidris gravipuncta,myrmicinae,train,data/images/Royidris/casent0019273_p.jpg
casent0020200,Monomorium,Monomorium nigricans,myrmicinae,train,data/images/Monomorium/casent0020200_p.jpg
casent0020507,Monomorium,Monomorium xuthosoma,myrmicinae,train,data/images/Monomorium/casent0020507_p.jpg
casent0020786,Royidris,Royidris depilosa,myrmicinae,train,data/images/Royidris/casent0020786_p.jpg
casent0023410,Syllophopsis,Syllophopsis hildebrandti,myrmicinae,train,data/images/Syllophopsis/casent0023410_p.jpg
casent0025716,Monomorium,Monomorium chnodes,myrmicinae,train,data/images/Monomorium/casent0025716_p.jpg
casent0026710,Syllophopsis,Syllophopsis modesta,myrmicinae,train,data/images/Syllophopsis/casent0026710_p.jpg
casent0027983,Bothroponera,Bothroponera cambouei,ponerinae,test,data/images/Bothroponera/casent0027983_p.jpg
casent0029098,Bothroponera,Bothroponera cambouei,ponerinae,train,data/images/Bothroponera/casent0029098_p.jpg
casent0031004,Bothroponera,Bothroponera cambouei,ponerinae,train,data/images/Bothroponera/casent0031004_p.jpg
casent0031384,Bothroponera,Bothroponera wasmannii,ponerinae,train,data/images/Bothroponera/casent0031384_p.jpg
casent0033463,Anochetus,Anochetus grandidieri,ponerinae,train,data/images/Anochetus/casent0033463_p.jpg
casent0034270,Bothroponera,Bothroponera cambouei,ponerinae,train,data/images/Bothroponera/casent0034270_p.jpg
casent0034493,Bothroponera,Bothroponera cambouei,ponerinae,train,data/images/Bothroponera/casent0034493_p.jpg
casent0034499,Pachycondyla,Euponera vohitravo,ponerinae,train,data/images/Pachycondyla/casent0034499_p.jpg
casent0034571,Bothroponera,Bothroponera cambouei,ponerinae,train,data/images/Bothroponera/casent0034571_p.jpg
casent0035010,Royidris,Royidris robertsoni,myrmicinae,train,data/images/Royidris/casent0035010_p.jpg
casent0035270,Royidris,Royidris robertsoni,myrmicinae,train,data/images/Royidris/casent0035270_p.jpg
casent0040756,Pheidole,Pheidole vohemarensis,myrmicinae,test,data/images/Pheidole/casent0040756_d.jpg
casent0041614,Monomorium,Monomorium flavimembra,myrmicinae,train,data/images/Monomorium/casent0041614_p.jpg
casent0044969,Monomorium,Monomorium micrommaton,myrmicinae,train,data/images/Monomorium/casent0044969_p.jpg
casent0044971,Syllophopsis,,myrmicinae,train,data/images/Syllophopsis/casent0044971_p.jpg
casent0045443,Monomorium,Monomorium hanneli,myrmicinae,train,data/images/Monomorium/casent0045443_p.jpg
casent0047308,Odontomachus,Odontomachus troglodytes,ponerinae,train,data/images/Odontomachus/casent0047308_p.jpg
casent0048678,Platythyrea,Platythyrea bicuspis,ponerinae,train,data/images/Platythyrea/casent0048678_p.jpg
casent0048930,Pachycondyla,Pachycondyla perroti,ponerinae,test,data/images/Pachycondyla/casent0048930_p.jpg
casent0052480,Monomorium,Monomorium termitobium,myrmicinae,test,data/images/Monomorium/casent0052480_p.jpg
casent0053815,Technomyrmex,Technomyrmex fisheri,dolichoderinae,train,data/images/Technomyrmex/casent0053815_p.jpg
casent0053986,Monomorium,Monomorium floricola,myrmicinae,train,data/images/Monomorium/casent0053986_p.jpg
casent0054136,Crematogaster,Crematogaster lobata,myrmicinae,train,data/images/Crematogaster/casent0054136_p.jpg
casent0058901,Technomyrmex,Technomyrmex anterops,dolichoderinae,train,data/images/Technomyrmex/casent0058901_p.jpg
casent0060902,Nesomyrmex,Nesomyrmex retusispinosus,myrmicinae,train,data/images/Nesomyrmex/casent0060902_p.jpg
casent0066732,Cataulacus,Cataulacus porcatus,myrmicinae,train,data/images/Cataulacus/casent0066732_p.jpg
casent0067549,Strumigenys,Strumigenys covina,myrmicinae,train,data/images/Strumigenys/casent0067549_p.jpg
casent0068113,Monomorium,Monomorium subopacum,myrmicinae,train,data/images/Monomorium/casent0068113_p.jpg
casent0068950,Crematogaster,Crematogaster rasoherinae,myrmicinae,train,data/images/Crematogaster/casent0068950_p.jpg
casent0069921,Strumigenys,Strumigenys admixta,myrmicinae,train,data/images/Strumigenys/casent0069921_p.jpg
casent0076204,Monomorium,Monomorium termitobium,myrmicinae,train,data/images/Monomorium/casent0076204_p.jpg
casent0076558,Leptogenys,Leptogenys coerulescens,ponerinae,train,data/images/Leptogenys/casent0076558_p.jpg
casent0076622,Mystrium,Mystrium voeltzkowi,amblyoponinae,test,data/images/Mystrium/casent0076622_p.jpg
casent0076787,Bothroponera,Bothroponera wasmannii,ponerinae,train,data/images/Bothroponera/casent0076787_p.jpg
casent0077457,Leptogenys,Leptogenys antongilensis,ponerinae,train,data/images/Leptogenys/casent0077457_p.jpg
casent0077516,Terataner,Terataner alluaudi,myrmicinae,train,data/images/Terataner/casent0077516_p.jpg
casent0077935,Royidris,Royidris robertsoni,myrmicinae,train,data/images/Royidris/casent0077935_p.jpg
casent0078587,Monomorium,Monomorium termitobium,myrmicinae,test,data/images/Monomorium/casent0078587_p.jpg
casent0079066,Monomorium,Monomorium nigricans,myrmicinae,train,data/images/Monomorium/casent0079066_p.jpg
casent0097891,Technomyrmex,Technomyrmex anterops,dolichoderinae,test,data/images/Technomyrmex/casent0097891_p.jpg
casent0101012,Hypoponera,Hypoponera indigens,ponerinae,train,data/images/Hypoponera/casent0101012_p.jpg
casent0101013,Hypoponera,Hypoponera indigens,ponerinae,test,data/images/Hypoponera/casent0101013_p.jpg
casent0101014,Odontomachus,Odontomachus coquereli,ponerinae,train,data/images/Odontomachus/casent0101014_p.jpg
casent0101015,Odontomachus,Odontomachus coquereli,ponerinae,train,data/images/Odontomachus/casent0101015_p.jpg
casent0101016,Hypoponera,Hypoponera punctatissima,ponerinae,train,data/images/Hypoponera/casent0101016_p.jpg
casent0101017,Hypoponera,Hypoponera punctatissima,ponerinae,train,data/images/Hypoponera/casent0101017_p.jpg
casent0101018,Hypoponera,Hypoponera johannae,ponerinae,train,data/images/Hypoponera/casent0101018_p.jpg
casent0101019,Hypoponera,Hypoponera johannae,ponerinae,train,data/images/Hypoponera/casent0101019_p.jpg
casent0101020,Hypoponera,Hypoponera ludovicae,ponerinae,train,data/images/Hypoponera/casent0101020_p.jpg
casent0101021,Hypoponera,Hypoponera ludovicae,ponerinae,train,data/images/Hypoponera/casent0101021_p.jpg
casent0101022,Hypoponera,Hypoponera sakalava,ponerinae,test,data/images/Hypoponera/casent0101022_p.jpg
casent0101023,Hypoponera,Hypoponera sakalava,ponerinae,test,data/images/Hypoponera/casent0101023_p.jpg
casent0101024,Hypoponera,Hypoponera sakalava,ponerinae,train,data/images/Hypoponera/casent0101024_p.jpg
casent0101025,Hypoponera,Hypoponera sakalava,ponerinae,train,data/images/Hypoponera/casent0101025_p.jpg
casent0101034,Pachycondyla,Pachycondyla perroti,ponerinae,train,data/images/Pachycondyla/casent0101034_p.jpg
casent0101035,Pachycondyla,Pachycondyla perroti,ponerinae,train,data/images/Pachycondyla/casent0101035_p.jpg
casent0101039,Bothroponera,Bothroponera wasmannii,ponerinae,test,data/images/Bothroponera/casent0101039_p.jpg
casent0101040,Bothroponera,Bothroponera wasmannii,ponerinae,train,data/images/Bothroponera/casent0101040_p.jpg
casent0101041,Bothroponera,Bothroponera wasmannii,ponerinae,test,data/images/Bothroponera/casent0101041_p.jpg
casent0101045,Tetraponera,Tetraponera variegata,pseudomyrmecinae,train,data/images/Tetraponera/casent0101045_p.jpg
casent0101046,Tetraponera,Tetraponera variegata,pseudomyrmecinae,train,data/images/Tetraponera/casent0101046_p.jpg
casent0101049,Tetraponera,Tetraponera morondaviensis,pseudomyrmecinae,test,data/images/Tetraponera/casent0101049_p.jpg
casent0101050,Tetraponera,Tetraponera morondaviensis,pseudomyrmecinae,train,data/images/Tetraponera/casent0101050_p.jpg
casent0101051,Tetraponera,Tetraponera morondaviensis,pseudomyrmecinae,train,data/images/Tetraponera/casent0101051_p.jpg
casent0101052,Tetraponera,Tetraponera sahlbergii,pseudomyrmecinae,train,data/images/Tetraponera/casent0101052_p.jpg
casent0101053,Aphaenogaster,Aphaenogaster subterranea,myrmicinae,test,data/images/Aphaenogaster/casent0101053_p.jpg
casent0101054,Aphaenogaster,Aphaenogaster subterranea,myrmicinae,train,data/images/Aphaenogaster/casent0101054_p.jpg
casent0101065,Aphaenogaster,Aphaenogaster swammerdami,myrmicinae,train,data/images/Aphaenogaster/casent0101065_p.jpg
casent0101066,Aphaenogaster,Aphaenogaster swammerdami,myrmicinae,train,data/images/Aphaenogaster/casent0101066_p.jpg
casent0101068,Aphaenogaster,Aphaenogaster swammerdami,myrmicinae,train,data/images/Aphaenogaster/casent0101068_p.jpg
casent0101069,Aphaenogaster,Aphaenogaster swammerdami,myrmicinae,test,data/images/Aphaenogaster/casent0101069_p.jpg
casent0101070,Aphaenogaster,Aphaenogaster swammerdami,myrmicinae,train,data/images/Aphaenogaster/casent0101070_p.jpg
casent0101071,Aphaenogaster,Aphaenogaster swammerdami,myrmicinae,train,data/images/Aphaenogaster/casent0101071_p.jpg
casent0101072,Aphaenogaster,Aphaenogaster swammerdami,myrmicinae,train,data/images/Aphaenogaster/casent0101072_p.jpg
casent0101073,Aphaenogaster,Aphaenogaster swammerdami,myrmicinae,train,data/images/Aphaenogaster/casent0101073_p.jpg
casent0101074,Aphaenogaster,Aphaenogaster swammerdami,myrmicinae,test,data/images/Aphaenogaster/casent0101074_p.jpg
casent0101075,Aphaenogaster,Aphaenogaster swammerdami,myrmicinae,train,data/images/Aphaenogaster/casent0101075_p.jpg
casent0101077,Technomyrmex,Technomyrmex difficilis,dolichoderinae,train,data/images/Technomyrmex/casent0101077_p.jpg
casent0101078,Technomyrmex,Technomyrmex difficilis,dolichoderinae,train,data/images/Technomyrmex/casent0101078_p.jpg
casent0101079,Technomyrmex,Technomyrmex difficilis,dolichoderinae,train,data/images/Technomyrmex/casent0101079_p.jpg
casent0101080,Technomyrmex,Technomyrmex difficilis,dolichoderinae,train,data/images/Technomyrmex/casent0101080_p.jpg
casent0101083,Tapinoma,Tapinoma subtile,dolichoderinae,train,data/images/Tapinoma/casent0101083_p.jpg
casent0101084,Tapinoma,Tapinoma subtile,dolichoderinae,train,data/images/Tapinoma/casent0101084_p.jpg
casent0101085,Tapinoma,Tapinoma subtile,dolichoderinae,train,data/images/Tapinoma/casent0101085_p.jpg
casent0101086,Aphaenogaster,Aphaenogaster swammerdami,myrmicinae,train,data/images/Aphaenogaster/casent0101086_p.jpg
casent0101087,Aphaenogaster,Aphaenogaster swammerdami,myrmicinae,train,data/images/Aphaenogaster/casent0101087_p.jpg
casent0101095,Camponotus,Camponotus maculatus,formicinae,train,data/images/Camponotus/casent0101095_p.jpg
casent0101096,Camponotus,Camponotus maculatus,formicinae,test,data/images/Camponotus/casent0101096_p.jpg
casent0101100,Camponotus,Camponotus maculatus,formicinae,train,data/images/Camponotus/casent0101100_p.jpg
casent0101101,Camponotus,Camponotus maculatus,formicinae,train,data/images/Camponotus/casent0101101_p.jpg
casent0101102,Camponotus,Camponotus maculatus,formicinae,train,data/images/Camponotus/casent0101102_p.jpg
casent0101103,Camponotus,Camponotus cemeryi,formicinae,test,data/images/Camponotus/casent0101103_p.jpg
casent0101104,Camponotus,Camponotus cemeryi,formicinae,train,data/images/Camponotus/casent0101104_p.jpg
casent0101105,Camponotus,Camponotus lubbocki,formicinae,train,data/images/Camponotus/casent0101105_p.jpg
casent0101106,Camponotus,Camponotus lubbocki,formicinae,train,data/images/Camponotus/casent0101106_p.jpg
casent0101107,Camponotus,Camponotus dromedarius,formicinae,train,data/images/Camponotus/casent0101107_p.jpg
casent0101109,Camponotus,Camponotus maculatus,formicinae,test,data/images/Camponotus/casent0101109_p.jpg
casent0101110,Camponotus,Camponotus maculatus,formicinae,test,data/images/Camponotus/casent0101110_p.jpg
casent0101112,Camponotus,Camponotus foersteri,formicinae,train,data/images/Camponotus/casent0101112_p.jpg
casent0101113,Camponotus,Camponotus radovae,formicinae,test,data/images/Camponotus/casent0101113_p.jpg
casent0101114,Camponotus,Camponotus radovae,formicinae,train,data/images/Camponotus/casent0101114_p.jpg
casent0101115,Camponotus,Camponotus radovae,formicinae,train,data/images/Camponotus/casent0101115_p.jpg
casent0101116,Camponotus,Camponotus imitator,formicinae,train,data/images/Camponotus/casent0101116_p.jpg
casent0101117,Camponotus,Camponotus imitator,formicinae,train,data/images/Camponotus/casent0101117_p.jpg
casent0101118,Camponotus,Camponotus imitator,formicinae,test,data/images/Camponotus/casent0101118_p.jpg
casent0101119,Camponotus,Camponotus imitator,formicinae,test,data/images/Camponotus/casent0101119_p.jpg
casent0101120,Camponotus,Camponotus grandidieri,formicinae,train,data/images/Camponotus/casent0101120_p.jpg
casent0101121,Camponotus,Camponotus grandidieri,formicinae,train,data/images/Camponotus/casent0101121_p.jpg
casent0101122,Camponotus,Camponotus grandidieri,formicinae,train,data/images/Camponotus/casent0101122_p.jpg
casent0101123,Camponotus,Camponotus grandidieri,formicinae,train,data/images/Camponotus/casent0101123_p.jpg
casent0101128,Cardiocondyla,Cardiocondyla cristata,myrmicinae,train,data/images/Cardiocondyla/casent0101128_p.jpg
casent0101129,Cardiocondyla,Cardiocondyla emeryi,myrmicinae,train,data/images/Cardiocondyla/casent0101129_p.jpg
casent0101130,Leptogenys,Leptogenys acutirostris,ponerinae,test,data/images/Leptogenys/casent0101130_p.jpg
casent0101131,Leptogenys,Leptogenys alluaudi,ponerinae,train,data/images/Leptogenys/casent0101131_p.jpg
casent0101132,Leptogenys,Leptogenys arcirostris,ponerinae,train,data/images/Leptogenys/casent0101132_p.jpg
casent0101133,Leptogenys,Leptogenys truncatirostris,ponerinae,train,data/images/Leptogenys/casent0101133_p.jpg
casent0101137,Mystrium,Mystrium voeltzkowi,amblyoponinae,test,data/images/Mystrium/casent0101137_p.jpg
casent0101138,Tetramorium,Tetramorium kelleri,myrmicinae,train,data/images/Tetramorium/casent0101138_p.jpg
casent0101139,Tetramorium,Tetramorium sikorae,myrmicinae,test,data/images/Tetramorium/casent0101139_p.jpg
casent0101140,Tetramorium,Tetramorium sikorae,myrmicinae,train,data/images/Tetramorium/casent0101140_p.jpg
casent0101141,Tetramorium,Tetramorium sikorae,myrmicinae,train,data/images/Tetramorium/casent0101141_p.jpg
casent0101142,Tetramorium,Tetramorium sikorae,myrmicinae,train,data/images/Tetramorium/casent0101142_p.jpg
casent0101143,Tetramorium,Tetramorium sikorae,myrmicinae,train,data/images/Tetramorium/casent0101143_p.jpg
casent0101144,Tetramorium,Tetramorium sikorae,myrmicinae,train,data/images/Tetramorium/casent0101144_p.jpg
casent0101145,Tetramorium,Tetramorium bessonii,myrmicinae,train,data/images/Tetramorium/casent0101145_p.jpg
casent0101146,Tetramorium,Tetramorium xanthogaster,myrmicinae,test,data/images/Tetramorium/casent0101146_p.jpg
casent0101147,Tetramorium,Tetramorium degener,myrmicinae,test,data/images/Tetramorium/casent0101147_p.jpg
casent0101148,Hypoponera,Hypoponera madecassa,ponerinae,train,data/images/Hypoponera/casent0101148_p.jpg
casent0101154,Tetraponera,Tetraponera mandibularis,pseudomyrmecinae,train,data/images/Tetraponera/casent0101154_p.jpg
casent0101155,Tetraponera,Tetraponera mandibularis,pseudomyrmecinae,train,data/images/Tetraponera/casent0101155_p.jpg
casent0101156,Hypoponera,Hypoponera grandidieri,ponerinae,train,data/images/Hypoponera/casent0101156_p.jpg
casent0101157,Hypoponera,Hypoponera grandidieri,ponerinae,train,data/images/Hypoponera/casent0101157_p.jpg
casent0101160,Crematogaster,Crematogaster lobata,myrmicinae,train,data/images/Crematogaster/casent0101160_p.jpg
casent0101161,Crematogaster,Crematogaster agnetis,myrmicinae,train,data/images/Crematogaster/casent0101161_p.jpg
casent0101162,Crematogaster,Crematogaster ranavalonae,myrmicinae,train,data/images/Crematogaster/casent0101162_p.jpg
casent0101163,Crematogaster,Crematogaster ranavalonae,myrmicinae,train,data/images/Crematogaster/casent0101163_p.jpg
casent0101164,Crematogaster,Crematogaster ranavalonae,myrmicinae,train,data/images/Crematogaster/casent0101164_p.jpg
casent0101165,Crematogaster,Crematogaster ranavalonae,myrmicinae,train,data/images/Crematogaster/casent0101165_p.jpg
casent0101166,Crematogaster,Crematogaster ranavalonae,myrmicinae,train,data/images/Crematogaster/casent0101166_p.jpg
casent0101167,Crematogaster,Crematogaster ranavalonae,myrmicinae,train,data/images/Crematogaster/casent0101167_p.jpg
casent0101168,Crematogaster,Crematogaster ranavalonae,myrmicinae,train,data/images/Crematogaster/casent0101168_p.jpg
casent0101169,Crematogaster,Crematogaster ranavalonae,myrmicinae,test,data/images/Crematogaster/casent0101169_p.jpg
casent0101171,Crematogaster,Crematogaster degeeri,myrmicinae,train,data/images/Crematogaster/casent0101171_p.jpg
casent0101172,Crematogaster,Crematogaster degeeri,myrmicinae,train,data/images/Crematogaster/casent0101172_p.jpg
casent0101173,Crematogaster,Crematogaster degeeri,myrmicinae,train,data/images/Crematogaster/casent0101173_p.jpg
casent0101174,Crematogaster,Crematogaster degeeri,myrmicinae,test,data/images/Crematogaster/casent0101174_p.jpg
casent0101175,Camponotus,Camponotus repens,formicinae,train,data/images/Camponotus/casent0101175_p.jpg
casent0101176,Camponotus,Camponotus ethicus,formicinae,train,data/images/Camponotus/casent0101176_p.jpg
casent0101178,Camponotus,Camponotus cervicalis,formicinae,train,data/images/Camponotus/casent0101178_p.jpg
casent0101179,Camponotus,Camponotus cervicalis,formicinae,train,data/images/Camponotus/casent0101179_p.jpg
casent0101180,Camponotus,Camponotus cervicalis,formicinae,train,data/images/Camponotus/casent0101180_p.jpg
casent0101181,Camponotus,Camponotus cervicalis,formicinae,train,data/images/Camponotus/casent0101181_p.jpg
casent0101186,Camponotus,Camponotus darwinii,formicinae,train,data/images/Camponotus/casent0101186_p.jpg
casent0101193,Camponotus,Camponotus darwinii,formicinae,train,data/images/Camponotus/casent0101193_p.jpg
casent0101194,Camponotus,Camponotus darwinii,formicinae,test,data/images/Camponotus/casent0101194_p.jpg
casent0101195,Camponotus,Camponotus darwinii,formicinae,train,data/images/Camponotus/casent0101195_p.jpg
casent0101196,Camponotus,Camponotus ellioti,formicinae,test,data/images/Camponotus/casent0101196_p.jpg
casent0101197,Camponotus,Camponotus ellioti,formicinae,train,data/images/Camponotus/casent0101197_p.jpg
casent0101198,Camponotus,Camponotus ellioti,formicinae,train,data/images/Camponotus/casent0101198_p.jpg
casent0101202,Camponotus,Camponotus descarpentriesi,formicinae,test,data/images/Camponotus/casent0101202_p.jpg
casent0101205,Camponotus,Camponotus descarpentriesi,formicinae,test,data/images/Camponotus/casent0101205_p.jpg
casent0101206,Camponotus,Camponotus descarpentriesi,formicinae,train,data/images/Camponotus/casent0101206_p.jpg
casent0101208,Cardiocondyla,Cardiocondyla emeryi,myrmicinae,test,data/images/Cardiocondyla/casent0101208_p.jpg
casent0101209,Cardiocondyla,Cardiocondyla emeryi,myrmicinae,train,data/images/Cardiocondyla/casent0101209_p.jpg
casent0101218,Cardiocondyla,Cardiocondyla shuckardi,myrmicinae,train,data/images/Cardiocondyla/casent0101218_p.jpg
casent0101219,Cardiocondyla,Cardiocondyla shuckardi,myrmicinae,train,data/images/Cardiocondyla/casent0101219_p.jpg
casent0101230,Meranoplus,Meranoplus mayri,myrmicinae,train,data/images/Meranoplus/casent0101230_p.jpg
casent0101231,Meranoplus,Meranoplus mayri,myrmicinae,test,data/images/Meranoplus/casent0101231_p.jpg
casent0101236,Meranoplus,Meranoplus mayri,myrmicinae,train,data/images/Meranoplus/casent0101236_p.jpg
casent0101237,Meranoplus,Meranoplus mayri,myrmicinae,train,data/images/Meranoplus/casent0101237_p.jpg
casent0101238,Meranoplus,Meranoplus radamae,myrmicinae,train,data/images/Meranoplus/casent0101238_p.jpg
casent0101239,Meranoplus,Meranoplus radamae,myrmicinae,train,data/images/Meranoplus/casent0101239_p.jpg
casent0101240,Cataulacus,Cataulacus regularis,myrmicinae,train,data/images/Cataulacus/casent0101240_p.jpg
casent0101241,Cataulacus,Cataulacus regularis,myrmicinae,train,data/images/Cataulacus/casent0101241_p.jpg
casent0101245,Cataulacus,Cataulacus ebrardi,myrmicinae,train,data/images/Cataulacus/casent0101245_p.jpg
casent0101246,Cataulacus,Cataulacus ebrardi,myrmicinae,train,data/images/Cataulacus/casent0101246_p.jpg
casent0101247,Cataulacus,Cataulacus intrudens,myrmicinae,train,data/images/Cataulacus/casent0101247_p.jpg
casent0101248,Cataulacus,Cataulacus intrudens,myrmicinae,train,data/images/Cataulacus/casent0101248_p.jpg
casent0101253,Strumigenys,Strumigenys grandidieri,myrmicinae,train,data/images/Strumigenys/casent0101253_p.jpg
casent0101254,Strumigenys,Strumigenys grandidieri,myrmicinae,train,data/images/Strumigenys/casent0101254_p.jpg
casent0101255,Tapinoma,Tapinoma pallipes,dolichoderinae,train,data/images/Tapinoma/casent0101255_p.jpg
casent0101256,Tapinoma,Tapinoma pallipes,dolichoderinae,train,data/images/Tapinoma/casent0101256_p.jpg
casent0101257,Tetramorium,Tetramorium steinheili,myrmicinae,test,data/images/Tetramorium/casent0101257_p.jpg
casent0101258,Tetramorium,Tetramorium steinheili,myrmicinae,train,data/images/Tetramorium/casent0101258_p.jpg
casent0101259,Tetramorium,Tetramorium sikorae,myrmicinae,test,data/images/Tetramorium/casent0101259_p.jpg
casent0101260,Tetramorium,Tetramorium sikorae,myrmicinae,test,data/images/Tetramorium/casent0101260_p.jpg
casent0101265,Tetramorium,Tetramorium sericeiventre,myrmicinae,train,data/images/Tetramorium/casent0101265_p.jpg
casent0101266,Tetramorium,Tetramorium sericeiventre,myrmicinae,train,data/images/Tetramorium/casent0101266_p.jpg
casent0101267,Tetramorium,Tetramorium sericeiventre,myrmicinae,test,data/images/Tetramorium/casent0101267_p.jpg
casent0101268,Tetramorium,Tetramorium sericeiventre,myrmicinae,train,data/images/Tetramorium/casent0101268_p.jpg
casent0101269,Tetramorium,Tetramorium sericeiventre,myrmicinae,train,data/images/Tetramorium/casent0101269_p.jpg
casent0101270,Tetramorium,Tetramorium sericeiventre,myrmicinae,train,data/images/Tetramorium/casent0101270_p.jpg
casent0101277,Tetramorium,Tetramorium bessonii,myrmicinae,test,data/images/Tetramorium/casent0101277_p.jpg
casent0101278,Tetramorium,Tetramorium bessonii,myrmicinae,train,data/images/Tetramorium/casent0101278_p.jpg
casent0101279,Tetramorium,Tetramorium andrei,myrmicinae,train,data/images/Tetramorium/casent0101279_p.jpg
casent0101280,Tetramorium,Tetramorium andrei,myrmicinae,train,data/images/Tetramorium/casent0101280_p.jpg
casent0101281,Tetramorium,Tetramorium andrei,myrmicinae,train,data/images/Tetramorium/casent0101281_p.jpg
casent0101282,Tetramorium,Tetramorium andrei,myrmicinae,test,data/images/Tetramorium/casent0101282_p.jpg
casent0101285,Tetramorium,Tetramorium ranarum,myrmicinae,train,data/images/Tetramorium/casent0101285_p.jpg
casent0101286,Tetramorium,Tetramorium ranarum,myrmicinae,train,data/images/Tetramorium/casent0101286_p.jpg
casent0101287,Tetramorium,Tetramorium marginatum,myrmicinae,train,data/images/Tetramorium/casent0101287_p.jpg
casent0101288,Tetramorium,Tetramorium marginatum,myrmicinae,train,data/images/Tetramorium/casent0101288_p.jpg
casent0101289,Tetramorium,Tetramorium nassonowii,myrmicinae,train,data/images/Tetramorium/casent0101289_p.jpg
casent0101290,Tetramorium,Tetramorium nassonowii,myrmicinae,train,data/images/Tetramorium/casent0101290_p.jpg
casent0101291,Tetramorium,Tetramorium latreillei,myrmicinae,train,data/images/Tetramorium/casent0101291_p.jpg
casent0101292,Tetramorium,Tetramorium latreillei,myrmicinae,train,data/images/Tetramorium/casent0101292_p.jpg
casent0101293,Tetramorium,Tetramorium kelleri,myrmicinae,train,data/images/Tetramorium/casent0101293_p.jpg
casent0101294,Tetramorium,Tetramorium kelleri,myrmicinae,train,data/images/Tetramorium/casent0101294_p.jpg
casent0101297,Tetramorium,Tetramorium bessonii,myrmicinae,train,data/images/Tetramorium/casent0101297_p.jpg
casent0101298,Tetramorium,Tetramorium bessonii,myrmicinae,train,data/images/Tetramorium/casent0101298_p.jpg
casent0101299,Nylanderia,,formicinae,train,data/images/Nylanderia/casent0101299_p.jpg
casent0101300,Nylanderia,,formicinae,test,data/images/Nylanderia/casent0101300_p.jpg
casent0101311,Nylanderia,Nylanderia amblyops,formicinae,train,data/images/Nylanderia/casent0101311_p.jpg
casent0101312,Nylanderia,Nylanderia amblyops,formicinae,train,data/images/Nylanderia/casent0101312_p.jpg
casent0101315,Nylanderia,Nylanderia humbloti,formicinae,train,data/images/Nylanderia/casent0101315_p.jpg
casent0101316,Nylanderia,Nylanderia humbloti,formicinae,test,data/images/Nylanderia/casent0101316_p.jpg
casent0101318,Nylanderia,Nylanderia madagascarensis,formicinae,train,data/images/Nylanderia/casent0101318_p.jpg
casent0101319,Nylanderia,Nylanderia madagascarensis,formicinae,train,data/images/Nylanderia/casent0101319_p.jpg
casent0101320,Nylanderia,Nylanderia madagascarensis,formicinae,train,data/images/Nylanderia/casent0101320_p.jpg
casent0101321,Pheidole,Pheidole petax,myrmicinae,train,data/images/Pheidole/casent0101321_p.jpg
casent0101322,Pheidole,Pheidole petax,myrmicinae,train,data/images/Pheidole/casent0101322_p.jpg
casent0101323,Pheidole,Pheidole nemoralis,myrmicinae,train,data/images/Pheidole/casent0101323_p.jpg
casent0101324,Pheidole,Pheidole nemoralis,myrmicinae,train,data/images/Pheidole/casent0101324_p.jpg
casent0101326,Pheidole,Pheidole indica,myrmicinae,train,data/images/Pheidole/casent0101326_p.jpg
casent0101327,Pheidole,Pheidole indica,myrmicinae,train,data/images/Pheidole/casent0101327_p.jpg
casent0101328,Pheidole,Pheidole bessonii,myrmicinae,train,data/images/Pheidole/casent0101328_p.jpg
casent0101329,Pheidole,Pheidole bessonii,myrmicinae,train,data/images/Pheidole/casent0101329_p.jpg
casent0101330,Pheidole,Pheidole spinosa,myrmicinae,test,data/images/Pheidole/casent0101330_p.jpg
casent0101331,Pheidole,Pheidole spinosa,myrmicinae,test,data/images/Pheidole/casent0101331_p.jpg
casent0101333,Pheidole,Pheidole spinosa,myrmicinae,train,data/images/Pheidole/casent0101333_p.jpg
casent0101334,Camponotus,Camponotus maculatus,formicinae,train,data/images/Camponotus/casent0101334_p.jpg
casent0101335,Camponotus,Camponotus hovahovoides,formicinae,train,data/images/Camponotus/casent0101335_p.jpg
casent0101336,Camponotus,Camponotus hovahovoides,formicinae,train,data/images/Camponotus/casent0101336_p.jpg
casent0101337,Camponotus,Camponotus hovahovoides,formicinae,train,data/images/Camponotus/casent0101337_p.jpg
casent0101338,Camponotus,Camponotus strangulatus,formicinae,test,data/images/Camponotus/casent0101338_p.jpg
casent0101339,Camponotus,Camponotus strangulatus,formicinae,train,data/images/Camponotus/casent0101339_p.jpg
casent0101342,Camponotus,Camponotus boivini,formicinae,train,data/images/Camponotus/casent0101342_p.jpg
casent0101343,Camponotus,Camponotus boivini,formicinae,train,data/images/Camponotus/casent0101343_p.jpg
casent0101346,Camponotus,Camponotus radamae,formicinae,test,data/images/Camponotus/casent0101346_p.jpg
casent0101347,Camponotus,Camponotus radamae,formicinae,test,data/images/Camponotus/casent0101347_p.jpg
casent0101348,Camponotus,Camponotus boivini,formicinae,train,data/images/Camponotus/casent0101348_p.jpg
casent0101349,Camponotus,Camponotus boivini,formicinae,train,data/images/Camponotus/casent0101349_p.jpg
casent0101350,Camponotus,Camponotus cervicalis,formicinae,train,data/images/Camponotus/casent0101350_p.jpg
casent0101351,Camponotus,Camponotus cervicalis,formicinae,test,data/images/Camponotus/casent0101351_p.jpg
casent0101352,Camponotus,Camponotus maculatus,formicinae,train,data/images/Camponotus/casent0101352_p.jpg
casent0101353,Camponotus,Camponotus maculatus,formicinae,train,data/images/Camponotus/casent0101353_p.jpg
casent0101354,Camponotus,Camponotus maculatus,formicinae,train,data/images/Camponotus/casent0101354_p.jpg
casent0101356,Camponotus,Camponotus maculatus,formicinae,train,data/images/Camponotus/casent0101356_p.jpg
casent0101357,Camponotus,Camponotus concolor,formicinae,train,data/images/Camponotus/casent0101357_p.jpg
casent0101358,Camponotus,Camponotus concolor,formicinae,test,data/images/Camponotus/casent0101358_p.jpg
casent0101359,Camponotus,Camponotus concolor,formicinae,train,data/images/Camponotus/casent0101359_p.jpg
casent0101360,Camponotus,Camponotus nasicus,formicinae,train,data/images/Camponotus/casent0101360_p.jpg
casent0101362,Camponotus,Camponotus radovae,formicinae,train,data/images/Camponotus/casent0101362_p.jpg
casent0101363,Camponotus,Camponotus radovae,formicinae,train,data/images/Camponotus/casent0101363_p.jpg
casent0101364,Camponotus,Camponotus radovae,formicinae,train,data/images/Camponotus/casent0101364_p.jpg
casent0101365,Camponotus,Camponotus imitator,formicinae,train,data/images/Camponotus/casent0101365_p.jpg
casent0101366,Camponotus,Camponotus batesii,formicinae,train,data/images/Camponotus/casent0101366_p.jpg
casent0101367,Camponotus,Camponotus radovae,formicinae,train,data/images/Camponotus/casent0101367_p.jpg
casent0101368,Camponotus,Camponotus grandidieri,formicinae,train,data/images/Camponotus/casent0101368_p.jpg
casent0101369,Camponotus,Camponotus grandidieri,formicinae,train,data/images/Camponotus/casent0101369_p.jpg
casent0101370,Camponotus,Camponotus grandidieri,formicinae,train,data/images/Camponotus/casent0101370_p.jpg
casent0101373,Camponotus,Camponotus nossibeensis,formicinae,train,data/images/Camponotus/casent0101373_p.jpg
casent0101374,Camponotus,Camponotus ursus,formicinae,train,data/images/Camponotus/casent0101374_p.jpg
casent0101375,Camponotus,Camponotus ursus,formicinae,test,data/images/Camponotus/casent0101375_p.jpg
casent0101376,Camponotus,Camponotus voeltzkowii,formicinae,test,data/images/Camponotus/casent0101376_p.jpg
casent0101377,Camponotus,Camponotus voeltzkowii,formicinae,train,data/images/Camponotus/casent0101377_p.jpg
casent0101378,Camponotus,Camponotus darwinii,formicinae,train,data/images/Camponotus/casent0101378_p.jpg
casent0101379,Camponotus,Camponotus echinoploides,formicinae,train,data/images/Camponotus/casent0101379_p.jpg
casent0101380,Camponotus,Camponotus darwinii,formicinae,train,data/images/Camponotus/casent0101380_p.jpg
casent0101381,Camponotus,Camponotus themistocles,formicinae,test,data/images/Camponotus/casent0101381_p.jpg
casent0101382,Camponotus,Camponotus ellioti,formicinae,train,data/images/Camponotus/casent0101382_p.jpg
casent0101383,Camponotus,Camponotus madagascarensis,formicinae,train,data/images/Camponotus/casent0101383_p.jpg
casent0101384,Camponotus,Camponotus edmondi,formicinae,train,data/images/Camponotus/casent0101384_p.jpg
casent0101386,Camponotus,Camponotus darwinii,formicinae,train,data/images/Camponotus/casent0101386_p.jpg
casent0101388,Camponotus,Camponotus ethicus,formicinae,train,data/images/Camponotus/casent0101388_p.jpg
casent0101389,Camponotus,Camponotus ethicus,formicinae,train,data/images/Camponotus/casent0101389_p.jpg
casent0101390,Camponotus,Camponotus robustus,formicinae,test,data/images/Camponotus/casent0101390_p.jpg
casent0101391,Camponotus,Camponotus darwinii,formicinae,train,data/images/Camponotus/casent0101391_p.jpg
casent0101392,Camponotus,Camponotus darwinii,formicinae,train,data/images/Camponotus/casent0101392_p.jpg
casent0101393,Camponotus,Camponotus darwinii,formicinae,test,data/images/Camponotus/casent0101393_p.jpg
casent0101395,Tetraponera,Tetraponera longula,pseudomyrmecinae,train,data/images/Tetraponera/casent0101395_p.jpg
casent0101396,Tetraponera,Tetraponera morondaviensis,pseudomyrmecinae,test,data/images/Tetraponera/casent0101396_p.jpg
casent0101398,Leptogenys,Leptogenys voeltzkowi,ponerinae,train,data/images/Leptogenys/casent0101398_p.jpg
casent0101401,Pachycondyla,Pachycondyla perroti,ponerinae,test,data/images/Pachycondyla/casent0101401_p.jpg
casent0101403,Pachycondyla,Euponera sikorae,ponerinae,train,data/images/Pachycondyla/casent0101403_p.jpg
casent0101404,Bothroponera,Bothroponera cambouei,ponerinae,train,data/images/Bothroponera/casent0101404_p.jpg
casent0101405,Hypoponera,Hypoponera sakalava,ponerinae,test,data/images/Hypoponera/casent0101405_p.jpg
casent0101406,Bothroponera,Bothroponera comorensis,ponerinae,test,data/images/Bothroponera/casent0101406_p.jpg
casent0101407,Bothroponera,Bothroponera comorensis,ponerinae,train,data/images/Bothroponera/casent0101407_p.jpg
casent0101409,Crematogaster,Crematogaster madagascariensis,myrmicinae,train,data/images/Crematogaster/casent0101409_p.jpg
casent0101410,Crematogaster,Crematogaster madagascariensis,myrmicinae,train,data/images/Crematogaster/casent0101410_p.jpg
casent0101413,Camponotus,Camponotus roeseli,formicinae,train,data/images/Camponotus/casent0101413_p.jpg
casent0101416,Nylanderia,Nylanderia madagascarensis,formicinae,test,data/images/Nylanderia/casent0101416_p.jpg
casent0101419,Pheidole,Pheidole longispinosa,myrmicinae,train,data/images/Pheidole/casent0101419_p.jpg
casent0101421,Camponotus,Camponotus maculatus,formicinae,train,data/images/Camponotus/casent0101421_p.jpg
casent0101423,Camponotus,Camponotus dromedarius,formicinae,train,data/images/Camponotus/casent0101423_p.jpg
casent0101424,Camponotus,Camponotus voeltzkowii,formicinae,train,data/images/Camponotus/casent0101424_p.jpg
casent0101425,Camponotus,Camponotus nossibeensis,formicinae,train,data/images/Camponotus/casent0101425_p.jpg
casent0101426,Camponotus,Camponotus maculatus,formicinae,train,data/images/Camponotus/casent0101426_p.jpg
casent0101427,Camponotus,Camponotus maculatus,formicinae,train,data/images/Camponotus/casent0101427_p.jpg
casent0101429,Camponotus,Camponotus maculatus,formicinae,train,data/images/Camponotus/casent0101429_p.jpg
casent0101430,Camponotus,Camponotus nasicus,formicinae,train,data/images/Camponotus/casent0101430_p.jpg
casent0101431,Camponotus,Camponotus nasicus,formicinae,test,data/images/Camponotus/casent0101431_p.jpg
casent0101432,Camponotus,Camponotus maculatus,formicinae,test,data/images/Camponotus/casent0101432_p.jpg
casent0101435,Camponotus,Camponotus christi,formicinae,train,data/images/Camponotus/casent0101435_p.jpg
casent0101436,Camponotus,Camponotus christi,formicinae,train,data/images/Camponotus/casent0101436_p.jpg
casent0101437,Camponotus,Camponotus lubbocki,formicinae,test,data/images/Camponotus/casent0101437_p.jpg
casent0101438,Camponotus,Camponotus lubbocki,formicinae,test,data/images/Camponotus/casent0101438_p.jpg
casent0101439,Camponotus,Camponotus gibber,formicinae,test,data/images/Camponotus/casent0101439_p.jpg
casent0101440,Camponotus,Camponotus gibber,formicinae,train,data/images/Camponotus/casent0101440_p.jpg
casent0101441,Camponotus,Camponotus foersteri,formicinae,train,data/images/Camponotus/casent0101441_p.jpg
casent0101448,Mystrium,Mystrium voeltzkowi,amblyoponinae,train,data/images/Mystrium/casent0101448_p.jpg
casent0101461,Cardiocondyla,Cardiocondyla shuckardi,myrmicinae,train,data/images/Cardiocondyla/casent0101461_p.jpg
casent0101467,Technomyrmex,Technomyrmex vitiensis,dolichoderinae,test,data/images/Technomyrmex/casent0101467_p.jpg
casent0101468,Tapinoma,Tapinoma melanocephalum,dolichoderinae,test,data/images/Tapinoma/casent0101468_p.jpg
casent0101472,Monomorium,Monomorium pharaonis,myrmicinae,test,data/images/Monomorium/casent0101472_p.jpg
casent0101473,Monomorium,Monomorium destructor,myrmicinae,train,data/images/Monomorium/casent0101473_p.jpg
casent0101474,Monomorium,Monomorium destructor,myrmicinae,train,data/images/Monomorium/casent0101474_p.jpg
casent0101475,Crematogaster,Crematogaster schencki,myrmicinae,train,data/images/Crematogaster/casent0101475_p.jpg
casent0101476,Tetramorium,Tetramorium sericeiventre,myrmicinae,train,data/images/Tetramorium/casent0101476_p.jpg
casent0101477,Camponotus,Camponotus edmondi,formicinae,train,data/images/Camponotus/casent0101477_p.jpg
casent0101478,Camponotus,Camponotus edmondi,formicinae,train,data/images/Camponotus/casent0101478_p.jpg
casent0101480,Tetramorium,Tetramorium bicarinatum,myrmicinae,train,data/images/Tetramorium/casent0101480_p.jpg
casent0101481,Camponotus,Camponotus robustus,formicinae,train,data/images/Camponotus/casent0101481_p.jpg
casent0101482,Aphaenogaster,Aphaenogaster swammerdami,myrmicinae,train,data/images/Aphaenogaster/casent0101482_p.jpg
casent0101483,Tetramorium,Tetramorium sericeiventre,myrmicinae,train,data/images/Tetramorium/casent0101483_p.jpg
casent0101484,Tetramorium,Tetramorium bessonii,myrmicinae,train,data/images/Tetramorium/casent0101484_p.jpg
casent0101488,Nylanderia,Nylanderia humbloti,formicinae,train,data/images/Nylanderia/casent0101488_p.jpg
casent0101492,Camponotus,Camponotus hagensii,formicinae,train,data/images/Camponotus/casent0101492_p.jpg
casent0101494,Camponotus,Camponotus hagensii,formicinae,train,data/images/Camponotus/casent0101494_p.jpg
casent0101511,Camponotus,Camponotus mocquerysi,formicinae,test,data/images/Camponotus/casent0101511_p.jpg
casent0101512,Camponotus,Camponotus lubbocki,formicinae,train,data/images/Camponotus/casent0101512_p.jpg
casent0101513,Camponotus,Camponotus gibber,formicinae,test,data/images/Camponotus/casent0101513_p.jpg
casent0101514,Camponotus,Camponotus lubbocki,formicinae,train,data/images/Camponotus/casent0101514_p.jpg
casent0101516,Camponotus,Camponotus lubbocki,formicinae,train,data/images/Camponotus/casent0101516_p.jpg
casent0101517,Camponotus,Camponotus quadrimaculatus,formicinae,train,data/images/Camponotus/casent0101517_p.jpg
casent0101518,Camponotus,Camponotus lubbocki,formicinae,train,data/images/Camponotus/casent0101518_p.jpg
casent0101519,Camponotus,Camponotus quadrimaculatus,formicinae,train,data/images/Camponotus/casent0101519_p.jpg
casent0101520,Camponotus,Camponotus quadrimaculatus,formicinae,train,data/images/Camponotus/casent0101520_p.jpg
casent0101521,Camponotus,Camponotus christi,formicinae,train,data/images/Camponotus/casent0101521_p.jpg
casent0101524,Camponotus,Camponotus quadrimaculatus,formicinae,train,data/images/Camponotus/casent0101524_p.jpg
casent0101525,Camponotus,Camponotus quadrimaculatus,formicinae,train,data/images/Camponotus/casent0101525_p.jpg
casent0101526,Camponotus,Camponotus heteroclitus,formicinae,train,data/images/Camponotus/casent0101526_p.jpg
casent0101527,Camponotus,Camponotus heteroclitus,formicinae,train,data/images/Camponotus/casent0101527_p.jpg
casent0101528,Camponotus,Camponotus gibber,formicinae,train,data/images/Camponotus/casent0101528_p.jpg
casent0101531,Camponotus,Camponotus dromedarius,formicinae,train,data/images/Camponotus/casent0101531_p.jpg
casent0101532,Camponotus,Camponotus dromedarius,formicinae,train,data/images/Camponotus/casent0101532_p.jpg
casent0101533,Camponotus,Camponotus dromedarius,formicinae,train,data/images/Camponotus/casent0101533_p.jpg
casent0101534,Camponotus,Camponotus dromedarius,formicinae,train,data/images/Camponotus/casent0101534_p.jpg
casent0101535,Camponotus,Camponotus foersteri,formicinae,test,data/images/Camponotus/casent0101535_p.jpg
casent0101538,Camponotus,Camponotus dromedarius,formicinae,train,data/images/Camponotus/casent0101538_p.jpg
casent0101539,Camponotus,Camponotus maculiventris,formicinae,train,data/images/Camponotus/casent0101539_p.jpg
casent0101540,Camponotus,Camponotus maculiventris,formicinae,train,data/images/Camponotus/casent0101540_p.jpg
casent0101542,Camponotus,Camponotus christi,formicinae,train,data/images/Camponotus/casent0101542_p.jpg
casent0101543,Camponotus,Camponotus foersteri,formicinae,train,data/images/Camponotus/casent0101543_p.jpg
casent0101544,Camponotus,Camponotus christi,formicinae,train,data/images/Camponotus/casent0101544_p.jpg
casent0101545,Camponotus,Camponotus foersteri,formicinae,test,data/images/Camponotus/casent0101545_p.jpg
casent0101551,Camponotus,Camponotus cervicalis,formicinae,train,data/images/Camponotus/casent0101551_p.jpg
casent0101552,Camponotus,Camponotus cervicalis,formicinae,train,data/images/Camponotus/casent0101552_p.jpg
casent0101553,Bothroponera,Bothroponera comorensis,ponerinae,test,data/images/Bothroponera/casent0101553_p.jpg
casent0101554,Pheidole,Pheidole spinosa,myrmicinae,train,data/images/Pheidole/casent0101554_p.jpg
casent0101556,Tetramorium,Tetramorium obiwan,myrmicinae,train,data/images/Tetramorium/casent0101556_p.jpg
casent0101557,Crematogaster,Crematogaster kelleri,myrmicinae,train,data/images/Crematogaster/casent0101557_p.jpg
casent0101558,Crematogaster,Crematogaster grevei,myrmicinae,train,data/images/Crematogaster/casent0101558_p.jpg
casent0101559,Cataulacus,Cataulacus ebrardi,myrmicinae,test,data/images/Cataulacus/casent0101559_p.jpg
casent0101560,Pheidole,Pheidole spinosa,myrmicinae,train,data/images/Pheidole/casent0101560_p.jpg
casent0101562,Crematogaster,Crematogaster ranavalonae,myrmicinae,train,data/images/Crematogaster/casent0101562_p.jpg
casent0101564,Pheidole,Pheidole indica,myrmicinae,train,data/images/Pheidole/casent0101564_p.jpg
casent0101567,Pheidole,Pheidole veteratrix,myrmicinae,train,data/images/Pheidole/casent0101567_p.jpg
casent0101570,Pheidole,Pheidole spinosa,myrmicinae,train,data/images/Pheidole/casent0101570_p.jpg
casent0101572,Crematogaster,Crematogaster grevei,myrmicinae,test,data/images/Crematogaster/casent0101572_p.jpg
casent0101574,Anochetus,Anochetus madagascarensis,ponerinae,train,data/images/Anochetus/casent0101574_p.jpg
casent0101575,Tetraponera,Tetraponera hysterica,pseudomyrmecinae,train,data/images/Tetraponera/casent0101575_p.jpg
casent0101579,Anochetus,Anochetus madagascarensis,ponerinae,train,data/images/Anochetus/casent0101579_p.jpg
casent0101580,Pheidole,Pheidole spinosa,myrmicinae,train,data/images/Pheidole/casent0101580_p.jpg
casent0101583,Cataulacus,Cataulacus ebrardi,myrmicinae,test,data/images/Cataulacus/casent0101583_p.jpg
casent0101584,Pheidole,Pheidole nemoralis,myrmicinae,train,data/images/Pheidole/casent0101584_p.jpg
casent0101585,Crematogaster,Crematogaster lobata,myrmicinae,test,data/images/Crematogaster/casent0101585_p.jpg
casent0101587,Anochetus,Anochetus madagascarensis,ponerinae,test,data/images/Anochetus/casent0101587_p.jpg
casent0101589,Leptogenys,Leptogenys grandidieri,ponerinae,train,data/images/Leptogenys/casent0101589_p.jpg
casent0101594,Pheidole,Pheidole veteratrix,myrmicinae,train,data/images/Pheidole/casent0101594_p.jpg
casent0101597,Crematogaster,Crematogaster degeeri,myrmicinae,train,data/images/Crematogaster/casent0101597_p.jpg
casent0101598,Pheidole,Pheidole longispinosa,myrmicinae,train,data/images/Pheidole/casent0101598_p.jpg
casent0101599,Crematogaster,Crematogaster sewellii,myrmicinae,test,data/images/Crematogaster/casent0101599_p.jpg
casent0101602,Camponotus,Camponotus roeseli,formicinae,train,data/images/Camponotus/casent0101602_p.jpg
casent0101608,Cataulacus,Cataulacus intrudens,myrmicinae,train,data/images/Cataulacus/casent0101608_p.jpg
casent0101609,Anochetus,Anochetus madagascarensis,ponerinae,train,data/images/Anochetus/casent0101609_p.jpg
casent0101613,Crematogaster,Crematogaster rasoherinae,myrmicinae,test,data/images/Crematogaster/casent0101613_p.jpg
casent0101616,Nesomyrmex,Nesomyrmex retusispinosus,myrmicinae,test,data/images/Nesomyrmex/casent0101616_p.jpg
casent0101618,Terataner,Terataner rufipes,myrmicinae,train,data/images/Terataner/casent0101618_p.jpg
casent0101624,Pheidole,Pheidole lucida,myrmicinae,train,data/images/Pheidole/casent0101624_p.jpg
casent0101626,Leptogenys,Leptogenys truncatirostris,ponerinae,train,data/images/Leptogenys/casent0101626_p.jpg
casent0101628,Pheidole,Pheidole litigiosa,myrmicinae,train,data/images/Pheidole/casent0101628_p.jpg
casent0101630,Pheidole,Pheidole veteratrix,myrmicinae,train,data/images/Pheidole/casent0101630_p.jpg
casent0101631,Crematogaster,Crematogaster ensifera,myrmicinae,train,data/images/Crematogaster/casent0101631_p.jpg
casent0101632,Crematogaster,Crematogaster sewellii,myrmicinae,test,data/images/Crematogaster/casent0101632_p.jpg
casent0101634,Meranoplus,Meranoplus radamae,myrmicinae,train,data/images/Meranoplus/casent0101634_p.jpg
casent0101635,Tetraponera,Tetraponera hysterica,pseudomyrmecinae,train,data/images/Tetraponera/casent0101635_p.jpg
casent0101636,Technomyrmex,Technomyrmex madecassus,dolichoderinae,train,data/images/Technomyrmex/casent0101636_p.jpg
casent0101638,Pheidole,Pheidole litigiosa,myrmicinae,test,data/images/Pheidole/casent0101638_p.jpg
casent0101639,Crematogaster,Crematogaster ranavalonae,myrmicinae,train,data/images/Crematogaster/casent0101639_p.jpg
casent0101640,Pheidole,Pheidole oswaldi,myrmicinae,train,data/images/Pheidole/casent0101640_p.jpg
casent0101641,Meranoplus,Meranoplus radamae,myrmicinae,test,data/images/Meranoplus/casent0101641_p.jpg
casent0101644,Camponotus,Camponotus dufouri,formicinae,train,data/images/Camponotus/casent0101644_p.jpg
casent0101650,Pheidole,Pheidole ensifera,myrmicinae,train,data/images/Pheidole/casent0101650_p.jpg
casent0101651,Anochetus,Anochetus madagascarensis,ponerinae,train,data/images/Anochetus/casent0101651_p.jpg
casent0101652,Tetraponera,Tetraponera grandidieri,pseudomyrmecinae,test,data/images/Tetraponera/casent0101652_p.jpg
casent0101655,Crematogaster,Crematogaster hova,myrmicinae,test,data/images/Crematogaster/casent0101655_p.jpg
casent0101659,Crematogaster,Crematogaster hova,myrmicinae,train,data/images/Crematogaster/casent0101659_p.jpg
casent0101661,Pheidole,Pheidole veteratrix,myrmicinae,train,data/images/Pheidole/casent0101661_p.jpg
casent0101663,Anochetus,Anochetus madagascarensis,ponerinae,train,data/images/Anochetus/casent0101663_p.jpg
casent0101667,Nesomyrmex,Nesomyrmex madecassus,myrmicinae,train,data/images/Nesomyrmex/casent0101667_p.jpg
casent0101668,Pheidole,Pheidole sikorae,myrmicinae,train,data/images/Pheidole/casent0101668_p.jpg
casent0101669,Camponotus,Camponotus dufouri,formicinae,train,data/images/Camponotus/casent0101669_p.jpg
casent0101670,Mystrium,Mystrium rogeri,amblyoponinae,train,data/images/Mystrium/casent0101670_p.jpg
casent0101674,Anochetus,Anochetus madagascarensis,ponerinae,test,data/images/Anochetus/casent0101674_p.jpg
casent0101678,Cardiocondyla,Cardiocondyla shuckardi,myrmicinae,test,data/images/Cardiocondyla/casent0101678_p.jpg
casent0101682,Pheidole,Pheidole longispinosa,myrmicinae,train,data/images/Pheidole/casent0101682_p.jpg
casent0101683,Crematogaster,Crematogaster dentata,myrmicinae,train,data/images/Crematogaster/casent0101683_p.jpg
casent0101687,Nesomyrmex,Nesomyrmex madecassus,myrmicinae,train,data/images/Nesomyrmex/casent0101687_p.jpg
casent0101688,Pheidole,Pheidole annemariae,myrmicinae,test,data/images/Pheidole/casent0101688_p.jpg
casent0101690,Crematogaster,Crematogaster degeeri,myrmicinae,train,data/images/Crematogaster/casent0101690_p.jpg
casent0101692,Pheidole,Pheidole sikorae,myrmicinae,test,data/images/Pheidole/casent0101692_p.jpg
casent0101693,Tetramorium,Tetramorium severini,myrmicinae,test,data/images/Tetramorium/casent0101693_p.jpg
casent0101695,Pheidole,Pheidole scabrata,myrmicinae,train,data/images/Pheidole/casent0101695_p.jpg
casent0101696,Terataner,Terataner alluaudi,myrmicinae,train,data/images/Terataner/casent0101696_p.jpg
casent0101697,Tetramorium,Tetramorium schaufussii,myrmicinae,train,data/images/Tetramorium/casent0101697_p.jpg
casent0101703,Terataner,Terataner foreli,myrmicinae,train,data/images/Terataner/casent0101703_p.jpg
casent0101704,Camponotus,Camponotus cervicalis,formicinae,train,data/images/Camponotus/casent0101704_p.jpg
casent0101705,Technomyrmex,Technomyrmex madecassus,dolichoderinae,test,data/images/Technomyrmex/casent0101705_p.jpg
casent0101707,Pheidole,Pheidole madecassa,myrmicinae,train,data/images/Pheidole/casent0101707_p.jpg
casent0101710,Mystrium,Mystrium voeltzkowi,amblyoponinae,train,data/images/Mystrium/casent0101710_p.jpg
casent0101711,Lioponera,,dorylinae,test,data/images/Lioponera/casent0101711_p.jpg
casent0101712,Anochetus,Anochetus madagascarensis,ponerinae,train,data/images/Anochetus/casent0101712_p.jpg
casent0101713,Tetraponera,Tetraponera rakotonis,pseudomyrmecinae,test,data/images/Tetraponera/casent0101713_p.jpg
casent0101714,Leptogenys,Leptogenys truncatirostris,ponerinae,train,data/images/Leptogenys/casent0101714_p.jpg
casent0101715,Tetraponera,Tetraponera morondaviensis,pseudomyrmecinae,train,data/images/Tetraponera/casent0101715_p.jpg
casent0101716,Pheidole,Pheidole decollata,myrmicinae,test,data/images/Pheidole/casent0101716_p.jpg
casent0101718,Platythyrea,Platythyrea arthuri,ponerinae,train,data/images/Platythyrea/casent0101718_p.jpg
casent0101720,Pheidole,Pheidole decollata,myrmicinae,train,data/images/Pheidole/casent0101720_p.jpg
casent0101721,Tetramorium,Tetramorium delagoense,myrmicinae,train,data/images/Tetramorium/casent0101721_p.jpg
casent0101722,Platythyrea,Platythyrea mocquerysi,ponerinae,test,data/images/Platythyrea/casent0101722_p.jpg
casent0101723,Leptogenys,,ponerinae,train,data/images/Leptogenys/casent0101723_p.jpg
casent0101724,Pheidole,Pheidole oswaldi,myrmicinae,train,data/images/Pheidole/casent0101724_p.jpg
casent0101727,Leptogenys,Leptogenys truncatirostris,ponerinae,train,data/images/Leptogenys/casent0101727_p.jpg
casent0101729,Anochetus,Anochetus madagascarensis,ponerinae,train,data/images/Anochetus/casent0101729_p.jpg
casent0101731,Crematogaster,Crematogaster agnetis,myrmicinae,train,data/images/Crematogaster/casent0101731_p.jpg
casent0101733,Lioponera,,dorylinae,train,data/images/Lioponera/casent0101733_p.jpg
casent0101735,Crematogaster,Crematogaster kelleri,myrmicinae,train,data/images/Crematogaster/casent0101735_p.jpg
casent0101738,Tetraponera,Tetraponera exasciata,pseudomyrmecinae,train,data/images/Tetraponera/casent0101738_p.jpg
casent0101740,Tetraponera,Tetraponera grandidieri,pseudomyrmecinae,train,data/images/Tetraponera/casent0101740_p.jpg
casent0101742,Crematogaster,Crematogaster ranavalonae,myrmicinae,train,data/images/Crematogaster/casent0101742_p.jpg
casent0101744,Tetramorium,Tetramorium orientale,myrmicinae,train,data/images/Tetramorium/casent0101744_p.jpg
casent0101745,Pheidole,Pheidole indica,myrmicinae,test,data/images/Pheidole/casent0101745_p.jpg
casent0101747,Camponotus,Camponotus strangulatus,formicinae,test,data/images/Camponotus/casent0101747_p.jpg
casent0101748,Crematogaster,Crematogaster schencki,myrmicinae,test,data/images/Crematogaster/casent0101748_p.jpg
casent0101749,Nylanderia,Nylanderia amblyops,formicinae,train,data/images/Nylanderia/casent0101749_p.jpg
casent0101750,Crematogaster,Crematogaster rasoherinae,myrmicinae,train,data/images/Crematogaster/casent0101750_p.jpg
casent0101755,Pheidole,Pheidole spinosa,myrmicinae,train,data/images/Pheidole/casent0101755_p.jpg
casent0101756,Anochetus,Anochetus madagascarensis,ponerinae,train,data/images/Anochetus/casent0101756_p.jpg
casent0101761,Crematogaster,Crematogaster hova,myrmicinae,train,data/images/Crematogaster/casent0101761_p.jpg
casent0101762,Crematogaster,Crematogaster ranavalonae,myrmicinae,train,data/images/Crematogaster/casent0101762_p.jpg
casent0101766,Platythyrea,Platythyrea bicuspis,ponerinae,train,data/images/Platythyrea/casent0101766_p.jpg
casent0101767,Pheidole,Pheidole spinosa,myrmicinae,train,data/images/Pheidole/casent0101767_p.jpg
casent0101769,Crematogaster,Crematogaster kelleri,myrmicinae,train,data/images/Crematogaster/casent0101769_p.jpg
casent0101770,Bothroponera,Bothroponera cambouei,ponerinae,train,data/images/Bothroponera/casent0101770_p.jpg
casent0101771,Crematogaster,Crematogaster ranavalonae,myrmicinae,train,data/images/Crematogaster/casent0101771_p.jpg
casent0101772,Cataulacus,Cataulacus porcatus,myrmicinae,test,data/images/Cataulacus/casent0101772_p.jpg
casent0101773,Crematogaster,Crematogaster lobata,myrmicinae,test,data/images/Crematogaster/casent0101773_p.jpg
casent0101777,Camponotus,Camponotus becki,formicinae,train,data/images/Camponotus/casent0101777_p.jpg
casent0101779,Camponotus,Camponotus cervicalis,formicinae,test,data/images/Camponotus/casent0101779_p.jpg
casent0101780,Pheidole,Pheidole ensifera,myrmicinae,train,data/images/Pheidole/casent0101780_p.jpg
casent0101781,Nylanderia,Nylanderia madagascarensis,formicinae,train,data/images/Nylanderia/casent0101781_p.jpg
casent0101786,Crematogaster,Crematogaster schencki,myrmicinae,train,data/images/Crematogaster/casent0101786_p.jpg
casent0101787,Hypoponera,Hypoponera indigens,ponerinae,test,data/images/Hypoponera/casent0101787_p.jpg
casent0101788,Camponotus,Camponotus roeseli,formicinae,train,data/images/Camponotus/casent0101788_p.jpg
casent0101789,Tetraponera,Tetraponera rakotonis,pseudomyrmecinae,train,data/images/Tetraponera/casent0101789_p.jpg
casent0101790,Crematogaster,Crematogaster ensifera,myrmicinae,test,data/images/Crematogaster/casent0101790_p.jpg
casent0101791,Technomyrmex,Technomyrmex difficilis,dolichoderinae,train,data/images/Technomyrmex/casent0101791_p.jpg
casent0101792,Hypoponera,Hypoponera indigens,ponerinae,train,data/images/Hypoponera/casent0101792_p.jpg
casent0101795,Leptogenys,,ponerinae,train,data/images/Leptogenys/casent0101795_p.jpg
casent0101798,Leptogenys,Leptogenys angusta,ponerinae,train,data/images/Leptogenys/casent0101798_p.jpg
casent0101802,Crematogaster,Crematogaster marthae,myrmicinae,test,data/images/Crematogaster/casent0101802_p.jpg
casent0101804,Crematogaster,Crematogaster hova,myrmicinae,train,data/images/Crematogaster/casent0101804_p.jpg
casent0101805,Leptogenys,Leptogenys saussurei,ponerinae,test,data/images/Leptogenys/casent0101805_p.jpg
casent0101806,Platythyrea,Platythyrea mocquerysi,ponerinae,test,data/images/Platythyrea/casent0101806_p.jpg
casent0101812,Camponotus,Camponotus dufouri,formicinae,train,data/images/Camponotus/casent0101812_p.jpg
casent0101814,Tetramorium,Tetramorium steinheili,myrmicinae,train,data/images/Tetramorium/casent0101814_p.jpg
casent0101819,Anochetus,Anochetus grandidieri,ponerinae,test,data/images/Anochetus/casent0101819_p.jpg
casent0101821,Tetramorium,Tetramorium andrei,myrmicinae,train,data/images/Tetramorium/casent0101821_p.jpg
casent0101823,Technomyrmex,Technomyrmex difficilis,dolichoderinae,train,data/images/Technomyrmex/casent0101823_p.jpg
casent0101824,Crematogaster,Crematogaster ranavalonae,myrmicinae,test,data/images/Crematogaster/casent0101824_p.jpg
casent0101825,Leptogenys,,ponerinae,test,data/images/Leptogenys/casent0101825_p.jpg
casent0101827,Lioponera,,dorylinae,train,data/images/Lioponera/casent0101827_p.jpg
casent0101828,Camponotus,Camponotus dufouri,formicinae,test,data/images/Camponotus/casent0101828_p.jpg
casent0101829,Pheidole,Pheidole annemariae,myrmicinae,test,data/images/Pheidole/casent0101829_p.jpg
casent0101830,Crematogaster,Crematogaster ranavalonae,myrmicinae,test,data/images/Crematogaster/casent0101830_p.jpg
casent0101831,Lioponera,,dorylinae,train,data/images/Lioponera/casent0101831_p.jpg
casent0101832,Technomyrmex,Technomyrmex madecassus,dolichoderinae,train,data/images/Technomyrmex/casent0101832_p.jpg
casent0101833,Nylanderia,Nylanderia madagascarensis,formicinae,test,data/images/Nylanderia/casent0101833_p.jpg
casent0101834,Leptogenys,Leptogenys angusta,ponerinae,train,data/images/Leptogenys/casent0101834_p.jpg
casent0101836,Crematogaster,Crematogaster rasoherinae,myrmicinae,train,data/images/Crematogaster/casent0101836_p.jpg
casent0101837,Leptogenys,Leptogenys oswaldi,ponerinae,test,data/images/Leptogenys/casent0101837_p.jpg
casent0101838,Pheidole,Pheidole bessonii,myrmicinae,train,data/images/Pheidole/casent0101838_p.jpg
casent0101840,Crematogaster,Crematogaster ranavalonae,myrmicinae,train,data/images/Crematogaster/casent0101840_p.jpg
casent0101841,Lioponera,,dorylinae,train,data/images/Lioponera/casent0101841_p.jpg
casent0101845,Crematogaster,Crematogaster rasoherinae,myrmicinae,train,data/images/Crematogaster/casent0101845_p.jpg
casent0101847,Crematogaster,Crematogaster ranavalonae,myrmicinae,train,data/images/Crematogaster/casent0101847_p.jpg
casent0101850,Camponotus,Camponotus gouldi,formicinae,train,data/images/Camponotus/casent0101850_p.jpg
casent0101851,Camponotus,Camponotus hovahovoides,formicinae,train,data/images/Camponotus/casent0101851_p.jpg
casent0101854,Camponotus,Camponotus butteli,formicinae,train,data/images/Camponotus/casent0101854_p.jpg
casent0101859,Cardiocondyla,Cardiocondyla shuckardi,myrmicinae,train,data/images/Cardiocondyla/casent0101859_p.jpg
casent0101860,Cardiocondyla,Cardiocondyla emeryi,myrmicinae,train,data/images/Cardiocondyla/casent0101860_p.jpg
casent0101861,Crematogaster,Crematogaster agnetis,myrmicinae,test,data/images/Crematogaster/casent0101861_p.jpg
casent0101862,Pachycondyla,Euponera sikorae,ponerinae,train,data/images/Pachycondyla/casent0101862_p.jpg
casent0101864,Platythyrea,Platythyrea mocquerysi,ponerinae,train,data/images/Platythyrea/casent0101864_p.jpg
casent0101866,Crematogaster,Crematogaster madagascariensis,myrmicinae,train,data/images/Crematogaster/casent0101866_p.jpg
casent0101867,Camponotus,Camponotus radamae,formicinae,train,data/images/Camponotus/casent0101867_p.jpg
casent0101869,Pheidole,Pheidole scabrata,myrmicinae,test,data/images/Pheidole/casent0101869_p.jpg
casent0101872,Mystrium,Mystrium rogeri,amblyoponinae,train,data/images/Mystrium/casent0101872_p.jpg
casent0101877,Crematogaster,Crematogaster ranavalonae,myrmicinae,train,data/images/Crematogaster/casent0101877_p.jpg
casent0101878,Crematogaster,Crematogaster ranavalonae,myrmicinae,train,data/images/Crematogaster/casent0101878_p.jpg
casent0101881,Tetraponera,Tetraponera exasciata,pseudomyrmecinae,test,data/images/Tetraponera/casent0101881_p.jpg
casent0101883,Tetraponera,Tetraponera grandidieri,pseudomyrmecinae,train,data/images/Tetraponera/casent0101883_p.jpg
casent0101884,Leptogenys,Leptogenys ridens,ponerinae,train,data/images/Leptogenys/casent0101884_p.jpg
casent0101887,Nylanderia,Nylanderia madagascarensis,formicinae,train,data/images/Nylanderia/casent0101887_p.jpg
casent0101888,Leptogenys,Leptogenys voeltzkowi,ponerinae,train,data/images/Leptogenys/casent0101888_p.jpg
casent0101890,Platythyrea,Platythyrea mocquerysi,ponerinae,train,data/images/Platythyrea/casent0101890_p.jpg
casent0101891,Cardiocondyla,Cardiocondyla shuckardi,myrmicinae,train,data/images/Cardiocondyla/casent0101891_p.jpg
casent0101893,Camponotus,Camponotus mixtellus,formicinae,test,data/images/Camponotus/casent0101893_p.jpg
casent0101897,Pheidole,Pheidole madecassa,myrmicinae,test,data/images/Pheidole/casent0101897_p.jpg
casent0101898,Tetramorium,Tetramorium sikorae,myrmicinae,train,data/images/Tetramorium/casent0101898_p.jpg
casent0101899,Aphaenogaster,Aphaenogaster gonacantha,myrmicinae,train,data/images/Aphaenogaster/casent0101899_p.jpg
casent0101903,Tetramorium,Tetramorium tosii,myrmicinae,train,data/images/Tetramorium/casent0101903_p.jpg
casent0101906,Camponotus,Camponotus hildebrandti,formicinae,train,data/images/Camponotus/casent0101906_p.jpg
casent0101908,Camponotus,Camponotus maculatus,formicinae,train,data/images/Camponotus/casent0101908_p.jpg
casent0101913,Tetraponera,Tetraponera rakotonis,pseudomyrmecinae,train,data/images/Tetraponera/casent0101913_p.jpg
casent0101914,Leptogenys,Leptogenys truncatirostris,ponerinae,train,data/images/Leptogenys/casent0101914_p.jpg
casent0101916,Lioponera,,dorylinae,train,data/images/Lioponera/casent0101916_p.jpg
casent0101919,Camponotus,Camponotus dufouri,formicinae,train,data/images/Camponotus/casent0101919_p.jpg
casent0101924,Camponotus,Camponotus mixtellus,formicinae,train,data/images/Camponotus/casent0101924_p.jpg
casent0101926,Technomyrmex,Technomyrmex mayri,dolichoderinae,train,data/images/Technomyrmex/casent0101926_p.jpg
casent0101927,Nylanderia,Nylanderia humbloti,formicinae,train,data/images/Nylanderia/casent0101927_p.jpg
casent0101931,Camponotus,Camponotus hovahovoides,formicinae,train,data/images/Camponotus/casent0101931_p.jpg
casent0101932,Technomyrmex,Technomyrmex difficilis,dolichoderinae,train,data/images/Technomyrmex/casent0101932_p.jpg
casent0101938,Tetramorium,Tetramorium kelleri,myrmicinae,train,data/images/Tetramorium/casent0101938_p.jpg
casent0101940,Leptogenys,Leptogenys truncatirostris,ponerinae,train,data/images/Leptogenys/casent0101940_p.jpg
casent0101941,Tetraponera,Tetraponera hysterica,pseudomyrmecinae,train,data/images/Tetraponera/casent0101941_p.jpg
casent0101943,Pheidole,Pheidole grallatrix,myrmicinae,test,data/images/Pheidole/casent0101943_p.jpg
casent0101947,Leptogenys,Leptogenys voeltzkowi,ponerinae,train,data/images/Leptogenys/casent0101947_p.jpg
casent0101952,Mystrium,Mystrium voeltzkowi,amblyoponinae,train,data/images/Mystrium/casent0101952_p.jpg
casent0101954,Camponotus,Camponotus hova,formicinae,train,data/images/Camponotus/casent0101954_p.jpg
casent0101955,Hypoponera,Hypoponera indigens,ponerinae,train,data/images/Hypoponera/casent0101955_p.jpg
casent0101957,Anochetus,Anochetus madagascarensis,ponerinae,train,data/images/Anochetus/casent0101957_p.jpg
casent0101958,Hypoponera,Hypoponera indigens,ponerinae,train,data/images/Hypoponera/casent0101958_p.jpg
casent0101960,Technomyrmex,Technomyrmex madecassus,dolichoderinae,test,data/images/Technomyrmex/casent0101960_p.jpg
casent0101969,Lioponera,,dorylinae,train,data/images/Lioponera/casent0101969_p.jpg
casent0101971,Pheidole,Pheidole spinosa,myrmicinae,train,data/images/Pheidole/casent0101971_p.jpg
casent0101972,Leptogenys,Leptogenys angusta,ponerinae,train,data/images/Leptogenys/casent0101972_p.jpg
casent0101974,Technomyrmex,Technomyrmex madecassus,dolichoderinae,train,data/images/Technomyrmex/casent0101974_p.jpg
casent0101975,Leptogenys,Leptogenys truncatirostris,ponerinae,train,data/images/Leptogenys/casent0101975_p.jpg
casent0101979,Tetraponera,Tetraponera mandibularis,pseudomyrmecinae,train,data/images/Tetraponera/casent0101979_p.jpg
casent0101980,Lioponera,,dorylinae,train,data/images/Lioponera/casent0101980_p.jpg
casent0101985,Lioponera,,dorylinae,train,data/images/Lioponera/casent0101985_p.jpg
casent0101986,Odontomachus,Odontomachus coquereli,ponerinae,train,data/images/Odontomachus/casent0101986_p.jpg
casent0101987,Cataulacus,Cataulacus oberthueri,myrmicinae,train,data/images/Cataulacus/casent0101987_p.jpg
casent0101989,Leptogenys,Leptogenys voeltzkowi,ponerinae,train,data/images/Leptogenys/casent0101989_p.jpg
casent0101992,Camponotus,Camponotus becki,formicinae,train,data/images/Camponotus/casent0101992_p.jpg
casent0101993,Mystrium,Mystrium oberthueri,amblyoponinae,test,data/images/Mystrium/casent0101993_p.jpg
casent0101995,Mystrium,Mystrium voeltzkowi,amblyoponinae,train,data/images/Mystrium/casent0101995_p.jpg
casent0101998,Cataulacus,Cataulacus wasmanni,myrmicinae,train,data/images/Cataulacus/casent0101998_p.jpg
casent0102004,Platythyrea,Platythyrea bicuspis,ponerinae,test,data/images/Platythyrea/casent0102004_p.jpg
casent0102005,Platythyrea,Platythyrea bicuspis,ponerinae,train,data/images/Platythyrea/casent0102005_p.jpg
casent0102006,Platythyrea,Platythyrea bicuspis,ponerinae,train,data/images/Platythyrea/casent0102006_p.jpg
casent0102008,Platythyrea,Platythyrea mocquerysi,ponerinae,train,data/images/Platythyrea/casent0102008_p.jpg
casent0102009,Platythyrea,Platythyrea mocquerysi,ponerinae,train,data/images/Platythyrea/casent0102009_p.jpg
casent0102011,Bothroponera,Bothroponera comorensis,ponerinae,train,data/images/Bothroponera/casent0102011_p.jpg
casent0102014,Leptogenys,Leptogenys suarensis,ponerinae,train,data/images/Leptogenys/casent0102014_p.jpg
casent0102015,Leptogenys,Leptogenys antongilensis,ponerinae,test,data/images/Leptogenys/casent0102015_p.jpg
casent0102016,Leptogenys,Leptogenys antongilensis,ponerinae,train,data/images/Leptogenys/casent0102016_p.jpg
casent0102017,Leptogenys,Leptogenys gracilis,ponerinae,train,data/images/Leptogenys/casent0102017_p.jpg
casent0102019,Odontomachus,Odontomachus coquereli,ponerinae,test,data/images/Odontomachus/casent0102019_p.jpg
casent0102021,Odontomachus,Odontomachus coquereli,ponerinae,train,data/images/Odontomachus/casent0102021_p.jpg
casent0102025,Leptogenys,Leptogenys coerulescens,ponerinae,test,data/images/Leptogenys/casent0102025_p.jpg
casent0102026,Leptogenys,Leptogenys coerulescens,ponerinae,train,data/images/Leptogenys/casent0102026_p.jpg
casent0102027,Leptogenys,Leptogenys coerulescens,ponerinae,train,data/images/Leptogenys/casent0102027_p.jpg
casent0102029,Tetraponera,Tetraponera grandidieri,pseudomyrmecinae,train,data/images/Tetraponera/casent0102029_p.jpg
casent0102032,Tetraponera,Tetraponera hysterica,pseudomyrmecinae,train,data/images/Tetraponera/casent0102032_p.jpg
casent0102033,Tetraponera,Tetraponera hysterica,pseudomyrmecinae,train,data/images/Tetraponera/casent0102033_p.jpg
casent0102034,Tetraponera,Tetraponera hysterica,pseudomyrmecinae,train,data/images/Tetraponera/casent0102034_p.jpg
casent0102035,Tetraponera,Tetraponera morondaviensis,pseudomyrmecinae,test,data/images/Tetraponera/casent0102035_p.jpg
casent0102037,Tetraponera,Tetraponera rakotonis,pseudomyrmecinae,test,data/images/Tetraponera/casent0102037_p.jpg
casent0102038,Aphaenogaster,Aphaenogaster gonacantha,myrmicinae,train,data/images/Aphaenogaster/casent0102038_p.jpg
casent0102039,Aphaenogaster,Aphaenogaster gonacantha,myrmicinae,test,data/images/Aphaenogaster/casent0102039_p.jpg
casent0102040,Aphaenogaster,Aphaenogaster gonacantha,myrmicinae,train,data/images/Aphaenogaster/casent0102040_p.jpg
casent0102047,Terataner,Terataner alluaudi,myrmicinae,train,data/images/Terataner/casent0102047_p.jpg
casent0102048,Terataner,Terataner rufipes,myrmicinae,train,data/images/Terataner/casent0102048_p.jpg
casent0102049,Terataner,Terataner rufipes,myrmicinae,train,data/images/Terataner/casent0102049_p.jpg
casent0102053,Crematogaster,Crematogaster madecassa,myrmicinae,train,data/images/Crematogaster/casent0102053_p.jpg
casent0102054,Crematogaster,Crematogaster madecassa,myrmicinae,train,data/images/Crematogaster/casent0102054_p.jpg
casent0102055,Crematogaster,Crematogaster lobata,myrmicinae,train,data/images/Crematogaster/casent0102055_p.jpg
casent0102064,Nesomyrmex,Nesomyrmex sikorai,myrmicinae,train,data/images/Nesomyrmex/casent0102064_p.jpg
casent0102065,Nesomyrmex,Nesomyrmex madecassus,myrmicinae,train,data/images/Nesomyrmex/casent0102065_p.jpg
casent0102066,Meranoplus,Meranoplus radamae,myrmicinae,train,data/images/Meranoplus/casent0102066_p.jpg
casent0102067,Meranoplus,Meranoplus mayri,myrmicinae,test,data/images/Meranoplus/casent0102067_p.jpg
casent0102068,Cataulacus,Cataulacus oberthueri,myrmicinae,train,data/images/Cataulacus/casent0102068_p.jpg
casent0102069,Cataulacus,Cataulacus porcatus,myrmicinae,train,data/images/Cataulacus/casent0102069_p.jpg
casent0102071,Tetramorium,Tetramorium tosii,myrmicinae,train,data/images/Tetramorium/casent0102071_p.jpg
casent0102072,Tetramorium,Tetramorium tosii,myrmicinae,train,data/images/Tetramorium/casent0102072_p.jpg
casent0102078,Tetramorium,Tetramorium severini,myrmicinae,train,data/images/Tetramorium/casent0102078_p.jpg
casent0102092,Camponotus,Camponotus hildebrandti,formicinae,train,data/images/Camponotus/casent0102092_p.jpg
casent0102093,Terataner,Terataner foreli,myrmicinae,train,data/images/Terataner/casent0102093_p.jpg
casent0102096,Camponotus,Camponotus sikorai,formicinae,train,data/images/Camponotus/casent0102096_p.jpg
casent0102097,Camponotus,Camponotus mocquerysi,formicinae,train,data/images/Camponotus/casent0102097_p.jpg
casent0102098,Camponotus,Camponotus mocquerysi,formicinae,train,data/images/Camponotus/casent0102098_p.jpg
casent0102099,Camponotus,Camponotus leveillei,formicinae,train,data/images/Camponotus/casent0102099_p.jpg
casent0102103,Camponotus,Camponotus maculiventris,formicinae,test,data/images/Camponotus/casent0102103_p.jpg
casent0102104,Camponotus,Camponotus maculiventris,formicinae,train,data/images/Camponotus/casent0102104_p.jpg
casent0102106,Camponotus,Camponotus quadrimaculatus,formicinae,train,data/images/Camponotus/casent0102106_p.jpg
casent0102107,Camponotus,Camponotus immaculatus,formicinae,train,data/images/Camponotus/casent0102107_p.jpg
casent0102109,Camponotus,Camponotus quadrimaculatus,formicinae,train,data/images/Camponotus/casent0102109_p.jpg
casent0102110,Camponotus,Camponotus quadrimaculatus,formicinae,train,data/images/Camponotus/casent0102110_p.jpg
casent0102111,Camponotus,Camponotus immaculatus,formicinae,train,data/images/Camponotus/casent0102111_p.jpg
casent0102136,Terataner,Terataner foreli,myrmicinae,train,data/images/Terataner/casent0102136_p.jpg
casent0102139,Hypoponera,Hypoponera johannae,ponerinae,train,data/images/Hypoponera/casent0102139_p.jpg
casent0102164,Lioponera,,dorylinae,train,data/images/Lioponera/casent0102164_p.jpg
casent0102165,Lioponera,,dorylinae,test,data/images/Lioponera/casent0102165_p.jpg
casent0102171,Mystrium,Mystrium mysticum,amblyoponinae,test,data/images/Mystrium/casent0102171_p.jpg
casent0102172,Mystrium,Mystrium rogeri,amblyoponinae,test,data/images/Mystrium/casent0102172_p.jpg
casent0102235,Terataner,Terataner rufipes,myrmicinae,train,data/images/Terataner/casent0102235_p.jpg
casent0102258,Strumigenys,Strumigenys fautrix,myrmicinae,train,data/images/Strumigenys/casent0102258_p.jpg
casent0102259,Strumigenys,,myrmicinae,train,data/images/Strumigenys/casent0102259_p.jpg
casent0102260,Strumigenys,,myrmicinae,train,data/images/Strumigenys/casent0102260_p.jpg
casent0102262,Strumigenys,Strumigenys khakaura,myrmicinae,test,data/images/Strumigenys/casent0102262_p.jpg
casent0102263,Strumigenys,Strumigenys olsoni,myrmicinae,train,data/images/Strumigenys/casent0102263_p.jpg
casent0102265,Strumigenys,,myrmicinae,train,data/images/Strumigenys/casent0102265_p.jpg
casent0102275,Hypoponera,Hypoponera sakalava,ponerinae,train,data/images/Hypoponera/casent0102275_p.jpg
casent0102309,Camponotus,Camponotus cervicalis,formicinae,train,data/images/Camponotus/casent0102309_p.jpg
casent0102310,Camponotus,Camponotus cervicalis,formicinae,test,data/images/Camponotus/casent0102310_p.jpg
casent0102311,Camponotus,Camponotus cervicalis,formicinae,train,data/images/Camponotus/casent0102311_p.jpg
casent0102334,Tetramorium,Tetramorium anodontion,myrmicinae,train,data/images/Tetramorium/casent0102334_p.jpg
casent0102335,Tetramorium,Tetramorium anodontion,myrmicinae,train,data/images/Tetramorium/casent0102335_p.jpg
casent0102336,Tetramorium,Tetramorium scytalum,myrmicinae,train,data/images/Tetramorium/casent0102336_p.jpg
casent0102337,Tetramorium,Tetramorium scytalum,myrmicinae,train,data/images/Tetramorium/casent0102337_p.jpg
casent0102338,Tetramorium,Tetramorium tantillum,myrmicinae,train,data/images/Tetramorium/casent0102338_p.jpg
casent0102339,Tetramorium,Tetramorium kelleri,myrmicinae,train,data/images/Tetramorium/casent0102339_p.jpg
casent0102340,Tetramorium,Tetramorium latreillei,myrmicinae,train,data/images/Tetramorium/casent0102340_p.jpg
casent0102341,Tetramorium,Tetramorium proximum,myrmicinae,train,data/images/Tetramorium/casent0102341_p.jpg
casent0102342,Tetramorium,Tetramorium proximum,myrmicinae,train,data/images/Tetramorium/casent0102342_p.jpg
casent0102343,Tetramorium,Tetramorium cognatum,myrmicinae,test,data/images/Tetramorium/casent0102343_p.jpg
casent0102345,Tetramorium,Tetramorium naganum,myrmicinae,test,data/images/Tetramorium/casent0102345_p.jpg
casent0102346,Tetramorium,Tetramorium naganum,myrmicinae,train,data/images/Tetramorium/casent0102346_p.jpg
casent0102347,Tetramorium,Tetramorium bessonii,myrmicinae,train,data/images/Tetramorium/casent0102347_p.jpg
casent0102348,Tetramorium,Tetramorium dysalum,myrmicinae,train,data/images/Tetramorium/casent0102348_p.jpg
casent0102349,Tetramorium,Tetramorium dysalum,myrmicinae,train,data/images/Tetramorium/casent0102349_p.jpg
casent0102350,Tetramorium,Tetramorium electrum,myrmicinae,train,data/images/Tetramorium/casent0102350_p.jpg
casent0102352,Tetramorium,Tetramorium coillum,myrmicinae,train,data/images/Tetramorium/casent0102352_p.jpg
casent0102353,Tetramorium,Tetramorium quasirum,myrmicinae,train,data/images/Tetramorium/casent0102353_p.jpg
casent0102354,Tetramorium,Tetramorium quasirum,myrmicinae,train,data/images/Tetramorium/casent0102354_p.jpg
casent0102355,Tetramorium,Tetramorium zenatum,myrmicinae,train,data/images/Tetramorium/casent0102355_p.jpg
casent0102385,Tetramorium,Tetramorium sericeiventre,myrmicinae,train,data/images/Tetramorium/casent0102385_p.jpg
casent0102387,Tetramorium,Tetramorium sericeiventre,myrmicinae,train,data/images/Tetramorium/casent0102387_p.jpg
casent0102388,Tetramorium,Tetramorium sericeiventre,myrmicinae,test,data/images/Tetramorium/casent0102388_p.jpg
casent0102392,Tetramorium,Tetramorium ranarum,myrmicinae,test,data/images/Tetramorium/casent0102392_p.jpg
casent0102393,Tetramorium,Tetramorium steinheili,myrmicinae,train,data/images/Tetramorium/casent0102393_p.jpg
casent0102394,Tetramorium,Tetramorium steinheili,myrmicinae,train,data/images/Tetramorium/casent0102394_p.jpg
casent0102395,Tetramorium,Tetramorium andrei,myrmicinae,train,data/images/Tetramorium/casent0102395_p.jpg
casent0102398,Tetramorium,Tetramorium marginatum,myrmicinae,train,data/images/Tetramorium/casent0102398_p.jpg
casent0102399,Tetramorium,Tetramorium pleganon,myrmicinae,train,data/images/Tetramorium/casent0102399_p.jpg
casent0102400,Tetramorium,Tetramorium xanthogaster,myrmicinae,train,data/images/Tetramorium/casent0102400_p.jpg
casent0102401,Tetramorium,Tetramorium merina,myrmicinae,train,data/images/Tetramorium/casent0102401_p.jpg
casent0102402,Tetramorium,Tetramorium sikorae,myrmicinae,train,data/images/Tetramorium/casent0102402_p.jpg
casent0102403,Tetramorium,,myrmicinae,train,data/images/Tetramorium/casent0102403_p.jpg
casent0102404,Tetramorium,Tetramorium bicarinatum,myrmicinae,test,data/images/Tetramorium/casent0102404_p.jpg
casent0102407,Bothroponera,Bothroponera cambouei,ponerinae,train,data/images/Bothroponera/casent0102407_p.jpg
casent0102408,Bothroponera,Bothroponera comorensis,ponerinae,train,data/images/Bothroponera/casent0102408_p.jpg
casent0102409,Bothroponera,Bothroponera wasmannii,ponerinae,train,data/images/Bothroponera/casent0102409_p.jpg
casent0102410,Bothroponera,Bothroponera cambouei,ponerinae,train,data/images/Bothroponera/casent0102410_p.jpg
casent0102411,Bothroponera,Bothroponera cambouei,ponerinae,train,data/images/Bothroponera/casent0102411_p.jpg
casent0102412,Leptogenys,Leptogenys truncatirostris,ponerinae,test,data/images/Leptogenys/casent0102412_p.jpg
casent0102413,Leptogenys,Leptogenys coerulescens,ponerinae,test,data/images/Leptogenys/casent0102413_p.jpg
casent0102414,Leptogenys,,ponerinae,train,data/images/Leptogenys/casent0102414_p.jpg
casent0102415,Camponotus,Camponotus putatus,formicinae,train,data/images/Camponotus/casent0102415_p.jpg
casent0102416,Camponotus,Camponotus putatus,formicinae,train,data/images/Camponotus/casent0102416_p.jpg
casent0102417,Camponotus,Camponotus putatus,formicinae,test,data/images/Camponotus/casent0102417_p.jpg
casent0102418,Camponotus,Camponotus reaumuri,formicinae,test,data/images/Camponotus/casent0102418_p.jpg
casent0102419,Camponotus,Camponotus reaumuri,formicinae,train,data/images/Camponotus/casent0102419_p.jpg
casent0102420,Camponotus,Camponotus reaumuri,formicinae,train,data/images/Camponotus/casent0102420_p.jpg
casent0102421,Camponotus,Camponotus foersteri,formicinae,train,data/images/Camponotus/casent0102421_p.jpg
casent0102422,Camponotus,Camponotus foersteri,formicinae,train,data/images/Camponotus/casent0102422_p.jpg
casent0102423,Camponotus,Camponotus foersteri,formicinae,test,data/images/Camponotus/casent0102423_p.jpg
casent0102426,Camponotus,Camponotus quadrimaculatus,formicinae,train,data/images/Camponotus/casent0102426_p.jpg
casent0102427,Camponotus,Camponotus quadrimaculatus,formicinae,test,data/images/Camponotus/casent0102427_p.jpg
casent0102433,Camponotus,Camponotus immaculatus,formicinae,train,data/images/Camponotus/casent0102433_p.jpg
casent0102434,Camponotus,Camponotus immaculatus,formicinae,train,data/images/Camponotus/casent0102434_p.jpg
casent0102435,Camponotus,Camponotus quadrimaculatus,formicinae,train,data/images/Camponotus/casent0102435_p.jpg
casent0102436,Camponotus,Camponotus quadrimaculatus,formicinae,train,data/images/Camponotus/casent0102436_p.jpg
casent0102437,Camponotus,Camponotus repens,formicinae,train,data/images/Camponotus/casent0102437_p.jpg
casent0102438,Camponotus,Camponotus repens,formicinae,train,data/images/Camponotus/casent0102438_p.jpg
casent0102439,Camponotus,Camponotus repens,formicinae,train,data/images/Camponotus/casent0102439_p.jpg
casent0102440,Camponotus,Camponotus ellioti,formicinae,train,data/images/Camponotus/casent0102440_p.jpg
casent0102441,Camponotus,Camponotus nossibeensis,formicinae,train,data/images/Camponotus/casent0102441_p.jpg
casent0102442,Camponotus,Camponotus quadrimaculatus,formicinae,test,data/images/Camponotus/casent0102442_p.jpg
casent0102443,Camponotus,Camponotus quadrimaculatus,formicinae,test,data/images/Camponotus/casent0102443_p.jpg
casent0102452,Camponotus,Camponotus grandidieri,formicinae,train,data/images/Camponotus/casent0102452_p.jpg
casent0102930,Platythyrea,Platythyrea bicuspis,ponerinae,test,data/images/Platythyrea/casent0102930_p.jpg
casent0102931,Anochetus,Anochetus grandidieri,ponerinae,train,data/images/Anochetus/casent0102931_p.jpg
casent0102932,Anochetus,Anochetus madagascarensis,ponerinae,train,data/images/Anochetus/casent0102932_p.jpg
casent0102933,Anochetus,Anochetus madagascarensis,ponerinae,test,data/images/Anochetus/casent0102933_p.jpg
casent0102938,Crematogaster,Crematogaster madagascariensis,myrmicinae,train,data/images/Crematogaster/casent0102938_p.jpg
casent0102939,Crematogaster,Crematogaster marthae,myrmicinae,train,data/images/Crematogaster/casent0102939_p.jpg
casent0102941,Crematogaster,Crematogaster degeeri,myrmicinae,train,data/images/Crematogaster/casent0102941_p.jpg
casent0102955,Crematogaster,Crematogaster hova,myrmicinae,train,data/images/Crematogaster/casent0102955_p.jpg
casent0102956,Crematogaster,Crematogaster schencki,myrmicinae,train,data/images/Crematogaster/casent0102956_p.jpg
casent0102957,Crematogaster,Crematogaster ranavalonae,myrmicinae,train,data/images/Crematogaster/casent0102957_p.jpg
casent0102970,Crematogaster,Crematogaster castanea,myrmicinae,train,data/images/Crematogaster/casent0102970_p.jpg
casent0102977,Nylanderia,Nylanderia madagascarensis,formicinae,train,data/images/Nylanderia/casent0102977_p.jpg
casent0102983,Tetramorium,Tetramorium nazgul,myrmicinae,train,data/images/Tetramorium/casent0102983_p.jpg
casent0102984,Cataulacus,Cataulacus ebrardi,myrmicinae,train,data/images/Cataulacus/casent0102984_p.jpg
casent0102996,Platythyrea,Platythyrea mocquerysi,ponerinae,train,data/images/Platythyrea/casent0102996_p.jpg
casent0103270,Technomyrmex,Technomyrmex curiosus,dolichoderinae,train,data/images/Technomyrmex/casent0103270_p.jpg
casent0103296,Pheidole,Pheidole spinosa,myrmicinae,train,data/images/Pheidole/casent0103296_p.jpg
casent0103297,Pheidole,Pheidole spinosa,myrmicinae,train,data/images/Pheidole/casent0103297_p.jpg
casent0103307,Pheidole,Pheidole spinosa,myrmicinae,train,data/images/Pheidole/casent0103307_p.jpg
casent0103308,Pheidole,Pheidole spinosa,myrmicinae,train,data/images/Pheidole/casent0103308_p.jpg
casent0103323,Tapinoma,Tapinoma melanocephalum,dolichoderinae,train,data/images/Tapinoma/casent0103323_p.jpg
casent0104343,Technomyrmex,Technomyrmex albipes,dolichoderinae,train,data/images/Technomyrmex/casent0104343_p.jpg
casent0104542,Anochetus,Anochetus boltoni,ponerinae,train,data/images/Anochetus/casent0104542_p.jpg
casent0104543,Anochetus,Anochetus goodmani,ponerinae,train,data/images/Anochetus/casent0104543_p.jpg
casent0104547,Anochetus,Anochetus madagascarensis,ponerinae,test,data/images/Anochetus/casent0104547_p.jpg
casent0104548,Anochetus,Anochetus goodmani,ponerinae,test,data/images/Anochetus/casent0104548_p.jpg
casent0104549,Odontomachus,Odontomachus coquereli,ponerinae,test,data/images/Odontomachus/casent0104549_p.jpg
casent0104550,Odontomachus,Odontomachus coquereli,ponerinae,train,data/images/Odontomachus/casent0104550_p.jpg
casent0104551,Odontomachus,Odontomachus coquereli,ponerinae,train,data/images/Odontomachus/casent0104551_p.jpg
casent0104552,Odontomachus,Odontomachus coquereli,ponerinae,train,data/images/Odontomachus/casent0104552_p.jpg
casent0104554,Anochetus,Anochetus madagascarensis,ponerinae,train,data/images/Anochetus/casent0104554_p.jpg
casent0104555,Mystrium,Mystrium rogeri,amblyoponinae,train,data/images/Mystrium/casent0104555_p.jpg
casent0104556,Mystrium,Mystrium rogeri,amblyoponinae,train,data/images/Mystrium/casent0104556_p.jpg
casent0104557,Mystrium,Mystrium mysticum,amblyoponinae,train,data/images/Mystrium/casent0104557_p.jpg
casent0104560,Mystrium,Mystrium rogeri,amblyoponinae,train,data/images/Mystrium/casent0104560_p.jpg
casent0104561,Mystrium,Mystrium mysticum,amblyoponinae,train,data/images/Mystrium/casent0104561_p.jpg
casent0104562,Mystrium,Mystrium mysticum,amblyoponinae,train,data/images/Mystrium/casent0104562_p.jpg
casent0104563,Mystrium,Mystrium voeltzkowi,amblyoponinae,train,data/images/Mystrium/casent0104563_p.jpg
casent0104564,Leptogenys,Leptogenys voeltzkowi,ponerinae,train,data/images/Leptogenys/casent0104564_p.jpg
casent0104582,Lioponera,,dorylinae,train,data/images/Lioponera/casent0104582_p.jpg
casent0104583,Lioponera,,dorylinae,test,data/images/Lioponera/casent0104583_p.jpg
casent0104587,Crematogaster,Crematogaster ensifera,myrmicinae,train,data/images/Crematogaster/casent0104587_p.jpg
casent0104593,Crematogaster,Crematogaster kelleri,myrmicinae,train,data/images/Crematogaster/casent0104593_p.jpg
casent0104594,Pheidole,Pheidole spinosa,myrmicinae,train,data/images/Pheidole/casent0104594_p.jpg
casent0104595,Pheidole,Pheidole spinosa,myrmicinae,train,data/images/Pheidole/casent0104595_p.jpg
casent0104596,Pheidole,Pheidole annemariae,myrmicinae,train,data/images/Pheidole/casent0104596_p.jpg
casent0104597,Pheidole,Pheidole annemariae,myrmicinae,train,data/images/Pheidole/casent0104597_p.jpg
casent0104600,Pheidole,Pheidole ensifera,myrmicinae,train,data/images/Pheidole/casent0104600_p.jpg
casent0104601,Pheidole,Pheidole ensifera,myrmicinae,train,data/images/Pheidole/casent0104601_p.jpg
casent0104604,Pheidole,Pheidole indica,myrmicinae,train,data/images/Pheidole/casent0104604_p.jpg
casent0104605,Pheidole,Pheidole indica,myrmicinae,train,data/images/Pheidole/casent0104605_p.jpg
casent0104606,Tetramorium,Tetramorium bessonii,myrmicinae,train,data/images/Tetramorium/casent0104606_p.jpg
casent0104607,Tetramorium,Tetramorium kelleri,myrmicinae,train,data/images/Tetramorium/casent0104607_p.jpg
casent0104611,Meranoplus,Meranoplus radamae,myrmicinae,train,data/images/Meranoplus/casent0104611_p.jpg
casent0104621,Camponotus,Camponotus robustus,formicinae,test,data/images/Camponotus/casent0104621_p.jpg
casent0104622,Camponotus,Camponotus robustus,formicinae,test,data/images/Camponotus/casent0104622_p.jpg
casent0104623,Camponotus,Camponotus repens,formicinae,train,data/images/Camponotus/casent0104623_p.jpg
casent0104626,Camponotus,Camponotus darwinii,formicinae,train,data/images/Camponotus/casent0104626_p.jpg
casent0104627,Camponotus,Camponotus darwinii,formicinae,train,data/images/Camponotus/casent0104627_p.jpg
casent0104628,Camponotus,Camponotus darwinii,formicinae,test,data/images/Camponotus/casent0104628_p.jpg
casent0104629,Camponotus,Camponotus darwinii,formicinae,train,data/images/Camponotus/casent0104629_p.jpg
casent0104632,Camponotus,Camponotus hagensii,formicinae,train,data/images/Camponotus/casent0104632_p.jpg
casent0104633,Camponotus,Camponotus hagensii,formicinae,train,data/images/Camponotus/casent0104633_p.jpg
casent0104634,Camponotus,Camponotus cervicalis,formicinae,train,data/images/Camponotus/casent0104634_p.jpg
casent0104638,Camponotus,Camponotus maculatus,formicinae,train,data/images/Camponotus/casent0104638_p.jpg
casent0104639,Camponotus,Camponotus maculatus,formicinae,train,data/images/Camponotus/casent0104639_p.jpg
casent0104640,Camponotus,Camponotus maculatus,formicinae,train,data/images/Camponotus/casent0104640_p.jpg
casent0104641,Camponotus,Camponotus maculatus,formicinae,train,data/images/Camponotus/casent0104641_p.jpg
casent0104642,Nylanderia,Nylanderia humbloti,formicinae,train,data/images/Nylanderia/casent0104642_p.jpg
casent0104643,Nylanderia,Nylanderia madagascarensis,formicinae,train,data/images/Nylanderia/casent0104643_p.jpg
casent0104646,Technomyrmex,Technomyrmex madecassus,dolichoderinae,train,data/images/Technomyrmex/casent0104646_p.jpg
casent0104647,Camponotus,Camponotus imitator,formicinae,train,data/images/Camponotus/casent0104647_p.jpg
casent0106094,Platythyrea,Platythyrea mocquerysi,ponerinae,train,data/images/Platythyrea/casent0106094_p.jpg
casent0106134,Tetraponera,,pseudomyrmecinae,train,data/images/Tetraponera/casent0106134_p.jpg
casent0107566,Aphaenogaster,Aphaenogaster gonacantha,myrmicinae,test,data/images/Aphaenogaster/casent0107566_p.jpg
casent0110604,Terataner,Terataner steinheili,myrmicinae,test,data/images/Terataner/casent0110604_p.jpg
casent0121078,Crematogaster,Crematogaster tricolor,myrmicinae,train,data/images/Crematogaster/casent0121078_p.jpg
casent0121244,Tetramorium,Tetramorium smaug,myrmicinae,train,data/images/Tetramorium/casent0121244_p.jpg
casent0121525,Camponotus,Camponotus themistocles,formicinae,test,data/images/Camponotus/casent0121525_d.jpg
casent0125609,Technomyrmex,Technomyrmex vitiensis,dolichoderinae,train,data/images/Technomyrmex/casent0125609_p.jpg
casent0128362,Royidris,Royidris singularis,myrmicinae,test,data/images/Royidris/casent0128362_p.jpg
casent0128740,Technomyrmex,Technomyrmex madecassus,dolichoderinae,train,data/images/Technomyrmex/casent0128740_p.jpg
casent0128782,Tapinoma,Tapinoma pallipes,dolichoderinae,train,data/images/Tapinoma/casent0128782_p.jpg
casent0136347,Cataulacus,Cataulacus oberthueri,myrmicinae,train,data/images/Cataulacus/casent0136347_p.jpg
casent0136420,Tetraponera,,pseudomyrmecinae,train,data/images/Tetraponera/casent0136420_p.jpg
casent0136493,Mystrium,Mystrium oberthueri,amblyoponinae,train,data/images/Mystrium/casent0136493_p.jpg
casent0136912,Tetraponera,,pseudomyrmecinae,train,data/images/Tetraponera/casent0136912_p.jpg
casent0140925,Crematogaster,Crematogaster malala,myrmicinae,train,data/images/Crematogaster/casent0140925_p.jpg
casent0141843,Mystrium,Mystrium voeltzkowi,amblyoponinae,train,data/images/Mystrium/casent0141843_p.jpg
casent0145284,Camponotus,Camponotus tendryi,formicinae,train,data/images/Camponotus/casent0145284_p.jpg
casent0148842,Monomorium,Monomorium exiguum,myrmicinae,train,data/images/Monomorium/casent0148842_p.jpg
casent0150215,Camponotus,Camponotus hova,formicinae,train,data/images/Camponotus/casent0150215_p.jpg
casent0153610,Tetramorium,Tetramorium cognatum,myrmicinae,train,data/images/Tetramorium/casent0153610_p.jpg
casent0161442,Pheidole,Pheidole mantadioflava,myrmicinae,test,data/images/Pheidole/casent0161442_p.jpg
casent0163357,Tetramorium,,myrmicinae,train,data/images/Tetramorium/casent0163357_p.jpg
casent0164205,Pachycondyla,,ponerinae,train,data/images/Pachycondyla/casent0164205_p.jpg
casent0172602,Mystrium,Mystrium rogeri,amblyoponinae,train,data/images/Mystrium/casent0172602_p.jpg
casent0172819,Crematogaster,Crematogaster dentata,myrmicinae,train,data/images/Crematogaster/casent0172819_p.jpg
casent0172822,Crematogaster,Crematogaster schencki,myrmicinae,train,data/images/Crematogaster/casent0172822_p.jpg
casent0172826,Terataner,Terataner steinheili,myrmicinae,test,data/images/Terataner/casent0172826_p.jpg
casent0172827,Terataner,Terataner steinheili,myrmicinae,train,data/images/Terataner/casent0172827_p.jpg
casent0172829,Tetramorium,Tetramorium isectum,myrmicinae,test,data/images/Tetramorium/casent0172829_p.jpg
casent0172830,Tetramorium,Tetramorium ibycterum,myrmicinae,train,data/images/Tetramorium/casent0172830_p.jpg
casent0172831,Tetramorium,Tetramorium plesiarum,myrmicinae,test,data/images/Tetramorium/casent0172831_p.jpg
casent0172864,Syllophopsis,Syllophopsis adiastolon,myrmicinae,train,data/images/Syllophopsis/casent0172864_p.jpg
casent0172919,Syllophopsis,,myrmicinae,test,data/images/Syllophopsis/casent0172919_p.jpg
casent0173078,Lioponera,,dorylinae,train,data/images/Lioponera/casent0173078_p.jpg
casent0173211,Crematogaster,Crematogaster madecassa,myrmicinae,train,data/images/Crematogaster/casent0173211_p.jpg
casent0173312,Pheidole,Pheidole spinosa,myrmicinae,train,data/images/Pheidole/casent0173312_p.jpg
casent0173547,Monomorium,Monomorium bifidoclypeatum,myrmicinae,train,data/images/Monomorium/casent0173547_p.jpg
casent0173584,Monomorium,Monomorium cryptobium,myrmicinae,train,data/images/Monomorium/casent0173584_p.jpg
casent0173588,Syllophopsis,Syllophopsis ferodens,myrmicinae,train,data/images/Syllophopsis/casent0173588_p.jpg
casent0173589,Monomorium,Monomorium bifidoclypeatum,myrmicinae,train,data/images/Monomorium/casent0173589_p.jpg
casent0173590,Syllophopsis,Syllophopsis gongromos,myrmicinae,train,data/images/Syllophopsis/casent0173590_p.jpg
casent0173591,Syllophopsis,Syllophopsis infusca,myrmicinae,test,data/images/Syllophopsis/casent0173591_p.jpg
casent0173593,Monomorium,Monomorium bifidoclypeatum,myrmicinae,train,data/images/Monomorium/casent0173593_p.jpg
casent0173599,Monomorium,Monomorium micrommaton,myrmicinae,train,data/images/Monomorium/casent0173599_p.jpg
casent0178196,Aphaenogaster,Aphaenogaster swammerdami,myrmicinae,train,data/images/Aphaenogaster/casent0178196_p.jpg
casent0178903,Cataulacus,Cataulacus intrudens,myrmicinae,train,data/images/Cataulacus/casent0178903_p.jpg
casent0179448,Camponotus,Camponotus becki,formicinae,test,data/images/Camponotus/casent0179448_p.jpg
casent0189276,Nesomyrmex,Nesomyrmex flavus,myrmicinae,train,data/images/Nesomyrmex/casent0189276_p.jpg
casent0189277,Nesomyrmex,Nesomyrmex sikorai,myrmicinae,train,data/images/Nesomyrmex/casent0189277_p.jpg
casent0192117,Camponotus,Camponotus dufouri,formicinae,train,data/images/Camponotus/casent0192117_p.jpg
casent0193045,Crematogaster,Crematogaster lobata,myrmicinae,train,data/images/Crematogaster/casent0193045_d.jpg
casent0195294,Camponotus,Camponotus repens,formicinae,train,data/images/Camponotus/casent0195294_p.jpg
casent0198009,Pheidole,Pheidole maro,myrmicinae,train,data/images/Pheidole/casent0198009_p.jpg
casent0209055,Camponotus,Camponotus imitator,formicinae,train,data/images/Camponotus/casent0209055_p.jpg
casent0217757,Tetramorium,Tetramorium cognatum,myrmicinae,test,data/images/Tetramorium/casent0217757_p.jpg
casent0230800,Pheidole,Pheidole flavodepressa,myrmicinae,train,data/images/Pheidole/casent0230800_p.jpg
casent0235036,Pheidole,Pheidole tenebrovulgaris,myrmicinae,train,data/images/Pheidole/casent0235036_p.jpg
casent0274442,Syllophopsis,Syllophopsis fisheri,myrmicinae,train,data/images/Syllophopsis/casent0274442_d.jpg
casent0274827,Cataulacus,Cataulacus porcatus,myrmicinae,train,data/images/Cataulacus/casent0274827_p.jpg
casent0291293,Syllophopsis,,myrmicinae,train,data/images/Syllophopsis/casent0291293_p.jpg
casent0299307,Pheidole,Pheidole maro,myrmicinae,train,data/images/Pheidole/casent0299307_p.jpg
casent0300018,Camponotus,Camponotus vano,formicinae,train,data/images/Camponotus/casent0300018_p.jpg
casent0300904,Pachycondyla,Euponera sikorae,ponerinae,test,data/images/Pachycondyla/casent0300904_p.jpg
casent0317397,Mystrium,Mystrium eques,amblyoponinae,test,data/images/Mystrium/casent0317397_p.jpg
casent0317582,Mystrium,Mystrium mirror,amblyoponinae,test,data/images/Mystrium/casent0317582_p.jpg
casent0317758,Crematogaster,Crematogaster maina,myrmicinae,train,data/images/Crematogaster/casent0317758_p.jpg
casent0317759,Crematogaster,Crematogaster maina,myrmicinae,test,data/images/Crematogaster/casent0317759_p.jpg
casent0318920,Mystrium,Mystrium shadow,amblyoponinae,train,data/images/Mystrium/casent0318920_p.jpg
casent0389498,Pachycondyla,Pachycondyla darwinii,ponerinae,train,data/images/Pachycondyla/casent0389498_p.jpg
casent0393113,Nesomyrmex,Nesomyrmex flavus,myrmicinae,train,data/images/Nesomyrmex/casent0393113_p.jpg
casent0393121,Nesomyrmex,Nesomyrmex striatus,myrmicinae,train,data/images/Nesomyrmex/casent0393121_p.jpg
casent0401520,Monomorium,Monomorium flavimembra,myrmicinae,train,data/images/Monomorium/casent0401520_p.jpg
casent0403269,Pheidole,Pheidole similis,myrmicinae,train,data/images/Pheidole/casent0403269_p.jpg
casent0408976,Camponotus,Camponotus lamosy,formicinae,train,data/images/Camponotus/casent0408976_p.jpg
casent0409559,Tetraponera,Tetraponera variegata,pseudomyrmecinae,test,data/images/Tetraponera/casent0409559_p.jpg
casent0410131,Bothroponera,Bothroponera cambouei,ponerinae,train,data/images/Bothroponera/casent0410131_p.jpg
casent0410152,Bothroponera,,ponerinae,train,data/images/Bothroponera/casent0410152_p.jpg
casent0410164,Bothroponera,Bothroponera comorensis,ponerinae,train,data/images/Bothroponera/casent0410164_p.jpg
casent0412167,Monomorium,Monomorium termitobium,myrmicinae,train,data/images/Monomorium/casent0412167_p.jpg
casent0416250,Platythyrea,Platythyrea arthuri,ponerinae,train,data/images/Platythyrea/casent0416250_p.jpg
casent0416368,Anochetus,Anochetus goodmani,ponerinae,train,data/images/Anochetus/casent0416368_p.jpg
casent0419034,Technomyrmex,Technomyrmex difficilis,dolichoderinae,train,data/images/Technomyrmex/casent0419034_p.jpg
casent0419194,Technomyrmex,Technomyrmex difficilis,dolichoderinae,train,data/images/Technomyrmex/casent0419194_p.jpg
casent0421554,Aphaenogaster,Aphaenogaster swammerdami,myrmicinae,train,data/images/Aphaenogaster/casent0421554_p.jpg
casent0422630,Nesomyrmex,Nesomyrmex nitidus,myrmicinae,train,data/images/Nesomyrmex/casent0422630_p.jpg
casent0423124,Crematogaster,Crematogaster lobata,myrmicinae,train,data/images/Crematogaster/casent0423124_p.jpg
casent0429930,Mystrium,Mystrium mysticum,amblyoponinae,test,data/images/Mystrium/casent0429930_p.jpg
casent0429953,Mystrium,Mystrium mysticum,amblyoponinae,train,data/images/Mystrium/casent0429953_p.jpg
casent0429955,Mystrium,Mystrium mysticum,amblyoponinae,train,data/images/Mystrium/casent0429955_p.jpg
casent0430421,Meranoplus,Meranoplus mayri,myrmicinae,train,data/images/Meranoplus/casent0430421_p.jpg
casent0430841,Syllophopsis,Syllophopsis fisheri,myrmicinae,train,data/images/Syllophopsis/casent0430841_p.jpg
casent0433301,Monomorium,Monomorium versicolor,myrmicinae,train,data/images/Monomorium/casent0433301_p.jpg
casent0435387,Technomyrmex,Technomyrmex fisheri,dolichoderinae,test,data/images/Technomyrmex/casent0435387_p.jpg
casent0435450,Technomyrmex,Technomyrmex docens,dolichoderinae,train,data/images/Technomyrmex/casent0435450_p.jpg
casent0435894,Cataulacus,Cataulacus oberthueri,myrmicinae,train,data/images/Cataulacus/casent0435894_p.jpg
casent0435903,Cataulacus,Cataulacus oberthueri,myrmicinae,train,data/images/Cataulacus/casent0435903_p.jpg
casent0436719,Strumigenys,Strumigenys chroa,myrmicinae,train,data/images/Strumigenys/casent0436719_p.jpg
casent0439766,Technomyrmex,Technomyrmex docens,dolichoderinae,train,data/images/Technomyrmex/casent0439766_p.jpg
casent0442208,Monomorium,Monomorium lepidum,myrmicinae,test,data/images/Monomorium/casent0442208_p.jpg
casent0442524,Monomorium,Monomorium versicolor,myrmicinae,train,data/images/Monomorium/casent0442524_p.jpg
casent0443365,Technomyrmex,Technomyrmex innocens,dolichoderinae,test,data/images/Technomyrmex/casent0443365_p.jpg
casent0443515,Nesomyrmex,Nesomyrmex spinosus,myrmicinae,train,data/images/Nesomyrmex/casent0443515_p.jpg
casent0446582,Terataner,Terataner rufipes,myrmicinae,train,data/images/Terataner/casent0446582_p.jpg
casent0447670,Anochetus,Anochetus madagascarensis,ponerinae,train,data/images/Anochetus/casent0447670_p.jpg
casent0451074,Technomyrmex,Technomyrmex voeltzkowi,dolichoderinae,train,data/images/Technomyrmex/casent0451074_p.jpg
casent0451572,Bothroponera,Bothroponera cambouei,ponerinae,train,data/images/Bothroponera/casent0451572_p.jpg
casent0453961,Tapinoma,Tapinoma subtile,dolichoderinae,train,data/images/Tapinoma/casent0453961_p.jpg
casent0453991,Tapinoma,Tapinoma subtile,dolichoderinae,test,data/images/Tapinoma/casent0453991_p.jpg
casent0454495,Tetramorium,Tetramorium ryanphelanae,myrmicinae,test,data/images/Tetramorium/casent0454495_p.jpg
casent0455428,Nesomyrmex,Nesomyrmex medusus,myrmicinae,train,data/images/Nesomyrmex/casent0455428_p.jpg
casent0456151,Strumigenys,,myrmicinae,train,data/images/Strumigenys/casent0456151_p.jpg
casent0456886,Tapinoma,Tapinoma pallipes,dolichoderinae,train,data/images/Tapinoma/casent0456886_p.jpg
casent0467063,Tetramorium,Tetramorium kelleri,myrmicinae,test,data/images/Tetramorium/casent0467063_p.jpg
casent0470383,Monomorium,Monomorium termitobium,myrmicinae,train,data/images/Monomorium/casent0470383_p.jpg
casent0470747,Monomorium,Monomorium exiguum,myrmicinae,test,data/images/Monomorium/casent0470747_p.jpg
casent0475908,Monomorium,Monomorium sakalavum,myrmicinae,train,data/images/Monomorium/casent0475908_p.jpg
casent0478937,Syllophopsis,Syllophopsis ferodens,myrmicinae,train,data/images/Syllophopsis/casent0478937_p.jpg
casent0481865,Monomorium,Monomorium destructor,myrmicinae,train,data/images/Monomorium/casent0481865_p.jpg
casent0481867,Monomorium,Monomorium destructor,myrmicinae,train,data/images/Monomorium/casent0481867_p.jpg
casent0481871,Monomorium,Monomorium floricola,myrmicinae,train,data/images/Monomorium/casent0481871_p.jpg
casent0485349,Technomyrmex,Technomyrmex fisheri,dolichoderinae,train,data/images/Technomyrmex/casent0485349_p.jpg
casent0485542,Technomyrmex,Technomyrmex innocens,dolichoderinae,train,data/images/Technomyrmex/casent0485542_p.jpg
casent0486683,Meranoplus,Meranoplus radamae,myrmicinae,train,data/images/Meranoplus/casent0486683_p.jpg
casent0486686,Meranoplus,Meranoplus radamae,myrmicinae,train,data/images/Meranoplus/casent0486686_p.jpg
casent0487130,Nesomyrmex,Nesomyrmex madecassus,myrmicinae,train,data/images/Nesomyrmex/casent0487130_p.jpg
casent0487142,Nesomyrmex,Nesomyrmex madecassus,myrmicinae,train,data/images/Nesomyrmex/casent0487142_p.jpg
casent0487553,Cataulacus,Cataulacus ebrardi,myrmicinae,test,data/images/Cataulacus/casent0487553_p.jpg
casent0487725,Camponotus,Camponotus dufouri,formicinae,train,data/images/Camponotus/casent0487725_p.jpg
casent0487769,Cataulacus,Cataulacus regularis,myrmicinae,train,data/images/Cataulacus/casent0487769_p.jpg
casent0487770,Cataulacus,Cataulacus regularis,myrmicinae,train,data/images/Cataulacus/casent0487770_p.jpg
casent0487847,Pachycondyla,Euponera sikorae,ponerinae,train,data/images/Pachycondyla/casent0487847_p.jpg
casent0489647,Aphaenogaster,Aphaenogaster swammerdami,myrmicinae,train,data/images/Aphaenogaster/casent0489647_p.jpg
casent0490190,Monomorium,Monomorium madecassum,myrmicinae,train,data/images/Monomorium/casent0490190_p.jpg
casent0491274,Cataulacus,Cataulacus ebrardi,myrmicinae,train,data/images/Cataulacus/casent0491274_p.jpg
casent0491318,Cataulacus,Cataulacus ebrardi,myrmicinae,train,data/images/Cataulacus/casent0491318_p.jpg
casent0491427,Pheidole,Pheidole bessonii,myrmicinae,train,data/images/Pheidole/casent0491427_p.jpg
casent0491610,Syllophopsis,Syllophopsis fisheri,myrmicinae,train,data/images/Syllophopsis/casent0491610_p.jpg
casent0492794,Tetramorium,Tetramorium obiwan,myrmicinae,train,data/images/Tetramorium/casent0492794_p.jpg
casent0492837,Crematogaster,Crematogaster alafara,myrmicinae,train,data/images/Crematogaster/casent0492837_p.jpg
casent0492888,Camponotus,Camponotus varatra,formicinae,train,data/images/Camponotus/casent0492888_p.jpg
casent0494141,Hypoponera,Hypoponera sakalava,ponerinae,train,data/images/Hypoponera/casent0494141_p.jpg
casent0494149,Tetramorium,Tetramorium severini,myrmicinae,train,data/images/Tetramorium/casent0494149_p.jpg
casent0494701,Pheidole,Pheidole praegrandis,myrmicinae,train,data/images/Pheidole/casent0494701_p.jpg
casent0495513,Bothroponera,Bothroponera cambouei,ponerinae,train,data/images/Bothroponera/casent0495513_p.jpg
casent0497202,Pachycondyla,Euponera sikorae,ponerinae,train,data/images/Pachycondyla/casent0497202_p.jpg
casent0497580,Anochetus,Anochetus grandidieri,ponerinae,train,data/images/Anochetus/casent0497580_p.jpg
casent0497789,Platythyrea,Platythyrea bicuspis,ponerinae,train,data/images/Platythyrea/casent0497789_p.jpg
casent0498309,Anochetus,Anochetus goodmani,ponerinae,train,data/images/Anochetus/casent0498309_p.jpg
casent0498428,Aphaenogaster,Aphaenogaster swammerdami,myrmicinae,train,data/images/Aphaenogaster/casent0498428_p.jpg
casent0498535,Platythyrea,Platythyrea arthuri,ponerinae,train,data/images/Platythyrea/casent0498535_p.jpg
casent0498558,Cataulacus,Cataulacus wasmanni,myrmicinae,train,data/images/Cataulacus/casent0498558_p.jpg
casent0498567,Cataulacus,Cataulacus wasmanni,myrmicinae,test,data/images/Cataulacus/casent0498567_p.jpg
casent0498593,Anochetus,Anochetus madagascarensis,ponerinae,train,data/images/Anochetus/casent0498593_p.jpg
casent0498885,Crematogaster,Crematogaster kelleri,myrmicinae,train,data/images/Crematogaster/casent0498885_p.jpg
casent0498916,Camponotus,Camponotus sada,formicinae,train,data/images/Camponotus/casent0498916_p.jpg
casent0499051,Camponotus,Camponotus raina,formicinae,train,data/images/Camponotus/casent0499051_p.jpg
casent0499163,Terataner,Terataner alluaudi,myrmicinae,train,data/images/Terataner/casent0499163_p.jpg
casent0499525,Odontomachus,Odontomachus coquereli,ponerinae,train,data/images/Odontomachus/casent0499525_p.jpg
casent0499794,Technomyrmex,Technomyrmex mayri,dolichoderinae,test,data/images/Technomyrmex/casent0499794_p.jpg
casent0499800,Strumigenys,Strumigenys dicomas,myrmicinae,train,data/images/Strumigenys/casent0499800_p.jpg
casent0704282,Pheidole,Pheidole masoandro,myrmicinae,test,data/images/Pheidole/casent0704282_p.jpg
casent0720924,Pheidole,Pheidole ambohimanga,myrmicinae,train,data/images/Pheidole/casent0720924_p.jpg
casent0808080,Pheidole,Pheidole ovalinoda,myrmicinae,test,data/images/Pheidole/casent0808080_p.jpg
casent0812061,Cardiocondyla,Cardiocondyla emeryi,myrmicinae,test,data/images/Cardiocondyla/casent0812061_p.jpg
casent0822320,Aphaenogaster,Aphaenogaster swammerdami,myrmicinae,train,data/images/Aphaenogaster/casent0822320_p.jpg
casent0840847,Pachycondyla,Pachycondyla perroti,ponerinae,train,data/images/Pachycondyla/casent0840847_p.jpg
casent0905276,Camponotus,Camponotus maculatus,formicinae,train,data/images/Camponotus/casent0905276_p.jpg
casent0905277,Camponotus,Camponotus maculatus,formicinae,train,data/images/Camponotus/casent0905277_p.jpg
casent0906497,Pheidole,Pheidole maro,myrmicinae,train,data/images/Pheidole/casent0906497_p.jpg
casent0906905,Mystrium,Mystrium rogeri,amblyoponinae,train,data/images/Mystrium/casent0906905_p.jpg
casent0919664,Crematogaster,Crematogaster castanea,myrmicinae,train,data/images/Crematogaster/casent0919664_p.jpg
casent0919845,Nesomyrmex,Nesomyrmex cingulatus,myrmicinae,test,data/images/Nesomyrmex/casent0919845_p.jpg
casent0923194,Pheidole,Pheidole sikorae,myrmicinae,train,data/images/Pheidole/casent0923194_p.jpg
casent0923257,Pheidole,Pheidole alina,myrmicinae,train,data/images/Pheidole/casent0923257_p.jpg
casent0923269,Pheidole,Pheidole indica,myrmicinae,train,data/images/Pheidole/casent0923269_p.jpg
casent0923292,Pheidole,Pheidole mahamavo,myrmicinae,test,data/images/Pheidole/casent0923292_p.jpg
casent0923322,Pheidole,Pheidole sikorae,myrmicinae,train,data/images/Pheidole/casent0923322_p.jpg
casent0923668,Tapinoma,Tapinoma glaesaria,dolichoderinae,train,data/images/Tapinoma/casent0923668_p.jpg
focol2361,Camponotus,Camponotus maculatus,formicinae,train,data/images/Camponotus/focol2361_p.jpg
focol2362,Camponotus,Camponotus maculatus,formicinae,train,data/images/Camponotus/focol2362_p.jpg
focol2363,Camponotus,Camponotus maculatus,formicinae,train,data/images/Camponotus/focol2363_p.jpg
focol2364,Camponotus,Camponotus maculatus,formicinae,train,data/images/Camponotus/focol2364_p.jpg
focol2384,Camponotus,Camponotus maculatus,formicinae,train,data/images/Camponotus/focol2384_p.jpg
focol2385,Camponotus,Camponotus maculatus,formicinae,test,data/images/Camponotus/focol2385_p.jpg
