specimen_code,genus,split,view,image_path,sha256,width,height,bytes,image_source,source_url,commons_file,commons_sha1,commons_upload_timestamp,match_confidence,match_method,source_note
casent0000550,Mystrium,train,p,data/images/Mystrium/casent0000550_p.jpg,0432c74e6b346f95d111975c1e4cc4603e7315af12da2d5363aaf8662108e750,1280,719,179720,commons,https://upload.wikimedia.org/wikipedia/commons/5/5a/Mystrium_mysticum_casent0000550_profile_1.jpg,Mystrium mysticum casent0000550 profile 1.jpg,692ddfecaf731b0478058a29485d6ee42234ee8b,2009-10-20T11:36:58Z,exact,"Commons server thumbnail, byte-identical","recovered by 14_commons_provenance.py: Commons' own thumbnail of that original (requested at 1024 px, served at the next standard width); not what the current harvester fetches, so most likely an earlier version of it, whose docstring still describes 1024 px thumbnails"
casent0000760,Mystrium,train,p,data/images/Mystrium/casent0000760_p.jpg,83e1d01a4b93dc12f3e4a4a51298e46d1db5abd47c10c7ce8492ce1a64ea0939,1254,808,142401,commons,https://upload.wikimedia.org/wikipedia/commons/9/90/Mystrium_rogeri_casent0000760_profile_1.jpg,Mystrium rogeri casent0000760 profile 1.jpg,05f3d322eaad1de8c2a07d5c22916bb6857789f4,2009-10-19T00:10:50Z,exact,"original file, byte-identical","recovered by 14_commons_provenance.py: the Commons original, unchanged"
casent0001385,Aphaenogaster,train,p,data/images/Aphaenogaster/casent0001385_p.jpg,79fb7d11f12fbe9154d0bf08f095c4f2614e77fb2d5502a3cfdf047acf3f9cef,1071,808,138244,commons,https://upload.wikimedia.org/wikipedia/commons/5/56/Aphaenogaster_swammerdami_casent0001385_profile_1.jpg,Aphaenogaster swammerdami casent0001385 profile 1.jpg,5213002c693225a46a21ebf9492897200980f4b7,2009-10-18T12:22:58Z,exact,"original file, byte-identical","recovered by 14_commons_provenance.py: the Commons original, unchanged"
casent0002102,Mystrium,train,p,data/images/Mystrium/casent0002102_p.jpg,eb6cdcd13afc37238855df1cff2df479956d704a067605ece79fe28a1f005b2d,1133,808,148424,commons,https://upload.wikimedia.org/wikipedia/commons/b/b4/Mystrium_voeltzkowi_casent0002102_profile_1.jpg,Mystrium voeltzkowi casent0002102 profile 1.jpg,05fef361c8c4f80606853e0e40181da39f982465,2009-10-20T22:17:50Z,exact,"original file, byte-identical","recovered by 14_commons_provenance.py: the Commons original, unchanged"
casent0002219,Royidris,test,p,data/images/Royidris/casent0002219_p.jpg,22615185e04ab856699719dc61b8a53bfddb47bde9563381ef848d2ceb4ba7a5,1140,808,676050,commons,https://upload.wikimedia.org/wikipedia/commons/8/84/Monomorium_notorthotenes_casent0002219_profile_1.jpg,Monomorium notorthotenes casent0002219 profile 1.jpg,1ac7e677255ddd8b60c41de4015464faab47ad97,2009-10-20T23:02:24Z,exact,"original file, byte-identical","recovered by 14_commons_provenance.py: the Commons original, unchanged"
casent0002244,Royidris,train,p,data/images/Royidris/casent0002244_p.jpg,eea09a656f3f7da30a8e6eb3022f11d7aaafcc2fea9a7e586f3b05bf93eff6b2,1163,808,695178,commons,https://upload.wikimedia.org/wikipedia/commons/a/a5/Monomorium_notorthotenes_casent0002244_profile_1.jpg,Monomorium notorthotenes casent0002244 profile 1.jpg,cc2331991d0722b4cbcb0ff44e36922f9c4fd7ad,2009-10-18T18:03:00Z,exact,"original file, byte-identical","recovered by 14_commons_provenance.py: the Commons original, unchanged"
casent0002257,Royidris,train,p,data/images/Royidris/casent0002257_p.jpg,32a7b1673371788ed29b292a56b9977873f1f98778fe8f9c521515cf0a99c991,1024,743,157953,commons,https://upload.wikimedia.org/wikipedia/commons/5/51/Monomorium_notorthotenes_casent0002257_profile_1.jpg,Monomorium notorthotenes casent0002257 profile 1.jpg,654e8d2f9d1d3e16a9ca896b46fe6bd2cc121a5d,2009-10-20T04:13:10Z,exact,"harvester downscale, byte-identical","recovered by 14_commons_provenance.py: the Commons original after 06_harvest_commons.py's downscale (RGB, max 1024 px, JPEG quality 90)"
casent0002259,Royidris,train,p,data/images/Royidris/casent0002259_p.jpg,d2fffe522699a2c424d64444e61320c7b180cd58c0351e2705d4f94864841b7f,1024,739,153095,commons,https://upload.wikimedia.org/wikipedia/commons/4/4a/Monomorium_notorthotenes_casent0002259_profile_1.jpg,Monomorium notorthotenes casent0002259 profile 1.jpg,890b5b94a0c97f275724c4b3c20ecb6e19bcd0d6,2009-10-18T08:47:19Z,exact,"harvester downscale, byte-identical","recovered by 14_commons_provenance.py: the Commons original after 06_harvest_commons.py's downscale (RGB, max 1024 px, JPEG quality 90)"
casent0002552,Terataner,test,p,data/images/Terataner/casent0002552_p.jpg,8c338d197fe0dd706a48574e9ba633af4eb0508c8ffb37b00b1dc39c24446fe5,1024,787,191352,commons,https://upload.wikimedia.org/wikipedia/commons/a/a7/Terataner_xaltus_casent0002552_profile_1.jpg,Terataner xaltus casent0002552 profile 1.jpg,576fd8ba01ceee1c2ace2481edda896a46c39795,2009-10-21T09:47:57Z,exact,"harvester downscale, byte-identical","recovered by 14_commons_provenance.py: the Commons original after 06_harvest_commons.py's downscale (RGB, max 1024 px, JPEG quality 90)"
casent0003120,Nesomyrmex,test,p,data/images/Nesomyrmex/casent0003120_p.jpg,b396b38522fa5eec3059ed1b44979fddebfb0e9e16876bb3482f19614f782d6e,1024,699,160650,commons,https://upload.wikimedia.org/wikipedia/commons/a/a6/Nesomyrmex_sikorai_casent0003120_profile_1.jpg,Nesomyrmex sikorai casent0003120 profile 1.jpg,b81c667c504b97815a45b2a06537115c35d5f042,2009-10-19T12:41:49Z,exact,"harvester downscale, byte-identical","recovered by 14_commons_provenance.py: the Commons original after 06_harvest_commons.py's downscale (RGB, max 1024 px, JPEG quality 90)"
casent0003175,Technomyrmex,train,p,data/images/Technomyrmex/casent0003175_p.jpg,5b25351898226b9c697cb173048007243943f8b7cc04c3eaf1cdd2ca1be6641b,1024,756,185233,commons,https://upload.wikimedia.org/wikipedia/commons/9/91/Technomyrmex_difficilis_casent0003175_profile_1.jpg,Technomyrmex difficilis casent0003175 profile 1.jpg,2b09d760c4af0e0cff5fb96c0d62ec1b81d4ae85,2009-10-21T09:55:04Z,exact,"harvester downscale, byte-identical","recovered by 14_commons_provenance.py: the Commons original after 06_harvest_commons.py's downscale (RGB, max 1024 px, JPEG quality 90)"
casent0003239,Strumigenys,train,p,data/images/Strumigenys/casent0003239_p.jpg,d1f74a2ad341f095185d340ae93089f94a5f72580c8e88fd4d6b9e243e2a1d0a,1024,695,156886,commons,https://upload.wikimedia.org/wikipedia/commons/4/44/Strumigenys_alperti_casent0003239_profile_1.jpg,Strumigenys alperti casent0003239 profile 1.jpg,da1a2e77946d82c31f58dea45742fe237f4fd7ef,2009-10-20T15:29:39Z,exact,"harvester downscale, byte-identical","recovered by 14_commons_provenance.py: the Commons original after 06_harvest_commons.py's downscale (RGB, max 1024 px, JPEG quality 90)"
casent0003240,Strumigenys,train,p,data/images/Strumigenys/casent0003240_p.jpg,e1393e3cc7eedf283d37b1da154d3d5666171df2ba91aa3109ae8d267b9e8849,1024,644,144065,commons,https://upload.wikimedia.org/wikipedia/commons/b/b2/Strumigenys_coveri_casent0003240_profile_1.jpg,Strumigenys coveri casent0003240 profile 1.jpg,be687f9e82828d3f4cf2659402b422ce50f42927,2009-10-22T02:32:18Z,exact,"harvester downscale, byte-identical","recovered by 14_commons_provenance.py: the Commons original after 06_harvest_commons.py's downscale (RGB, max 1024 px, JPEG quality 90)"
casent0003241,Strumigenys,train,p,data/images/Strumigenys/casent0003241_p.jpg,32aa33af69960c1daedc4622d1603ec27572047dae2bdb7159648b2ba62e96de,1024,731,159398,commons,https://upload.wikimedia.org/wikipedia/commons/7/7b/Strumigenys_gorgon_casent0003241_profile_1.jpg,Strumigenys gorgon casent0003241 profile 1.jpg,59b12599f734a228b190f5d248402887e8c751dc,2009-10-22T08:55:22Z,exact,"harvester downscale, byte-identical","recovered by 14_commons_provenance.py: the Commons original after 06_harvest_commons.py's downscale (RGB, max 1024 px, JPEG quality 90)"
casent0003242,Strumigenys,train,p,data/images/Strumigenys/casent0003242_p.jpg,9ab49ef5d57ad911654990162ecebfea08394762a211037038ad2519ebe96580,1024,667,156308,commons,https://upload.wikimedia.org/wikipedia/commons/d/d1/Strumigenys_rabesoni_casent0003242_profile_1.jpg,Strumigenys rabesoni casent0003242 profile 1.jpg,48352e787a1363c4e4d1d1f15858887980c74aa7,2009-10-22T11:51:07Z,exact,"harvester downscale, byte-identical","recovered by 14_commons_provenance.py: the Commons original after 06_harvest_commons.py's downscale (RGB, max 1024 px, JPEG quality 90)"
casent0003243,Strumigenys,train,p,data/images/Strumigenys/casent0003243_p.jpg,37cd96298728a05d40f20a426753a20608d3e83cf0c5560bbd8ec4647caa7c2c,1024,710,161734,commons,https://upload.wikimedia.org/wikipedia/commons/e/eb/Strumigenys_wardi_casent0003243_profile_1.jpg,Strumigenys wardi casent0003243 profile 1.jpg,c24faa900d7917180bc225ec81fa544c26a55990,2009-10-18T17:19:38Z,exact,"harvester downscale, byte-identical","recovered by 14_commons_provenance.py: the Commons original after 06_harvest_commons.py's downscale (RGB, max 1024 px, JPEG quality 90)"
casent0003245,Strumigenys,test,p,data/images/Strumigenys/casent0003245_p.jpg,4dcbb1a56a37b5173b6f3240b018042d3acf7a9ed5452af070664d9b2271afac,1024,655,137654,commons,https://upload.wikimedia.org/wikipedia/commons/2/21/Strumigenys_manga_casent0003245_profile_1.jpg,Strumigenys manga casent0003245 profile 1.jpg,3b7210ea63593d8c328c256872b2166cef4e373c,2009-10-19T22:23:24Z,exact,"harvester downscale, byte-identical","recovered by 14_commons_provenance.py: the Commons original after 06_harvest_commons.py's downscale (RGB, max 1024 px, JPEG quality 90)"
casent0003246,Strumigenys,train,p,data/images/Strumigenys/casent0003246_p.jpg,cec4437dca7f213e632d87f97b654089f3cafa1caea80d3b63ec748020359dfe,1280,699,175266,commons,https://upload.wikimedia.org/wikipedia/commons/7/76/Strumigenys_adsita_casent0003246_profile_1.jpg,Strumigenys adsita casent0003246 profile 1.jpg,9af0d8d35728b220482638d8fadeda64ae05364e,2009-10-22T07:47:36Z,exact,"Commons server thumbnail, byte-identical","recovered by 14_commons_provenance.py: Commons' own thumbnail of that original (requested at 1024 px, served at the next standard width); not what the current harvester fetches, so most likely an earlier version of it, whose docstring still describes 1024 px thumbnails"
casent0003280,Mystrium,train,p,data/images/Mystrium/casent0003280_p.jpg,f9875d75af82904b9cdb78490cd104c6bd6af1c3a3cf5e3a9151e485fe8a9fb5,1024,1024,110062,gbif_cache,https://api.gbif.org/v1/image/cache/1024x1024/occurrence/865075363/media/53bc3353a3815e9b0474665fc98d2227,,,,,,GBIF image cache of https://www.antweb.org/images/casent0003280/casent0003280_p_1_high.jpg; download success recorded in download_status.csv; size variant (1024x1024 or original) not recorded
casent0003307,Mystrium,train,p,data/images/Mystrium/casent0003307_p.jpg,18ac6d0a6d4ab349c96edc3611bfa72e2002c78bd0ddcaa8081b6c924095df57,1024,611,127834,commons,https://upload.wikimedia.org/wikipedia/commons/7/7f/Mystrium_mysticum_casent0003307_profile_1.jpg,Mystrium mysticum casent0003307 profile 1.jpg,29f4162298caa4b926cf7f1b92b7b69ba9266865,2009-10-19T11:02:26Z,exact,"harvester downscale, byte-identical","recovered by 14_commons_provenance.py: the Commons original after 06_harvest_commons.py's downscale (RGB, max 1024 px, JPEG quality 90)"
casent0003308,Mystrium,train,p,data/images/Mystrium/casent0003308_p.jpg,228803e819da2be8c939c42e85c7452587c6a694b3d49e95342a45ff7e6d8532,946,808,163144,commons,https://upload.wikimedia.org/wikipedia/commons/e/e5/Mystrium_rogeri_casent0003308_profile_1.jpg,Mystrium rogeri casent0003308 profile 1.jpg,cc98bfe96730e585a8f11188c2eb85f0fff7f03c,2009-10-19T19:58:57Z,exact,"harvester downscale, byte-identical","recovered by 14_commons_provenance.py: the Commons original after 06_harvest_commons.py's downscale (RGB, max 1024 px, JPEG quality 90)"
casent0003309,Mystrium,train,p,data/images/Mystrium/casent0003309_p.jpg,9c8db563bf71a800f978569317b28092b19afe3a27376426d12ff94c04c76c3e,1024,575,120727,commons,https://upload.wikimedia.org/wikipedia/commons/7/7d/Mystrium_rogeri_casent0003309_profile_1.jpg,Mystrium rogeri casent0003309 profile 1.jpg,dab2666301e242c501c6bb13ac588b4b2080361b,2009-10-21T02:13:35Z,exact,"harvester downscale, byte-identical","recovered by 14_commons_provenance.py: the Commons original after 06_harvest_commons.py's downscale (RGB, max 1024 px, JPEG quality 90)"
casent0003310,Mystrium,train,p,data/images/Mystrium/casent0003310_p.jpg,cf6fe7acbab24a9ffb26453382b5330075212295d64f1e4c9064390e959fb06d,822,808,203545,commons,https://upload.wikimedia.org/wikipedia/commons/f/f0/Mystrium_rogeri_casent0003310_profile_1.jpg,Mystrium rogeri casent0003310 profile 1.jpg,7fef3c71f231491ed11314eedd791d0415049a5f,2009-10-22T06:18:20Z,exact,"harvester downscale, byte-identical","recovered by 14_commons_provenance.py: the Commons original after 06_harvest_commons.py's downscale (RGB, max 1024 px, JPEG quality 90)"
casent0003327,Monomorium,train,p,data/images/Monomorium/casent0003327_p.jpg,422b3974d470e08f958d1fce6ec8327d7bdc23afbfd4992d79ad2e447cf5e15c,1024,771,135888,commons,https://upload.wikimedia.org/wikipedia/commons/a/ac/Monomorium_termitobium_casent0003327_profile_1.jpg,Monomorium termitobium casent0003327 profile 1.jpg,63f6a8689c4dd7ec691eefe60766aa8f1feba8b8,2009-10-20T13:42:31Z,exact,"harvester downscale, byte-identical","recovered by 14_commons_provenance.py: the Commons original after 06_harvest_commons.py's downscale (RGB, max 1024 px, JPEG quality 90)"
casent0003806,Mystrium,test,p,data/images/Mystrium/casent0003806_p.jpg,1a779cb0ff0790541b4c27af56e09ae172c41187376c6e306f306acdbd7b3d96,1024,658,183863,commons,https://upload.wikimedia.org/wikipedia/commons/6/6f/Mystrium_rogeri_casent0003806_profile_1.jpg,Mystrium rogeri casent0003806 profile 1.jpg,f8f929c9a73afbaad948ba8fe343247ccb2460ce,2009-10-22T06:43:53Z,exact,"harvester downscale, byte-identical","recovered by 14_commons_provenance.py: the Commons original after 06_harvest_commons.py's downscale (RGB, max 1024 px, JPEG quality 90)"
casent0003814,Leptogenys,train,p,data/images/Leptogenys/casent0003814_p.jpg,be593a0c5500e7b1bba97f4d3c330a7cb9a94cd0a8662492a7346b2c5bfc9c02,1024,797,186392,commons,https://upload.wikimedia.org/wikipedia/commons/5/58/Leptogenys_falcigera_casent0003814_profile_1.jpg,Leptogenys falcigera casent0003814 profile 1.jpg,84dc61388c82198c0b6d36727b390257cce4adc6,2009-10-19T13:17:01Z,exact,"harvester downscale, byte-identical","recovered by 14_commons_provenance.py: the Commons original after 06_harvest_commons.py's downscale (RGB, max 1024 px, JPEG quality 90)"
casent0003992,Monomorium,test,p,data/images/Monomorium/casent0003992_p.jpg,b83ddf5ba708a9c87531dd6865b14801a8f063e40696e4bc1583cf5c7fa79829,1024,771,133895,commons,https://upload.wikimedia.org/wikipedia/commons/d/db/Monomorium_termitobium_casent0003992_profile_1.jpg,Monomorium termitobium casent0003992 profile 1.jpg,d5d5772ec09b26fb6b4fca367b5fef8e3ea71c46,2009-10-22T21:09:22Z,exact,"harvester downscale, byte-identical","recovered by 14_commons_provenance.py: the Commons original after 06_harvest_commons.py's downscale (RGB, max 1024 px, JPEG quality 90)"
casent0004369,Strumigenys,train,p,data/images/Strumigenys/casent0004369_p.jpg,2d2b5656cf35e2da6a202aa35a9e2a17a66323cb81ec0ec29dc1bd9613f4427a,1024,1024,143091,gbif_cache,https://api.gbif.org/v1/image/cache/1024x1024/occurrence/865076247/media/f78b96e2a172bcef9f6d209f84d13414,,,,,,GBIF image cache of https://www.antweb.org/images/casent0004369/casent0004369_p_1_high.jpg; download success recorded in download_status.csv; size variant (1024x1024 or original) not recorded
casent0004370,Strumigenys,train,p,data/images/Strumigenys/casent0004370_p.jpg,e41a65c69d95604473b06d4ca8dfa62ac03d86206b387c49c13dc1eb04eb6af4,1024,653,148806,commons,https://upload.wikimedia.org/wikipedia/commons/4/4f/Strumigenys_bola_casent0004370_profile_1.jpg,Strumigenys bola casent0004370 profile 1.jpg,3b5df850a555c317d38754f68ef04b4b73dfa1cb,2009-10-21T01:47:11Z,exact,"harvester downscale, byte-identical","recovered by 14_commons_provenance.py: the Commons original after 06_harvest_commons.py's downscale (RGB, max 1024 px, JPEG quality 90)"
casent0005445,Strumigenys,train,p,data/images/Strumigenys/casent0005445_p.jpg,b2dbc07878ca36a89e538cab49ca4b6c584d539f0c14d3d9bc18fe0662a539bd,1024,627,158816,commons,https://upload.wikimedia.org/wikipedia/commons/b/bb/Strumigenys_ambatrix_casent0005445_profile_1.jpg,Strumigenys ambatrix casent0005445 profile 1.jpg,8f4c805fd91d1b6abad5ef1a113294bb32eb1403,2009-10-18T22:13:15Z,exact,"harvester downscale, byte-identical","recovered by 14_commons_provenance.py: the Commons original after 06_harvest_commons.py's downscale (RGB, max 1024 px, JPEG quality 90)"
casent0005446,Strumigenys,train,p,data/images/Strumigenys/casent0005446_p.jpg,37b4ad03cd57e85658ade385f60133764406f4165696632fa5f2a7af483e516a,1024,597,149615,commons,https://upload.wikimedia.org/wikipedia/commons/5/55/Strumigenys_ambatrix_casent0005446_profile_1.jpg,Strumigenys ambatrix casent0005446 profile 1.jpg,cab5d62b9f5783e42c55938039ff0ebfae7132fd,2009-10-21T13:21:30Z,exact,"harvester downscale, byte-identical","recovered by 14_commons_provenance.py: the Commons original after 06_harvest_commons.py's downscale (RGB, max 1024 px, JPEG quality 90)"
casent0005447,Strumigenys,train,p,data/images/Strumigenys/casent0005447_p.jpg,c65c03b791a7d006d50d4c99b6a829b158ba0da6bf392b20cf5ee05f848679de,1024,770,179585,commons,https://upload.wikimedia.org/wikipedia/commons/f/ff/Strumigenys_ambatrix_casent0005447_profile_1.jpg,Strumigenys ambatrix casent0005447 profile 1.jpg,c39ac57ea9bdff3987a28c32c9982f6f88e5954b,2009-10-20T23:56:00Z,exact,"harvester downscale, byte-identical","recovered by 14_commons_provenance.py: the Commons original after 06_harvest_commons.py's downscale (RGB, max 1024 px, JPEG quality 90)"
casent0005448,Strumigenys,train,p,data/images/Strumigenys/casent0005448_p.jpg,3f05c3d2f4db6e8f2eec94b985083889e14630064fc08d84f132352b8ee16f39,861,808,113344,commons,https://upload.wikimedia.org/wikipedia/commons/a/ae/Strumigenys_erynnes_casent0005448_profile_1.jpg,Strumigenys erynnes casent0005448 profile 1.jpg,70f422fcc3e1564de3a805907990686be1e5a35f,2009-10-21T04:39:08Z,exact,"harvester downscale, byte-identical","recovered by 14_commons_provenance.py: the Commons original after 06_harvest_commons.py's downscale (RGB, max 1024 px, JPEG quality 90)"
casent0005449,Strumigenys,train,p,data/images/Strumigenys/casent0005449_p.jpg,cde8d08757ba65881dc4d0be3a69b5c9e44e4204f16e405731e6a8254a3eaa7f,1024,619,150176,commons,https://upload.wikimedia.org/wikipedia/commons/3/3f/Strumigenys_erynnes_casent0005449_profile_1.jpg,Strumigenys erynnes casent0005449 profile 1.jpg,b288ca6d908ddb24faf04614446aac7cd33f0524,2009-10-20T10:00:05Z,exact,"harvester downscale, byte-identical","recovered by 14_commons_provenance.py: the Commons original after 06_harvest_commons.py's downscale (RGB, max 1024 px, JPEG quality 90)"
casent0005450,Strumigenys,train,p,data/images/Strumigenys/casent0005450_p.jpg,5bf0796f5d93dc133af03d52817c96e52c191841af335db66e29600c41711427,852,808,126886,commons,https://upload.wikimedia.org/wikipedia/commons/3/35/Strumigenys_erynnes_casent0005450_profile_1.jpg,Strumigenys erynnes casent0005450 profile 1.jpg,209ac71af50925d5bdb2386b757d0c7571694cb0,2009-10-22T15:13:32Z,exact,"harvester downscale, byte-identical","recovered by 14_commons_provenance.py: the Commons original after 06_harvest_commons.py's downscale (RGB, max 1024 px, JPEG quality 90)"
casent0005451,Strumigenys,train,p,data/images/Strumigenys/casent0005451_p.jpg,ef7d8ffe9f8fd436cdc0deaf82efa8ab12fc1592e23a001cd0473991b1645ec1,1024,677,153156,commons,https://upload.wikimedia.org/wikipedia/commons/8/88/Strumigenys_hathor_casent0005451_profile_1.jpg,Strumigenys hathor casent0005451 profile 1.jpg,efd4b4dc8647dcaaf6e3999664d2f23c9c7772d8,2009-10-18T08:48:22Z,exact,"harvester downscale, byte-identical","recovered by 14_commons_provenance.py: the Commons original after 06_harvest_commons.py's downscale (RGB, max 1024 px, JPEG quality 90)"
casent0005453,Strumigenys,train,p,data/images/Strumigenys/casent0005453_p.jpg,3e9eacc07600db109a785a55dca0c122132b593347cf198e5097540fe2f2ea8e,1024,775,165719,commons,https://upload.wikimedia.org/wikipedia/commons/4/41/Strumigenys_exiguaevitae_casent0005453_profile_1.jpg,Strumigenys exiguaevitae casent0005453 profile 1.jpg,c3c887d6b79287c1f39bbb621e63aca493317c0b,2009-10-20T04:16:06Z,exact,"harvester downscale, byte-identical","recovered by 14_commons_provenance.py: the Commons original after 06_harvest_commons.py's downscale (RGB, max 1024 px, JPEG quality 90)"
casent0005454,Strumigenys,test,p,data/images/Strumigenys/casent0005454_p.jpg,123bdb88bb8bac467dcc22a22f8da46b639b7f95f2f3f34379f5229ea293b4d1,1024,667,158810,commons,https://upload.wikimedia.org/wikipedia/commons/e/e4/Strumigenys_exiguaevitae_casent0005454_profile_1.jpg,Strumigenys exiguaevitae casent0005454 profile 1.jpg,45758020d39525e9cb4f562b161971880cd40780,2009-10-22T20:04:00Z,exact,"harvester downscale, byte-identical","recovered by 14_commons_provenance.py: the Commons original after 06_harvest_commons.py's downscale (RGB, max 1024 px, JPEG quality 90)"
casent0005455,Strumigenys,train,p,data/images/Strumigenys/casent0005455_p.jpg,18591ee951f8e02937ffeea2a5383fe856546868f3e177415a99e4b6568da4cc,1024,698,164255,commons,https://upload.wikimedia.org/wikipedia/commons/9/9b/Strumigenys_olsoni_casent0005455_profile_1.jpg,Strumigenys olsoni casent0005455 profile 1.jpg,aa24bf2caeb2b4f5c347b5c95ace699b6350f5a5,2009-10-18T18:57:27Z,exact,"harvester downscale, byte-identical","recovered by 14_commons_provenance.py: the Commons original after 06_harvest_commons.py's downscale (RGB, max 1024 px, JPEG quality 90)"
casent0005456,Strumigenys,train,p,data/images/Strumigenys/casent0005456_p.jpg,1f0f0c40647b389ca79ccda26f5c2a055cf67e10ac5ae441077104a46b3c29d4,1024,673,148130,commons,https://upload.wikimedia.org/wikipedia/commons/b/b8/Strumigenys_serket_casent0005456_profile_1.jpg,Strumigenys serket casent0005456 profile 1.jpg,4f9fb6d2ff43bb323de05c674fb4dbc8b57d7162,2009-10-20T15:48:10Z,exact,"harvester downscale, byte-identical","recovered by 14_commons_provenance.py: the Commons original after 06_harvest_commons.py's downscale (RGB, max 1024 px, JPEG quality 90)"
casent0005457,Strumigenys,train,p,data/images/Strumigenys/casent0005457_p.jpg,94936bc0413515e29688731d19ebae84ee326e3c70633e2a59c1b755665eafc3,1024,736,149651,commons,https://upload.wikimedia.org/wikipedia/commons/b/b5/Strumigenys_seti_casent0005457_profile_1.jpg,Strumigenys seti casent0005457 profile 1.jpg,0adca0d3c06578b91b11505f74c76cc6afe24620,2009-10-18T19:20:36Z,exact,"harvester downscale, byte-identical","recovered by 14_commons_provenance.py: the Commons original after 06_harvest_commons.py's downscale (RGB, max 1024 px, JPEG quality 90)"
casent0005458,Strumigenys,train,p,data/images/Strumigenys/casent0005458_p.jpg,e62e3dc38667a1004bf1cbe58cce715c4018d973f0b0b78c1b4c0b6cdf789503,1024,773,174304,commons,https://upload.wikimedia.org/wikipedia/commons/e/e0/Strumigenys_seti_casent0005458_profile_1.jpg,Strumigenys seti casent0005458 profile 1.jpg,d4a28a0a87dd05c5f4399d26c041d724267e14da,2009-10-18T21:18:38Z,exact,"harvester downscale, byte-identical","recovered by 14_commons_provenance.py: the Commons original after 06_harvest_commons.py's downscale (RGB, max 1024 px, JPEG quality 90)"
casent0005459,Strumigenys,train,p,data/images/Strumigenys/casent0005459_p.jpg,bc95bef19d95d87957c807e145359382cac81996baa94e06596b22f3907f1272,1024,679,173186,commons,https://upload.wikimedia.org/wikipedia/commons/c/c8/Strumigenys_seti_casent0005459_profile_1.jpg,Strumigenys seti casent0005459 profile 1.jpg,eeb1f29470ebc68e76dbce84b70a5df048ef9ce7,2009-10-21T20:36:32Z,exact,"harvester downscale, byte-identical","recovered by 14_commons_provenance.py: the Commons original after 06_harvest_commons.py's downscale (RGB, max 1024 px, JPEG quality 90)"
casent0005461,Strumigenys,train,p,data/images/Strumigenys/casent0005461_p.jpg,ea60c9269cbabf21fdd3f36989b0ba89cc8f3c305bd3cc720a7bbaa8cd77fd7a,1024,728,169216,commons,https://upload.wikimedia.org/wikipedia/commons/2/25/Strumigenys_tathula_casent0005461_profile_1.jpg,Strumigenys tathula casent0005461 profile 1.jpg,29a72fbde92a8ccb2af7d5995c0c95d8ca1faa3d,2009-10-22T17:03:39Z,exact,"harvester downscale, byte-identical","recovered by 14_commons_provenance.py: the Commons original after 06_harvest_commons.py's downscale (RGB, max 1024 px, JPEG quality 90)"
casent0005462,Strumigenys,test,p,data/images/Strumigenys/casent0005462_p.jpg,4f881efa3d0421937876b29fa8847544b23b497add63b88a592d486adb3ff9fc,1024,699,172082,commons,https://upload.wikimedia.org/wikipedia/commons/2/27/Strumigenys_victrix_casent0005462_profile_1.jpg,Strumigenys victrix casent0005462 profile 1.jpg,ead2873213ad650c106f9b431c6708ad19f3df02,2009-10-19T05:10:25Z,exact,"harvester downscale, byte-identical","recovered by 14_commons_provenance.py: the Commons original after 06_harvest_commons.py's downscale (RGB, max 1024 px, JPEG quality 90)"
casent0005463,Strumigenys,train,p,data/images/Strumigenys/casent0005463_p.jpg,d9229d88f078639c3225077f12a051bd884dc4db17f252105cfafaf872c9d87f,1024,709,173347,commons,https://upload.wikimedia.org/wikipedia/commons/0/03/Strumigenys_victrix_casent0005463_profile_1.jpg,Strumigenys victrix casent0005463 profile 1.jpg,3bed0690ad8a0a68a5d4bc0b5a5cc5836ce4f6d9,2009-10-22T22:44:28Z,exact,"harvester downscale, byte-identical","recovered by 14_commons_provenance.py: the Commons original after 06_harvest_commons.py's downscale (RGB, max 1024 px, JPEG quality 90)"
casent0005464,Strumigenys,train,p,data/images/Strumigenys/casent0005464_p.jpg,101dea8e1b4cd743ff905b00d5cc80d82a9ce1738d93f2cb1e47ab6e6181094a,1024,722,190628,commons,https://upload.wikimedia.org/wikipedia/commons/c/c2/Strumigenys_victrix_casent0005464_profile_1.jpg,Strumigenys victrix casent0005464 profile 1.jpg,5c7581144beb6e7c06a624d165e787db1c136799,2009-10-19T01:46:23Z,exact,"harvester downscale, byte-identical","recovered by 14_commons_provenance.py: the Commons original after 06_harvest_commons.py's downscale (RGB, max 1024 px, JPEG quality 90)"
casent0005465,Strumigenys,train,p,data/images/Strumigenys/casent0005465_p.jpg,19b8ee8a725950845dfd5a6f730d64d95a1acf4b595ce232e2aa67b038fe0950,1024,696,136008,commons,https://upload.wikimedia.org/wikipedia/commons/7/77/Strumigenys_abdera_casent0005465_profile_1.jpg,Strumigenys abdera casent0005465 profile 1.jpg,948a7da8c7df363fc90ef77bb85ddccc2061287f,2009-10-19T12:07:52Z,exact,"harvester downscale, byte-identical","recovered by 14_commons_provenance.py: the Commons original after 06_harvest_commons.py's downscale (RGB, max 1024 px, JPEG quality 90)"
casent0005466,Strumigenys,train,p,data/images/Strumigenys/casent0005466_p.jpg,216bce55e96caec933acdf94c6623c9f8a0e879dfe6136ddd59c24f5feee73f5,1024,660,141632,commons,https://upload.wikimedia.org/wikipedia/commons/b/b8/Strumigenys_abdera_casent0005466_profile_1.jpg,Strumigenys abdera casent0005466 profile 1.jpg,e41c29e918acfd75c03c03b5d2bd5a92cb349f67,2009-10-19T03:48:28Z,exact,"harvester downscale, byte-identical","recovered by 14_commons_provenance.py: the Commons original after 06_harvest_commons.py's downscale (RGB, max 1024 px, JPEG quality 90)"
casent0005467,Strumigenys,train,p,data/images/Strumigenys/casent0005467_p.jpg,179a69d727a97538aebd21c06d5a6ecd665114c9e3e01879312e4b059f544c08,1280,757,170910,commons,https://upload.wikimedia.org/wikipedia/commons/2/24/Strumigenys_actis_casent0005467_profile_1.jpg,Strumigenys actis casent0005467 profile 1.jpg,fac52d94aed367cd981b3f608e3997eb70e6383a,2009-10-20T16:39:56Z,exact,"Commons server thumbnail, byte-identical","recovered by 14_commons_provenance.py: Commons' own thumbnail of that original (requested at 1024 px, served at the next standard width); not what the current harvester fetches, so most likely an earlier version of it, whose docstring still describes 1024 px thumbnails"
casent0005468,Strumigenys,train,p,data/images/Strumigenys/casent0005468_p.jpg,fd999dc9d2d715b1d720740a146a2953652bd92cfe8e2d20803cbcc06ab1a41d,1280,699,201804,commons,https://upload.wikimedia.org/wikipedia/commons/1/15/Strumigenys_admixta_casent0005468_profile_1.jpg,Strumigenys admixta casent0005468 profile 1.jpg,9bd6d0c613e88d0801010b5cb4ede46f06688449,2009-10-21T08:49:24Z,exact,"Commons server thumbnail, byte-identical","recovered by 14_commons_provenance.py: Commons' own thumbnail of that original (requested at 1024 px, served at the next standard width); not what the current harvester fetches, so most likely an earlier version of it, whose docstring still describes 1024 px thumbnails"
casent0005469,Strumigenys,train,p,data/images/Strumigenys/casent0005469_p.jpg,d0cb57ea8531fbf205189fef154c9dc4178dec20578ebae32b3212e0ba791065,1280,696,180613,commons,https://upload.wikimedia.org/wikipedia/commons/b/bf/Strumigenys_admixta_casent0005469_profile_1.jpg,Strumigenys admixta casent0005469 profile 1.jpg,e51703b165976e131de771c09d80bf78e36fdc0e,2009-10-20T21:59:56Z,exact,"Commons server thumbnail, byte-identical","recovered by 14_commons_provenance.py: Commons' own thumbnail of that original (requested at 1024 px, served at the next standard width); not what the current harvester fetches, so most likely an earlier version of it, whose docstring still describes 1024 px thumbnails"
casent0005470,Strumigenys,train,p,data/images/Strumigenys/casent0005470_p.jpg,afe83772b7b2076f21220592cd85a71d4958e9d8a87858edbe39b4882f06ac8e,1024,621,172938,commons,https://upload.wikimedia.org/wikipedia/commons/8/8f/Strumigenys_admixta_casent0005470_profile_1.jpg,Strumigenys admixta casent0005470 profile 1.jpg,5e4b22c40cfa18ac89c5adfb551de5e138da9ef6,2009-10-21T06:20:41Z,exact,"harvester downscale, byte-identical","recovered by 14_commons_provenance.py: the Commons original after 06_harvest_commons.py's downscale (RGB, max 1024 px, JPEG quality 90)"
casent0005472,Strumigenys,train,p,data/images/Strumigenys/casent0005472_p.jpg,a0e6e9a88cb9b9a4a2a97999bab9ce6a428bce01460630de94b6d8b689482cff,1024,701,147509,commons,https://upload.wikimedia.org/wikipedia/commons/5/54/Strumigenys_adsita_casent0005472_profile_1.jpg,Strumigenys adsita casent0005472 profile 1.jpg,69d551f3568c272b92c6283f798bc7c7379cac3f,2009-10-19T20:16:55Z,exact,"harvester downscale, byte-identical","recovered by 14_commons_provenance.py: the Commons original after 06_harvest_commons.py's downscale (RGB, max 1024 px, JPEG quality 90)"
casent0005473,Strumigenys,test,p,data/images/Strumigenys/casent0005473_p.jpg,bed5d6f56da9d8235828addcf8620f871c186f77f133f15289245aaeeace4fa3,1024,623,155697,commons,https://upload.wikimedia.org/wikipedia/commons/8/80/Strumigenys_adsita_casent0005473_profile_1.jpg,Strumigenys adsita casent0005473 profile 1.jpg,9fa6fd939dce09a356037dfc411a2e9d4c3dddd3,2009-10-22T07:18:49Z,exact,"harvester downscale, byte-identical","recovered by 14_commons_provenance.py: the Commons original after 06_harvest_commons.py's downscale (RGB, max 1024 px, JPEG quality 90)"
casent0005474,Strumigenys,test,p,data/images/Strumigenys/casent0005474_p.jpg,b09cc01bf83e20bb5a312fcf72cf702885976410faf9c39381c9612465d9cdc7,1024,617,156251,commons,https://upload.wikimedia.org/wikipedia/commons/3/39/Strumigenys_adsita_casent0005474_profile_1.jpg,Strumigenys adsita casent0005474 profile 1.jpg,9272bfa5e1b1c38714f8970ad07d8fc4f483c864,2009-10-21T21:13:18Z,exact,"harvester downscale, byte-identical","recovered by 14_commons_provenance.py: the Commons original after 06_harvest_commons.py's downscale (RGB, max 1024 px, JPEG quality 90)"
casent0005478,Strumigenys,train,p,data/images/Strumigenys/casent0005478_p.jpg,df10b91bfd5cc905d9363d6adaa3b6c307b534ef7bd5be24437c336a50ad537f,1024,636,133903,commons,https://upload.wikimedia.org/wikipedia/commons/6/60/Strumigenys_agra_casent0005478_profile_1.jpg,Strumigenys agra casent0005478 profile 1.jpg,42ef7c0d6ac6780dbf2822b5c0eb84f0920235b5,2009-10-20T07:56:57Z,exact,"harvester downscale, byte-identical","recovered by 14_commons_provenance.py: the Commons original after 06_harvest_commons.py's downscale (RGB, max 1024 px, JPEG quality 90)"
casent0005479,Strumigenys,train,p,data/images/Strumigenys/casent0005479_p.jpg,a159e413d11c66c9a4a3ecba1a43dc91ee1646b5ea8f71a327a359b52c318e36,1024,589,121287,commons,https://upload.wikimedia.org/wikipedia/commons/5/55/Strumigenys_agra_casent0005479_profile_1.jpg,Strumigenys agra casent0005479 profile 1.jpg,79db2cebabf9eebd1c5f4269c344be666f9ac388,2009-10-18T07:43:00Z,exact,"harvester downscale, byte-identical","recovered by 14_commons_provenance.py: the Commons original after 06_harvest_commons.py's downscale (RGB, max 1024 px, JPEG quality 90)"
casent0005481,Strumigenys,train,p,data/images/Strumigenys/casent0005481_p.jpg,76c7dd2b4213aa944aebfe7e6bb37875ac0fbdcf8825194768403d0c332e7924,1024,797,154990,commons,https://upload.wikimedia.org/wikipedia/commons/d/dd/Strumigenys_agra_casent0005481_profile_1.jpg,Strumigenys agra casent0005481 profile 1.jpg,8f743ab75b35fc575130368f684c1f060cc9840a,2009-10-20T06:01:19Z,exact,"harvester downscale, byte-identical","recovered by 14_commons_provenance.py: the Commons original after 06_harvest_commons.py's downscale (RGB, max 1024 px, JPEG quality 90)"
casent0005483,Strumigenys,train,p,data/images/Strumigenys/casent0005483_p.jpg,366cdac109b43f90bc68541df36da89f83bbd17cf70be21c045140bedc09bab9,1024,537,125085,commons,https://upload.wikimedia.org/wikipedia/commons/0/0d/Strumigenys_dolabra_casent0005483_profile_1.jpg,Strumigenys dolabra casent0005483 profile 1.jpg,7184d9ea23c831acbcbde2aac5848e88f85d7e35,2009-10-20T07:48:18Z,exact,"harvester downscale, byte-identical","recovered by 14_commons_provenance.py: the Commons original after 06_harvest_commons.py's downscale (RGB, max 1024 px, JPEG quality 90)"
casent0005484,Strumigenys,train,p,data/images/Strumigenys/casent0005484_p.jpg,eb1ad74b113e985c00ea436f6621c75f69dff4c4981031a277097151177508a9,1024,661,153474,commons,https://upload.wikimedia.org/wikipedia/commons/0/07/Strumigenys_ampyx_casent0005484_profile_1.jpg,Strumigenys ampyx casent0005484 profile 1.jpg,da29835ac95bbd57a3aa8db749a8b8b6c763f0ba,2009-10-22T05:49:22Z,exact,"harvester downscale, byte-identical","recovered by 14_commons_provenance.py: the Commons original after 06_harvest_commons.py's downscale (RGB, max 1024 px, JPEG quality 90)"
casent0005485,Strumigenys,test,p,data/images/Strumigenys/casent0005485_p.jpg,c6723576d4f96321048b50bcdc4adf2d96db76aca798c82ec181860cfc404586,1024,656,150863,commons,https://upload.wikimedia.org/wikipedia/commons/8/87/Strumigenys_ampyx_casent0005485_profile_1.jpg,Strumigenys ampyx casent0005485 profile 1.jpg,f334930d742928c352f08346dbcec4f64b1c47ca,2009-10-21T00:05:33Z,exact,"harvester downscale, byte-identical","recovered by 14_commons_provenance.py: the Commons original after 06_harvest_commons.py's downscale (RGB, max 1024 px, JPEG quality 90)"
casent0005486,Strumigenys,train,p,data/images/Strumigenys/casent0005486_p.jpg,17882e1681537722514c9951a27334cfe877250d9c64070d79f2cc80080d342c,933,808,152930,commons,https://upload.wikimedia.org/wikipedia/commons/7/76/Strumigenys_ampyx_casent0005486_profile_1.jpg,Strumigenys ampyx casent0005486 profile 1.jpg,9f4f171ebaf061d121a7ca353bd53e67f0903e69,2009-10-20T06:40:46Z,exact,"harvester downscale, byte-identical","recovered by 14_commons_provenance.py: the Commons original after 06_harvest_commons.py's downscale (RGB, max 1024 px, JPEG quality 90)"
casent0005487,Strumigenys,train,p,data/images/Strumigenys/casent0005487_p.jpg,b7606d51d8e54bf05d40a653b97419ac3ea6cd4f20a4e4f95f25a7da69a06544,1280,768,186963,commons,https://upload.wikimedia.org/wikipedia/commons/2/29/Strumigenys_apios_casent0005487_profile_1.jpg,Strumigenys apios casent0005487 profile 1.jpg,8c5b93847082eecb415b3f3055a948615edf04a7,2009-10-18T17:51:00Z,exact,"Commons server thumbnail, byte-identical","recovered by 14_commons_provenance.py: Commons' own thumbnail of that original (requested at 1024 px, served at the next standard width); not what the current harvester fetches, so most likely an earlier version of it, whose docstring still describes 1024 px thumbnails"
casent0005488,Strumigenys,train,p,data/images/Strumigenys/casent0005488_p.jpg,c4fe63fb6d775babcc842cb2ad746a2dc255b82b6641ff910aef714271871f3c,1024,576,114658,commons,https://upload.wikimedia.org/wikipedia/commons/3/3f/Strumigenys_apios_casent0005488_profile_1.jpg,Strumigenys apios casent0005488 profile 1.jpg,7793da4fc4375f84dbc9cb11b503e2157589280c,2009-10-21T11:07:37Z,exact,"harvester downscale, byte-identical","recovered by 14_commons_provenance.py: the Commons original after 06_harvest_commons.py's downscale (RGB, max 1024 px, JPEG quality 90)"
casent0005489,Strumigenys,train,p,data/images/Strumigenys/casent0005489_p.jpg,c10f8250bc8ba06717baf4fec5578c728afc545b3c4fcb18b1468c305ae41311,1024,602,115649,commons,https://upload.wikimedia.org/wikipedia/commons/6/6e/Strumigenys_apios_casent0005489_profile_1.jpg,Strumigenys apios casent0005489 profile 1.jpg,debfbefa52edc6d7483df421af9f105fb5ece4f7,2009-10-20T18:23:12Z,exact,"harvester downscale, byte-identical","recovered by 14_commons_provenance.py: the Commons original after 06_harvest_commons.py's downscale (RGB, max 1024 px, JPEG quality 90)"
casent0005490,Strumigenys,train,p,data/images/Strumigenys/casent0005490_p.jpg,61d7ecc45aee382dc4f36be453c04a29e33b7217a3f8f4e3c32fb2cd0b6cc31b,1024,579,110685,commons,https://upload.wikimedia.org/wikipedia/commons/b/b7/Strumigenys_balux_casent0005490_profile_1.jpg,Strumigenys balux casent0005490 profile 1.jpg,bbe1ca1bfc816c5bebef987f8ecabd160bd249d4,2009-10-20T08:19:00Z,exact,"harvester downscale, byte-identical","recovered by 14_commons_provenance.py: the Commons original after 06_harvest_commons.py's downscale (RGB, max 1024 px, JPEG quality 90)"
casent0005492,Strumigenys,train,p,data/images/Strumigenys/casent0005492_p.jpg,8ad650c7f7cc6d546ecbeb16ac82cc8cae658a8e3130679af2959abd8521ca9b,1024,527,122113,commons,https://upload.wikimedia.org/wikipedia/commons/5/50/Strumigenys_bathron_casent0005492_profile_1.jpg,Strumigenys bathron casent0005492 profile 1.jpg,d37b55b8b78c3d09c86684a3a229201d82f62e07,2009-10-22T03:43:44Z,exact,"harvester downscale, byte-identical","recovered by 14_commons_provenance.py: the Commons original after 06_harvest_commons.py's downscale (RGB, max 1024 px, JPEG quality 90)"
casent0005493,Strumigenys,train,p,data/images/Strumigenys/casent0005493_p.jpg,499fc42a170a2382a7fa2f0b673e22e6a2e0e25aec6a119f45245488832d85cb,1024,550,118625,commons,https://upload.wikimedia.org/wikipedia/commons/7/7a/Strumigenys_bibiolona_casent0005493_profile_1.jpg,Strumigenys bibiolona casent0005493 profile 1.jpg,cafd38db4df314c4dcfe5d65ce099349f59ff3fb,2009-10-20T03:28:44Z,exact,"harvester downscale, byte-identical","recovered by 14_commons_provenance.py: the Commons original after 06_harvest_commons.py's downscale (RGB, max 1024 px, JPEG quality 90)"
casent0005495,Strumigenys,train,p,data/images/Strumigenys/casent0005495_p.jpg,413635819738638fb4c913faf3b1a8c808f88fa5360c739036b6d1a8330962ba,1024,616,132463,commons,https://upload.wikimedia.org/wikipedia/commons/5/5e/Strumigenys_bibiolona_casent0005495_profile_1.jpg,Strumigenys bibiolona casent0005495 profile 1.jpg,579368e5a453d715c27b4dbce67e2ff974dbbba0,2009-10-18T09:18:51Z,exact,"harvester downscale, byte-identical","recovered by 14_commons_provenance.py: the Commons original after 06_harvest_commons.py's downscale (RGB, max 1024 px, JPEG quality 90)"
casent0005496,Strumigenys,test,p,data/images/Strumigenys/casent0005496_p.jpg,31da01c81121e54acb6d374d028bf5b74cc35ecfdb47f352114dead5568a8c61,1024,514,116655,commons,https://upload.wikimedia.org/wikipedia/commons/e/e6/Strumigenys_bibiolona_casent0005496_profile_1.jpg,Strumigenys bibiolona casent0005496 profile 1.jpg,1960c3adccdae7598803a4e7f1ae12fe6ab71f86,2009-10-20T20:48:56Z,exact,"harvester downscale, byte-identical","recovered by 14_commons_provenance.py: the Commons original after 06_harvest_commons.py's downscale (RGB, max 1024 px, JPEG quality 90)"
casent0005497,Strumigenys,train,p,data/images/Strumigenys/casent0005497_p.jpg,cffb0c6b6d79c61dee5622e8a639969207575ec750b510fcbc11c1a2ad1c2a60,1280,753,181887,commons,https://upload.wikimedia.org/wikipedia/commons/4/4f/Strumigenys_bola_casent0005497_profile_1.jpg,Strumigenys bola casent0005497 profile 1.jpg,1a8f47e913cca55c8a3b6f950abeab90a054a4eb,2009-10-21T14:53:03Z,exact,"Commons server thumbnail, pixel-identical","recovered by 14_commons_provenance.py: Commons' own thumbnail of that original (requested at 1024 px, served at the next standard width); not what the current harvester fetches, so most likely an earlier version of it, whose docstring still describes 1024 px thumbnails"
casent0005498,Strumigenys,train,p,data/images/Strumigenys/casent0005498_p.jpg,1afe409710fbfa8db43f7e6b7936d24836a3c398d7c1aad2e2625c00a7fa3474,1024,685,146053,commons,https://upload.wikimedia.org/wikipedia/commons/f/f9/Strumigenys_bola_casent0005498_profile_1.jpg,Strumigenys bola casent0005498 profile 1.jpg,15e8359f02614b5870e04c2d2ad3cf7e10540c8a,2009-10-21T01:58:06Z,exact,"harvester downscale, byte-identical","recovered by 14_commons_provenance.py: the Commons original after 06_harvest_commons.py's downscale (RGB, max 1024 px, JPEG quality 90)"
casent0005499,Strumigenys,train,p,data/images/Strumigenys/casent0005499_p.jpg,aa85ea7d7801c62f7483d4a6284cfff455721ce2aba18419d77093f9f641ce5c,1024,535,117926,commons,https://upload.wikimedia.org/wikipedia/commons/e/e8/Strumigenys_bola_casent0005499_profile_1.jpg,Strumigenys bola casent0005499 profile 1.jpg,b86641b93b06fad1f9018da2c3bed8e0e2b47c9f,2009-10-19T07:55:01Z,exact,"harvester downscale, byte-identical","recovered by 14_commons_provenance.py: the Commons original after 06_harvest_commons.py's downscale (RGB, max 1024 px, JPEG quality 90)"
casent0005500,Strumigenys,train,p,data/images/Strumigenys/casent0005500_p.jpg,d03168c870350b3a076c360c52e8a05ab24158b8a4953a616da264c77f1dd50c,1024,610,142107,commons,https://upload.wikimedia.org/wikipedia/commons/0/0b/Strumigenys_carolinae_casent0005500_profile_1.jpg,Strumigenys carolinae casent0005500 profile 1.jpg,c55c1ec89d2d47d00e3b990fcb435e49e48e1a7d,2009-10-19T09:58:43Z,exact,"harvester downscale, byte-identical","recovered by 14_commons_provenance.py: the Commons original after 06_harvest_commons.py's downscale (RGB, max 1024 px, JPEG quality 90)"
casent0005501,Strumigenys,train,p,data/images/Strumigenys/casent0005501_p.jpg,0faf10359aa3afe86a479588aeaa70aabacc16cc4e149ca671b85316b81396b2,1024,696,146828,commons,https://upload.wikimedia.org/wikipedia/commons/6/60/Strumigenys_carisa_casent0005501_profile_1.jpg,Strumigenys carisa casent0005501 profile 1.jpg,0ec955cd978ff0dc27a6ce5153517623fb46673a,2009-10-21T23:57:41Z,exact,"harvester downscale, byte-identical","recovered by 14_commons_provenance.py: the Commons original after 06_harvest_commons.py's downscale (RGB, max 1024 px, JPEG quality 90)"
casent0005502,Strumigenys,train,p,data/images/Strumigenys/casent0005502_p.jpg,7fabd5269c96e9319d1a6ad6aa7c558e9e42225b352b62765aca4e94bf2b7194,1024,644,162075,commons,https://upload.wikimedia.org/wikipedia/commons/5/5f/Strumigenys_carolinae_casent0005502_profile_1.jpg,Strumigenys carolinae casent0005502 profile 1.jpg,3642342fe4cc88d5aede6ae567ae3087313f7aa7,2009-10-19T20:51:25Z,exact,"harvester downscale, byte-identical","recovered by 14_commons_provenance.py: the Commons original after 06_harvest_commons.py's downscale (RGB, max 1024 px, JPEG quality 90)"
casent0005503,Strumigenys,train,p,data/images/Strumigenys/casent0005503_p.jpg,a61085099cca5be6abbc1b1194f37b48a0582e271d4d838efb82333015cf37da,1024,587,138395,commons,https://upload.wikimedia.org/wikipedia/commons/7/70/Strumigenys_carolinae_casent0005503_profile_1.jpg,Strumigenys carolinae casent0005503 profile 1.jpg,943f4ad163c10f151853bffa9751c58c3ece7c7b,2009-10-22T09:50:48Z,exact,"harvester downscale, byte-identical","recovered by 14_commons_provenance.py: the Commons original after 06_harvest_commons.py's downscale (RGB, max 1024 px, JPEG quality 90)"
casent0005504,Strumigenys,train,p,data/images/Strumigenys/casent0005504_p.jpg,35432cad42e84944ea12d333392191a6f925744caccec6153b5ba74f8fbf9a93,1024,612,154842,commons,https://upload.wikimedia.org/wikipedia/commons/3/30/Strumigenys_carolinae_casent0005504_profile_1.jpg,Strumigenys carolinae casent0005504 profile 1.jpg,0e3280cced5e951436d5e2f4362c2ce9e53f0318,2009-10-19T06:15:10Z,exact,"harvester downscale, byte-identical","recovered by 14_commons_provenance.py: the Commons original after 06_harvest_commons.py's downscale (RGB, max 1024 px, JPEG quality 90)"
casent0005506,Strumigenys,train,p,data/images/Strumigenys/casent0005506_p.jpg,89afb8d841f07365748bd480a984b7b6c11ab5d2582dbf0e4e23d565555d979c,1024,636,144975,commons,https://upload.wikimedia.org/wikipedia/commons/a/ab/Strumigenys_charino_casent0005506_profile_1.jpg,Strumigenys charino casent0005506 profile 1.jpg,f2ce5251a5390232f8ca1a92d83214fe610909dd,2009-10-21T15:38:46Z,exact,"harvester downscale, byte-identical","recovered by 14_commons_provenance.py: the Commons original after 06_harvest_commons.py's downscale (RGB, max 1024 px, JPEG quality 90)"
casent0005507,Strumigenys,train,p,data/images/Strumigenys/casent0005507_p.jpg,e3410e8f023596a9c4e8f6bf79d088d91b011285421a7b5a2c9f2729bc7d0363,1024,702,157809,commons,https://upload.wikimedia.org/wikipedia/commons/3/3c/Strumigenys_charino_casent0005507_profile_1.jpg,Strumigenys charino casent0005507 profile 1.jpg,6b6f2c2f182348aa0db1c6cc23fc9ad0d2261ad0,2009-10-20T19:40:43Z,exact,"harvester downscale, byte-identical","recovered by 14_commons_provenance.py: the Commons original after 06_harvest_commons.py's downscale (RGB, max 1024 px, JPEG quality 90)"
casent0005508,Strumigenys,train,p,data/images/Strumigenys/casent0005508_p.jpg,d649d36981266ed27645b74bb9f103417bb6033b3c267df3c10414d2d1d5a8eb,1024,605,107119,commons,https://upload.wikimedia.org/wikipedia/commons/9/9f/Strumigenys_chilo_casent0005508_profile_1.jpg,Strumigenys chilo casent0005508 profile 1.jpg,69b318cbed42eec20aae28d4fc8354066ae7de2c,2009-10-22T01:25:10Z,exact,"harvester downscale, byte-identical","recovered by 14_commons_provenance.py: the Commons original after 06_harvest_commons.py's downscale (RGB, max 1024 px, JPEG quality 90)"
casent0005509,Strumigenys,train,p,data/images/Strumigenys/casent0005509_p.jpg,00e7fc03be801bb880abd1cdf65e0785b7b9d85c5f1e7bd603f77d89d2e70739,1024,696,137194,commons,https://upload.wikimedia.org/wikipedia/commons/c/cf/Strumigenys_chilo_casent0005509_profile_1.jpg,Strumigenys chilo casent0005509 profile 1.jpg,8a87dbbe09391b3d5e26f2b42f43c332081d9196,2009-10-18T23:00:21Z,exact,"harvester downscale, byte-identical","recovered by 14_commons_provenance.py: the Commons original after 06_harvest_commons.py's downscale (RGB, max 1024 px, JPEG quality 90)"
casent0005510,Strumigenys,train,p,data/images/Strumigenys/casent0005510_p.jpg,db6e68ac4192b1220371bd6678ce9dd0c8529191bddee734cd19132c50e1e1f9,1280,800,191741,commons,https://upload.wikimedia.org/wikipedia/commons/8/82/Strumigenys_chroa_casent0005510_profile_1.jpg,Strumigenys chroa casent0005510 profile 1.jpg,8f88814fb0e374e5d8e67a4eeae60fcd6f4d1185,2009-10-22T07:26:47Z,exact,"Commons server thumbnail, byte-identical","recovered by 14_commons_provenance.py: Commons' own thumbnail of that original (requested at 1024 px, served at the next standard width); not what the current harvester fetches, so most likely an earlier version of it, whose docstring still describes 1024 px thumbnails"
casent0005511,Strumigenys,train,p,data/images/Strumigenys/casent0005511_p.jpg,fcd6f0d65cd2bf8b08f44cf550d47a1ac55e8b6ab0b61211a4cec871714137e1,1024,667,159989,commons,https://upload.wikimedia.org/wikipedia/commons/8/80/Strumigenys_chroa_casent0005511_profile_1.jpg,Strumigenys chroa casent0005511 profile 1.jpg,4c3983c8cabeca532bf72dab8ec7328d0829fa08,2009-10-20T04:05:18Z,exact,"harvester downscale, byte-identical","recovered by 14_commons_provenance.py: the Commons original after 06_harvest_commons.py's downscale (RGB, max 1024 px, JPEG quality 90)"
casent0005512,Strumigenys,test,p,data/images/Strumigenys/casent0005512_p.jpg,f72276327a44834a352820112202fdc7e1c07a964ee93a80b3fb1e3514f5fb1f,1024,675,151098,commons,https://upload.wikimedia.org/wikipedia/commons/e/e4/Strumigenys_covina_casent0005512_profile_1.jpg,Strumigenys covina casent0005512 profile 1.jpg,0f19f2f1478badbaf1065b48e6a73078524a82e2,2009-10-22T03:17:58Z,exact,"harvester downscale, byte-identical","recovered by 14_commons_provenance.py: the Commons original after 06_harvest_commons.py's downscale (RGB, max 1024 px, JPEG quality 90)"
casent0005513,Strumigenys,train,p,data/images/Strumigenys/casent0005513_p.jpg,563f3008f0d01cd2b45ac3c9dc17be7e434db298b99d95e326efd77fb4b8ef69,1024,713,144213,commons,https://upload.wikimedia.org/wikipedia/commons/e/ea/Strumigenys_deverra_casent0005513_profile_1.jpg,Strumigenys deverra casent0005513 profile 1.jpg,4d91bd9718f61d7c348d5dba8bb5b62ff1c44654,2009-10-19T22:16:41Z,exact,"harvester downscale, byte-identical","recovered by 14_commons_provenance.py: the Commons original after 06_harvest_commons.py's downscale (RGB, max 1024 px, JPEG quality 90)"
casent0005514,Strumigenys,test,p,data/images/Strumigenys/casent0005514_p.jpg,8e04bd008a622a509dd14e016a9f8d6d957a71080a9017999318b68089608f85,1024,669,143754,commons,https://upload.wikimedia.org/wikipedia/commons/8/85/Strumigenys_deverra_casent0005514_profile_1.jpg,Strumigenys deverra casent0005514 profile 1.jpg,3302272b5b28efc270c933ce828b5b325895c448,2009-10-19T02:33:48Z,exact,"harvester downscale, byte-identical","recovered by 14_commons_provenance.py: the Commons original after 06_harvest_commons.py's downscale (RGB, max 1024 px, JPEG quality 90)"
casent0005515,Strumigenys,train,p,data/images/Strumigenys/casent0005515_p.jpg,931e582adb4e3542537c8e3f11184cc57260ad7dd2e3893f21883b5953e0a3af,1024,680,156383,commons,https://upload.wikimedia.org/wikipedia/commons/2/22/Strumigenys_deverra_casent0005515_profile_1.jpg,Strumigenys deverra casent0005515 profile 1.jpg,65f56c3489116d81324d0309d13ae385058a69e6,2009-10-22T09:51:50Z,exact,"harvester downscale, byte-identical","recovered by 14_commons_provenance.py: the Commons original after 06_harvest_commons.py's downscale (RGB, max 1024 px, JPEG quality 90)"
casent0005516,Strumigenys,train,p,data/images/Strumigenys/casent0005516_p.jpg,9711f551b4b6fc15b7239b0168d1295308e861cdb1eece9e4e373a749a9aa118,1024,607,130984,commons,https://upload.wikimedia.org/wikipedia/commons/9/9f/Strumigenys_deverra_casent0005516_profile_1.jpg,Strumigenys deverra casent0005516 profile 1.jpg,a7c714225b305d7c650be65bbb5312e8c2dc0979,2009-10-20T06:23:36Z,exact,"harvester downscale, byte-identical","recovered by 14_commons_provenance.py: the Commons original after 06_harvest_commons.py's downscale (RGB, max 1024 px, JPEG quality 90)"
casent0005517,Strumigenys,train,p,data/images/Strumigenys/casent0005517_p.jpg,b9adcb1e5a74fe07f5d8d928ece39fb1a0665c66db01db8d6ca816e63148b249,1024,768,213623,commons,https://upload.wikimedia.org/wikipedia/commons/7/7d/Strumigenys_dexis_casent0005517_profile_1.jpg,Strumigenys dexis casent0005517 profile 1.jpg,83b1a537d482151f2443e74f5d93d58a44643abf,2009-10-22T20:21:47Z,exact,"harvester downscale, byte-identical","recovered by 14_commons_provenance.py: the Commons original after 06_harvest_commons.py's downscale (RGB, max 1024 px, JPEG quality 90)"
casent0005518,Strumigenys,train,p,data/images/Strumigenys/casent0005518_p.jpg,c8716f81f6192b54861ecde631e9755610d115e25b63435ff91ed9a2ca36ec65,1024,630,153122,commons,https://upload.wikimedia.org/wikipedia/commons/1/1a/Strumigenys_dicomas_casent0005518_profile_1.jpg,Strumigenys dicomas casent0005518 profile 1.jpg,eeb9d44ef7e142b20f4ce93c3c64ee3739514551,2009-10-20T17:22:22Z,exact,"harvester downscale, byte-identical","recovered by 14_commons_provenance.py: the Commons original after 06_harvest_commons.py's downscale (RGB, max 1024 px, JPEG quality 90)"
casent0005519,Strumigenys,train,p,data/images/Strumigenys/casent0005519_p.jpg,d075760e7034b1d89fdd5accdbe81f238ecf1d21c0b2f6836bcf61cb3c873446,1024,578,115357,commons,https://upload.wikimedia.org/wikipedia/commons/b/b6/Strumigenys_dicomas_casent0005519_profile_1.jpg,Strumigenys dicomas casent0005519 profile 1.jpg,a58910b6656fcebccf96701c82dfc11171192036,2009-10-18T10:38:24Z,exact,"harvester downscale, byte-identical","recovered by 14_commons_provenance.py: the Commons original after 06_harvest_commons.py's downscale (RGB, max 1024 px, JPEG quality 90)"
casent0005521,Strumigenys,train,p,data/images/Strumigenys/casent0005521_p.jpg,3497afcd72b2578b575410bde996eee5a16c0968b44a5207adfcf179f958d119,1024,635,122652,commons,https://upload.wikimedia.org/wikipedia/commons/7/7e/Strumigenys_dicomas_casent0005521_profile_1.jpg,Strumigenys dicomas casent0005521 profile 1.jpg,c0e313ab2d3d9dcd0b93cec13e2045e3254b785d,2009-10-22T19:48:32Z,exact,"harvester downscale, byte-identical","recovered by 14_commons_provenance.py: the Commons original after 06_harvest_commons.py's downscale (RGB, max 1024 px, JPEG quality 90)"
casent0005522,Strumigenys,train,p,data/images/Strumigenys/casent0005522_p.jpg,d8fd187e64ad42fafb5aea4ded1780a81663fb4e429eb74fb3f59c8d5e7bb285,1024,708,156830,commons,https://upload.wikimedia.org/wikipedia/commons/0/00/Strumigenys_diota_casent0005522_profile_1.jpg,Strumigenys diota casent0005522 profile 1.jpg,a768ce3d893433d7e3ef5da12c689bc66a91d824,2009-10-19T13:10:56Z,exact,"harvester downscale, byte-identical","recovered by 14_commons_provenance.py: the Commons original after 06_harvest_commons.py's downscale (RGB, max 1024 px, JPEG quality 90)"
casent0005523,Strumigenys,train,p,data/images/Strumigenys/casent0005523_p.jpg,12acc320b2fc9e50187b4877b22ac8459f381be0a627d9651642bb70b9e7967f,1280,623,181809,commons,https://upload.wikimedia.org/wikipedia/commons/6/63/Strumigenys_dolabra_casent0005523_profile_1.jpg,Strumigenys dolabra casent0005523 profile 1.jpg,19e62c4328f4ecae61485b71c6c83fdbd39d324e,2009-10-21T02:48:47Z,exact,"Commons server thumbnail, byte-identical","recovered by 14_commons_provenance.py: Commons' own thumbnail of that original (requested at 1024 px, served at the next standard width); not what the current harvester fetches, so most likely an earlier version of it, whose docstring still describes 1024 px thumbnails"
casent0005524,Strumigenys,train,p,data/images/Strumigenys/casent0005524_p.jpg,d5f352e0268e505147a2873643d0740409d5118e4896ae727eb969d893a99d49,1024,622,165360,commons,https://upload.wikimedia.org/wikipedia/commons/f/f7/Strumigenys_dora_casent0005524_profile_1.jpg,Strumigenys dora casent0005524 profile 1.jpg,1fc2296c2635040406df212423ba712e941b7795,2009-10-19T01:09:58Z,exact,"harvester downscale, byte-identical","recovered by 14_commons_provenance.py: the Commons original after 06_harvest_commons.py's downscale (RGB, max 1024 px, JPEG quality 90)"
casent0005527,Strumigenys,train,p,data/images/Strumigenys/casent0005527_p.jpg,d93d095cb77ef47275827638833415d7545bc2aff8e5bf8332295a244a0c111d,1024,732,171230,commons,https://upload.wikimedia.org/wikipedia/commons/3/3a/Strumigenys_doxa_casent0005527_profile_1.jpg,Strumigenys doxa casent0005527 profile 1.jpg,5b5b9902862ad16e8a6cf717a836572f7c1f7400,2009-10-21T18:18:42Z,exact,"harvester downscale, byte-identical","recovered by 14_commons_provenance.py: the Commons original after 06_harvest_commons.py's downscale (RGB, max 1024 px, JPEG quality 90)"
casent0005528,Strumigenys,train,p,data/images/Strumigenys/casent0005528_p.jpg,d2d21dcb825254356387e9b2e03b263121bb3edd7b7b95dd6ddc83d2ae3afe6e,1024,653,160233,commons,https://upload.wikimedia.org/wikipedia/commons/4/44/Strumigenys_ection_casent0005528_profile_1.jpg,Strumigenys ection casent0005528 profile 1.jpg,3504d195c5dfdc2e3f105dc46fb052d1fa441966,2009-10-18T19:08:10Z,exact,"harvester downscale, byte-identical","recovered by 14_commons_provenance.py: the Commons original after 06_harvest_commons.py's downscale (RGB, max 1024 px, JPEG quality 90)"
casent0005529,Strumigenys,train,p,data/images/Strumigenys/casent0005529_p.jpg,5cd3e97a07208d5de02761b0eda20285de2179c1b90593819d226fe4350894b5,1024,619,129051,commons,https://upload.wikimedia.org/wikipedia/commons/d/d1/Strumigenys_epulo_casent0005529_profile_1.jpg,Strumigenys epulo casent0005529 profile 1.jpg,0a78d1fb2775ac46f057d8b09aafab4e63aa73e4,2009-10-20T18:50:21Z,exact,"harvester downscale, byte-identical","recovered by 14_commons_provenance.py: the Commons original after 06_harvest_commons.py's downscale (RGB, max 1024 px, JPEG quality 90)"
casent0005531,Strumigenys,train,p,data/images/Strumigenys/casent0005531_p.jpg,9d6d22a9216bd356090843afaafd1b4ec915feafd333a9f8346381329f9d58ed,1024,581,119392,commons,https://upload.wikimedia.org/wikipedia/commons/9/9e/Strumigenys_epulo_casent0005531_profile_1.jpg,Strumigenys epulo casent0005531 profile 1.jpg,25a157aa3b76810b9afef5824ce5e6dc1220eb3a,2009-10-18T08:35:38Z,exact,"harvester downscale, byte-identical","recovered by 14_commons_provenance.py: the Commons original after 06_harvest_commons.py's downscale (RGB, max 1024 px, JPEG quality 90)"
casent0005532,Strumigenys,train,p,data/images/Strumigenys/casent0005532_p.jpg,c902f01e08e31123131829be9f6f5a4ed13daf6ab75c335aa2273386d373a830,1024,607,137202,commons,https://upload.wikimedia.org/wikipedia/commons/9/9b/Strumigenys_epulo_casent0005532_profile_1.jpg,Strumigenys epulo casent0005532 profile 1.jpg,871fc5880738371380e4145c390e6cbb1afc3cc4,2009-10-22T04:24:22Z,exact,"harvester downscale, byte-identical","recovered by 14_commons_provenance.py: the Commons original after 06_harvest_commons.py's downscale (RGB, max 1024 px, JPEG quality 90)"
casent0005533,Strumigenys,train,p,data/images/Strumigenys/casent0005533_p.jpg,da5f05a37f940c0022ca5c99da84055c794f487ff7f6ebc5a617ebf6bc258f0c,1024,726,159012,commons,https://upload.wikimedia.org/wikipedia/commons/8/8b/Strumigenys_europs_casent0005533_profile_1.jpg,Strumigenys europs casent0005533 profile 1.jpg,db9c8d5173819a1701450ee67505006b9c18d173,2009-10-21T20:19:09Z,exact,"harvester downscale, byte-identical","recovered by 14_commons_provenance.py: the Commons original after 06_harvest_commons.py's downscale (RGB, max 1024 px, JPEG quality 90)"
casent0005534,Strumigenys,train,p,data/images/Strumigenys/casent0005534_p.jpg,0fccef2a6a65f891b5aaa882c8f7b48928e42b2637bde1e6100769de73a1d25a,1024,629,154457,commons,https://upload.wikimedia.org/wikipedia/commons/6/63/Strumigenys_europs_casent0005534_profile_1.jpg,Strumigenys europs casent0005534 profile 1.jpg,10ebdc2d185f61482b24650fdfd344b29b8905b5,2009-10-19T09:56:10Z,exact,"harvester downscale, byte-identical","recovered by 14_commons_provenance.py: the Commons original after 06_harvest_commons.py's downscale (RGB, max 1024 px, JPEG quality 90)"
casent0005535,Strumigenys,train,p,data/images/Strumigenys/casent0005535_p.jpg,90a5a558a0a31ccdec24956690d97e37bd724977537c8312b34985c883b5bc7c,1024,571,127086,commons,https://upload.wikimedia.org/wikipedia/commons/f/f4/Strumigenys_fanano_casent0005535_profile_1.jpg,Strumigenys fanano casent0005535 profile 1.jpg,510304282509d4cf5c1880e729678ad9d3698cd9,2009-10-22T04:05:00Z,exact,"harvester downscale, byte-identical","recovered by 14_commons_provenance.py: the Commons original after 06_harvest_commons.py's downscale (RGB, max 1024 px, JPEG quality 90)"
casent0005536,Strumigenys,test,p,data/images/Strumigenys/casent0005536_p.jpg,0f5bff51d641d74cfbd4682bd5067d12027e090a592c408976479405c0bc1cef,1024,649,138029,commons,https://upload.wikimedia.org/wikipedia/commons/6/6c/Strumigenys_finator_casent0005536_profile_1.jpg,Strumigenys finator casent0005536 profile 1.jpg,8febabf7f78266aad952c8d466e958670bff9db0,2009-10-21T09:15:36Z,exact,"harvester downscale, byte-identical","recovered by 14_commons_provenance.py: the Commons original after 06_harvest_commons.py's downscale (RGB, max 1024 px, JPEG quality 90)"
casent0005537,Strumigenys,train,p,data/images/Strumigenys/casent0005537_p.jpg,adce60fe0c8ec6384b63ca2b9bde041563bd2fbe8bce1ab5af7b4bedceca8612,1024,658,135843,commons,https://upload.wikimedia.org/wikipedia/commons/9/9c/Strumigenys_finator_casent0005537_profile_1.jpg,Strumigenys finator casent0005537 profile 1.jpg,991afe77d3524fd1e86c6d5a135ef1229d0b22a9,2009-10-18T22:30:07Z,exact,"harvester downscale, byte-identical","recovered by 14_commons_provenance.py: the Commons original after 06_harvest_commons.py's downscale (RGB, max 1024 px, JPEG quality 90)"
casent0005538,Strumigenys,train,p,data/images/Strumigenys/casent0005538_p.jpg,69bc35557967de20afd19c121e879097107f4986bcdfab6dc6e69e0c46c650c9,1022,808,147458,commons,https://upload.wikimedia.org/wikipedia/commons/f/fa/Strumigenys_fronto_casent0005538_profile_1.jpg,Strumigenys fronto casent0005538 profile 1.jpg,fa533fc516ac33188252802f24d70334c34ef4b9,2009-10-19T10:47:40Z,exact,"harvester downscale, byte-identical","recovered by 14_commons_provenance.py: the Commons original after 06_harvest_commons.py's downscale (RGB, max 1024 px, JPEG quality 90)"
casent0005539,Strumigenys,train,p,data/images/Strumigenys/casent0005539_p.jpg,9b342f6e3696d7b203a6bdb7a62751ded49c67ddab8e4813a88a984884c68df5,1024,788,180658,commons,https://upload.wikimedia.org/wikipedia/commons/d/da/Strumigenys_fronto_casent0005539_profile_1.jpg,Strumigenys fronto casent0005539 profile 1.jpg,35c227bc2e1fa39e5ce479e45725a7e635d6ae57,2009-10-21T18:00:59Z,exact,"harvester downscale, byte-identical","recovered by 14_commons_provenance.py: the Commons original after 06_harvest_commons.py's downscale (RGB, max 1024 px, JPEG quality 90)"
casent0005540,Strumigenys,test,p,data/images/Strumigenys/casent0005540_p.jpg,0002b4fd8935bd48abdf226c3a8cfead22853509e4b268eaa18d193d8df7a12e,1280,768,177015,commons,https://upload.wikimedia.org/wikipedia/commons/2/20/Strumigenys_fronto_casent0005540_profile_1.jpg,Strumigenys fronto casent0005540 profile 1.jpg,513447e502a9e0491f4293c987fa4d1baa4c62da,2009-10-19T08:39:47Z,exact,"Commons server thumbnail, byte-identical","recovered by 14_commons_provenance.py: Commons' own thumbnail of that original (requested at 1024 px, served at the next standard width); not what the current harvester fetches, so most likely an earlier version of it, whose docstring still describes 1024 px thumbnails"
casent0005541,Strumigenys,train,p,data/images/Strumigenys/casent0005541_p.jpg,691b43922d96be7177d0ec2b819fe2676a4939527c9623cdf1fdad7aa66c0dd9,1024,549,128438,commons,https://upload.wikimedia.org/wikipedia/commons/e/e0/Strumigenys_fronto_casent0005541_profile_1.jpg,Strumigenys fronto casent0005541 profile 1.jpg,b47645b4a040a24336651ca7ee4cc5a67480dfb1,2009-10-20T09:51:25Z,exact,"harvester downscale, byte-identical","recovered by 14_commons_provenance.py: the Commons original after 06_harvest_commons.py's downscale (RGB, max 1024 px, JPEG quality 90)"
casent0005542,Strumigenys,test,p,data/images/Strumigenys/casent0005542_p.jpg,9778340430d8f5cb059df335017fac1db0a79dda02b2e076a8e7bafed8a5496d,1024,610,130159,commons,https://upload.wikimedia.org/wikipedia/commons/f/fd/Strumigenys_glycon_casent0005542_profile_1.jpg,Strumigenys glycon casent0005542 profile 1.jpg,239603052087bf31068c6e7c645bacef9ca2f854,2009-10-20T18:28:05Z,exact,"harvester downscale, byte-identical","recovered by 14_commons_provenance.py: the Commons original after 06_harvest_commons.py's downscale (RGB, max 1024 px, JPEG quality 90)"
casent0005543,Strumigenys,train,p,data/images/Strumigenys/casent0005543_p.jpg,337160c9bf4fbaabaed4d8a8b1de475132179691ef22674e5079de10e0515194,1024,614,128354,commons,https://upload.wikimedia.org/wikipedia/commons/9/96/Strumigenys_glycon_casent0005543_profile_1.jpg,Strumigenys glycon casent0005543 profile 1.jpg,d868e6bbe02bad3819bfce6340096d277144a78f,2009-10-22T20:50:47Z,exact,"harvester downscale, byte-identical","recovered by 14_commons_provenance.py: the Commons original after 06_harvest_commons.py's downscale (RGB, max 1024 px, JPEG quality 90)"
casent0005544,Strumigenys,test,p,data/images/Strumigenys/casent0005544_p.jpg,6213bed9377c2d0a3facc9a1057c2805eef39484989a156c6f3a9470fd842f0f,1024,660,128148,commons,https://upload.wikimedia.org/wikipedia/commons/1/19/Strumigenys_glycon_casent0005544_profile_1.jpg,Strumigenys glycon casent0005544 profile 1.jpg,8395a17d0a683160b725120aaee97e9ef76343df,2009-10-20T14:33:18Z,exact,"harvester downscale, byte-identical","recovered by 14_commons_provenance.py: the Commons original after 06_harvest_commons.py's downscale (RGB, max 1024 px, JPEG quality 90)"
casent0005546,Strumigenys,train,p,data/images/Strumigenys/casent0005546_p.jpg,9c34aeb6cbd63ecf499fac10914248859fd22785bbf59cf929ffd864db91a11c,1024,683,152794,commons,https://upload.wikimedia.org/wikipedia/commons/2/2e/Strumigenys_diota_casent0005546_profile_1.jpg,Strumigenys diota casent0005546 profile 1.jpg,bc089f9a3c2c563e62943694c90f4a88164f5000,2009-10-22T04:20:42Z,exact,"harvester downscale, byte-identical","recovered by 14_commons_provenance.py: the Commons original after 06_harvest_commons.py's downscale (RGB, max 1024 px, JPEG quality 90)"
casent0005549,Strumigenys,train,p,data/images/Strumigenys/casent0005549_p.jpg,9c1419d5437a68376c5344094c09c70e2f93c59635b42579ad397cd3db2995ea,1024,754,194462,commons,https://upload.wikimedia.org/wikipedia/commons/e/e1/Strumigenys_gorgon_casent0005549_profile_1.jpg,Strumigenys gorgon casent0005549 profile 1.jpg,fae112e943711806102c5c9b88bd3769d6186374,2009-10-22T19:46:00Z,exact,"harvester downscale, byte-identical","recovered by 14_commons_provenance.py: the Commons original after 06_harvest_commons.py's downscale (RGB, max 1024 px, JPEG quality 90)"
casent0005551,Strumigenys,train,p,data/images/Strumigenys/casent0005551_p.jpg,81b5dc8ba55096d3b1812a22e63703ee7363ecf358a9ae98cc4f41f5d97abe72,1024,618,152750,commons,https://upload.wikimedia.org/wikipedia/commons/0/03/Strumigenys_heliani_casent0005551_profile_1.jpg,Strumigenys heliani casent0005551 profile 1.jpg,16f37cf2992004849c42bd550aff30b7410fb704,2009-10-20T16:42:21Z,exact,"harvester downscale, byte-identical","recovered by 14_commons_provenance.py: the Commons original after 06_harvest_commons.py's downscale (RGB, max 1024 px, JPEG quality 90)"
casent0005552,Strumigenys,train,p,data/images/Strumigenys/casent0005552_p.jpg,d4ec46c96feb2b582c901e77426aec1dc7db8c4cedf75d13f0130e436fa4e212,1024,683,137623,commons,https://upload.wikimedia.org/wikipedia/commons/2/20/Strumigenys_hilaris_casent0005552_profile_1.jpg,Strumigenys hilaris casent0005552 profile 1.jpg,77f4d59ed71ba1abc4cea65a77535fbedb83724d,2009-10-20T00:45:45Z,exact,"harvester downscale, byte-identical","recovered by 14_commons_provenance.py: the Commons original after 06_harvest_commons.py's downscale (RGB, max 1024 px, JPEG quality 90)"
casent0005553,Strumigenys,train,p,data/images/Strumigenys/casent0005553_p.jpg,dbce2ca4d704976ed0179e768960e11b41fdebbf7920ae6101fb4afcbed13aea,1024,703,141235,commons,https://upload.wikimedia.org/wikipedia/commons/1/1f/Strumigenys_hilaris_casent0005553_profile_1.jpg,Strumigenys hilaris casent0005553 profile 1.jpg,fb44047b27d26e2316d77510f430931ec4588f71,2009-10-18T14:50:11Z,exact,"harvester downscale, byte-identical","recovered by 14_commons_provenance.py: the Commons original after 06_harvest_commons.py's downscale (RGB, max 1024 px, JPEG quality 90)"
casent0005556,Strumigenys,test,p,data/images/Strumigenys/casent0005556_p.jpg,970dd1c03d2390014fb7734d1238ce866036ae770f7275bb37ba15318b4cace8,1024,618,136944,commons,https://upload.wikimedia.org/wikipedia/commons/7/7b/Strumigenys_inatos_casent0005556_profile_1.jpg,Strumigenys inatos casent0005556 profile 1.jpg,329f97689ae08bdbd1854532592968a4e4f32124,2009-10-21T16:13:36Z,exact,"harvester downscale, byte-identical","recovered by 14_commons_provenance.py: the Commons original after 06_harvest_commons.py's downscale (RGB, max 1024 px, JPEG quality 90)"
casent0005557,Strumigenys,test,p,data/images/Strumigenys/casent0005557_p.jpg,4721636baf054cc40143958372ccc33071b428d029291168eaab4fc9f2b6dd29,1024,803,141601,commons,https://upload.wikimedia.org/wikipedia/commons/e/e4/Strumigenys_inatos_casent0005557_profile_1.jpg,Strumigenys inatos casent0005557 profile 1.jpg,f9ee3346c545397c53114e0a6d8e9d0349579938,2009-10-21T13:43:54Z,exact,"harvester downscale, byte-identical","recovered by 14_commons_provenance.py: the Commons original after 06_harvest_commons.py's downscale (RGB, max 1024 px, JPEG quality 90)"
casent0005558,Strumigenys,test,p,data/images/Strumigenys/casent0005558_p.jpg,ed94eadc4fb347c96831055345a7552edbe616ac02b4660cf76f5cbc857f31a3,1280,739,175271,commons,https://upload.wikimedia.org/wikipedia/commons/d/db/Strumigenys_inatos_casent0005558_profile_1.jpg,Strumigenys inatos casent0005558 profile 1.jpg,ae0558869c77a91aee2a0dc29b4d1b2f0a49d36a,2009-10-19T21:22:58Z,exact,"Commons server thumbnail, byte-identical","recovered by 14_commons_provenance.py: Commons' own thumbnail of that original (requested at 1024 px, served at the next standard width); not what the current harvester fetches, so most likely an earlier version of it, whose docstring still describes 1024 px thumbnails"
casent0005559,Strumigenys,test,p,data/images/Strumigenys/casent0005559_p.jpg,ba3f24223b509ee114cbe64b6853af593cc19496cb1c3603e42f269b35f2aec2,1024,573,126031,commons,https://upload.wikimedia.org/wikipedia/commons/3/3f/Strumigenys_inatos_casent0005559_profile_1.jpg,Strumigenys inatos casent0005559 profile 1.jpg,9c21af54e2e9d34596d731ecdc1eaf89b76dddc3,2009-10-19T03:41:29Z,exact,"harvester downscale, byte-identical","recovered by 14_commons_provenance.py: the Commons original after 06_harvest_commons.py's downscale (RGB, max 1024 px, JPEG quality 90)"
casent0005560,Strumigenys,train,p,data/images/Strumigenys/casent0005560_p.jpg,5872bcbf5275045cbbe45c709b1f84e76acc6375c32c081ae4632cde333d6818,1024,640,140683,commons,https://upload.wikimedia.org/wikipedia/commons/8/82/Strumigenys_ipsea_casent0005560_profile_1.jpg,Strumigenys ipsea casent0005560 profile 1.jpg,e4c7e954c7d612f0ed66facf2caea3e5e8b30828,2009-10-22T13:55:13Z,exact,"harvester downscale, byte-identical","recovered by 14_commons_provenance.py: the Commons original after 06_harvest_commons.py's downscale (RGB, max 1024 px, JPEG quality 90)"
casent0005561,Strumigenys,train,p,data/images/Strumigenys/casent0005561_p.jpg,bcb7cf6c3ea329a92aba60829ff1080b327fbebfcf457697b15bb6d84559020d,1024,611,139019,commons,https://upload.wikimedia.org/wikipedia/commons/6/6d/Strumigenys_ipsea_casent0005561_profile_1.jpg,Strumigenys ipsea casent0005561 profile 1.jpg,0f9ac7e94bba7235c35381072f54844fe128dabb,2009-10-21T11:17:20Z,exact,"harvester downscale, byte-identical","recovered by 14_commons_provenance.py: the Commons original after 06_harvest_commons.py's downscale (RGB, max 1024 px, JPEG quality 90)"
casent0005562,Strumigenys,train,p,data/images/Strumigenys/casent0005562_p.jpg,1ed4129f7c542159f4c767a3a7c95ccf1107017c016a05a2d5e765f68d7b0294,1024,663,144612,commons,https://upload.wikimedia.org/wikipedia/commons/9/92/Strumigenys_ipsea_casent0005562_profile_1.jpg,Strumigenys ipsea casent0005562 profile 1.jpg,77a75f8d9aa14ee2a50fee798b2c49c55353d55a,2009-10-20T13:07:44Z,exact,"harvester downscale, byte-identical","recovered by 14_commons_provenance.py: the Commons original after 06_harvest_commons.py's downscale (RGB, max 1024 px, JPEG quality 90)"
casent0005563,Strumigenys,test,p,data/images/Strumigenys/casent0005563_p.jpg,8f7fb93ec6e0d61099e63e6855921f03509d82d6a1ec706220cb8953e95f662f,1024,564,134016,commons,https://upload.wikimedia.org/wikipedia/commons/e/ef/Strumigenys_ipsea_casent0005563_profile_1.jpg,Strumigenys ipsea casent0005563 profile 1.jpg,9ba87080a98f5fcffbf120eaf2d4b215f9b738b8,2009-10-19T02:30:08Z,exact,"harvester downscale, byte-identical","recovered by 14_commons_provenance.py: the Commons original after 06_harvest_commons.py's downscale (RGB, max 1024 px, JPEG quality 90)"
casent0005564,Strumigenys,test,p,data/images/Strumigenys/casent0005564_p.jpg,5a13aa64ab3958164e68839d22d43b4f20f1870849a687cfe02fd7658106c11e,1024,573,117043,commons,https://upload.wikimedia.org/wikipedia/commons/2/28/Strumigenys_labaris_casent0005564_profile_1.jpg,Strumigenys labaris casent0005564 profile 1.jpg,4a94a0a70efb38c02811c33a2cfb73a1935bc1be,2009-10-22T08:11:56Z,exact,"harvester downscale, byte-identical","recovered by 14_commons_provenance.py: the Commons original after 06_harvest_commons.py's downscale (RGB, max 1024 px, JPEG quality 90)"
casent0005565,Strumigenys,train,p,data/images/Strumigenys/casent0005565_p.jpg,b21db941de161efd0adb5ed1b86777af4c7236c071be21a9748f0227556ebd9e,1024,633,135809,commons,https://upload.wikimedia.org/wikipedia/commons/7/71/Strumigenys_labaris_casent0005565_profile_1.jpg,Strumigenys labaris casent0005565 profile 1.jpg,ba2f3278d6d473957a323f720870156c07d52ffb,2009-10-19T03:37:15Z,exact,"harvester downscale, byte-identical","recovered by 14_commons_provenance.py: the Commons original after 06_harvest_commons.py's downscale (RGB, max 1024 px, JPEG quality 90)"
casent0005566,Strumigenys,test,p,data/images/Strumigenys/casent0005566_p.jpg,43cf3a7b51a302345a9cd3bdd9fdb31cd94681daa36478da5deaffe59540898a,1024,585,134529,commons,https://upload.wikimedia.org/wikipedia/commons/a/aa/Strumigenys_langrandi_casent0005566_profile_1.jpg,Strumigenys langrandi casent0005566 profile 1.jpg,63cab124021e77c53c69c03846847f802f7d1070,2009-10-21T02:17:10Z,exact,"harvester downscale, byte-identical","recovered by 14_commons_provenance.py: the Commons original after 06_harvest_commons.py's downscale (RGB, max 1024 px, JPEG quality 90)"
casent0005568,Strumigenys,train,p,data/images/Strumigenys/casent0005568_p.jpg,16c4aee634f7bdaeeb927844b78b101efea9561780365fcf94f19ac7814aca22,1280,781,188311,commons,https://upload.wikimedia.org/wikipedia/commons/8/81/Strumigenys_langrandi_casent0005568_profile_1.jpg,Strumigenys langrandi casent0005568 profile 1.jpg,11de7835f61f04896abd6aa06436b46e3cc56891,2009-10-21T09:41:48Z,exact,"Commons server thumbnail, byte-identical","recovered by 14_commons_provenance.py: Commons' own thumbnail of that original (requested at 1024 px, served at the next standard width); not what the current harvester fetches, so most likely an earlier version of it, whose docstring still describes 1024 px thumbnails"
casent0005569,Strumigenys,train,p,data/images/Strumigenys/casent0005569_p.jpg,f0d3ebf8c272a2af6ebd6750e52dd7690f357482fa3a18bc1946ca5d40f35e21,1024,638,151050,commons,https://upload.wikimedia.org/wikipedia/commons/0/0f/Strumigenys_levana_casent0005569_profile_1.jpg,Strumigenys levana casent0005569 profile 1.jpg,da680c0c47b2b7013327674f1690a9e0bde5e46a,2009-10-21T04:06:06Z,exact,"harvester downscale, byte-identical","recovered by 14_commons_provenance.py: the Commons original after 06_harvest_commons.py's downscale (RGB, max 1024 px, JPEG quality 90)"
casent0005570,Strumigenys,train,p,data/images/Strumigenys/casent0005570_p.jpg,f39527233a423ef89685866f33e53e128e0f8b712ec99caf5cf8b999daf86e79,1024,528,112243,commons,https://upload.wikimedia.org/wikipedia/commons/3/32/Strumigenys_levana_casent0005570_profile_1.jpg,Strumigenys levana casent0005570 profile 1.jpg,d93e2828eea719166b4432bc9697f53caf732200,2009-10-19T19:27:10Z,exact,"harvester downscale, byte-identical","recovered by 14_commons_provenance.py: the Commons original after 06_harvest_commons.py's downscale (RGB, max 1024 px, JPEG quality 90)"
casent0005571,Strumigenys,test,p,data/images/Strumigenys/casent0005571_p.jpg,9e94b79ab5aac64ad685214df3a514eadb13eb2ee1a1c05c4e3ff30e37b202bb,1024,651,143475,commons,https://upload.wikimedia.org/wikipedia/commons/1/10/Strumigenys_levana_casent0005571_profile_1.jpg,Strumigenys levana casent0005571 profile 1.jpg,b89a235ca4eb2ad7514b3988a480fc52d1daf540,2009-10-18T11:13:35Z,exact,"harvester downscale, byte-identical","recovered by 14_commons_provenance.py: the Commons original after 06_harvest_commons.py's downscale (RGB, max 1024 px, JPEG quality 90)"
casent0005572,Strumigenys,train,p,data/images/Strumigenys/casent0005572_p.jpg,6f9b687581c75d8288e4e07cf1d06b5907a1436c185f478312acded22c2b98b4,1024,575,135934,commons,https://upload.wikimedia.org/wikipedia/commons/9/97/Strumigenys_levana_casent0005572_profile_1.jpg,Strumigenys levana casent0005572 profile 1.jpg,905e4d0d85890360e101faa0ccec89b9f8dbc781,2009-10-19T03:01:02Z,exact,"harvester downscale, byte-identical","recovered by 14_commons_provenance.py: the Commons original after 06_harvest_commons.py's downscale (RGB, max 1024 px, JPEG quality 90)"
casent0005573,Strumigenys,train,p,data/images/Strumigenys/casent0005573_p.jpg,39b5b2e8e7911f5f464b5699e1fb28381c2ae4a073bbaf704d6788cc34a94314,1024,657,133044,commons,https://upload.wikimedia.org/wikipedia/commons/8/81/Strumigenys_lexex_casent0005573_profile_1.jpg,Strumigenys lexex casent0005573 profile 1.jpg,8628c6b4d511dd84c01e2a7ff44e68ba0ca1a700,2009-10-18T19:08:46Z,exact,"harvester downscale, byte-identical","recovered by 14_commons_provenance.py: the Commons original after 06_harvest_commons.py's downscale (RGB, max 1024 px, JPEG quality 90)"
casent0005574,Strumigenys,train,p,data/images/Strumigenys/casent0005574_p.jpg,60e7dde77c62ceda09570c4e71958b2c8faa011da9bef288dcc5fc96ac08148b,1024,656,132729,commons,https://upload.wikimedia.org/wikipedia/commons/3/3a/Strumigenys_lexex_casent0005574_profile_1.jpg,Strumigenys lexex casent0005574 profile 1.jpg,21aba821bfc5a3ee2479e88bb93c08ad7af2d6c8,2009-10-22T11:46:39Z,exact,"harvester downscale, byte-identical","recovered by 14_commons_provenance.py: the Commons original after 06_harvest_commons.py's downscale (RGB, max 1024 px, JPEG quality 90)"
casent0005575,Strumigenys,test,p,data/images/Strumigenys/casent0005575_p.jpg,21dd2e4630c7c818d4edd7f297f76373b786a31baa8f05309c70dfe56ff847df,1024,707,139339,commons,https://upload.wikimedia.org/wikipedia/commons/8/8d/Strumigenys_lexex_casent0005575_profile_1.jpg,Strumigenys lexex casent0005575 profile 1.jpg,a05699ae61b7afdb63a5e54c0a4f107fe4f7819b,2009-10-19T11:22:08Z,exact,"harvester downscale, byte-identical","recovered by 14_commons_provenance.py: the Commons original after 06_harvest_commons.py's downscale (RGB, max 1024 px, JPEG quality 90)"
casent0005576,Strumigenys,train,p,data/images/Strumigenys/casent0005576_p.jpg,ddef17ac67cc7d2a9300f9b4c650a62ea90b52ea8a55848226f04ff863667337,1024,559,134853,commons,https://upload.wikimedia.org/wikipedia/commons/7/7a/Strumigenys_lexex_casent0005576_profile_1.jpg,Strumigenys lexex casent0005576 profile 1.jpg,7a7f3da3483339daa7c287a728b54cda392af7cf,2009-10-19T11:14:33Z,exact,"harvester downscale, byte-identical","recovered by 14_commons_provenance.py: the Commons original after 06_harvest_commons.py's downscale (RGB, max 1024 px, JPEG quality 90)"
casent0005577,Strumigenys,train,p,data/images/Strumigenys/casent0005577_p.jpg,afd84a7297104fe934744f36858acc70cb0456c6c7b62c0c3a74f368ec339a04,1024,616,129074,commons,https://upload.wikimedia.org/wikipedia/commons/6/60/Strumigenys_livens_casent0005577_profile_1.jpg,Strumigenys livens casent0005577 profile 1.jpg,99d4dec9184f1ca2e29d75ec96ab8080811ed9e4,2009-10-20T19:12:33Z,exact,"harvester downscale, byte-identical","recovered by 14_commons_provenance.py: the Commons original after 06_harvest_commons.py's downscale (RGB, max 1024 px, JPEG quality 90)"
casent0005578,Strumigenys,test,p,data/images/Strumigenys/casent0005578_p.jpg,f425d491bfd9c328835f3f738b4028bdd5b5419e3a555986c6530fecec2b74bb,1024,637,140528,commons,https://upload.wikimedia.org/wikipedia/commons/3/3b/Strumigenys_livens_casent0005578_profile_1.jpg,Strumigenys livens casent0005578 profile 1.jpg,fb0ba38c57be8fc435b96250e0ef51e8d3762071,2009-10-18T17:16:20Z,exact,"harvester downscale, byte-identical","recovered by 14_commons_provenance.py: the Commons original after 06_harvest_commons.py's downscale (RGB, max 1024 px, JPEG quality 90)"
casent0005579,Strumigenys,train,p,data/images/Strumigenys/casent0005579_p.jpg,97099858168d494dfb1856ae1dd6ef2c6a0ca42d3a1327b7d4bf88b5ce2b98b4,1280,734,182326,commons,https://upload.wikimedia.org/wikipedia/commons/4/41/Strumigenys_livens_casent0005579_profile_1.jpg,Strumigenys livens casent0005579 profile 1.jpg,10f004928fccb85e78d96806ab6cc9a7c8ed8a49,2009-10-22T20:20:33Z,exact,"Commons server thumbnail, byte-identical","recovered by 14_commons_provenance.py: Commons' own thumbnail of that original (requested at 1024 px, served at the next standard width); not what the current harvester fetches, so most likely an earlier version of it, whose docstring still describes 1024 px thumbnails"
casent0005580,Strumigenys,test,p,data/images/Strumigenys/casent0005580_p.jpg,7839deafc5e3a0f6fcfba4a6176be2a3f3c0dfd45146678e775f734318c57de9,1024,638,130527,commons,https://upload.wikimedia.org/wikipedia/commons/7/72/Strumigenys_livens_casent0005580_profile_1.jpg,Strumigenys livens casent0005580 profile 1.jpg,7aee7b9ab9fa117584e23880dfcabad2f58bdcf3,2009-10-20T23:54:44Z,exact,"harvester downscale, byte-identical","recovered by 14_commons_provenance.py: the Commons original after 06_harvest_commons.py's downscale (RGB, max 1024 px, JPEG quality 90)"
casent0005581,Strumigenys,train,p,data/images/Strumigenys/casent0005581_p.jpg,b3b93c58897f07a66af52dfa92338a1af68327c7af0a944a87144d54576147d9,1024,1024,153862,gbif_cache,https://api.gbif.org/v1/image/cache/1024x1024/occurrence/865076736/media/9e55dee4698bcc62dcf4b1f8ce6fd622,,,,,,GBIF image cache of https://www.antweb.org/images/casent0005581/casent0005581_p_1_high.jpg; download success recorded in download_status.csv; size variant (1024x1024 or original) not recorded
casent0005582,Strumigenys,train,p,data/images/Strumigenys/casent0005582_p.jpg,4b7c177c5368fe2ba770f9394ba840e2bcd9c0086e0c10535e2995a4ceda8b9a,1024,619,145468,commons,https://upload.wikimedia.org/wikipedia/commons/8/81/Strumigenys_luca_casent0005582_profile_1.jpg,Strumigenys luca casent0005582 profile 1.jpg,77724ead89fe2ef09e7231e29e4fd83cc65ca74b,2009-10-20T21:07:03Z,exact,"harvester downscale, byte-identical","recovered by 14_commons_provenance.py: the Commons original after 06_harvest_commons.py's downscale (RGB, max 1024 px, JPEG quality 90)"
casent0005583,Strumigenys,train,p,data/images/Strumigenys/casent0005583_p.jpg,6fe2435f7ff2640f55dee60784ad2076283a3c8085078906d50aaad0096fe52c,1024,668,135359,commons,https://upload.wikimedia.org/wikipedia/commons/b/b8/Strumigenys_luca_casent0005583_profile_1.jpg,Strumigenys luca casent0005583 profile 1.jpg,858f9b4705cfc907c8a5c30add16f3e2033e6fa2,2009-10-22T19:32:06Z,exact,"harvester downscale, byte-identical","recovered by 14_commons_provenance.py: the Commons original after 06_harvest_commons.py's downscale (RGB, max 1024 px, JPEG quality 90)"
casent0005584,Strumigenys,train,p,data/images/Strumigenys/casent0005584_p.jpg,3a034cf4422ea9f4e38011d54bb9b16ee351fc83c1d51e3f8b4d51b753508a6b,1024,617,161551,commons,https://upload.wikimedia.org/wikipedia/commons/c/c9/Strumigenys_luca_casent0005584_profile_1.jpg,Strumigenys luca casent0005584 profile 1.jpg,fec4a959879db6a30a7fcbc123af6b9f3bb7b60d,2009-10-20T04:21:44Z,exact,"harvester downscale, byte-identical","recovered by 14_commons_provenance.py: the Commons original after 06_harvest_commons.py's downscale (RGB, max 1024 px, JPEG quality 90)"
casent0005585,Strumigenys,train,p,data/images/Strumigenys/casent0005585_p.jpg,a8e2abf83e055541cdeb5a4e24328c90922e2b3102e126d3daaf227a1f1b5f38,1024,621,147220,commons,https://upload.wikimedia.org/wikipedia/commons/2/2b/Strumigenys_lucomo_casent0005585_profile_1.jpg,Strumigenys lucomo casent0005585 profile 1.jpg,7b0871ef927d31dfae1e8b74c2d22ecd778a539d,2009-10-19T06:20:46Z,exact,"harvester downscale, byte-identical","recovered by 14_commons_provenance.py: the Commons original after 06_harvest_commons.py's downscale (RGB, max 1024 px, JPEG quality 90)"
casent0005586,Strumigenys,test,p,data/images/Strumigenys/casent0005586_p.jpg,cb0f2806ab164817d17bb6e5d91af8985587eccdf266799da43276ecf4b93ee6,1024,622,147362,commons,https://upload.wikimedia.org/wikipedia/commons/d/d4/Strumigenys_lucomo_casent0005586_profile_1.jpg,Strumigenys lucomo casent0005586 profile 1.jpg,5af3f931b544c5369a543576d2ceb7f9b0179326,2009-10-21T15:02:46Z,exact,"harvester downscale, byte-identical","recovered by 14_commons_provenance.py: the Commons original after 06_harvest_commons.py's downscale (RGB, max 1024 px, JPEG quality 90)"
casent0005587,Strumigenys,train,p,data/images/Strumigenys/casent0005587_p.jpg,212d8fadcd664520bb6116e222db76bdb66f069e9fd3969a1db962823d682f61,1024,600,164846,commons,https://upload.wikimedia.org/wikipedia/commons/a/a6/Strumigenys_lucomo_casent0005587_profile_1.jpg,Strumigenys lucomo casent0005587 profile 1.jpg,6ef5c55981b9a9f363d779ed7af5bbb83675626f,2009-10-22T14:51:43Z,exact,"harvester downscale, byte-identical","recovered by 14_commons_provenance.py: the Commons original after 06_harvest_commons.py's downscale (RGB, max 1024 px, JPEG quality 90)"
casent0005588,Strumigenys,test,p,data/images/Strumigenys/casent0005588_p.jpg,43c49accc994fe6b1c100c1db42c161f6fd7ec39c259c63be1f21b77f6d69684,1024,599,129465,commons,https://upload.wikimedia.org/wikipedia/commons/e/e3/Strumigenys_lucomo_casent0005588_profile_1.jpg,Strumigenys lucomo casent0005588 profile 1.jpg,a3133d59fed54807ac2cf65cc61f4c3d7236ced8,2009-10-18T09:38:47Z,exact,"harvester downscale, byte-identical","recovered by 14_commons_provenance.py: the Commons original after 06_harvest_commons.py's downscale (RGB, max 1024 px, JPEG quality 90)"
casent0005589,Strumigenys,train,p,data/images/Strumigenys/casent0005589_p.jpg,5e5031035d1cf723780beaedf5e5a00acedde6af5815be417419b309af481556,1024,581,127518,commons,https://upload.wikimedia.org/wikipedia/commons/8/84/Strumigenys_lura_casent0005589_profile_1.jpg,Strumigenys lura casent0005589 profile 1.jpg,610b26e4e95ff6897f2258bcb8a02630bab26c29,2009-10-21T13:51:55Z,exact,"harvester downscale, byte-identical","recovered by 14_commons_provenance.py: the Commons original after 06_harvest_commons.py's downscale (RGB, max 1024 px, JPEG quality 90)"
casent0005590,Strumigenys,train,p,data/images/Strumigenys/casent0005590_p.jpg,30b698f87f1d62eada159b9dde7c0636afc41e5a7b8da4e49ea32a04c3fbbfb3,1024,575,123361,commons,https://upload.wikimedia.org/wikipedia/commons/d/d3/Strumigenys_lura_casent0005590_profile_1.jpg,Strumigenys lura casent0005590 profile 1.jpg,de30f1c2744a15bcd8693e085ba259bd9ba17402,2009-10-22T07:32:01Z,exact,"harvester downscale, byte-identical","recovered by 14_commons_provenance.py: the Commons original after 06_harvest_commons.py's downscale (RGB, max 1024 px, JPEG quality 90)"
casent0005591,Strumigenys,test,p,data/images/Strumigenys/casent0005591_p.jpg,0cb775c9762fe8bc2fa12b536652ec561553cb149f565c92a78b8df023521b4b,1024,699,142816,commons,https://upload.wikimedia.org/wikipedia/commons/3/33/Strumigenys_lura_casent0005591_profile_1.jpg,Strumigenys lura casent0005591 profile 1.jpg,901f93ac9ab813811ca32269c7c5d2da351e0967,2009-10-21T08:46:29Z,exact,"harvester downscale, byte-identical","recovered by 14_commons_provenance.py: the Commons original after 06_harvest_commons.py's downscale (RGB, max 1024 px, JPEG quality 90)"
casent0005592,Strumigenys,train,p,data/images/Strumigenys/casent0005592_p.jpg,98197352613fcce0d64d5f8ad477936e47cab113950f03f9c99d275dc8638edc,1280,774,159076,commons,https://upload.wikimedia.org/wikipedia/commons/1/1b/Strumigenys_lura_casent0005592_profile_1.jpg,Strumigenys lura casent0005592 profile 1.jpg,13520447e242eed423b223da9b89d21b25354917,2009-10-21T18:04:35Z,exact,"Commons server thumbnail, pixel-identical","recovered by 14_commons_provenance.py: Commons' own thumbnail of that original (requested at 1024 px, served at the next standard width); not what the current harvester fetches, so most likely an earlier version of it, whose docstring still describes 1024 px thumbnails"
casent0005593,Strumigenys,train,p,data/images/Strumigenys/casent0005593_p.jpg,bba21e64afb94c3171a860d603a67c22ada49c7a098912e6915f343a5305caef,1024,677,144384,commons,https://upload.wikimedia.org/wikipedia/commons/3/32/Strumigenys_lutron_casent0005593_profile_1.jpg,Strumigenys lutron casent0005593 profile 1.jpg,4caf09281a82f8ed23ea69ff19c895cec5d58674,2009-10-20T19:04:45Z,exact,"harvester downscale, byte-identical","recovered by 14_commons_provenance.py: the Commons original after 06_harvest_commons.py's downscale (RGB, max 1024 px, JPEG quality 90)"
casent0005594,Strumigenys,test,p,data/images/Strumigenys/casent0005594_p.jpg,888a82c4354efc8688d7898718d7f9998042d381a8920e3db8b5bd88f8db98a8,1024,707,143352,commons,https://upload.wikimedia.org/wikipedia/commons/4/4d/Strumigenys_lutron_casent0005594_profile_1.jpg,Strumigenys lutron casent0005594 profile 1.jpg,da84bc35650a03776479bb42e9563061f7ebc22c,2009-10-19T07:59:45Z,exact,"harvester downscale, byte-identical","recovered by 14_commons_provenance.py: the Commons original after 06_harvest_commons.py's downscale (RGB, max 1024 px, JPEG quality 90)"
casent0005595,Strumigenys,train,p,data/images/Strumigenys/casent0005595_p.jpg,ea87772865961391d5e197202dcca09bc21b3946f423bbaea17686224b613be8,1024,524,116631,commons,https://upload.wikimedia.org/wikipedia/commons/7/75/Strumigenys_lutron_casent0005595_profile_1.jpg,Strumigenys lutron casent0005595 profile 1.jpg,1cfb5ca73bd9e3eb85b985f8a648025035957ecc,2009-10-18T21:20:28Z,exact,"harvester downscale, byte-identical","recovered by 14_commons_provenance.py: the Commons original after 06_harvest_commons.py's downscale (RGB, max 1024 px, JPEG quality 90)"
casent0005596,Strumigenys,train,p,data/images/Strumigenys/casent0005596_p.jpg,c8e4c0ba9abf339822be6085dd921ff93164f07786494578cb1c822b26449306,1024,625,135859,commons,https://upload.wikimedia.org/wikipedia/commons/7/72/Strumigenys_lysis_casent0005596_profile_1.jpg,Strumigenys lysis casent0005596 profile 1.jpg,1648e9ad0b5164be0356e6c0279c186ac9384033,2009-10-20T13:12:15Z,exact,"harvester downscale, byte-identical","recovered by 14_commons_provenance.py: the Commons original after 06_harvest_commons.py's downscale (RGB, max 1024 px, JPEG quality 90)"
casent0005597,Strumigenys,test,p,data/images/Strumigenys/casent0005597_p.jpg,c1c85cabf481d0f57327dc567b7b09fb71560ee4c8c79f551a3c050688f77913,1024,647,139733,commons,https://upload.wikimedia.org/wikipedia/commons/7/76/Strumigenys_lysis_casent0005597_profile_1.jpg,Strumigenys lysis casent0005597 profile 1.jpg,4b2f7790aa7866375d9472cd2d5f77218d9d9fc1,2009-10-18T10:24:02Z,exact,"harvester downscale, byte-identical","recovered by 14_commons_provenance.py: the Commons original after 06_harvest_commons.py's downscale (RGB, max 1024 px, JPEG quality 90)"
casent0005598,Strumigenys,train,p,data/images/Strumigenys/casent0005598_p.jpg,0d1513d2b211a31876fdf5bf39550e09d58aa2c72ae5a685e9fe727d8ecfe1e1,1024,671,135205,commons,https://upload.wikimedia.org/wikipedia/commons/0/0d/Strumigenys_lysis_casent0005598_profile_1.jpg,Strumigenys lysis casent0005598 profile 1.jpg,4d77c24d7762620c3a9c53b62d44fa576fcd8a64,2009-10-20T22:39:50Z,exact,"harvester downscale, byte-identical","recovered by 14_commons_provenance.py: the Commons original after 06_harvest_commons.py's downscale (RGB, max 1024 px, JPEG quality 90)"
casent0005599,Strumigenys,train,p,data/images/Strumigenys/casent0005599_p.jpg,e5cfcac8f26b275bcbd5f7266daf6deea9a8a0de9fbf251f9eea3b86043841b3,1024,667,145119,commons,https://upload.wikimedia.org/wikipedia/commons/3/36/Strumigenys_lysis_casent0005599_profile_1.jpg,Strumigenys lysis casent0005599 profile 1.jpg,e60c6fadc6eb9df6e870d1de360c63e8b0f65701,2009-10-18T16:14:31Z,exact,"harvester downscale, byte-identical","recovered by 14_commons_provenance.py: the Commons original after 06_harvest_commons.py's downscale (RGB, max 1024 px, JPEG quality 90)"
casent0005601,Strumigenys,train,p,data/images/Strumigenys/casent0005601_p.jpg,674ebc97058afd3557fee37d9a7fbe835a45627394cf78737287d3b703f19221,1024,773,173185,commons,https://upload.wikimedia.org/wikipedia/commons/1/19/Strumigenys_manga_casent0005601_profile_1.jpg,Strumigenys manga casent0005601 profile 1.jpg,0cde4618c827f252f24813f7cad5b6820308b4b2,2009-10-20T17:40:48Z,exact,"harvester downscale, byte-identical","recovered by 14_commons_provenance.py: the Commons original after 06_harvest_commons.py's downscale (RGB, max 1024 px, JPEG quality 90)"
casent0005602,Strumigenys,train,p,data/images/Strumigenys/casent0005602_p.jpg,162a1556420ab24417a0b46298bde5d4edf3c9c2789dba099bda6610b5220ab8,1024,643,130840,commons,https://upload.wikimedia.org/wikipedia/commons/b/b9/Strumigenys_micrans_casent0005602_profile_1.jpg,Strumigenys micrans casent0005602 profile 1.jpg,654b0a4de5211be49d5f6b1a1756621866b7f4a9,2009-10-20T21:03:23Z,exact,"harvester downscale, byte-identical","recovered by 14_commons_provenance.py: the Commons original after 06_harvest_commons.py's downscale (RGB, max 1024 px, JPEG quality 90)"
casent0005603,Strumigenys,train,p,data/images/Strumigenys/casent0005603_p.jpg,ed74baa20cc7343c4bffe796efdabc64b3e302c6f3f8ceb04269c83b034b4d6c,1024,653,129988,commons,https://upload.wikimedia.org/wikipedia/commons/6/66/Strumigenys_milae_casent0005603_profile_1.jpg,Strumigenys milae casent0005603 profile 1.jpg,cfb32a5dcd4ddfeeded5dd0fb6f0f9eb2a6b8839,2009-10-18T08:20:58Z,exact,"harvester downscale, byte-identical","recovered by 14_commons_provenance.py: the Commons original after 06_harvest_commons.py's downscale (RGB, max 1024 px, JPEG quality 90)"
casent0005604,Strumigenys,train,p,data/images/Strumigenys/casent0005604_p.jpg,037fce3f390aefb821f055eeec2423fe2c5849e9c1c82df6ae055066ff9ff04c,1024,739,146743,commons,https://upload.wikimedia.org/wikipedia/commons/5/5c/Strumigenys_milae_casent0005604_profile_1.jpg,Strumigenys milae casent0005604 profile 1.jpg,9cfb79daf02ffb4b5364f827e0750347cf927bef,2009-10-22T04:25:27Z,exact,"harvester downscale, byte-identical","recovered by 14_commons_provenance.py: the Commons original after 06_harvest_commons.py's downscale (RGB, max 1024 px, JPEG quality 90)"
casent0005605,Strumigenys,train,p,data/images/Strumigenys/casent0005605_p.jpg,21b664b89cb05a749d175a243b780fba42ae484b9e6605fce83a7d302b49a597,1280,755,179707,commons,https://upload.wikimedia.org/wikipedia/commons/b/b2/Strumigenys_mola_casent0005605_profile_1.jpg,Strumigenys mola casent0005605 profile 1.jpg,8e8e3e7c029f825e9508e17379eef146d398b386,2009-10-22T07:12:24Z,exact,"Commons server thumbnail, pixel-identical","recovered by 14_commons_provenance.py: Commons' own thumbnail of that original (requested at 1024 px, served at the next standard width); not what the current harvester fetches, so most likely an earlier version of it, whose docstring still describes 1024 px thumbnails"
casent0005608,Strumigenys,test,p,data/images/Strumigenys/casent0005608_p.jpg,e5deff3a72ec7ac9597b5359a8133b7b586cec1b4ea030a69b878db716bfd674,1024,624,121378,commons,https://upload.wikimedia.org/wikipedia/commons/c/cc/Strumigenys_mola_casent0005608_profile_1.jpg,Strumigenys mola casent0005608 profile 1.jpg,ee5ec4103405e575bdda0a8d119e04ddc96324c4,2009-10-19T12:00:04Z,exact,"harvester downscale, byte-identical","recovered by 14_commons_provenance.py: the Commons original after 06_harvest_commons.py's downscale (RGB, max 1024 px, JPEG quality 90)"
casent0005609,Strumigenys,train,p,data/images/Strumigenys/casent0005609_p.jpg,c03ff73ec2d987294e605f72f5a8f80d109718d462da382c312a2508c99dadd2,1024,603,129742,commons,https://upload.wikimedia.org/wikipedia/commons/e/e5/Strumigenys_nambao_casent0005609_profile_1.jpg,Strumigenys nambao casent0005609 profile 1.jpg,3bf372a22a798d3259808c551264a96225d6acd3,2009-10-21T15:57:51Z,exact,"harvester downscale, byte-identical","recovered by 14_commons_provenance.py: the Commons original after 06_harvest_commons.py's downscale (RGB, max 1024 px, JPEG quality 90)"
casent0005610,Strumigenys,train,p,data/images/Strumigenys/casent0005610_p.jpg,5e8ac47ec2d9b193e2b6cb7eeecea030e967d4847ac8de2ca3ddf54634154ebd,1024,685,143661,commons,https://upload.wikimedia.org/wikipedia/commons/3/3e/Strumigenys_nambao_casent0005610_profile_1.jpg,Strumigenys nambao casent0005610 profile 1.jpg,4ec28d85c16443c1858238b8595dfda98ec36cbf,2009-10-18T19:13:25Z,exact,"harvester downscale, byte-identical","recovered by 14_commons_provenance.py: the Commons original after 06_harvest_commons.py's downscale (RGB, max 1024 px, JPEG quality 90)"
casent0005611,Strumigenys,train,p,data/images/Strumigenys/casent0005611_p.jpg,62fa5c714357c3b9b63e6f77aa338bcbe25c3cf157ea8e989e9a22acc9467471,1024,1024,143815,gbif_cache,https://api.gbif.org/v1/image/cache/1024x1024/occurrence/865076772/media/b8e107b0f6737df50d88fe1100e6d7b6,,,,,,GBIF image cache of https://www.antweb.org/images/casent0005611/casent0005611_p_1_high.jpg; download success recorded in download_status.csv; size variant (1024x1024 or original) not recorded
casent0005612,Strumigenys,train,p,data/images/Strumigenys/casent0005612_p.jpg,2bb09c6abc4c125df7939007f815086eed8747145809d7108d3c11ed6b22964d,1024,571,130078,commons,https://upload.wikimedia.org/wikipedia/commons/b/b6/Strumigenys_nambao_casent0005612_profile_1.jpg,Strumigenys nambao casent0005612 profile 1.jpg,5d346b326ea522a33713e747bc5fa006667fc2ac,2009-10-20T02:06:47Z,exact,"harvester downscale, byte-identical","recovered by 14_commons_provenance.py: the Commons original after 06_harvest_commons.py's downscale (RGB, max 1024 px, JPEG quality 90)"
casent0005613,Strumigenys,train,p,data/images/Strumigenys/casent0005613_p.jpg,15bba73559f43961a6692bd4574fdfd410e22eb0e587d9b1e24d5b1e19660e41,1024,662,146247,commons,https://upload.wikimedia.org/wikipedia/commons/6/6e/Strumigenys_norax_casent0005613_profile_1.jpg,Strumigenys norax casent0005613 profile 1.jpg,3a05aa969916911f2ac0e8bb9904f0ba8018716b,2009-10-19T01:57:38Z,exact,"harvester downscale, byte-identical","recovered by 14_commons_provenance.py: the Commons original after 06_harvest_commons.py's downscale (RGB, max 1024 px, JPEG quality 90)"
casent0005614,Strumigenys,train,p,data/images/Strumigenys/casent0005614_p.jpg,6165a7814cb4ba48bd6f353715ec68b72bd202ac950e86cb3a9e87d8ebb20911,1024,624,126859,commons,https://upload.wikimedia.org/wikipedia/commons/4/41/Strumigenys_norax_casent0005614_profile_1.jpg,Strumigenys norax casent0005614 profile 1.jpg,2a906d06118b1fbc226471dd2abc0839c0bd8c1b,2009-10-20T01:21:38Z,exact,"harvester downscale, byte-identical","recovered by 14_commons_provenance.py: the Commons original after 06_harvest_commons.py's downscale (RGB, max 1024 px, JPEG quality 90)"
casent0005615,Strumigenys,test,p,data/images/Strumigenys/casent0005615_p.jpg,448c6fbbbe98fab6ea9ad1bc2faccefe40b30a524a3fbeb45525fe63aa7f51eb,1024,734,169102,commons,https://upload.wikimedia.org/wikipedia/commons/9/94/Strumigenys_norax_casent0005615_profile_1.jpg,Strumigenys norax casent0005615 profile 1.jpg,61bc5842b18fe81589007395519fccd82ef7e9e0,2009-10-22T00:34:07Z,exact,"harvester downscale, byte-identical","recovered by 14_commons_provenance.py: the Commons original after 06_harvest_commons.py's downscale (RGB, max 1024 px, JPEG quality 90)"
casent0005616,Strumigenys,test,p,data/images/Strumigenys/casent0005616_p.jpg,cb83a4def64b03f562782a9437e64a2ed6c1f910e7283ea0e9d9bcc81953ad61,1024,666,135079,commons,https://upload.wikimedia.org/wikipedia/commons/b/b7/Strumigenys_norax_casent0005616_profile_1.jpg,Strumigenys norax casent0005616 profile 1.jpg,24d2d3e86d285ae7fc86ef6e3629c5ec166f035d,2009-10-21T04:14:35Z,exact,"harvester downscale, byte-identical","recovered by 14_commons_provenance.py: the Commons original after 06_harvest_commons.py's downscale (RGB, max 1024 px, JPEG quality 90)"
casent0005617,Strumigenys,train,p,data/images/Strumigenys/casent0005617_p.jpg,3dcf29e7ce2730ae72de4f270e6ffd0e5e4c2238d23b36598873ce7160d2cf6f,1024,675,131400,commons,https://upload.wikimedia.org/wikipedia/commons/a/a8/Strumigenys_odacon_casent0005617_profile_1.jpg,Strumigenys odacon casent0005617 profile 1.jpg,0bbdf29dbaa3d6ecd958432da86d3d2c6e2133d8,2009-10-18T19:08:34Z,exact,"harvester downscale, byte-identical","recovered by 14_commons_provenance.py: the Commons original after 06_harvest_commons.py's downscale (RGB, max 1024 px, JPEG quality 90)"
casent0005618,Strumigenys,train,p,data/images/Strumigenys/casent0005618_p.jpg,bb65462984083b892e0a4d79065e4c9162de2b32e69058da21371cba72383d74,1024,531,122660,commons,https://upload.wikimedia.org/wikipedia/commons/f/fd/Strumigenys_odacon_casent0005618_profile_1.jpg,Strumigenys odacon casent0005618 profile 1.jpg,c2b9938754d3583748b0fea96fb5516d9d2ca7e7,2009-10-19T21:32:37Z,exact,"harvester downscale, byte-identical","recovered by 14_commons_provenance.py: the Commons original after 06_harvest_commons.py's downscale (RGB, max 1024 px, JPEG quality 90)"
casent0005619,Strumigenys,test,p,data/images/Strumigenys/casent0005619_p.jpg,452e8d51e2f3305fb59f80b62ca69c896ded10a717927bb9856d5935ab89a00b,1024,701,142364,commons,https://upload.wikimedia.org/wikipedia/commons/e/e4/Strumigenys_odacon_casent0005619_profile_1.jpg,Strumigenys odacon casent0005619 profile 1.jpg,e38693194ccd5e2a5b439e48256dce40be44acf6,2009-10-18T08:23:23Z,exact,"harvester downscale, byte-identical","recovered by 14_commons_provenance.py: the Commons original after 06_harvest_commons.py's downscale (RGB, max 1024 px, JPEG quality 90)"
casent0005620,Strumigenys,test,p,data/images/Strumigenys/casent0005620_p.jpg,cf3a265fc9b7e773df657a6fd3486b861844c8affbc220b0fe325b5d11c53256,1280,804,177275,commons,https://upload.wikimedia.org/wikipedia/commons/6/63/Strumigenys_odacon_casent0005620_profile_1.jpg,Strumigenys odacon casent0005620 profile 1.jpg,499d9f9220332b8bc58199b7558f29d08125a616,2009-10-19T08:15:56Z,exact,"Commons server thumbnail, byte-identical","recovered by 14_commons_provenance.py: Commons' own thumbnail of that original (requested at 1024 px, served at the next standard width); not what the current harvester fetches, so most likely an earlier version of it, whose docstring still describes 1024 px thumbnails"
casent0005622,Strumigenys,test,p,data/images/Strumigenys/casent0005622_p.jpg,855b7e11fe648b1f9c81b5ba7731d60a7b8c0a16fc104c63cafa17dbc3421362,1024,575,126476,commons,https://upload.wikimedia.org/wikipedia/commons/2/2a/Strumigenys_origo_casent0005622_profile_1.jpg,Strumigenys origo casent0005622 profile 1.jpg,0a6e1fd05a196402ef6f9dbe80535446fc3167f0,2009-10-22T17:07:29Z,exact,"harvester downscale, byte-identical","recovered by 14_commons_provenance.py: the Commons original after 06_harvest_commons.py's downscale (RGB, max 1024 px, JPEG quality 90)"
casent0005623,Strumigenys,train,p,data/images/Strumigenys/casent0005623_p.jpg,6845fba5efd63624bd4a9ef3fc23666134bcc2619e45c1b609d0e952da6c24f4,1024,646,131969,commons,https://upload.wikimedia.org/wikipedia/commons/8/82/Strumigenys_origo_casent0005623_profile_1.jpg,Strumigenys origo casent0005623 profile 1.jpg,8d3695f98a28f446ddee35bf5ece9fb51513f95b,2009-10-22T16:45:34Z,exact,"harvester downscale, byte-identical","recovered by 14_commons_provenance.py: the Commons original after 06_harvest_commons.py's downscale (RGB, max 1024 px, JPEG quality 90)"
casent0005624,Strumigenys,test,p,data/images/Strumigenys/casent0005624_p.jpg,7717ccc89b1f7c31e5071b809027b9f5d6beb04356732e6f276492f78ac1b417,1024,629,134900,commons,https://upload.wikimedia.org/wikipedia/commons/9/94/Strumigenys_origo_casent0005624_profile_1.jpg,Strumigenys origo casent0005624 profile 1.jpg,aad7bcfcf7b7120810038c68e178eb65cad3cfa7,2009-10-19T09:52:30Z,exact,"harvester downscale, byte-identical","recovered by 14_commons_provenance.py: the Commons original after 06_harvest_commons.py's downscale (RGB, max 1024 px, JPEG quality 90)"
casent0005625,Strumigenys,train,p,data/images/Strumigenys/casent0005625_p.jpg,88599a10beed3f6a525721da809f8e2d0a4e516c3685d9337a70247a006fd1ca,1024,773,176681,commons,https://upload.wikimedia.org/wikipedia/commons/9/96/Strumigenys_peyrierasi_casent0005625_profile_1.jpg,Strumigenys peyrierasi casent0005625 profile 1.jpg,211810914b1ad979b558fd64e712d5e500a9f077,2009-10-21T01:22:07Z,exact,"harvester downscale, byte-identical","recovered by 14_commons_provenance.py: the Commons original after 06_harvest_commons.py's downscale (RGB, max 1024 px, JPEG quality 90)"
casent0005626,Strumigenys,train,p,data/images/Strumigenys/casent0005626_p.jpg,a18ad1a8b6c5c3980acd7c25302de66c60caf9ea0524fe85b7b7851948ec1fba,1024,638,149245,commons,https://upload.wikimedia.org/wikipedia/commons/6/68/Strumigenys_rabesoni_casent0005626_profile_1.jpg,Strumigenys rabesoni casent0005626 profile 1.jpg,d37701499d8e10d33ba1caee02d5355ab17ba6ff,2009-10-21T23:05:59Z,exact,"harvester downscale, byte-identical","recovered by 14_commons_provenance.py: the Commons original after 06_harvest_commons.py's downscale (RGB, max 1024 px, JPEG quality 90)"
casent0005627,Strumigenys,train,p,data/images/Strumigenys/casent0005627_p.jpg,038acaa13b95555127153147a19b5c15d2341af1cbb1ad737a83f5c4ac35c464,1024,617,134371,commons,https://upload.wikimedia.org/wikipedia/commons/3/3c/Strumigenys_rabesoni_casent0005627_profile_1.jpg,Strumigenys rabesoni casent0005627 profile 1.jpg,3201a2c1ed18b04ff462ab6cfb8967fc1b25918b,2009-10-22T14:53:37Z,exact,"harvester downscale, byte-identical","recovered by 14_commons_provenance.py: the Commons original after 06_harvest_commons.py's downscale (RGB, max 1024 px, JPEG quality 90)"
casent0005628,Strumigenys,train,p,data/images/Strumigenys/casent0005628_p.jpg,385d7455c1ba7cda1a8bf7ab79d1d923b0bcb3d811d2d4165069608807463b31,1024,619,135785,commons,https://upload.wikimedia.org/wikipedia/commons/8/81/Strumigenys_rabesoni_casent0005628_profile_1.jpg,Strumigenys rabesoni casent0005628 profile 1.jpg,25706ecf6fcefec4733f0a2dc5087c78ab7cc338,2009-10-20T01:25:37Z,exact,"harvester downscale, byte-identical","recovered by 14_commons_provenance.py: the Commons original after 06_harvest_commons.py's downscale (RGB, max 1024 px, JPEG quality 90)"
casent0005629,Strumigenys,test,p,data/images/Strumigenys/casent0005629_p.jpg,618b02e624c13a161ecdc12a9b68876b314631aa37baa789f3e833a9af5d39f1,1024,621,127582,commons,https://upload.wikimedia.org/wikipedia/commons/1/13/Strumigenys_ravola_casent0005629_profile_1.jpg,Strumigenys ravola casent0005629 profile 1.jpg,da9dd478d2f787c4c407bfb261cb92bf4ef9b27c,2009-10-21T14:24:55Z,exact,"harvester downscale, byte-identical","recovered by 14_commons_provenance.py: the Commons original after 06_harvest_commons.py's downscale (RGB, max 1024 px, JPEG quality 90)"
casent0005630,Strumigenys,train,p,data/images/Strumigenys/casent0005630_p.jpg,e0dcf005ba212508780d1782ae408295e0ae735f202443797dc5c023c6b073fa,1024,707,151754,commons,https://upload.wikimedia.org/wikipedia/commons/c/c5/Strumigenys_rubigus_casent0005630_profile_1.jpg,Strumigenys rubigus casent0005630 profile 1.jpg,e261db7ca029c7756f7f85a274433e4582bf4dc2,2009-10-19T14:25:44Z,exact,"harvester downscale, byte-identical","recovered by 14_commons_provenance.py: the Commons original after 06_harvest_commons.py's downscale (RGB, max 1024 px, JPEG quality 90)"
casent0005631,Strumigenys,train,p,data/images/Strumigenys/casent0005631_p.jpg,73dce9003a49441d70828efca92dce957f39cba2b0b5e81eab4a7762471fff54,1024,671,132080,commons,https://upload.wikimedia.org/wikipedia/commons/6/6d/Strumigenys_schuetzi_casent0005631_profile_1.jpg,Strumigenys schuetzi casent0005631 profile 1.jpg,ecd43055d92f7646f4f2066c9396ca875f5dc001,2009-10-18T12:02:21Z,exact,"harvester downscale, byte-identical","recovered by 14_commons_provenance.py: the Commons original after 06_harvest_commons.py's downscale (RGB, max 1024 px, JPEG quality 90)"
casent0005632,Strumigenys,train,p,data/images/Strumigenys/casent0005632_p.jpg,ec41315f98f287d32694128f347a83ea451f6dceff7bb8dd49479e5c3aef26b1,1024,523,118957,commons,https://upload.wikimedia.org/wikipedia/commons/a/aa/Strumigenys_schuetzi_casent0005632_profile_1.jpg,Strumigenys schuetzi casent0005632 profile 1.jpg,e816c062a39454463c8fc3f986684d48a4f40f68,2009-10-21T21:22:35Z,exact,"harvester downscale, byte-identical","recovered by 14_commons_provenance.py: the Commons original after 06_harvest_commons.py's downscale (RGB, max 1024 px, JPEG quality 90)"
casent0005633,Strumigenys,train,p,data/images/Strumigenys/casent0005633_p.jpg,1ab922273840f73f80d50013a60df4527e016a74f997490f111605065a13df53,1024,705,130795,commons,https://upload.wikimedia.org/wikipedia/commons/3/31/Strumigenys_schuetzi_casent0005633_profile_1.jpg,Strumigenys schuetzi casent0005633 profile 1.jpg,52058e48271ec1b462040b0e162120622fef8b1b,2009-10-20T19:22:27Z,exact,"harvester downscale, byte-identical","recovered by 14_commons_provenance.py: the Commons original after 06_harvest_commons.py's downscale (RGB, max 1024 px, JPEG quality 90)"
casent0005634,Strumigenys,train,p,data/images/Strumigenys/casent0005634_p.jpg,c9a17683b41547c82b7a006a7c7764f9750cc3ecda002fefea4e76baad00083d,1280,680,213034,commons,https://upload.wikimedia.org/wikipedia/commons/8/80/Strumigenys_schuetzi_casent0005634_profile_1.jpg,Strumigenys schuetzi casent0005634 profile 1.jpg,1677a76c6cfab423957d8ce811e26d90fe2c319f,2009-10-19T19:54:38Z,exact,"Commons server thumbnail, byte-identical","recovered by 14_commons_provenance.py: Commons' own thumbnail of that original (requested at 1024 px, served at the next standard width); not what the current harvester fetches, so most likely an earlier version of it, whose docstring still describes 1024 px thumbnails"
casent0005635,Strumigenys,train,p,data/images/Strumigenys/casent0005635_p.jpg,2e8fc98c5fa4789f9f712539b2ad79052400ac4a85951421bca29878568ab528,1024,597,133991,commons,https://upload.wikimedia.org/wikipedia/commons/9/96/Strumigenys_sphera_casent0005635_profile_1.jpg,Strumigenys sphera casent0005635 profile 1.jpg,6c28c8572f8d3ccb2c32937e5f1c618ec62f627f,2009-10-20T22:02:38Z,exact,"harvester downscale, byte-identical","recovered by 14_commons_provenance.py: the Commons original after 06_harvest_commons.py's downscale (RGB, max 1024 px, JPEG quality 90)"
casent0005636,Strumigenys,train,p,data/images/Strumigenys/casent0005636_p.jpg,c5ee97e73d13ade5bef12c30e12b759f7bbdb5ba584a5d5149dc21827041794f,1024,548,122434,commons,https://upload.wikimedia.org/wikipedia/commons/c/c9/Strumigenys_sphera_casent0005636_profile_1.jpg,Strumigenys sphera casent0005636 profile 1.jpg,49e31d215e2a78d60b1a4627d988c59158144ebc,2009-10-19T11:26:10Z,exact,"harvester downscale, byte-identical","recovered by 14_commons_provenance.py: the Commons original after 06_harvest_commons.py's downscale (RGB, max 1024 px, JPEG quality 90)"
casent0005637,Strumigenys,train,p,data/images/Strumigenys/casent0005637_p.jpg,028d83d5df0470ef869d394645a9764e604df020232a231d87f97e4d81d49796,1024,735,159414,commons,https://upload.wikimedia.org/wikipedia/commons/5/54/Strumigenys_sphera_casent0005637_profile_1.jpg,Strumigenys sphera casent0005637 profile 1.jpg,d6ed166065893dd39893f9e48d714385695905bf,2009-10-21T22:33:36Z,exact,"harvester downscale, byte-identical","recovered by 14_commons_provenance.py: the Commons original after 06_harvest_commons.py's downscale (RGB, max 1024 px, JPEG quality 90)"
casent0005638,Strumigenys,train,p,data/images/Strumigenys/casent0005638_p.jpg,5fd3d1daac1da5bf34311154bf5564a2b320bed58373f1c3f227c68ffb2736dc,1024,669,158646,commons,https://upload.wikimedia.org/wikipedia/commons/9/99/Strumigenys_sphera_casent0005638_profile_1.jpg,Strumigenys sphera casent0005638 profile 1.jpg,299e6c3acbeeebaad74b67b9f41ff549c98ce9f0,2009-10-20T17:31:41Z,exact,"harvester downscale, byte-identical","recovered by 14_commons_provenance.py: the Commons original after 06_harvest_commons.py's downscale (RGB, max 1024 px, JPEG quality 90)"
casent0005639,Strumigenys,test,p,data/images/Strumigenys/casent0005639_p.jpg,4c182ad62881b7ccac0833fd39c0257b6b303af047071b66008e114e560f67bd,1024,630,152768,commons,https://upload.wikimedia.org/wikipedia/commons/f/fd/Strumigenys_sylvaini_casent0005639_profile_1.jpg,Strumigenys sylvaini casent0005639 profile 1.jpg,758f316cac029f1b8b069313d13cf9085f6c8a72,2009-10-22T19:08:32Z,exact,"harvester downscale, byte-identical","recovered by 14_commons_provenance.py: the Commons original after 06_harvest_commons.py's downscale (RGB, max 1024 px, JPEG quality 90)"
casent0005640,Strumigenys,train,p,data/images/Strumigenys/casent0005640_p.jpg,afa63e903c95bd7ea192c83608d9a44c8561e8966473eae7d901103f57c6138a,1024,690,147863,commons,https://upload.wikimedia.org/wikipedia/commons/a/ab/Strumigenys_sylvaini_casent0005640_profile_1.jpg,Strumigenys sylvaini casent0005640 profile 1.jpg,f737653d0d98f981fc675a7257fbba4e7c994f17,2009-10-18T07:23:40Z,exact,"harvester downscale, byte-identical","recovered by 14_commons_provenance.py: the Commons original after 06_harvest_commons.py's downscale (RGB, max 1024 px, JPEG quality 90)"
casent0005641,Strumigenys,train,p,data/images/Strumigenys/casent0005641_p.jpg,64549ecf8f0cd91b79185a58f11fefd69f6219ad2bbfc39ab4eaf54e915d439a,1024,682,133566,commons,https://upload.wikimedia.org/wikipedia/commons/0/04/Strumigenys_sylvaini_casent0005641_profile_1.jpg,Strumigenys sylvaini casent0005641 profile 1.jpg,647406e2c7c1de79f30c3702b17aafb5cf5a7adf,2009-10-22T06:23:55Z,exact,"harvester downscale, byte-identical","recovered by 14_commons_provenance.py: the Commons original after 06_harvest_commons.py's downscale (RGB, max 1024 px, JPEG quality 90)"
casent0005642,Strumigenys,train,p,data/images/Strumigenys/casent0005642_p.jpg,89bc97453b0bb826ca845f8804fcd7090606fd4778923c2c0126eb4b9065a1b1,1024,628,137537,commons,https://upload.wikimedia.org/wikipedia/commons/d/d7/Strumigenys_tegar_casent0005642_profile_1.jpg,Strumigenys tegar casent0005642 profile 1.jpg,316d35dda11022ef4b83c08f386357ac183bbb6b,2009-10-19T07:38:27Z,exact,"harvester downscale, byte-identical","recovered by 14_commons_provenance.py: the Commons original after 06_harvest_commons.py's downscale (RGB, max 1024 px, JPEG quality 90)"
casent0005643,Strumigenys,train,p,data/images/Strumigenys/casent0005643_p.jpg,1932f4257b5c1a3aeae15ecfc7ad8678db8084415a8fb383567860a860b18246,1024,633,150373,commons,https://upload.wikimedia.org/wikipedia/commons/a/af/Strumigenys_toma_casent0005643_profile_1.jpg,Strumigenys toma casent0005643 profile 1.jpg,6f6ebe0fd439a975206e124af1bf19401ddb9d48,2009-10-21T03:21:07Z,exact,"harvester downscale, byte-identical","recovered by 14_commons_provenance.py: the Commons original after 06_harvest_commons.py's downscale (RGB, max 1024 px, JPEG quality 90)"
casent0005644,Strumigenys,train,p,data/images/Strumigenys/casent0005644_p.jpg,b9f42183ec4aa7b97c3ebfbb4e0ff02cb21cd92131bda629b6ca46b4a48414ea,1024,724,147695,commons,https://upload.wikimedia.org/wikipedia/commons/e/e4/Strumigenys_vazimba_casent0005644_profile_1.jpg,Strumigenys vazimba casent0005644 profile 1.jpg,cdfa1969b4fcdf3535dbdb72fb74f02425d8b8f1,2009-10-21T21:52:33Z,exact,"harvester downscale, byte-identical","recovered by 14_commons_provenance.py: the Commons original after 06_harvest_commons.py's downscale (RGB, max 1024 px, JPEG quality 90)"
casent0005645,Strumigenys,train,p,data/images/Strumigenys/casent0005645_p.jpg,0302dcccca250375ad729e30c3b648010ee20bd2958b3919253fcbe5b63b1d44,1024,690,153358,commons,https://upload.wikimedia.org/wikipedia/commons/5/52/Strumigenys_vazimba_casent0005645_profile_1.jpg,Strumigenys vazimba casent0005645 profile 1.jpg,4dd8fe0ec4fb398f9148e6bbfca6dbbc7c7f05ce,2009-10-18T13:08:09Z,exact,"harvester downscale, byte-identical","recovered by 14_commons_provenance.py: the Commons original after 06_harvest_commons.py's downscale (RGB, max 1024 px, JPEG quality 90)"
casent0005646,Strumigenys,train,p,data/images/Strumigenys/casent0005646_p.jpg,495de053077d369a8faebb0038db8acebac454cf9519ab77efb6aff9e5abdcd3,1280,753,177396,commons,https://upload.wikimedia.org/wikipedia/commons/a/a6/Strumigenys_vazimba_casent0005646_profile_1.jpg,Strumigenys vazimba casent0005646 profile 1.jpg,8663b42301491abb50dff2f530d4987e16bd8424,2009-10-21T22:57:34Z,exact,"Commons server thumbnail, byte-identical","recovered by 14_commons_provenance.py: Commons' own thumbnail of that original (requested at 1024 px, served at the next standard width); not what the current harvester fetches, so most likely an earlier version of it, whose docstring still describes 1024 px thumbnails"
casent0005647,Strumigenys,test,p,data/images/Strumigenys/casent0005647_p.jpg,dc9a21183a96a655e0d7e18f7b411c2a18ed1bc886c9ee7d202e0f63a0a17cc1,1024,644,144660,commons,https://upload.wikimedia.org/wikipedia/commons/1/13/Strumigenys_vazimba_casent0005647_profile_1.jpg,Strumigenys vazimba casent0005647 profile 1.jpg,37c2c8af9400baf4c073944ddd0e72c3f5d6c17c,2009-10-22T16:13:43Z,exact,"harvester downscale, byte-identical","recovered by 14_commons_provenance.py: the Commons original after 06_harvest_commons.py's downscale (RGB, max 1024 px, JPEG quality 90)"
casent0005889,Strumigenys,train,p,data/images/Strumigenys/casent0005889_p.jpg,a55eb44317b3177c3e460bc838af201de2f65ca70a48b37e8b9493b630bc12dd,1024,716,169453,commons,https://upload.wikimedia.org/wikipedia/commons/3/33/Strumigenys_ludovici_casent0005889_profile_1.jpg,Strumigenys ludovici casent0005889 profile 1.jpg,1cc26ab21ed57625708b1f8192c555d088685547,2009-10-20T00:59:58Z,exact,"harvester downscale, byte-identical","recovered by 14_commons_provenance.py: the Commons original after 06_harvest_commons.py's downscale (RGB, max 1024 px, JPEG quality 90)"
casent0005890,Strumigenys,train,p,data/images/Strumigenys/casent0005890_p.jpg,f98687f2d27547ab1cba8b97684e3e2f6437c1d47b5fe09531ac11237daace87,1024,608,144825,commons,https://upload.wikimedia.org/wikipedia/commons/e/e4/Strumigenys_maxillaris_casent0005890_profile_1.jpg,Strumigenys maxillaris casent0005890 profile 1.jpg,57647c90053f2da380fa927c9ac98e6a90c5562e,2009-10-22T21:23:26Z,exact,"harvester downscale, byte-identical","recovered by 14_commons_provenance.py: the Commons original after 06_harvest_commons.py's downscale (RGB, max 1024 px, JPEG quality 90)"
casent0005891,Strumigenys,train,p,data/images/Strumigenys/casent0005891_p.jpg,6d11266917b98b619f061d55282fbfbf130cf4cb38c65b06997d6ee3636a4292,1024,615,143801,commons,https://upload.wikimedia.org/wikipedia/commons/1/1c/Strumigenys_symmetrix_casent0005891_profile_1.jpg,Strumigenys symmetrix casent0005891 profile 1.jpg,9c83b1eb436735e04a03fd94afbc727826a598ff,2009-10-21T14:10:54Z,exact,"harvester downscale, byte-identical","recovered by 14_commons_provenance.py: the Commons original after 06_harvest_commons.py's downscale (RGB, max 1024 px, JPEG quality 90)"
casent0005892,Strumigenys,train,p,data/images/Strumigenys/casent0005892_p.jpg,8d9ffaafdd0c40bc76a173ea4a513a14c866d2bbe8a4f46c075abbf1c32f2114,1024,594,173882,commons,https://upload.wikimedia.org/wikipedia/commons/2/20/Strumigenys_alperti_casent0005892_profile_1.jpg,Strumigenys alperti casent0005892 profile 1.jpg,e0cd1c529da8b46364aed40e7c1a58ab589f0803,2009-10-19T01:08:30Z,exact,"harvester downscale, byte-identical","recovered by 14_commons_provenance.py: the Commons original after 06_harvest_commons.py's downscale (RGB, max 1024 px, JPEG quality 90)"
casent0005893,Strumigenys,train,p,data/images/Strumigenys/casent0005893_p.jpg,4998d08b51056921f545ef97a4671cc62b6bf56f1b93bcdbdabf240891edd880,1024,708,148404,commons,https://upload.wikimedia.org/wikipedia/commons/6/61/Strumigenys_coveri_casent0005893_profile_1.jpg,Strumigenys coveri casent0005893 profile 1.jpg,8bd3e0c87053b29ff90cc0d118798ea6287ef139,2009-10-21T23:23:24Z,exact,"harvester downscale, byte-identical","recovered by 14_commons_provenance.py: the Commons original after 06_harvest_commons.py's downscale (RGB, max 1024 px, JPEG quality 90)"
casent0005896,Strumigenys,train,p,data/images/Strumigenys/casent0005896_p.jpg,554e31d6cd8b6d621fe8b6edac93ab5498ec4762a14b4ec7aa8d1b873fb2601c,1024,737,156556,commons,https://upload.wikimedia.org/wikipedia/commons/f/f8/Strumigenys_grandidieri_casent0005896_profile_1.jpg,Strumigenys grandidieri casent0005896 profile 1.jpg,d1b89f90270050331137d0acc41316a7d63984e7,2009-10-20T11:17:58Z,exact,"harvester downscale, byte-identical","recovered by 14_commons_provenance.py: the Commons original after 06_harvest_commons.py's downscale (RGB, max 1024 px, JPEG quality 90)"
casent0005897,Strumigenys,train,p,data/images/Strumigenys/casent0005897_p.jpg,4c3f59293733c36702f6ca0aac12a2d9edf16c5439a6093d78e895da2e7ae7ac,1024,1024,120536,gbif_cache,https://api.gbif.org/v1/image/cache/1024x1024/occurrence/865076947/media/3cf1dcb8cab838a32df4978f133fcdd9,,,,,,GBIF image cache of https://www.antweb.org/images/casent0005897/casent0005897_p_1_high.jpg; download success recorded in download_status.csv; size variant (1024x1024 or original) not recorded
casent0005899,Strumigenys,train,p,data/images/Strumigenys/casent0005899_p.jpg,9f627f2038534f4f6f2099b267788acb82fe9b028a832347257bb6a9055ff2ad,1024,649,139314,commons,https://upload.wikimedia.org/wikipedia/commons/b/bd/Strumigenys_wardi_casent0005899_profile_1.jpg,Strumigenys wardi casent0005899 profile 1.jpg,4006d4caa7ef39f45d417519ecff6238f4374b49,2009-10-21T06:34:04Z,exact,"harvester downscale, byte-identical","recovered by 14_commons_provenance.py: the Commons original after 06_harvest_commons.py's downscale (RGB, max 1024 px, JPEG quality 90)"
casent0005964,Cardiocondyla,train,p,data/images/Cardiocondyla/casent0005964_p.jpg,773252de6104532d75677ee369f90e80f75766dbe08cd041b99d561786a0c5bd,1024,678,135308,commons,https://upload.wikimedia.org/wikipedia/commons/9/9a/Cardiocondyla_emeryi_casent0005964_profile_1.jpg,Cardiocondyla emeryi casent0005964 profile 1.jpg,e201f70769a99a916e5661cd1338932743c24d23,2009-10-18T09:29:32Z,exact,"harvester downscale, byte-identical","recovered by 14_commons_provenance.py: the Commons original after 06_harvest_commons.py's downscale (RGB, max 1024 px, JPEG quality 90)"
casent0005965,Anochetus,train,p,data/images/Anochetus/casent0005965_p.jpg,249562f1ff0b1c891d67ea3c3444a214d5cabfcd0e1ee05fabf4cf174709e20b,1024,716,148444,commons,https://upload.wikimedia.org/wikipedia/commons/2/24/Anochetus_grandidieri_casent0005965_profile_1.jpg,Anochetus grandidieri casent0005965 profile 1.jpg,1c3e93381ca3691ebfe8f1a8e1285df7b6283801,2009-10-21T13:45:08Z,exact,"harvester downscale, byte-identical","recovered by 14_commons_provenance.py: the Commons original after 06_harvest_commons.py's downscale (RGB, max 1024 px, JPEG quality 90)"
casent0005966,Anochetus,train,p,data/images/Anochetus/casent0005966_p.jpg,4d3fdc718bd095793b1a06c48fea2b487822f796451e8a30edda782169a5de24,1024,696,129461,commons,https://upload.wikimedia.org/wikipedia/commons/c/c7/Anochetus_madagascarensis_casent0005966_profile_1.jpg,Anochetus madagascarensis casent0005966 profile 1.jpg,6eeb284698cd43b2dfb3510b0157a6c23a033277,2009-10-20T06:59:40Z,exact,"harvester downscale, byte-identical","recovered by 14_commons_provenance.py: the Commons original after 06_harvest_commons.py's downscale (RGB, max 1024 px, JPEG quality 90)"
casent0005967,Odontomachus,test,p,data/images/Odontomachus/casent0005967_p.jpg,b1f4cfb88e3625fb038256bddf414f53c3b76fbac99ddb0338854f871608d23d,1024,773,163234,commons,https://upload.wikimedia.org/wikipedia/commons/3/36/Odontomachus_coquereli_casent0005967_profile_1.jpg,Odontomachus coquereli casent0005967 profile 1.jpg,e3d705bffbd2b9478735d62fac3e2ca3663c3c4c,2009-10-18T11:49:13Z,exact,"harvester downscale, byte-identical","recovered by 14_commons_provenance.py: the Commons original after 06_harvest_commons.py's downscale (RGB, max 1024 px, JPEG quality 90)"
casent0005968,Odontomachus,train,p,data/images/Odontomachus/casent0005968_p.jpg,a581fadf6497b59eeab5a8ebacbb3dca3c440118f9d053f64234d2f8bc230fdb,1024,773,140434,commons,https://upload.wikimedia.org/wikipedia/commons/a/a4/Odontomachus_coquereli_casent0005968_profile_1.jpg,Odontomachus coquereli casent0005968 profile 1.jpg,8e9ed810749d8d2634ca6b57e6ab2e4b7419590e,2009-10-20T04:05:57Z,exact,"harvester downscale, byte-identical","recovered by 14_commons_provenance.py: the Commons original after 06_harvest_commons.py's downscale (RGB, max 1024 px, JPEG quality 90)"
casent0005969,Technomyrmex,train,p,data/images/Technomyrmex/casent0005969_p.jpg,c9d7658ec6ba123971bfde4571524f6d7ef42a1198a29842fd211e426bc63cda,1280,717,133664,commons,https://upload.wikimedia.org/wikipedia/commons/4/4a/Technomyrmex_fisheri_casent0005969_profile_1.jpg,Technomyrmex fisheri casent0005969 profile 1.jpg,5e934b26781fc943ef01c5e53f4e74254aa54e60,2009-10-22T04:58:12Z,exact,"Commons server thumbnail, byte-identical","recovered by 14_commons_provenance.py: Commons' own thumbnail of that original (requested at 1024 px, served at the next standard width); not what the current harvester fetches, so most likely an earlier version of it, whose docstring still describes 1024 px thumbnails"
casent0005970,Tapinoma,train,p,data/images/Tapinoma/casent0005970_p.jpg,a8189cb18d205f8ca6e8a3cbbd7b4ea0b74a77bd8e1c413519fdcc5f9b41218f,1024,728,133578,commons,https://upload.wikimedia.org/wikipedia/commons/7/70/Technomyrmex_pallipes_casent0005970_profile_1.jpg,Technomyrmex pallipes casent0005970 profile 1.jpg,66c9e17a47a4fb7c990dc32ffbd97807cfe2ed53,2009-10-19T03:12:11Z,exact,"harvester downscale, byte-identical","recovered by 14_commons_provenance.py: the Commons original after 06_harvest_commons.py's downscale (RGB, max 1024 px, JPEG quality 90)"
casent0005986,Strumigenys,train,p,data/images/Strumigenys/casent0005986_p.jpg,96506a887c3c4be731f08031f29bcc65bd6f1ca608dccfa92abc8c5c11ef1164,1024,761,160471,commons,https://upload.wikimedia.org/wikipedia/commons/c/c6/Strumigenys_hathor_casent0005986_profile_1.jpg,Strumigenys hathor casent0005986 profile 1.jpg,b2a765ea3dd9453833be6696d7f23d781b4c250e,2009-10-20T15:16:36Z,exact,"harvester downscale, byte-identical","recovered by 14_commons_provenance.py: the Commons original after 06_harvest_commons.py's downscale (RGB, max 1024 px, JPEG quality 90)"
casent0005987,Strumigenys,train,p,data/images/Strumigenys/casent0005987_p.jpg,6b10ef4bfc5d843c42e26dd1987c5a35ee6d4fd59c71633a32db86b40a6cb440,1024,624,140012,commons,https://upload.wikimedia.org/wikipedia/commons/0/0b/Strumigenys_victrix_casent0005987_profile_1.jpg,Strumigenys victrix casent0005987 profile 1.jpg,bcfe74c49baeac0440b61bd05026b34d39e883f1,2009-10-18T08:50:41Z,exact,"harvester downscale, byte-identical","recovered by 14_commons_provenance.py: the Commons original after 06_harvest_commons.py's downscale (RGB, max 1024 px, JPEG quality 90)"
casent0005988,Strumigenys,train,p,data/images/Strumigenys/casent0005988_p.jpg,a1cfc6323b5cf77fbe2197014cd24aba0336f492c8108af3c5301adab4faf0ed,1024,773,151701,commons,https://upload.wikimedia.org/wikipedia/commons/3/3b/Strumigenys_victrix_casent0005988_profile_1.jpg,Strumigenys victrix casent0005988 profile 1.jpg,05322a1586a9725bbfbc178668b6a21face0b2b4,2009-10-22T19:53:19Z,exact,"harvester downscale, byte-identical","recovered by 14_commons_provenance.py: the Commons original after 06_harvest_commons.py's downscale (RGB, max 1024 px, JPEG quality 90)"
casent0005989,Strumigenys,train,p,data/images/Strumigenys/casent0005989_p.jpg,4310660ed8f05f08cb32b69288053ebe7c77bdec80f050fe576385a6c2fc76af,1024,641,147987,commons,https://upload.wikimedia.org/wikipedia/commons/2/29/Strumigenys_ludovici_casent0005989_profile_1.jpg,Strumigenys ludovici casent0005989 profile 1.jpg,14286d63862d3a31c60312fb9f6a151342a4c572,2009-10-22T17:49:36Z,exact,"harvester downscale, byte-identical","recovered by 14_commons_provenance.py: the Commons original after 06_harvest_commons.py's downscale (RGB, max 1024 px, JPEG quality 90)"
casent0005990,Strumigenys,train,p,data/images/Strumigenys/casent0005990_p.jpg,bea77aad0c73fe31353ef5e0180d2d3f65323558353e9a788e2b37b7a41628f0,1024,651,135450,commons,https://upload.wikimedia.org/wikipedia/commons/9/96/Strumigenys_ambatrix_casent0005990_profile_1.jpg,Strumigenys ambatrix casent0005990 profile 1.jpg,a2b548369dfe025faee467de622bf19a85bebc05,2009-10-18T20:59:50Z,exact,"harvester downscale, byte-identical","recovered by 14_commons_provenance.py: the Commons original after 06_harvest_commons.py's downscale (RGB, max 1024 px, JPEG quality 90)"
casent0005991,Strumigenys,test,p,data/images/Strumigenys/casent0005991_p.jpg,ac49dae4fb6e2bfb3d565a197ee670b75c724b6eca56aa7a3ec490e5508dad99,1024,773,198686,commons,https://upload.wikimedia.org/wikipedia/commons/3/3d/Strumigenys_fautrix_casent0005991_profile_1.jpg,Strumigenys fautrix casent0005991 profile 1.jpg,88d226cac5bd05bb0bdd02f55fa4509aa430d7a5,2009-10-18T11:10:58Z,exact,"harvester downscale, byte-identical","recovered by 14_commons_provenance.py: the Commons original after 06_harvest_commons.py's downscale (RGB, max 1024 px, JPEG quality 90)"
casent0005992,Strumigenys,train,p,data/images/Strumigenys/casent0005992_p.jpg,bce934d7bde57f1579586a1133bfe90ca5e70b620ac8f3fe9007d5c4cd6c95af,1024,773,162591,commons,https://upload.wikimedia.org/wikipedia/commons/7/74/Strumigenys_symmetrix_casent0005992_profile_1.jpg,Strumigenys symmetrix casent0005992 profile 1.jpg,08c0bb373b4f4757f1be75ea9c58311b0628fdd6,2009-10-20T02:50:25Z,exact,"harvester downscale, byte-identical","recovered by 14_commons_provenance.py: the Commons original after 06_harvest_commons.py's downscale (RGB, max 1024 px, JPEG quality 90)"
casent0005993,Strumigenys,train,p,data/images/Strumigenys/casent0005993_p.jpg,1808b898e73b1aed3fbd42cac6b235c19156d4a20a3e66ea4b03cce972341923,1024,754,193411,commons,https://upload.wikimedia.org/wikipedia/commons/7/72/Strumigenys_exiguaevitae_casent0005993_profile_1.jpg,Strumigenys exiguaevitae casent0005993 profile 1.jpg,2e46c201526f0a47c4c4af95bf9f1993143c6d9f,2009-10-20T23:42:26Z,exact,"harvester downscale, byte-identical","recovered by 14_commons_provenance.py: the Commons original after 06_harvest_commons.py's downscale (RGB, max 1024 px, JPEG quality 90)"
casent0005994,Strumigenys,train,p,data/images/Strumigenys/casent0005994_p.jpg,eb0dad67005bcdde6e2c0e6a5304c4fd0ab02f1ef502948a0b127ef68e2ac259,1024,690,151756,commons,https://upload.wikimedia.org/wikipedia/commons/0/01/Strumigenys_serket_casent0005994_profile_1.jpg,Strumigenys serket casent0005994 profile 1.jpg,f427b644045884d699daf2d0bf776d836ecfd850,2009-10-22T05:29:22Z,exact,"harvester downscale, byte-identical","recovered by 14_commons_provenance.py: the Commons original after 06_harvest_commons.py's downscale (RGB, max 1024 px, JPEG quality 90)"
casent0005995,Strumigenys,test,p,data/images/Strumigenys/casent0005995_p.jpg,ca8ed3347ea1693f71d219ea078d0133a9676575b742b376f6a2956352a03978,1024,718,156335,commons,https://upload.wikimedia.org/wikipedia/commons/a/ac/Strumigenys_seti_casent0005995_profile_1.jpg,Strumigenys seti casent0005995 profile 1.jpg,a3bcd174cdd0755c6273596d30e0fbe189603c6a,2009-10-18T22:30:30Z,exact,"harvester downscale, byte-identical","recovered by 14_commons_provenance.py: the Commons original after 06_harvest_commons.py's downscale (RGB, max 1024 px, JPEG quality 90)"
casent0005996,Strumigenys,test,p,data/images/Strumigenys/casent0005996_p.jpg,6741bc84c9b65bcee38d15ce92d7e56819d251a4be7d4f8ca2fdd0524c881f99,1024,773,134978,commons,https://upload.wikimedia.org/wikipedia/commons/5/55/Strumigenys_maxillaris_casent0005996_profile_1.jpg,Strumigenys maxillaris casent0005996 profile 1.jpg,0e6fd3c968d4fdcc4b77ba13a053bd5ad3fab48e,2009-10-20T22:33:31Z,exact,"harvester downscale, byte-identical","recovered by 14_commons_provenance.py: the Commons original after 06_harvest_commons.py's downscale (RGB, max 1024 px, JPEG quality 90)"
casent0005999,Strumigenys,train,p,data/images/Strumigenys/casent0005999_p.jpg,9f38ae0a4933443f9df62fc28fca4664124455c6bb68e9d54db73389f9fe0df5,996,808,172181,commons,https://upload.wikimedia.org/wikipedia/commons/0/09/Strumigenys_maxillaris_casent0005999_profile_1.jpg,Strumigenys maxillaris casent0005999 profile 1.jpg,d5c58a24bf808762a224052a51500c9369342716,2009-10-21T16:27:54Z,exact,"harvester downscale, byte-identical","recovered by 14_commons_provenance.py: the Commons original after 06_harvest_commons.py's downscale (RGB, max 1024 px, JPEG quality 90)"
casent0006000,Strumigenys,train,p,data/images/Strumigenys/casent0006000_p.jpg,e5b2dfac75fbe20d6002da312a9230c73482fd570b88fd789b57b2009576dff9,1024,742,164177,commons,https://upload.wikimedia.org/wikipedia/commons/f/fe/Strumigenys_erynnes_casent0006000_profile_1.jpg,Strumigenys erynnes casent0006000 profile 1.jpg,9e6866bc04b0a400e8d0fdf8971f3ddcb0f2a785,2009-10-21T09:07:41Z,exact,"harvester downscale, byte-identical","recovered by 14_commons_provenance.py: the Commons original after 06_harvest_commons.py's downscale (RGB, max 1024 px, JPEG quality 90)"
casent0006026,Strumigenys,test,p,data/images/Strumigenys/casent0006026_p.jpg,2147830d3c15b0cf32f18a67052704a133e9f8ec947027d506d6fa380e4e849e,1024,678,151130,commons,https://upload.wikimedia.org/wikipedia/commons/1/13/Strumigenys_victrix_casent0006026_profile_1.jpg,Strumigenys victrix casent0006026 profile 1.jpg,0735afb1abe522a072f642b2548cb452ca5b6647,2009-10-18T12:31:56Z,exact,"harvester downscale, byte-identical","recovered by 14_commons_provenance.py: the Commons original after 06_harvest_commons.py's downscale (RGB, max 1024 px, JPEG quality 90)"
casent0006027,Strumigenys,test,p,data/images/Strumigenys/casent0006027_p.jpg,3d71b929a12f48f5720bcaee0d7919298fac6517d477c305734254448e453154,1024,1024,129050,gbif_cache,https://api.gbif.org/v1/image/cache/1024x1024/occurrence/865077054/media/fa364558079c38ffbd886ebdf3cd6ffb,,,,,,GBIF image cache of https://www.antweb.org/images/casent0006027/casent0006027_p_1_high.jpg; download success recorded in download_status.csv; size variant (1024x1024 or original) not recorded
casent0006028,Strumigenys,train,p,data/images/Strumigenys/casent0006028_p.jpg,3a7918f804ff4451475df8706b05b1d9b9653f8db81180634d5ee3e09d4c362b,1024,701,141698,commons,https://upload.wikimedia.org/wikipedia/commons/c/cf/Strumigenys_fautrix_casent0006028_profile_1.jpg,Strumigenys fautrix casent0006028 profile 1.jpg,1d2932e86efca9ee61962284c05d70f04fcb87b4,2009-10-21T17:06:36Z,exact,"harvester downscale, byte-identical","recovered by 14_commons_provenance.py: the Commons original after 06_harvest_commons.py's downscale (RGB, max 1024 px, JPEG quality 90)"
casent0006083,Mystrium,train,p,data/images/Mystrium/casent0006083_p.jpg,8f9daf2251509199c8697eb7f92c135d3a1115356ff4ff8f46a13a33f343293d,1024,1024,146798,gbif_cache,https://api.gbif.org/v1/image/cache/1024x1024/occurrence/865077130/media/460d4fc7ff8b544df59fc13647072de0,,,,,,GBIF image cache of https://www.antweb.org/images/casent0006083/casent0006083_p_1_high.jpg; download success recorded in download_status.csv; size variant (1024x1024 or original) not recorded
casent0006839,Technomyrmex,train,p,data/images/Technomyrmex/casent0006839_p.jpg,bae8a863d98fcbaff188d47980ee22e58d42313b31f7416aa580a713642db96b,1024,691,132046,commons,https://upload.wikimedia.org/wikipedia/commons/4/44/Technomyrmex_voeltzkowi_casent0006839_profile_1.jpg,Technomyrmex voeltzkowi casent0006839 profile 1.jpg,bb34790227ce0b0a23b90328c984aae4e03b8d2c,2009-10-19T10:24:35Z,exact,"harvester downscale, byte-identical","recovered by 14_commons_provenance.py: the Commons original after 06_harvest_commons.py's downscale (RGB, max 1024 px, JPEG quality 90)"
casent0007734,Anochetus,train,p,data/images/Anochetus/casent0007734_p.jpg,c82834866fbf3b1bd4857dda8e2ce16bffad102b1f440014f57de7dd37558539,1024,669,128505,commons,https://upload.wikimedia.org/wikipedia/commons/2/20/Anochetus_grandidieri_casent0007734_profile_1.jpg,Anochetus grandidieri casent0007734 profile 1.jpg,78d2e8773a6175284a293d20b18f80b3195325b7,2009-10-18T13:42:22Z,exact,"harvester downscale, byte-identical","recovered by 14_commons_provenance.py: the Commons original after 06_harvest_commons.py's downscale (RGB, max 1024 px, JPEG quality 90)"
casent0007735,Nylanderia,train,p,data/images/Nylanderia/casent0007735_p.jpg,0a5633f58db77c7b68dba9aca71202b996586a67d9080af0bc49968b0dd61ab2,1013,808,116948,commons,https://upload.wikimedia.org/wikipedia/commons/f/f8/Paratrechina_amblyops_casent0007735_profile_1.jpg,Paratrechina amblyops casent0007735 profile 1.jpg,3c2b80a631ceff06af38abaff510ed30b01d7c07,2009-10-18T10:41:24Z,exact,"harvester downscale, byte-identical","recovered by 14_commons_provenance.py: the Commons original after 06_harvest_commons.py's downscale (RGB, max 1024 px, JPEG quality 90)"
casent0007736,Tetramorium,train,p,data/images/Tetramorium/casent0007736_p.jpg,230159dff00bc46a916165dad275c2e2f888941677b0605977c094af401d63bf,1024,780,158328,commons,https://upload.wikimedia.org/wikipedia/commons/0/06/Tetramorium_electrum_casent0007736_profile_1.jpg,Tetramorium electrum casent0007736 profile 1.jpg,7b9ae54bb1ecf59e7e1d5b66dc8a88154c46d887,2009-10-21T15:47:46Z,exact,"harvester downscale, byte-identical","recovered by 14_commons_provenance.py: the Commons original after 06_harvest_commons.py's downscale (RGB, max 1024 px, JPEG quality 90)"
casent0008659,Tapinoma,test,p,data/images/Tapinoma/casent0008659_p.jpg,838bf92ad3d88971a5a7c394956d4595eaa3a08e7568344165c7494038ca47d8,1024,771,149542,commons,https://upload.wikimedia.org/wikipedia/commons/4/4d/Tapinoma_melanocephalum_casent0008659_profile_1.jpg,Tapinoma melanocephalum casent0008659 profile 1.jpg,7d67f04de9d25483d9873d8050b637a10f836f7a,2009-10-22T20:48:15Z,exact,"harvester downscale, byte-identical","recovered by 14_commons_provenance.py: the Commons original after 06_harvest_commons.py's downscale (RGB, max 1024 px, JPEG quality 90)"
casent0009349,Mystrium,train,p,data/images/Mystrium/casent0009349_p.jpg,0c27e34e79cf5a3770d0736fb0c4e1d2c8a74a9aef65a4fbfdda9afb421f283e,1024,721,150298,commons,https://upload.wikimedia.org/wikipedia/commons/6/62/Mystrium_rogeri_casent0009349_profile_1.jpg,Mystrium rogeri casent0009349 profile 1.jpg,e61a8801297be4f076dfd1eac7466f5dc6abbe1a,2009-10-22T14:56:22Z,exact,"harvester downscale, byte-identical","recovered by 14_commons_provenance.py: the Commons original after 06_harvest_commons.py's downscale (RGB, max 1024 px, JPEG quality 90)"
casent0009409,Odontomachus,train,p,data/images/Odontomachus/casent0009409_p.jpg,770e93803ba12553d57a90a9f9c315bd222a68a8e5e2caa771c4f44413569d61,1024,771,158863,commons,https://upload.wikimedia.org/wikipedia/commons/9/9d/Odontomachus_coquereli_casent0009409_profile_1.jpg,Odontomachus coquereli casent0009409 profile 1.jpg,c2cd55d187b52254ce19b8ee9ad1b04b1bb0be48,2009-10-22T18:22:14Z,exact,"harvester downscale, byte-identical","recovered by 14_commons_provenance.py: the Commons original after 06_harvest_commons.py's downscale (RGB, max 1024 px, JPEG quality 90)"
casent0009965,Mystrium,train,p,data/images/Mystrium/casent0009965_p.jpg,b7f06ebfd5a5e16ee677bf603d875f1883566a6e14d01c7ea5a4488014856382,1024,800,177752,commons,https://upload.wikimedia.org/wikipedia/commons/6/68/Mystrium_rogeri_casent0009965_profile_1.jpg,Mystrium rogeri casent0009965 profile 1.jpg,d0977a1c9c46112854f88f9edbdf83e25bfe88d1,2009-10-18T07:51:11Z,exact,"harvester downscale, byte-identical","recovered by 14_commons_provenance.py: the Commons original after 06_harvest_commons.py's downscale (RGB, max 1024 px, JPEG quality 90)"
casent0009966,Mystrium,train,p,data/images/Mystrium/casent0009966_p.jpg,1f70b60211e60c30dac6e61a04e83fc3d97809d875dc78d7fe5ece3ad8709e32,1024,771,170563,commons,https://upload.wikimedia.org/wikipedia/commons/d/d9/Mystrium_rogeri_casent0009966_profile_1.jpg,Mystrium rogeri casent0009966 profile 1.jpg,c0b13e558651e5815ec54cc0fe21cbd2b6e59532,2009-10-20T05:31:58Z,exact,"harvester downscale, byte-identical","recovered by 14_commons_provenance.py: the Commons original after 06_harvest_commons.py's downscale (RGB, max 1024 px, JPEG quality 90)"
casent0009967,Mystrium,train,p,data/images/Mystrium/casent0009967_p.jpg,62f8834471853a4b465895406d05f2a0d96e015d6be7ec0feefa0a8534bf9123,1024,771,174715,commons,https://upload.wikimedia.org/wikipedia/commons/c/ca/Mystrium_rogeri_casent0009967_profile_1.jpg,Mystrium rogeri casent0009967 profile 1.jpg,3e2a7c86370209bb66746b42c2dd98631f0a4d2d,2009-10-20T17:11:31Z,exact,"harvester downscale, byte-identical","recovered by 14_commons_provenance.py: the Commons original after 06_harvest_commons.py's downscale (RGB, max 1024 px, JPEG quality 90)"
casent0009968,Mystrium,train,p,data/images/Mystrium/casent0009968_p.jpg,ebb5e06864bf038c158f89b3268723beafdd49fbb12eaa72d132012dcf54d811,1024,723,171893,commons,https://upload.wikimedia.org/wikipedia/commons/a/aa/Mystrium_rogeri_casent0009968_profile_1.jpg,Mystrium rogeri casent0009968 profile 1.jpg,876abc16cdc53ea2bf3d96afff70b9cd4ba8c83f,2009-10-19T12:59:20Z,exact,"harvester downscale, byte-identical","recovered by 14_commons_provenance.py: the Commons original after 06_harvest_commons.py's downscale (RGB, max 1024 px, JPEG quality 90)"
casent0009969,Mystrium,train,p,data/images/Mystrium/casent0009969_p.jpg,0e0f149f920d7822a39d598cfd1e1905f223fc32114a15d2497df1d4afef64b2,1024,749,156650,commons,https://upload.wikimedia.org/wikipedia/commons/0/05/Mystrium_rogeri_casent0009969_profile_1.jpg,Mystrium rogeri casent0009969 profile 1.jpg,b31942a67d22a2c60f5e62046234ad0759d57fdc,2009-10-21T15:22:01Z,exact,"harvester downscale, byte-identical","recovered by 14_commons_provenance.py: the Commons original after 06_harvest_commons.py's downscale (RGB, max 1024 px, JPEG quality 90)"
casent0010765,Monomorium,test,p,data/images/Monomorium/casent0010765_p.jpg,eafd5dd7b144cdd5d235fdfc25d2fa87f75beab9d437facc1ad7ce2b81961621,1280,766,172838,commons,https://upload.wikimedia.org/wikipedia/commons/c/cc/Monomorium_termitobium_casent0010765_profile_1.jpg,Monomorium termitobium casent0010765 profile 1.jpg,b0fd98d9a08ff7e91cb9981420f92a7a08be7203,2009-10-22T21:49:34Z,exact,"Commons server thumbnail, byte-identical","recovered by 14_commons_provenance.py: Commons' own thumbnail of that original (requested at 1024 px, served at the next standard width); not what the current harvester fetches, so most likely an earlier version of it, whose docstring still describes 1024 px thumbnails"
casent0010867,Syllophopsis,test,p,data/images/Syllophopsis/casent0010867_p.jpg,b9df0988b736f131c048b9a8c9291a6ef6da5f0c079f007b536b79c6cf7f1b8c,1024,771,168820,commons,https://upload.wikimedia.org/wikipedia/commons/9/91/Syllophopsis_infusca_casent0010867_profile_1.jpg,Syllophopsis infusca casent0010867 profile 1.jpg,e29f3cfbbfbeada7b3297f66c28df24f72c2acd9,2009-10-20T18:00:46Z,exact,"harvester downscale, byte-identical","recovered by 14_commons_provenance.py: the Commons original after 06_harvest_commons.py's downscale (RGB, max 1024 px, JPEG quality 90)"
casent0011075,Cataulacus,test,p,data/images/Cataulacus/casent0011075_p.jpg,2a0beeb753e1fd343929182509cde658b563fdb395e2fcb34cea2b5955e471e2,1024,660,155203,commons,https://upload.wikimedia.org/wikipedia/commons/2/27/Cataulacus_porcatus_casent0011075_profile_1.jpg,Cataulacus porcatus casent0011075 profile 1.jpg,c421d72dd0c7bde2d1c5e0088815c6906afb76a5,2009-10-19T19:21:37Z,exact,"harvester downscale, byte-identical","recovered by 14_commons_provenance.py: the Commons original after 06_harvest_commons.py's downscale (RGB, max 1024 px, JPEG quality 90)"
casent0012835,Tetraponera,train,p,data/images/Tetraponera/casent0012835_p.jpg,b409c868dcf55a351633572f294835636c1df9bb8b1eeffd1f8a838465004787,1024,804,188890,commons,https://upload.wikimedia.org/wikipedia/commons/1/1c/Tetraponera_morondaviensis_casent0012835_profile_1.jpg,Tetraponera morondaviensis casent0012835 profile 1.jpg,226d851b3557168a8f68f85288128cd059585eeb,2009-10-20T13:14:18Z,exact,"harvester downscale, byte-identical","recovered by 14_commons_provenance.py: the Commons original after 06_harvest_commons.py's downscale (RGB, max 1024 px, JPEG quality 90)"
casent0012838,Tetraponera,test,p,data/images/Tetraponera/casent0012838_p.jpg,e3038eaa22772e9adec54e98aa8399ea1204dbf303643073c122be01fc550cc8,1024,771,148099,commons,https://upload.wikimedia.org/wikipedia/commons/c/ce/Tetraponera_perlonga_casent0012838_profile_1.jpg,Tetraponera perlonga casent0012838 profile 1.jpg,52c4a2c47296d392b88ce1718d3af3995b55fd1a,2009-10-19T10:58:22Z,exact,"harvester downscale, byte-identical","recovered by 14_commons_provenance.py: the Commons original after 06_harvest_commons.py's downscale (RGB, max 1024 px, JPEG quality 90)"
casent0012841,Tetraponera,train,p,data/images/Tetraponera/casent0012841_p.jpg,bde96ffd713ca146ce50109363033f4733e1a4519769d9d60cd9638e77b7150b,1024,771,143256,commons,https://upload.wikimedia.org/wikipedia/commons/b/b7/Tetraponera_rakotonis_casent0012841_profile_1.jpg,Tetraponera rakotonis casent0012841 profile 1.jpg,ea0a4dbff5cc8a94fa8c3dbb2136514acc400116,2009-10-21T21:39:13Z,exact,"harvester downscale, byte-identical","recovered by 14_commons_provenance.py: the Commons original after 06_harvest_commons.py's downscale (RGB, max 1024 px, JPEG quality 90)"
casent0012842,Tetraponera,train,p,data/images/Tetraponera/casent0012842_p.jpg,0044913eab0f4d1b452510e60ba6820b5ab1cecee003131fa378174da8187f90,996,808,205996,commons,https://upload.wikimedia.org/wikipedia/commons/f/fc/Tetraponera_hysterica_casent0012842_profile_1.jpg,Tetraponera hysterica casent0012842 profile 1.jpg,1f1bb126f8bfe491c0d07e9712a238add7354299,2009-10-21T04:03:53Z,exact,"harvester downscale, byte-identical","recovered by 14_commons_provenance.py: the Commons original after 06_harvest_commons.py's downscale (RGB, max 1024 px, JPEG quality 90)"
casent0012845,Tetraponera,train,p,data/images/Tetraponera/casent0012845_p.jpg,94073788da84e562528c4c75287ac5f3bffb1f3a5729384e4ce6b2e941f32676,1024,771,140200,commons,https://upload.wikimedia.org/wikipedia/commons/6/62/Tetraponera_mandibularis_casent0012845_profile_1.jpg,Tetraponera mandibularis casent0012845 profile 1.jpg,2588c46dc91b92ab947a039101ee4afc3fa1480b,2009-10-21T13:20:40Z,exact,"harvester downscale, byte-identical","recovered by 14_commons_provenance.py: the Commons original after 06_harvest_commons.py's downscale (RGB, max 1024 px, JPEG quality 90)"
casent0012850,Tetraponera,train,p,data/images/Tetraponera/casent0012850_p.jpg,83cc7330de22cd05fd2ffd8c590b17a9c35919d0c16a46f05ddce400e8019603,1024,687,124193,commons,https://upload.wikimedia.org/wikipedia/commons/c/c3/Tetraponera_diana_casent0012850_profile_1.jpg,Tetraponera diana casent0012850 profile 1.jpg,b97ad442111f88ff3fbf693984f8f7bce482a614,2009-10-18T12:15:48Z,exact,"harvester downscale, byte-identical","recovered by 14_commons_provenance.py: the Commons original after 06_harvest_commons.py's downscale (RGB, max 1024 px, JPEG quality 90)"
casent0012851,Tetraponera,train,p,data/images/Tetraponera/casent0012851_p.jpg,711fca08bd4e0d86167d1ff30fb21dd6b825fa49724b47d39035e7a24fec7ae4,1024,771,146872,commons,https://upload.wikimedia.org/wikipedia/commons/c/cd/Tetraponera_sahlbergii_casent0012851_profile_1.jpg,Tetraponera sahlbergii casent0012851 profile 1.jpg,59a6e6ab097d5b21ea7e5aef16414391df0d678d,2009-10-19T11:52:01Z,exact,"harvester downscale, byte-identical","recovered by 14_commons_provenance.py: the Commons original after 06_harvest_commons.py's downscale (RGB, max 1024 px, JPEG quality 90)"
casent0012854,Tetraponera,train,p,data/images/Tetraponera/casent0012854_p.jpg,a7cc7e4555dbd657270fc00727d7a3594c054c7a3152ff4a1813903f965df22c,1024,771,157875,commons,https://upload.wikimedia.org/wikipedia/commons/7/74/Tetraponera_fictrix_casent0012854_profile_1.jpg,Tetraponera fictrix casent0012854 profile 1.jpg,1e7cc10bd84b51a5d8ebb11a8382ce75f2d9d08f,2009-10-22T09:46:02Z,exact,"harvester downscale, byte-identical","recovered by 14_commons_provenance.py: the Commons original after 06_harvest_commons.py's downscale (RGB, max 1024 px, JPEG quality 90)"
casent0012858,Tetraponera,train,p,data/images/Tetraponera/casent0012858_p.jpg,3dc34643ac0a93fc02c051eb914f66c190340d64ce9054ca87ed84bd81a7cf13,1024,771,143899,commons,https://upload.wikimedia.org/wikipedia/commons/1/13/Tetraponera_exasciata_casent0012858_profile_1.jpg,Tetraponera exasciata casent0012858 profile 1.jpg,9082aa645680e1a4848cbd52215535e6f94f7cde,2009-10-18T11:50:04Z,exact,"harvester downscale, byte-identical","recovered by 14_commons_provenance.py: the Commons original after 06_harvest_commons.py's downscale (RGB, max 1024 px, JPEG quality 90)"
casent0012861,Tetraponera,train,p,data/images/Tetraponera/casent0012861_p.jpg,42f0019c31b6ef058e546424498defbe2b47e0826d383e225dd5e7298c818bb8,1024,701,143871,commons,https://upload.wikimedia.org/wikipedia/commons/8/85/Tetraponera_grandidieri_casent0012861_profile_1.jpg,Tetraponera grandidieri casent0012861 profile 1.jpg,b769ee76b11c94aa4aadf266f0c0d0628a4289a8,2009-10-22T23:07:21Z,exact,"harvester downscale, byte-identical","recovered by 14_commons_provenance.py: the Commons original after 06_harvest_commons.py's downscale (RGB, max 1024 px, JPEG quality 90)"
casent0016361,Monomorium,train,p,data/images/Monomorium/casent0016361_p.jpg,aa43764da4d3d098b8d923e65b56b818a61d44b0dc05e81443838e11d3aa599d,1024,771,167795,commons,https://upload.wikimedia.org/wikipedia/commons/2/20/Monomorium_xuthosoma_casent0016361_profile_1.jpg,Monomorium xuthosoma casent0016361 profile 1.jpg,d4257ec6726a2533189e15cb8219ca801fff9f9c,2009-10-22T08:05:05Z,exact,"harvester downscale, byte-identical","recovered by 14_commons_provenance.py: the Commons original after 06_harvest_commons.py's downscale (RGB, max 1024 px, JPEG quality 90)"
casent0016783,Tapinoma,train,p,data/images/Tapinoma/casent0016783_p.jpg,c2b65e6d729dc08684ff8bd23aadb546cec37ea212eee02fc699cd7ccf567ef2,1024,741,164313,commons,https://upload.wikimedia.org/wikipedia/commons/7/7a/Technomyrmex_pallipes_casent0016783_profile_1.jpg,Technomyrmex pallipes casent0016783 profile 1.jpg,510855ac23aa1c967e8d8c3de7b15241b3a9c9df,2009-10-19T12:38:31Z,exact,"harvester downscale, byte-identical","recovered by 14_commons_provenance.py: the Commons original after 06_harvest_commons.py's downscale (RGB, max 1024 px, JPEG quality 90)"
casent0017663,Aphaenogaster,train,p,data/images/Aphaenogaster/casent0017663_p.jpg,7cad531ee6bf380752499333e9c4c7129e374efdc5aa8d2f43b15b79dcfbbf80,1024,773,159393,commons,https://upload.wikimedia.org/wikipedia/commons/2/29/Aphaenogaster_swammerdami_casent0017663_profile_1.jpg,Aphaenogaster swammerdami casent0017663 profile 1.jpg,a76b2ef5d2b3b2145ec0abf4d43d45c47c536f2c,2009-10-18T16:30:20Z,exact,"harvester downscale, byte-identical","recovered by 14_commons_provenance.py: the Commons original after 06_harvest_commons.py's downscale (RGB, max 1024 px, JPEG quality 90)"
casent0019207,Tetramorium,test,p,data/images/Tetramorium/casent0019207_p.jpg,aa6b6edb42111ca4a49197733181af1e7a064bb90d0ec15aa98b8ab65c43596f,1024,1024,126489,gbif_cache,https://api.gbif.org/v1/image/cache/1024x1024/occurrence/865083293/media/19f977f18115cf037266eb2900cfb365,,,,,,GBIF image cache of https://www.antweb.org/images/casent0019207/casent0019207_p_1_high.jpg; download success recorded in download_status.csv; size variant (1024x1024 or original) not recorded
casent0019273,Royidris,train,p,data/images/Royidris/casent0019273_p.jpg,f23f8ce05544b22d8af12da8f018874255795c0065f2504d84120ae6e3af2633,1024,771,174029,commons,https://upload.wikimedia.org/wikipedia/commons/0/06/Monomorium_shuckardi_casent0019273_profile_1.jpg,Monomorium shuckardi casent0019273 profile 1.jpg,750113f914c420fe30e9948abe7a385cfe6e8616,2009-10-19T19:44:36Z,exact,"harvester downscale, byte-identical","recovered by 14_commons_provenance.py: the Commons original after 06_harvest_commons.py's downscale (RGB, max 1024 px, JPEG quality 90)"
casent0020200,Monomorium,train,p,data/images/Monomorium/casent0020200_p.jpg,4087e0b05abebab3b7e1543d83aad41aa415919334dbd524cd4cd7267786a38a,1024,771,173268,commons,https://upload.wikimedia.org/wikipedia/commons/4/46/Monomorium_nigricans_casent0020200_profile_1.jpg,Monomorium nigricans casent0020200 profile 1.jpg,64c1e5360034ff0d681ad80a79a06415295cd296,2009-10-20T02:53:14Z,exact,"harvester downscale, byte-identical","recovered by 14_commons_provenance.py: the Commons original after 06_harvest_commons.py's downscale (RGB, max 1024 px, JPEG quality 90)"
casent0020507,Monomorium,train,p,data/images/Monomorium/casent0020507_p.jpg,73d1d96b9ee59d5202254651116db1dcb3454f685c4ee32fb8cf275911464fbc,1024,1024,124539,gbif_cache,https://api.gbif.org/v1/image/cache/1024x1024/occurrence/865083523/media/b7e091c501727d4f3eb70b1f3bc11cad,,,,,,GBIF image cache of https://www.antweb.org/images/casent0020507/casent0020507_p_1_high.jpg; download success recorded in download_status.csv; size variant (1024x1024 or original) not recorded
casent0020786,Royidris,train,p,data/images/Royidris/casent0020786_p.jpg,6871ef43c05048be81efef6c6e70a86ae44f80027bce6fbe0fd3847b7b408246,1024,1024,98070,gbif_cache,https://api.gbif.org/v1/image/cache/1024x1024/occurrence/865083560/media/17ac497d53032693eb54a0dc43712eed,,,,,,GBIF image cache of https://www.antweb.org/images/casent0020786/casent0020786_p_1_high.jpg; download success recorded in download_status.csv; size variant (1024x1024 or original) not recorded
casent0023410,Syllophopsis,train,p,data/images/Syllophopsis/casent0023410_p.jpg,c977e13a02f155fab9a2cd0a29f14edad86022847423c5915b63d652f4aebb6d,1024,771,175598,commons,https://upload.wikimedia.org/wikipedia/commons/0/08/Monomorium_hildebrandti_casent0023410_profile_1.jpg,Monomorium hildebrandti casent0023410 profile 1.jpg,1bb9c8c30836ae6d88ad12fb5db42e930872e502,2009-10-21T23:59:20Z,exact,"harvester downscale, byte-identical","recovered by 14_commons_provenance.py: the Commons original after 06_harvest_commons.py's downscale (RGB, max 1024 px, JPEG quality 90)"
casent0025716,Monomorium,train,p,data/images/Monomorium/casent0025716_p.jpg,a6809910ddaff2200194815b5cd0e855405231370e7c69a996ef32e734d44f1f,1024,705,170940,commons,https://upload.wikimedia.org/wikipedia/commons/6/62/Monomorium_chnodes_casent0025716_profile_1.jpg,Monomorium chnodes casent0025716 profile 1.jpg,5cf6dee1d0e3fd31980d16a1ec2b76f1359fe666,2009-10-20T05:41:24Z,exact,"harvester downscale, byte-identical","recovered by 14_commons_provenance.py: the Commons original after 06_harvest_commons.py's downscale (RGB, max 1024 px, JPEG quality 90)"
casent0026710,Syllophopsis,train,p,data/images/Syllophopsis/casent0026710_p.jpg,6a72c6f09c0addc87dde976c3e65f34e174bb4c40fff69dda0b4dbc1e29abe32,1280,779,182276,commons,https://upload.wikimedia.org/wikipedia/commons/8/83/Syllophopsis_modesta_casent0026710_profile_1.jpg,Syllophopsis modesta casent0026710 profile 1.jpg,c8ecfc0c720a70a1722db6b1b262b5283da75abb,2009-10-18T20:31:27Z,exact,"Commons server thumbnail, byte-identical","recovered by 14_commons_provenance.py: Commons' own thumbnail of that original (requested at 1024 px, served at the next standard width); not what the current harvester fetches, so most likely an earlier version of it, whose docstring still describes 1024 px thumbnails"
casent0027983,Bothroponera,test,p,data/images/Bothroponera/casent0027983_p.jpg,a7fed6ceda55a1132f7ef7419c93191f3d03ff8760e42ecf40426accd7813f07,1024,771,161291,commons,https://upload.wikimedia.org/wikipedia/commons/8/86/Pachycondyla_cambouei_casent0027983_profile_1.jpg,Pachycondyla cambouei casent0027983 profile 1.jpg,cdb2a8c68d94bfb20d49e0d17decfa5a48337c7a,2009-10-20T08:55:28Z,exact,"harvester downscale, byte-identical","recovered by 14_commons_provenance.py: the Commons original after 06_harvest_commons.py's downscale (RGB, max 1024 px, JPEG quality 90)"
casent0029098,Bothroponera,train,p,data/images/Bothroponera/casent0029098_p.jpg,15660aef01317942b822c5f506c73454458609c949595aec178aa1bcdc25ed1c,1024,771,153173,commons,https://upload.wikimedia.org/wikipedia/commons/f/f8/Pachycondyla_cambouei_casent0029098_profile_1.jpg,Pachycondyla cambouei casent0029098 profile 1.jpg,fcd3dbece9a954f4184633e26cfc79bc878a8d52,2009-10-21T18:18:15Z,exact,"harvester downscale, byte-identical","recovered by 14_commons_provenance.py: the Commons original after 06_harvest_commons.py's downscale (RGB, max 1024 px, JPEG quality 90)"
casent0031004,Bothroponera,train,p,data/images/Bothroponera/casent0031004_p.jpg,c6d714c9821078f07c6a56269a75ff2c810fdc333a6a4520f44bd8154685c847,1024,771,157542,commons,https://upload.wikimedia.org/wikipedia/commons/a/aa/Pachycondyla_cambouei_casent0031004_profile_1.jpg,Pachycondyla cambouei casent0031004 profile 1.jpg,435f2d8e2a29b5d4a85eb81ad4e2f2426c13629f,2009-10-18T18:02:34Z,exact,"harvester downscale, byte-identical","recovered by 14_commons_provenance.py: the Commons original after 06_harvest_commons.py's downscale (RGB, max 1024 px, JPEG quality 90)"
casent0031384,Bothroponera,train,p,data/images/Bothroponera/casent0031384_p.jpg,e7bf8980efb4b40f9d5c069ca774a57b68a68a0552acd70ea54a8db27510c99b,1024,728,198524,commons,https://upload.wikimedia.org/wikipedia/commons/3/3c/Pachycondyla_wasmannii_casent0031384_profile_1.jpg,Pachycondyla wasmannii casent0031384 profile 1.jpg,5a4ac73fb7b19272ef425cc1c2f12a89bf711955,2009-10-22T10:23:57Z,exact,"harvester downscale, byte-identical","recovered by 14_commons_provenance.py: the Commons original after 06_harvest_commons.py's downscale (RGB, max 1024 px, JPEG quality 90)"
casent0033463,Anochetus,train,p,data/images/Anochetus/casent0033463_p.jpg,ca05fdc77cba2e6bf90d9d003b3cbc14ba54119e77908a5418348ed16a642a54,1024,752,135891,commons,https://upload.wikimedia.org/wikipedia/commons/1/10/Anochetus_grandidieri_casent0033463_profile_1.jpg,Anochetus grandidieri casent0033463 profile 1.jpg,cfbd72bc6b2ffaa394428a636e0a564949282a7c,2009-10-18T17:31:49Z,exact,"harvester downscale, byte-identical","recovered by 14_commons_provenance.py: the Commons original after 06_harvest_commons.py's downscale (RGB, max 1024 px, JPEG quality 90)"
casent0034270,Bothroponera,train,p,data/images/Bothroponera/casent0034270_p.jpg,2dc4c1c04389064b6b36d229042278bb13099a28e09b30c80297063bf4175ec9,1024,771,140669,commons,https://upload.wikimedia.org/wikipedia/commons/8/88/Pachycondyla_cambouei_casent0034270_profile_1.jpg,Pachycondyla cambouei casent0034270 profile 1.jpg,c13e18a3304c32738cdac47742c6a7828dfee5f5,2009-10-20T04:12:46Z,exact,"harvester downscale, byte-identical","recovered by 14_commons_provenance.py: the Commons original after 06_harvest_commons.py's downscale (RGB, max 1024 px, JPEG quality 90)"
casent0034493,Bothroponera,train,p,data/images/Bothroponera/casent0034493_p.jpg,7e96ac78a1aefed5ffc127af952125cc4e1dc76070105ca9f4b681e4c4aa7b2b,1280,761,250961,commons,https://upload.wikimedia.org/wikipedia/commons/e/ee/Pachycondyla_cambouei_casent0034493_profile_1.jpg,Pachycondyla cambouei casent0034493 profile 1.jpg,bf57be142f9001557d4949b0e6a33a1db5efa5bd,2009-10-21T16:14:54Z,exact,"Commons server thumbnail, byte-identical","recovered by 14_commons_provenance.py: Commons' own thumbnail of that original (requested at 1024 px, served at the next standard width); not what the current harvester fetches, so most likely an earlier version of it, whose docstring still describes 1024 px thumbnails"
casent0034499,Pachycondyla,train,p,data/images/Pachycondyla/casent0034499_p.jpg,caf3dd380b508f4bbc950e801096f2f4086d48abc8353c190edfe6fc31b9985c,1024,1024,166935,gbif_cache,https://api.gbif.org/v1/image/cache/1024x1024/occurrence/865085772/media/f58bf974e5db66c5a6319056dab47189,,,,,,GBIF image cache of https://www.antweb.org/images/casent0034499/casent0034499_p_1_high.jpg; download success recorded in download_status.csv; size variant (1024x1024 or original) not recorded
casent0034571,Bothroponera,train,p,data/images/Bothroponera/casent0034571_p.jpg,1d90aae216618d30a44811b9ff82d7b24e65da225ab6169790fc09c5ad80d22d,1024,771,163325,commons,https://upload.wikimedia.org/wikipedia/commons/f/f9/Pachycondyla_cambouei_casent0034571_profile_1.jpg,Pachycondyla cambouei casent0034571 profile 1.jpg,05dea8ed6d27909e37b8da36f4c3292dabef1b1d,2009-10-22T05:46:21Z,exact,"harvester downscale, byte-identical","recovered by 14_commons_provenance.py: the Commons original after 06_harvest_commons.py's downscale (RGB, max 1024 px, JPEG quality 90)"
casent0035010,Royidris,train,p,data/images/Royidris/casent0035010_p.jpg,9b7785e4b5435bff6b4bf481210896bcb39799432222d7328d0311d558f793e1,1024,782,185705,commons,https://upload.wikimedia.org/wikipedia/commons/4/4a/Monomorium_robertsoni_casent0035010_profile_1.jpg,Monomorium robertsoni casent0035010 profile 1.jpg,c3cd3cb175a12b987d52603dece7a3fea4804cd2,2009-10-18T09:22:12Z,exact,"harvester downscale, byte-identical","recovered by 14_commons_provenance.py: the Commons original after 06_harvest_commons.py's downscale (RGB, max 1024 px, JPEG quality 90)"
casent0035270,Royidris,train,p,data/images/Royidris/casent0035270_p.jpg,1ff934d9e41313f64639a941944112598af4a2692e3b84bd37ab18b885a3cef2,1024,1024,87661,gbif_cache,https://api.gbif.org/v1/image/cache/1024x1024/occurrence/865085951/media/f4159dc9fcd24b99ec936b2844c26bb3,,,,,,GBIF image cache of https://www.antweb.org/images/casent0035270/casent0035270_p_1_high.jpg; download success recorded in download_status.csv; size variant (1024x1024 or original) not recorded
casent0040756,Pheidole,test,d,data/images/Pheidole/casent0040756_d.jpg,927737723bb8049d5288c6a00c63dcbc7f77834e8900e146ca1cd51e0641efa6,1024,1024,129445,gbif_cache,https://api.gbif.org/v1/image/cache/1024x1024/occurrence/2332218997/media/8f5cd9d60f4667bc55063f1c1308a92c,,,,,,GBIF image cache of https://www.antweb.org/images/casent0040756/casent0040756_d_2_high.jpg; download success recorded in download_status.csv; size variant (1024x1024 or original) not recorded
casent0041614,Monomorium,train,p,data/images/Monomorium/casent0041614_p.jpg,2ae7c97aeb71d9eea7beae10fa710b09f9a2ca3a951597eac339eb9a98f80d57,1024,784,181446,commons,https://upload.wikimedia.org/wikipedia/commons/0/01/Monomorium_flavimembra_casent0041614_profile_1.jpg,Monomorium flavimembra casent0041614 profile 1.jpg,2816423451197afb2aa3c5dcdd86d834786f5235,2009-10-22T05:59:19Z,exact,"harvester downscale, byte-identical","recovered by 14_commons_provenance.py: the Commons original after 06_harvest_commons.py's downscale (RGB, max 1024 px, JPEG quality 90)"
casent0044969,Monomorium,train,p,data/images/Monomorium/casent0044969_p.jpg,8c614af9a03b4226b2cb1f56564a52a73c267159eb5329f449999119e2f47f22,1024,664,157980,commons,https://upload.wikimedia.org/wikipedia/commons/4/40/Monomorium_micrommaton_casent0044969_profile_1.jpg,Monomorium micrommaton casent0044969 profile 1.jpg,326aa82d3d625a3c8117bb2aa51ff9ed394338d9,2009-10-22T02:52:11Z,exact,"harvester downscale, byte-identical","recovered by 14_commons_provenance.py: the Commons original after 06_harvest_commons.py's downscale (RGB, max 1024 px, JPEG quality 90)"
casent0044971,Syllophopsis,train,p,data/images/Syllophopsis/casent0044971_p.jpg,1d9a59ee7d17f86f0834ba430900f934b3f5149a58ad168aa763062aa99969d8,1024,771,178628,commons,https://upload.wikimedia.org/wikipedia/commons/1/1e/Syllophopsis_aureorugosa_casent0044971_profile_1.jpg,Syllophopsis aureorugosa casent0044971 profile 1.jpg,ede67d5ba4481abe7b0f40f10213de041fcecc5f,2009-10-20T16:08:59Z,exact,"harvester downscale, byte-identical","recovered by 14_commons_provenance.py: the Commons original after 06_harvest_commons.py's downscale (RGB, max 1024 px, JPEG quality 90)"
casent0045443,Monomorium,train,p,data/images/Monomorium/casent0045443_p.jpg,2b210c1419f18ff015d83ee9905acc7b760f519e71f7c5cd83e65cf4fc3258e0,1024,707,169248,commons,https://upload.wikimedia.org/wikipedia/commons/c/c0/Monomorium_hanneli_casent0045443_profile_1.jpg,Monomorium hanneli casent0045443 profile 1.jpg,ca555d20a497478557f7a578009a48edc6fcf39f,2009-10-20T19:34:22Z,exact,"harvester downscale, byte-identical","recovered by 14_commons_provenance.py: the Commons original after 06_harvest_commons.py's downscale (RGB, max 1024 px, JPEG quality 90)"
casent0047308,Odontomachus,train,p,data/images/Odontomachus/casent0047308_p.jpg,dcf80b306801bd4fdbaad52f2e7eba8fdbafe8b91688a7d5751b5def2ad70280,1024,771,161389,commons,https://upload.wikimedia.org/wikipedia/commons/d/d2/Odontomachus_troglodytes_casent0047308_profile_1.jpg,Odontomachus troglodytes casent0047308 profile 1.jpg,df91967e85dd0fe20da833fadf4db28ef78922c8,2009-10-20T16:15:54Z,exact,"harvester downscale, byte-identical","recovered by 14_commons_provenance.py: the Commons original after 06_harvest_commons.py's downscale (RGB, max 1024 px, JPEG quality 90)"
casent0048678,Platythyrea,train,p,data/images/Platythyrea/casent0048678_p.jpg,d23b4e4c0a722404eb3d2e0d25d30d0e3cc52abb32c597431b7d1c650102bfb8,1024,1024,115384,gbif_cache,https://api.gbif.org/v1/image/cache/1024x1024/occurrence/865089737/media/00d67ec99bffd108e1da72bc344709e4,,,,,,GBIF image cache of https://www.antweb.org/images/casent0048678/casent0048678_p_1_high.jpg; download success recorded in download_status.csv; size variant (1024x1024 or original) not recorded
casent0048930,Pachycondyla,test,p,data/images/Pachycondyla/casent0048930_p.jpg,fda888a162ce316514d0dfd7e3d10a82e2d5e20e7caef3b1530100ced7a150ba,1024,734,193789,commons,https://upload.wikimedia.org/wikipedia/commons/0/04/Bothroponera_perroti_casent0048930_profile_1.jpg,Bothroponera perroti casent0048930 profile 1.jpg,e3ae606fdda0491ff1315332a44914e8848ba7eb,2009-10-22T03:18:34Z,exact,"harvester downscale, byte-identical","recovered by 14_commons_provenance.py: the Commons original after 06_harvest_commons.py's downscale (RGB, max 1024 px, JPEG quality 90)"
casent0052480,Monomorium,test,p,data/images/Monomorium/casent0052480_p.jpg,3713c78de476067843fbdbba3f7ecaadb0eb551e5c73c2f2a86eb9f306fe387b,1024,684,139896,commons,https://upload.wikimedia.org/wikipedia/commons/6/6c/Monomorium_termitobium_casent0052480_profile_1.jpg,Monomorium termitobium casent0052480 profile 1.jpg,60be02601e3b90ed3cf1ecbb95595d97f4479a12,2009-10-18T20:26:05Z,exact,"harvester downscale, byte-identical","recovered by 14_commons_provenance.py: the Commons original after 06_harvest_commons.py's downscale (RGB, max 1024 px, JPEG quality 90)"
casent0053815,Technomyrmex,train,p,data/images/Technomyrmex/casent0053815_p.jpg,5553e1d4d0b7c1df355c37c279c2b24459a68746cb5bff7f8ac2915911368128,1024,771,164906,commons,https://upload.wikimedia.org/wikipedia/commons/f/fe/Technomyrmex_fisheri_casent0053815_profile_1.jpg,Technomyrmex fisheri casent0053815 profile 1.jpg,80b3202b7630f907066d745f2af8ec11005911bb,2009-10-21T23:35:10Z,exact,"harvester downscale, byte-identical","recovered by 14_commons_provenance.py: the Commons original after 06_harvest_commons.py's downscale (RGB, max 1024 px, JPEG quality 90)"
casent0053986,Monomorium,train,p,data/images/Monomorium/casent0053986_p.jpg,7972684348235e46b00dba5a65fe1a849218ac2eede14f832d47415a8317a2bc,1024,762,216718,commons,https://upload.wikimedia.org/wikipedia/commons/2/24/Monomorium_floricola_casent0053986_profile_1.jpg,Monomorium floricola casent0053986 profile 1.jpg,75b503fcc114a99d5da6aaa48cf20bcf70255ea2,2009-10-21T16:28:45Z,exact,"harvester downscale, byte-identical","recovered by 14_commons_provenance.py: the Commons original after 06_harvest_commons.py's downscale (RGB, max 1024 px, JPEG quality 90)"
casent0054136,Crematogaster,train,p,data/images/Crematogaster/casent0054136_p.jpg,9a5529abf630461e4b703ee12578760c45dce6546b2e51b86d2c87964689f77b,1024,1024,133696,gbif_cache,https://api.gbif.org/v1/image/cache/1024x1024/occurrence/865092926/media/856b6123337fcb0dbb7a7d61b1058fd6,,,,,,GBIF image cache of https://www.antweb.org/images/casent0054136/casent0054136_p_2_high.jpg; download success recorded in download_status.csv; size variant (1024x1024 or original) not recorded
casent0058901,Technomyrmex,train,p,data/images/Technomyrmex/casent0058901_p.jpg,8d220544f11bd1daed7ac5390bd61f30a4675b177eba14a999c992a8c4cd4463,1024,715,162123,commons,https://upload.wikimedia.org/wikipedia/commons/0/0b/Technomyrmex_anterops_casent0058901_profile_1.jpg,Technomyrmex anterops casent0058901 profile 1.jpg,66fee03ec1b0ea740e2220e13747a22abc2fd1a1,2009-10-20T01:34:25Z,exact,"harvester downscale, byte-identical","recovered by 14_commons_provenance.py: the Commons original after 06_harvest_commons.py's downscale (RGB, max 1024 px, JPEG quality 90)"
casent0060902,Nesomyrmex,train,p,data/images/Nesomyrmex/casent0060902_p.jpg,de1263afaf3ad9bb7b5ec4f456db181d259396794544b9f1ec560a21aa7324f8,1024,793,166292,commons,https://upload.wikimedia.org/wikipedia/commons/4/42/Nesomyrmex_retusispinosus_casent0060902_profile_1.jpg,Nesomyrmex retusispinosus casent0060902 profile 1.jpg,fce7fd5251ed3adda352e8d298e476a54880017d,2009-10-18T13:03:16Z,exact,"harvester downscale, byte-identical","recovered by 14_commons_provenance.py: the Commons original after 06_harvest_commons.py's downscale (RGB, max 1024 px, JPEG quality 90)"
casent0066732,Cataulacus,train,p,data/images/Cataulacus/casent0066732_p.jpg,38ec24906587f6f580149f318058d40edcaab74d8658073a2a6082b1fc3e029c,1024,721,175237,commons,https://upload.wikimedia.org/wikipedia/commons/3/3c/Cataulacus_porcatus_casent0066732_profile_1.jpg,Cataulacus porcatus casent0066732 profile 1.jpg,ccfa76a1fb3adc2caaa0edb2c8d7b31f649efec0,2009-10-18T17:07:56Z,exact,"harvester downscale, byte-identical","recovered by 14_commons_provenance.py: the Commons original after 06_harvest_commons.py's downscale (RGB, max 1024 px, JPEG quality 90)"
casent0067549,Strumigenys,train,p,data/images/Strumigenys/casent0067549_p.jpg,413d6bd2c99b5e2adae9e222d5710dcbf60da6721e6eddde487646a20ef12a65,1024,771,152298,commons,https://upload.wikimedia.org/wikipedia/commons/d/df/Strumigenys_covina_casent0067549_profile_1.jpg,Strumigenys covina casent0067549 profile 1.jpg,3cddceda1d30a5c6f1b519ba76b4d37b22291e0d,2009-10-22T15:17:03Z,exact,"harvester downscale, byte-identical","recovered by 14_commons_provenance.py: the Commons original after 06_harvest_commons.py's downscale (RGB, max 1024 px, JPEG quality 90)"
casent0068113,Monomorium,train,p,data/images/Monomorium/casent0068113_p.jpg,63c8d92aba0287100ee773782d7ab0aee2c77a0645bdad9457e9c36ef1f55b68,1024,767,185261,commons,https://upload.wikimedia.org/wikipedia/commons/0/0f/Monomorium_subopacum_casent0068113_profile_1.jpg,Monomorium subopacum casent0068113 profile 1.jpg,6011efd8169d177d2a34d0a1227a9be2eb232bb0,2009-10-21T18:34:00Z,exact,"harvester downscale, byte-identical","recovered by 14_commons_provenance.py: the Commons original after 06_harvest_commons.py's downscale (RGB, max 1024 px, JPEG quality 90)"
casent0068950,Crematogaster,train,p,data/images/Crematogaster/casent0068950_p.jpg,cd46a3fef6f8d6871cfda5b829bb34f33c9e4afab362ae559e98461eaf5d3ff9,1024,1024,183156,gbif_cache,https://api.gbif.org/v1/image/cache/1024x1024/occurrence/865103951/media/21d6dbb4607862d8bc152a6d7b0ad0bb,,,,,,GBIF image cache of https://www.antweb.org/images/casent0068950/casent0068950_p_1_high.jpg; download success recorded in download_status.csv; size variant (1024x1024 or original) not recorded
casent0069921,Strumigenys,train,p,data/images/Strumigenys/casent0069921_p.jpg,8c00f6557f5ef73e20fa425d6b223781d0599cf098969ab0eaf45a85b8442212,1024,716,160877,commons,https://upload.wikimedia.org/wikipedia/commons/9/95/Strumigenys_admixta_casent0069921_profile_1.jpg,Strumigenys admixta casent0069921 profile 1.jpg,f377c0edef0a24470f01c660d21d15fc5831faa8,2009-10-21T09:33:23Z,exact,"harvester downscale, byte-identical","recovered by 14_commons_provenance.py: the Commons original after 06_harvest_commons.py's downscale (RGB, max 1024 px, JPEG quality 90)"
casent0076204,Monomorium,train,p,data/images/Monomorium/casent0076204_p.jpg,9b511fde022d750fb680a07884871ec2a740ea4c1c907bb142e04a080f41a739,1024,751,153580,commons,https://upload.wikimedia.org/wikipedia/commons/0/07/Monomorium_termitobium_casent0076204_profile_1.jpg,Monomorium termitobium casent0076204 profile 1.jpg,50ae01adf784e4718d725ffd7539b2d8c3ba4e03,2009-10-19T15:41:26Z,exact,"harvester downscale, byte-identical","recovered by 14_commons_provenance.py: the Commons original after 06_harvest_commons.py's downscale (RGB, max 1024 px, JPEG quality 90)"
casent0076558,Leptogenys,train,p,data/images/Leptogenys/casent0076558_p.jpg,fad045f8184cc1f70b2f20e532bf3d79618b9fd00b73ff908ab025c1a3bf6ba6,1024,771,151874,commons,https://upload.wikimedia.org/wikipedia/commons/a/aa/Leptogenys_coerulescens_casent0076558_profile_1.jpg,Leptogenys coerulescens casent0076558 profile 1.jpg,6b771fff0b452ebd524e4734e4b7ace1e38b0269,2009-10-22T22:43:02Z,exact,"harvester downscale, byte-identical","recovered by 14_commons_provenance.py: the Commons original after 06_harvest_commons.py's downscale (RGB, max 1024 px, JPEG quality 90)"
casent0076622,Mystrium,test,p,data/images/Mystrium/casent0076622_p.jpg,48a3b74e2bf11cdf828245e8f0cf496d96d9cfc509881d3cafb73ed1fa2210aa,1024,771,169049,commons,https://upload.wikimedia.org/wikipedia/commons/1/19/Mystrium_mysticum_casent0076622_profile_1.jpg,Mystrium mysticum casent0076622 profile 1.jpg,8a414527ed9305e6c2e5e8269272ce91bc4d1499,2009-10-19T02:53:49Z,exact,"harvester downscale, byte-identical","recovered by 14_commons_provenance.py: the Commons original after 06_harvest_commons.py's downscale (RGB, max 1024 px, JPEG quality 90)"
casent0076787,Bothroponera,train,p,data/images/Bothroponera/casent0076787_p.jpg,6da61142ba73ec4d856b174982e867561113cb480e9ca4c00bf3243cf12aa132,1024,771,174505,commons,https://upload.wikimedia.org/wikipedia/commons/b/bd/Pachycondyla_wasmannii_casent0076787_profile_1.jpg,Pachycondyla wasmannii casent0076787 profile 1.jpg,f20dfbb37c3cab575daa2f76b2499421c92fea1d,2009-10-19T01:18:27Z,exact,"harvester downscale, byte-identical","recovered by 14_commons_provenance.py: the Commons original after 06_harvest_commons.py's downscale (RGB, max 1024 px, JPEG quality 90)"
casent0077457,Leptogenys,train,p,data/images/Leptogenys/casent0077457_p.jpg,0912313c9dacced1f3aec6274582d13fcd6586f9b7075fcb6203d9e0a4a10a54,1024,696,122945,commons,https://upload.wikimedia.org/wikipedia/commons/3/3b/Leptogenys_incisa_casent0077457_profile_1.jpg,Leptogenys incisa casent0077457 profile 1.jpg,d138e4a1bfc26a724f7cfbaf0f90a4ebf0f03318,2009-10-18T23:31:21Z,exact,"harvester downscale, byte-identical","recovered by 14_commons_provenance.py: the Commons original after 06_harvest_commons.py's downscale (RGB, max 1024 px, JPEG quality 90)"
casent0077516,Terataner,train,p,data/images/Terataner/casent0077516_p.jpg,50f0270b0aea1fabc3f205efa3a1f83c2d7b40f374567a98596236c1a18d076d,889,808,167682,commons,https://upload.wikimedia.org/wikipedia/commons/4/43/Terataner_alluaudi_casent0077516_profile_1.jpg,Terataner alluaudi casent0077516 profile 1.jpg,f879a648d590283842451640d2618bb0d985aa70,2009-10-21T20:54:18Z,exact,"harvester downscale, byte-identical","recovered by 14_commons_provenance.py: the Commons original after 06_harvest_commons.py's downscale (RGB, max 1024 px, JPEG quality 90)"
casent0077935,Royidris,train,p,data/images/Royidris/casent0077935_p.jpg,0b89d614e287bd0ac6187ffa346376096b3437a2c220ff2bd03edd7d55eafd27,1024,757,173599,commons,https://upload.wikimedia.org/wikipedia/commons/c/c4/Monomorium_robertsoni_casent0077935_profile_1.jpg,Monomorium robertsoni casent0077935 profile 1.jpg,ffb76250d25a9df4b63d5e5555faa6fe2dbb38a0,2009-10-22T18:36:12Z,exact,"harvester downscale, byte-identical","recovered by 14_commons_provenance.py: the Commons original after 06_harvest_commons.py's downscale (RGB, max 1024 px, JPEG quality 90)"
casent0078587,Monomorium,test,p,data/images/Monomorium/casent0078587_p.jpg,1734190d9c97d8feeefa34c18811a61d7bee354eeb82b23d949cd23714f419f7,1024,735,168634,commons,https://upload.wikimedia.org/wikipedia/commons/e/ec/Monomorium_termitobium_casent0078587_profile_1.jpg,Monomorium termitobium casent0078587 profile 1.jpg,6e7e82a2adbc27a120091a1d1f41f400bb581086,2009-10-21T20:39:56Z,exact,"harvester downscale, byte-identical","recovered by 14_commons_provenance.py: the Commons original after 06_harvest_commons.py's downscale (RGB, max 1024 px, JPEG quality 90)"
casent0079066,Monomorium,train,p,data/images/Monomorium/casent0079066_p.jpg,09f86f739bca5454556ceb37f9cccb3badd858bf5842f5622dfc4f3d0f2abf47,1024,710,150827,commons,https://upload.wikimedia.org/wikipedia/commons/3/39/Monomorium_nigricans_casent0079066_profile_1.jpg,Monomorium nigricans casent0079066 profile 1.jpg,b25990223e4823292ca2968c68db5f6abc45c815,2009-10-19T22:35:32Z,exact,"harvester downscale, byte-identical","recovered by 14_commons_provenance.py: the Commons original after 06_harvest_commons.py's downscale (RGB, max 1024 px, JPEG quality 90)"
casent0097891,Technomyrmex,test,p,data/images/Technomyrmex/casent0097891_p.jpg,aa6e6bd249e13f985877c01adcd92e89fa1e7905e6077d5379cf6ebe26560342,1024,734,156910,commons,https://upload.wikimedia.org/wikipedia/commons/e/e4/Technomyrmex_anterops_casent0097891_profile_1.jpg,Technomyrmex anterops casent0097891 profile 1.jpg,f908846463fedaca8e83d664438651b5a832664e,2009-10-19T19:59:22Z,exact,"harvester downscale, byte-identical","recovered by 14_commons_provenance.py: the Commons original after 06_harvest_commons.py's downscale (RGB, max 1024 px, JPEG quality 90)"
casent0101012,Hypoponera,train,p,data/images/Hypoponera/casent0101012_p.jpg,3e3ff0173e3c4fcd68f8f0512b0353e9c944fb05b1fa0e7a19f1d903cdd3acd4,1024,1024,97171,gbif_cache,https://api.gbif.org/v1/image/cache/1024x1024/occurrence/865113943/media/f3197275edb7af6b024eea791c6f4e3f,,,,,,GBIF image cache of https://www.antweb.org/images/casent0101012/casent0101012_p_1_high.jpg; download success recorded in download_status.csv; size variant (1024x1024 or original) not recorded
casent0101013,Hypoponera,test,p,data/images/Hypoponera/casent0101013_p.jpg,8c1c0f39b8e4a775a93580d0981c82ca65d41d2de52c744d75109305d17f28c6,1280,755,174853,commons,https://upload.wikimedia.org/wikipedia/commons/0/0c/Hypoponera_indigens_casent0101013_profile_1.jpg,Hypoponera indigens casent0101013 profile 1.jpg,80c13c0e309d6342c99f7e9295bd54edda25311b,2009-10-20T10:04:58Z,exact,"Commons server thumbnail, byte-identical","recovered by 14_commons_provenance.py: Commons' own thumbnail of that original (requested at 1024 px, served at the next standard width); not what the current harvester fetches, so most likely an earlier version of it, whose docstring still describes 1024 px thumbnails"
casent0101014,Odontomachus,train,p,data/images/Odontomachus/casent0101014_p.jpg,6d3b06552b6840f569605d849468fb28315239328080130f2a361bf7b2a84c4e,1024,771,189766,commons,https://upload.wikimedia.org/wikipedia/commons/d/df/Odontomachus_coquereli_casent0101014_profile_1.jpg,Odontomachus coquereli casent0101014 profile 1.jpg,b464434e1d8e7fe22ff6500748a21f212ba2fa76,2009-10-22T23:14:27Z,exact,"harvester downscale, byte-identical","recovered by 14_commons_provenance.py: the Commons original after 06_harvest_commons.py's downscale (RGB, max 1024 px, JPEG quality 90)"
casent0101015,Odontomachus,train,p,data/images/Odontomachus/casent0101015_p.jpg,7722e777b39e5ec3d5a8eda27f9c5c24598815298df7a8935c04ff3bc026694e,1024,692,152945,commons,https://upload.wikimedia.org/wikipedia/commons/9/93/Odontomachus_coquereli_casent0101015_profile_1.jpg,Odontomachus coquereli casent0101015 profile 1.jpg,b4ecc17400b9f266a73b52b06bb439a53d38e304,2009-10-18T13:39:30Z,exact,"harvester downscale, byte-identical","recovered by 14_commons_provenance.py: the Commons original after 06_harvest_commons.py's downscale (RGB, max 1024 px, JPEG quality 90)"
casent0101016,Hypoponera,train,p,data/images/Hypoponera/casent0101016_p.jpg,4a78e1f66afd00bce51554a17ef8d873ae0f81ebc12d21535a12a450f69f92e8,1024,771,173394,commons,https://upload.wikimedia.org/wikipedia/commons/7/7f/Hypoponera_punctatissima_indifferens_casent0101016_profile_1.jpg,Hypoponera punctatissima indifferens casent0101016 profile 1.jpg,e5099cac97778bc79afd98138eef534054557305,2009-10-22T21:47:37Z,exact,"harvester downscale, byte-identical","recovered by 14_commons_provenance.py: the Commons original after 06_harvest_commons.py's downscale (RGB, max 1024 px, JPEG quality 90)"
casent0101017,Hypoponera,train,p,data/images/Hypoponera/casent0101017_p.jpg,9a3ad288eca3b2b84f1bc799bfe469961e8ef12067d3f5b4e7e98ac7ba009f19,924,808,183576,commons,https://upload.wikimedia.org/wikipedia/commons/f/f9/Hypoponera_punctatissima_indifferens_casent0101017_profile_1.jpg,Hypoponera punctatissima indifferens casent0101017 profile 1.jpg,fcf82b698dba179b848beb9c3373e7d792bb2198,2009-10-18T18:33:07Z,exact,"harvester downscale, byte-identical","recovered by 14_commons_provenance.py: the Commons original after 06_harvest_commons.py's downscale (RGB, max 1024 px, JPEG quality 90)"
casent0101018,Hypoponera,train,p,data/images/Hypoponera/casent0101018_p.jpg,ed724eb5e6ae2b2fa0be21fc1b321ca29de9158e7c50104bd0d005130653eb42,1024,1024,120803,gbif_cache,https://api.gbif.org/v1/image/cache/1024x1024/occurrence/865114105/media/9ec4bfc77bf3f74c197b97be52867903,,,,,,GBIF image cache of https://www.antweb.org/images/casent0101018/casent0101018_p_1_high.jpg; download success recorded in download_status.csv; size variant (1024x1024 or original) not recorded
casent0101019,Hypoponera,train,p,data/images/Hypoponera/casent0101019_p.jpg,54dbf0d0f30cafa08d480d9cc70c245ae26206b22e438aed0a70cd26bf5015b9,1280,715,159132,commons,https://upload.wikimedia.org/wikipedia/commons/5/5e/Hypoponera_johannae_casent0101019_profile_1.jpg,Hypoponera johannae casent0101019 profile 1.jpg,b1509bceb6d3330d1cdee24aeb4ef300f304ca42,2009-10-19T11:46:33Z,exact,"Commons server thumbnail, pixel-identical","recovered by 14_commons_provenance.py: Commons' own thumbnail of that original (requested at 1024 px, served at the next standard width); not what the current harvester fetches, so most likely an earlier version of it, whose docstring still describes 1024 px thumbnails"
casent0101020,Hypoponera,train,p,data/images/Hypoponera/casent0101020_p.jpg,9703dae9368fd9e4de949a99eaf3e400283c3437f23b4d44a02e71ae6a3cc2d9,1024,560,124450,commons,https://upload.wikimedia.org/wikipedia/commons/d/d8/Hypoponera_ludovicae_casent0101020_profile_1.jpg,Hypoponera ludovicae casent0101020 profile 1.jpg,bcd99565863de65a303301779161b1295de76ead,2009-10-21T15:24:04Z,exact,"harvester downscale, byte-identical","recovered by 14_commons_provenance.py: the Commons original after 06_harvest_commons.py's downscale (RGB, max 1024 px, JPEG quality 90)"
casent0101021,Hypoponera,train,p,data/images/Hypoponera/casent0101021_p.jpg,5a52984576c2892fb60964816452c14c8c935362e28867c7650d0ed5b57258f3,1024,478,103447,commons,https://upload.wikimedia.org/wikipedia/commons/9/94/Hypoponera_ludovicae_casent0101021_profile_1.jpg,Hypoponera ludovicae casent0101021 profile 1.jpg,6064293f7ad226280cea6ee5f8666b8b3e060a60,2009-10-19T19:14:46Z,exact,"harvester downscale, byte-identical","recovered by 14_commons_provenance.py: the Commons original after 06_harvest_commons.py's downscale (RGB, max 1024 px, JPEG quality 90)"
casent0101022,Hypoponera,test,p,data/images/Hypoponera/casent0101022_p.jpg,5317713327040e679ac12a7985d3c476b4d8729b24916af26492a4736f83c007,1024,701,160902,commons,https://upload.wikimedia.org/wikipedia/commons/0/07/Hypoponera_sakalava_casent0101022_profile_1.jpg,Hypoponera sakalava casent0101022 profile 1.jpg,dd5dc23f727c05424eb90ba4c0b7cd9409f152cd,2009-10-19T03:17:05Z,exact,"harvester downscale, byte-identical","recovered by 14_commons_provenance.py: the Commons original after 06_harvest_commons.py's downscale (RGB, max 1024 px, JPEG quality 90)"
casent0101023,Hypoponera,test,p,data/images/Hypoponera/casent0101023_p.jpg,b2bd1cb9ed274ff57acfd1aaf94b87c3021fde6b9aa331f80c62aa8c04968ba3,1024,563,119908,commons,https://upload.wikimedia.org/wikipedia/commons/e/e1/Hypoponera_sakalava_casent0101023_profile_1.jpg,Hypoponera sakalava casent0101023 profile 1.jpg,d5777e157aa84129aa6d3440711163bb9c33a08c,2009-10-22T02:53:05Z,exact,"harvester downscale, byte-identical","recovered by 14_commons_provenance.py: the Commons original after 06_harvest_commons.py's downscale (RGB, max 1024 px, JPEG quality 90)"
casent0101024,Hypoponera,train,p,data/images/Hypoponera/casent0101024_p.jpg,c7ca57011af37da2cc30c089e05c5c9662c42ce7b849a44f045cd95abe4b125f,1024,607,140066,commons,https://upload.wikimedia.org/wikipedia/commons/3/3d/Hypoponera_sakalava_excelsior_casent0101024_profile_1.jpg,Hypoponera sakalava excelsior casent0101024 profile 1.jpg,2edd901d75e52d6cd286ed6200f920f872970437,2009-10-18T13:26:50Z,exact,"harvester downscale, byte-identical","recovered by 14_commons_provenance.py: the Commons original after 06_harvest_commons.py's downscale (RGB, max 1024 px, JPEG quality 90)"
casent0101025,Hypoponera,train,p,data/images/Hypoponera/casent0101025_p.jpg,ebd21ca483fab867edd89c83e905b360d14a67164c3312581f9553560581d45a,993,808,201471,commons,https://upload.wikimedia.org/wikipedia/commons/f/fc/Hypoponera_sakalava_excelsior_casent0101025_profile_1.jpg,Hypoponera sakalava excelsior casent0101025 profile 1.jpg,3238507e72c0300c90b759279c7954e594dd8513,2009-10-19T15:54:30Z,exact,"harvester downscale, byte-identical","recovered by 14_commons_provenance.py: the Commons original after 06_harvest_commons.py's downscale (RGB, max 1024 px, JPEG quality 90)"
casent0101034,Pachycondyla,train,p,data/images/Pachycondyla/casent0101034_p.jpg,c3a2092eac798e2264aa9aff43333280295a93a8b05fa21c8bca29d1efc0dcc6,1024,542,102900,commons,https://upload.wikimedia.org/wikipedia/commons/1/17/Pachycondyla_perroti_admista_casent0101034_profile_1.jpg,Pachycondyla perroti admista casent0101034 profile 1.jpg,1e60e9edd2d7e41afa200d241e72f6f677f4220b,2009-10-21T13:50:05Z,exact,"harvester downscale, byte-identical","recovered by 14_commons_provenance.py: the Commons original after 06_harvest_commons.py's downscale (RGB, max 1024 px, JPEG quality 90)"
casent0101035,Pachycondyla,train,p,data/images/Pachycondyla/casent0101035_p.jpg,ab4c9d34827b2703a4340f5d66ce88d84535968a749a15526bdfdaed8e38fc89,1024,1024,103132,gbif_cache,https://api.gbif.org/v1/image/cache/1024x1024/occurrence/865114502/media/2e34b8eb27432f5893740ddc613434f9,,,,,,GBIF image cache of https://www.antweb.org/images/casent0101035/casent0101035_p_1_high.jpg; download success recorded in download_status.csv; size variant (1024x1024 or original) not recorded
casent0101039,Bothroponera,test,p,data/images/Bothroponera/casent0101039_p.jpg,2c3cafb5f04f1c5c83e3f3445c612bd6c35cac65ec7090d8263a58faa9e7103e,1024,771,189613,commons,https://upload.wikimedia.org/wikipedia/commons/8/8b/Pachycondyla_wasmannii_casent0101039_profile_1.jpg,Pachycondyla wasmannii casent0101039 profile 1.jpg,5de5c2f2879989f6db3de73aa33c352e7f8fa6bf,2009-10-20T10:50:37Z,exact,"harvester downscale, byte-identical","recovered by 14_commons_provenance.py: the Commons original after 06_harvest_commons.py's downscale (RGB, max 1024 px, JPEG quality 90)"
casent0101040,Bothroponera,train,p,data/images/Bothroponera/casent0101040_p.jpg,93506ee270d95f4aa3fe1ce3b934ae6aa9db2ebccb91db99712a013e7aa39bfc,1024,770,199370,commons,https://upload.wikimedia.org/wikipedia/commons/7/7d/Pachycondyla_wasmannii_casent0101040_profile_1.jpg,Pachycondyla wasmannii casent0101040 profile 1.jpg,2e9d604303965186b9909db95263cc7a740cbab0,2009-10-19T06:39:23Z,exact,"harvester downscale, byte-identical","recovered by 14_commons_provenance.py: the Commons original after 06_harvest_commons.py's downscale (RGB, max 1024 px, JPEG quality 90)"
casent0101041,Bothroponera,test,p,data/images/Bothroponera/casent0101041_p.jpg,efb723ebd80161b30a3d61e8186179aaa81cf7bc74329f02dacc86e45c9f95d6,1024,683,151302,commons,https://upload.wikimedia.org/wikipedia/commons/9/9d/Pachycondyla_wasmannii_casent0101041_profile_1.jpg,Pachycondyla wasmannii casent0101041 profile 1.jpg,9b0047292480a2edef3594f1578b15befc9ff2ee,2009-10-21T16:04:56Z,exact,"harvester downscale, byte-identical","recovered by 14_commons_provenance.py: the Commons original after 06_harvest_commons.py's downscale (RGB, max 1024 px, JPEG quality 90)"
casent0101045,Tetraponera,train,p,data/images/Tetraponera/casent0101045_p.jpg,3a805436149e342106c375f68b634c2f39a4ee7211f376cd73d2d47a5c294b3b,1024,699,137953,commons,https://upload.wikimedia.org/wikipedia/commons/c/c8/Tetraponera_grandidieri_variegata_casent0101045_profile_1.jpg,Tetraponera grandidieri variegata casent0101045 profile 1.jpg,bafb08d38611083d220129439224b29357ab0ea6,2009-10-22T23:33:48Z,exact,"harvester downscale, byte-identical","recovered by 14_commons_provenance.py: the Commons original after 06_harvest_commons.py's downscale (RGB, max 1024 px, JPEG quality 90)"
casent0101046,Tetraponera,train,p,data/images/Tetraponera/casent0101046_p.jpg,207252a436365ddbdd49127a9479fe11717717fc723f68440989705c256c0125,1024,803,174785,commons,https://upload.wikimedia.org/wikipedia/commons/7/78/Tetraponera_grandidieri_variegata_casent0101046_profile_1.jpg,Tetraponera grandidieri variegata casent0101046 profile 1.jpg,9cac224406c5543aca5379dcaf60ce7929d74a9c,2009-10-20T21:21:13Z,exact,"harvester downscale, byte-identical","recovered by 14_commons_provenance.py: the Commons original after 06_harvest_commons.py's downscale (RGB, max 1024 px, JPEG quality 90)"
casent0101049,Tetraponera,test,p,data/images/Tetraponera/casent0101049_p.jpg,23e2728e9d694f93fad55881f2638983b9cba84ebeaab2ba53ae8dbb43618043,1280,803,220743,commons,https://upload.wikimedia.org/wikipedia/commons/c/c0/Tetraponera_hysterica_dimidiata_casent0101049_profile_1.jpg,Tetraponera hysterica dimidiata casent0101049 profile 1.jpg,9aaed68b319fefbd428e9951798d6c51852c5033,2009-10-18T18:03:29Z,exact,"Commons server thumbnail, pixel-identical","recovered by 14_commons_provenance.py: Commons' own thumbnail of that original (requested at 1024 px, served at the next standard width); not what the current harvester fetches, so most likely an earlier version of it, whose docstring still describes 1024 px thumbnails"
casent0101050,Tetraponera,train,p,data/images/Tetraponera/casent0101050_p.jpg,baee44f2982ed37493b871e618535e43b2c64440d8c63f8c26011a5cc5c2c096,1024,669,141534,commons,https://upload.wikimedia.org/wikipedia/commons/9/92/Tetraponera_hysterica_dimidiata_casent0101050_profile_1.jpg,Tetraponera hysterica dimidiata casent0101050 profile 1.jpg,6103f155e21f8cd1e545e795f13343cb130223ff,2009-10-19T09:44:57Z,exact,"harvester downscale, byte-identical","recovered by 14_commons_provenance.py: the Commons original after 06_harvest_commons.py's downscale (RGB, max 1024 px, JPEG quality 90)"
casent0101051,Tetraponera,train,p,data/images/Tetraponera/casent0101051_p.jpg,fcc0c212618cb23424d8580e29ec28f8bb3fa56e469bf892186e43847b80956c,1024,594,126681,commons,https://upload.wikimedia.org/wikipedia/commons/8/8a/Tetraponera_hysterica_dimidiata_casent0101051_profile_1.jpg,Tetraponera hysterica dimidiata casent0101051 profile 1.jpg,3d4e43cb7a89878de3f2b4c818e28f3b470c0baa,2009-10-21T23:33:16Z,exact,"harvester downscale, byte-identical","recovered by 14_commons_provenance.py: the Commons original after 06_harvest_commons.py's downscale (RGB, max 1024 px, JPEG quality 90)"
casent0101052,Tetraponera,train,p,data/images/Tetraponera/casent0101052_p.jpg,4fe4830768a3dbed8bd9cab2772a3689295efb456ba98b8b075d3456d7270479,1024,638,134841,commons,https://upload.wikimedia.org/wikipedia/commons/4/40/Tetraponera_sahlbergii_casent0101052_profile_1.jpg,Tetraponera sahlbergii casent0101052 profile 1.jpg,d8e7356d5cc0048804243ca233c87baa4a3a3a67,2009-10-18T12:06:27Z,exact,"harvester downscale, byte-identical","recovered by 14_commons_provenance.py: the Commons original after 06_harvest_commons.py's downscale (RGB, max 1024 px, JPEG quality 90)"
casent0101053,Aphaenogaster,test,p,data/images/Aphaenogaster/casent0101053_p.jpg,75471dabbf85196f71f8d916d4bc42feace3713a3fb33d471d31404acf2de1db,1024,705,144820,commons,https://upload.wikimedia.org/wikipedia/commons/d/d7/Aphaenogaster_friederichsi_casent0101053_profile_1.jpg,Aphaenogaster friederichsi casent0101053 profile 1.jpg,c8dd4e8fa96976071dce3fce1f8141e22987fa0b,2009-10-18T23:50:10Z,exact,"harvester downscale, byte-identical","recovered by 14_commons_provenance.py: the Commons original after 06_harvest_commons.py's downscale (RGB, max 1024 px, JPEG quality 90)"
casent0101054,Aphaenogaster,train,p,data/images/Aphaenogaster/casent0101054_p.jpg,dd9c5e4a78434bd9397a3cc4227fad0c1fe8c67d8d78f88149e8985e4817b63d,1024,550,129213,commons,https://upload.wikimedia.org/wikipedia/commons/5/5d/Aphaenogaster_friederichsi_casent0101054_profile_1.jpg,Aphaenogaster friederichsi casent0101054 profile 1.jpg,c098fc002ccbed700fe5e19def6120c9b92d65eb,2009-10-21T05:20:02Z,exact,"harvester downscale, byte-identical","recovered by 14_commons_provenance.py: the Commons original after 06_harvest_commons.py's downscale (RGB, max 1024 px, JPEG quality 90)"
casent0101065,Aphaenogaster,train,p,data/images/Aphaenogaster/casent0101065_p.jpg,f5a5272ab7cd802338bd903cf1d432ff66609546caa7f23d867344e19b5ab15f,1024,726,204448,commons,https://upload.wikimedia.org/wikipedia/commons/5/56/Aphaenogaster_swammerdami_curta_casent0101065_profile_1.jpg,Aphaenogaster swammerdami curta casent0101065 profile 1.jpg,85703c2af264810525ca3bbaa01a111e2f657c32,2009-10-22T04:54:36Z,exact,"harvester downscale, byte-identical","recovered by 14_commons_provenance.py: the Commons original after 06_harvest_commons.py's downscale (RGB, max 1024 px, JPEG quality 90)"
casent0101066,Aphaenogaster,train,p,data/images/Aphaenogaster/casent0101066_p.jpg,009d3dbf2f913de720ea48599fe4f52a0355d0265a0566fb87912dc61c3d77f2,1024,672,187262,commons,https://upload.wikimedia.org/wikipedia/commons/7/72/Aphaenogaster_swammerdami_curta_casent0101066_profile_1.jpg,Aphaenogaster swammerdami curta casent0101066 profile 1.jpg,415a0fd94cbfc4aa856e643383b954b05eab5ee3,2009-10-22T06:11:02Z,exact,"harvester downscale, byte-identical","recovered by 14_commons_provenance.py: the Commons original after 06_harvest_commons.py's downscale (RGB, max 1024 px, JPEG quality 90)"
casent0101068,Aphaenogaster,train,p,data/images/Aphaenogaster/casent0101068_p.jpg,ca4ea42cef80b904c60b8b18e05674777fb76d3fcc4cdd849abcf139403a08db,1024,652,179830,commons,https://upload.wikimedia.org/wikipedia/commons/7/73/Aphaenogaster_swammerdami_curta_casent0101068_profile_1.jpg,Aphaenogaster swammerdami curta casent0101068 profile 1.jpg,490c5e4a805909a89045a2d18ce3ac339aaf9d27,2009-10-22T15:57:11Z,exact,"harvester downscale, byte-identical","recovered by 14_commons_provenance.py: the Commons original after 06_harvest_commons.py's downscale (RGB, max 1024 px, JPEG quality 90)"
casent0101069,Aphaenogaster,test,p,data/images/Aphaenogaster/casent0101069_p.jpg,15dac67e4355fdcec849878c8ba67af9184ff160881e04bd230c7fed245009cf,1024,734,199686,commons,https://upload.wikimedia.org/wikipedia/commons/a/ad/Aphaenogaster_swammerdami_curta_casent0101069_profile_1.jpg,Aphaenogaster swammerdami curta casent0101069 profile 1.jpg,154ac3020a927ce70dc96c89756d9b1f319acaa7,2009-10-19T11:34:22Z,exact,"harvester downscale, byte-identical","recovered by 14_commons_provenance.py: the Commons original after 06_harvest_commons.py's downscale (RGB, max 1024 px, JPEG quality 90)"
casent0101070,Aphaenogaster,train,p,data/images/Aphaenogaster/casent0101070_p.jpg,ff18c1fb6c679f241ffcaca83784c0b2b120503aa24166ac57dbfc46c4e2476b,1024,771,235701,commons,https://upload.wikimedia.org/wikipedia/commons/7/7f/Aphaenogaster_swammerdami_curta_casent0101070_profile_1.jpg,Aphaenogaster swammerdami curta casent0101070 profile 1.jpg,eebd5fa8151d95f3da54a5a09f8d7e36da30428b,2009-10-20T08:04:03Z,exact,"harvester downscale, byte-identical","recovered by 14_commons_provenance.py: the Commons original after 06_harvest_commons.py's downscale (RGB, max 1024 px, JPEG quality 90)"
casent0101071,Aphaenogaster,train,p,data/images/Aphaenogaster/casent0101071_p.jpg,a6cfba57d856fff9832bb1b90ea65342763ffccaff1d6e3a9f8d2d21b77b8d1b,1024,718,143134,commons,https://upload.wikimedia.org/wikipedia/commons/b/b9/Aphaenogaster_swammerdami_curta_casent0101071_profile_1.jpg,Aphaenogaster swammerdami curta casent0101071 profile 1.jpg,87c2efc0186aa8c939a408f2104b28e02cf67891,2009-10-21T02:49:35Z,exact,"harvester downscale, byte-identical","recovered by 14_commons_provenance.py: the Commons original after 06_harvest_commons.py's downscale (RGB, max 1024 px, JPEG quality 90)"
casent0101072,Aphaenogaster,train,p,data/images/Aphaenogaster/casent0101072_p.jpg,0fc6891521ef0429703b2197dd44d68bb45925ba9ce52f6954e0dd0deeae5ad9,1024,676,136779,commons,https://upload.wikimedia.org/wikipedia/commons/a/a9/Aphaenogaster_swammerdami_curta_casent0101072_profile_1.jpg,Aphaenogaster swammerdami curta casent0101072 profile 1.jpg,1c7ede2ffe320355b252597f29b3ad23a1e58222,2009-10-20T22:04:42Z,exact,"harvester downscale, byte-identical","recovered by 14_commons_provenance.py: the Commons original after 06_harvest_commons.py's downscale (RGB, max 1024 px, JPEG quality 90)"
casent0101073,Aphaenogaster,train,p,data/images/Aphaenogaster/casent0101073_p.jpg,190fbd85a9888b7922fec9442673b6beda3c96241fe4112d360f1dbcf84e3005,1024,771,230832,commons,https://upload.wikimedia.org/wikipedia/commons/f/f1/Aphaenogaster_swammerdami_casent0101073_profile_1.jpg,Aphaenogaster swammerdami casent0101073 profile 1.jpg,6875ae9cfcc2f213d7b2e0a3988b21f1fc9d65c8,2009-10-19T19:11:57Z,exact,"harvester downscale, byte-identical","recovered by 14_commons_provenance.py: the Commons original after 06_harvest_commons.py's downscale (RGB, max 1024 px, JPEG quality 90)"
casent0101074,Aphaenogaster,test,p,data/images/Aphaenogaster/casent0101074_p.jpg,8d579eba1efa13a1cb07dfe397a64a28440360e4bcfcdf65116398fa07b36333,1024,768,215955,commons,https://upload.wikimedia.org/wikipedia/commons/e/ec/Aphaenogaster_swammerdami_casent0101074_profile_1.jpg,Aphaenogaster swammerdami casent0101074 profile 1.jpg,eb349e555372b87604bce2e42e34c99aa724628b,2009-10-22T18:34:17Z,exact,"harvester downscale, byte-identical","recovered by 14_commons_provenance.py: the Commons original after 06_harvest_commons.py's downscale (RGB, max 1024 px, JPEG quality 90)"
casent0101075,Aphaenogaster,train,p,data/images/Aphaenogaster/casent0101075_p.jpg,79b103aa37b84e8200c038c77037540fbe454d10550202d0f62d64e35755bc5c,1024,771,241788,commons,https://upload.wikimedia.org/wikipedia/commons/4/42/Aphaenogaster_swammerdami_casent0101075_profile_1.jpg,Aphaenogaster swammerdami casent0101075 profile 1.jpg,bb4d0b98c94e82f2fd341298792db7c7178a2cc8,2009-10-21T21:08:58Z,exact,"harvester downscale, byte-identical","recovered by 14_commons_provenance.py: the Commons original after 06_harvest_commons.py's downscale (RGB, max 1024 px, JPEG quality 90)"
casent0101077,Technomyrmex,train,p,data/images/Technomyrmex/casent0101077_p.jpg,3fcfac0d1ff5ad5da6091699e00f0f26ed804ac5b7529116849d46dba1539aeb,1280,683,206006,commons,https://upload.wikimedia.org/wikipedia/commons/d/d7/Technomyrmex_difficilis_casent0101077_profile_1.jpg,Technomyrmex difficilis casent0101077 profile 1.jpg,ebe4c3a1046012473503d7c9633f57b05538efa6,2009-10-22T07:04:33Z,exact,"Commons server thumbnail, byte-identical","recovered by 14_commons_provenance.py: Commons' own thumbnail of that original (requested at 1024 px, served at the next standard width); not what the current harvester fetches, so most likely an earlier version of it, whose docstring still describes 1024 px thumbnails"
casent0101078,Technomyrmex,train,p,data/images/Technomyrmex/casent0101078_p.jpg,3b478ef528d3c8637c38ceecef83978847ce82418857866552470f8b3c55d145,1024,575,142322,commons,https://upload.wikimedia.org/wikipedia/commons/b/bb/Technomyrmex_difficilis_casent0101078_profile_1.jpg,Technomyrmex difficilis casent0101078 profile 1.jpg,e8650e6c878d75e57af5535b3e2e59237c9e5194,2009-10-18T21:09:13Z,exact,"harvester downscale, byte-identical","recovered by 14_commons_provenance.py: the Commons original after 06_harvest_commons.py's downscale (RGB, max 1024 px, JPEG quality 90)"
casent0101079,Technomyrmex,train,p,data/images/Technomyrmex/casent0101079_p.jpg,ab5850ce2f31485c38dbed3a66088f69cd645664fe258d11a67a0c3c6e9e2ea1,1024,546,117957,commons,https://upload.wikimedia.org/wikipedia/commons/9/94/Technomyrmex_difficilis_casent0101079_profile_1.jpg,Technomyrmex difficilis casent0101079 profile 1.jpg,9c3990555e304837d25d0d64e864b9658391831c,2009-10-20T20:28:34Z,exact,"harvester downscale, byte-identical","recovered by 14_commons_provenance.py: the Commons original after 06_harvest_commons.py's downscale (RGB, max 1024 px, JPEG quality 90)"
casent0101080,Technomyrmex,train,p,data/images/Technomyrmex/casent0101080_p.jpg,24373e89cb35cd72446216e236c7ba54e020f7ba69e8ffd073b95e3c52429904,1024,770,201279,commons,https://upload.wikimedia.org/wikipedia/commons/b/b8/Technomyrmex_difficilis_casent0101080_profile_1.jpg,Technomyrmex difficilis casent0101080 profile 1.jpg,1c53701fb386734831e7483fbbe8eb5a2fe5f07b,2009-10-21T18:31:05Z,exact,"harvester downscale, byte-identical","recovered by 14_commons_provenance.py: the Commons original after 06_harvest_commons.py's downscale (RGB, max 1024 px, JPEG quality 90)"
casent0101083,Tapinoma,train,p,data/images/Tapinoma/casent0101083_p.jpg,df76c7329f3c47089e5e8377446c0329cedb14f715ab18ae16dc90aebda3f8ec,1024,510,122972,commons,https://upload.wikimedia.org/wikipedia/commons/5/53/Tapinoma_subtile_casent0101083_profile_1.jpg,Tapinoma subtile casent0101083 profile 1.jpg,61dfcf59b3e81d5f1ec64b9f064dd0d1519166ee,2009-10-22T08:16:40Z,exact,"harvester downscale, byte-identical","recovered by 14_commons_provenance.py: the Commons original after 06_harvest_commons.py's downscale (RGB, max 1024 px, JPEG quality 90)"
casent0101084,Tapinoma,train,p,data/images/Tapinoma/casent0101084_p.jpg,3255f11c054e05d5f556081b0ae158dc2cb76b54a7ac9d738fc158d7f1f50645,1024,591,153825,commons,https://upload.wikimedia.org/wikipedia/commons/c/ce/Tapinoma_subtile_casent0101084_profile_1.jpg,Tapinoma subtile casent0101084 profile 1.jpg,3c9348fef2a3bc9f9441c1fa47f9fc74d365453c,2009-10-18T22:46:45Z,exact,"harvester downscale, byte-identical","recovered by 14_commons_provenance.py: the Commons original after 06_harvest_commons.py's downscale (RGB, max 1024 px, JPEG quality 90)"
casent0101085,Tapinoma,train,p,data/images/Tapinoma/casent0101085_p.jpg,d4124201ec9e36126aa61323fb809ef23d63e1a616b70f397f72322b003c7bdd,1024,581,129100,commons,https://upload.wikimedia.org/wikipedia/commons/f/f4/Tapinoma_subtile_casent0101085_profile_1.jpg,Tapinoma subtile casent0101085 profile 1.jpg,9061997ffaccd609d46f9427ae2187924dea23b6,2009-10-20T16:33:28Z,exact,"harvester downscale, byte-identical","recovered by 14_commons_provenance.py: the Commons original after 06_harvest_commons.py's downscale (RGB, max 1024 px, JPEG quality 90)"
casent0101086,Aphaenogaster,train,p,data/images/Aphaenogaster/casent0101086_p.jpg,9e2e10feba99fb4ae08eea399fb3ad373be5cab8321e5347170c8f05ce3150ce,1024,771,148801,commons,https://upload.wikimedia.org/wikipedia/commons/0/02/Aphaenogaster_swammerdami_clara_casent0101086_profile_1.jpg,Aphaenogaster swammerdami clara casent0101086 profile 1.jpg,279de51edbcd0fc251d5b109177c2469bb7144fb,2009-10-18T13:58:04Z,exact,"harvester downscale, byte-identical","recovered by 14_commons_provenance.py: the Commons original after 06_harvest_commons.py's downscale (RGB, max 1024 px, JPEG quality 90)"
casent0101087,Aphaenogaster,train,p,data/images/Aphaenogaster/casent0101087_p.jpg,83f5e096bccf4328402a71e82e5ea7605939f987b55b38ca8598bda2a6fcf1b1,1024,1024,117196,gbif_cache,https://api.gbif.org/v1/image/cache/1024x1024/occurrence/865114667/media/86aef52f615083bb459fa8e501aef189,,,,,,GBIF image cache of https://www.antweb.org/images/casent0101087/casent0101087_p_1_high.jpg; download success recorded in download_status.csv; size variant (1024x1024 or original) not recorded
casent0101095,Camponotus,train,p,data/images/Camponotus/casent0101095_p.jpg,6fd545ab2c43067029ca6b2cb09e50933f747c84b2e2e8e70bbc987dc0bd06f4,1024,750,185039,commons,https://upload.wikimedia.org/wikipedia/commons/4/4c/Camponotus_maculatus_casent0101095_profile_1.jpg,Camponotus maculatus casent0101095 profile 1.jpg,3894e46ee2d566116ac366e4238d77184cd5ae4b,2009-10-22T10:55:09Z,exact,"harvester downscale, byte-identical","recovered by 14_commons_provenance.py: the Commons original after 06_harvest_commons.py's downscale (RGB, max 1024 px, JPEG quality 90)"
casent0101096,Camponotus,test,p,data/images/Camponotus/casent0101096_p.jpg,200067d4325874b25f16c34fa24f6dccca26ace264419cdc97be9a5b67f2f1c4,1024,639,178549,commons,https://upload.wikimedia.org/wikipedia/commons/b/b2/Camponotus_maculatus_casent0101096_profile_1.jpg,Camponotus maculatus casent0101096 profile 1.jpg,620297952194623b94df2303652625c61f946dbd,2009-10-22T07:00:20Z,exact,"harvester downscale, byte-identical","recovered by 14_commons_provenance.py: the Commons original after 06_harvest_commons.py's downscale (RGB, max 1024 px, JPEG quality 90)"
casent0101100,Camponotus,train,p,data/images/Camponotus/casent0101100_p.jpg,b22b9c71cdc0afdb3e8207277bb780c825d34454017cd200b8820e6a478196f5,1024,771,242382,commons,https://upload.wikimedia.org/wikipedia/commons/c/c6/Camponotus_hova_becki_casent0101100_profile_1.jpg,Camponotus hova becki casent0101100 profile 1.jpg,9e162a54ed77ec43246a2a3a2ee4058a0d7bbf07,2009-10-22T22:02:20Z,exact,"harvester downscale, byte-identical","recovered by 14_commons_provenance.py: the Commons original after 06_harvest_commons.py's downscale (RGB, max 1024 px, JPEG quality 90)"
casent0101101,Camponotus,train,p,data/images/Camponotus/casent0101101_p.jpg,ca024b55a0d21ff69369c016aa6a3813fdccd50f45612ec35a239f419f2527d4,1024,694,206727,commons,https://upload.wikimedia.org/wikipedia/commons/6/6a/Camponotus_hova_becki_casent0101101_profile_1.jpg,Camponotus hova becki casent0101101 profile 1.jpg,ad339de8fce78aecbe18270d6b315259d05c0e81,2009-10-19T19:18:44Z,exact,"harvester downscale, byte-identical","recovered by 14_commons_provenance.py: the Commons original after 06_harvest_commons.py's downscale (RGB, max 1024 px, JPEG quality 90)"
casent0101102,Camponotus,train,p,data/images/Camponotus/casent0101102_p.jpg,a1ce9db923d04f7588ee2e7ecacb7594f0459f6bbbe4aea48cd79e114fed4886,1280,774,196146,commons,https://upload.wikimedia.org/wikipedia/commons/f/ff/Camponotus_hova_fairmairei_casent0101102_profile_1.jpg,Camponotus hova fairmairei casent0101102 profile 1.jpg,828922bed50620c55354106b96587da675ffcb20,2009-10-20T07:08:10Z,exact,"Commons server thumbnail, byte-identical","recovered by 14_commons_provenance.py: Commons' own thumbnail of that original (requested at 1024 px, served at the next standard width); not what the current harvester fetches, so most likely an earlier version of it, whose docstring still describes 1024 px thumbnails"
casent0101103,Camponotus,test,p,data/images/Camponotus/casent0101103_p.jpg,aa971bbed5e0f80ce012b0689616af47dd0ca4940a89b01a95cbc826a0b38ebd,1024,1024,145827,gbif_cache,https://api.gbif.org/v1/image/cache/1024x1024/occurrence/865114035/media/18085ad875151a16c425908d2c2b8140,,,,,,GBIF image cache of https://www.antweb.org/images/casent0101103/casent0101103_p_1_high.jpg; download success recorded in download_status.csv; size variant (1024x1024 or original) not recorded
casent0101104,Camponotus,train,p,data/images/Camponotus/casent0101104_p.jpg,e6aa5dcbc0311272ab36b946cb312f5e6d8652ee9de769a9f010ada5fa39a738,1024,1024,162482,gbif_cache,https://api.gbif.org/v1/image/cache/1024x1024/occurrence/865114063/media/0c3a4e94c2a2602417f6295a5fc69701,,,,,,GBIF image cache of https://www.antweb.org/images/casent0101104/casent0101104_p_1_high.jpg; download success recorded in download_status.csv; size variant (1024x1024 or original) not recorded
casent0101105,Camponotus,train,p,data/images/Camponotus/casent0101105_p.jpg,fb7c4e58b75dd4287fa1513f5eb3927feb032b28650f377999a233942290b378,1024,646,150054,commons,https://upload.wikimedia.org/wikipedia/commons/f/f2/Camponotus_lubbocki_casent0101105_profile_1.jpg,Camponotus lubbocki casent0101105 profile 1.jpg,8b8c445c418f4054a8d47f404cf0abc9eee06b43,2009-10-18T22:13:38Z,exact,"harvester downscale, byte-identical","recovered by 14_commons_provenance.py: the Commons original after 06_harvest_commons.py's downscale (RGB, max 1024 px, JPEG quality 90)"
casent0101106,Camponotus,train,p,data/images/Camponotus/casent0101106_p.jpg,ef33f6c18bc1fee3c947e9b5d19bd476b7c4efc59e61e15a24d362c20a4965b1,1024,612,160910,commons,https://upload.wikimedia.org/wikipedia/commons/d/dd/Camponotus_lubbocki_casent0101106_profile_1.jpg,Camponotus lubbocki casent0101106 profile 1.jpg,93f1d620557972fa35a73c1c55fd7ad2c9e47c4b,2009-10-21T12:57:06Z,exact,"harvester downscale, byte-identical","recovered by 14_commons_provenance.py: the Commons original after 06_harvest_commons.py's downscale (RGB, max 1024 px, JPEG quality 90)"
casent0101107,Camponotus,train,p,data/images/Camponotus/casent0101107_p.jpg,e940211a9a61fcc6a46c372b983964f1bcd3896cbee2a8c054680ff8af3ef033,1024,593,136457,commons,https://upload.wikimedia.org/wikipedia/commons/c/c2/Camponotus_dromedarius_casent0101107_profile_1.jpg,Camponotus dromedarius casent0101107 profile 1.jpg,def1a36635246fd9a1c66f89440ed749ee92948c,2009-10-18T18:46:51Z,exact,"harvester downscale, byte-identical","recovered by 14_commons_provenance.py: the Commons original after 06_harvest_commons.py's downscale (RGB, max 1024 px, JPEG quality 90)"
casent0101109,Camponotus,test,p,data/images/Camponotus/casent0101109_p.jpg,c96cccb9f4a170db13c39844f76e5de0b9711bcc7461f6f61753e0b41661d292,1024,1024,154204,gbif_cache,https://api.gbif.org/v1/image/cache/1024x1024/occurrence/865114178/media/c66c9859cde1814f88762c4db0d8a888,,,,,,GBIF image cache of https://www.antweb.org/images/casent0101109/casent0101109_p_1_high.jpg; download success recorded in download_status.csv; size variant (1024x1024 or original) not recorded
casent0101110,Camponotus,test,p,data/images/Camponotus/casent0101110_p.jpg,bde845271d5c721dc5731e639abf01d0edf0330d082ef05442de09928feae6c5,1024,1024,159599,gbif_cache,https://api.gbif.org/v1/image/cache/1024x1024/occurrence/865114202/media/c26ce71082f40e19a670b84c78cd0b35,,,,,,GBIF image cache of https://www.antweb.org/images/casent0101110/casent0101110_p_1_high.jpg; download success recorded in download_status.csv; size variant (1024x1024 or original) not recorded
casent0101112,Camponotus,train,p,data/images/Camponotus/casent0101112_p.jpg,a5a5862e26587a98e89c7d6afe9933aae572376738e419075cc3a952a149b2b8,1024,660,160998,commons,https://upload.wikimedia.org/wikipedia/commons/3/33/Camponotus_pictipes_casent0101112_profile_1.jpg,Camponotus pictipes casent0101112 profile 1.jpg,22dec07b1bf0f7696ae300b0d03a7a679753810b,2009-10-20T05:36:12Z,exact,"harvester downscale, byte-identical","recovered by 14_commons_provenance.py: the Commons original after 06_harvest_commons.py's downscale (RGB, max 1024 px, JPEG quality 90)"
casent0101113,Camponotus,test,p,data/images/Camponotus/casent0101113_p.jpg,00afb61bf981c49d3d41c85548f8701ba72e1639dbd7fc653ed267f1c2b167f3,1024,771,185764,commons,https://upload.wikimedia.org/wikipedia/commons/c/c5/Camponotus_radovae_casent0101113_profile_1.jpg,Camponotus radovae casent0101113 profile 1.jpg,1295eedfb2b669ebafa850eab48e7759d6eba7e7,2009-10-21T08:05:15Z,exact,"harvester downscale, byte-identical","recovered by 14_commons_provenance.py: the Commons original after 06_harvest_commons.py's downscale (RGB, max 1024 px, JPEG quality 90)"
casent0101114,Camponotus,train,p,data/images/Camponotus/casent0101114_p.jpg,047183881935c50d0dcf209c88cfdfe20a6e6d2323307d3f83be504592161536,1024,609,161309,commons,https://upload.wikimedia.org/wikipedia/commons/f/fc/Camponotus_radovae_casent0101114_profile_1.jpg,Camponotus radovae casent0101114 profile 1.jpg,213acb1f49594c801356195794f92c5a10ad8e3b,2009-10-21T08:19:36Z,exact,"harvester downscale, byte-identical","recovered by 14_commons_provenance.py: the Commons original after 06_harvest_commons.py's downscale (RGB, max 1024 px, JPEG quality 90)"
casent0101115,Camponotus,train,p,data/images/Camponotus/casent0101115_p.jpg,53ee47a34c4c0a1860491e7eb5511ea6e24d07e9eea028609011414c54655526,1024,771,214160,commons,https://upload.wikimedia.org/wikipedia/commons/4/4c/Camponotus_radovae_radovaedarwinii_casent0101115_profile_1.jpg,Camponotus radovae radovaedarwinii casent0101115 profile 1.jpg,802bba20ccfd57f3869f02fd74b5cd0e8c26b1af,2009-10-21T19:26:56Z,exact,"harvester downscale, byte-identical","recovered by 14_commons_provenance.py: the Commons original after 06_harvest_commons.py's downscale (RGB, max 1024 px, JPEG quality 90)"
casent0101116,Camponotus,train,p,data/images/Camponotus/casent0101116_p.jpg,fbcfd5e4933c8d22764ed4f07422935b67c896f3c1c253894fcfa66befb4f485,1024,771,193394,commons,https://upload.wikimedia.org/wikipedia/commons/d/d2/Camponotus_imitator_casent0101116_profile_1.jpg,Camponotus imitator casent0101116 profile 1.jpg,c40de6b775668dae8b1942576b0666985851fb6a,2009-10-20T12:25:49Z,exact,"harvester downscale, byte-identical","recovered by 14_commons_provenance.py: the Commons original after 06_harvest_commons.py's downscale (RGB, max 1024 px, JPEG quality 90)"
casent0101117,Camponotus,train,p,data/images/Camponotus/casent0101117_p.jpg,c74609ca0db07d76e14dae4c682307c89678d3a27efc2bae2380afbcd526f29a,1024,740,212602,commons,https://upload.wikimedia.org/wikipedia/commons/2/2b/Camponotus_imitator_resinicola_casent0101117_profile_1.jpg,Camponotus imitator resinicola casent0101117 profile 1.jpg,8b1b93eea4a5a8b776c4baddb3a33a3327789db6,2009-10-22T03:19:00Z,exact,"harvester downscale, byte-identical","recovered by 14_commons_provenance.py: the Commons original after 06_harvest_commons.py's downscale (RGB, max 1024 px, JPEG quality 90)"
casent0101118,Camponotus,test,p,data/images/Camponotus/casent0101118_p.jpg,73f41986553beeccfd2f0dd9062c77875a0d6fc3c5e7c02854b4c853a2bba687,1024,771,194048,commons,https://upload.wikimedia.org/wikipedia/commons/0/0d/Camponotus_imitator_resinicola_casent0101118_profile_1.jpg,Camponotus imitator resinicola casent0101118 profile 1.jpg,ba13f1da9416d2ff1718aa5af4761476bdf663e9,2009-10-22T11:41:43Z,exact,"harvester downscale, byte-identical","recovered by 14_commons_provenance.py: the Commons original after 06_harvest_commons.py's downscale (RGB, max 1024 px, JPEG quality 90)"
casent0101119,Camponotus,test,p,data/images/Camponotus/casent0101119_p.jpg,183e4c4cb6d62deff6c2861d55e157ae4903a97746b8cb4ca0166562eef18873,1024,771,201036,commons,https://upload.wikimedia.org/wikipedia/commons/e/e9/Camponotus_imitator_resinicola_casent0101119_profile_1.jpg,Camponotus imitator resinicola casent0101119 profile 1.jpg,26af614e8d6cc8a8984614f029d3bad2a80d981d,2009-10-19T22:53:13Z,exact,"harvester downscale, byte-identical","recovered by 14_commons_provenance.py: the Commons original after 06_harvest_commons.py's downscale (RGB, max 1024 px, JPEG quality 90)"
casent0101120,Camponotus,train,p,data/images/Camponotus/casent0101120_p.jpg,f882d041ce58b1586ba0d877bb8fe9407cea37a1e55bc5bfa91fee07e466a359,1280,754,270715,commons,https://upload.wikimedia.org/wikipedia/commons/a/a6/Camponotus_grandidieri_casent0101120_profile_1.jpg,Camponotus grandidieri casent0101120 profile 1.jpg,8f953fb739a461d6a4217b3576e65f882a21b2a2,2009-10-20T18:38:30Z,exact,"Commons server thumbnail, byte-identical","recovered by 14_commons_provenance.py: Commons' own thumbnail of that original (requested at 1024 px, served at the next standard width); not what the current harvester fetches, so most likely an earlier version of it, whose docstring still describes 1024 px thumbnails"
casent0101121,Camponotus,train,p,data/images/Camponotus/casent0101121_p.jpg,fcb1be4deb11e9e172ddca6a8f3d2377f4432c8450eed7bee7007c45553d2298,1024,660,190485,commons,https://upload.wikimedia.org/wikipedia/commons/6/65/Camponotus_grandidieri_casent0101121_profile_1.jpg,Camponotus grandidieri casent0101121 profile 1.jpg,749f81f5e9c1120d79fa8b13b8076161720ecb15,2009-10-19T22:15:30Z,exact,"harvester downscale, byte-identical","recovered by 14_commons_provenance.py: the Commons original after 06_harvest_commons.py's downscale (RGB, max 1024 px, JPEG quality 90)"
casent0101122,Camponotus,train,p,data/images/Camponotus/casent0101122_p.jpg,206faab3b38eeb9967e0ea68d33551e8a9e75c58c65a474dabf271951b43b937,1024,717,240459,commons,https://upload.wikimedia.org/wikipedia/commons/d/d8/Camponotus_grandidieri_atrabilis_casent0101122_profile_1.jpg,Camponotus grandidieri atrabilis casent0101122 profile 1.jpg,84ebd23989ce2ae5d0a78e68eefa9fd2c85fb717,2009-10-22T10:55:45Z,exact,"harvester downscale, byte-identical","recovered by 14_commons_provenance.py: the Commons original after 06_harvest_commons.py's downscale (RGB, max 1024 px, JPEG quality 90)"
casent0101123,Camponotus,train,p,data/images/Camponotus/casent0101123_p.jpg,5e85bff0b1e144082551389b484889abe04028c0d9b427662faf2a9e7926456e,1024,669,185734,commons,https://upload.wikimedia.org/wikipedia/commons/5/54/Camponotus_grandidieri_atrabilis_casent0101123_profile_1.jpg,Camponotus grandidieri atrabilis casent0101123 profile 1.jpg,829bd4c67bc4fb5bed2901d7b9d67fc799286279,2009-10-21T20:34:40Z,exact,"harvester downscale, byte-identical","recovered by 14_commons_provenance.py: the Commons original after 06_harvest_commons.py's downscale (RGB, max 1024 px, JPEG quality 90)"
casent0101128,Cardiocondyla,train,p,data/images/Cardiocondyla/casent0101128_p.jpg,52a8a48d47b5cf363e0e534ea73f4b8eeea0a0eba13845e8f7542527ee0ae31d,808,808,196030,commons,https://upload.wikimedia.org/wikipedia/commons/b/b5/Cardiocondyla_cristata_casent0101128_profile_1.jpg,Cardiocondyla cristata casent0101128 profile 1.jpg,031f1f12870ef5ed003fa4bffd0c6474e8cd2948,2009-10-18T20:56:11Z,exact,"harvester downscale, byte-identical","recovered by 14_commons_provenance.py: the Commons original after 06_harvest_commons.py's downscale (RGB, max 1024 px, JPEG quality 90)"
casent0101129,Cardiocondyla,train,p,data/images/Cardiocondyla/casent0101129_p.jpg,f58ab69e1d60d608af38c8d7ab4e8365d4279cb70f337937145dcacf2a8638e8,1024,616,136942,commons,https://upload.wikimedia.org/wikipedia/commons/2/2c/Cardiocondyla_emeryi_casent0101129_profile_1.jpg,Cardiocondyla emeryi casent0101129 profile 1.jpg,3f08dd7f67a71e562cfe956709d9a233b8057b81,2009-10-20T05:01:50Z,exact,"harvester downscale, byte-identical","recovered by 14_commons_provenance.py: the Commons original after 06_harvest_commons.py's downscale (RGB, max 1024 px, JPEG quality 90)"
casent0101130,Leptogenys,test,p,data/images/Leptogenys/casent0101130_p.jpg,90be85a29e868d60767f5350bf0ac00ef724bb6aa17c0d6eb1ab1dabb37bd6ec,1024,728,155339,commons,https://upload.wikimedia.org/wikipedia/commons/0/01/Leptogenys_acutirostris_casent0101130_profile_1.jpg,Leptogenys acutirostris casent0101130 profile 1.jpg,fe604408006fead0ef7d5b17cbfae850164aa852,2009-10-22T05:48:35Z,exact,"harvester downscale, byte-identical","recovered by 14_commons_provenance.py: the Commons original after 06_harvest_commons.py's downscale (RGB, max 1024 px, JPEG quality 90)"
casent0101131,Leptogenys,train,p,data/images/Leptogenys/casent0101131_p.jpg,b11d951e1016a6710ab23b8c18e07e1d3fb07e66e04ef51ef7f4da19be853e3c,1024,510,130154,commons,https://upload.wikimedia.org/wikipedia/commons/5/53/Leptogenys_alluaudi_casent0101131_profile_1.jpg,Leptogenys alluaudi casent0101131 profile 1.jpg,9eb68d14911351bac156d4c484715d0b8c66a7c6,2009-10-21T20:34:03Z,exact,"harvester downscale, byte-identical","recovered by 14_commons_provenance.py: the Commons original after 06_harvest_commons.py's downscale (RGB, max 1024 px, JPEG quality 90)"
casent0101132,Leptogenys,train,p,data/images/Leptogenys/casent0101132_p.jpg,4ae60b31c0418c8eece94e6fa60dbb84fd41bc14d3f3d388f180c30d59e98378,1280,740,179816,commons,https://upload.wikimedia.org/wikipedia/commons/c/c4/Leptogenys_arcirostris_casent0101132_profile_1.jpg,Leptogenys arcirostris casent0101132 profile 1.jpg,3d53fee46cde1938743db3e6005072ea7ecf4fd2,2009-10-22T08:20:27Z,exact,"Commons server thumbnail, pixel-identical","recovered by 14_commons_provenance.py: Commons' own thumbnail of that original (requested at 1024 px, served at the next standard width); not what the current harvester fetches, so most likely an earlier version of it, whose docstring still describes 1024 px thumbnails"
casent0101133,Leptogenys,train,p,data/images/Leptogenys/casent0101133_p.jpg,a45c307380af9ded7ca1eeedde5649002cd8a8eca6406a768d2c932f38859b60,1024,622,157330,commons,https://upload.wikimedia.org/wikipedia/commons/e/ec/Leptogenys_truncatirostris_casent0101133_profile_1.jpg,Leptogenys truncatirostris casent0101133 profile 1.jpg,44d453263975d10b8df13f664f2518340d83e343,2009-10-18T19:30:52Z,exact,"harvester downscale, byte-identical","recovered by 14_commons_provenance.py: the Commons original after 06_harvest_commons.py's downscale (RGB, max 1024 px, JPEG quality 90)"
casent0101137,Mystrium,test,p,data/images/Mystrium/casent0101137_p.jpg,ee4792b67f828427b3bf64c92de6c7679014a4e0fcee6d5800ad29fb56b5eb4a,1024,435,110277,commons,https://upload.wikimedia.org/wikipedia/commons/8/84/Mystrium_voeltzkowi_casent0101137_profile_1.jpg,Mystrium voeltzkowi casent0101137 profile 1.jpg,c17b6258e980137428e2c1d23ada2ff7ff479d34,2009-10-19T12:40:34Z,exact,"harvester downscale, byte-identical","recovered by 14_commons_provenance.py: the Commons original after 06_harvest_commons.py's downscale (RGB, max 1024 px, JPEG quality 90)"
casent0101138,Tetramorium,train,p,data/images/Tetramorium/casent0101138_p.jpg,12870b0aa3ec00b0250a1758cd6e839aad5056649312186ee7111a8b5fcec1bf,1024,483,129355,commons,https://upload.wikimedia.org/wikipedia/commons/f/f4/Tetramorium_kelleri_casent0101138_profile_1.jpg,Tetramorium kelleri casent0101138 profile 1.jpg,bee0ead9228091fa88b8fadd37cdf196e37af2f1,2009-10-22T12:17:22Z,exact,"harvester downscale, byte-identical","recovered by 14_commons_provenance.py: the Commons original after 06_harvest_commons.py's downscale (RGB, max 1024 px, JPEG quality 90)"
casent0101139,Tetramorium,test,p,data/images/Tetramorium/casent0101139_p.jpg,ddf5863f22b470b7da8ede68bf6d87e24ce7ec178ba4d4d3211a5b3449f112c7,1024,659,194641,commons,https://upload.wikimedia.org/wikipedia/commons/2/25/Tetramorium_sikorae_casent0101139_profile_1.jpg,Tetramorium sikorae casent0101139 profile 1.jpg,65a61569c69c9c98496006f95da58d60f4b96342,2009-10-21T19:07:47Z,exact,"harvester downscale, byte-identical","recovered by 14_commons_provenance.py: the Commons original after 06_harvest_commons.py's downscale (RGB, max 1024 px, JPEG quality 90)"
casent0101140,Tetramorium,train,p,data/images/Tetramorium/casent0101140_p.jpg,34e1170d900812c9ff516327eb20c7f921f0b374ec25a4c6bda4e1161caff9b5,1024,420,78692,commons,https://upload.wikimedia.org/wikipedia/commons/8/82/Tetramorium_sikorae_casent0101140_profile_1.jpg,Tetramorium sikorae casent0101140 profile 1.jpg,659626fe7d9ddcf827995eda63fc6f46ab655048,2009-10-21T09:21:19Z,exact,"harvester downscale, byte-identical","recovered by 14_commons_provenance.py: the Commons original after 06_harvest_commons.py's downscale (RGB, max 1024 px, JPEG quality 90)"
casent0101141,Tetramorium,train,p,data/images/Tetramorium/casent0101141_p.jpg,317a6b7743256a59f3006b19cb664f4c2bd65b6a38e48a34ae63eef19933a7d1,1024,600,142424,commons,https://upload.wikimedia.org/wikipedia/commons/6/6f/Tetramorium_sikorae_casent0101141_profile_1.jpg,Tetramorium sikorae casent0101141 profile 1.jpg,e0aa6fe9ebf29d0f737003cf65a0990592c49e49,2009-10-22T01:51:21Z,exact,"harvester downscale, byte-identical","recovered by 14_commons_provenance.py: the Commons original after 06_harvest_commons.py's downscale (RGB, max 1024 px, JPEG quality 90)"
casent0101142,Tetramorium,train,p,data/images/Tetramorium/casent0101142_p.jpg,bc112abad64c5860f185d99bba5b6b08f49a497a36fee0b6cef1b00a5b4e947e,1024,629,153202,commons,https://upload.wikimedia.org/wikipedia/commons/5/54/Tetramorium_sikorae_casent0101142_profile_1.jpg,Tetramorium sikorae casent0101142 profile 1.jpg,d41678e088edb091873f6d9fa6072233e857cd07,2009-10-20T09:47:57Z,exact,"harvester downscale, byte-identical","recovered by 14_commons_provenance.py: the Commons original after 06_harvest_commons.py's downscale (RGB, max 1024 px, JPEG quality 90)"
casent0101143,Tetramorium,train,p,data/images/Tetramorium/casent0101143_p.jpg,4eae53a160c37f13626b6520c8c8f37f1efe24535694586cba0ffcd90586765a,1024,417,86402,commons,https://upload.wikimedia.org/wikipedia/commons/4/46/Tetramorium_sikorae_casent0101143_profile_1.jpg,Tetramorium sikorae casent0101143 profile 1.jpg,f2400a4d8814db818ac8bfa69890f863c309f253,2009-10-20T06:59:16Z,exact,"harvester downscale, byte-identical","recovered by 14_commons_provenance.py: the Commons original after 06_harvest_commons.py's downscale (RGB, max 1024 px, JPEG quality 90)"
casent0101144,Tetramorium,train,p,data/images/Tetramorium/casent0101144_p.jpg,485f534dc95b0bae643d1d5aedd06f78f143657f4b1ce296901240d9a991d7d5,1024,505,140293,commons,https://upload.wikimedia.org/wikipedia/commons/0/0c/Tetramorium_sikorae_casent0101144_profile_1.jpg,Tetramorium sikorae casent0101144 profile 1.jpg,94ad02ce98f852f1c62dac50ea91c1544aff6d11,2009-10-19T14:43:54Z,exact,"harvester downscale, byte-identical","recovered by 14_commons_provenance.py: the Commons original after 06_harvest_commons.py's downscale (RGB, max 1024 px, JPEG quality 90)"
casent0101145,Tetramorium,train,p,data/images/Tetramorium/casent0101145_p.jpg,871ac9bd5debe1054b697fa7644447fa1686af6c0370fc2d7eda7084860d0b5f,1024,771,199512,commons,https://upload.wikimedia.org/wikipedia/commons/2/2a/Tetramorium_bessonii_casent0101145_profile_1.jpg,Tetramorium bessonii casent0101145 profile 1.jpg,1d1a85a0e160108d2862282ff14d3600119127fe,2009-10-19T11:23:57Z,exact,"harvester downscale, byte-identical","recovered by 14_commons_provenance.py: the Commons original after 06_harvest_commons.py's downscale (RGB, max 1024 px, JPEG quality 90)"
casent0101146,Tetramorium,test,p,data/images/Tetramorium/casent0101146_p.jpg,3b1b954565ff0d02db5ba994ac74979c6cb82e26b5fa0bbf4e69d45a1d882ced,1024,771,197592,commons,https://upload.wikimedia.org/wikipedia/commons/3/33/Tetramorium_xanthogaster_casent0101146_profile_1.jpg,Tetramorium xanthogaster casent0101146 profile 1.jpg,06d320436dc715938828d37dd9dee6782df579ba,2009-10-19T12:24:38Z,exact,"harvester downscale, byte-identical","recovered by 14_commons_provenance.py: the Commons original after 06_harvest_commons.py's downscale (RGB, max 1024 px, JPEG quality 90)"
casent0101147,Tetramorium,test,p,data/images/Tetramorium/casent0101147_p.jpg,0465c5a995415b5351647d695d5b5a301c0dc64af078baa5975d167571ccd78e,1024,705,175100,commons,https://upload.wikimedia.org/wikipedia/commons/b/b9/Tetramorium_ranarum_casent0101147_profile_1.jpg,Tetramorium ranarum casent0101147 profile 1.jpg,57b8b7e9ed2e7cd2a5aecae42fc4d1c592b466c0,2009-10-19T12:01:53Z,exact,"harvester downscale, byte-identical","recovered by 14_commons_provenance.py: the Commons original after 06_harvest_commons.py's downscale (RGB, max 1024 px, JPEG quality 90)"
casent0101148,Hypoponera,train,p,data/images/Hypoponera/casent0101148_p.jpg,cd41b9da163858d5f84ee14139e33a98fe8c4f88058239771cdf830b68a9f57d,1280,567,183410,commons,https://upload.wikimedia.org/wikipedia/commons/9/99/Hypoponera_madecassa_casent0101148_profile_1.jpg,Hypoponera madecassa casent0101148 profile 1.jpg,51bd08f743c3b350dd939e585492970c79adb2a5,2009-10-22T12:25:48Z,exact,"Commons server thumbnail, byte-identical","recovered by 14_commons_provenance.py: Commons' own thumbnail of that original (requested at 1024 px, served at the next standard width); not what the current harvester fetches, so most likely an earlier version of it, whose docstring still describes 1024 px thumbnails"
casent0101154,Tetraponera,train,p,data/images/Tetraponera/casent0101154_p.jpg,71846632a5a1f1f53413f337f42edebb93252cdcecc6f97ddbfd9a23b816e5f0,1024,429,111875,commons,https://upload.wikimedia.org/wikipedia/commons/5/5f/Tetraponera_flexuosa_casent0101154_profile_1.jpg,Tetraponera flexuosa casent0101154 profile 1.jpg,01cdfa5f65b601dad24aa6b5bb56fba4e586d26f,2009-10-19T00:31:54Z,exact,"harvester downscale, byte-identical","recovered by 14_commons_provenance.py: the Commons original after 06_harvest_commons.py's downscale (RGB, max 1024 px, JPEG quality 90)"
casent0101155,Tetraponera,train,p,data/images/Tetraponera/casent0101155_p.jpg,28f29e6f3e626b596c0bc2ba395cd2caf539670b316d96c17b8dcaf7e8061089,1024,467,134322,commons,https://upload.wikimedia.org/wikipedia/commons/2/2b/Tetraponera_flexuosa_casent0101155_profile_1.jpg,Tetraponera flexuosa casent0101155 profile 1.jpg,0074dcc0f19c368bd3e70bd3eb65e35796c0d2a9,2009-10-22T14:40:24Z,exact,"harvester downscale, byte-identical","recovered by 14_commons_provenance.py: the Commons original after 06_harvest_commons.py's downscale (RGB, max 1024 px, JPEG quality 90)"
casent0101156,Hypoponera,train,p,data/images/Hypoponera/casent0101156_p.jpg,a219e75be24c597f9159e2a901b59d44a7a51895ebe9ed88658ce2d99fec498b,1024,567,129958,commons,https://upload.wikimedia.org/wikipedia/commons/0/06/Hypoponera_grandidieri_casent0101156_profile_1.jpg,Hypoponera grandidieri casent0101156 profile 1.jpg,49a943f973c07b5c5174d24d1747fde66473045e,2009-10-21T23:28:16Z,exact,"harvester downscale, byte-identical","recovered by 14_commons_provenance.py: the Commons original after 06_harvest_commons.py's downscale (RGB, max 1024 px, JPEG quality 90)"
casent0101157,Hypoponera,train,p,data/images/Hypoponera/casent0101157_p.jpg,84feba8444c8d8b6f3aa187f7d35d019a49f2263f29890f207c0c8ace8a72af5,1024,574,143267,commons,https://upload.wikimedia.org/wikipedia/commons/3/3b/Hypoponera_grandidieri_casent0101157_profile_1.jpg,Hypoponera grandidieri casent0101157 profile 1.jpg,10428bb09bada19a432a68de0aa4ceae85c3c184,2009-10-21T10:27:11Z,exact,"harvester downscale, byte-identical","recovered by 14_commons_provenance.py: the Commons original after 06_harvest_commons.py's downscale (RGB, max 1024 px, JPEG quality 90)"
casent0101160,Crematogaster,train,p,data/images/Crematogaster/casent0101160_p.jpg,48b03591e661960a059df799c262d871e201834a7de5002af2fb307b8542c499,1024,560,155307,commons,https://upload.wikimedia.org/wikipedia/commons/4/4e/Crematogaster_lobata_pacifica_casent0101160_profile_1.jpg,Crematogaster lobata pacifica casent0101160 profile 1.jpg,436a6d6107d2d3344399b078ce914410e16b523a,2009-10-21T21:30:38Z,exact,"harvester downscale, byte-identical","recovered by 14_commons_provenance.py: the Commons original after 06_harvest_commons.py's downscale (RGB, max 1024 px, JPEG quality 90)"
casent0101161,Crematogaster,train,p,data/images/Crematogaster/casent0101161_p.jpg,9ee401b8da29c348dd119ad14e16e25649639df1b3f64e319049c4c8b66f49d8,1024,614,134814,commons,https://upload.wikimedia.org/wikipedia/commons/0/0e/Crematogaster_agnetis_casent0101161_profile_1.jpg,Crematogaster agnetis casent0101161 profile 1.jpg,fb568914d9b85461a57960e7b0c47b3d939fa4ac,2009-10-20T21:10:51Z,exact,"harvester downscale, byte-identical","recovered by 14_commons_provenance.py: the Commons original after 06_harvest_commons.py's downscale (RGB, max 1024 px, JPEG quality 90)"
casent0101162,Crematogaster,train,p,data/images/Crematogaster/casent0101162_p.jpg,a0339796efa4b376a12005010ffbb2056403f8acd8920821e535eab3448150df,1024,540,143550,commons,https://upload.wikimedia.org/wikipedia/commons/9/96/Crematogaster_inops_casent0101162_profile_1.jpg,Crematogaster inops casent0101162 profile 1.jpg,3b9c119ecc03bded51726f0b7b59828ce60306f9,2009-10-22T10:40:42Z,exact,"harvester downscale, byte-identical","recovered by 14_commons_provenance.py: the Commons original after 06_harvest_commons.py's downscale (RGB, max 1024 px, JPEG quality 90)"
casent0101163,Crematogaster,train,p,data/images/Crematogaster/casent0101163_p.jpg,6260fd5e79cd50acb488bf67ee1675171bc0f926c2d82806909dfaaf30f716e6,1024,664,171032,commons,https://upload.wikimedia.org/wikipedia/commons/e/e9/Crematogaster_inops_casent0101163_profile_1.jpg,Crematogaster inops casent0101163 profile 1.jpg,f89178022c9483ad554bc5a2f571f8019eaf9770,2009-10-20T20:57:14Z,exact,"harvester downscale, byte-identical","recovered by 14_commons_provenance.py: the Commons original after 06_harvest_commons.py's downscale (RGB, max 1024 px, JPEG quality 90)"
casent0101164,Crematogaster,train,p,data/images/Crematogaster/casent0101164_p.jpg,7cbf364e049cfcb411880c309a871fa1d9c5628f8388d8d5627ed5931ba2c55c,1024,771,217310,commons,https://upload.wikimedia.org/wikipedia/commons/2/23/Crematogaster_inops_casent0101164_profile_1.jpg,Crematogaster inops casent0101164 profile 1.jpg,75ed25767f60aba3b91cd7fc00fa424bbfe03b37,2009-10-22T15:18:17Z,exact,"harvester downscale, byte-identical","recovered by 14_commons_provenance.py: the Commons original after 06_harvest_commons.py's downscale (RGB, max 1024 px, JPEG quality 90)"
casent0101165,Crematogaster,train,p,data/images/Crematogaster/casent0101165_p.jpg,6b10d9bc979612339b81a77158fd52e122dc0e3afac44caa9475753e5b983c5e,1024,648,167513,commons,https://upload.wikimedia.org/wikipedia/commons/7/7a/Crematogaster_descarpentriesi_casent0101165_profile_1.jpg,Crematogaster descarpentriesi casent0101165 profile 1.jpg,035f3868ffc0f3f72fd069989e410b14875d65a1,2009-10-20T07:06:28Z,exact,"harvester downscale, byte-identical","recovered by 14_commons_provenance.py: the Commons original after 06_harvest_commons.py's downscale (RGB, max 1024 px, JPEG quality 90)"
casent0101166,Crematogaster,train,p,data/images/Crematogaster/casent0101166_p.jpg,c8a08040a94f8f5d9465367464279973c6ce1d31a99864d16cf591f7a60211fd,1024,615,176701,commons,https://upload.wikimedia.org/wikipedia/commons/d/d6/Crematogaster_descarpentriesi_casent0101166_profile_1.jpg,Crematogaster descarpentriesi casent0101166 profile 1.jpg,384a5ba5028c662c13674d041149e821579edb1f,2009-10-22T11:23:46Z,exact,"harvester downscale, byte-identical","recovered by 14_commons_provenance.py: the Commons original after 06_harvest_commons.py's downscale (RGB, max 1024 px, JPEG quality 90)"
casent0101167,Crematogaster,train,p,data/images/Crematogaster/casent0101167_p.jpg,f36d4902eb3f658c58138be88c69f77e5c91f958d7d84a1c3eeed6b3a2cd4b95,1280,727,201099,commons,https://upload.wikimedia.org/wikipedia/commons/8/80/Crematogaster_descarpentriesi_casent0101167_profile_1.jpg,Crematogaster descarpentriesi casent0101167 profile 1.jpg,e3a3419ac94e52d88839e88792096922ee72558a,2009-10-18T20:12:27Z,exact,"Commons server thumbnail, byte-identical","recovered by 14_commons_provenance.py: Commons' own thumbnail of that original (requested at 1024 px, served at the next standard width); not what the current harvester fetches, so most likely an earlier version of it, whose docstring still describes 1024 px thumbnails"
casent0101168,Crematogaster,train,p,data/images/Crematogaster/casent0101168_p.jpg,b644b963f880d10738772e29430a84cc6f8117ef473bec0c2c09bac3aa54ffbb,1024,589,150487,commons,https://upload.wikimedia.org/wikipedia/commons/6/63/Crematogaster_descarpentriesi_casent0101168_profile_1.jpg,Crematogaster descarpentriesi casent0101168 profile 1.jpg,25427b26e0c1d7d18a86f1f916811d1d86c6381a,2009-10-22T19:15:06Z,exact,"harvester downscale, byte-identical","recovered by 14_commons_provenance.py: the Commons original after 06_harvest_commons.py's downscale (RGB, max 1024 px, JPEG quality 90)"
casent0101169,Crematogaster,test,p,data/images/Crematogaster/casent0101169_p.jpg,5f749990fdcc3fdc511e84549d85bbb666b8341f9803b1c4eb241e562728d4a7,1024,757,197480,commons,https://upload.wikimedia.org/wikipedia/commons/c/c9/Crematogaster_descarpentriesi_casent0101169_profile_1.jpg,Crematogaster descarpentriesi casent0101169 profile 1.jpg,c7dc8568286e585a749efa2f33f37bb46465b850,2009-10-19T01:11:47Z,exact,"harvester downscale, byte-identical","recovered by 14_commons_provenance.py: the Commons original after 06_harvest_commons.py's downscale (RGB, max 1024 px, JPEG quality 90)"
casent0101171,Crematogaster,train,p,data/images/Crematogaster/casent0101171_p.jpg,f444cbb22bf81684227af37209e5537f76156458e1e85f05973a852ea9ef55c4,1024,550,152073,commons,https://upload.wikimedia.org/wikipedia/commons/b/b5/Crematogaster_degeeri_casent0101171_profile_1.jpg,Crematogaster degeeri casent0101171 profile 1.jpg,76d7c082980c9cf62948681aa845fa06be5e380e,2009-10-22T15:27:34Z,exact,"harvester downscale, byte-identical","recovered by 14_commons_provenance.py: the Commons original after 06_harvest_commons.py's downscale (RGB, max 1024 px, JPEG quality 90)"
casent0101172,Crematogaster,train,p,data/images/Crematogaster/casent0101172_p.jpg,c4141c73e699c2ccd0391e6d2d933a9e1064e3af4a2424d460b6b863e51e73d5,1024,598,191740,commons,https://upload.wikimedia.org/wikipedia/commons/a/a0/Crematogaster_degeeri_casent0101172_profile_1.jpg,Crematogaster degeeri casent0101172 profile 1.jpg,b0b01241ec0108744ce4ffbf0579b96531f5fa8b,2009-10-21T09:21:06Z,exact,"harvester downscale, byte-identical","recovered by 14_commons_provenance.py: the Commons original after 06_harvest_commons.py's downscale (RGB, max 1024 px, JPEG quality 90)"
casent0101173,Crematogaster,train,p,data/images/Crematogaster/casent0101173_p.jpg,51c1eaa9e460c5b20c69945aa64fc109ff30acd9bd6ceee90214a1da0a683bfb,1024,543,150392,commons,https://upload.wikimedia.org/wikipedia/commons/5/5a/Crematogaster_degeeri_casent0101173_profile_1.jpg,Crematogaster degeeri casent0101173 profile 1.jpg,b725486618c2380de077a65eb0de7c06455c5dac,2009-10-21T12:07:43Z,exact,"harvester downscale, byte-identical","recovered by 14_commons_provenance.py: the Commons original after 06_harvest_commons.py's downscale (RGB, max 1024 px, JPEG quality 90)"
casent0101174,Crematogaster,test,p,data/images/Crematogaster/casent0101174_p.jpg,0c2f26f5cf7cb103f6e010af81ebbeea43c6cd95350a3f7c3e924adada7c59eb,1024,491,127725,commons,https://upload.wikimedia.org/wikipedia/commons/2/22/Crematogaster_degeeri_lunaris_casent0101174_profile_1.jpg,Crematogaster degeeri lunaris casent0101174 profile 1.jpg,9b4ab9893ac93cf1b43eff359fc96351b65e6e88,2009-10-20T17:10:30Z,exact,"harvester downscale, byte-identical","recovered by 14_commons_provenance.py: the Commons original after 06_harvest_commons.py's downscale (RGB, max 1024 px, JPEG quality 90)"
casent0101175,Camponotus,train,p,data/images/Camponotus/casent0101175_p.jpg,a7341d7ad589d5935a3f9389c9776c64a625aeaee7c549228bc2517d6ac2856e,1024,564,161902,commons,https://upload.wikimedia.org/wikipedia/commons/d/dd/Camponotus_repens_casent0101175_profile_1.jpg,Camponotus repens casent0101175 profile 1.jpg,489f61256a80278cdd29c698fe26930adb3a7fdb,2009-10-21T04:53:25Z,exact,"harvester downscale, byte-identical","recovered by 14_commons_provenance.py: the Commons original after 06_harvest_commons.py's downscale (RGB, max 1024 px, JPEG quality 90)"
casent0101176,Camponotus,train,p,data/images/Camponotus/casent0101176_p.jpg,3be098b19520684efd394801c0f3cb31dac44c926bb376bf78a8054d80440220,1280,798,227705,commons,https://upload.wikimedia.org/wikipedia/commons/c/ce/Camponotus_ethicus_casent0101176_profile_1.jpg,Camponotus ethicus casent0101176 profile 1.jpg,22c549d95c650c2501c3169b8dc4fa5636031c8c,2009-10-21T09:23:35Z,exact,"Commons server thumbnail, byte-identical","recovered by 14_commons_provenance.py: Commons' own thumbnail of that original (requested at 1024 px, served at the next standard width); not what the current harvester fetches, so most likely an earlier version of it, whose docstring still describes 1024 px thumbnails"
casent0101178,Camponotus,train,p,data/images/Camponotus/casent0101178_p.jpg,d7e9a843ade19c9d671f03f624d1d70cfcc5f03e3b2fd5fe95e38a6706e5e916,1024,771,201687,commons,https://upload.wikimedia.org/wikipedia/commons/f/ff/Camponotus_cervicalis_casent0101178_profile_1.jpg,Camponotus cervicalis casent0101178 profile 1.jpg,32e4b5696a3f71409ba8b92758c4b0c4627932cf,2009-10-21T13:43:17Z,exact,"harvester downscale, byte-identical","recovered by 14_commons_provenance.py: the Commons original after 06_harvest_commons.py's downscale (RGB, max 1024 px, JPEG quality 90)"
casent0101179,Camponotus,train,p,data/images/Camponotus/casent0101179_p.jpg,48008c4f54eb51cbe58720d3723ae6e3f04847e6124bafcd15bd00fa74a9c2bf,1024,688,193656,commons,https://upload.wikimedia.org/wikipedia/commons/4/41/Camponotus_cervicalis_gaullei_casent0101179_profile_1.jpg,Camponotus cervicalis gaullei casent0101179 profile 1.jpg,2d022e0113c5de80c4216dfe8a04a4b5e5d0661a,2009-10-20T22:17:02Z,exact,"harvester downscale, byte-identical","recovered by 14_commons_provenance.py: the Commons original after 06_harvest_commons.py's downscale (RGB, max 1024 px, JPEG quality 90)"
casent0101180,Camponotus,train,p,data/images/Camponotus/casent0101180_p.jpg,c52b96998f6d8202f1bad598fc85fdaf3e99cf6daf7634863d69ea92cc716d09,1024,771,205007,commons,https://upload.wikimedia.org/wikipedia/commons/c/c0/Camponotus_cervicalis_gaullei_casent0101180_profile_1.jpg,Camponotus cervicalis gaullei casent0101180 profile 1.jpg,3976e4c4acf8ea9fdb9ae79b814a34bad394bd69,2009-10-20T14:07:55Z,exact,"harvester downscale, byte-identical","recovered by 14_commons_provenance.py: the Commons original after 06_harvest_commons.py's downscale (RGB, max 1024 px, JPEG quality 90)"
casent0101181,Camponotus,train,p,data/images/Camponotus/casent0101181_p.jpg,05d1db82885494397f80ea6e3d38c5ac60c1f61ce5fabed73e20707fe5dfb1c5,1024,726,218799,commons,https://upload.wikimedia.org/wikipedia/commons/c/c8/Camponotus_cervicalis_gaullei_casent0101181_profile_1.jpg,Camponotus cervicalis gaullei casent0101181 profile 1.jpg,55f0081130103b20f99a36cff5e82a9f202f8fe1,2009-10-18T12:47:29Z,exact,"harvester downscale, byte-identical","recovered by 14_commons_provenance.py: the Commons original after 06_harvest_commons.py's downscale (RGB, max 1024 px, JPEG quality 90)"
casent0101186,Camponotus,train,p,data/images/Camponotus/casent0101186_p.jpg,b3e57a7ee16105a9afd82bd9a680ce87cd3f170dccc94948f0c099111e3522bd,1024,725,234979,commons,https://upload.wikimedia.org/wikipedia/commons/4/42/Camponotus_darwinii_casent0101186_profile_1.jpg,Camponotus darwinii casent0101186 profile 1.jpg,e3b2df2af135ce6d41561c6ff3749ac3d8110c34,2009-10-18T16:16:08Z,exact,"harvester downscale, byte-identical","recovered by 14_commons_provenance.py: the Commons original after 06_harvest_commons.py's downscale (RGB, max 1024 px, JPEG quality 90)"
casent0101193,Camponotus,train,p,data/images/Camponotus/casent0101193_p.jpg,2059e4f7090e56bcec08e4cebdfecff309ffa07b94d82ac679a939cfb088b4bd,1024,771,186723,commons,https://upload.wikimedia.org/wikipedia/commons/1/17/Camponotus_darwinii_rubropilosus_casent0101193_profile_1.jpg,Camponotus darwinii rubropilosus casent0101193 profile 1.jpg,66fad6c88f6faee6d9c07ba37a69198f32d74006,2009-10-19T16:13:29Z,exact,"harvester downscale, byte-identical","recovered by 14_commons_provenance.py: the Commons original after 06_harvest_commons.py's downscale (RGB, max 1024 px, JPEG quality 90)"
casent0101194,Camponotus,test,p,data/images/Camponotus/casent0101194_p.jpg,54ce486a01a601f460aae61ec90ca6a15f157ef8055a12a3e0abd8719fc455c3,1024,771,204197,commons,https://upload.wikimedia.org/wikipedia/commons/9/94/Camponotus_darwinii_rubropilosus_casent0101194_profile_1.jpg,Camponotus darwinii rubropilosus casent0101194 profile 1.jpg,30919ec7129f5009a26ee216812b83b95e4350a0,2009-10-20T17:21:33Z,exact,"harvester downscale, byte-identical","recovered by 14_commons_provenance.py: the Commons original after 06_harvest_commons.py's downscale (RGB, max 1024 px, JPEG quality 90)"
casent0101195,Camponotus,train,p,data/images/Camponotus/casent0101195_p.jpg,8ade4e48aa57a480e10ba284e66e84283a8ff060f24166242e362362b77496d0,1024,751,195659,commons,https://upload.wikimedia.org/wikipedia/commons/9/9d/Camponotus_darwinii_rubropilosus_casent0101195_profile_1.jpg,Camponotus darwinii rubropilosus casent0101195 profile 1.jpg,5d913ab1d55b893c14f94810388bc54c93b650d7,2009-10-20T20:25:20Z,exact,"harvester downscale, byte-identical","recovered by 14_commons_provenance.py: the Commons original after 06_harvest_commons.py's downscale (RGB, max 1024 px, JPEG quality 90)"
casent0101196,Camponotus,test,p,data/images/Camponotus/casent0101196_p.jpg,1e7c4ca9cef37328d24ff423894c8098b320c4354306fbb284d38c1a2d40e055,1024,596,162242,commons,https://upload.wikimedia.org/wikipedia/commons/0/0f/Camponotus_ellioti_relucens_casent0101196_profile_1.jpg,Camponotus ellioti relucens casent0101196 profile 1.jpg,b6a66164b0cb6ad24a4f1261d462b95dd550698f,2009-10-19T07:07:49Z,exact,"harvester downscale, byte-identical","recovered by 14_commons_provenance.py: the Commons original after 06_harvest_commons.py's downscale (RGB, max 1024 px, JPEG quality 90)"
casent0101197,Camponotus,train,p,data/images/Camponotus/casent0101197_p.jpg,27bf6831770186eb4b541d2ed5a4596786f7942fe2297f5ed991e5bf1b913559,1024,670,184498,commons,https://upload.wikimedia.org/wikipedia/commons/1/17/Camponotus_ellioti_relucens_casent0101197_profile_1.jpg,Camponotus ellioti relucens casent0101197 profile 1.jpg,de0cf4bd1db95cdac6c9ecdec939e0188fe36d74,2009-10-20T09:27:38Z,exact,"harvester downscale, byte-identical","recovered by 14_commons_provenance.py: the Commons original after 06_harvest_commons.py's downscale (RGB, max 1024 px, JPEG quality 90)"
casent0101198,Camponotus,train,p,data/images/Camponotus/casent0101198_p.jpg,c1f67e8bf7d1e23f4d92e32c9b5b45d5e84f24a59d1c3b5877e20c112b89b54b,1024,771,217251,commons,https://upload.wikimedia.org/wikipedia/commons/d/dd/Camponotus_ellioti_casent0101198_profile_1.jpg,Camponotus ellioti casent0101198 profile 1.jpg,fd1d8cddfc81ea24e104c82955ac63d4ce765bce,2009-10-18T10:54:16Z,exact,"harvester downscale, byte-identical","recovered by 14_commons_provenance.py: the Commons original after 06_harvest_commons.py's downscale (RGB, max 1024 px, JPEG quality 90)"
casent0101202,Camponotus,test,p,data/images/Camponotus/casent0101202_p.jpg,7b339a4e5b61e95cbaf4cb5e747d834ba92433f9fee9a5701cf44bb12af57724,1024,1024,192591,gbif_cache,https://api.gbif.org/v1/image/cache/1024x1024/occurrence/865114279/media/b65207d9170cf622bc7825e15d29eb56,,,,,,GBIF image cache of https://www.antweb.org/images/casent0101202/casent0101202_p_1_high.jpg; download success recorded in download_status.csv; size variant (1024x1024 or original) not recorded
casent0101205,Camponotus,test,p,data/images/Camponotus/casent0101205_p.jpg,0c13f354701965b284514316e34ca7cc1e96fd467bf84f471eb370093ffd824f,1024,676,194983,commons,https://upload.wikimedia.org/wikipedia/commons/d/d7/Camponotus_descarpentriesi_casent0101205_profile_1.jpg,Camponotus descarpentriesi casent0101205 profile 1.jpg,aeac3b99ea522dd234dc9b4a2b6475e68070b64a,2009-10-20T07:26:47Z,exact,"harvester downscale, byte-identical","recovered by 14_commons_provenance.py: the Commons original after 06_harvest_commons.py's downscale (RGB, max 1024 px, JPEG quality 90)"
casent0101206,Camponotus,train,p,data/images/Camponotus/casent0101206_p.jpg,8a461e165f27cd0d0db5b6b2bb9e005fecc22d85e0bd4f09c6aeb7084fd83582,1280,685,243787,commons,https://upload.wikimedia.org/wikipedia/commons/5/59/Camponotus_descarpentriesi_casent0101206_profile_1.jpg,Camponotus descarpentriesi casent0101206 profile 1.jpg,47ab0a4817228a2a01801040b0813103e5a968b9,2009-10-22T14:41:49Z,exact,"Commons server thumbnail, byte-identical","recovered by 14_commons_provenance.py: Commons' own thumbnail of that original (requested at 1024 px, served at the next standard width); not what the current harvester fetches, so most likely an earlier version of it, whose docstring still describes 1024 px thumbnails"
casent0101208,Cardiocondyla,test,p,data/images/Cardiocondyla/casent0101208_p.jpg,8f7642a9b711657df5a527fed825b9edca71966a4312dff5c4664763b303e8db,1024,780,186625,commons,https://upload.wikimedia.org/wikipedia/commons/0/0b/Cardiocondyla_emeryi_casent0101208_profile_1.jpg,Cardiocondyla emeryi casent0101208 profile 1.jpg,817da8bec0b83582dba4542df685a319c969e93f,2009-10-20T05:27:57Z,exact,"harvester downscale, byte-identical","recovered by 14_commons_provenance.py: the Commons original after 06_harvest_commons.py's downscale (RGB, max 1024 px, JPEG quality 90)"
casent0101209,Cardiocondyla,train,p,data/images/Cardiocondyla/casent0101209_p.jpg,52eabfabef8a221331bef2f5e2bd794d0b08827fe1971fb3555da855d781defc,1024,508,121103,commons,https://upload.wikimedia.org/wikipedia/commons/a/aa/Cardiocondyla_emeryi_casent0101209_profile_1.jpg,Cardiocondyla emeryi casent0101209 profile 1.jpg,21cff50dcee8125ada95a61f6a1b22a2602546e2,2009-10-19T04:50:36Z,exact,"harvester downscale, byte-identical","recovered by 14_commons_provenance.py: the Commons original after 06_harvest_commons.py's downscale (RGB, max 1024 px, JPEG quality 90)"
casent0101218,Cardiocondyla,train,p,data/images/Cardiocondyla/casent0101218_p.jpg,fb9a224f7fc317b133ebc63069bd8d320059b44d6ec546250a115a83b95f3ad1,1024,750,160995,commons,https://upload.wikimedia.org/wikipedia/commons/d/d7/Cardiocondyla_shuckardi_casent0101218_profile_1.jpg,Cardiocondyla shuckardi casent0101218 profile 1.jpg,8164608044fd79d45a63343983a23aceef1197e2,2009-10-18T18:55:49Z,exact,"harvester downscale, byte-identical","recovered by 14_commons_provenance.py: the Commons original after 06_harvest_commons.py's downscale (RGB, max 1024 px, JPEG quality 90)"
casent0101219,Cardiocondyla,train,p,data/images/Cardiocondyla/casent0101219_p.jpg,18b4d5b59ef0a27e8c4412bbcd6192834e108357ac12f8a768a5b44ea3308d84,1024,660,144542,commons,https://upload.wikimedia.org/wikipedia/commons/4/4e/Cardiocondyla_shuckardi_casent0101219_profile_1.jpg,Cardiocondyla shuckardi casent0101219 profile 1.jpg,f9798f4da429407271bd6c8f3a6dc5c3bd431f2d,2009-10-22T12:41:30Z,exact,"harvester downscale, byte-identical","recovered by 14_commons_provenance.py: the Commons original after 06_harvest_commons.py's downscale (RGB, max 1024 px, JPEG quality 90)"
casent0101230,Meranoplus,train,p,data/images/Meranoplus/casent0101230_p.jpg,854bbdcdf2a8015caddac456f7f49b8355c38ab11e12e53e4d8ac403a712ca64,1024,564,158804,commons,https://upload.wikimedia.org/wikipedia/commons/b/bf/Meranoplus_mayri_casent0101230_profile_1.jpg,Meranoplus mayri casent0101230 profile 1.jpg,966e16c6c5306f5da44a30974eca5f0d926edf01,2009-10-22T08:39:55Z,exact,"harvester downscale, byte-identical","recovered by 14_commons_provenance.py: the Commons original after 06_harvest_commons.py's downscale (RGB, max 1024 px, JPEG quality 90)"
casent0101231,Meranoplus,test,p,data/images/Meranoplus/casent0101231_p.jpg,f1469c367a9d1746301cc1299e4f87b774170f81c68dfb914779038385e57fc1,1024,634,160207,commons,https://upload.wikimedia.org/wikipedia/commons/b/b1/Meranoplus_mayri_casent0101231_profile_1.jpg,Meranoplus mayri casent0101231 profile 1.jpg,7aade2a39b7d6b5f301433c9ec66701e3b2fdd32,2009-10-19T00:54:31Z,exact,"harvester downscale, byte-identical","recovered by 14_commons_provenance.py: the Commons original after 06_harvest_commons.py's downscale (RGB, max 1024 px, JPEG quality 90)"
casent0101236,Meranoplus,train,p,data/images/Meranoplus/casent0101236_p.jpg,e0ebc949859c2fb190d890dc6a16a057355178afae084eff0b5b7ef8b5bc61d9,1280,655,258684,commons,https://upload.wikimedia.org/wikipedia/commons/f/fa/Meranoplus_mayri_casent0101236_profile_1.jpg,Meranoplus mayri casent0101236 profile 1.jpg,1b22de56c41b2ca399109b50d925a319bebb0e7e,2009-10-20T23:24:28Z,exact,"Commons server thumbnail, byte-identical","recovered by 14_commons_provenance.py: Commons' own thumbnail of that original (requested at 1024 px, served at the next standard width); not what the current harvester fetches, so most likely an earlier version of it, whose docstring still describes 1024 px thumbnails"
casent0101237,Meranoplus,train,p,data/images/Meranoplus/casent0101237_p.jpg,35e9cd4c69c2626fbd6c647dfecc0e13609d5c52eea25ea0398b53a8997814d5,1024,606,147047,commons,https://upload.wikimedia.org/wikipedia/commons/6/62/Meranoplus_mayri_casent0101237_profile_1.jpg,Meranoplus mayri casent0101237 profile 1.jpg,d6a9783671e7b6feb734aad6869826568c5031b1,2009-10-18T16:25:40Z,exact,"harvester downscale, byte-identical","recovered by 14_commons_provenance.py: the Commons original after 06_harvest_commons.py's downscale (RGB, max 1024 px, JPEG quality 90)"
casent0101238,Meranoplus,train,p,data/images/Meranoplus/casent0101238_p.jpg,72ccb45611b9d401669ff780847484b50d757f0d430c1fab2650830ccb14b569,1024,577,149438,commons,https://upload.wikimedia.org/wikipedia/commons/b/b1/Meranoplus_radamae_casent0101238_profile_1.jpg,Meranoplus radamae casent0101238 profile 1.jpg,7dab12ae19f1e5efe5d5a2d2fa7cacf064671f09,2009-10-22T15:01:23Z,exact,"harvester downscale, byte-identical","recovered by 14_commons_provenance.py: the Commons original after 06_harvest_commons.py's downscale (RGB, max 1024 px, JPEG quality 90)"
casent0101239,Meranoplus,train,p,data/images/Meranoplus/casent0101239_p.jpg,95723b07b55c88c700896b44c77e93b1b807c546b6ee12c42e21f1c048d8ca24,1024,698,182716,commons,https://upload.wikimedia.org/wikipedia/commons/5/55/Meranoplus_radamae_casent0101239_profile_1.jpg,Meranoplus radamae casent0101239 profile 1.jpg,7227184bde3c8974b263064ad534976475d03c05,2009-10-22T19:59:31Z,exact,"harvester downscale, byte-identical","recovered by 14_commons_provenance.py: the Commons original after 06_harvest_commons.py's downscale (RGB, max 1024 px, JPEG quality 90)"
casent0101240,Cataulacus,train,p,data/images/Cataulacus/casent0101240_p.jpg,0673dabe5e5b21734736fbcc651ab1545d38b27edf7a39094c1f091e901900ee,1024,592,140664,commons,https://upload.wikimedia.org/wikipedia/commons/6/61/Cataulacus_regularis_casent0101240_profile_1.jpg,Cataulacus regularis casent0101240 profile 1.jpg,4d276f1b0b44891bb228ad7c58088cf040bb37b4,2009-10-20T19:19:22Z,exact,"harvester downscale, byte-identical","recovered by 14_commons_provenance.py: the Commons original after 06_harvest_commons.py's downscale (RGB, max 1024 px, JPEG quality 90)"
casent0101241,Cataulacus,train,p,data/images/Cataulacus/casent0101241_p.jpg,9983dbcf4233085522d61590e522e4f6637a03d3fa8f277d239d16516dabbcea,1024,504,121944,commons,https://upload.wikimedia.org/wikipedia/commons/b/ba/Cataulacus_regularis_casent0101241_profile_1.jpg,Cataulacus regularis casent0101241 profile 1.jpg,e97168c37eff5fb9abb170ac1ca852434ec41003,2009-10-21T16:55:24Z,exact,"harvester downscale, byte-identical","recovered by 14_commons_provenance.py: the Commons original after 06_harvest_commons.py's downscale (RGB, max 1024 px, JPEG quality 90)"
casent0101245,Cataulacus,train,p,data/images/Cataulacus/casent0101245_p.jpg,5dee402eb76e66a5b8234c5172c914124f6801c618050c9880f5fd93244c88c4,1024,404,114736,commons,https://upload.wikimedia.org/wikipedia/commons/b/b0/Cataulacus_ebrardi_casent0101245_profile_1.jpg,Cataulacus ebrardi casent0101245 profile 1.jpg,97b6941a9663a64d678bbe95d709d16377cc334b,2009-10-22T07:40:09Z,exact,"harvester downscale, byte-identical","recovered by 14_commons_provenance.py: the Commons original after 06_harvest_commons.py's downscale (RGB, max 1024 px, JPEG quality 90)"
casent0101246,Cataulacus,train,p,data/images/Cataulacus/casent0101246_p.jpg,14645988477af37572ae503cf19a6c362949dc43b220ce2e1a2ff13a2c163860,1024,584,148769,commons,https://upload.wikimedia.org/wikipedia/commons/9/9f/Cataulacus_ebrardi_casent0101246_profile_1.jpg,Cataulacus ebrardi casent0101246 profile 1.jpg,a41ac17252572a8864f2468e3582e8400ea0ef99,2009-10-18T18:34:33Z,exact,"harvester downscale, byte-identical","recovered by 14_commons_provenance.py: the Commons original after 06_harvest_commons.py's downscale (RGB, max 1024 px, JPEG quality 90)"
casent0101247,Cataulacus,train,p,data/images/Cataulacus/casent0101247_p.jpg,adf12dd18d84d7f9249d6077453efe74d001dbe2a07e0fbc02c76cf1bda0b73f,1024,737,208038,commons,https://upload.wikimedia.org/wikipedia/commons/c/c4/Cataulacus_intrudens_casent0101247_profile_1.jpg,Cataulacus intrudens casent0101247 profile 1.jpg,0b3bafc92a7db3538aff2d9c0425bb17d8cbfd09,2009-10-20T20:28:07Z,exact,"harvester downscale, byte-identical","recovered by 14_commons_provenance.py: the Commons original after 06_harvest_commons.py's downscale (RGB, max 1024 px, JPEG quality 90)"
casent0101248,Cataulacus,train,p,data/images/Cataulacus/casent0101248_p.jpg,381f0d79e45df27e8b88cfeb6e3b912925082353a996bc4d71f9a41a34084b39,1024,666,178679,commons,https://upload.wikimedia.org/wikipedia/commons/5/5a/Cataulacus_intrudens_casent0101248_profile_1.jpg,Cataulacus intrudens casent0101248 profile 1.jpg,7f957128acf7dd80b999e4d3aaabe8467bc26c1d,2009-10-18T19:10:13Z,exact,"harvester downscale, byte-identical","recovered by 14_commons_provenance.py: the Commons original after 06_harvest_commons.py's downscale (RGB, max 1024 px, JPEG quality 90)"
casent0101253,Strumigenys,train,p,data/images/Strumigenys/casent0101253_p.jpg,10515eef1e54b7ed56ceab4b721c3b159f9f31fa4fd7b56b558a04438da16cd7,1024,1024,129171,gbif_cache,https://api.gbif.org/v1/image/cache/1024x1024/occurrence/865114451/media/fff7433b88666d89ce99f66ba57319f9,,,,,,GBIF image cache of https://www.antweb.org/images/casent0101253/casent0101253_p_1_high.jpg; download success recorded in download_status.csv; size variant (1024x1024 or original) not recorded
casent0101254,Strumigenys,train,p,data/images/Strumigenys/casent0101254_p.jpg,c8a4ffa7c3a23712e85e2f8c733aec52daf13632fc3467eab9811ffe867e3afc,1280,746,163137,commons,https://upload.wikimedia.org/wikipedia/commons/5/5a/Strumigenys_grandidieri_casent0101254_profile_1.jpg,Strumigenys grandidieri casent0101254 profile 1.jpg,d8fb187910be11e2b56a822daa626aa7daf9bbf7,2009-10-19T07:18:16Z,exact,"Commons server thumbnail, byte-identical","recovered by 14_commons_provenance.py: Commons' own thumbnail of that original (requested at 1024 px, served at the next standard width); not what the current harvester fetches, so most likely an earlier version of it, whose docstring still describes 1024 px thumbnails"
casent0101255,Tapinoma,train,p,data/images/Tapinoma/casent0101255_p.jpg,777d70f7615a11cf5d7b137a655a89d93ede26aee92e590a44e11e0874ac20fa,1024,668,131019,commons,https://upload.wikimedia.org/wikipedia/commons/8/84/Technomyrmex_pallipes_casent0101255_profile_1.jpg,Technomyrmex pallipes casent0101255 profile 1.jpg,7a3edb2ccd1f3f8a0e9280a7069bf7946417252a,2009-10-20T07:27:37Z,exact,"harvester downscale, byte-identical","recovered by 14_commons_provenance.py: the Commons original after 06_harvest_commons.py's downscale (RGB, max 1024 px, JPEG quality 90)"
casent0101256,Tapinoma,train,p,data/images/Tapinoma/casent0101256_p.jpg,207a5d4c51fe9981051e1b95cc1772eff4874ea3f2c639d3a2f3fa110e3fa67b,1024,735,134585,commons,https://upload.wikimedia.org/wikipedia/commons/e/e4/Technomyrmex_pallipes_casent0101256_profile_1.jpg,Technomyrmex pallipes casent0101256 profile 1.jpg,41e8da3135946b64c352e9b78670a20eea6ae2e7,2009-10-22T01:07:59Z,exact,"harvester downscale, byte-identical","recovered by 14_commons_provenance.py: the Commons original after 06_harvest_commons.py's downscale (RGB, max 1024 px, JPEG quality 90)"
casent0101257,Tetramorium,test,p,data/images/Tetramorium/casent0101257_p.jpg,98b195fd848c2b551dd60c49aafbcbedff67c9939e81ba5325f6047cff15b995,1024,655,151597,commons,https://upload.wikimedia.org/wikipedia/commons/4/41/Tetramorium_steinheili_casent0101257_profile_1.jpg,Tetramorium steinheili casent0101257 profile 1.jpg,45d07e5d691b56863761a446bf9948e36210eb8b,2009-10-22T04:57:48Z,exact,"harvester downscale, byte-identical","recovered by 14_commons_provenance.py: the Commons original after 06_harvest_commons.py's downscale (RGB, max 1024 px, JPEG quality 90)"
casent0101258,Tetramorium,train,p,data/images/Tetramorium/casent0101258_p.jpg,fd5b9619d77c6d19e4cd07b884baa7c5ddf4fc7f5634bb306ad98df73c72f5bc,1024,696,181128,commons,https://upload.wikimedia.org/wikipedia/commons/a/ad/Tetramorium_steinheili_casent0101258_profile_1.jpg,Tetramorium steinheili casent0101258 profile 1.jpg,fd3dec8b0ab20e049c21519f7946f293aaf0f3df,2009-10-20T05:26:34Z,exact,"harvester downscale, byte-identical","recovered by 14_commons_provenance.py: the Commons original after 06_harvest_commons.py's downscale (RGB, max 1024 px, JPEG quality 90)"
casent0101259,Tetramorium,test,p,data/images/Tetramorium/casent0101259_p.jpg,c0833ed118435764cb46c54d5d502bb8570b48592daf497c8408b604d2a07f15,1024,642,160502,commons,https://upload.wikimedia.org/wikipedia/commons/b/b9/Tetramorium_sikorae_casent0101259_profile_1.jpg,Tetramorium sikorae casent0101259 profile 1.jpg,921cd4e53443c0e2d75ed32de734969ce2602b70,2009-10-22T16:17:32Z,exact,"harvester downscale, byte-identical","recovered by 14_commons_provenance.py: the Commons original after 06_harvest_commons.py's downscale (RGB, max 1024 px, JPEG quality 90)"
casent0101260,Tetramorium,test,p,data/images/Tetramorium/casent0101260_p.jpg,9f9d15949dab4d7482f5d12c6b8632ddeac3d8a8563c5dc3e4de59f6abc9c3d5,1024,777,195336,commons,https://upload.wikimedia.org/wikipedia/commons/b/bb/Tetramorium_sikorae_casent0101260_profile_1.jpg,Tetramorium sikorae casent0101260 profile 1.jpg,8634a2f0b3afdceef2f8738c1ec2db5e5c0bd4c3,2009-10-21T15:54:08Z,exact,"harvester downscale, byte-identical","recovered by 14_commons_provenance.py: the Commons original after 06_harvest_commons.py's downscale (RGB, max 1024 px, JPEG quality 90)"
casent0101265,Tetramorium,train,p,data/images/Tetramorium/casent0101265_p.jpg,56bccd75b54ffd1b6f5a737f0935330e4d5cc6785aa9c2ebee973e0354125612,1017,808,188443,commons,https://upload.wikimedia.org/wikipedia/commons/5/57/Tetramorium_sericeiventre_casent0101265_profile_1.jpg,Tetramorium sericeiventre casent0101265 profile 1.jpg,fd91c2df20423a077566d2ae5f24a5903ffdddb4,2009-10-20T00:10:43Z,exact,"harvester downscale, byte-identical","recovered by 14_commons_provenance.py: the Commons original after 06_harvest_commons.py's downscale (RGB, max 1024 px, JPEG quality 90)"
casent0101266,Tetramorium,train,p,data/images/Tetramorium/casent0101266_p.jpg,dede26ea32e2005f14475b25722499c6f72a2e462aafcace0011d2290813f91c,1024,771,155838,commons,https://upload.wikimedia.org/wikipedia/commons/a/a7/Tetramorium_sericeiventre_casent0101266_profile_1.jpg,Tetramorium sericeiventre casent0101266 profile 1.jpg,b054bdf1f231c33ebc1894de6f960571a5d5d792,2009-10-20T10:32:39Z,exact,"harvester downscale, byte-identical","recovered by 14_commons_provenance.py: the Commons original after 06_harvest_commons.py's downscale (RGB, max 1024 px, JPEG quality 90)"
casent0101267,Tetramorium,test,p,data/images/Tetramorium/casent0101267_p.jpg,9caf187ff3c932c92c69abb249383a485ec43e91d336bb0ad2662c0d64b39cc5,1024,784,179538,commons,https://upload.wikimedia.org/wikipedia/commons/f/fa/Tetramorium_sericeiventre_casent0101267_profile_1.jpg,Tetramorium sericeiventre casent0101267 profile 1.jpg,1a09470f6aa4b51831ab7da6f5d861a10497a0d1,2009-10-20T02:19:11Z,exact,"harvester downscale, byte-identical","recovered by 14_commons_provenance.py: the Commons original after 06_harvest_commons.py's downscale (RGB, max 1024 px, JPEG quality 90)"
casent0101268,Tetramorium,train,p,data/images/Tetramorium/casent0101268_p.jpg,3e092d7f716a2d00f16a7dbee27b861188f20b8a9db04d5f263fcf9386407909,1024,771,175819,commons,https://upload.wikimedia.org/wikipedia/commons/0/0e/Tetramorium_sericeiventre_casent0101268_profile_1.jpg,Tetramorium sericeiventre casent0101268 profile 1.jpg,546aea33b5be5ec96b957ddcff8b2d4527911630,2009-10-22T20:36:19Z,exact,"harvester downscale, byte-identical","recovered by 14_commons_provenance.py: the Commons original after 06_harvest_commons.py's downscale (RGB, max 1024 px, JPEG quality 90)"
casent0101269,Tetramorium,train,p,data/images/Tetramorium/casent0101269_p.jpg,7a937cc218d4b915adaa2b8a27484bc072c5db1b46ff8a370960c582844a9690,1024,708,182391,commons,https://upload.wikimedia.org/wikipedia/commons/c/c7/Tetramorium_sericeiventre_casent0101269_profile_1.jpg,Tetramorium sericeiventre casent0101269 profile 1.jpg,619a2f2e288ee3025ef55ba96e38a75a8f9ae8d1,2009-10-18T16:56:40Z,exact,"harvester downscale, byte-identical","recovered by 14_commons_provenance.py: the Commons original after 06_harvest_commons.py's downscale (RGB, max 1024 px, JPEG quality 90)"
casent0101270,Tetramorium,train,p,data/images/Tetramorium/casent0101270_p.jpg,a177d0f677087fed6edec0b7278e3efa0800117ee81ef7d1bf475a5126d2afb8,1024,771,215338,commons,https://upload.wikimedia.org/wikipedia/commons/7/7f/Tetramorium_sericeiventre_casent0101270_profile_1.jpg,Tetramorium sericeiventre casent0101270 profile 1.jpg,d87e53ddcfb17485fe5d1a6af35654ee8de58878,2009-10-20T12:27:01Z,exact,"harvester downscale, byte-identical","recovered by 14_commons_provenance.py: the Commons original after 06_harvest_commons.py's downscale (RGB, max 1024 px, JPEG quality 90)"
casent0101277,Tetramorium,test,p,data/images/Tetramorium/casent0101277_p.jpg,e84b3a304cab431354365f6b5df15104a673e91bd8271ba58b58d7858daa46d3,1024,725,168127,commons,https://upload.wikimedia.org/wikipedia/commons/4/4d/Tetramorium_bessonii_casent0101277_profile_1.jpg,Tetramorium bessonii casent0101277 profile 1.jpg,6369c15104b550306b94e86d6bd659590975e168,2009-10-18T21:23:45Z,exact,"harvester downscale, byte-identical","recovered by 14_commons_provenance.py: the Commons original after 06_harvest_commons.py's downscale (RGB, max 1024 px, JPEG quality 90)"
casent0101278,Tetramorium,train,p,data/images/Tetramorium/casent0101278_p.jpg,622b85ece97e99f75fd4f5ad889a5f710fdd625fea0fe1e78af7ed72f6429e20,1024,713,172378,commons,https://upload.wikimedia.org/wikipedia/commons/2/29/Tetramorium_bessonii_casent0101278_profile_1.jpg,Tetramorium bessonii casent0101278 profile 1.jpg,31f2ac417406f83e4ca332a7566b321e87c2e053,2009-10-22T02:19:19Z,exact,"harvester downscale, byte-identical","recovered by 14_commons_provenance.py: the Commons original after 06_harvest_commons.py's downscale (RGB, max 1024 px, JPEG quality 90)"
casent0101279,Tetramorium,train,p,data/images/Tetramorium/casent0101279_p.jpg,f56925114e37117ca534c0d2c65b615f3cfcae1b129282137c221fd5568ed0c6,1024,771,197069,commons,https://upload.wikimedia.org/wikipedia/commons/f/f9/Tetramorium_robustior_casent0101279_profile_1.jpg,Tetramorium robustior casent0101279 profile 1.jpg,a144324ab2f4f9f30be44251ee9e90d73a8d7453,2009-10-20T20:21:09Z,exact,"harvester downscale, byte-identical","recovered by 14_commons_provenance.py: the Commons original after 06_harvest_commons.py's downscale (RGB, max 1024 px, JPEG quality 90)"
casent0101280,Tetramorium,train,p,data/images/Tetramorium/casent0101280_p.jpg,1a232f8b6666ec172c6180c12820290dfdb80c788a28c41fb7feae646077de86,1024,771,199105,commons,https://upload.wikimedia.org/wikipedia/commons/d/d3/Tetramorium_robustior_casent0101280_profile_1.jpg,Tetramorium robustior casent0101280 profile 1.jpg,1cf1dc45eb6946619dcaa3bfff41e118052fb112,2009-10-19T23:02:06Z,exact,"harvester downscale, byte-identical","recovered by 14_commons_provenance.py: the Commons original after 06_harvest_commons.py's downscale (RGB, max 1024 px, JPEG quality 90)"
casent0101281,Tetramorium,train,p,data/images/Tetramorium/casent0101281_p.jpg,72dba0bad9c8430174470ee43c2ba16e36cf665f4bc04017892b21cb46bd9cbf,1024,654,145014,commons,https://upload.wikimedia.org/wikipedia/commons/7/7d/Tetramorium_andrei_casent0101281_profile_1.jpg,Tetramorium andrei casent0101281 profile 1.jpg,30decc8e520e87080c932a3b2af51b9eb81c569e,2009-10-18T19:18:59Z,exact,"harvester downscale, byte-identical","recovered by 14_commons_provenance.py: the Commons original after 06_harvest_commons.py's downscale (RGB, max 1024 px, JPEG quality 90)"
casent0101282,Tetramorium,test,p,data/images/Tetramorium/casent0101282_p.jpg,0b66b51662baccfe417535078a6cedc5ae3ed451dd311f32d74d5242bd3c35fc,1024,666,154304,commons,https://upload.wikimedia.org/wikipedia/commons/d/df/Tetramorium_andrei_casent0101282_profile_1.jpg,Tetramorium andrei casent0101282 profile 1.jpg,2dc1e91f0d86c2b16b8ae79b48c352db26dd8cda,2009-10-21T20:49:38Z,exact,"harvester downscale, byte-identical","recovered by 14_commons_provenance.py: the Commons original after 06_harvest_commons.py's downscale (RGB, max 1024 px, JPEG quality 90)"
casent0101285,Tetramorium,train,p,data/images/Tetramorium/casent0101285_p.jpg,461896772f85db0b9d58ab26d7b4f8f0908d0c7af812eeca881c593079661c38,1024,734,180828,commons,https://upload.wikimedia.org/wikipedia/commons/8/80/Tetramorium_ranarum_casent0101285_profile_1.jpg,Tetramorium ranarum casent0101285 profile 1.jpg,8621393826f86e976ce58a94d7cd6de6e1c88762,2009-10-21T22:22:25Z,exact,"harvester downscale, byte-identical","recovered by 14_commons_provenance.py: the Commons original after 06_harvest_commons.py's downscale (RGB, max 1024 px, JPEG quality 90)"
casent0101286,Tetramorium,train,p,data/images/Tetramorium/casent0101286_p.jpg,90c6be88599facdb3ef4e0c3aa1769934727c45e57166ecc69afca8d7d5e0f9d,1280,803,207012,commons,https://upload.wikimedia.org/wikipedia/commons/7/7f/Tetramorium_ranarum_casent0101286_profile_1.jpg,Tetramorium ranarum casent0101286 profile 1.jpg,32c403ec09d57c1ab04161a66acd3dec1400ef39,2009-10-19T02:59:59Z,exact,"Commons server thumbnail, byte-identical","recovered by 14_commons_provenance.py: Commons' own thumbnail of that original (requested at 1024 px, served at the next standard width); not what the current harvester fetches, so most likely an earlier version of it, whose docstring still describes 1024 px thumbnails"
casent0101287,Tetramorium,train,p,data/images/Tetramorium/casent0101287_p.jpg,605af9ff5e5ed12630dbf863085b86fc1fa8afe6ae0a0f616800c38f4e487b38,1024,688,183189,commons,https://upload.wikimedia.org/wikipedia/commons/a/a8/Tetramorium_marginatum_casent0101287_profile_1.jpg,Tetramorium marginatum casent0101287 profile 1.jpg,a20020ccc4e6831b142c63186a844ed9119861e2,2009-10-18T14:58:30Z,exact,"harvester downscale, byte-identical","recovered by 14_commons_provenance.py: the Commons original after 06_harvest_commons.py's downscale (RGB, max 1024 px, JPEG quality 90)"
casent0101288,Tetramorium,train,p,data/images/Tetramorium/casent0101288_p.jpg,fe91449914d2b8cf3f8d6021e4ace173cff86db348f441b165bee89f5d7427c4,1280,761,240377,commons,https://upload.wikimedia.org/wikipedia/commons/b/b1/Tetramorium_marginatum_casent0101288_profile_1.jpg,Tetramorium marginatum casent0101288 profile 1.jpg,3195594fcbb0d05b95d601df66f15d4ce7cc20f3,2009-10-20T01:16:28Z,exact,"Commons server thumbnail, byte-identical","recovered by 14_commons_provenance.py: Commons' own thumbnail of that original (requested at 1024 px, served at the next standard width); not what the current harvester fetches, so most likely an earlier version of it, whose docstring still describes 1024 px thumbnails"
casent0101289,Tetramorium,train,p,data/images/Tetramorium/casent0101289_p.jpg,557a4f897831f3e579c1ff7165b36aef180029269af8a554cd667d3bfb6931e1,1024,696,159632,commons,https://upload.wikimedia.org/wikipedia/commons/e/e5/Tetramorium_schaufussii_casent0101289_profile_1.jpg,Tetramorium schaufussii casent0101289 profile 1.jpg,8189d9cc5231a0aad0ae865244b1948b97f0cc61,2009-10-20T10:14:37Z,exact,"harvester downscale, byte-identical","recovered by 14_commons_provenance.py: the Commons original after 06_harvest_commons.py's downscale (RGB, max 1024 px, JPEG quality 90)"
casent0101290,Tetramorium,train,p,data/images/Tetramorium/casent0101290_p.jpg,eb7de611d2b6f6e3524e29eb66eb0186178cdeb2a756531c43d2c8bcf32201e8,1024,654,152499,commons,https://upload.wikimedia.org/wikipedia/commons/e/e7/Tetramorium_schaufussii_casent0101290_profile_1.jpg,Tetramorium schaufussii casent0101290 profile 1.jpg,8f0cdd88ae9d769d6cbdfaeb3c9a32ad0de7b073,2009-10-19T11:06:26Z,exact,"harvester downscale, byte-identical","recovered by 14_commons_provenance.py: the Commons original after 06_harvest_commons.py's downscale (RGB, max 1024 px, JPEG quality 90)"
casent0101291,Tetramorium,train,p,data/images/Tetramorium/casent0101291_p.jpg,95fe95d62553d453f0524404a7cd6091b2d265ebdc35f733fa35b96e255b8a4a,1024,567,160259,commons,https://upload.wikimedia.org/wikipedia/commons/2/29/Tetramorium_latreillei_casent0101291_profile_1.jpg,Tetramorium latreillei casent0101291 profile 1.jpg,d5621b6663e5c4b819e1ccbbbb4750020baca35c,2009-10-19T10:14:33Z,exact,"harvester downscale, byte-identical","recovered by 14_commons_provenance.py: the Commons original after 06_harvest_commons.py's downscale (RGB, max 1024 px, JPEG quality 90)"
casent0101292,Tetramorium,train,p,data/images/Tetramorium/casent0101292_p.jpg,b65047adbdb01cb92a3d3ecc9e7ad4da37629bd08fb23a1ada512ea5cc6ae41d,1024,716,185952,commons,https://upload.wikimedia.org/wikipedia/commons/4/4b/Tetramorium_latreillei_casent0101292_profile_1.jpg,Tetramorium latreillei casent0101292 profile 1.jpg,6091c95fcc6c45d68512c36035078d430241cd28,2009-10-18T07:43:48Z,exact,"harvester downscale, byte-identical","recovered by 14_commons_provenance.py: the Commons original after 06_harvest_commons.py's downscale (RGB, max 1024 px, JPEG quality 90)"
casent0101293,Tetramorium,train,p,data/images/Tetramorium/casent0101293_p.jpg,361ffe4e894e6c76ff9b13b1e9081fc3912e44ded0ca04eabe30a2d2285c8ca4,1024,716,197604,commons,https://upload.wikimedia.org/wikipedia/commons/e/e5/Tetramorium_kelleri_casent0101293_profile_1.jpg,Tetramorium kelleri casent0101293 profile 1.jpg,f6835d1379d816ca402035d92541d41c7a3ca869,2009-10-22T01:21:43Z,exact,"harvester downscale, byte-identical","recovered by 14_commons_provenance.py: the Commons original after 06_harvest_commons.py's downscale (RGB, max 1024 px, JPEG quality 90)"
casent0101294,Tetramorium,train,p,data/images/Tetramorium/casent0101294_p.jpg,9d41f6b98850a410648adf5ff3b5a678a4bb6cc22f70d3032b87c61c7370b2a3,1024,693,189760,commons,https://upload.wikimedia.org/wikipedia/commons/f/f0/Tetramorium_kelleri_casent0101294_profile_1.jpg,Tetramorium kelleri casent0101294 profile 1.jpg,c642204afe451dd5b97228c4c20e97ae2cd94a60,2009-10-18T11:03:38Z,exact,"harvester downscale, byte-identical","recovered by 14_commons_provenance.py: the Commons original after 06_harvest_commons.py's downscale (RGB, max 1024 px, JPEG quality 90)"
casent0101297,Tetramorium,train,p,data/images/Tetramorium/casent0101297_p.jpg,bd28dfcf942f2d8da3f79589105adf4d2ddf80be35f2b9ceacd8e235df5e4a84,1024,771,217372,commons,https://upload.wikimedia.org/wikipedia/commons/4/42/Tetramorium_bessonii_casent0101297_profile_1.jpg,Tetramorium bessonii casent0101297 profile 1.jpg,5841071480266b373590768ae4f1d2c0edc82b07,2009-10-18T21:29:50Z,exact,"harvester downscale, byte-identical","recovered by 14_commons_provenance.py: the Commons original after 06_harvest_commons.py's downscale (RGB, max 1024 px, JPEG quality 90)"
casent0101298,Tetramorium,train,p,data/images/Tetramorium/casent0101298_p.jpg,28ad63d6f279b7762c7d9add3ded34560ef13d61524a5c6c29b86a96d06ac24b,1024,701,199731,commons,https://upload.wikimedia.org/wikipedia/commons/f/f6/Tetramorium_bessonii_casent0101298_profile_1.jpg,Tetramorium bessonii casent0101298 profile 1.jpg,98f7c65b4de944a8580c7a828a66841be7eed267,2009-10-18T18:13:00Z,exact,"harvester downscale, byte-identical","recovered by 14_commons_provenance.py: the Commons original after 06_harvest_commons.py's downscale (RGB, max 1024 px, JPEG quality 90)"
casent0101299,Nylanderia,train,p,data/images/Nylanderia/casent0101299_p.jpg,ebb7e5a6ddbfc054583685c4ca59f339d32585f4c77df11c5884db34db0ae621,1024,771,150384,commons,https://upload.wikimedia.org/wikipedia/commons/2/2f/Paratrechina_gracilis_casent0101299_profile_1.jpg,Paratrechina gracilis casent0101299 profile 1.jpg,9a3b42bb1e5a0e2617769c8dc6d5b57a7a7145b4,2009-10-21T07:46:35Z,exact,"harvester downscale, byte-identical","recovered by 14_commons_provenance.py: the Commons original after 06_harvest_commons.py's downscale (RGB, max 1024 px, JPEG quality 90)"
casent0101300,Nylanderia,test,p,data/images/Nylanderia/casent0101300_p.jpg,06494a733bf257e4296c1b55caf65a5a9cff229aebc66a7e93571c25c641b988,1024,715,145006,commons,https://upload.wikimedia.org/wikipedia/commons/f/f4/Paratrechina_gracilis_casent0101300_profile_1.jpg,Paratrechina gracilis casent0101300 profile 1.jpg,a5f5ad0a78a76c8b84d7870f99b05637edf7ec0a,2009-10-20T23:16:23Z,exact,"harvester downscale, byte-identical","recovered by 14_commons_provenance.py: the Commons original after 06_harvest_commons.py's downscale (RGB, max 1024 px, JPEG quality 90)"
casent0101311,Nylanderia,train,p,data/images/Nylanderia/casent0101311_p.jpg,c315e36cc7cdb7505c788899f7c6e626a2cad83c171d2dc92df20d6556b98d87,1024,665,138690,commons,https://upload.wikimedia.org/wikipedia/commons/9/9e/Paratrechina_amblyops_rubescens_casent0101311_profile_1.jpg,Paratrechina amblyops rubescens casent0101311 profile 1.jpg,880620df17d9949cca22567610282d60ca5b6bb2,2009-10-18T15:07:12Z,exact,"harvester downscale, byte-identical","recovered by 14_commons_provenance.py: the Commons original after 06_harvest_commons.py's downscale (RGB, max 1024 px, JPEG quality 90)"
casent0101312,Nylanderia,train,p,data/images/Nylanderia/casent0101312_p.jpg,a83d45d7fa274a190f3a75d584ec44460019ab182850b79d702f9aa54b1c11a5,1024,680,144942,commons,https://upload.wikimedia.org/wikipedia/commons/3/32/Paratrechina_amblyops_rubescens_casent0101312_profile_1.jpg,Paratrechina amblyops rubescens casent0101312 profile 1.jpg,6e226ea266e9f25c80f358b44d2f61e3d6dbfcdf,2009-10-19T21:02:27Z,exact,"harvester downscale, byte-identical","recovered by 14_commons_provenance.py: the Commons original after 06_harvest_commons.py's downscale (RGB, max 1024 px, JPEG quality 90)"
casent0101315,Nylanderia,train,p,data/images/Nylanderia/casent0101315_p.jpg,5d332e333d6a81c8cfc568849b130c7d1cc3e26c24052d1de053288c4d41d220,1024,775,150298,commons,https://upload.wikimedia.org/wikipedia/commons/a/a2/Paratrechina_humbloti_casent0101315_profile_1.jpg,Paratrechina humbloti casent0101315 profile 1.jpg,b652520eeffd414e12d8941709b486594600836a,2009-10-21T06:23:56Z,exact,"harvester downscale, byte-identical","recovered by 14_commons_provenance.py: the Commons original after 06_harvest_commons.py's downscale (RGB, max 1024 px, JPEG quality 90)"
casent0101316,Nylanderia,test,p,data/images/Nylanderia/casent0101316_p.jpg,644853fedbe07ff17cdfe4f20ebe221704386f45d2f67da5dab90da0397bd9ff,1024,1024,119089,gbif_cache,https://api.gbif.org/v1/image/cache/1024x1024/occurrence/865114669/media/78573f8106cb731abd682e07c2fbfcfa,,,,,,GBIF image cache of https://www.antweb.org/images/casent0101316/casent0101316_p_1_high.jpg; download success recorded in download_status.csv; size variant (1024x1024 or original) not recorded
casent0101318,Nylanderia,train,p,data/images/Nylanderia/casent0101318_p.jpg,e0e79ac938774028735c9ea45835bd1728b27b2c964aa25b17ac30e599d6e710,977,808,160054,commons,https://upload.wikimedia.org/wikipedia/commons/f/f7/Paratrechina_madagascarensis_casent0101318_profile_1.jpg,Paratrechina madagascarensis casent0101318 profile 1.jpg,8beba0407ae63d75a38e946e19ba3b25e340193d,2009-10-20T23:43:15Z,exact,"harvester downscale, byte-identical","recovered by 14_commons_provenance.py: the Commons original after 06_harvest_commons.py's downscale (RGB, max 1024 px, JPEG quality 90)"
casent0101319,Nylanderia,train,p,data/images/Nylanderia/casent0101319_p.jpg,417d54768a01e855f4642c22375d421d33c13fa73cf631ef6ccb03f8f4db7071,1013,808,170998,commons,https://upload.wikimedia.org/wikipedia/commons/2/24/Paratrechina_madagascarensis_casent0101319_profile_1.jpg,Paratrechina madagascarensis casent0101319 profile 1.jpg,a2220272e1cdaccfdd30abd40d35f0e8a78dc2a0,2009-10-19T10:45:54Z,exact,"harvester downscale, byte-identical","recovered by 14_commons_provenance.py: the Commons original after 06_harvest_commons.py's downscale (RGB, max 1024 px, JPEG quality 90)"
casent0101320,Nylanderia,train,p,data/images/Nylanderia/casent0101320_p.jpg,b576a7d9b34a758a9fbacd5e7fa6bd3b185f589caf098e8df4efc7138fe814f2,1024,707,145919,commons,https://upload.wikimedia.org/wikipedia/commons/2/2d/Paratrechina_madagascarensis_casent0101320_profile_1.jpg,Paratrechina madagascarensis casent0101320 profile 1.jpg,314117352cba228088e6376478085f7e76fcdd3d,2009-10-21T14:17:04Z,exact,"harvester downscale, byte-identical","recovered by 14_commons_provenance.py: the Commons original after 06_harvest_commons.py's downscale (RGB, max 1024 px, JPEG quality 90)"
casent0101321,Pheidole,train,p,data/images/Pheidole/casent0101321_p.jpg,b669653a99c8d81cd59394d5939705bf05b3a537ecb3b8fbaeacd329da2d66e1,1024,802,187173,commons,https://upload.wikimedia.org/wikipedia/commons/9/99/Pheidole_nemoralis_petax_casent0101321_profile_1.jpg,Pheidole nemoralis petax casent0101321 profile 1.jpg,9c5de9b7362cb52a83f22ff0ea0f35fb725dcccd,2009-10-20T21:18:30Z,exact,"harvester downscale, byte-identical","recovered by 14_commons_provenance.py: the Commons original after 06_harvest_commons.py's downscale (RGB, max 1024 px, JPEG quality 90)"
casent0101322,Pheidole,train,p,data/images/Pheidole/casent0101322_p.jpg,804290b7339c6a3d71d2107164da100ed2a299fab3856dc048657abd9f86738f,1024,768,204450,commons,https://upload.wikimedia.org/wikipedia/commons/8/80/Pheidole_nemoralis_petax_casent0101322_profile_1.jpg,Pheidole nemoralis petax casent0101322 profile 1.jpg,8c736f95efb1f0600256a8d8c05cb7de2a333f30,2009-10-18T18:33:56Z,exact,"harvester downscale, byte-identical","recovered by 14_commons_provenance.py: the Commons original after 06_harvest_commons.py's downscale (RGB, max 1024 px, JPEG quality 90)"
casent0101323,Pheidole,train,p,data/images/Pheidole/casent0101323_p.jpg,65f914bb177905be92579407748820cb0e7af3335220fc6e9c29aaffa4782e82,1280,672,237846,commons,https://upload.wikimedia.org/wikipedia/commons/b/bb/Pheidole_nemoralis_casent0101323_profile_1.jpg,Pheidole nemoralis casent0101323 profile 1.jpg,aee7923b6af0e5ff8ea18c63a6913337d22acfc2,2009-10-20T13:36:08Z,exact,"Commons server thumbnail, byte-identical","recovered by 14_commons_provenance.py: Commons' own thumbnail of that original (requested at 1024 px, served at the next standard width); not what the current harvester fetches, so most likely an earlier version of it, whose docstring still describes 1024 px thumbnails"
casent0101324,Pheidole,train,p,data/images/Pheidole/casent0101324_p.jpg,6408a5ccf993e330dc2eafb85ed51eeda1d411ff2ddc8f3b1caf693a64b6e3b9,1024,717,192894,commons,https://upload.wikimedia.org/wikipedia/commons/e/e9/Pheidole_nemoralis_casent0101324_profile_1.jpg,Pheidole nemoralis casent0101324 profile 1.jpg,ea106b764e872528ccbd8e27b83dd678afa928f3,2009-10-20T17:14:11Z,exact,"harvester downscale, byte-identical","recovered by 14_commons_provenance.py: the Commons original after 06_harvest_commons.py's downscale (RGB, max 1024 px, JPEG quality 90)"
casent0101326,Pheidole,train,p,data/images/Pheidole/casent0101326_p.jpg,244494ec0cd86b3cb74db86eb5e6582908db6e90f835409242006818e0b762e5,1024,702,208646,commons,https://upload.wikimedia.org/wikipedia/commons/5/54/Pheidole_voeltzkowii_casent0101326_profile_1.jpg,Pheidole voeltzkowii casent0101326 profile 1.jpg,2a70107c113ecf4ac352aa53943a2a4d836ec71e,2009-10-22T04:13:52Z,exact,"harvester downscale, byte-identical","recovered by 14_commons_provenance.py: the Commons original after 06_harvest_commons.py's downscale (RGB, max 1024 px, JPEG quality 90)"
casent0101327,Pheidole,train,p,data/images/Pheidole/casent0101327_p.jpg,bf7f7c759d96abba7628637043bf9669605ef44b40289a45809049ebd5dc8740,1024,706,212906,commons,https://upload.wikimedia.org/wikipedia/commons/1/1f/Pheidole_voeltzkowii_casent0101327_profile_1.jpg,Pheidole voeltzkowii casent0101327 profile 1.jpg,1d229c587adedf176967ce6b9a1eb7c2d909b0ca,2009-10-20T01:10:59Z,exact,"harvester downscale, byte-identical","recovered by 14_commons_provenance.py: the Commons original after 06_harvest_commons.py's downscale (RGB, max 1024 px, JPEG quality 90)"
casent0101328,Pheidole,train,p,data/images/Pheidole/casent0101328_p.jpg,038c0d5281aacbe08243c183f394b0d6da0f3c0f3b816f28c8b7fb9657260523,1024,690,166043,commons,https://upload.wikimedia.org/wikipedia/commons/1/19/Pheidole_bessonii_casent0101328_profile_1.jpg,Pheidole bessonii casent0101328 profile 1.jpg,204d810994c12744c7c23f5ed4fca94ad7c2cb0a,2009-10-20T06:57:51Z,exact,"harvester downscale, byte-identical","recovered by 14_commons_provenance.py: the Commons original after 06_harvest_commons.py's downscale (RGB, max 1024 px, JPEG quality 90)"
casent0101329,Pheidole,train,p,data/images/Pheidole/casent0101329_p.jpg,6dd5503ca4e8366e8aa722c3ca5ef28701dffd6e68d7d15ef1c4b0f4807665d0,1024,716,177542,commons,https://upload.wikimedia.org/wikipedia/commons/a/ab/Pheidole_bessonii_casent0101329_profile_1.jpg,Pheidole bessonii casent0101329 profile 1.jpg,f0ea317f3a09c81998745d36ec8ae57d075d4597,2009-10-21T00:51:23Z,exact,"harvester downscale, byte-identical","recovered by 14_commons_provenance.py: the Commons original after 06_harvest_commons.py's downscale (RGB, max 1024 px, JPEG quality 90)"
casent0101330,Pheidole,test,p,data/images/Pheidole/casent0101330_p.jpg,1c91b88b33172c3a23ddf94344585702735d5228ca70bfdb3f5082e0d951424d,1024,640,193955,commons,https://upload.wikimedia.org/wikipedia/commons/6/6b/Pheidole_punctulata_spinosa_casent0101330_profile_1.jpg,Pheidole punctulata spinosa casent0101330 profile 1.jpg,af3f03c7f92dd026eac84933f4f8c02c5e08b050,2009-10-18T10:28:40Z,exact,"harvester downscale, byte-identical","recovered by 14_commons_provenance.py: the Commons original after 06_harvest_commons.py's downscale (RGB, max 1024 px, JPEG quality 90)"
casent0101331,Pheidole,test,p,data/images/Pheidole/casent0101331_p.jpg,096d5f09ece46435ce0fce51c63eb226e1a644055c7713fe6b8ed842868cadb7,1024,708,190890,commons,https://upload.wikimedia.org/wikipedia/commons/a/a1/Pheidole_punctulata_spinosa_casent0101331_profile_1.jpg,Pheidole punctulata spinosa casent0101331 profile 1.jpg,e7cd8585f13915ac656170f9e91888015a3baff7,2009-10-20T02:37:07Z,exact,"harvester downscale, byte-identical","recovered by 14_commons_provenance.py: the Commons original after 06_harvest_commons.py's downscale (RGB, max 1024 px, JPEG quality 90)"
casent0101333,Pheidole,train,p,data/images/Pheidole/casent0101333_p.jpg,b6498bc15b4c2679fa004585e9cbdc1a9d2fe55a081513d0a8146099056d4415,887,808,189122,commons,https://upload.wikimedia.org/wikipedia/commons/2/28/Pheidole_picata_bernhardae_casent0101333_profile_1.jpg,Pheidole picata bernhardae casent0101333 profile 1.jpg,7bc0f313d425d05c791e15b4771e3093e0d126ab,2009-10-18T07:46:39Z,exact,"harvester downscale, byte-identical","recovered by 14_commons_provenance.py: the Commons original after 06_harvest_commons.py's downscale (RGB, max 1024 px, JPEG quality 90)"
casent0101334,Camponotus,train,p,data/images/Camponotus/casent0101334_p.jpg,2e9e12274f46403b7ffb9febdb6870a4c282592d6f46e8e1a1c7c6caa1c66b86,1280,758,169885,commons,https://upload.wikimedia.org/wikipedia/commons/2/28/Camponotus_hova_hovahovoides_casent0101334_profile_1.jpg,Camponotus hova hovahovoides casent0101334 profile 1.jpg,fe0b6a948d5433a47b879d117079ea583a06fdbb,2009-10-22T01:13:22Z,exact,"Commons server thumbnail, byte-identical","recovered by 14_commons_provenance.py: Commons' own thumbnail of that original (requested at 1024 px, served at the next standard width); not what the current harvester fetches, so most likely an earlier version of it, whose docstring still describes 1024 px thumbnails"
casent0101335,Camponotus,train,p,data/images/Camponotus/casent0101335_p.jpg,f6a272f0fe0ee1345a271b226c1d3127d6398e42bd564d3ab13937d34d2703cf,1024,692,149128,commons,https://upload.wikimedia.org/wikipedia/commons/6/6f/Camponotus_hova_hovahovoides_casent0101335_profile_1.jpg,Camponotus hova hovahovoides casent0101335 profile 1.jpg,7dab605ec15ff2a1e708661f4cc5762eafac0204,2009-10-21T08:05:04Z,exact,"harvester downscale, byte-identical","recovered by 14_commons_provenance.py: the Commons original after 06_harvest_commons.py's downscale (RGB, max 1024 px, JPEG quality 90)"
casent0101336,Camponotus,train,p,data/images/Camponotus/casent0101336_p.jpg,6e1ff813bab43eb5fffd0ea182ca793f60a697e30da2bb47c9be550c3029e778,1024,635,145303,commons,https://upload.wikimedia.org/wikipedia/commons/9/9c/Camponotus_hova_hovoides_casent0101336_profile_1.jpg,Camponotus hova hovoides casent0101336 profile 1.jpg,3fbf1d9be183de4657c48f12a9ec90e68a857a8c,2009-10-20T13:41:03Z,exact,"harvester downscale, byte-identical","recovered by 14_commons_provenance.py: the Commons original after 06_harvest_commons.py's downscale (RGB, max 1024 px, JPEG quality 90)"
casent0101337,Camponotus,train,p,data/images/Camponotus/casent0101337_p.jpg,b398023667aeaaa367dcfb331a2730e166b81e46fa12ff2311e2e5d30b8a67fa,1024,693,144177,commons,https://upload.wikimedia.org/wikipedia/commons/a/ab/Camponotus_hova_hovoides_casent0101337_profile_1.jpg,Camponotus hova hovoides casent0101337 profile 1.jpg,5ec9f63eefe4e2e701a25845715f578e9ee98275,2009-10-22T18:32:38Z,exact,"harvester downscale, byte-identical","recovered by 14_commons_provenance.py: the Commons original after 06_harvest_commons.py's downscale (RGB, max 1024 px, JPEG quality 90)"
casent0101338,Camponotus,test,p,data/images/Camponotus/casent0101338_p.jpg,f96869bd522ac94a71c0609b9c934863b0a5f005460ee1aa222c0a5f6aebdcd8,1024,668,170071,commons,https://upload.wikimedia.org/wikipedia/commons/3/36/Camponotus_maculatus_casent0101338_profile_1.jpg,Camponotus maculatus casent0101338 profile 1.jpg,81c36593c5e12ff1a0e5abff00944eb0b4d74546,2009-10-22T22:45:42Z,exact,"harvester downscale, byte-identical","recovered by 14_commons_provenance.py: the Commons original after 06_harvest_commons.py's downscale (RGB, max 1024 px, JPEG quality 90)"
casent0101339,Camponotus,train,p,data/images/Camponotus/casent0101339_p.jpg,6311093d64029c40cf9530f8381440dac260796034b1e200025b7c6a7c0e2466,1024,771,144535,commons,https://upload.wikimedia.org/wikipedia/commons/0/0d/Camponotus_maculatus_casent0101339_profile_1.jpg,Camponotus maculatus casent0101339 profile 1.jpg,55d3b1a2e2ca8925e8c9f9877e44e52cf189e167,2009-10-18T17:24:17Z,exact,"harvester downscale, byte-identical","recovered by 14_commons_provenance.py: the Commons original after 06_harvest_commons.py's downscale (RGB, max 1024 px, JPEG quality 90)"
casent0101342,Camponotus,train,p,data/images/Camponotus/casent0101342_p.jpg,696f95eb954ea734e0c9dd2d84c9bb08db4df1fd6ae684c959ad270c87de11ea,1024,653,171322,commons,https://upload.wikimedia.org/wikipedia/commons/a/a6/Camponotus_hova_boivini_casent0101342_profile_1.jpg,Camponotus hova boivini casent0101342 profile 1.jpg,bdfcf09273259e1967175b5b76359f0fc940b813,2009-10-20T12:41:03Z,exact,"harvester downscale, byte-identical","recovered by 14_commons_provenance.py: the Commons original after 06_harvest_commons.py's downscale (RGB, max 1024 px, JPEG quality 90)"
casent0101343,Camponotus,train,p,data/images/Camponotus/casent0101343_p.jpg,857877367b6de64f8f9ffaac2798f4704678e53d2a8fb10dae39096ebe9cfdd8,1024,755,191651,commons,https://upload.wikimedia.org/wikipedia/commons/f/f0/Camponotus_hova_boivini_casent0101343_profile_1.jpg,Camponotus hova boivini casent0101343 profile 1.jpg,71a3d2bda4c54da3b9b571e928ae23bf2bd5de2a,2009-10-21T00:38:10Z,exact,"harvester downscale, byte-identical","recovered by 14_commons_provenance.py: the Commons original after 06_harvest_commons.py's downscale (RGB, max 1024 px, JPEG quality 90)"
casent0101346,Camponotus,test,p,data/images/Camponotus/casent0101346_p.jpg,2af070b7461dbc30ef250059e8b93043b065e1dee509da8f98b74ec87ad59b0d,1024,771,157618,commons,https://upload.wikimedia.org/wikipedia/commons/2/2d/Camponotus_hova_radamae_casent0101346_profile_1.jpg,Camponotus hova radamae casent0101346 profile 1.jpg,efa9df16284a94480328f550e8b16581df645b39,2009-10-21T17:02:16Z,exact,"harvester downscale, byte-identical","recovered by 14_commons_provenance.py: the Commons original after 06_harvest_commons.py's downscale (RGB, max 1024 px, JPEG quality 90)"
casent0101347,Camponotus,test,p,data/images/Camponotus/casent0101347_p.jpg,1b121750e048fcd88918487c65542e67760bda82ef4774a977fe615d19afce0e,1024,755,155277,commons,https://upload.wikimedia.org/wikipedia/commons/0/05/Camponotus_hova_radamae_casent0101347_profile_1.jpg,Camponotus hova radamae casent0101347 profile 1.jpg,263921aa009b7a974005ff30201a7f5c84485afd,2009-10-20T14:10:37Z,exact,"harvester downscale, byte-identical","recovered by 14_commons_provenance.py: the Commons original after 06_harvest_commons.py's downscale (RGB, max 1024 px, JPEG quality 90)"
casent0101348,Camponotus,train,p,data/images/Camponotus/casent0101348_p.jpg,05452a87ac0c6f888a5534195abbf7566c12eba8b1810092ef71f7be8fee85b6,1280,783,163077,commons,https://upload.wikimedia.org/wikipedia/commons/8/8e/Camponotus_hova_boivini_casent0101348_profile_1.jpg,Camponotus hova boivini casent0101348 profile 1.jpg,3b4beaab354bc2bb83d04d4d54bf1d8eae4885b2,2009-10-21T07:49:16Z,exact,"Commons server thumbnail, byte-identical","recovered by 14_commons_provenance.py: Commons' own thumbnail of that original (requested at 1024 px, served at the next standard width); not what the current harvester fetches, so most likely an earlier version of it, whose docstring still describes 1024 px thumbnails"
casent0101349,Camponotus,train,p,data/images/Camponotus/casent0101349_p.jpg,7686b4a9f8780855e08465d81a1e343c84878f22a27f3b2409368f58e9839c19,1024,670,144297,commons,https://upload.wikimedia.org/wikipedia/commons/6/66/Camponotus_hova_boivini_casent0101349_profile_1.jpg,Camponotus hova boivini casent0101349 profile 1.jpg,a99c9058a1beaf8af7892ba319a8632ee30d8a17,2009-10-20T10:37:30Z,exact,"harvester downscale, byte-identical","recovered by 14_commons_provenance.py: the Commons original after 06_harvest_commons.py's downscale (RGB, max 1024 px, JPEG quality 90)"
casent0101350,Camponotus,train,p,data/images/Camponotus/casent0101350_p.jpg,4d5be8ded0df5d030a57d55de33ce4fe17cf2c188043ec3309bf897bb9d987c6,1024,771,153089,commons,https://upload.wikimedia.org/wikipedia/commons/7/74/Camponotus_perroti_casent0101350_profile_1.jpg,Camponotus perroti casent0101350 profile 1.jpg,47b54ebd57dd9f7735de4ce82872d10caa7138f2,2009-10-22T13:41:43Z,exact,"harvester downscale, byte-identical","recovered by 14_commons_provenance.py: the Commons original after 06_harvest_commons.py's downscale (RGB, max 1024 px, JPEG quality 90)"
casent0101351,Camponotus,test,p,data/images/Camponotus/casent0101351_p.jpg,0abfae7310c433e3b5dfed27dddeab3c51baba019308aa4998d1e1af6adc2cdb,1024,682,133032,commons,https://upload.wikimedia.org/wikipedia/commons/9/97/Camponotus_perroti_casent0101351_profile_1.jpg,Camponotus perroti casent0101351 profile 1.jpg,bfd33fe7b8b716fa268fe1f9fa38c1d74a9d01fd,2009-10-20T17:24:16Z,exact,"harvester downscale, byte-identical","recovered by 14_commons_provenance.py: the Commons original after 06_harvest_commons.py's downscale (RGB, max 1024 px, JPEG quality 90)"
casent0101352,Camponotus,train,p,data/images/Camponotus/casent0101352_p.jpg,94730e5bbcf66664ac9d412820d5409827357f61dff91a1e83393af0f2fe5867,1024,705,174381,commons,https://upload.wikimedia.org/wikipedia/commons/f/f8/Camponotus_maculatus_casent0101352_profile_1.jpg,Camponotus maculatus casent0101352 profile 1.jpg,7b7809ba8dd246e4e1f58b2934fd31e3dbeb03c9,2009-10-19T11:15:47Z,exact,"harvester downscale, byte-identical","recovered by 14_commons_provenance.py: the Commons original after 06_harvest_commons.py's downscale (RGB, max 1024 px, JPEG quality 90)"
casent0101353,Camponotus,train,p,data/images/Camponotus/casent0101353_p.jpg,ea67b5e324db92423f6f39c47bdf7c5abb5439c70e9a6e979ba65c4736f2c0db,1024,662,117988,commons,https://upload.wikimedia.org/wikipedia/commons/6/60/Camponotus_maculatus_casent0101353_profile_1.jpg,Camponotus maculatus casent0101353 profile 1.jpg,596a5001f32ff778936fb5a60d5254a4f550c733,2009-10-21T11:32:01Z,exact,"harvester downscale, byte-identical","recovered by 14_commons_provenance.py: the Commons original after 06_harvest_commons.py's downscale (RGB, max 1024 px, JPEG quality 90)"
casent0101354,Camponotus,train,p,data/images/Camponotus/casent0101354_p.jpg,6bccdad024d824a37f791dbf4a732925c906b974002c8f4fedaab1d0388313c2,1024,625,135424,commons,https://upload.wikimedia.org/wikipedia/commons/d/da/Camponotus_maculatus_casent0101354_profile_1.jpg,Camponotus maculatus casent0101354 profile 1.jpg,998d9c16f7bee288c009c09802d5131571a195c7,2009-10-21T05:19:01Z,exact,"harvester downscale, byte-identical","recovered by 14_commons_provenance.py: the Commons original after 06_harvest_commons.py's downscale (RGB, max 1024 px, JPEG quality 90)"
casent0101356,Camponotus,train,p,data/images/Camponotus/casent0101356_p.jpg,13714d414500dd36582c40eac25528388aef7a779e5e1cea0f764773d35c3f22,1024,771,171194,commons,https://upload.wikimedia.org/wikipedia/commons/0/02/Camponotus_maculatus_casent0101356_profile_1.jpg,Camponotus maculatus casent0101356 profile 1.jpg,87dfd81e3f8ef4c3f18ce0a13b5872131e2f15b0,2009-10-19T00:06:35Z,exact,"harvester downscale, byte-identical","recovered by 14_commons_provenance.py: the Commons original after 06_harvest_commons.py's downscale (RGB, max 1024 px, JPEG quality 90)"
casent0101357,Camponotus,train,p,data/images/Camponotus/casent0101357_p.jpg,171dd12c200268c4184f1fa79d7dd54eb52fd90e60180f9fb7b74f7116cc72c6,1024,665,202747,commons,https://upload.wikimedia.org/wikipedia/commons/d/dd/Camponotus_concolor_casent0101357_profile_1.jpg,Camponotus concolor casent0101357 profile 1.jpg,375c24949e250d3cf4b4ad33554518f800afb707,2009-10-22T21:59:38Z,exact,"harvester downscale, byte-identical","recovered by 14_commons_provenance.py: the Commons original after 06_harvest_commons.py's downscale (RGB, max 1024 px, JPEG quality 90)"
casent0101358,Camponotus,test,p,data/images/Camponotus/casent0101358_p.jpg,8cb8f57cb14f6bf2394b0ec99e6fbeb6a86e8105471209ead193f974193e6df9,1024,726,204208,commons,https://upload.wikimedia.org/wikipedia/commons/2/24/Camponotus_concolor_casent0101358_profile_1.jpg,Camponotus concolor casent0101358 profile 1.jpg,76bf4172dbe587dbfa1da52d38c9c8e00ff7bcda,2009-10-21T17:22:46Z,exact,"harvester downscale, byte-identical","recovered by 14_commons_provenance.py: the Commons original after 06_harvest_commons.py's downscale (RGB, max 1024 px, JPEG quality 90)"
casent0101359,Camponotus,train,p,data/images/Camponotus/casent0101359_p.jpg,2cb1a06f0b536eae52e88a0b5b0020a2f5ea51527148227b9decfd5c0d3eb176,1024,664,175979,commons,https://upload.wikimedia.org/wikipedia/commons/4/42/Camponotus_concolor_casent0101359_profile_1.jpg,Camponotus concolor casent0101359 profile 1.jpg,a2da9df40c4f188e1409f8ee97c124b1ca585976,2009-10-19T10:06:33Z,exact,"harvester downscale, byte-identical","recovered by 14_commons_provenance.py: the Commons original after 06_harvest_commons.py's downscale (RGB, max 1024 px, JPEG quality 90)"
casent0101360,Camponotus,train,p,data/images/Camponotus/casent0101360_p.jpg,f272750b06153ca88f8e6e93d3cd9734f7fde1b0f48d0bdf27d8b64dacf7a969,1006,808,271840,commons,https://upload.wikimedia.org/wikipedia/commons/b/b9/Camponotus_nasicus_casent0101360_profile_1.jpg,Camponotus nasicus casent0101360 profile 1.jpg,da32e1d7481ba68b9d88b5cbde9a4cd4493f5302,2009-10-22T08:01:15Z,exact,"harvester downscale, byte-identical","recovered by 14_commons_provenance.py: the Commons original after 06_harvest_commons.py's downscale (RGB, max 1024 px, JPEG quality 90)"
casent0101362,Camponotus,train,p,data/images/Camponotus/casent0101362_p.jpg,bf210afdef7f5858f481d26e0790c9123306bc0ead634d409bb2f08c539f8df9,1024,733,226487,commons,https://upload.wikimedia.org/wikipedia/commons/1/1b/Camponotus_radovae_casent0101362_profile_1.jpg,Camponotus radovae casent0101362 profile 1.jpg,a19a4f26cf8220009a2548efa3f1c85e926e8e94,2009-10-19T00:23:35Z,exact,"harvester downscale, byte-identical","recovered by 14_commons_provenance.py: the Commons original after 06_harvest_commons.py's downscale (RGB, max 1024 px, JPEG quality 90)"
casent0101363,Camponotus,train,p,data/images/Camponotus/casent0101363_p.jpg,ab5c19e93caf16eb3dad474e97084fcabe5667d718e3b53da63bcaa9b6ebeded,1280,769,218679,commons,https://upload.wikimedia.org/wikipedia/commons/4/44/Camponotus_radovae_casent0101363_profile_1.jpg,Camponotus radovae casent0101363 profile 1.jpg,d01eac76735a36e0d2d49b47ff7c6823c2427e35,2009-10-19T09:40:49Z,exact,"Commons server thumbnail, byte-identical","recovered by 14_commons_provenance.py: Commons' own thumbnail of that original (requested at 1024 px, served at the next standard width); not what the current harvester fetches, so most likely an earlier version of it, whose docstring still describes 1024 px thumbnails"
casent0101364,Camponotus,train,p,data/images/Camponotus/casent0101364_p.jpg,865c88e836e443e2f17aca4da8a1501c4a6c3e459169eb7df4ef15678b27af66,1024,771,219097,commons,https://upload.wikimedia.org/wikipedia/commons/f/fa/Camponotus_radovae_casent0101364_profile_1.jpg,Camponotus radovae casent0101364 profile 1.jpg,3b12a913ce1669797e7d9c31f00e87419bc13a2b,2009-10-19T22:12:50Z,exact,"harvester downscale, byte-identical","recovered by 14_commons_provenance.py: the Commons original after 06_harvest_commons.py's downscale (RGB, max 1024 px, JPEG quality 90)"
casent0101365,Camponotus,train,p,data/images/Camponotus/casent0101365_p.jpg,d6f8fb172e00a518f0d57b1b1eab72ecdc1770c8fd3c35cc9c701e7d697d757b,1024,771,176410,commons,https://upload.wikimedia.org/wikipedia/commons/7/7e/Camponotus_imitator_casent0101365_profile_1.jpg,Camponotus imitator casent0101365 profile 1.jpg,94ea497c40f6fef516aeaf5baca152186af8b788,2009-10-18T23:05:25Z,exact,"harvester downscale, byte-identical","recovered by 14_commons_provenance.py: the Commons original after 06_harvest_commons.py's downscale (RGB, max 1024 px, JPEG quality 90)"
casent0101366,Camponotus,train,p,data/images/Camponotus/casent0101366_p.jpg,7aeb5406fe13eb9f6f1c39682b752d0a92d8344932ea84a493fcb6fdc56264eb,1024,771,179194,commons,https://upload.wikimedia.org/wikipedia/commons/5/55/Camponotus_batesii_casent0101366_profile_1.jpg,Camponotus batesii casent0101366 profile 1.jpg,b7122176a6f8c2989a6b2ba675b18603e4a827be,2009-10-19T05:52:47Z,exact,"harvester downscale, byte-identical","recovered by 14_commons_provenance.py: the Commons original after 06_harvest_commons.py's downscale (RGB, max 1024 px, JPEG quality 90)"
casent0101367,Camponotus,train,p,data/images/Camponotus/casent0101367_p.jpg,1e82944641a68c43ce40133f9bbc06d2e07e6cd70eb671e8a0072e9cd7294e81,1014,808,204035,commons,https://upload.wikimedia.org/wikipedia/commons/0/0d/Camponotus_radovae_radovaedarwinii_casent0101367_profile_1.jpg,Camponotus radovae radovaedarwinii casent0101367 profile 1.jpg,a2dea442c4aeb1a6b4d5fedae613d6441398de30,2009-10-19T08:12:15Z,exact,"harvester downscale, byte-identical","recovered by 14_commons_provenance.py: the Commons original after 06_harvest_commons.py's downscale (RGB, max 1024 px, JPEG quality 90)"
casent0101368,Camponotus,train,p,data/images/Camponotus/casent0101368_p.jpg,6c5376f555a89268afa1efe0b9a32e8772cec11e1d12a304cad6d86736f7c4a9,1024,675,219380,commons,https://upload.wikimedia.org/wikipedia/commons/4/4f/Camponotus_grandidieri_casent0101368_profile_1.jpg,Camponotus grandidieri casent0101368 profile 1.jpg,4fc9e001ef447c9a3e996f72b19807e73b08e6aa,2009-10-21T15:33:35Z,exact,"harvester downscale, byte-identical","recovered by 14_commons_provenance.py: the Commons original after 06_harvest_commons.py's downscale (RGB, max 1024 px, JPEG quality 90)"
casent0101369,Camponotus,train,p,data/images/Camponotus/casent0101369_p.jpg,c58abcd424f9a27af1831a717b1f919d27cbf79417a63ad9ebc905de8d3ce05f,1024,675,167195,commons,https://upload.wikimedia.org/wikipedia/commons/3/30/Camponotus_grandidieri_casent0101369_profile_1.jpg,Camponotus grandidieri casent0101369 profile 1.jpg,5670506d17e213c6951365ef431ad7d19dfa3d17,2009-10-22T02:01:02Z,exact,"harvester downscale, byte-identical","recovered by 14_commons_provenance.py: the Commons original after 06_harvest_commons.py's downscale (RGB, max 1024 px, JPEG quality 90)"
casent0101370,Camponotus,train,p,data/images/Camponotus/casent0101370_p.jpg,b2b85371acdc0d1b6ba491a8ca3d0ffb79a6bfa87ba37c9ba92d743855f248ca,1024,771,210429,commons,https://upload.wikimedia.org/wikipedia/commons/2/21/Camponotus_grandidieri_casent0101370_profile_1.jpg,Camponotus grandidieri casent0101370 profile 1.jpg,7a51b129301173b7acea3ee120af782430ba2062,2009-10-19T05:02:05Z,exact,"harvester downscale, byte-identical","recovered by 14_commons_provenance.py: the Commons original after 06_harvest_commons.py's downscale (RGB, max 1024 px, JPEG quality 90)"
casent0101373,Camponotus,train,p,data/images/Camponotus/casent0101373_p.jpg,e6d1b7246c232d48164644f392daff53379f19e68476b14bc79ad4dd57fbcd6d,1024,716,222702,commons,https://upload.wikimedia.org/wikipedia/commons/6/65/Camponotus_nossibeensis_casent0101373_profile_1.jpg,Camponotus nossibeensis casent0101373 profile 1.jpg,527a73dfd2a849aecfb17bb2f0aca994f8cc96ec,2009-10-21T15:45:57Z,exact,"harvester downscale, byte-identical","recovered by 14_commons_provenance.py: the Commons original after 06_harvest_commons.py's downscale (RGB, max 1024 px, JPEG quality 90)"
casent0101374,Camponotus,train,p,data/images/Camponotus/casent0101374_p.jpg,c49359502a43cf9447aba699edca2b70aa5db06ff9b566a1f5fa631b10facc97,1024,799,246113,commons,https://upload.wikimedia.org/wikipedia/commons/e/e6/Camponotus_ursus_casent0101374_profile_1.jpg,Camponotus ursus casent0101374 profile 1.jpg,e0a18fa4b52246f447b5b2a97a0d6a0eb8e89f82,2009-10-19T03:27:58Z,exact,"harvester downscale, byte-identical","recovered by 14_commons_provenance.py: the Commons original after 06_harvest_commons.py's downscale (RGB, max 1024 px, JPEG quality 90)"
casent0101375,Camponotus,test,p,data/images/Camponotus/casent0101375_p.jpg,e14b336ef933fe1dccb034563de1fe7f622d6729ee8930f5ca0158424c6f0dc4,1024,771,230977,commons,https://upload.wikimedia.org/wikipedia/commons/0/0d/Camponotus_ursus_casent0101375_profile_1.jpg,Camponotus ursus casent0101375 profile 1.jpg,3d8357a73102f557b77e557ff4504bad81d69901,2009-10-18T23:35:33Z,exact,"harvester downscale, byte-identical","recovered by 14_commons_provenance.py: the Commons original after 06_harvest_commons.py's downscale (RGB, max 1024 px, JPEG quality 90)"
casent0101376,Camponotus,test,p,data/images/Camponotus/casent0101376_p.jpg,74725b0e83dd5acc4aab16a078e0be9c0ded381492c19a87056ffea2259f456f,1024,704,182103,commons,https://upload.wikimedia.org/wikipedia/commons/3/3b/Camponotus_voeltzkowii_casent0101376_profile_1.jpg,Camponotus voeltzkowii casent0101376 profile 1.jpg,0f53cc28e974788c095236b309d3487ada4fadef,2009-10-22T22:53:16Z,exact,"harvester downscale, byte-identical","recovered by 14_commons_provenance.py: the Commons original after 06_harvest_commons.py's downscale (RGB, max 1024 px, JPEG quality 90)"
casent0101377,Camponotus,train,p,data/images/Camponotus/casent0101377_p.jpg,bcf96f560d558bf8df008a4406a21392269d2446c95e006622d3a4e49a74f35a,1024,651,170164,commons,https://upload.wikimedia.org/wikipedia/commons/2/22/Camponotus_voeltzkowii_casent0101377_profile_1.jpg,Camponotus voeltzkowii casent0101377 profile 1.jpg,f59dfcd2e9cd7e0cd714207107e7d6459a2c21f3,2009-10-20T13:27:05Z,exact,"harvester downscale, byte-identical","recovered by 14_commons_provenance.py: the Commons original after 06_harvest_commons.py's downscale (RGB, max 1024 px, JPEG quality 90)"
casent0101378,Camponotus,train,p,data/images/Camponotus/casent0101378_p.jpg,aa03b482fa5b7bca8bfb00f285aa76175a2c3587b34325893de02a2a2b0f5535,1024,676,164601,commons,https://upload.wikimedia.org/wikipedia/commons/d/da/Camponotus_darwinii_rubropilosus_casent0101378_profile_1.jpg,Camponotus darwinii rubropilosus casent0101378 profile 1.jpg,1d737206eb8d08463f3697d698c8bec419af6184,2009-10-20T19:33:20Z,exact,"harvester downscale, byte-identical","recovered by 14_commons_provenance.py: the Commons original after 06_harvest_commons.py's downscale (RGB, max 1024 px, JPEG quality 90)"
casent0101379,Camponotus,train,p,data/images/Camponotus/casent0101379_p.jpg,114854832df8b3dfcecd9031475a5bd6a34954cc2c839e79682d44f4e5be02e9,1024,685,209909,commons,https://upload.wikimedia.org/wikipedia/commons/4/4e/Camponotus_echinoploides_casent0101379_profile_1.jpg,Camponotus echinoploides casent0101379 profile 1.jpg,0392175841f64ce45026eb487e2b9e8b15fc3579,2009-10-21T01:03:00Z,exact,"harvester downscale, byte-identical","recovered by 14_commons_provenance.py: the Commons original after 06_harvest_commons.py's downscale (RGB, max 1024 px, JPEG quality 90)"
casent0101380,Camponotus,train,p,data/images/Camponotus/casent0101380_p.jpg,2e5684f4bcb15e0a1f8bcf06733bd1cfd55b1eecae554a695b7633928b0a678a,1024,751,180076,commons,https://upload.wikimedia.org/wikipedia/commons/a/a7/Camponotus_darwinii_rubropilosus_casent0101380_profile_1.jpg,Camponotus darwinii rubropilosus casent0101380 profile 1.jpg,aa4996ff9fddd3037a74ee8a8a3691d7e968b014,2009-10-21T19:20:02Z,exact,"harvester downscale, byte-identical","recovered by 14_commons_provenance.py: the Commons original after 06_harvest_commons.py's downscale (RGB, max 1024 px, JPEG quality 90)"
casent0101381,Camponotus,test,p,data/images/Camponotus/casent0101381_p.jpg,ffa35e1da1f19683b367760c9154d370b790eb480a5b812ca1ae1e076d1ae847,1024,655,188880,commons,https://upload.wikimedia.org/wikipedia/commons/0/0c/Camponotus_darwinii_themistocles_casent0101381_profile_1.jpg,Camponotus darwinii themistocles casent0101381 profile 1.jpg,0a87ab7769f3cec54d301839cee7681a61c070fd,2009-10-20T01:23:20Z,exact,"harvester downscale, byte-identical","recovered by 14_commons_provenance.py: the Commons original after 06_harvest_commons.py's downscale (RGB, max 1024 px, JPEG quality 90)"
casent0101382,Camponotus,train,p,data/images/Camponotus/casent0101382_p.jpg,0040a1b006af0aeaeec4cd77b3ae228b7c900cf4091dcfb776775b5c27ac0f3a,1280,718,205766,commons,https://upload.wikimedia.org/wikipedia/commons/a/a6/Camponotus_ellioti_casent0101382_profile_1.jpg,Camponotus ellioti casent0101382 profile 1.jpg,7915799fb2a2f4068746e860e278abbea52e99b8,2009-10-22T17:48:33Z,exact,"Commons server thumbnail, byte-identical","recovered by 14_commons_provenance.py: Commons' own thumbnail of that original (requested at 1024 px, served at the next standard width); not what the current harvester fetches, so most likely an earlier version of it, whose docstring still describes 1024 px thumbnails"
casent0101383,Camponotus,train,p,data/images/Camponotus/casent0101383_p.jpg,a4119604911d6f052444182bc2b92c5170d7aac6162a4378810541b9d630bb82,1024,748,150321,commons,https://upload.wikimedia.org/wikipedia/commons/7/70/Camponotus_niveosetosus_madagascarensis_casent0101383_profile_1.jpg,Camponotus niveosetosus madagascarensis casent0101383 profile 1.jpg,96b3b7c165f3e14083513bcee55165df49069190,2009-10-22T15:06:03Z,exact,"harvester downscale, byte-identical","recovered by 14_commons_provenance.py: the Commons original after 06_harvest_commons.py's downscale (RGB, max 1024 px, JPEG quality 90)"
casent0101384,Camponotus,train,p,data/images/Camponotus/casent0101384_p.jpg,c623723de1299a246729f8065ee4f552759434057e6e4f4becef38eeaae0a884,1024,560,140306,commons,https://upload.wikimedia.org/wikipedia/commons/7/70/Camponotus_edmondi_casent0101384_profile_1.jpg,Camponotus edmondi casent0101384 profile 1.jpg,c4f1c1d29abc0909cd7090c138d3f6c70be8289f,2009-10-19T20:31:16Z,exact,"harvester downscale, byte-identical","recovered by 14_commons_provenance.py: the Commons original after 06_harvest_commons.py's downscale (RGB, max 1024 px, JPEG quality 90)"
casent0101386,Camponotus,train,p,data/images/Camponotus/casent0101386_p.jpg,75c4232b70d64004a038d0f31b9ad6b57b2bedaba138b985ce1650c65081924b,1024,719,200125,commons,https://upload.wikimedia.org/wikipedia/commons/5/54/Camponotus_darwinii_casent0101386_profile_1.jpg,Camponotus darwinii casent0101386 profile 1.jpg,9e80b06a62c0b8880c0d75b7fcc49ceaf38a946f,2009-10-22T06:09:02Z,exact,"harvester downscale, byte-identical","recovered by 14_commons_provenance.py: the Commons original after 06_harvest_commons.py's downscale (RGB, max 1024 px, JPEG quality 90)"
casent0101388,Camponotus,train,p,data/images/Camponotus/casent0101388_p.jpg,a0a14428ce633da4fa91478b140aea82df0cc532d933d93f1981ba19fc3beec0,1024,771,163164,commons,https://upload.wikimedia.org/wikipedia/commons/c/c3/Camponotus_ethicus_casent0101388_profile_1.jpg,Camponotus ethicus casent0101388 profile 1.jpg,241e3aa30e04ec46d4b8a7863296be057eeab338,2009-10-19T03:11:33Z,exact,"harvester downscale, byte-identical","recovered by 14_commons_provenance.py: the Commons original after 06_harvest_commons.py's downscale (RGB, max 1024 px, JPEG quality 90)"
casent0101389,Camponotus,train,p,data/images/Camponotus/casent0101389_p.jpg,5da7a5f6bb2dc413a86d5e2a9c34c7b6e2112ba5925de8ae1f96ae6dabc23f58,1024,771,169623,commons,https://upload.wikimedia.org/wikipedia/commons/e/ea/Camponotus_ethicus_casent0101389_profile_1.jpg,Camponotus ethicus casent0101389 profile 1.jpg,cdf512eaf7087fdd9d2a69e1b602246e21757c03,2009-10-19T21:21:55Z,exact,"harvester downscale, byte-identical","recovered by 14_commons_provenance.py: the Commons original after 06_harvest_commons.py's downscale (RGB, max 1024 px, JPEG quality 90)"
casent0101390,Camponotus,test,p,data/images/Camponotus/casent0101390_p.jpg,1790bd603211b6ef91c68fb56dfd6e9fd86ef23f74457862a451b2ac2a058bc2,1024,741,197727,commons,https://upload.wikimedia.org/wikipedia/commons/5/5f/Camponotus_robustus_casent0101390_profile_1.jpg,Camponotus robustus casent0101390 profile 1.jpg,69a879200d754dbca330fa7a8c419a699caeef54,2009-10-20T19:06:34Z,exact,"harvester downscale, byte-identical","recovered by 14_commons_provenance.py: the Commons original after 06_harvest_commons.py's downscale (RGB, max 1024 px, JPEG quality 90)"
casent0101391,Camponotus,train,p,data/images/Camponotus/casent0101391_p.jpg,f40765e9dbdf0569e1eaa9a73ea30c2d60d98173b316d8b254fc675785240a42,1024,635,202004,commons,https://upload.wikimedia.org/wikipedia/commons/b/bc/Camponotus_darwinii_casent0101391_profile_1.jpg,Camponotus darwinii casent0101391 profile 1.jpg,d7aa520e81aba201f2878b6110bb1c59aa6baacf,2009-10-20T06:57:39Z,exact,"harvester downscale, byte-identical","recovered by 14_commons_provenance.py: the Commons original after 06_harvest_commons.py's downscale (RGB, max 1024 px, JPEG quality 90)"
casent0101392,Camponotus,train,p,data/images/Camponotus/casent0101392_p.jpg,6e126f93f69432eac04dcb96e69dfe90e10a8917fe9aceb990271cfc1c2e4082,1024,660,188321,commons,https://upload.wikimedia.org/wikipedia/commons/e/ea/Camponotus_darwinii_rubropilosus_casent0101392_profile_1.jpg,Camponotus darwinii rubropilosus casent0101392 profile 1.jpg,5995bc35c5e390e3cae0ab5e6489aa1351683f88,2009-10-18T09:30:10Z,exact,"harvester downscale, byte-identical","recovered by 14_commons_provenance.py: the Commons original after 06_harvest_commons.py's downscale (RGB, max 1024 px, JPEG quality 90)"
casent0101393,Camponotus,test,p,data/images/Camponotus/casent0101393_p.jpg,ea348d17af183bd413777e6621efe587b5b516c69cb6021f32fe426276c97a63,998,808,244251,commons,https://upload.wikimedia.org/wikipedia/commons/8/8d/Camponotus_darwinii_rubropilosus_casent0101393_profile_1.jpg,Camponotus darwinii rubropilosus casent0101393 profile 1.jpg,665c6b841810fefe58bb8ab71f0a2043713ad40c,2009-10-21T03:01:43Z,exact,"harvester downscale, byte-identical","recovered by 14_commons_provenance.py: the Commons original after 06_harvest_commons.py's downscale (RGB, max 1024 px, JPEG quality 90)"
casent0101395,Tetraponera,train,p,data/images/Tetraponera/casent0101395_p.jpg,06d7427210f2bfbdb9326e6414c1a6f507f0771e9a5838895d91dae3da34876b,1024,730,244437,commons,https://upload.wikimedia.org/wikipedia/commons/c/cc/Tetraponera_sahlbergi_longula_casent0101395_profile_1.jpg,Tetraponera sahlbergi longula casent0101395 profile 1.jpg,643fcf6761bbec0527c0117cba6fdf25e920dbff,2009-10-19T21:28:06Z,exact,"harvester downscale, byte-identical","recovered by 14_commons_provenance.py: the Commons original after 06_harvest_commons.py's downscale (RGB, max 1024 px, JPEG quality 90)"
casent0101396,Tetraponera,test,p,data/images/Tetraponera/casent0101396_p.jpg,a7881e3164b8d99433cddc2a3ff058e96e995fa4d9ad894b3c2434d84c328f33,1280,626,215744,commons,https://upload.wikimedia.org/wikipedia/commons/8/80/Tetraponera_demens_casent0101396_profile_1.jpg,Tetraponera demens casent0101396 profile 1.jpg,fca1c8dfa4161b9294acedb2df6071b9bf642d4d,2009-10-20T22:58:17Z,exact,"Commons server thumbnail, byte-identical","recovered by 14_commons_provenance.py: Commons' own thumbnail of that original (requested at 1024 px, served at the next standard width); not what the current harvester fetches, so most likely an earlier version of it, whose docstring still describes 1024 px thumbnails"
casent0101398,Leptogenys,train,p,data/images/Leptogenys/casent0101398_p.jpg,7af86e75c28fdfebe6052ca87ec4b168655813f445dc248cb76be412ef8ab26c,1024,625,124369,commons,https://upload.wikimedia.org/wikipedia/commons/9/90/Leptogenys_voeltzkowi_casent0101398_profile_1.jpg,Leptogenys voeltzkowi casent0101398 profile 1.jpg,9d65341d755126015a6ed4c6188f6d93be9a84ab,2009-10-20T17:50:51Z,exact,"harvester downscale, byte-identical","recovered by 14_commons_provenance.py: the Commons original after 06_harvest_commons.py's downscale (RGB, max 1024 px, JPEG quality 90)"
casent0101401,Pachycondyla,test,p,data/images/Pachycondyla/casent0101401_p.jpg,6d3a3f89848c201e1de0fc179b960c63e9dc9ebd5de18852a42a7856402b1038,1024,543,113773,commons,https://upload.wikimedia.org/wikipedia/commons/2/29/Bothroponera_perroti_casent0101401_profile_1.jpg,Bothroponera perroti casent0101401 profile 1.jpg,43b3266bdadf1c7ca0710c1e844f47c1f79dcf22,2009-10-21T02:31:22Z,exact,"harvester downscale, byte-identical","recovered by 14_commons_provenance.py: the Commons original after 06_harvest_commons.py's downscale (RGB, max 1024 px, JPEG quality 90)"
casent0101403,Pachycondyla,train,p,data/images/Pachycondyla/casent0101403_p.jpg,d8e37a5712f16f9079ce64aed2c191bb6baabed1ce84248330f4089f6c37c2a1,1024,604,132899,commons,https://upload.wikimedia.org/wikipedia/commons/8/8c/Pachycondyla_sikorae_casent0101403_profile_1.jpg,Pachycondyla sikorae casent0101403 profile 1.jpg,7deac2109677bad28e2afc119f5bbb3c2576d51e,2009-10-22T14:47:24Z,exact,"harvester downscale, byte-identical","recovered by 14_commons_provenance.py: the Commons original after 06_harvest_commons.py's downscale (RGB, max 1024 px, JPEG quality 90)"
casent0101404,Bothroponera,train,p,data/images/Bothroponera/casent0101404_p.jpg,050bf4954033a7ab7e9d2070c873a0f0526af320e0b7daeee16fa3af60d07d57,1024,689,169261,commons,https://upload.wikimedia.org/wikipedia/commons/5/56/Pachycondyla_cambouei_casent0101404_profile_1.jpg,Pachycondyla cambouei casent0101404 profile 1.jpg,343d8ad03154b045cc80a1d62b0138733661900a,2009-10-19T22:39:40Z,exact,"harvester downscale, byte-identical","recovered by 14_commons_provenance.py: the Commons original after 06_harvest_commons.py's downscale (RGB, max 1024 px, JPEG quality 90)"
casent0101405,Hypoponera,test,p,data/images/Hypoponera/casent0101405_p.jpg,72e89dcafb8ba42fe62107c3f7d11b225c608f11ce26f6813ca658d29a8af430,1024,572,124583,commons,https://upload.wikimedia.org/wikipedia/commons/6/61/Hypoponera_sakalava_casent0101405_profile_1.jpg,Hypoponera sakalava casent0101405 profile 1.jpg,b91080da17a645a7af9a881de969644be6bc58ce,2009-10-19T22:38:38Z,exact,"harvester downscale, byte-identical","recovered by 14_commons_provenance.py: the Commons original after 06_harvest_commons.py's downscale (RGB, max 1024 px, JPEG quality 90)"
casent0101406,Bothroponera,test,p,data/images/Bothroponera/casent0101406_p.jpg,ab106fc165f60b081c681ad3cfe7c0697939d178dd666c6ce50a65e901a9a522,1024,507,130277,commons,https://upload.wikimedia.org/wikipedia/commons/1/15/Pachycondyla_comorensis_casent0101406_profile_1.jpg,Pachycondyla comorensis casent0101406 profile 1.jpg,14f795ca9e96c814578959fe93efb01c98636099,2009-10-22T11:36:26Z,exact,"harvester downscale, byte-identical","recovered by 14_commons_provenance.py: the Commons original after 06_harvest_commons.py's downscale (RGB, max 1024 px, JPEG quality 90)"
casent0101407,Bothroponera,train,p,data/images/Bothroponera/casent0101407_p.jpg,d07dd2274048777f46d507db5707aad1fff9869b695802b6de99932ace9364cb,1024,574,156520,commons,https://upload.wikimedia.org/wikipedia/commons/c/c8/Pachycondyla_comorensis_casent0101407_profile_1.jpg,Pachycondyla comorensis casent0101407 profile 1.jpg,8a41ea766c37dc08b15f6f3775dd2cd090fdbe21,2009-10-21T18:58:02Z,exact,"harvester downscale, byte-identical","recovered by 14_commons_provenance.py: the Commons original after 06_harvest_commons.py's downscale (RGB, max 1024 px, JPEG quality 90)"
casent0101409,Crematogaster,train,p,data/images/Crematogaster/casent0101409_p.jpg,d8ebe49bb75abff06eb683972b6743dce1010899cb43574e0e90a0740d4c05ea,1280,683,230854,commons,https://upload.wikimedia.org/wikipedia/commons/7/75/Crematogaster_madagascariensis_casent0101409_profile_1.jpg,Crematogaster madagascariensis casent0101409 profile 1.jpg,fb32d97f6e4224ee90a564e0435aec9f0f60dfd1,2009-10-21T01:41:32Z,exact,"Commons server thumbnail, byte-identical","recovered by 14_commons_provenance.py: Commons' own thumbnail of that original (requested at 1024 px, served at the next standard width); not what the current harvester fetches, so most likely an earlier version of it, whose docstring still describes 1024 px thumbnails"
casent0101410,Crematogaster,train,p,data/images/Crematogaster/casent0101410_p.jpg,52be6691ad1a53a3b578240e2554e0ed9d28856857abaeb7195e224271735274,1024,442,98455,commons,https://upload.wikimedia.org/wikipedia/commons/f/fd/Crematogaster_madagascariensis_casent0101410_profile_1.jpg,Crematogaster madagascariensis casent0101410 profile 1.jpg,35f74f5c7095db321347b5eab4999c2699ec2945,2009-10-18T17:28:44Z,exact,"harvester downscale, byte-identical","recovered by 14_commons_provenance.py: the Commons original after 06_harvest_commons.py's downscale (RGB, max 1024 px, JPEG quality 90)"
casent0101413,Camponotus,train,p,data/images/Camponotus/casent0101413_p.jpg,06957c643fb4d3441f51836980a62b9ea5a946786d7b5e3a7e93a9b4cab7dbda,1024,717,199070,commons,https://upload.wikimedia.org/wikipedia/commons/a/a2/Camponotus_legionarium_casent0101413_profile_1.jpg,Camponotus legionarium casent0101413 profile 1.jpg,8bdc6bde9ec702ff6d3cc4dc5a2de14ef1e10d68,2009-10-18T13:41:20Z,exact,"harvester downscale, byte-identical","recovered by 14_commons_provenance.py: the Commons original after 06_harvest_commons.py's downscale (RGB, max 1024 px, JPEG quality 90)"
casent0101416,Nylanderia,test,p,data/images/Nylanderia/casent0101416_p.jpg,18bf3fec1cde906e44a4b6a8b33bc8c732fbb656218954e946f3f7c9bf6452a6,1024,728,163196,commons,https://upload.wikimedia.org/wikipedia/commons/9/99/Paratrechina_madagascarensis_ellisii_casent0101416_profile_1.jpg,Paratrechina madagascarensis ellisii casent0101416 profile 1.jpg,284fb39d29308d10faaff5014e0b2fdfb2f9881e,2009-10-19T16:05:20Z,exact,"harvester downscale, byte-identical","recovered by 14_commons_provenance.py: the Commons original after 06_harvest_commons.py's downscale (RGB, max 1024 px, JPEG quality 90)"
casent0101419,Pheidole,train,p,data/images/Pheidole/casent0101419_p.jpg,1bdb92f9c68eb4f07a68ade318252c10b04194269f2fd5d1c111ebb24db4bf6e,1024,684,171880,commons,https://upload.wikimedia.org/wikipedia/commons/9/93/Pheidole_longispinosa_casent0101419_profile_1.jpg,Pheidole longispinosa casent0101419 profile 1.jpg,6d60954bba21e84a8368b1f801eafe3c6a32ff23,2009-10-18T18:10:18Z,exact,"harvester downscale, byte-identical","recovered by 14_commons_provenance.py: the Commons original after 06_harvest_commons.py's downscale (RGB, max 1024 px, JPEG quality 90)"
casent0101421,Camponotus,train,p,data/images/Camponotus/casent0101421_p.jpg,f36d1a4de1b89ddcd62fc4c5c17e59f5e108b7687212ab8853bc7d7116d89a16,1024,1024,119608,gbif_cache,https://api.gbif.org/v1/image/cache/1024x1024/occurrence/865114777/media/f767c89acf8e30f237aea9da09e66dec,,,,,,GBIF image cache of https://www.antweb.org/images/casent0101421/casent0101421_p_1_high.jpg; download success recorded in download_status.csv; size variant (1024x1024 or original) not recorded
casent0101423,Camponotus,train,p,data/images/Camponotus/casent0101423_p.jpg,91164ea9fa98b53ece4a1c604851e0e06c72eade0eb60ec3a1b87968bd230665,1024,771,141935,commons,https://upload.wikimedia.org/wikipedia/commons/a/af/Camponotus_dromedarius_casent0101423_profile_1.jpg,Camponotus dromedarius casent0101423 profile 1.jpg,80adc1222f6415ed41fec904110b2db7a6c1cf9b,2009-10-21T12:38:04Z,exact,"harvester downscale, byte-identical","recovered by 14_commons_provenance.py: the Commons original after 06_harvest_commons.py's downscale (RGB, max 1024 px, JPEG quality 90)"
casent0101424,Camponotus,train,p,data/images/Camponotus/casent0101424_p.jpg,5a7603bc5270353f41b8409828d0c6e847991fb8dcb0295a5bed37880e629eea,1024,771,197905,commons,https://upload.wikimedia.org/wikipedia/commons/7/72/Camponotus_voeltzkowii_casent0101424_profile_1.jpg,Camponotus voeltzkowii casent0101424 profile 1.jpg,f03965c75a9e1e39e03e1aaf322074049a187092,2009-10-21T14:23:16Z,exact,"harvester downscale, byte-identical","recovered by 14_commons_provenance.py: the Commons original after 06_harvest_commons.py's downscale (RGB, max 1024 px, JPEG quality 90)"
casent0101425,Camponotus,train,p,data/images/Camponotus/casent0101425_p.jpg,8c7cd11bdff89b604d9e26975ab2836164e4c6c5742c405d0b730c77f5d844b4,1024,771,187291,commons,https://upload.wikimedia.org/wikipedia/commons/7/7c/Camponotus_nossibeensis_casent0101425_profile_1.jpg,Camponotus nossibeensis casent0101425 profile 1.jpg,dbe376bfcba3bb8da72e233f110077ab44d85a8c,2009-10-18T10:29:29Z,exact,"harvester downscale, byte-identical","recovered by 14_commons_provenance.py: the Commons original after 06_harvest_commons.py's downscale (RGB, max 1024 px, JPEG quality 90)"
casent0101426,Camponotus,train,p,data/images/Camponotus/casent0101426_p.jpg,42965fd5d239f5a85ff9a250cb14a7c8f72bbee59a431d0d544600284f7b4603,1024,1024,133633,gbif_cache,https://api.gbif.org/v1/image/cache/1024x1024/occurrence/865114857/media/1affcd9aca76e6f30c969c06e23897fb,,,,,,GBIF image cache of https://www.antweb.org/images/casent0101426/casent0101426_p_1_high.jpg; download success recorded in download_status.csv; size variant (1024x1024 or original) not recorded
casent0101427,Camponotus,train,p,data/images/Camponotus/casent0101427_p.jpg,ebe2af27f73ad40f323be27358fd4e3609368041acc505b9997979494f952a5d,1024,1024,132953,gbif_cache,https://api.gbif.org/v1/image/cache/1024x1024/occurrence/865114874/media/dcdfdceadc9bc7a5401f157b485bef25,,,,,,GBIF image cache of https://www.antweb.org/images/casent0101427/casent0101427_p_1_high.jpg; download success recorded in download_status.csv; size variant (1024x1024 or original) not recorded
casent0101429,Camponotus,train,p,data/images/Camponotus/casent0101429_p.jpg,1fd5086e050d3b798111293e0c18dacd4ab5e95331380e0e02b2a68a5dcdece9,1024,1024,137993,gbif_cache,https://api.gbif.org/v1/image/cache/1024x1024/occurrence/865114911/media/344d2d6e34f0141723f9d63275095298,,,,,,GBIF image cache of https://www.antweb.org/images/casent0101429/casent0101429_p_1_high.jpg; download success recorded in download_status.csv; size variant (1024x1024 or original) not recorded
casent0101430,Camponotus,train,p,data/images/Camponotus/casent0101430_p.jpg,1813688fa4f98a3264db634290c54064a711991afc17c0d42f8afc72cc4a834a,1024,741,176633,commons,https://upload.wikimedia.org/wikipedia/commons/6/64/Camponotus_nasicus_casent0101430_profile_1.jpg,Camponotus nasicus casent0101430 profile 1.jpg,450cf5a0e17922a9be81fcecaa1c5b2936339280,2009-10-22T07:25:47Z,exact,"harvester downscale, byte-identical","recovered by 14_commons_provenance.py: the Commons original after 06_harvest_commons.py's downscale (RGB, max 1024 px, JPEG quality 90)"
casent0101431,Camponotus,test,p,data/images/Camponotus/casent0101431_p.jpg,cccd2efa16d3fcdcc0dde44ddd22fe5a75474be7fa0425c34ac86f64340970a1,1024,753,214789,commons,https://upload.wikimedia.org/wikipedia/commons/6/6d/Camponotus_nasicus_casent0101431_profile_1.jpg,Camponotus nasicus casent0101431 profile 1.jpg,deb2cf4ee33d48c6ab59ac502793327152e4ef01,2009-10-20T18:14:42Z,exact,"harvester downscale, byte-identical","recovered by 14_commons_provenance.py: the Commons original after 06_harvest_commons.py's downscale (RGB, max 1024 px, JPEG quality 90)"
casent0101432,Camponotus,test,p,data/images/Camponotus/casent0101432_p.jpg,af1dd70f367e9d74eef35129a68ef23351309f2e190c075564652eaedfaf1d66,1024,644,136855,commons,https://upload.wikimedia.org/wikipedia/commons/a/a6/Camponotus_hova_hovoides_casent0101432_profile_1.jpg,Camponotus hova hovoides casent0101432 profile 1.jpg,d00cccd061dc774e01d3833b5a2cc20cf2626dea,2009-10-20T18:06:35Z,exact,"harvester downscale, byte-identical","recovered by 14_commons_provenance.py: the Commons original after 06_harvest_commons.py's downscale (RGB, max 1024 px, JPEG quality 90)"
casent0101435,Camponotus,train,p,data/images/Camponotus/casent0101435_p.jpg,15bb60e45248758faaacb3decc595f14cf6c0e2f13f7534899e5d042e36b1769,1024,685,153860,commons,https://upload.wikimedia.org/wikipedia/commons/f/f2/Camponotus_christi_casent0101435_profile_1.jpg,Camponotus christi casent0101435 profile 1.jpg,7f283c06834aaa7061af825f3d5f00854d8a2efa,2009-10-22T20:13:53Z,exact,"harvester downscale, byte-identical","recovered by 14_commons_provenance.py: the Commons original after 06_harvest_commons.py's downscale (RGB, max 1024 px, JPEG quality 90)"
casent0101436,Camponotus,train,p,data/images/Camponotus/casent0101436_p.jpg,d524886e920f2ba62ebfe1df9d0c93d0466d7540c78d435a21fee214f70689a1,1024,685,146530,commons,https://upload.wikimedia.org/wikipedia/commons/f/f8/Camponotus_christi_casent0101436_profile_1.jpg,Camponotus christi casent0101436 profile 1.jpg,9b09473b656dbb1f90cbb4d02337104ac08ff1f2,2009-10-20T20:36:08Z,exact,"harvester downscale, byte-identical","recovered by 14_commons_provenance.py: the Commons original after 06_harvest_commons.py's downscale (RGB, max 1024 px, JPEG quality 90)"
casent0101437,Camponotus,test,p,data/images/Camponotus/casent0101437_p.jpg,b6e2c9d6ff13af9a972eea042a7e36d7ccc5b2818c00246bdeaa012b26b83b63,1024,771,164890,commons,https://upload.wikimedia.org/wikipedia/commons/c/ce/Camponotus_lubbocki_casent0101437_profile_1.jpg,Camponotus lubbocki casent0101437 profile 1.jpg,60d36a839ba845bf9b9ad6bbae6e33a89101b691,2009-10-19T16:58:21Z,exact,"harvester downscale, byte-identical","recovered by 14_commons_provenance.py: the Commons original after 06_harvest_commons.py's downscale (RGB, max 1024 px, JPEG quality 90)"
casent0101438,Camponotus,test,p,data/images/Camponotus/casent0101438_p.jpg,5d6deff0b1b457aab0cda43a360a58bb78d5101ecd8b45000850bf3c18c17629,1024,686,143249,commons,https://upload.wikimedia.org/wikipedia/commons/7/78/Camponotus_lubbocki_casent0101438_profile_1.jpg,Camponotus lubbocki casent0101438 profile 1.jpg,643c5a1ee5cf594332a3709107b167e5c4a390ee,2009-10-20T09:36:46Z,exact,"harvester downscale, byte-identical","recovered by 14_commons_provenance.py: the Commons original after 06_harvest_commons.py's downscale (RGB, max 1024 px, JPEG quality 90)"
casent0101439,Camponotus,test,p,data/images/Camponotus/casent0101439_p.jpg,13b9bc1a9b933cc771040cd6ec18bcdc0ec406be2ac21af48ac66313d9fad654,1024,771,149238,commons,https://upload.wikimedia.org/wikipedia/commons/f/f5/Camponotus_gibber_casent0101439_profile_1.jpg,Camponotus gibber casent0101439 profile 1.jpg,edbc5ba5b6f39549d4a74121dc6126e82cf95164,2009-10-18T22:03:36Z,exact,"harvester downscale, byte-identical","recovered by 14_commons_provenance.py: the Commons original after 06_harvest_commons.py's downscale (RGB, max 1024 px, JPEG quality 90)"
casent0101440,Camponotus,train,p,data/images/Camponotus/casent0101440_p.jpg,e55f71ee7203a834836ff9f7eaa36e6ac67aacca7bba289cfa31044c181b4b15,1024,660,155014,commons,https://upload.wikimedia.org/wikipedia/commons/b/bc/Camponotus_gibber_casent0101440_profile_1.jpg,Camponotus gibber casent0101440 profile 1.jpg,75476ffe34b305cd89d681e835492d7294e0260c,2009-10-22T02:57:01Z,exact,"harvester downscale, byte-identical","recovered by 14_commons_provenance.py: the Commons original after 06_harvest_commons.py's downscale (RGB, max 1024 px, JPEG quality 90)"
casent0101441,Camponotus,train,p,data/images/Camponotus/casent0101441_p.jpg,91244ed264c857235e46bfba4a75903414217542281fec2024a4731702d0b43b,1024,655,130109,commons,https://upload.wikimedia.org/wikipedia/commons/b/b9/Camponotus_christi_foersteri_casent0101441_profile_1.jpg,Camponotus christi foersteri casent0101441 profile 1.jpg,44dbee30b321d7f0db59a2248c59e482e29b8d78,2009-10-21T20:56:18Z,exact,"harvester downscale, byte-identical","recovered by 14_commons_provenance.py: the Commons original after 06_harvest_commons.py's downscale (RGB, max 1024 px, JPEG quality 90)"
casent0101448,Mystrium,train,p,data/images/Mystrium/casent0101448_p.jpg,bf5bc5f43629205a5a74e8fc99b7fd2a33984bfee9580fa6405e77319c5fc3fe,1024,771,161804,commons,https://upload.wikimedia.org/wikipedia/commons/8/86/Mystrium_voeltzkowi_casent0101448_profile_1.jpg,Mystrium voeltzkowi casent0101448 profile 1.jpg,2dca9b38b2945b6a1e963d392b5b827dd5251470,2009-10-19T10:43:29Z,exact,"harvester downscale, byte-identical","recovered by 14_commons_provenance.py: the Commons original after 06_harvest_commons.py's downscale (RGB, max 1024 px, JPEG quality 90)"
casent0101461,Cardiocondyla,train,p,data/images/Cardiocondyla/casent0101461_p.jpg,d2958ebcf92b1bc1a0a1eaa7619ef5504db4ff4d6b3fbe9bdfa3442609422373,1024,659,130580,commons,https://upload.wikimedia.org/wikipedia/commons/8/88/Cardiocondyla_shuckardi_casent0101461_profile_1.jpg,Cardiocondyla shuckardi casent0101461 profile 1.jpg,a276aa63b03dad9d578510c9896a2e3646e69564,2009-10-20T10:25:25Z,exact,"harvester downscale, byte-identical","recovered by 14_commons_provenance.py: the Commons original after 06_harvest_commons.py's downscale (RGB, max 1024 px, JPEG quality 90)"
casent0101467,Technomyrmex,test,p,data/images/Technomyrmex/casent0101467_p.jpg,ade888da2051399238a2336483fa5b5baf31a80086a9edb0e054ad7ff880f811,1280,704,153213,commons,https://upload.wikimedia.org/wikipedia/commons/e/ec/Technomyrmex_albipes_casent0101467_profile_1.jpg,Technomyrmex albipes casent0101467 profile 1.jpg,bb1a3f55a2f675daebade3f3aa4acb875acbda96,2009-10-21T21:39:25Z,exact,"Commons server thumbnail, byte-identical","recovered by 14_commons_provenance.py: Commons' own thumbnail of that original (requested at 1024 px, served at the next standard width); not what the current harvester fetches, so most likely an earlier version of it, whose docstring still describes 1024 px thumbnails"
casent0101468,Tapinoma,test,p,data/images/Tapinoma/casent0101468_p.jpg,1a4ddf85d8267c0b6f0859e42e742e4af13fb386a3a0e41427b2d33242ed523f,1024,771,146073,commons,https://upload.wikimedia.org/wikipedia/commons/2/23/Tapinoma_melanocephalum_casent0101468_profile_1.jpg,Tapinoma melanocephalum casent0101468 profile 1.jpg,14b3cb6345ec327a7d0cbe34a76f829998f6d2ea,2009-10-20T09:14:19Z,exact,"harvester downscale, byte-identical","recovered by 14_commons_provenance.py: the Commons original after 06_harvest_commons.py's downscale (RGB, max 1024 px, JPEG quality 90)"
casent0101472,Monomorium,test,p,data/images/Monomorium/casent0101472_p.jpg,dc258ee17bad9c31d40dad5bf9710c00ba1a6f52b41d0d92121059a8b13cb112,1024,655,170762,commons,https://upload.wikimedia.org/wikipedia/commons/a/a8/Monomorium_pharaonis_casent0101472_profile_1.jpg,Monomorium pharaonis casent0101472 profile 1.jpg,519a1dcf4b2b27c7fb7355730695fced251b9233,2009-10-19T10:18:22Z,exact,"harvester downscale, byte-identical","recovered by 14_commons_provenance.py: the Commons original after 06_harvest_commons.py's downscale (RGB, max 1024 px, JPEG quality 90)"
casent0101473,Monomorium,train,p,data/images/Monomorium/casent0101473_p.jpg,8ac9a42f992f95a3f3136ed233fcbba3b8df5d2beac19b96b3eac6fe8c77ac9e,1024,489,95740,commons,https://upload.wikimedia.org/wikipedia/commons/8/8e/Trichomyrmex_destructor_casent0101473_profile_1.jpg,Trichomyrmex destructor casent0101473 profile 1.jpg,d9c1128d5bd96c8d4a86203a2096e9d3b2576561,2009-10-19T06:35:04Z,exact,"harvester downscale, byte-identical","recovered by 14_commons_provenance.py: the Commons original after 06_harvest_commons.py's downscale (RGB, max 1024 px, JPEG quality 90)"
casent0101474,Monomorium,train,p,data/images/Monomorium/casent0101474_p.jpg,6a0bab85354b815c3d6b451fdf444f472e7b45b1f3331c9947b0bfead5c065e2,1024,771,155347,commons,https://upload.wikimedia.org/wikipedia/commons/3/36/Trichomyrmex_destructor_casent0101474_profile_1.jpg,Trichomyrmex destructor casent0101474 profile 1.jpg,54575aec59df8c6242060156fc8b848665b51515,2009-10-19T23:57:54Z,exact,"harvester downscale, byte-identical","recovered by 14_commons_provenance.py: the Commons original after 06_harvest_commons.py's downscale (RGB, max 1024 px, JPEG quality 90)"
casent0101475,Crematogaster,train,p,data/images/Crematogaster/casent0101475_p.jpg,336e783e3272c65e039096e7a50ae7b0c62e3cc8cc4fd1356844f3b75eadec50,1024,715,133212,commons,https://upload.wikimedia.org/wikipedia/commons/f/f0/Crematogaster_schencki_casent0101475_profile_1.jpg,Crematogaster schencki casent0101475 profile 1.jpg,45e94111ee3bef1723018b1edf532a662d86325f,2009-10-20T13:49:25Z,exact,"harvester downscale, byte-identical","recovered by 14_commons_provenance.py: the Commons original after 06_harvest_commons.py's downscale (RGB, max 1024 px, JPEG quality 90)"
casent0101476,Tetramorium,train,p,data/images/Tetramorium/casent0101476_p.jpg,0f956bbb032e67a9a4d64a068c34ab33b394691b343923de61abab628c843602,1024,528,128110,commons,https://upload.wikimedia.org/wikipedia/commons/6/66/Tetramorium_quadrispinosum_casent0101476_profile_1.jpg,Tetramorium quadrispinosum casent0101476 profile 1.jpg,197695482606a7cd9a9e6cd235a0ba01010d8303,2009-10-22T18:41:59Z,exact,"harvester downscale, byte-identical","recovered by 14_commons_provenance.py: the Commons original after 06_harvest_commons.py's downscale (RGB, max 1024 px, JPEG quality 90)"
casent0101477,Camponotus,train,p,data/images/Camponotus/casent0101477_p.jpg,ed165cfaaf1f020713cbb6f4c7e34cb4ad8b58b3fac69cc1c047200a44ba115a,1024,715,185652,commons,https://upload.wikimedia.org/wikipedia/commons/2/22/Camponotus_edmondi_casent0101477_profile_1.jpg,Camponotus edmondi casent0101477 profile 1.jpg,f21120418dda748b71a802129e0f2ddeff17a5df,2009-10-21T20:57:35Z,exact,"harvester downscale, byte-identical","recovered by 14_commons_provenance.py: the Commons original after 06_harvest_commons.py's downscale (RGB, max 1024 px, JPEG quality 90)"
casent0101478,Camponotus,train,p,data/images/Camponotus/casent0101478_p.jpg,fd02c530740492cae8a3d9b36f15be7ddaff9b031ac69e989317b90b4147ac4a,1024,636,166400,commons,https://upload.wikimedia.org/wikipedia/commons/3/32/Camponotus_edmondi_casent0101478_profile_1.jpg,Camponotus edmondi casent0101478 profile 1.jpg,e8d686914fb0742ebc26dffc07e455c92d20e1ae,2009-10-22T14:26:21Z,exact,"harvester downscale, byte-identical","recovered by 14_commons_provenance.py: the Commons original after 06_harvest_commons.py's downscale (RGB, max 1024 px, JPEG quality 90)"
casent0101480,Tetramorium,train,p,data/images/Tetramorium/casent0101480_p.jpg,7e8c30d3f63a7dd55a5a8adea735f63d9b18e6de83053acbe6237be0cd7d9854,1024,412,105257,commons,https://upload.wikimedia.org/wikipedia/commons/2/26/Tetramorium_bicarinatum_casent0101480_profile_1.jpg,Tetramorium bicarinatum casent0101480 profile 1.jpg,782d1fc38001e73f393058260ffefdabb450c15d,2009-10-20T15:54:57Z,exact,"harvester downscale, byte-identical","recovered by 14_commons_provenance.py: the Commons original after 06_harvest_commons.py's downscale (RGB, max 1024 px, JPEG quality 90)"
casent0101481,Camponotus,train,p,data/images/Camponotus/casent0101481_p.jpg,9d12c84e18010db3bff9c843f140a18cde007b5673da1d3f156ff60e9b12c6c8,1024,771,173031,commons,https://upload.wikimedia.org/wikipedia/commons/a/a9/Camponotus_robustus_casent0101481_profile_1.jpg,Camponotus robustus casent0101481 profile 1.jpg,edd1a91d5db38f3a3472e15e424c5e0f84383ab6,2009-10-20T03:00:29Z,exact,"harvester downscale, byte-identical","recovered by 14_commons_provenance.py: the Commons original after 06_harvest_commons.py's downscale (RGB, max 1024 px, JPEG quality 90)"
casent0101482,Aphaenogaster,train,p,data/images/Aphaenogaster/casent0101482_p.jpg,4e36d7469eb37dd1dc04aa823f969c0e77b53752dc35e7cf070150ba333f2242,1024,793,111522,commons,https://upload.wikimedia.org/wikipedia/commons/a/ac/Aphaenogaster_swammerdami_clara_casent0101482_profile_1.jpg,Aphaenogaster swammerdami clara casent0101482 profile 1.jpg,99ec90e5617155a4e838404778aa2004b4761546,2009-10-20T02:46:50Z,exact,"harvester downscale, byte-identical","recovered by 14_commons_provenance.py: the Commons original after 06_harvest_commons.py's downscale (RGB, max 1024 px, JPEG quality 90)"
casent0101483,Tetramorium,train,p,data/images/Tetramorium/casent0101483_p.jpg,3439c5ae86906d426c8e264a1ea52569bd06ee4bb2f94cfe3bbbd0b1f125e257,1280,655,208628,commons,https://upload.wikimedia.org/wikipedia/commons/0/08/Tetramorium_sericeiventre_casent0101483_profile_1.jpg,Tetramorium sericeiventre casent0101483 profile 1.jpg,19908cf452d5bea33da6b0b1e1d876a7851342c7,2009-10-20T17:47:34Z,exact,"Commons server thumbnail, byte-identical","recovered by 14_commons_provenance.py: Commons' own thumbnail of that original (requested at 1024 px, served at the next standard width); not what the current harvester fetches, so most likely an earlier version of it, whose docstring still describes 1024 px thumbnails"
casent0101484,Tetramorium,train,p,data/images/Tetramorium/casent0101484_p.jpg,ae284bbdb4dbc61cedabb05ea15e61053b088b051b3bfea03b988640006d5ef4,1024,1024,145443,gbif_cache,https://api.gbif.org/v1/image/cache/1024x1024/occurrence/865114176/media/d8458021b74eae99a62415ed83013514,,,,,,GBIF image cache of https://www.antweb.org/images/casent0101484/casent0101484_p_1_high.jpg; download success recorded in download_status.csv; size variant (1024x1024 or original) not recorded
casent0101488,Nylanderia,train,p,data/images/Nylanderia/casent0101488_p.jpg,ece302b4352efb213430902eaf59803d3fca3bb89be05c9d879812d89d1d8730,1024,1024,133429,gbif_cache,https://api.gbif.org/v1/image/cache/1024x1024/occurrence/865114276/media/16d986875d16faa099f274cc54ddc31c,,,,,,GBIF image cache of https://www.antweb.org/images/casent0101488/casent0101488_p_1_high.jpg; download success recorded in download_status.csv; size variant (1024x1024 or original) not recorded
casent0101492,Camponotus,train,p,data/images/Camponotus/casent0101492_p.jpg,921b8e394b4a66406d88db3b9d7cd7663af206399ee686d1d0e932cc02956c4b,1024,633,143773,commons,https://upload.wikimedia.org/wikipedia/commons/2/2e/Camponotus_hagensii_casent0101492_profile_1.jpg,Camponotus hagensii casent0101492 profile 1.jpg,9e0d576b5ab2734485dc70384da043a0ea89c33a,2009-10-19T20:08:11Z,exact,"harvester downscale, byte-identical","recovered by 14_commons_provenance.py: the Commons original after 06_harvest_commons.py's downscale (RGB, max 1024 px, JPEG quality 90)"
casent0101494,Camponotus,train,p,data/images/Camponotus/casent0101494_p.jpg,6e37ffe7f2d1dc81c364221b40e9a4ad9ebe8b616d9b554237f6edde06508be5,1024,771,192721,commons,https://upload.wikimedia.org/wikipedia/commons/5/57/Camponotus_hagensii_casent0101494_profile_1.jpg,Camponotus hagensii casent0101494 profile 1.jpg,eb4eaf3411ea9da5ad9f920222d0fbb142712cc8,2009-10-18T19:14:26Z,exact,"harvester downscale, byte-identical","recovered by 14_commons_provenance.py: the Commons original after 06_harvest_commons.py's downscale (RGB, max 1024 px, JPEG quality 90)"
casent0101511,Camponotus,test,p,data/images/Camponotus/casent0101511_p.jpg,cf99bb5cd5857dcaf3bdb1a8bbef5b1fb156e7d858b08fd5cc96ffd9167baa7a,1024,707,144580,commons,https://upload.wikimedia.org/wikipedia/commons/e/e3/Camponotus_mocquerysi_casent0101511_profile_1.jpg,Camponotus mocquerysi casent0101511 profile 1.jpg,e4b87c96a17f80bb48a7a810c928c3cd9f0d22d0,2009-10-20T08:52:38Z,exact,"harvester downscale, byte-identical","recovered by 14_commons_provenance.py: the Commons original after 06_harvest_commons.py's downscale (RGB, max 1024 px, JPEG quality 90)"
casent0101512,Camponotus,train,p,data/images/Camponotus/casent0101512_p.jpg,d3f7c0f0dc0c518a434621c80aef1fe71184339363f03b1daba5caa774be084f,1024,719,156959,commons,https://upload.wikimedia.org/wikipedia/commons/b/b7/Camponotus_lubbocki_casent0101512_profile_1.jpg,Camponotus lubbocki casent0101512 profile 1.jpg,f36af08f5c2c7d86a7081decd8139e0d4c881809,2009-10-21T23:51:04Z,exact,"harvester downscale, byte-identical","recovered by 14_commons_provenance.py: the Commons original after 06_harvest_commons.py's downscale (RGB, max 1024 px, JPEG quality 90)"
casent0101513,Camponotus,test,p,data/images/Camponotus/casent0101513_p.jpg,27a11c4030aadd5893c872b614c04b4067f8f98dcfabed3d1c61c6a14e589a11,1024,685,155758,commons,https://upload.wikimedia.org/wikipedia/commons/0/0e/Camponotus_gibber_casent0101513_profile_1.jpg,Camponotus gibber casent0101513 profile 1.jpg,3e58992755a99f5dd8a256c7d362831a0c0e58c9,2009-10-19T11:42:40Z,exact,"harvester downscale, byte-identical","recovered by 14_commons_provenance.py: the Commons original after 06_harvest_commons.py's downscale (RGB, max 1024 px, JPEG quality 90)"
casent0101514,Camponotus,train,p,data/images/Camponotus/casent0101514_p.jpg,f486b04f0e4ed50ac157ae4c2915a86ccbc97b221ddef1eacb6c8185b2e290ed,1024,651,134110,commons,https://upload.wikimedia.org/wikipedia/commons/5/59/Camponotus_lubbocki_casent0101514_profile_1.jpg,Camponotus lubbocki casent0101514 profile 1.jpg,dfba340a2a88c3d7d409b1e71ded9fe7061f7700,2009-10-21T22:09:41Z,exact,"harvester downscale, byte-identical","recovered by 14_commons_provenance.py: the Commons original after 06_harvest_commons.py's downscale (RGB, max 1024 px, JPEG quality 90)"
casent0101516,Camponotus,train,p,data/images/Camponotus/casent0101516_p.jpg,8fd535d7601b74c27d50ed72e2977565f345ff029ffb90692bae0bb3623663d2,1280,793,235993,commons,https://upload.wikimedia.org/wikipedia/commons/e/ed/Camponotus_lubbocki_casent0101516_profile_1.jpg,Camponotus lubbocki casent0101516 profile 1.jpg,59f0fa981322e85aa69024e06a6c226e476fe36d,2009-10-21T10:13:21Z,exact,"Commons server thumbnail, byte-identical","recovered by 14_commons_provenance.py: Commons' own thumbnail of that original (requested at 1024 px, served at the next standard width); not what the current harvester fetches, so most likely an earlier version of it, whose docstring still describes 1024 px thumbnails"
casent0101517,Camponotus,train,p,data/images/Camponotus/casent0101517_p.jpg,304d4f72f7939cead75fa58f2d08a6cce1cc46558fd1c148eae7913f9ec0e216,1024,771,174032,commons,https://upload.wikimedia.org/wikipedia/commons/d/dd/Camponotus_kelleri_invalidus_casent0101517_profile_1.jpg,Camponotus kelleri invalidus casent0101517 profile 1.jpg,8ced480716de4bef22891c6459d864a4905be258,2009-10-19T20:57:57Z,exact,"harvester downscale, byte-identical","recovered by 14_commons_provenance.py: the Commons original after 06_harvest_commons.py's downscale (RGB, max 1024 px, JPEG quality 90)"
casent0101518,Camponotus,train,p,data/images/Camponotus/casent0101518_p.jpg,464836b225cea669b900db2e8d09b0e00c3ddaaa8fb6e850b63a03aee4dd0209,1024,730,158139,commons,https://upload.wikimedia.org/wikipedia/commons/d/d0/Camponotus_lubbocki_casent0101518_profile_1.jpg,Camponotus lubbocki casent0101518 profile 1.jpg,4ec328d8c609dd0e3faf5a814282568bccf8b1d1,2009-10-21T12:19:35Z,exact,"harvester downscale, byte-identical","recovered by 14_commons_provenance.py: the Commons original after 06_harvest_commons.py's downscale (RGB, max 1024 px, JPEG quality 90)"
casent0101519,Camponotus,train,p,data/images/Camponotus/casent0101519_p.jpg,6e679aafe8ad8de2cc5e4f3a77be868120abe0001785c235f08005d1f3fdf14a,1024,771,168597,commons,https://upload.wikimedia.org/wikipedia/commons/f/f1/Camponotus_kelleri_casent0101519_profile_1.jpg,Camponotus kelleri casent0101519 profile 1.jpg,bb71e6115c5ed289784c7a035736a310c339e8ce,2009-10-21T05:59:26Z,exact,"harvester downscale, byte-identical","recovered by 14_commons_provenance.py: the Commons original after 06_harvest_commons.py's downscale (RGB, max 1024 px, JPEG quality 90)"
casent0101520,Camponotus,train,p,data/images/Camponotus/casent0101520_p.jpg,9c566881a521fd4a969cc36d173a88887ed238031420ad266c3f001e9aae6eb5,1024,675,150015,commons,https://upload.wikimedia.org/wikipedia/commons/c/c5/Camponotus_kelleri_invalidus_casent0101520_profile_1.jpg,Camponotus kelleri invalidus casent0101520 profile 1.jpg,d9fbd6ba94225a258a2372cb00eae10e3d393ec2,2009-10-21T10:53:17Z,exact,"harvester downscale, byte-identical","recovered by 14_commons_provenance.py: the Commons original after 06_harvest_commons.py's downscale (RGB, max 1024 px, JPEG quality 90)"
casent0101521,Camponotus,train,p,data/images/Camponotus/casent0101521_p.jpg,f9bfb439df9d2af7c13abdeee2bff900e7252004540eb4c8a266d156a3d2f2e9,984,808,149912,commons,https://upload.wikimedia.org/wikipedia/commons/4/47/Camponotus_christi_casent0101521_profile_1.jpg,Camponotus christi casent0101521 profile 1.jpg,9473bfa400be910ff7b983c3b96ffe56698697f9,2009-10-18T19:36:59Z,exact,"harvester downscale, byte-identical","recovered by 14_commons_provenance.py: the Commons original after 06_harvest_commons.py's downscale (RGB, max 1024 px, JPEG quality 90)"
casent0101524,Camponotus,train,p,data/images/Camponotus/casent0101524_p.jpg,a6125ecd02d8217ac5ee1ff1bbc18ed76f06883f672a78ce26fc8909e276af59,1280,759,150001,commons,https://upload.wikimedia.org/wikipedia/commons/d/d4/Camponotus_kelleri_casent0101524_profile_1.jpg,Camponotus kelleri casent0101524 profile 1.jpg,20890234d1e30f9e7bc3a3d23c8cd441f504a996,2009-10-22T12:18:49Z,exact,"Commons server thumbnail, pixel-identical","recovered by 14_commons_provenance.py: Commons' own thumbnail of that original (requested at 1024 px, served at the next standard width); not what the current harvester fetches, so most likely an earlier version of it, whose docstring still describes 1024 px thumbnails"
casent0101525,Camponotus,train,p,data/images/Camponotus/casent0101525_p.jpg,731695198b5705ffe26d20afff8db91ca80b185ec65d88110a1d71940c09b70e,1024,721,140419,commons,https://upload.wikimedia.org/wikipedia/commons/c/c1/Camponotus_kelleri_casent0101525_profile_1.jpg,Camponotus kelleri casent0101525 profile 1.jpg,ad524c8476d1da5d8e73caefd403551a8a932533,2009-10-21T00:38:34Z,exact,"harvester downscale, byte-identical","recovered by 14_commons_provenance.py: the Commons original after 06_harvest_commons.py's downscale (RGB, max 1024 px, JPEG quality 90)"
casent0101526,Camponotus,train,p,data/images/Camponotus/casent0101526_p.jpg,dfc93c0aef99a41c9ba508c670df968caea717d6998512f72937a8e30ce1b81b,1024,622,168777,commons,https://upload.wikimedia.org/wikipedia/commons/4/40/Camponotus_heteroclitus_casent0101526_profile_1.jpg,Camponotus heteroclitus casent0101526 profile 1.jpg,c2aa1af84298a9219a0cf71dbbf2e36343eb612a,2009-10-22T15:46:20Z,exact,"harvester downscale, byte-identical","recovered by 14_commons_provenance.py: the Commons original after 06_harvest_commons.py's downscale (RGB, max 1024 px, JPEG quality 90)"
casent0101527,Camponotus,train,p,data/images/Camponotus/casent0101527_p.jpg,3f1f413dc23ea2822ba2b09111df8ebe1271c6e61bcee37a91c8213bc98a29bf,1024,735,184855,commons,https://upload.wikimedia.org/wikipedia/commons/7/72/Camponotus_heteroclitus_casent0101527_profile_1.jpg,Camponotus heteroclitus casent0101527 profile 1.jpg,5c14fdad6015ee5e768b44541a6e992506b55a7c,2009-10-20T04:48:32Z,exact,"harvester downscale, byte-identical","recovered by 14_commons_provenance.py: the Commons original after 06_harvest_commons.py's downscale (RGB, max 1024 px, JPEG quality 90)"
casent0101528,Camponotus,train,p,data/images/Camponotus/casent0101528_p.jpg,213c4ab99fd3e1c017ccc530e183e21bb7b39fcd133c82537932798a7098b959,1024,650,133047,commons,https://upload.wikimedia.org/wikipedia/commons/a/ac/Camponotus_gibber_casent0101528_profile_1.jpg,Camponotus gibber casent0101528 profile 1.jpg,b236c290cb374c7618e7f93cfebbc071fe8c3f5e,2009-10-22T07:53:15Z,exact,"harvester downscale, byte-identical","recovered by 14_commons_provenance.py: the Commons original after 06_harvest_commons.py's downscale (RGB, max 1024 px, JPEG quality 90)"
casent0101531,Camponotus,train,p,data/images/Camponotus/casent0101531_p.jpg,3d7696726f204f00258b4d0a565d712dc14212a8fa2d4d528bcd8aaa56650ff0,1024,669,121202,commons,https://upload.wikimedia.org/wikipedia/commons/9/9c/Camponotus_dromedarius_casent0101531_profile_1.jpg,Camponotus dromedarius casent0101531 profile 1.jpg,ac46f7fa1f487f586a677ce7394dcf939be4f572,2009-10-18T09:28:44Z,exact,"harvester downscale, byte-identical","recovered by 14_commons_provenance.py: the Commons original after 06_harvest_commons.py's downscale (RGB, max 1024 px, JPEG quality 90)"
casent0101532,Camponotus,train,p,data/images/Camponotus/casent0101532_p.jpg,3906d646239e1aed0455d52f3b98937259ff5c0180d6e797a37928646410c44b,1024,641,126417,commons,https://upload.wikimedia.org/wikipedia/commons/b/b4/Camponotus_dromedarius_pulcher_casent0101532_profile_1.jpg,Camponotus dromedarius pulcher casent0101532 profile 1.jpg,4459589f6337b1a934dd3f5a7af9f3dd4a5b8638,2009-10-18T15:00:25Z,exact,"harvester downscale, byte-identical","recovered by 14_commons_provenance.py: the Commons original after 06_harvest_commons.py's downscale (RGB, max 1024 px, JPEG quality 90)"
casent0101533,Camponotus,train,p,data/images/Camponotus/casent0101533_p.jpg,bd2a05351a528e4a87d7f969e233daa1cb9c2e090f3494b70070fb85b8f19c20,1024,696,136842,commons,https://upload.wikimedia.org/wikipedia/commons/3/3b/Camponotus_dromedarius_pulcher_casent0101533_profile_1.jpg,Camponotus dromedarius pulcher casent0101533 profile 1.jpg,f1cf92435d1206c98f58a2f331f3bb085f183e23,2009-10-19T05:50:08Z,exact,"harvester downscale, byte-identical","recovered by 14_commons_provenance.py: the Commons original after 06_harvest_commons.py's downscale (RGB, max 1024 px, JPEG quality 90)"
casent0101534,Camponotus,train,p,data/images/Camponotus/casent0101534_p.jpg,11902df93dddbf019a93130b5f26a436e5697d9aada25524bc4e10ac0018db50,1024,726,142850,commons,https://upload.wikimedia.org/wikipedia/commons/1/17/Camponotus_dromedarius_casent0101534_profile_1.jpg,Camponotus dromedarius casent0101534 profile 1.jpg,5d4a6b0aa253040424b3dd4b825dbc02c840635b,2009-10-19T05:15:30Z,exact,"harvester downscale, byte-identical","recovered by 14_commons_provenance.py: the Commons original after 06_harvest_commons.py's downscale (RGB, max 1024 px, JPEG quality 90)"
casent0101535,Camponotus,test,p,data/images/Camponotus/casent0101535_p.jpg,d7d2845487eea67e3e7dec1a2af202b806d9138e99b37575760ce102a0292cfb,984,808,159355,commons,https://upload.wikimedia.org/wikipedia/commons/3/35/Camponotus_christi_ambustus_casent0101535_profile_1.jpg,Camponotus christi ambustus casent0101535 profile 1.jpg,12cca2cc25eed1af91ae4bced79e0d2b79ce70f6,2009-10-21T05:00:34Z,exact,"harvester downscale, byte-identical","recovered by 14_commons_provenance.py: the Commons original after 06_harvest_commons.py's downscale (RGB, max 1024 px, JPEG quality 90)"
casent0101538,Camponotus,train,p,data/images/Camponotus/casent0101538_p.jpg,a5350e1cbd238997c66cf404752597ab5065d273d0840be7ebdd0392b3942352,1024,786,155449,commons,https://upload.wikimedia.org/wikipedia/commons/8/85/Camponotus_dromedarius_casent0101538_profile_1.jpg,Camponotus dromedarius casent0101538 profile 1.jpg,229d0d9282d421a035690846576e7a322790703b,2009-10-20T17:09:04Z,exact,"harvester downscale, byte-identical","recovered by 14_commons_provenance.py: the Commons original after 06_harvest_commons.py's downscale (RGB, max 1024 px, JPEG quality 90)"
casent0101539,Camponotus,train,p,data/images/Camponotus/casent0101539_p.jpg,f209e47fe13e2889eb0ee72e0b4cec5f98753eee9f872f0bf05b47fe17b50b10,1024,670,145967,commons,https://upload.wikimedia.org/wikipedia/commons/0/0d/Camponotus_christi_maculiventris_casent0101539_profile_1.jpg,Camponotus christi maculiventris casent0101539 profile 1.jpg,2e92bb833be0b238fe29aa5197e754123e040261,2009-10-19T09:29:36Z,exact,"harvester downscale, byte-identical","recovered by 14_commons_provenance.py: the Commons original after 06_harvest_commons.py's downscale (RGB, max 1024 px, JPEG quality 90)"
casent0101540,Camponotus,train,p,data/images/Camponotus/casent0101540_p.jpg,c48bbb34c66ccc6bdb8c276b222b3e049de9f1c0c42b449b5cc757a7ec84f95d,1280,716,174935,commons,https://upload.wikimedia.org/wikipedia/commons/6/60/Camponotus_christi_maculiventris_casent0101540_profile_1.jpg,Camponotus christi maculiventris casent0101540 profile 1.jpg,19060f4b6a6ba157777b0300ade6c5b74310b4d7,2009-10-19T06:39:47Z,exact,"Commons server thumbnail, byte-identical","recovered by 14_commons_provenance.py: Commons' own thumbnail of that original (requested at 1024 px, served at the next standard width); not what the current harvester fetches, so most likely an earlier version of it, whose docstring still describes 1024 px thumbnails"
casent0101542,Camponotus,train,p,data/images/Camponotus/casent0101542_p.jpg,897c689993e26e02ae91b40c7030d3ebd8a40c2c7925fb443631d853aa9c203f,1024,771,150033,commons,https://upload.wikimedia.org/wikipedia/commons/6/62/Camponotus_christi_casent0101542_profile_1.jpg,Camponotus christi casent0101542 profile 1.jpg,d69e570354710863c308a2488eba9ce7d185f5ba,2009-10-21T13:35:26Z,exact,"harvester downscale, byte-identical","recovered by 14_commons_provenance.py: the Commons original after 06_harvest_commons.py's downscale (RGB, max 1024 px, JPEG quality 90)"
casent0101543,Camponotus,train,p,data/images/Camponotus/casent0101543_p.jpg,04d4a225fc3be905b490302111c8af370f4031a03be3e0aabdd9130b3a8c6a14,1024,625,136937,commons,https://upload.wikimedia.org/wikipedia/commons/4/48/Camponotus_christi_foersteri_casent0101543_profile_1.jpg,Camponotus christi foersteri casent0101543 profile 1.jpg,690b0bd055411a40b047b1d3f3e6e442ff09634b,2009-10-18T19:53:03Z,exact,"harvester downscale, byte-identical","recovered by 14_commons_provenance.py: the Commons original after 06_harvest_commons.py's downscale (RGB, max 1024 px, JPEG quality 90)"
casent0101544,Camponotus,train,p,data/images/Camponotus/casent0101544_p.jpg,8d42a1f39d7687e5bc9de0ca96fa14584a5de430e0b82ae57df8a0ffac3390dd,1024,775,147764,commons,https://upload.wikimedia.org/wikipedia/commons/a/ac/Camponotus_christi_casent0101544_profile_1.jpg,Camponotus christi casent0101544 profile 1.jpg,6ed6777bfd45b61147ac23e4be486775d7129139,2009-10-21T12:33:22Z,exact,"harvester downscale, byte-identical","recovered by 14_commons_provenance.py: the Commons original after 06_harvest_commons.py's downscale (RGB, max 1024 px, JPEG quality 90)"
casent0101545,Camponotus,test,p,data/images/Camponotus/casent0101545_p.jpg,361d951e475e75eaea62b8723a1cf0b6ad62beb6d4f1e3207b509958479b1562,1024,670,178356,commons,https://upload.wikimedia.org/wikipedia/commons/6/6b/Camponotus_christi_foersteri_casent0101545_profile_1.jpg,Camponotus christi foersteri casent0101545 profile 1.jpg,f20b20d4628baece51d11758622c5c00c8c62e7d,2009-10-21T18:33:10Z,exact,"harvester downscale, byte-identical","recovered by 14_commons_provenance.py: the Commons original after 06_harvest_commons.py's downscale (RGB, max 1024 px, JPEG quality 90)"
casent0101551,Camponotus,train,p,data/images/Camponotus/casent0101551_p.jpg,ce6177547923c96a748cc21bab577d56ab3d6fb58d23162c51dc8f153487b9bc,1018,808,192275,commons,https://upload.wikimedia.org/wikipedia/commons/4/40/Camponotus_cervicalis_casent0101551_profile_1.jpg,Camponotus cervicalis casent0101551 profile 1.jpg,4e477ffe58d676d42c86686bbe161490a88220e4,2009-10-22T18:33:53Z,exact,"harvester downscale, byte-identical","recovered by 14_commons_provenance.py: the Commons original after 06_harvest_commons.py's downscale (RGB, max 1024 px, JPEG quality 90)"
casent0101552,Camponotus,train,p,data/images/Camponotus/casent0101552_p.jpg,4f83f52f9927ad376732603f47ef5ff85d2736ae4a1a8e98c55258cd52690841,1024,637,137625,commons,https://upload.wikimedia.org/wikipedia/commons/1/11/Camponotus_cervicalis_casent0101552_profile_1.jpg,Camponotus cervicalis casent0101552 profile 1.jpg,49dfc0249e6f6cd4c3e587a8e3cb9281ab210a27,2009-10-21T17:51:33Z,exact,"harvester downscale, byte-identical","recovered by 14_commons_provenance.py: the Commons original after 06_harvest_commons.py's downscale (RGB, max 1024 px, JPEG quality 90)"
casent0101553,Bothroponera,test,p,data/images/Bothroponera/casent0101553_p.jpg,e367e9e56ea99d300319fa1fd4aa32f718ac8819a5126552abe6037192bef2b0,1024,732,167030,commons,https://upload.wikimedia.org/wikipedia/commons/0/0b/Pachycondyla_comorensis_casent0101553_profile_1.jpg,Pachycondyla comorensis casent0101553 profile 1.jpg,46ab030c0d6aa043488086c71937c5e8200ee8e7,2009-10-20T20:55:16Z,exact,"harvester downscale, byte-identical","recovered by 14_commons_provenance.py: the Commons original after 06_harvest_commons.py's downscale (RGB, max 1024 px, JPEG quality 90)"
casent0101554,Pheidole,train,p,data/images/Pheidole/casent0101554_p.jpg,7966b988d753fc299d0d424bc94c1a193e80f808e80fe4a0861fdf9f56ee7c9f,1008,808,247882,commons,https://upload.wikimedia.org/wikipedia/commons/2/27/Pheidole_punctulata_spinosa_casent0101554_profile_1.jpg,Pheidole punctulata spinosa casent0101554 profile 1.jpg,4453fbe92bdeb5942afa7260b297bbd660d6793c,2009-10-22T18:58:34Z,exact,"harvester downscale, byte-identical","recovered by 14_commons_provenance.py: the Commons original after 06_harvest_commons.py's downscale (RGB, max 1024 px, JPEG quality 90)"
casent0101556,Tetramorium,train,p,data/images/Tetramorium/casent0101556_p.jpg,b70ca835e8995bc266919befd4a585c3cf0df03a08f9ab81880d44b8739aa1a8,1024,671,158731,commons,https://upload.wikimedia.org/wikipedia/commons/6/64/Tetramorium_schaufussii_casent0101556_profile_1.jpg,Tetramorium schaufussii casent0101556 profile 1.jpg,5a73a8a0672ea99ca97c9d28360602516ce32b4c,2009-10-22T11:13:20Z,exact,"harvester downscale, byte-identical","recovered by 14_commons_provenance.py: the Commons original after 06_harvest_commons.py's downscale (RGB, max 1024 px, JPEG quality 90)"
casent0101557,Crematogaster,train,p,data/images/Crematogaster/casent0101557_p.jpg,9d7a8bd055e10f0d947b8839f2b6fac4adce9250fa558dae0d7d930fda16349d,1280,701,161477,commons,https://upload.wikimedia.org/wikipedia/commons/6/69/Crematogaster_kelleri_casent0101557_profile_1.jpg,Crematogaster kelleri casent0101557 profile 1.jpg,4ffddeadc1420cbb4638fe63dd690bb5a8030e07,2009-10-20T01:53:08Z,exact,"Commons server thumbnail, byte-identical","recovered by 14_commons_provenance.py: Commons' own thumbnail of that original (requested at 1024 px, served at the next standard width); not what the current harvester fetches, so most likely an earlier version of it, whose docstring still describes 1024 px thumbnails"
casent0101558,Crematogaster,train,p,data/images/Crematogaster/casent0101558_p.jpg,aae957342dee280e200ebb239f05fb5784934cda83d87acc574d15b3b9bc82c5,1024,501,136020,commons,https://upload.wikimedia.org/wikipedia/commons/5/5f/Crematogaster_grevei_casent0101558_profile_1.jpg,Crematogaster grevei casent0101558 profile 1.jpg,65fb79551ac80613b6da98a60aa9cd1a1da3e64a,2009-10-20T15:43:04Z,exact,"harvester downscale, byte-identical","recovered by 14_commons_provenance.py: the Commons original after 06_harvest_commons.py's downscale (RGB, max 1024 px, JPEG quality 90)"
casent0101559,Cataulacus,test,p,data/images/Cataulacus/casent0101559_p.jpg,cfd14ed21637cbdf20611919ba9c58b79b0657c37e729e6c6f1408926237a0b0,1024,546,120058,commons,https://upload.wikimedia.org/wikipedia/commons/3/36/Cataulacus_ebrardi_casent0101559_profile_1.jpg,Cataulacus ebrardi casent0101559 profile 1.jpg,13a88a71ab2def64e86cb1fc662bad5a9c90380e,2009-10-21T09:24:47Z,exact,"harvester downscale, byte-identical","recovered by 14_commons_provenance.py: the Commons original after 06_harvest_commons.py's downscale (RGB, max 1024 px, JPEG quality 90)"
casent0101560,Pheidole,train,p,data/images/Pheidole/casent0101560_p.jpg,e5feaca72cf536fd8997987d849039854609674472ec69b469a26e446660a27b,1024,558,155636,commons,https://upload.wikimedia.org/wikipedia/commons/c/ca/Pheidole_megacephala_scabrior_casent0101560_profile_1.jpg,Pheidole megacephala scabrior casent0101560 profile 1.jpg,6500a45d3a9411c79c9f97b2301bd576e0740edc,2009-10-21T03:53:38Z,exact,"harvester downscale, byte-identical","recovered by 14_commons_provenance.py: the Commons original after 06_harvest_commons.py's downscale (RGB, max 1024 px, JPEG quality 90)"
casent0101562,Crematogaster,train,p,data/images/Crematogaster/casent0101562_p.jpg,9429ebf09003b2d147fc55db21339570b166a701e89477166fa678a1f0e14718,1024,771,175154,commons,https://upload.wikimedia.org/wikipedia/commons/c/c1/Crematogaster_ranavalonae_pepo_casent0101562_profile_1.jpg,Crematogaster ranavalonae pepo casent0101562 profile 1.jpg,86646a5e68cae54892c99951cda2a5236af39c70,2009-10-21T19:39:54Z,exact,"harvester downscale, byte-identical","recovered by 14_commons_provenance.py: the Commons original after 06_harvest_commons.py's downscale (RGB, max 1024 px, JPEG quality 90)"
casent0101564,Pheidole,train,p,data/images/Pheidole/casent0101564_p.jpg,c5eeda6e02e04169686ff0ac91d6a4451548ca1127a6015afa2e1a4cf5741c66,1024,742,168839,commons,https://upload.wikimedia.org/wikipedia/commons/4/4c/Pheidole_voeltzkowii_casent0101564_profile_1.jpg,Pheidole voeltzkowii casent0101564 profile 1.jpg,c3465908313210d6f11bb7860d983234fd896613,2009-10-19T13:21:11Z,exact,"harvester downscale, byte-identical","recovered by 14_commons_provenance.py: the Commons original after 06_harvest_commons.py's downscale (RGB, max 1024 px, JPEG quality 90)"
casent0101567,Pheidole,train,p,data/images/Pheidole/casent0101567_p.jpg,d0d73df7f5136620b435213a5009cad38eaa5e2106d91df3f16be60239e2fb80,1024,728,149091,commons,https://upload.wikimedia.org/wikipedia/commons/0/04/Pheidole_veteratrix_angustinoda_casent0101567_profile_1.jpg,Pheidole veteratrix angustinoda casent0101567 profile 1.jpg,8463580ac5a18babba678de6187775cc3f5d5295,2009-10-21T10:10:16Z,exact,"harvester downscale, byte-identical","recovered by 14_commons_provenance.py: the Commons original after 06_harvest_commons.py's downscale (RGB, max 1024 px, JPEG quality 90)"
casent0101570,Pheidole,train,p,data/images/Pheidole/casent0101570_p.jpg,c193a33b21363f9ceff55eb8451fbc5722b59e60bacdccf59efe19331fd3c8e0,1024,582,149748,commons,https://upload.wikimedia.org/wikipedia/commons/c/c4/Pheidole_punctulata_spinosa_casent0101570_profile_1.jpg,Pheidole punctulata spinosa casent0101570 profile 1.jpg,5d1feddfe43256badb6187df9043827b2249d5bd,2009-10-18T12:36:27Z,exact,"harvester downscale, byte-identical","recovered by 14_commons_provenance.py: the Commons original after 06_harvest_commons.py's downscale (RGB, max 1024 px, JPEG quality 90)"
casent0101572,Crematogaster,test,p,data/images/Crematogaster/casent0101572_p.jpg,8deb66a86e3254ed5fa29cdf9e96f00364dfd5b3d03dc183e7236eee28461ade,1024,560,131162,commons,https://upload.wikimedia.org/wikipedia/commons/5/58/Crematogaster_grevei_casent0101572_profile_1.jpg,Crematogaster grevei casent0101572 profile 1.jpg,99ef8487a219dfe7f1a377e3c6a7fceca329657a,2009-10-21T14:40:01Z,exact,"harvester downscale, byte-identical","recovered by 14_commons_provenance.py: the Commons original after 06_harvest_commons.py's downscale (RGB, max 1024 px, JPEG quality 90)"
casent0101574,Anochetus,train,p,data/images/Anochetus/casent0101574_p.jpg,62fbb73fc90fe48105e9b30e65b0b59f983e40b1f44fad38419dcafbea23289a,1024,581,131949,commons,https://upload.wikimedia.org/wikipedia/commons/d/dd/Anochetus_madagascarensis_casent0101574_profile_1.jpg,Anochetus madagascarensis casent0101574 profile 1.jpg,5b2a1c9de2e059dfa9ca3de0ea565d12d7acb22f,2009-10-19T02:22:24Z,exact,"harvester downscale, byte-identical","recovered by 14_commons_provenance.py: the Commons original after 06_harvest_commons.py's downscale (RGB, max 1024 px, JPEG quality 90)"
casent0101575,Tetraponera,train,p,data/images/Tetraponera/casent0101575_p.jpg,d542ed945be851ee4110c106749bc2066465d4fffb8d2f0744b283c45bcd0c9f,1024,567,135185,commons,https://upload.wikimedia.org/wikipedia/commons/7/78/Tetraponera_hysterica_inflata_casent0101575_profile_1.jpg,Tetraponera hysterica inflata casent0101575 profile 1.jpg,8b1a86cce6840effdd5cc37d90b0924fa14acc17,2009-10-21T17:00:24Z,exact,"harvester downscale, byte-identical","recovered by 14_commons_provenance.py: the Commons original after 06_harvest_commons.py's downscale (RGB, max 1024 px, JPEG quality 90)"
casent0101579,Anochetus,train,p,data/images/Anochetus/casent0101579_p.jpg,b62f3051118c1440d9d6275d6a2e0f04fccd1f2017ff54c03484e0ab88afacb7,1024,771,145008,commons,https://upload.wikimedia.org/wikipedia/commons/e/eb/Anochetus_madagascarensis_casent0101579_profile_1.jpg,Anochetus madagascarensis casent0101579 profile 1.jpg,0c84aa86384f7d7ae6cc2af6281e8a7c8bd5c7ef,2009-10-22T10:50:05Z,exact,"harvester downscale, byte-identical","recovered by 14_commons_provenance.py: the Commons original after 06_harvest_commons.py's downscale (RGB, max 1024 px, JPEG quality 90)"
casent0101580,Pheidole,train,p,data/images/Pheidole/casent0101580_p.jpg,557ee803bd90edb296e751808354f16e3c6059b2e0cea4f65dc7346e517f7e05,1024,745,222146,commons,https://upload.wikimedia.org/wikipedia/commons/8/8c/Pheidole_megacephala_scabrior_casent0101580_profile_1.jpg,Pheidole megacephala scabrior casent0101580 profile 1.jpg,8c83647aecb4ad99a1dcf8f26c69a97803d87e30,2009-10-19T15:43:52Z,exact,"harvester downscale, byte-identical","recovered by 14_commons_provenance.py: the Commons original after 06_harvest_commons.py's downscale (RGB, max 1024 px, JPEG quality 90)"
casent0101583,Cataulacus,test,p,data/images/Cataulacus/casent0101583_p.jpg,6bf78ab284224b50c993b2d86bd2c6c54e40c90d66b88700916e9d4a61e1c0ec,1280,618,210379,commons,https://upload.wikimedia.org/wikipedia/commons/8/86/Cataulacus_ebrardi_casent0101583_profile_1.jpg,Cataulacus ebrardi casent0101583 profile 1.jpg,76fc828ecce0d534bd4ad8afdfc5a4b2d3536103,2009-10-22T09:28:45Z,exact,"Commons server thumbnail, byte-identical","recovered by 14_commons_provenance.py: Commons' own thumbnail of that original (requested at 1024 px, served at the next standard width); not what the current harvester fetches, so most likely an earlier version of it, whose docstring still describes 1024 px thumbnails"
casent0101584,Pheidole,train,p,data/images/Pheidole/casent0101584_p.jpg,30cf19b0a766c21c6719c977bce667ad63bcb767855f1d52d1b4de27262539b5,1024,614,140532,commons,https://upload.wikimedia.org/wikipedia/commons/3/39/Pheidole_nemoralis_casent0101584_profile_1.jpg,Pheidole nemoralis casent0101584 profile 1.jpg,55d1af5b4b7082db55be44dbd661b52e1047f6bf,2009-10-18T13:01:16Z,exact,"harvester downscale, byte-identical","recovered by 14_commons_provenance.py: the Commons original after 06_harvest_commons.py's downscale (RGB, max 1024 px, JPEG quality 90)"
casent0101585,Crematogaster,test,p,data/images/Crematogaster/casent0101585_p.jpg,4471a98aaeb7ae2f3e292e5ebfcfc1f0cdec39b7730e9948d91bb5f7f9e71533,1024,688,214227,commons,https://upload.wikimedia.org/wikipedia/commons/c/c5/Crematogaster_lobata_casent0101585_profile_1.jpg,Crematogaster lobata casent0101585 profile 1.jpg,7e35c07e9652f4a0f8cd827b637bebb5b2254c64,2009-10-18T22:26:27Z,exact,"harvester downscale, byte-identical","recovered by 14_commons_provenance.py: the Commons original after 06_harvest_commons.py's downscale (RGB, max 1024 px, JPEG quality 90)"
casent0101587,Anochetus,test,p,data/images/Anochetus/casent0101587_p.jpg,40b744b51ded06173e76de8a70eda5dcef88ba458f5acac380912834254bd322,1024,545,117384,commons,https://upload.wikimedia.org/wikipedia/commons/e/e2/Anochetus_madagascarensis_casent0101587_profile_1.jpg,Anochetus madagascarensis casent0101587 profile 1.jpg,0ff28d9fa5ef4fdd62a5cfaa296bd6d99c85f9ee,2009-10-21T20:50:27Z,exact,"harvester downscale, byte-identical","recovered by 14_commons_provenance.py: the Commons original after 06_harvest_commons.py's downscale (RGB, max 1024 px, JPEG quality 90)"
casent0101589,Leptogenys,train,p,data/images/Leptogenys/casent0101589_p.jpg,1606ca6b8d0c6f36815e039b49c4afe5a64f505f3b4aeb09ecee34a08deeafda,1024,771,178037,commons,https://upload.wikimedia.org/wikipedia/commons/d/d0/Leptogenys_grandidieri_casent0101589_profile_1.jpg,Leptogenys grandidieri casent0101589 profile 1.jpg,3f99a46a36addcec52963657e544a7e629144652,2009-10-20T06:09:57Z,exact,"harvester downscale, byte-identical","recovered by 14_commons_provenance.py: the Commons original after 06_harvest_commons.py's downscale (RGB, max 1024 px, JPEG quality 90)"
casent0101594,Pheidole,train,p,data/images/Pheidole/casent0101594_p.jpg,51734af5015c62ead5ae3d1818d49a6774d7d6d2543101952ea2e333905ed797,1024,600,158090,commons,https://upload.wikimedia.org/wikipedia/commons/8/8e/Pheidole_veteratrix_casent0101594_profile_1.jpg,Pheidole veteratrix casent0101594 profile 1.jpg,1d939d43c31761c4077f30e84d90eaad65962a8f,2009-10-21T08:53:40Z,exact,"harvester downscale, byte-identical","recovered by 14_commons_provenance.py: the Commons original after 06_harvest_commons.py's downscale (RGB, max 1024 px, JPEG quality 90)"
casent0101597,Crematogaster,train,p,data/images/Crematogaster/casent0101597_p.jpg,26408c82f2fef5e17ea30b8a51fc10afaab71a7d76c25caf6746fa0720e81e36,1024,550,131887,commons,https://upload.wikimedia.org/wikipedia/commons/d/d9/Crematogaster_degeeri_casent0101597_profile_1.jpg,Crematogaster degeeri casent0101597 profile 1.jpg,5cd630f3a1a67cee342e36b131e39e971e09a08e,2009-10-21T23:10:41Z,exact,"harvester downscale, byte-identical","recovered by 14_commons_provenance.py: the Commons original after 06_harvest_commons.py's downscale (RGB, max 1024 px, JPEG quality 90)"
casent0101598,Pheidole,train,p,data/images/Pheidole/casent0101598_p.jpg,b24cba4d64f59f26a2aa0278ed3a86dedf0805f176e0bc365c26be491d3638c9,1024,723,187201,commons,https://upload.wikimedia.org/wikipedia/commons/c/c2/Pheidole_longispinosa_casent0101598_profile_1.jpg,Pheidole longispinosa casent0101598 profile 1.jpg,e9c398f1d9af472349d70d2996f6f302852d398b,2009-10-21T10:16:47Z,exact,"harvester downscale, byte-identical","recovered by 14_commons_provenance.py: the Commons original after 06_harvest_commons.py's downscale (RGB, max 1024 px, JPEG quality 90)"
casent0101599,Crematogaster,test,p,data/images/Crematogaster/casent0101599_p.jpg,32171341bb6ac8c09a21a417daba76f285ebcf95139f4abf47cb101d2a85879a,1024,654,166242,commons,https://upload.wikimedia.org/wikipedia/commons/3/3d/Crematogaster_sewellii_casent0101599_profile_1.jpg,Crematogaster sewellii casent0101599 profile 1.jpg,38d04b5285084228e9f414a5f3ae61e64167d99e,2009-10-20T23:20:28Z,exact,"harvester downscale, byte-identical","recovered by 14_commons_provenance.py: the Commons original after 06_harvest_commons.py's downscale (RGB, max 1024 px, JPEG quality 90)"
casent0101602,Camponotus,train,p,data/images/Camponotus/casent0101602_p.jpg,8db7e57433c3566fc670c176412f00a4225254c269859c1842118afd21a1e809,1280,768,189316,commons,https://upload.wikimedia.org/wikipedia/commons/f/f3/Camponotus_roeseli_casent0101602_profile_1.jpg,Camponotus roeseli casent0101602 profile 1.jpg,4e9a7edb7c156621e781ac3bb6531a635061298a,2009-10-22T21:43:52Z,exact,"Commons server thumbnail, pixel-identical","recovered by 14_commons_provenance.py: Commons' own thumbnail of that original (requested at 1024 px, served at the next standard width); not what the current harvester fetches, so most likely an earlier version of it, whose docstring still describes 1024 px thumbnails"
casent0101608,Cataulacus,train,p,data/images/Cataulacus/casent0101608_p.jpg,b9eb82929433bfabe24e13a72313c2648d1f77bb794b74c2ea9acbd72d134b0d,1024,583,169877,commons,https://upload.wikimedia.org/wikipedia/commons/2/29/Cataulacus_intrudens_casent0101608_profile_1.jpg,Cataulacus intrudens casent0101608 profile 1.jpg,ddb8ca48bf158852b03d0438d2e91c349a043bd8,2009-10-18T08:19:44Z,exact,"harvester downscale, byte-identical","recovered by 14_commons_provenance.py: the Commons original after 06_harvest_commons.py's downscale (RGB, max 1024 px, JPEG quality 90)"
casent0101609,Anochetus,train,p,data/images/Anochetus/casent0101609_p.jpg,c16d9469794de58a1cb18a89136cd1f73591fa890df83838783c07fe5f2e8a64,1024,491,111245,commons,https://upload.wikimedia.org/wikipedia/commons/c/c5/Anochetus_madagascarensis_casent0101609_profile_1.jpg,Anochetus madagascarensis casent0101609 profile 1.jpg,3d5db7de28be7cebe03cd92f6f935e0fbbe517cf,2009-10-20T04:09:59Z,exact,"harvester downscale, byte-identical","recovered by 14_commons_provenance.py: the Commons original after 06_harvest_commons.py's downscale (RGB, max 1024 px, JPEG quality 90)"
casent0101613,Crematogaster,test,p,data/images/Crematogaster/casent0101613_p.jpg,75865df5c5f989a857dd5b893bcb3e9e687c58272646eca6e2f9102d0f9fac8d,1024,615,136242,commons,https://upload.wikimedia.org/wikipedia/commons/c/c2/Crematogaster_rasoherinae_casent0101613_profile_1.jpg,Crematogaster rasoherinae casent0101613 profile 1.jpg,324e771bf7a5f880fba40682ac7f59ce8138fa03,2009-10-21T20:01:03Z,exact,"harvester downscale, byte-identical","recovered by 14_commons_provenance.py: the Commons original after 06_harvest_commons.py's downscale (RGB, max 1024 px, JPEG quality 90)"
casent0101616,Nesomyrmex,test,p,data/images/Nesomyrmex/casent0101616_p.jpg,ab136f8acb4c59a214aee26e9f0ae9fe0a84e22e3e9248fd3b11cbe91e7f53f0,1024,607,152086,commons,https://upload.wikimedia.org/wikipedia/commons/7/76/Nesomyrmex_retusispinosus_casent0101616_profile_1.jpg,Nesomyrmex retusispinosus casent0101616 profile 1.jpg,929663ae8dd2e4d9cbd62c37560cc833e6f7cd1f,2009-10-20T16:30:58Z,exact,"harvester downscale, byte-identical","recovered by 14_commons_provenance.py: the Commons original after 06_harvest_commons.py's downscale (RGB, max 1024 px, JPEG quality 90)"
casent0101618,Terataner,train,p,data/images/Terataner/casent0101618_p.jpg,5ba7bd46e765d1ecead90e4b531f0638af1a9f74a0afd671ce116eebcdbc8cd2,1024,803,257614,commons,https://upload.wikimedia.org/wikipedia/commons/f/f4/Terataner_rufipes_casent0101618_profile_1.jpg,Terataner rufipes casent0101618 profile 1.jpg,3341e91e54219c1257ef82e3c94402ff30bfae1b,2009-10-21T23:11:42Z,exact,"harvester downscale, byte-identical","recovered by 14_commons_provenance.py: the Commons original after 06_harvest_commons.py's downscale (RGB, max 1024 px, JPEG quality 90)"
casent0101624,Pheidole,train,p,data/images/Pheidole/casent0101624_p.jpg,cbf1a8c219446f7af5f5a653a13e7f63c5bc365bd45e549bc982b24fdb12a24d,1024,657,164365,commons,https://upload.wikimedia.org/wikipedia/commons/a/a9/Pheidole_lucida_casent0101624_profile_1.jpg,Pheidole lucida casent0101624 profile 1.jpg,5490c9bd766ba63a28c1dbf40b636387d5d56d05,2009-10-22T19:37:05Z,exact,"harvester downscale, byte-identical","recovered by 14_commons_provenance.py: the Commons original after 06_harvest_commons.py's downscale (RGB, max 1024 px, JPEG quality 90)"
casent0101626,Leptogenys,train,p,data/images/Leptogenys/casent0101626_p.jpg,349fd0315a0ffe45a1189aa24c4f03d0b32ced5c128f1ee1a84c6f99d54d0ca6,1024,545,135541,commons,https://upload.wikimedia.org/wikipedia/commons/4/4b/Leptogenys_truncatirostris_casent0101626_profile_1.jpg,Leptogenys truncatirostris casent0101626 profile 1.jpg,b9979368364a1e2dc110c249e228f4827c3c5463,2009-10-19T19:41:45Z,exact,"harvester downscale, byte-identical","recovered by 14_commons_provenance.py: the Commons original after 06_harvest_commons.py's downscale (RGB, max 1024 px, JPEG quality 90)"
casent0101628,Pheidole,train,p,data/images/Pheidole/casent0101628_p.jpg,0b0c39634cb60df40e23a552bcee4253c29901b2d79a01938704b44a3cf62e8b,1024,626,145966,commons,https://upload.wikimedia.org/wikipedia/commons/1/1a/Pheidole_sikorae_litigiosa_casent0101628_profile_1.jpg,Pheidole sikorae litigiosa casent0101628 profile 1.jpg,0bf143f0573ed259fb0392c924f230d5eb70a659,2009-10-20T05:19:13Z,exact,"harvester downscale, byte-identical","recovered by 14_commons_provenance.py: the Commons original after 06_harvest_commons.py's downscale (RGB, max 1024 px, JPEG quality 90)"
casent0101630,Pheidole,train,p,data/images/Pheidole/casent0101630_p.jpg,0c922958efe3346e9c9398b31b34d4f95b3ff595e338e44a5867a3d06b7f7455,1024,571,151019,commons,https://upload.wikimedia.org/wikipedia/commons/e/eb/Pheidole_veteratrix_casent0101630_profile_1.jpg,Pheidole veteratrix casent0101630 profile 1.jpg,eee9f9acfad13456be1a86745c107d79be4accfb,2009-10-19T05:07:45Z,exact,"harvester downscale, byte-identical","recovered by 14_commons_provenance.py: the Commons original after 06_harvest_commons.py's downscale (RGB, max 1024 px, JPEG quality 90)"
casent0101631,Crematogaster,train,p,data/images/Crematogaster/casent0101631_p.jpg,c58c73e84398f02b31f95a6d4473f0de3d99a6726912f1b391aa424d8cc5246c,1024,696,147875,commons,https://upload.wikimedia.org/wikipedia/commons/5/54/Crematogaster_ensifera_casent0101631_profile_1.jpg,Crematogaster ensifera casent0101631 profile 1.jpg,c2785e2fdba8a135e545504423d4ebf08deacbb6,2009-10-18T09:18:39Z,exact,"harvester downscale, byte-identical","recovered by 14_commons_provenance.py: the Commons original after 06_harvest_commons.py's downscale (RGB, max 1024 px, JPEG quality 90)"
casent0101632,Crematogaster,test,p,data/images/Crematogaster/casent0101632_p.jpg,55aa9dd78926989066ef18553e4a0cf5460d27fa3d2b0335c5df1161457e1801,1024,641,156623,commons,https://upload.wikimedia.org/wikipedia/commons/5/55/Crematogaster_sewellii_casent0101632_profile_1.jpg,Crematogaster sewellii casent0101632 profile 1.jpg,0c01d3ad072664af52aa70292b48508516cc1eb2,2009-10-18T21:41:23Z,exact,"harvester downscale, byte-identical","recovered by 14_commons_provenance.py: the Commons original after 06_harvest_commons.py's downscale (RGB, max 1024 px, JPEG quality 90)"
casent0101634,Meranoplus,train,p,data/images/Meranoplus/casent0101634_p.jpg,76f2d41318363a74d003f478791a657a4431c362815aa6724b1e05c74f0cd194,1024,773,220596,commons,https://upload.wikimedia.org/wikipedia/commons/7/74/Meranoplus_radamae_casent0101634_profile_1.jpg,Meranoplus radamae casent0101634 profile 1.jpg,cb410422a47956fcaaba85d827f51d20f12db20c,2009-10-20T08:15:22Z,exact,"harvester downscale, byte-identical","recovered by 14_commons_provenance.py: the Commons original after 06_harvest_commons.py's downscale (RGB, max 1024 px, JPEG quality 90)"
casent0101635,Tetraponera,train,p,data/images/Tetraponera/casent0101635_p.jpg,ff5151daa159bb27592c9268a182d8ceae831e0aa315ad865d3b8432a7c960c5,1024,574,123846,commons,https://upload.wikimedia.org/wikipedia/commons/5/5e/Tetraponera_hysterica_casent0101635_profile_1.jpg,Tetraponera hysterica casent0101635 profile 1.jpg,f1c811c2b9aff2294974d6338399a96b05fb8930,2009-10-20T04:27:17Z,exact,"harvester downscale, byte-identical","recovered by 14_commons_provenance.py: the Commons original after 06_harvest_commons.py's downscale (RGB, max 1024 px, JPEG quality 90)"
casent0101636,Technomyrmex,train,p,data/images/Technomyrmex/casent0101636_p.jpg,26040b2417d6e546f792bc8b2ed7e297e7b3a1ae77f0fb3440fd68e37ee800d0,1024,531,112404,commons,https://upload.wikimedia.org/wikipedia/commons/5/56/Technomyrmex_madecassus_casent0101636_profile_1.jpg,Technomyrmex madecassus casent0101636 profile 1.jpg,15f9a3f747e19693499f7b8d202b257889bdd535,2009-10-21T14:03:55Z,exact,"harvester downscale, byte-identical","recovered by 14_commons_provenance.py: the Commons original after 06_harvest_commons.py's downscale (RGB, max 1024 px, JPEG quality 90)"
casent0101638,Pheidole,test,p,data/images/Pheidole/casent0101638_p.jpg,86d9401618f997873f0867f57a3481220d06630b7ddb9dd52a325ba4a407b0e6,1024,588,142495,commons,https://upload.wikimedia.org/wikipedia/commons/7/76/Pheidole_sikorae_litigiosa_casent0101638_profile_1.jpg,Pheidole sikorae litigiosa casent0101638 profile 1.jpg,ccfa2e67aac103625a805214063a87e93d86d7c7,2009-10-22T11:44:38Z,exact,"harvester downscale, byte-identical","recovered by 14_commons_provenance.py: the Commons original after 06_harvest_commons.py's downscale (RGB, max 1024 px, JPEG quality 90)"
casent0101639,Crematogaster,train,p,data/images/Crematogaster/casent0101639_p.jpg,73227ed24184bd0e11a04ba2a2c7214ca5c7c91ff6bb219a3bdebbc547c86a0a,1024,725,188927,commons,https://upload.wikimedia.org/wikipedia/commons/0/0c/Crematogaster_emmae_casent0101639_profile_1.jpg,Crematogaster emmae casent0101639 profile 1.jpg,4e61424b23ee058073a5267f884446a90e8c1f70,2009-10-19T23:32:44Z,exact,"harvester downscale, byte-identical","recovered by 14_commons_provenance.py: the Commons original after 06_harvest_commons.py's downscale (RGB, max 1024 px, JPEG quality 90)"
casent0101640,Pheidole,train,p,data/images/Pheidole/casent0101640_p.jpg,fcafb1de321f94ac9bce7ed18866a3ecd2eff9f25e1ee4cadc060539291450cf,1024,711,196632,commons,https://upload.wikimedia.org/wikipedia/commons/0/08/Pheidole_oswaldi_casent0101640_profile_1.jpg,Pheidole oswaldi casent0101640 profile 1.jpg,76b58cc9fbef5805fe479a8328929b2817688b9a,2009-10-22T05:28:34Z,exact,"harvester downscale, byte-identical","recovered by 14_commons_provenance.py: the Commons original after 06_harvest_commons.py's downscale (RGB, max 1024 px, JPEG quality 90)"
casent0101641,Meranoplus,test,p,data/images/Meranoplus/casent0101641_p.jpg,5720e8c92367b17347e50da9c292ca46b55e24f08fc1d24575ffb690e6c8e272,1024,713,207471,commons,https://upload.wikimedia.org/wikipedia/commons/0/06/Meranoplus_radamae_casent0101641_profile_1.jpg,Meranoplus radamae casent0101641 profile 1.jpg,36e12298271973cb25d71721289b5f9769f20a57,2009-10-20T01:50:02Z,exact,"harvester downscale, byte-identical","recovered by 14_commons_provenance.py: the Commons original after 06_harvest_commons.py's downscale (RGB, max 1024 px, JPEG quality 90)"
casent0101644,Camponotus,train,p,data/images/Camponotus/casent0101644_p.jpg,7232fc9c82aec1a522f52fc9b46e15e3727447c171b436ffe80d8a25fd57e20b,1024,735,172832,commons,https://upload.wikimedia.org/wikipedia/commons/f/fd/Camponotus_dufouri_casent0101644_profile_1.jpg,Camponotus dufouri casent0101644 profile 1.jpg,3f69da30dccce63ec0a921a8273da33a7c499341,2009-10-18T13:35:37Z,exact,"harvester downscale, byte-identical","recovered by 14_commons_provenance.py: the Commons original after 06_harvest_commons.py's downscale (RGB, max 1024 px, JPEG quality 90)"
casent0101650,Pheidole,train,p,data/images/Pheidole/casent0101650_p.jpg,fbca5a7ad96989337cc32cb106dd0014c7b27e8dc080851b01f5106901c7ed64,1024,1024,125761,gbif_cache,https://api.gbif.org/v1/image/cache/1024x1024/occurrence/865114866/media/337988da9fb91e487416e63ba1470479,,,,,,GBIF image cache of https://www.antweb.org/images/casent0101650/casent0101650_p_1_high.jpg; download success recorded in download_status.csv; size variant (1024x1024 or original) not recorded
casent0101651,Anochetus,train,p,data/images/Anochetus/casent0101651_p.jpg,f36b3843f513ce5976c1d98ae3e0d1f75c5a1e7d396c10e2c48ec1b3546f5f0f,1280,740,161716,commons,https://upload.wikimedia.org/wikipedia/commons/0/0a/Anochetus_madagascarensis_casent0101651_profile_1.jpg,Anochetus madagascarensis casent0101651 profile 1.jpg,7bb68b6f9223f8cfe2c6e463bb1c04f3e8ac71ba,2009-10-19T05:13:27Z,exact,"Commons server thumbnail, byte-identical","recovered by 14_commons_provenance.py: Commons' own thumbnail of that original (requested at 1024 px, served at the next standard width); not what the current harvester fetches, so most likely an earlier version of it, whose docstring still describes 1024 px thumbnails"
casent0101652,Tetraponera,test,p,data/images/Tetraponera/casent0101652_p.jpg,3a74063fa9f9b615682540d6c96a0c39f38d57717f60a65e6859664c60416cc6,1024,771,148730,commons,https://upload.wikimedia.org/wikipedia/commons/2/25/Tetraponera_grandidieri_casent0101652_profile_1.jpg,Tetraponera grandidieri casent0101652 profile 1.jpg,f48435c0a8840c9c4c3918a220ac15c1e5f49f2e,2009-10-19T22:15:19Z,exact,"harvester downscale, byte-identical","recovered by 14_commons_provenance.py: the Commons original after 06_harvest_commons.py's downscale (RGB, max 1024 px, JPEG quality 90)"
casent0101655,Crematogaster,test,p,data/images/Crematogaster/casent0101655_p.jpg,6374df9d6fd456224138f0a3e7e44ae49734037f3f61167831f9c1dd677122e0,1024,550,134185,commons,https://upload.wikimedia.org/wikipedia/commons/f/f3/Crematogaster_hova_latinoda_casent0101655_profile_1.jpg,Crematogaster hova latinoda casent0101655 profile 1.jpg,1ceceb29d315ca683df1d863e7c4a2831ed692d1,2009-10-19T08:37:31Z,exact,"harvester downscale, byte-identical","recovered by 14_commons_provenance.py: the Commons original after 06_harvest_commons.py's downscale (RGB, max 1024 px, JPEG quality 90)"
casent0101659,Crematogaster,train,p,data/images/Crematogaster/casent0101659_p.jpg,06291ccff55489b44f44357576d79cfa0fedf291d0042059107b9e3d80090a45,1024,684,186647,commons,https://upload.wikimedia.org/wikipedia/commons/f/f8/Crematogaster_hova_casent0101659_profile_1.jpg,Crematogaster hova casent0101659 profile 1.jpg,ad0c87575e2c16bfff66ad492ee5760a3f2e8bc3,2009-10-19T01:14:39Z,exact,"harvester downscale, byte-identical","recovered by 14_commons_provenance.py: the Commons original after 06_harvest_commons.py's downscale (RGB, max 1024 px, JPEG quality 90)"
casent0101661,Pheidole,train,p,data/images/Pheidole/casent0101661_p.jpg,40bededc05a223d545d45226d91d8eed0c855356f66916996c7030f9483f4a0c,1024,771,168097,commons,https://upload.wikimedia.org/wikipedia/commons/b/be/Pheidole_veteratrix_angustinoda_casent0101661_profile_1.jpg,Pheidole veteratrix angustinoda casent0101661 profile 1.jpg,0951768f5f49a39fa023a2c8d770353ae4970db8,2009-10-20T21:22:53Z,exact,"harvester downscale, byte-identical","recovered by 14_commons_provenance.py: the Commons original after 06_harvest_commons.py's downscale (RGB, max 1024 px, JPEG quality 90)"
casent0101663,Anochetus,train,p,data/images/Anochetus/casent0101663_p.jpg,1fcfac0ff66b08e7e642c39cbc5916aef70025d4656c1e0dbcda6e7f3cc19c9a,1024,637,136404,commons,https://upload.wikimedia.org/wikipedia/commons/d/d7/Anochetus_madagascarensis_casent0101663_profile_1.jpg,Anochetus madagascarensis casent0101663 profile 1.jpg,a5919d1af498054237bdc58443f140cd21c6fc12,2009-10-20T09:10:53Z,exact,"harvester downscale, byte-identical","recovered by 14_commons_provenance.py: the Commons original after 06_harvest_commons.py's downscale (RGB, max 1024 px, JPEG quality 90)"
casent0101667,Nesomyrmex,train,p,data/images/Nesomyrmex/casent0101667_p.jpg,c9879dd70162bb67ad29a2b7b503964d2183b97864583250b27b3bf49bb56d16,1024,1024,135233,gbif_cache,https://api.gbif.org/v1/image/cache/1024x1024/occurrence/865115153/media/bb4c945de6db35b601123aa3e5fb299d,,,,,,GBIF image cache of https://www.antweb.org/images/casent0101667/casent0101667_p_1_high.jpg; download success recorded in download_status.csv; size variant (1024x1024 or original) not recorded
casent0101668,Pheidole,train,p,data/images/Pheidole/casent0101668_p.jpg,f54043bc42d750c6ada9fc14e9a12182f7309267bd2d8127136f3c130cefbadc,1024,730,201909,commons,https://upload.wikimedia.org/wikipedia/commons/6/61/Pheidole_sikorae_casent0101668_profile_1.jpg,Pheidole sikorae casent0101668 profile 1.jpg,2480efdd9190f3f6da2c8417ade0c1b9c3b91e68,2009-10-19T21:52:25Z,exact,"harvester downscale, byte-identical","recovered by 14_commons_provenance.py: the Commons original after 06_harvest_commons.py's downscale (RGB, max 1024 px, JPEG quality 90)"
casent0101669,Camponotus,train,p,data/images/Camponotus/casent0101669_p.jpg,970ffb5c3ba16c2d57733004231d17e76ce0cf1e2dfdec7ac007b58401aedc56,1024,608,129582,commons,https://upload.wikimedia.org/wikipedia/commons/b/b0/Camponotus_dufouri_casent0101669_profile_1.jpg,Camponotus dufouri casent0101669 profile 1.jpg,cefcefa36b27021abfa91125c7b79573a5906d2e,2009-10-18T21:36:40Z,exact,"harvester downscale, byte-identical","recovered by 14_commons_provenance.py: the Commons original after 06_harvest_commons.py's downscale (RGB, max 1024 px, JPEG quality 90)"
casent0101670,Mystrium,train,p,data/images/Mystrium/casent0101670_p.jpg,7931686fe55850ef5719b2917be1a24aa15aef820aaab5574ac4851b0f03518e,1280,540,211744,commons,https://upload.wikimedia.org/wikipedia/commons/e/e4/Mystrium_rogeri_casent0101670_profile_1.jpg,Mystrium rogeri casent0101670 profile 1.jpg,7fef749c3b24632e819c067af0c1f95f6ec9b57b,2009-10-19T22:29:57Z,exact,"Commons server thumbnail, pixel-identical","recovered by 14_commons_provenance.py: Commons' own thumbnail of that original (requested at 1024 px, served at the next standard width); not what the current harvester fetches, so most likely an earlier version of it, whose docstring still describes 1024 px thumbnails"
casent0101674,Anochetus,test,p,data/images/Anochetus/casent0101674_p.jpg,e133d66a1b3c1ac6a4b4ff008f7c6f371d60090b649e42c62315a3907184e60e,1024,568,122674,commons,https://upload.wikimedia.org/wikipedia/commons/5/59/Anochetus_madagascarensis_casent0101674_profile_1.jpg,Anochetus madagascarensis casent0101674 profile 1.jpg,3045062cd09a8f471fc857ef12220691e96ccbd1,2009-10-22T02:57:48Z,exact,"harvester downscale, byte-identical","recovered by 14_commons_provenance.py: the Commons original after 06_harvest_commons.py's downscale (RGB, max 1024 px, JPEG quality 90)"
casent0101678,Cardiocondyla,test,p,data/images/Cardiocondyla/casent0101678_p.jpg,7c2cbc28faddb1f8fe33d42a1f2cf3eb3f89e4ba12e40ad3dfcf4026c38686db,1024,680,168666,commons,https://upload.wikimedia.org/wikipedia/commons/b/bf/Cardiocondyla_shuckardi_casent0101678_profile_1.jpg,Cardiocondyla shuckardi casent0101678 profile 1.jpg,dff28d34b4d6b33f7e633e2535dc2a28832f0e90,2009-10-21T03:11:42Z,exact,"harvester downscale, byte-identical","recovered by 14_commons_provenance.py: the Commons original after 06_harvest_commons.py's downscale (RGB, max 1024 px, JPEG quality 90)"
casent0101682,Pheidole,train,p,data/images/Pheidole/casent0101682_p.jpg,a7d907d33481ef09a60adf99dd899831cfbb6d9c7d5782c70f60186ba626671f,1024,749,178945,commons,https://upload.wikimedia.org/wikipedia/commons/d/dd/Pheidole_longispinosa_casent0101682_profile_1.jpg,Pheidole longispinosa casent0101682 profile 1.jpg,01487c5a59f2b1315ae0fa49fadc86ee6010a112,2009-10-18T19:22:52Z,exact,"harvester downscale, byte-identical","recovered by 14_commons_provenance.py: the Commons original after 06_harvest_commons.py's downscale (RGB, max 1024 px, JPEG quality 90)"
casent0101683,Crematogaster,train,p,data/images/Crematogaster/casent0101683_p.jpg,5313c71fabd078d1576ab75f1bb5e37a5b7d59155bb2736f4497d3ca2951c281,1024,575,144571,commons,https://upload.wikimedia.org/wikipedia/commons/c/c4/Crematogaster_sewellei_dentata_casent0101683_profile_1.jpg,Crematogaster sewellei dentata casent0101683 profile 1.jpg,301bba21c35e9ebdd1075009f612313e51226f9c,2009-10-22T12:15:46Z,exact,"harvester downscale, byte-identical","recovered by 14_commons_provenance.py: the Commons original after 06_harvest_commons.py's downscale (RGB, max 1024 px, JPEG quality 90)"
casent0101687,Nesomyrmex,train,p,data/images/Nesomyrmex/casent0101687_p.jpg,5dd99d66c64c71a3d4a7debf04c6d4b555b39ddb473cae82e07e86f18c46dd85,1024,713,181633,commons,https://upload.wikimedia.org/wikipedia/commons/3/31/Nesomyrmex_madecassus_casent0101687_profile_1.jpg,Nesomyrmex madecassus casent0101687 profile 1.jpg,1721b1baee34294ffba4fc25c6396c9fa86b21a7,2009-10-21T19:31:10Z,exact,"harvester downscale, byte-identical","recovered by 14_commons_provenance.py: the Commons original after 06_harvest_commons.py's downscale (RGB, max 1024 px, JPEG quality 90)"
casent0101688,Pheidole,test,p,data/images/Pheidole/casent0101688_p.jpg,008ad681e40d16050180425fe2f2533ae62f4189e58afed55be2155a3b58429e,1024,563,147808,commons,https://upload.wikimedia.org/wikipedia/commons/7/72/Pheidole_annemariae_casent0101688_profile_1.jpg,Pheidole annemariae casent0101688 profile 1.jpg,bd807322a2e030b3cbdbde084594069525aedaa0,2009-10-18T12:39:44Z,exact,"harvester downscale, byte-identical","recovered by 14_commons_provenance.py: the Commons original after 06_harvest_commons.py's downscale (RGB, max 1024 px, JPEG quality 90)"
casent0101690,Crematogaster,train,p,data/images/Crematogaster/casent0101690_p.jpg,386c0a6d7612aa94a99affc68bf0af40b00e1b13f549710c7700513931a21f8c,1024,582,123535,commons,https://upload.wikimedia.org/wikipedia/commons/8/82/Crematogaster_degeeri_casent0101690_profile_1.jpg,Crematogaster degeeri casent0101690 profile 1.jpg,e2b8235b585f1139132726f9ecb791ac659a14d3,2009-10-20T20:05:15Z,exact,"harvester downscale, byte-identical","recovered by 14_commons_provenance.py: the Commons original after 06_harvest_commons.py's downscale (RGB, max 1024 px, JPEG quality 90)"
casent0101692,Pheidole,test,p,data/images/Pheidole/casent0101692_p.jpg,b63b25186f5df8308a4c6ddf3e18453086f964d56fa9411e58ec8b7a513defe2,1024,633,178032,commons,https://upload.wikimedia.org/wikipedia/commons/9/98/Pheidole_sikorae_casent0101692_profile_1.jpg,Pheidole sikorae casent0101692 profile 1.jpg,a7a492b4e8659cd08b50de192b3e61872b802f89,2009-10-18T22:18:57Z,exact,"harvester downscale, byte-identical","recovered by 14_commons_provenance.py: the Commons original after 06_harvest_commons.py's downscale (RGB, max 1024 px, JPEG quality 90)"
casent0101693,Tetramorium,test,p,data/images/Tetramorium/casent0101693_p.jpg,0741728cf1ff613574be617b9c7bef14474de102ad072bc98007f35edd2c1e90,1024,699,201973,commons,https://upload.wikimedia.org/wikipedia/commons/e/e6/Tetramorium_severini_casent0101693_profile_1.jpg,Tetramorium severini casent0101693 profile 1.jpg,9e0f01cfef757c79c4ce6d927dccc55fc06b0415,2009-10-18T10:00:38Z,exact,"harvester downscale, byte-identical","recovered by 14_commons_provenance.py: the Commons original after 06_harvest_commons.py's downscale (RGB, max 1024 px, JPEG quality 90)"
casent0101695,Pheidole,train,p,data/images/Pheidole/casent0101695_p.jpg,264b3d737ccec1e28bb3446cbb46855a2570f0dff04bc8d4b78bbc8759253a82,1280,765,235126,commons,https://upload.wikimedia.org/wikipedia/commons/0/0d/Pheidole_longispinosa_scabrata_casent0101695_profile_1.jpg,Pheidole longispinosa scabrata casent0101695 profile 1.jpg,969c008790fcb5727f64d94ba79d881e8f28ad3a,2009-10-19T01:17:46Z,exact,"Commons server thumbnail, byte-identical","recovered by 14_commons_provenance.py: Commons' own thumbnail of that original (requested at 1024 px, served at the next standard width); not what the current harvester fetches, so most likely an earlier version of it, whose docstring still describes 1024 px thumbnails"
casent0101696,Terataner,train,p,data/images/Terataner/casent0101696_p.jpg,66d1af3508f93355e62c40d25d579f0b191caf984d4ad9618fb5b132007f5596,1024,654,208570,commons,https://upload.wikimedia.org/wikipedia/commons/3/3a/Terataner_alluaudi_casent0101696_profile_1.jpg,Terataner alluaudi casent0101696 profile 1.jpg,a627a6a70321aef2c818fe49ce2ae3f38afd1acf,2009-10-21T23:19:02Z,exact,"harvester downscale, byte-identical","recovered by 14_commons_provenance.py: the Commons original after 06_harvest_commons.py's downscale (RGB, max 1024 px, JPEG quality 90)"
casent0101697,Tetramorium,train,p,data/images/Tetramorium/casent0101697_p.jpg,b27c2dd08b06a10d5818d828b417753868ead5e775ca344f021dbe76a3d8f6e6,1024,773,275424,commons,https://upload.wikimedia.org/wikipedia/commons/0/00/Tetramorium_schaufussii_casent0101697_profile_1.jpg,Tetramorium schaufussii casent0101697 profile 1.jpg,837cce25ae4191868211635f52c20b656bb2fe54,2009-10-21T11:55:20Z,exact,"harvester downscale, byte-identical","recovered by 14_commons_provenance.py: the Commons original after 06_harvest_commons.py's downscale (RGB, max 1024 px, JPEG quality 90)"
casent0101703,Terataner,train,p,data/images/Terataner/casent0101703_p.jpg,fdc23e4ac5c2d7d5d9803dff45189f04f332e08bb3048537f042500bec8d9145,1024,771,244215,commons,https://upload.wikimedia.org/wikipedia/commons/5/5e/Terataner_foreli_casent0101703_profile_1.jpg,Terataner foreli casent0101703 profile 1.jpg,3278b6979d3857b7b33d523231b8ebb90d2a91e7,2009-10-22T07:49:01Z,exact,"harvester downscale, byte-identical","recovered by 14_commons_provenance.py: the Commons original after 06_harvest_commons.py's downscale (RGB, max 1024 px, JPEG quality 90)"
casent0101704,Camponotus,train,p,data/images/Camponotus/casent0101704_p.jpg,fc520b22dd7995e3d5a921ea585e6fd1a337d5c0dc36fe39b0eac944e964efa5,1024,701,177366,commons,https://upload.wikimedia.org/wikipedia/commons/4/4d/Camponotus_cervicalis_casent0101704_profile_1.jpg,Camponotus cervicalis casent0101704 profile 1.jpg,63ce98c47bc3b70bd9a0ecca4e0e06985193d378,2009-10-20T22:37:12Z,exact,"harvester downscale, byte-identical","recovered by 14_commons_provenance.py: the Commons original after 06_harvest_commons.py's downscale (RGB, max 1024 px, JPEG quality 90)"
casent0101705,Technomyrmex,test,p,data/images/Technomyrmex/casent0101705_p.jpg,b04cac4098bda5b24bac9f8385a9efa84f905374f002bed5fb891b960b7a1aa1,1020,808,136411,commons,https://upload.wikimedia.org/wikipedia/commons/2/25/Technomyrmex_madecassus_casent0101705_profile_1.jpg,Technomyrmex madecassus casent0101705 profile 1.jpg,a77aee1ef625067b857de750215fc2bac5a7f662,2009-10-22T19:41:58Z,exact,"harvester downscale, byte-identical","recovered by 14_commons_provenance.py: the Commons original after 06_harvest_commons.py's downscale (RGB, max 1024 px, JPEG quality 90)"
casent0101707,Pheidole,train,p,data/images/Pheidole/casent0101707_p.jpg,e0b1041dec1a12bf246f381d8b3913f44939075a5ad34e6d65a6c6c061d005f6,1024,735,182928,commons,https://upload.wikimedia.org/wikipedia/commons/b/bb/Pheidole_madecassa_casent0101707_profile_1.jpg,Pheidole madecassa casent0101707 profile 1.jpg,90b59e804c9693324d07055d32851328f97e8829,2009-10-22T10:55:58Z,exact,"harvester downscale, byte-identical","recovered by 14_commons_provenance.py: the Commons original after 06_harvest_commons.py's downscale (RGB, max 1024 px, JPEG quality 90)"
casent0101710,Mystrium,train,p,data/images/Mystrium/casent0101710_p.jpg,64b09624766d04930dca3699adf3bf83c5c5bc3bb82e7a53c06fdf9e196ec696,1280,719,191411,commons,https://upload.wikimedia.org/wikipedia/commons/9/95/Mystrium_voeltzkowi_casent0101710_profile_1.jpg,Mystrium voeltzkowi casent0101710 profile 1.jpg,b1d0477bd459527d53435f3f3e5ee8c856eadb1c,2009-10-20T10:10:21Z,exact,"Commons server thumbnail, byte-identical","recovered by 14_commons_provenance.py: Commons' own thumbnail of that original (requested at 1024 px, served at the next standard width); not what the current harvester fetches, so most likely an earlier version of it, whose docstring still describes 1024 px thumbnails"
casent0101711,Lioponera,test,p,data/images/Lioponera/casent0101711_p.jpg,cea97177ab1cb0c708b0116d4a97967cf34f1fe8ee8743e98392960abc8e7f77,1024,777,176007,commons,https://upload.wikimedia.org/wikipedia/commons/6/66/Cerapachys_kraepelinii_casent0101711_profile_1.jpg,Cerapachys kraepelinii casent0101711 profile 1.jpg,508114f8e8d5ef88287d71d467a8d7cb13c8025a,2009-10-19T02:45:27Z,exact,"harvester downscale, byte-identical","recovered by 14_commons_provenance.py: the Commons original after 06_harvest_commons.py's downscale (RGB, max 1024 px, JPEG quality 90)"
casent0101712,Anochetus,train,p,data/images/Anochetus/casent0101712_p.jpg,b605125e64dd031ae163f3a037c2f1886067590cd6f190078064ece6c8aa6180,1024,319,76735,commons,https://upload.wikimedia.org/wikipedia/commons/0/0e/Anochetus_madagascarensis_casent0101712_profile_1.jpg,Anochetus madagascarensis casent0101712 profile 1.jpg,57fe640ba85dc00347d6b2ddb64cf7966b652217,2009-10-19T20:45:04Z,exact,"harvester downscale, byte-identical","recovered by 14_commons_provenance.py: the Commons original after 06_harvest_commons.py's downscale (RGB, max 1024 px, JPEG quality 90)"
casent0101713,Tetraponera,test,p,data/images/Tetraponera/casent0101713_p.jpg,f7d4523b2e0b73d0ef3617705b2700a69c120e28dd165516d3fd7f3fb6afaa01,1024,548,110289,commons,https://upload.wikimedia.org/wikipedia/commons/7/70/Tetraponera_rakotonis_casent0101713_profile_1.jpg,Tetraponera rakotonis casent0101713 profile 1.jpg,ae7b65b67e26937a4367c4f6335867b1f84a60c7,2009-10-19T05:42:49Z,exact,"harvester downscale, byte-identical","recovered by 14_commons_provenance.py: the Commons original after 06_harvest_commons.py's downscale (RGB, max 1024 px, JPEG quality 90)"
casent0101714,Leptogenys,train,p,data/images/Leptogenys/casent0101714_p.jpg,085939741929585e9d0971c01ef3d6a7b59fb567532bf83ea8e2a4b6b1d18c65,1024,581,157790,commons,https://upload.wikimedia.org/wikipedia/commons/d/d4/Leptogenys_truncatirostris_casent0101714_profile_1.jpg,Leptogenys truncatirostris casent0101714 profile 1.jpg,1cd0818c6dcae73372bd7ad4c99b3e7059c8cec1,2009-10-18T07:33:33Z,exact,"harvester downscale, byte-identical","recovered by 14_commons_provenance.py: the Commons original after 06_harvest_commons.py's downscale (RGB, max 1024 px, JPEG quality 90)"
casent0101715,Tetraponera,train,p,data/images/Tetraponera/casent0101715_p.jpg,0697675a986f87fcf7c53d2d8c896d77b734648f4caff80f010d50c93d6aac45,1024,448,94502,commons,https://upload.wikimedia.org/wikipedia/commons/e/e1/Tetraponera_morondaviensis_casent0101715_profile_1.jpg,Tetraponera morondaviensis casent0101715 profile 1.jpg,30b0084f0928fac40de00aca787e14ecdb8d4d21,2009-10-19T02:18:04Z,exact,"harvester downscale, byte-identical","recovered by 14_commons_provenance.py: the Commons original after 06_harvest_commons.py's downscale (RGB, max 1024 px, JPEG quality 90)"
casent0101716,Pheidole,test,p,data/images/Pheidole/casent0101716_p.jpg,d4203fc6c31835d14af05139a5e7367cef452f20ba0577bdb9927c1feaab3600,1024,633,148846,commons,https://upload.wikimedia.org/wikipedia/commons/b/bf/Pheidole_oswaldi_decollata_casent0101716_profile_1.jpg,Pheidole oswaldi decollata casent0101716 profile 1.jpg,fa0e1eebcec394a76e9634e1938e7ff5a586fb5f,2009-10-21T05:17:59Z,exact,"harvester downscale, byte-identical","recovered by 14_commons_provenance.py: the Commons original after 06_harvest_commons.py's downscale (RGB, max 1024 px, JPEG quality 90)"
casent0101718,Platythyrea,train,p,data/images/Platythyrea/casent0101718_p.jpg,738cfd9a8bda70cffdb8dc47560942d3e69329cdc8f8efbd32427f10b3884ad2,1024,332,91336,commons,https://upload.wikimedia.org/wikipedia/commons/2/2d/Platythyrea_arthuri_casent0101718_profile_1.jpg,Platythyrea arthuri casent0101718 profile 1.jpg,84995fb633e7e27baf799a591305686f0eff314a,2009-10-22T04:45:07Z,exact,"harvester downscale, byte-identical","recovered by 14_commons_provenance.py: the Commons original after 06_harvest_commons.py's downscale (RGB, max 1024 px, JPEG quality 90)"
casent0101720,Pheidole,train,p,data/images/Pheidole/casent0101720_p.jpg,3a78183e5e5bcaec6f9f7d6b0bbc70129479e70eb7f9e77a6a8f684e11d1c7b1,1024,644,146547,commons,https://upload.wikimedia.org/wikipedia/commons/3/33/Pheidole_oswaldi_decollata_casent0101720_profile_1.jpg,Pheidole oswaldi decollata casent0101720 profile 1.jpg,ac8dfa8103b42ffc5be8bff3bcff59b4402ffb5a,2009-10-19T07:44:26Z,exact,"harvester downscale, byte-identical","recovered by 14_commons_provenance.py: the Commons original after 06_harvest_commons.py's downscale (RGB, max 1024 px, JPEG quality 90)"
casent0101721,Tetramorium,train,p,data/images/Tetramorium/casent0101721_p.jpg,2292a310a3757890a24325ea1812f2c7b34b211a01a3df953629bd332008322a,1024,753,200017,commons,https://upload.wikimedia.org/wikipedia/commons/e/e3/Tetramorium_delagoense_casent0101721_profile_1.jpg,Tetramorium delagoense casent0101721 profile 1.jpg,38ddb6c954079ba019554206558e99c89852fa2c,2009-10-21T19:09:20Z,exact,"harvester downscale, byte-identical","recovered by 14_commons_provenance.py: the Commons original after 06_harvest_commons.py's downscale (RGB, max 1024 px, JPEG quality 90)"
casent0101722,Platythyrea,test,p,data/images/Platythyrea/casent0101722_p.jpg,b662ab7ebcef0d4a5ddec13b7e36fb71dc4dc48a2e8d739dd1969a9a8619f986,1024,448,123055,commons,https://upload.wikimedia.org/wikipedia/commons/d/d2/Platythyrea_mocquerysi_casent0101722_profile_1.jpg,Platythyrea mocquerysi casent0101722 profile 1.jpg,aa7251064d0db28d98840aae2ea281772c28eb51,2009-10-22T18:40:09Z,exact,"harvester downscale, byte-identical","recovered by 14_commons_provenance.py: the Commons original after 06_harvest_commons.py's downscale (RGB, max 1024 px, JPEG quality 90)"
casent0101723,Leptogenys,train,p,data/images/Leptogenys/casent0101723_p.jpg,8adbde92be12b87df85afaaaecff071117d2abae99a0f346e2aec188af20c400,1024,648,153337,commons,https://upload.wikimedia.org/wikipedia/commons/f/f9/Leptogenys_incisa_casent0101723_profile_1.jpg,Leptogenys incisa casent0101723 profile 1.jpg,183e878514b46744f47cc0bc3a57cddbe8100116,2009-10-21T07:26:25Z,exact,"harvester downscale, byte-identical","recovered by 14_commons_provenance.py: the Commons original after 06_harvest_commons.py's downscale (RGB, max 1024 px, JPEG quality 90)"
casent0101724,Pheidole,train,p,data/images/Pheidole/casent0101724_p.jpg,35aea4641e2cd1b4939d7632c2058f1255b89cc5ea2ea3df95e76fc9ff326a6b,1024,710,193112,commons,https://upload.wikimedia.org/wikipedia/commons/5/56/Pheidole_oswaldi_casent0101724_profile_1.jpg,Pheidole oswaldi casent0101724 profile 1.jpg,3673b9693d39ed351a7672fdc426c9ab84704ec5,2009-10-20T08:41:35Z,exact,"harvester downscale, byte-identical","recovered by 14_commons_provenance.py: the Commons original after 06_harvest_commons.py's downscale (RGB, max 1024 px, JPEG quality 90)"
casent0101727,Leptogenys,train,p,data/images/Leptogenys/casent0101727_p.jpg,cdefefc36143632a6cb9838178f5c90be59cc3f33b01ab6fecd92b1a738fe174,1280,646,187160,commons,https://upload.wikimedia.org/wikipedia/commons/e/e4/Leptogenys_truncatirostris_casent0101727_profile_1.jpg,Leptogenys truncatirostris casent0101727 profile 1.jpg,4db9a33d36774dc2681b89f387a245d11ab949e1,2009-10-20T05:29:45Z,exact,"Commons server thumbnail, byte-identical","recovered by 14_commons_provenance.py: Commons' own thumbnail of that original (requested at 1024 px, served at the next standard width); not what the current harvester fetches, so most likely an earlier version of it, whose docstring still describes 1024 px thumbnails"
casent0101729,Anochetus,train,p,data/images/Anochetus/casent0101729_p.jpg,de3b505627ab3eaa29c3ddd786d7b84254b07b57e595c9c12be6c731bc2f1f90,1024,561,114002,commons,https://upload.wikimedia.org/wikipedia/commons/1/1b/Anochetus_madagascarensis_casent0101729_profile_1.jpg,Anochetus madagascarensis casent0101729 profile 1.jpg,e0a2b04135dab19211d9710af2b4592329065ecf,2009-10-21T21:58:14Z,exact,"harvester downscale, byte-identical","recovered by 14_commons_provenance.py: the Commons original after 06_harvest_commons.py's downscale (RGB, max 1024 px, JPEG quality 90)"
casent0101731,Crematogaster,train,p,data/images/Crematogaster/casent0101731_p.jpg,cfc8f43d18daa2131cf7ad1ec43f2e5ab8de44a21a9ce5fd3e8315cf2c646afc,1024,585,128901,commons,https://upload.wikimedia.org/wikipedia/commons/5/55/Crematogaster_agnetis_casent0101731_profile_1.jpg,Crematogaster agnetis casent0101731 profile 1.jpg,40b376225bd6d1e3a297d8a564e7d0645ab59e77,2009-10-19T20:54:41Z,exact,"harvester downscale, byte-identical","recovered by 14_commons_provenance.py: the Commons original after 06_harvest_commons.py's downscale (RGB, max 1024 px, JPEG quality 90)"
casent0101733,Lioponera,train,p,data/images/Lioponera/casent0101733_p.jpg,40cffb31722dd8faaa5219553afd7b47df2254a9c44e9b5c8f5e245b3515cc65,1024,631,153843,commons,https://upload.wikimedia.org/wikipedia/commons/d/d3/Cerapachys_kraepelinii_casent0101733_profile_1.jpg,Cerapachys kraepelinii casent0101733 profile 1.jpg,bff269dbe85cda29e36049c9402b23fade5f4ed2,2009-10-18T20:40:19Z,exact,"harvester downscale, byte-identical","recovered by 14_commons_provenance.py: the Commons original after 06_harvest_commons.py's downscale (RGB, max 1024 px, JPEG quality 90)"
casent0101735,Crematogaster,train,p,data/images/Crematogaster/casent0101735_p.jpg,4dd832c70f255ad9230a8c126e6e774a88caed51129343dafff239e5fb0c06f1,1024,723,164519,commons,https://upload.wikimedia.org/wikipedia/commons/3/3c/Crematogaster_kelleri_casent0101735_profile_1.jpg,Crematogaster kelleri casent0101735 profile 1.jpg,da4fb99e3974c13a80ee2f06f618f45893150eed,2009-10-22T15:16:25Z,exact,"harvester downscale, byte-identical","recovered by 14_commons_provenance.py: the Commons original after 06_harvest_commons.py's downscale (RGB, max 1024 px, JPEG quality 90)"
casent0101738,Tetraponera,train,p,data/images/Tetraponera/casent0101738_p.jpg,07994291b59dc518a514fc5310971972568382b2cc3fb37120a247b71f1ceccc,1024,568,126817,commons,https://upload.wikimedia.org/wikipedia/commons/8/89/Tetraponera_exasciata_casent0101738_profile_1.jpg,Tetraponera exasciata casent0101738 profile 1.jpg,bc76b843fb72a4e3c4fb2be30939a9b0458997fa,2009-10-18T18:21:14Z,exact,"harvester downscale, byte-identical","recovered by 14_commons_provenance.py: the Commons original after 06_harvest_commons.py's downscale (RGB, max 1024 px, JPEG quality 90)"
casent0101740,Tetraponera,train,p,data/images/Tetraponera/casent0101740_p.jpg,cb6a357b9ca4e64c1cb2058891f6bd0cd91cde2be008b962378e73aec0414e6b,1024,537,127990,commons,https://upload.wikimedia.org/wikipedia/commons/9/9c/Tetraponera_grandidieri_casent0101740_profile_1.jpg,Tetraponera grandidieri casent0101740 profile 1.jpg,0b5e1418a4123f0f9493d7c2c3c744f7be8f8ba5,2009-10-22T23:06:32Z,exact,"harvester downscale, byte-identical","recovered by 14_commons_provenance.py: the Commons original after 06_harvest_commons.py's downscale (RGB, max 1024 px, JPEG quality 90)"
casent0101742,Crematogaster,train,p,data/images/Crematogaster/casent0101742_p.jpg,be7ecde0bbe91a5521c22f9f045aa50f0b2500da50aa7cbd2eecb1a7532537ea,1024,689,176482,commons,https://upload.wikimedia.org/wikipedia/commons/8/84/Crematogaster_emmae_laticeps_casent0101742_profile_1.jpg,Crematogaster emmae laticeps casent0101742 profile 1.jpg,b1a98c3637b5308f2c7c58a0ba9d33dd6f65a9fb,2009-10-22T15:20:30Z,exact,"harvester downscale, byte-identical","recovered by 14_commons_provenance.py: the Commons original after 06_harvest_commons.py's downscale (RGB, max 1024 px, JPEG quality 90)"
casent0101744,Tetramorium,train,p,data/images/Tetramorium/casent0101744_p.jpg,f8043fc500156fc67b77a335f2d609a331902b328b967f2c587c644cfe9bbdda,1024,635,159990,commons,https://upload.wikimedia.org/wikipedia/commons/9/9e/Tetramorium_bessonii_casent0101744_profile_1.jpg,Tetramorium bessonii casent0101744 profile 1.jpg,24d1fbfda2e63c7d513ce30c7da6a92a06eafa6f,2009-10-20T09:40:11Z,exact,"harvester downscale, byte-identical","recovered by 14_commons_provenance.py: the Commons original after 06_harvest_commons.py's downscale (RGB, max 1024 px, JPEG quality 90)"
casent0101745,Pheidole,test,p,data/images/Pheidole/casent0101745_p.jpg,7e20b0fbb130a3149b6ca489ab3dc9aedb08547eebdc1dcbdd94d2a0266caca5,1024,749,178195,commons,https://upload.wikimedia.org/wikipedia/commons/a/ad/Pheidole_voeltzkowii_casent0101745_profile_1.jpg,Pheidole voeltzkowii casent0101745 profile 1.jpg,107cc3e19926583f4043958e2989b532485503e5,2009-10-21T09:57:31Z,exact,"harvester downscale, byte-identical","recovered by 14_commons_provenance.py: the Commons original after 06_harvest_commons.py's downscale (RGB, max 1024 px, JPEG quality 90)"
casent0101747,Camponotus,test,p,data/images/Camponotus/casent0101747_p.jpg,da5687140bd1c8f3d16e86044a3a3b22a3e20bff42c2bede0a13ee2f21b1fa53,1024,683,141051,commons,https://upload.wikimedia.org/wikipedia/commons/1/11/Camponotus_maculatus_casent0101747_profile_1.jpg,Camponotus maculatus casent0101747 profile 1.jpg,e541482321d1cc2e05d2a595f2095bac44b2bb9f,2009-10-20T15:14:31Z,exact,"harvester downscale, byte-identical","recovered by 14_commons_provenance.py: the Commons original after 06_harvest_commons.py's downscale (RGB, max 1024 px, JPEG quality 90)"
casent0101748,Crematogaster,test,p,data/images/Crematogaster/casent0101748_p.jpg,6f3b524293e22be70786ac8cb1c31a714395ed9cdca4154f91f1d79df525c040,1280,671,257639,commons,https://upload.wikimedia.org/wikipedia/commons/b/b1/Crematogaster_schencki_casent0101748_profile_1.jpg,Crematogaster schencki casent0101748 profile 1.jpg,a986d78d6e2130d0cd6d74f3549292b76431e91c,2009-10-20T10:00:54Z,exact,"Commons server thumbnail, pixel-identical","recovered by 14_commons_provenance.py: Commons' own thumbnail of that original (requested at 1024 px, served at the next standard width); not what the current harvester fetches, so most likely an earlier version of it, whose docstring still describes 1024 px thumbnails"
casent0101749,Nylanderia,train,p,data/images/Nylanderia/casent0101749_p.jpg,9ae40a0d00f66214481d90f8ad219bececcd0cd54f7550f6616c3f421ba56ebf,1024,644,127764,commons,https://upload.wikimedia.org/wikipedia/commons/a/aa/Paratrechina_amblyops_casent0101749_profile_1.jpg,Paratrechina amblyops casent0101749 profile 1.jpg,ef2baf01663443c829b9a47588dd8ed220d84ffd,2009-10-20T05:38:01Z,exact,"harvester downscale, byte-identical","recovered by 14_commons_provenance.py: the Commons original after 06_harvest_commons.py's downscale (RGB, max 1024 px, JPEG quality 90)"
casent0101750,Crematogaster,train,p,data/images/Crematogaster/casent0101750_p.jpg,8d885485fcb26ead221814e864ee5834a01ab40770c8e98e81f0c66ce92ad5a8,1024,580,122744,commons,https://upload.wikimedia.org/wikipedia/commons/0/07/Crematogaster_rasoherinae_brunneola_casent0101750_profile_1.jpg,Crematogaster rasoherinae brunneola casent0101750 profile 1.jpg,b684dc0c8049252841ad961d58aa2de95ddbeefd,2009-10-22T16:47:00Z,exact,"harvester downscale, byte-identical","recovered by 14_commons_provenance.py: the Commons original after 06_harvest_commons.py's downscale (RGB, max 1024 px, JPEG quality 90)"
casent0101755,Pheidole,train,p,data/images/Pheidole/casent0101755_p.jpg,b920afeb6581aba085506ea29f9fe37b0e0d3f0d133d446dce5190cb8d1ae3c5,1024,769,159307,commons,https://upload.wikimedia.org/wikipedia/commons/2/20/Pheidole_picata_casent0101755_profile_1.jpg,Pheidole picata casent0101755 profile 1.jpg,32d56f7afbadd1394035ac56f7e7ac7fe9a2861b,2009-10-21T01:52:27Z,exact,"harvester downscale, byte-identical","recovered by 14_commons_provenance.py: the Commons original after 06_harvest_commons.py's downscale (RGB, max 1024 px, JPEG quality 90)"
casent0101756,Anochetus,train,p,data/images/Anochetus/casent0101756_p.jpg,b3bc947fb43f9c36c2e863c568f726ca6e6a03081e9611bf7e180bdbd727bdb7,1024,697,134123,commons,https://upload.wikimedia.org/wikipedia/commons/f/f0/Anochetus_madagascarensis_casent0101756_profile_1.jpg,Anochetus madagascarensis casent0101756 profile 1.jpg,de95f65ddf82b14aa36b0cb855ab50fe717d8ca4,2009-10-22T03:45:10Z,exact,"harvester downscale, byte-identical","recovered by 14_commons_provenance.py: the Commons original after 06_harvest_commons.py's downscale (RGB, max 1024 px, JPEG quality 90)"
casent0101761,Crematogaster,train,p,data/images/Crematogaster/casent0101761_p.jpg,f390d11b62d854184a192b720ee7fabfc7de4ccaffa26e039302701950d61345,958,808,186952,commons,https://upload.wikimedia.org/wikipedia/commons/c/c8/Crematogaster_hova_latinoda_casent0101761_profile_1.jpg,Crematogaster hova latinoda casent0101761 profile 1.jpg,353796791192d1bd496f974d7a26120817d23544,2009-10-20T19:04:08Z,exact,"harvester downscale, byte-identical","recovered by 14_commons_provenance.py: the Commons original after 06_harvest_commons.py's downscale (RGB, max 1024 px, JPEG quality 90)"
casent0101762,Crematogaster,train,p,data/images/Crematogaster/casent0101762_p.jpg,924d5da7b313b9adc83d419bc97529067a2d3659de39ea7d5a2059b9e306b95f,1024,771,171264,commons,https://upload.wikimedia.org/wikipedia/commons/f/f8/Crematogaster_ranavalonae_casent0101762_profile_1.jpg,Crematogaster ranavalonae casent0101762 profile 1.jpg,a5082ab82be9e09adecf96cf418305ca61e01383,2009-10-21T09:16:51Z,exact,"harvester downscale, byte-identical","recovered by 14_commons_provenance.py: the Commons original after 06_harvest_commons.py's downscale (RGB, max 1024 px, JPEG quality 90)"
casent0101766,Platythyrea,train,p,data/images/Platythyrea/casent0101766_p.jpg,02fb9aa2f322fbe8a2d69eda7e68dc5a8b9bc75aed8081249871c58e24b10ec2,1024,448,140574,commons,https://upload.wikimedia.org/wikipedia/commons/4/47/Platythyrea_bicuspis_casent0101766_profile_1.jpg,Platythyrea bicuspis casent0101766 profile 1.jpg,f61b24425845efab573df0dbc2ade9038f2c254d,2009-10-18T22:29:06Z,exact,"harvester downscale, byte-identical","recovered by 14_commons_provenance.py: the Commons original after 06_harvest_commons.py's downscale (RGB, max 1024 px, JPEG quality 90)"
casent0101767,Pheidole,train,p,data/images/Pheidole/casent0101767_p.jpg,e063f5edc05fcf8833664376f986c9c02056b50d94a3b4409a8cbb59f7e34ad3,1024,596,144919,commons,https://upload.wikimedia.org/wikipedia/commons/e/e2/Pheidole_megacephala_casent0101767_profile_1.jpg,Pheidole megacephala casent0101767 profile 1.jpg,3f8a59f537503512f83e9ec88710162f92e17d17,2009-10-22T11:53:44Z,exact,"harvester downscale, byte-identical","recovered by 14_commons_provenance.py: the Commons original after 06_harvest_commons.py's downscale (RGB, max 1024 px, JPEG quality 90)"
casent0101769,Crematogaster,train,p,data/images/Crematogaster/casent0101769_p.jpg,08424cb5111084bf9ff7a61e0c432cc13c56e44e7270b4b2cf3a03ff93d645d5,1024,748,173438,commons,https://upload.wikimedia.org/wikipedia/commons/5/50/Crematogaster_adrepens_casent0101769_profile_1.jpg,Crematogaster adrepens casent0101769 profile 1.jpg,ce70addf96c2aa52a954e3ce7372f30c42022656,2009-10-21T06:23:43Z,exact,"harvester downscale, byte-identical","recovered by 14_commons_provenance.py: the Commons original after 06_harvest_commons.py's downscale (RGB, max 1024 px, JPEG quality 90)"
casent0101770,Bothroponera,train,p,data/images/Bothroponera/casent0101770_p.jpg,559cb230f6971e50f66096c3acdda3851a28b2f9626811010c830dcd435fa712,1280,681,202622,commons,https://upload.wikimedia.org/wikipedia/commons/e/e9/Pachycondyla_cambouei_casent0101770_profile_1.jpg,Pachycondyla cambouei casent0101770 profile 1.jpg,5a0a87660f6217f5e1c06fea33c0a654d0f579db,2009-10-21T03:25:22Z,exact,"Commons server thumbnail, byte-identical","recovered by 14_commons_provenance.py: Commons' own thumbnail of that original (requested at 1024 px, served at the next standard width); not what the current harvester fetches, so most likely an earlier version of it, whose docstring still describes 1024 px thumbnails"
casent0101771,Crematogaster,train,p,data/images/Crematogaster/casent0101771_p.jpg,97ff9c32a668abe0bd38415cdc8fe15f29e453c0e8558bc92a71d80d4ca68254,1024,740,197225,commons,https://upload.wikimedia.org/wikipedia/commons/2/26/Crematogaster_inops_casent0101771_profile_1.jpg,Crematogaster inops casent0101771 profile 1.jpg,1b551b8ee43bb1f23b5dec030a0c23f99986fadb,2009-10-22T09:09:58Z,exact,"harvester downscale, byte-identical","recovered by 14_commons_provenance.py: the Commons original after 06_harvest_commons.py's downscale (RGB, max 1024 px, JPEG quality 90)"
casent0101772,Cataulacus,test,p,data/images/Cataulacus/casent0101772_p.jpg,c4a02e8648a3c0454d361d377b180952e6245364c5cc0f853fa32e246d9d54a1,1024,641,190093,commons,https://upload.wikimedia.org/wikipedia/commons/7/75/Cataulacus_porcatus_casent0101772_profile_1.jpg,Cataulacus porcatus casent0101772 profile 1.jpg,095553eb466462622c47422d5316ff31dabcff5c,2009-10-22T21:12:20Z,exact,"harvester downscale, byte-identical","recovered by 14_commons_provenance.py: the Commons original after 06_harvest_commons.py's downscale (RGB, max 1024 px, JPEG quality 90)"
casent0101773,Crematogaster,test,p,data/images/Crematogaster/casent0101773_p.jpg,b30b3c9abaa55e1de655fbfa4ce20527e0e4ea1ef3dfcfaea8f14c759134caa8,1024,702,162787,commons,https://upload.wikimedia.org/wikipedia/commons/b/bc/Crematogaster_lobata_casent0101773_profile_1.jpg,Crematogaster lobata casent0101773 profile 1.jpg,6081c1a15b0608f9a3a1f9a7e9eea489dc4d44d0,2009-10-22T12:47:27Z,exact,"harvester downscale, byte-identical","recovered by 14_commons_provenance.py: the Commons original after 06_harvest_commons.py's downscale (RGB, max 1024 px, JPEG quality 90)"
casent0101777,Camponotus,train,p,data/images/Camponotus/casent0101777_p.jpg,170dc2d6918733c7e073d2f08dc2f810da299a5f108a600c4b23c00b40ebcf9b,1024,607,163655,commons,https://upload.wikimedia.org/wikipedia/commons/f/f8/Camponotus_hova_becki_casent0101777_profile_1.jpg,Camponotus hova becki casent0101777 profile 1.jpg,0d3a5ebbddb3d44fa01c463951dbcbade4582d2b,2009-10-22T21:14:26Z,exact,"harvester downscale, byte-identical","recovered by 14_commons_provenance.py: the Commons original after 06_harvest_commons.py's downscale (RGB, max 1024 px, JPEG quality 90)"
casent0101779,Camponotus,test,p,data/images/Camponotus/casent0101779_p.jpg,2c1a9e298e537b3deabe1df534c070cb0ec211dde44843f7c69804805a7f1330,1024,771,168541,commons,https://upload.wikimedia.org/wikipedia/commons/6/6a/Camponotus_cervicalis_casent0101779_profile_1.jpg,Camponotus cervicalis casent0101779 profile 1.jpg,6d3a266559481ee0f54337c041cede918d14747d,2009-10-21T07:27:05Z,exact,"harvester downscale, byte-identical","recovered by 14_commons_provenance.py: the Commons original after 06_harvest_commons.py's downscale (RGB, max 1024 px, JPEG quality 90)"
casent0101780,Pheidole,train,p,data/images/Pheidole/casent0101780_p.jpg,e0e3966b0be57d234fcc04b28b00e9b4a6496f2085ee7f77202947f7acf510a9,1024,591,124228,commons,https://upload.wikimedia.org/wikipedia/commons/7/72/Pheidole_ensifera_casent0101780_profile_1.jpg,Pheidole ensifera casent0101780 profile 1.jpg,283ce4ea7c5012d02652fb12ab0cf45f1eb522b1,2009-10-21T05:04:36Z,exact,"harvester downscale, byte-identical","recovered by 14_commons_provenance.py: the Commons original after 06_harvest_commons.py's downscale (RGB, max 1024 px, JPEG quality 90)"
casent0101781,Nylanderia,train,p,data/images/Nylanderia/casent0101781_p.jpg,389a59724f22d74dc4aac264125bb842088046636a09ffecfa9e2e0d64ac9f1f,1024,604,120918,commons,https://upload.wikimedia.org/wikipedia/commons/9/98/Paratrechina_madagascarensis_ellisii_casent0101781_profile_1.jpg,Paratrechina madagascarensis ellisii casent0101781 profile 1.jpg,947fcd881c688dd7358241657b3074b47adeeb41,2009-10-21T12:39:17Z,exact,"harvester downscale, byte-identical","recovered by 14_commons_provenance.py: the Commons original after 06_harvest_commons.py's downscale (RGB, max 1024 px, JPEG quality 90)"
casent0101786,Crematogaster,train,p,data/images/Crematogaster/casent0101786_p.jpg,c143f2b13e784022981c1871abd018ba588731867104dcf04fe4b09ff0f8123e,1024,653,179271,commons,https://upload.wikimedia.org/wikipedia/commons/d/db/Crematogaster_schencki_casent0101786_profile_1.jpg,Crematogaster schencki casent0101786 profile 1.jpg,34ae3770e46b1ad248197ddc87d240a3af32a329,2009-10-22T09:37:52Z,exact,"harvester downscale, byte-identical","recovered by 14_commons_provenance.py: the Commons original after 06_harvest_commons.py's downscale (RGB, max 1024 px, JPEG quality 90)"
casent0101787,Hypoponera,test,p,data/images/Hypoponera/casent0101787_p.jpg,a3f6e89aa60e00190e6f8e4db060fcef82144f98ffcc4b6fed8c4822449e51a5,1280,647,216166,commons,https://upload.wikimedia.org/wikipedia/commons/7/7e/Hypoponera_indigens_bellicosa_casent0101787_profile_1.jpg,Hypoponera indigens bellicosa casent0101787 profile 1.jpg,03e3f3ecc13d33933087d49813d7c8ae1944ba07,2009-10-20T23:55:47Z,exact,"Commons server thumbnail, pixel-identical","recovered by 14_commons_provenance.py: Commons' own thumbnail of that original (requested at 1024 px, served at the next standard width); not what the current harvester fetches, so most likely an earlier version of it, whose docstring still describes 1024 px thumbnails"
casent0101788,Camponotus,train,p,data/images/Camponotus/casent0101788_p.jpg,7a9431f9e3264643c152d525c5bf37079c4dcad69b3b8f54ba377d11e254767d,1024,684,141439,commons,https://upload.wikimedia.org/wikipedia/commons/0/0f/Camponotus_roeseli_casent0101788_profile_1.jpg,Camponotus roeseli casent0101788 profile 1.jpg,2b7458ed474fa177ab83f21a795d9bb67355e5c1,2009-10-19T08:05:48Z,exact,"harvester downscale, byte-identical","recovered by 14_commons_provenance.py: the Commons original after 06_harvest_commons.py's downscale (RGB, max 1024 px, JPEG quality 90)"
casent0101789,Tetraponera,train,p,data/images/Tetraponera/casent0101789_p.jpg,8a9ffbff4d9d04ba29bedc6af81f892cad7c074d7e6b93c329cc3c504d5d3833,1024,694,149530,commons,https://upload.wikimedia.org/wikipedia/commons/3/37/Tetraponera_rakotonis_casent0101789_profile_1.jpg,Tetraponera rakotonis casent0101789 profile 1.jpg,f3c036f6c0755152244ffd6a1ff56c15b7df2d97,2009-10-20T10:57:54Z,exact,"harvester downscale, byte-identical","recovered by 14_commons_provenance.py: the Commons original after 06_harvest_commons.py's downscale (RGB, max 1024 px, JPEG quality 90)"
casent0101790,Crematogaster,test,p,data/images/Crematogaster/casent0101790_p.jpg,ef82a5a0bc00e95bac99535273478cf102186cd9c041faf3c18a77e4b06a3f84,1024,571,131335,commons,https://upload.wikimedia.org/wikipedia/commons/7/76/Crematogaster_ensifera_casent0101790_profile_1.jpg,Crematogaster ensifera casent0101790 profile 1.jpg,57d83626c512f1baeb4b225a3724541e4c8b9da6,2009-10-22T19:57:36Z,exact,"harvester downscale, byte-identical","recovered by 14_commons_provenance.py: the Commons original after 06_harvest_commons.py's downscale (RGB, max 1024 px, JPEG quality 90)"
casent0101791,Technomyrmex,train,p,data/images/Technomyrmex/casent0101791_p.jpg,1a004444248d4a117c8a238518455ac6a1c35ef25b5299347f68a97c37a46a3c,1024,771,166338,commons,https://upload.wikimedia.org/wikipedia/commons/6/6e/Technomyrmex_difficilis_casent0101791_profile_1.jpg,Technomyrmex difficilis casent0101791 profile 1.jpg,57ddc3c297033de9dec60ef002c8369737435d77,2009-10-19T08:55:59Z,exact,"harvester downscale, byte-identical","recovered by 14_commons_provenance.py: the Commons original after 06_harvest_commons.py's downscale (RGB, max 1024 px, JPEG quality 90)"
casent0101792,Hypoponera,train,p,data/images/Hypoponera/casent0101792_p.jpg,78df000139d1808e47d0a4f6d26fd5db39cbda08ce6558ff282a95da55947994,1024,713,188509,commons,https://upload.wikimedia.org/wikipedia/commons/7/7d/Hypoponera_indigens_bellicosa_casent0101792_profile_1.jpg,Hypoponera indigens bellicosa casent0101792 profile 1.jpg,6a04d8dbaba922d43afbdb700f666b9bc9f17eae,2009-10-18T08:02:45Z,exact,"harvester downscale, byte-identical","recovered by 14_commons_provenance.py: the Commons original after 06_harvest_commons.py's downscale (RGB, max 1024 px, JPEG quality 90)"
casent0101795,Leptogenys,train,p,data/images/Leptogenys/casent0101795_p.jpg,bc8aff936c63e7f8e47db85348b770b69386d9ac86eb217a1f8b50632a32528a,1024,534,130680,commons,https://upload.wikimedia.org/wikipedia/commons/0/00/Leptogenys_incisa_casent0101795_profile_1.jpg,Leptogenys incisa casent0101795 profile 1.jpg,978f13ccf012880e3a98aa68de2c7f36b5f3d9b7,2009-10-20T00:29:31Z,exact,"harvester downscale, byte-identical","recovered by 14_commons_provenance.py: the Commons original after 06_harvest_commons.py's downscale (RGB, max 1024 px, JPEG quality 90)"
casent0101798,Leptogenys,train,p,data/images/Leptogenys/casent0101798_p.jpg,e86330b975093cc98cc934c738dd5c8b16cb18ed33682a3a6c98bb526f5d2037,1024,476,121196,commons,https://upload.wikimedia.org/wikipedia/commons/6/61/Leptogenys_angusta_casent0101798_profile_1.jpg,Leptogenys angusta casent0101798 profile 1.jpg,ac9ec3acaf8e1f5e3650bd96a8eefd13abe2e64d,2009-10-21T12:12:11Z,exact,"harvester downscale, byte-identical","recovered by 14_commons_provenance.py: the Commons original after 06_harvest_commons.py's downscale (RGB, max 1024 px, JPEG quality 90)"
casent0101802,Crematogaster,test,p,data/images/Crematogaster/casent0101802_p.jpg,19187ecd7a2fd543a21ca08f9d7710bd3c607ba7243ae607b4e987eb1b909224,1024,562,123427,commons,https://upload.wikimedia.org/wikipedia/commons/f/f6/Crematogaster_marthae_casent0101802_profile_1.jpg,Crematogaster marthae casent0101802 profile 1.jpg,870ffd05fde494e2d441515f1ce64f01a6f20ae8,2009-10-19T08:27:55Z,exact,"harvester downscale, byte-identical","recovered by 14_commons_provenance.py: the Commons original after 06_harvest_commons.py's downscale (RGB, max 1024 px, JPEG quality 90)"
casent0101804,Crematogaster,train,p,data/images/Crematogaster/casent0101804_p.jpg,ec98b75bdfba929e048004ff0a3cd2f394a94e391b623120f88bf1ae65d54db6,1024,730,156090,commons,https://upload.wikimedia.org/wikipedia/commons/2/2e/Crematogaster_hova_casent0101804_profile_1.jpg,Crematogaster hova casent0101804 profile 1.jpg,9288f41265099e5b7cbf63773940fdd239e96441,2009-10-22T15:47:58Z,exact,"harvester downscale, byte-identical","recovered by 14_commons_provenance.py: the Commons original after 06_harvest_commons.py's downscale (RGB, max 1024 px, JPEG quality 90)"
casent0101805,Leptogenys,test,p,data/images/Leptogenys/casent0101805_p.jpg,54f5f7a30cc462677f53be268f674ccb9c35cfa217e3e75f4774bfc0628b42bb,1024,628,180758,commons,https://upload.wikimedia.org/wikipedia/commons/9/99/Leptogenys_saussurei_casent0101805_profile_1.jpg,Leptogenys saussurei casent0101805 profile 1.jpg,d412ca659e7de9600d0531239e50666ee48d2b9a,2009-10-22T21:06:28Z,exact,"harvester downscale, byte-identical","recovered by 14_commons_provenance.py: the Commons original after 06_harvest_commons.py's downscale (RGB, max 1024 px, JPEG quality 90)"
casent0101806,Platythyrea,test,p,data/images/Platythyrea/casent0101806_p.jpg,acf30ff07d7c4001b64a89fd6f0e74eb6aa183a2a95c265349fc76eec9544801,1024,503,122297,commons,https://upload.wikimedia.org/wikipedia/commons/3/38/Platythyrea_mocquerysi_casent0101806_profile_1.jpg,Platythyrea mocquerysi casent0101806 profile 1.jpg,9fb4a59cfe308223f193815636402562a62d4213,2009-10-19T07:39:05Z,exact,"harvester downscale, byte-identical","recovered by 14_commons_provenance.py: the Commons original after 06_harvest_commons.py's downscale (RGB, max 1024 px, JPEG quality 90)"
casent0101812,Camponotus,train,p,data/images/Camponotus/casent0101812_p.jpg,eff354417235e6037c0bfb95dfbcc4c65111af016e9892e9476a7e3e96798e1e,1011,808,207628,commons,https://upload.wikimedia.org/wikipedia/commons/1/10/Camponotus_dufouri_imerinensis_casent0101812_profile_1.jpg,Camponotus dufouri imerinensis casent0101812 profile 1.jpg,9305cf8415b6c9addfd18d8a3a039cb3679aa197,2009-10-22T06:09:37Z,exact,"harvester downscale, byte-identical","recovered by 14_commons_provenance.py: the Commons original after 06_harvest_commons.py's downscale (RGB, max 1024 px, JPEG quality 90)"
casent0101814,Tetramorium,train,p,data/images/Tetramorium/casent0101814_p.jpg,357af9802b74bd038dc28e614a80fa916736ad8890c876480e216afeb061fd90,1024,796,203142,commons,https://upload.wikimedia.org/wikipedia/commons/4/46/Tetramorium_steinheili_casent0101814_profile_1.jpg,Tetramorium steinheili casent0101814 profile 1.jpg,e360c54fcef0e6acd58bc75f4a4ef10642df4bc4,2009-10-22T13:27:44Z,exact,"harvester downscale, byte-identical","recovered by 14_commons_provenance.py: the Commons original after 06_harvest_commons.py's downscale (RGB, max 1024 px, JPEG quality 90)"
casent0101819,Anochetus,test,p,data/images/Anochetus/casent0101819_p.jpg,57a9d617e1b239d3d47b6d6918bb29b65ff33220b1a3b69b10bb530b57c4319e,1280,795,166491,commons,https://upload.wikimedia.org/wikipedia/commons/2/20/Anochetus_grandidieri_casent0101819_profile_1.jpg,Anochetus grandidieri casent0101819 profile 1.jpg,fb07ab327183142a31affdd04671cb27c69176ff,2009-10-21T16:33:28Z,exact,"Commons server thumbnail, byte-identical","recovered by 14_commons_provenance.py: Commons' own thumbnail of that original (requested at 1024 px, served at the next standard width); not what the current harvester fetches, so most likely an earlier version of it, whose docstring still describes 1024 px thumbnails"
casent0101821,Tetramorium,train,p,data/images/Tetramorium/casent0101821_p.jpg,fab5726be8b3b135c302245a2660c193f6da682ab3300982a750dec7e5a648d1,1024,751,185886,commons,https://upload.wikimedia.org/wikipedia/commons/5/5c/Tetramorium_andrei_casent0101821_profile_1.jpg,Tetramorium andrei casent0101821 profile 1.jpg,e539b156a72d4e93c668d7f91e34b83c150a4313,2009-10-20T19:06:19Z,exact,"harvester downscale, byte-identical","recovered by 14_commons_provenance.py: the Commons original after 06_harvest_commons.py's downscale (RGB, max 1024 px, JPEG quality 90)"
casent0101823,Technomyrmex,train,p,data/images/Technomyrmex/casent0101823_p.jpg,22ffef889c9672969dce4d12a99ea8e2d24139aa933596811c5b8668e8536f4b,1024,506,120738,commons,https://upload.wikimedia.org/wikipedia/commons/3/30/Technomyrmex_difficilis_casent0101823_profile_1.jpg,Technomyrmex difficilis casent0101823 profile 1.jpg,ac3d9bf2e5cd5d2ea6ae1682ce0a8c25da8e6669,2009-10-19T05:44:02Z,exact,"harvester downscale, byte-identical","recovered by 14_commons_provenance.py: the Commons original after 06_harvest_commons.py's downscale (RGB, max 1024 px, JPEG quality 90)"
casent0101824,Crematogaster,test,p,data/images/Crematogaster/casent0101824_p.jpg,c130bcc34268b45bc7823539f543da401e7df348a53d6e36264f9db2f3db6243,1024,705,164498,commons,https://upload.wikimedia.org/wikipedia/commons/4/42/Crematogaster_ranavalonae_paulinae_casent0101824_profile_1.jpg,Crematogaster ranavalonae paulinae casent0101824 profile 1.jpg,b723767ba3412c5e6e6107b78dac59375a4d8533,2009-10-19T09:25:27Z,exact,"harvester downscale, byte-identical","recovered by 14_commons_provenance.py: the Commons original after 06_harvest_commons.py's downscale (RGB, max 1024 px, JPEG quality 90)"
casent0101825,Leptogenys,test,p,data/images/Leptogenys/casent0101825_p.jpg,ea8a1d97d3d2697d91cc3c2a1ff216f05303b1c47f642e4b5d7a6dfda10620fb,1024,607,159368,commons,https://upload.wikimedia.org/wikipedia/commons/5/5a/Leptogenys_incisa_casent0101825_profile_1.jpg,Leptogenys incisa casent0101825 profile 1.jpg,f0aaccbba8ebb6cc4dcd9b7f2ad17541f2e0c21f,2009-10-21T06:33:52Z,exact,"harvester downscale, byte-identical","recovered by 14_commons_provenance.py: the Commons original after 06_harvest_commons.py's downscale (RGB, max 1024 px, JPEG quality 90)"
casent0101827,Lioponera,train,p,data/images/Lioponera/casent0101827_p.jpg,615874e4ce6f0b45deb96aafe931eefc2704a5f6561c0deb1ee395bfeb8d33e2,1024,611,153170,commons,https://upload.wikimedia.org/wikipedia/commons/4/43/Cerapachys_mayri_casent0101827_profile_1.jpg,Cerapachys mayri casent0101827 profile 1.jpg,b9d64ea7fbe315a27ba3d591765dfd34cdb31ded,2009-10-19T16:28:35Z,exact,"harvester downscale, byte-identical","recovered by 14_commons_provenance.py: the Commons original after 06_harvest_commons.py's downscale (RGB, max 1024 px, JPEG quality 90)"
casent0101828,Camponotus,test,p,data/images/Camponotus/casent0101828_p.jpg,108e940d897e37b77c8ac047e942f303a5e76e7868b8cb22531e306389f9f762,1024,771,167724,commons,https://upload.wikimedia.org/wikipedia/commons/5/5b/Camponotus_dufouri_imerinensis_casent0101828_profile_1.jpg,Camponotus dufouri imerinensis casent0101828 profile 1.jpg,675a9b81deb6beaa06e4d10c87d9c79458743dcc,2009-10-22T10:51:31Z,exact,"harvester downscale, byte-identical","recovered by 14_commons_provenance.py: the Commons original after 06_harvest_commons.py's downscale (RGB, max 1024 px, JPEG quality 90)"
casent0101829,Pheidole,test,p,data/images/Pheidole/casent0101829_p.jpg,3739a34eed67c2847571b376b08da451b366e4868f3d9c0f0ab7b6a964609f50,1024,662,183873,commons,https://upload.wikimedia.org/wikipedia/commons/b/b3/Pheidole_annemariae_casent0101829_profile_1.jpg,Pheidole annemariae casent0101829 profile 1.jpg,3544e3af28230a6d21a351ee0e5bb92fdc13425a,2009-10-19T08:50:30Z,exact,"harvester downscale, byte-identical","recovered by 14_commons_provenance.py: the Commons original after 06_harvest_commons.py's downscale (RGB, max 1024 px, JPEG quality 90)"
casent0101830,Crematogaster,test,p,data/images/Crematogaster/casent0101830_p.jpg,1999be505a9ee7354e2bea630922a91ff5d26e9bef58f64fff68056a6914c7db,1024,595,148946,commons,https://upload.wikimedia.org/wikipedia/commons/2/25/Crematogaster_ranavalonae_pepo_casent0101830_profile_1.jpg,Crematogaster ranavalonae pepo casent0101830 profile 1.jpg,d2a23990ebeee9d0ade9e51092c4972f88aa5fde,2009-10-19T12:56:04Z,exact,"harvester downscale, byte-identical","recovered by 14_commons_provenance.py: the Commons original after 06_harvest_commons.py's downscale (RGB, max 1024 px, JPEG quality 90)"
casent0101831,Lioponera,train,p,data/images/Lioponera/casent0101831_p.jpg,434527a08cf2b46d64c427165dc5beac15567bc1f9d3b78838451b2ddbe64d98,1024,577,148682,commons,https://upload.wikimedia.org/wikipedia/commons/a/a4/Cerapachys_mayri_casent0101831_profile_1.jpg,Cerapachys mayri casent0101831 profile 1.jpg,81dd36afa7d35d766ccc04358ef599368b0145aa,2009-10-21T01:25:25Z,exact,"harvester downscale, byte-identical","recovered by 14_commons_provenance.py: the Commons original after 06_harvest_commons.py's downscale (RGB, max 1024 px, JPEG quality 90)"
casent0101832,Technomyrmex,train,p,data/images/Technomyrmex/casent0101832_p.jpg,05536d47bb8e0c332ed8d8540a0e21350777605a3302401fc12b43494739c735,1024,594,135939,commons,https://upload.wikimedia.org/wikipedia/commons/b/bb/Technomyrmex_madecassus_casent0101832_profile_1.jpg,Technomyrmex madecassus casent0101832 profile 1.jpg,ca673b7e79bbcb7a932afc1e472dc934dc198fde,2009-10-20T18:33:14Z,exact,"harvester downscale, byte-identical","recovered by 14_commons_provenance.py: the Commons original after 06_harvest_commons.py's downscale (RGB, max 1024 px, JPEG quality 90)"
casent0101833,Nylanderia,test,p,data/images/Nylanderia/casent0101833_p.jpg,4ee99a9e4cb8414d18d7b6373478d65346663df68c5477805a6b46153f6f622a,1024,672,124403,commons,https://upload.wikimedia.org/wikipedia/commons/e/ea/Paratrechina_madagascarensis_rufescens_casent0101833_profile_1.jpg,Paratrechina madagascarensis rufescens casent0101833 profile 1.jpg,29ff7b608f2d54b1831d84711caa8297662e7cc8,2009-10-20T16:31:48Z,exact,"harvester downscale, byte-identical","recovered by 14_commons_provenance.py: the Commons original after 06_harvest_commons.py's downscale (RGB, max 1024 px, JPEG quality 90)"
casent0101834,Leptogenys,train,p,data/images/Leptogenys/casent0101834_p.jpg,f99027f7d64de9bfbbe850fb0c42b0181e497cfd3734a9cfb67cbe2b312095cd,1280,770,199685,commons,https://upload.wikimedia.org/wikipedia/commons/6/6f/Leptogenys_angusta_casent0101834_profile_1.jpg,Leptogenys angusta casent0101834 profile 1.jpg,b0e76c558cd719f7ac6e4fec5037bb02c065eb45,2009-10-19T01:58:50Z,exact,"Commons server thumbnail, byte-identical","recovered by 14_commons_provenance.py: Commons' own thumbnail of that original (requested at 1024 px, served at the next standard width); not what the current harvester fetches, so most likely an earlier version of it, whose docstring still describes 1024 px thumbnails"
casent0101836,Crematogaster,train,p,data/images/Crematogaster/casent0101836_p.jpg,4a3cbeec38331719e323ea9fc506fb1d7f30a0514c57e2f402e7313c1ea14263,1024,594,109325,commons,https://upload.wikimedia.org/wikipedia/commons/8/84/Crematogaster_rasoherinae_brunneola_casent0101836_profile_1.jpg,Crematogaster rasoherinae brunneola casent0101836 profile 1.jpg,79de735ae062c19e7dfcbf127d0199dad19bf6b5,2009-10-20T15:07:03Z,exact,"harvester downscale, byte-identical","recovered by 14_commons_provenance.py: the Commons original after 06_harvest_commons.py's downscale (RGB, max 1024 px, JPEG quality 90)"
casent0101837,Leptogenys,test,p,data/images/Leptogenys/casent0101837_p.jpg,62e0bf0323db60ea7d8a9aab647111e29b037f361b6d40a43b93a09a2f7abf5e,1024,687,181882,commons,https://upload.wikimedia.org/wikipedia/commons/e/e5/Leptogenys_oswaldi_casent0101837_profile_1.jpg,Leptogenys oswaldi casent0101837 profile 1.jpg,5a11ac6c0ab725c1157eb2ce82ef2797a17c0d16,2009-10-22T14:52:21Z,exact,"harvester downscale, byte-identical","recovered by 14_commons_provenance.py: the Commons original after 06_harvest_commons.py's downscale (RGB, max 1024 px, JPEG quality 90)"
casent0101838,Pheidole,train,p,data/images/Pheidole/casent0101838_p.jpg,2cd69933ef92743e574d471a6c62bc3ade01c66c2aebd6ea4f2030d5d5335bcd,1024,799,198152,commons,https://upload.wikimedia.org/wikipedia/commons/9/98/Pheidole_bessonii_casent0101838_profile_1.jpg,Pheidole bessonii casent0101838 profile 1.jpg,f9ac6fae827fc9bc708c2867a47ab19bb613fd11,2009-10-22T21:32:15Z,exact,"harvester downscale, byte-identical","recovered by 14_commons_provenance.py: the Commons original after 06_harvest_commons.py's downscale (RGB, max 1024 px, JPEG quality 90)"
casent0101840,Crematogaster,train,p,data/images/Crematogaster/casent0101840_p.jpg,ef1316b8bd8bdf15225ff664e05de05ea2491d0eaf41eb56f6628b2287dacbf8,1024,615,173225,commons,https://upload.wikimedia.org/wikipedia/commons/5/55/Crematogaster_ranavalonae_casent0101840_profile_1.jpg,Crematogaster ranavalonae casent0101840 profile 1.jpg,7e7505aaface2968b26ad5e6847e89d98d1a75d2,2009-10-19T21:20:18Z,exact,"harvester downscale, byte-identical","recovered by 14_commons_provenance.py: the Commons original after 06_harvest_commons.py's downscale (RGB, max 1024 px, JPEG quality 90)"
casent0101841,Lioponera,train,p,data/images/Lioponera/casent0101841_p.jpg,18b036e6e5c62a8d24d71288a661a66c9e7553ba1b76cb6407f2561f2c64fe1d,1024,472,137271,commons,https://upload.wikimedia.org/wikipedia/commons/7/73/Cerapachys_mayri_casent0101841_profile_1.jpg,Cerapachys mayri casent0101841 profile 1.jpg,487c55b59057a211576d2c8185938c90644274d1,2009-10-22T23:24:40Z,exact,"harvester downscale, byte-identical","recovered by 14_commons_provenance.py: the Commons original after 06_harvest_commons.py's downscale (RGB, max 1024 px, JPEG quality 90)"
casent0101845,Crematogaster,train,p,data/images/Crematogaster/casent0101845_p.jpg,d10b42a2eb4b4c0351f42cb55ff02979ad700e8a37678076c34c25c474bdb5b0,1280,771,196931,commons,https://upload.wikimedia.org/wikipedia/commons/9/9b/Crematogaster_rasoherinae_brunneola_casent0101845_profile_1.jpg,Crematogaster rasoherinae brunneola casent0101845 profile 1.jpg,2e1872cd1a6449b1e66bc0af6121e0e353f908c8,2009-10-19T23:39:01Z,exact,"Commons server thumbnail, byte-identical","recovered by 14_commons_provenance.py: Commons' own thumbnail of that original (requested at 1024 px, served at the next standard width); not what the current harvester fetches, so most likely an earlier version of it, whose docstring still describes 1024 px thumbnails"
casent0101847,Crematogaster,train,p,data/images/Crematogaster/casent0101847_p.jpg,4b6656487e687268de2ace195b95d4ff74f852482ca3d60ed61245fd7db9607a,1024,539,126269,commons,https://upload.wikimedia.org/wikipedia/commons/2/28/Crematogaster_ranavalonae_paulinae_casent0101847_profile_1.jpg,Crematogaster ranavalonae paulinae casent0101847 profile 1.jpg,91c347bedd80ad6aa1c9f203692eda610b2020de,2009-10-20T16:02:40Z,exact,"harvester downscale, byte-identical","recovered by 14_commons_provenance.py: the Commons original after 06_harvest_commons.py's downscale (RGB, max 1024 px, JPEG quality 90)"
casent0101850,Camponotus,train,p,data/images/Camponotus/casent0101850_p.jpg,bb9a4913e47a4881e21ff1fe84b5a0ffd164c7446dc4b0ef4ab1d12f342260e2,1024,556,108907,commons,https://upload.wikimedia.org/wikipedia/commons/1/18/Camponotus_gouldi_casent0101850_profile_1.jpg,Camponotus gouldi casent0101850 profile 1.jpg,0188d9228752d7b969279ef1fa7b3f3db8b22c43,2009-10-21T21:59:53Z,exact,"harvester downscale, byte-identical","recovered by 14_commons_provenance.py: the Commons original after 06_harvest_commons.py's downscale (RGB, max 1024 px, JPEG quality 90)"
casent0101851,Camponotus,train,p,data/images/Camponotus/casent0101851_p.jpg,db0a7529eeb0c606932b3e282b950b58395b73d1f8313fa7bfd6148a20b534ef,1024,1024,150763,gbif_cache,https://api.gbif.org/v1/image/cache/1024x1024/occurrence/865114928/media/af46eabf025d08f73bcbfb6cfd235ed8,,,,,,GBIF image cache of https://www.antweb.org/images/casent0101851/casent0101851_p_1_high.jpg; download success recorded in download_status.csv; size variant (1024x1024 or original) not recorded
casent0101854,Camponotus,train,p,data/images/Camponotus/casent0101854_p.jpg,9eea32cab96e50c8135cecb3cc859e6bc0fef5322e7b3457c3d38704c9bc46b3,1024,696,187766,commons,https://upload.wikimedia.org/wikipedia/commons/8/89/Camponotus_butteli_casent0101854_profile_1.jpg,Camponotus butteli casent0101854 profile 1.jpg,940d538bb8542b560257e2544e2c758689bdb810,2009-10-22T04:18:15Z,exact,"harvester downscale, byte-identical","recovered by 14_commons_provenance.py: the Commons original after 06_harvest_commons.py's downscale (RGB, max 1024 px, JPEG quality 90)"
casent0101859,Cardiocondyla,train,p,data/images/Cardiocondyla/casent0101859_p.jpg,6acd702778da2cd119b08f832ced5fa54ae26db1815216ed44340d1b3eebd8c9,1024,707,184485,commons,https://upload.wikimedia.org/wikipedia/commons/0/0b/Cardiocondyla_shuckardi_casent0101859_profile_1.jpg,Cardiocondyla shuckardi casent0101859 profile 1.jpg,0c321a88298f216b28837e3b6c5036a6ff112184,2009-10-18T08:56:02Z,exact,"harvester downscale, byte-identical","recovered by 14_commons_provenance.py: the Commons original after 06_harvest_commons.py's downscale (RGB, max 1024 px, JPEG quality 90)"
casent0101860,Cardiocondyla,train,p,data/images/Cardiocondyla/casent0101860_p.jpg,954f490fa16428f55ce33587e3b6f9c3b8d57bc6ad2dbaec56cc1123d52a7430,1024,519,121712,commons,https://upload.wikimedia.org/wikipedia/commons/a/a5/Cardiocondyla_emeryi_casent0101860_profile_1.jpg,Cardiocondyla emeryi casent0101860 profile 1.jpg,d145cb1f8ec4bc15d3b4bbce3155bcd1501de8d3,2009-10-18T14:10:58Z,exact,"harvester downscale, byte-identical","recovered by 14_commons_provenance.py: the Commons original after 06_harvest_commons.py's downscale (RGB, max 1024 px, JPEG quality 90)"
casent0101861,Crematogaster,test,p,data/images/Crematogaster/casent0101861_p.jpg,ee02d8d5908c589eb5ef251fb36116d16d03fa324313265d9d55f42f906daf63,1024,547,127550,commons,https://upload.wikimedia.org/wikipedia/commons/e/e0/Crematogaster_agnetis_casent0101861_profile_1.jpg,Crematogaster agnetis casent0101861 profile 1.jpg,39d39bdab0f8cbcbe485963c4fc524042ab97005,2009-10-22T22:10:14Z,exact,"harvester downscale, byte-identical","recovered by 14_commons_provenance.py: the Commons original after 06_harvest_commons.py's downscale (RGB, max 1024 px, JPEG quality 90)"
casent0101862,Pachycondyla,train,p,data/images/Pachycondyla/casent0101862_p.jpg,e09957bdde962b5ef3c6a9a89b6ccb753f7618e64af8d7b0daba51f159606a43,1024,540,104905,commons,https://upload.wikimedia.org/wikipedia/commons/8/84/Pachycondyla_sikorae_casent0101862_profile_1.jpg,Pachycondyla sikorae casent0101862 profile 1.jpg,ddcf4f0e133109d37cbc0176518f7241810f6a20,2009-10-18T07:20:22Z,exact,"harvester downscale, byte-identical","recovered by 14_commons_provenance.py: the Commons original after 06_harvest_commons.py's downscale (RGB, max 1024 px, JPEG quality 90)"
casent0101864,Platythyrea,train,p,data/images/Platythyrea/casent0101864_p.jpg,f36f5bbce7239be43a618fc7dbdc30cc38e8d13ce5502465a85201092e5ede9e,1024,1024,144602,gbif_cache,https://api.gbif.org/v1/image/cache/1024x1024/occurrence/865115149/media/6b706b473f1ba59a9bf15968e6459c5f,,,,,,GBIF image cache of https://www.antweb.org/images/casent0101864/casent0101864_p_1_high.jpg; download success recorded in download_status.csv; size variant (1024x1024 or original) not recorded
casent0101866,Crematogaster,train,p,data/images/Crematogaster/casent0101866_p.jpg,fec942c0b74eb09a3c10f697d2f4c700eff5a5ab65202b7776630e041231a04d,1024,540,123253,commons,https://upload.wikimedia.org/wikipedia/commons/9/9e/Crematogaster_madagascariensis_casent0101866_profile_1.jpg,Crematogaster madagascariensis casent0101866 profile 1.jpg,7e2fda21f50366d7a6091acf3bb0ca1e9d7ce005,2009-10-21T13:33:21Z,exact,"harvester downscale, byte-identical","recovered by 14_commons_provenance.py: the Commons original after 06_harvest_commons.py's downscale (RGB, max 1024 px, JPEG quality 90)"
casent0101867,Camponotus,train,p,data/images/Camponotus/casent0101867_p.jpg,1341778720100c7d2fdfd5b3bb96fa85918974301fa7352b89bcfdd8f6b1ea28,1024,747,184994,commons,https://upload.wikimedia.org/wikipedia/commons/1/1c/Camponotus_hova_radamae_casent0101867_profile_1.jpg,Camponotus hova radamae casent0101867 profile 1.jpg,10f6f4e8074aa3705cb742d532b0fb1b97dc6f2f,2009-10-19T06:09:37Z,exact,"harvester downscale, byte-identical","recovered by 14_commons_provenance.py: the Commons original after 06_harvest_commons.py's downscale (RGB, max 1024 px, JPEG quality 90)"
casent0101869,Pheidole,test,p,data/images/Pheidole/casent0101869_p.jpg,98c632c840116beb5080ba44740809b4c2e9f9b6d8d3757ec9220305b91781c6,1012,808,237798,commons,https://upload.wikimedia.org/wikipedia/commons/7/7d/Pheidole_longispinosa_scabrata_casent0101869_profile_1.jpg,Pheidole longispinosa scabrata casent0101869 profile 1.jpg,7fad0283e8e3d69ce6a6e76abc51e29ebed43ce0,2009-10-20T22:23:57Z,exact,"harvester downscale, byte-identical","recovered by 14_commons_provenance.py: the Commons original after 06_harvest_commons.py's downscale (RGB, max 1024 px, JPEG quality 90)"
casent0101872,Mystrium,train,p,data/images/Mystrium/casent0101872_p.jpg,43acfcd37e683515ec56cf45bae06c70836ca04f11a70fe8a483a13874c3caad,1024,687,166671,commons,https://upload.wikimedia.org/wikipedia/commons/b/bc/Mystrium_stadelmanni_casent0101872_profile_1.jpg,Mystrium stadelmanni casent0101872 profile 1.jpg,d52f4ca16c4f17f3e15f40a914a2f3380a1ecff4,2009-10-21T22:18:17Z,exact,"harvester downscale, byte-identical","recovered by 14_commons_provenance.py: the Commons original after 06_harvest_commons.py's downscale (RGB, max 1024 px, JPEG quality 90)"
casent0101877,Crematogaster,train,p,data/images/Crematogaster/casent0101877_p.jpg,3a3bab0eb2a664ef3933a9aa68f27308b537395bd9b2ce547c9c96697fc24739,1024,687,173205,commons,https://upload.wikimedia.org/wikipedia/commons/5/51/Crematogaster_ranavalonae_paulinae_casent0101877_profile_1.jpg,Crematogaster ranavalonae paulinae casent0101877 profile 1.jpg,82ce551bfc03749fd2a1f9879dbf5cf9a70c9f61,2009-10-20T11:14:08Z,exact,"harvester downscale, byte-identical","recovered by 14_commons_provenance.py: the Commons original after 06_harvest_commons.py's downscale (RGB, max 1024 px, JPEG quality 90)"
casent0101878,Crematogaster,train,p,data/images/Crematogaster/casent0101878_p.jpg,5564bba590e93253bfd38b44f40d1df079c45ce36dc659bf95394bd69aa1f83f,1280,587,197741,commons,https://upload.wikimedia.org/wikipedia/commons/f/f4/Crematogaster_ranavalonae_paulinae_casent0101878_profile_1.jpg,Crematogaster ranavalonae paulinae casent0101878 profile 1.jpg,b0575e0af58d9bb12856ff0e45011dae7273fa3e,2009-10-22T19:46:51Z,exact,"Commons server thumbnail, byte-identical","recovered by 14_commons_provenance.py: Commons' own thumbnail of that original (requested at 1024 px, served at the next standard width); not what the current harvester fetches, so most likely an earlier version of it, whose docstring still describes 1024 px thumbnails"
casent0101881,Tetraponera,test,p,data/images/Tetraponera/casent0101881_p.jpg,2c0cd82ca50a8d05ef56907f0da6471cb54472c120f588f7cb8733ea0b00152d,1024,485,120666,commons,https://upload.wikimedia.org/wikipedia/commons/3/3b/Tetraponera_exasciata_casent0101881_profile_1.jpg,Tetraponera exasciata casent0101881 profile 1.jpg,a27f5f4361107ad619ad0071e32bdc79772bdbae,2009-10-18T08:38:49Z,exact,"harvester downscale, byte-identical","recovered by 14_commons_provenance.py: the Commons original after 06_harvest_commons.py's downscale (RGB, max 1024 px, JPEG quality 90)"
casent0101883,Tetraponera,train,p,data/images/Tetraponera/casent0101883_p.jpg,0d0f9447a3d3379da515159e8a0248601cc9792cbce2dff478c661be16253fb1,1024,482,116638,commons,https://upload.wikimedia.org/wikipedia/commons/f/f5/Tetraponera_grandidieri_hildebrandti_casent0101883_profile_1.jpg,Tetraponera grandidieri hildebrandti casent0101883 profile 1.jpg,f9c9fed588bb37b5e35815a2f6b6505f4810cb67,2009-10-21T04:29:20Z,exact,"harvester downscale, byte-identical","recovered by 14_commons_provenance.py: the Commons original after 06_harvest_commons.py's downscale (RGB, max 1024 px, JPEG quality 90)"
casent0101884,Leptogenys,train,p,data/images/Leptogenys/casent0101884_p.jpg,0555a8567be7ae687445612f8486694909d037eb6a3c1536f3174fdec5e8ae00,1024,691,146267,commons,https://upload.wikimedia.org/wikipedia/commons/e/e5/Leptogenys_ridens_casent0101884_profile_1.jpg,Leptogenys ridens casent0101884 profile 1.jpg,a4c2bfbe3027dbef4771947307d54179adfe2578,2009-10-20T04:15:42Z,exact,"harvester downscale, byte-identical","recovered by 14_commons_provenance.py: the Commons original after 06_harvest_commons.py's downscale (RGB, max 1024 px, JPEG quality 90)"
casent0101887,Nylanderia,train,p,data/images/Nylanderia/casent0101887_p.jpg,5c2f2f5363f212ad89df5b9e6da383ed020732a83aa7ebd47f1256d6cc48c319,1024,686,134493,commons,https://upload.wikimedia.org/wikipedia/commons/b/b1/Paratrechina_madagascarensis_ellisii_casent0101887_profile_1.jpg,Paratrechina madagascarensis ellisii casent0101887 profile 1.jpg,a17d8257df2e163e1329d2a7e4a8d77bdc2aabb7,2009-10-18T12:50:34Z,exact,"harvester downscale, byte-identical","recovered by 14_commons_provenance.py: the Commons original after 06_harvest_commons.py's downscale (RGB, max 1024 px, JPEG quality 90)"
casent0101888,Leptogenys,train,p,data/images/Leptogenys/casent0101888_p.jpg,df5948748f3f9268e2e67445c958695692f27b3c8709392f25eb9844f7eb0554,1024,633,156024,commons,https://upload.wikimedia.org/wikipedia/commons/c/c9/Leptogenys_voeltzkowi_casent0101888_profile_1.jpg,Leptogenys voeltzkowi casent0101888 profile 1.jpg,616307756171705732b81ec69c271fc5262c01e9,2009-10-20T20:12:40Z,exact,"harvester downscale, byte-identical","recovered by 14_commons_provenance.py: the Commons original after 06_harvest_commons.py's downscale (RGB, max 1024 px, JPEG quality 90)"
casent0101890,Platythyrea,train,p,data/images/Platythyrea/casent0101890_p.jpg,1667f331f0fae93f7b469a5f6ad922c0779c5c85413442693dd2f896dc440cdd,1024,501,109014,commons,https://upload.wikimedia.org/wikipedia/commons/1/14/Platythyrea_mocquerysi_casent0101890_profile_1.jpg,Platythyrea mocquerysi casent0101890 profile 1.jpg,0bc385e52ce44dce2c4f97fe72cae17222b2043c,2009-10-22T12:51:20Z,exact,"harvester downscale, byte-identical","recovered by 14_commons_provenance.py: the Commons original after 06_harvest_commons.py's downscale (RGB, max 1024 px, JPEG quality 90)"
casent0101891,Cardiocondyla,train,p,data/images/Cardiocondyla/casent0101891_p.jpg,dd2aee76ebc73a6db2f17d3029eac025f93f8a24d11596908d45730828fac0e5,1024,657,174543,commons,https://upload.wikimedia.org/wikipedia/commons/d/de/Cardiocondyla_shuckardi_casent0101891_profile_1.jpg,Cardiocondyla shuckardi casent0101891 profile 1.jpg,6214bb14ad8830e484e96f3f4b5896fa97a5125f,2009-10-22T02:31:54Z,exact,"harvester downscale, byte-identical","recovered by 14_commons_provenance.py: the Commons original after 06_harvest_commons.py's downscale (RGB, max 1024 px, JPEG quality 90)"
casent0101893,Camponotus,test,p,data/images/Camponotus/casent0101893_p.jpg,b069f21c29a3252753db141158f419e73b067742365122dc512033adccebef75,1024,778,227344,commons,https://upload.wikimedia.org/wikipedia/commons/a/ad/Camponotus_hova_mixtellus_casent0101893_profile_1.jpg,Camponotus hova mixtellus casent0101893 profile 1.jpg,cb0bd3c52bbbcffb38e47120e29fa00f8117a325,2009-10-20T11:21:51Z,exact,"harvester downscale, byte-identical","recovered by 14_commons_provenance.py: the Commons original after 06_harvest_commons.py's downscale (RGB, max 1024 px, JPEG quality 90)"
casent0101897,Pheidole,test,p,data/images/Pheidole/casent0101897_p.jpg,e9d05881afd1f65617486bbaa1be1d5753bc9fe4ccc96598606063b283086133,1024,625,151322,commons,https://upload.wikimedia.org/wikipedia/commons/8/80/Pheidole_madecassa_casent0101897_profile_1.jpg,Pheidole madecassa casent0101897 profile 1.jpg,c1bc5c940f67b7d58f6dc64a4c60b908bb0a281d,2009-10-21T22:41:21Z,exact,"harvester downscale, byte-identical","recovered by 14_commons_provenance.py: the Commons original after 06_harvest_commons.py's downscale (RGB, max 1024 px, JPEG quality 90)"
casent0101898,Tetramorium,train,p,data/images/Tetramorium/casent0101898_p.jpg,22277a548ca6fe68501ffc163665abac4c4f886dff96ae2af5edb83a785d0664,1024,710,185143,commons,https://upload.wikimedia.org/wikipedia/commons/b/b0/Tetramorium_sikorae_casent0101898_profile_1.jpg,Tetramorium sikorae casent0101898 profile 1.jpg,08ffcaa08abc776ba899f103428188e6985d6afb,2009-10-20T10:34:16Z,exact,"harvester downscale, byte-identical","recovered by 14_commons_provenance.py: the Commons original after 06_harvest_commons.py's downscale (RGB, max 1024 px, JPEG quality 90)"
casent0101899,Aphaenogaster,train,p,data/images/Aphaenogaster/casent0101899_p.jpg,aef3cc4d289e0699af62e62bcc6652cbeb74528a8b0e92ed3e4dad3e9af39776,1024,771,168621,commons,https://upload.wikimedia.org/wikipedia/commons/9/96/Aphaenogaster_gonacantha_casent0101899_profile_1.jpg,Aphaenogaster gonacantha casent0101899 profile 1.jpg,d68bbbc19bc93d36e752097bc78bdd8e6c08f43d,2009-10-20T23:05:01Z,exact,"harvester downscale, byte-identical","recovered by 14_commons_provenance.py: the Commons original after 06_harvest_commons.py's downscale (RGB, max 1024 px, JPEG quality 90)"
casent0101903,Tetramorium,train,p,data/images/Tetramorium/casent0101903_p.jpg,b62e40793c1b5b303b50992eceaeb3dbaca6ed570f0ba726c8ba4c43c82a2a5b,1024,766,186952,commons,https://upload.wikimedia.org/wikipedia/commons/2/29/Tetramorium_tosii_casent0101903_profile_1.jpg,Tetramorium tosii casent0101903 profile 1.jpg,f776731f16a25e6521def04759358c7c2da88611,2009-10-19T00:21:45Z,exact,"harvester downscale, byte-identical","recovered by 14_commons_provenance.py: the Commons original after 06_harvest_commons.py's downscale (RGB, max 1024 px, JPEG quality 90)"
casent0101906,Camponotus,train,p,data/images/Camponotus/casent0101906_p.jpg,b6b521a885fe268e20628c8a413b3464ddb0749ad4cf7ea839ecd112f78ee7b3,1024,694,157608,commons,https://upload.wikimedia.org/wikipedia/commons/0/04/Camponotus_hildebrandti_casent0101906_profile_1.jpg,Camponotus hildebrandti casent0101906 profile 1.jpg,34c71a035975ba62e42ac2c8881a5799e49cd3ae,2009-10-22T17:22:29Z,exact,"harvester downscale, byte-identical","recovered by 14_commons_provenance.py: the Commons original after 06_harvest_commons.py's downscale (RGB, max 1024 px, JPEG quality 90)"
casent0101908,Camponotus,train,p,data/images/Camponotus/casent0101908_p.jpg,eaa62816e58fec2a4d3c80809bbe73a842f468aa1cb7ce7f63f200219015f5b9,1024,1024,147390,gbif_cache,https://api.gbif.org/v1/image/cache/1024x1024/occurrence/865115044/media/615b8487ad8e3c0c68aeec5fadd58ea3,,,,,,GBIF image cache of https://www.antweb.org/images/casent0101908/casent0101908_p_1_high.jpg; download success recorded in download_status.csv; size variant (1024x1024 or original) not recorded
casent0101913,Tetraponera,train,p,data/images/Tetraponera/casent0101913_p.jpg,8c1e322c6c88740b18b056546245425e4a9c2fe8e3be2259b6cc8ac62c592608,1280,526,180684,commons,https://upload.wikimedia.org/wikipedia/commons/7/77/Tetraponera_rakotonis_casent0101913_profile_1.jpg,Tetraponera rakotonis casent0101913 profile 1.jpg,6f6631010b3bf2b0504db1e28e466af9a8821835,2009-10-18T14:47:54Z,exact,"Commons server thumbnail, byte-identical","recovered by 14_commons_provenance.py: Commons' own thumbnail of that original (requested at 1024 px, served at the next standard width); not what the current harvester fetches, so most likely an earlier version of it, whose docstring still describes 1024 px thumbnails"
casent0101914,Leptogenys,train,p,data/images/Leptogenys/casent0101914_p.jpg,24424ac2c8526d3ee3bfb153b4084eb4f6e1f79582de2570c9a21651c9e637e2,971,808,146071,commons,https://upload.wikimedia.org/wikipedia/commons/1/1c/Leptogenys_truncatirostris_casent0101914_profile_1.jpg,Leptogenys truncatirostris casent0101914 profile 1.jpg,da6115cb91505cb47096bb3350070eab40e140ce,2009-10-22T23:29:05Z,exact,"harvester downscale, byte-identical","recovered by 14_commons_provenance.py: the Commons original after 06_harvest_commons.py's downscale (RGB, max 1024 px, JPEG quality 90)"
casent0101916,Lioponera,train,p,data/images/Lioponera/casent0101916_p.jpg,c6cae20825410d73f24846032a622670cdc1d137e78b76aef4b1fceb33e0e829,1024,658,179834,commons,https://upload.wikimedia.org/wikipedia/commons/e/e6/Cerapachys_kraepelinii_casent0101916_profile_1.jpg,Cerapachys kraepelinii casent0101916 profile 1.jpg,029bdfd7289fd9a52ef1e56692108f3c2f256784,2009-10-19T10:53:14Z,exact,"harvester downscale, byte-identical","recovered by 14_commons_provenance.py: the Commons original after 06_harvest_commons.py's downscale (RGB, max 1024 px, JPEG quality 90)"
casent0101919,Camponotus,train,p,data/images/Camponotus/casent0101919_p.jpg,e1bff559d83eaff4b022441640bccbdaee846bb9eec62751e69caa01caa106cd,1024,771,154897,commons,https://upload.wikimedia.org/wikipedia/commons/2/24/Camponotus_dufouri_casent0101919_profile_1.jpg,Camponotus dufouri casent0101919 profile 1.jpg,440392e7be2402a58e47df86dd2feaeb3d236247,2009-10-20T21:42:01Z,exact,"harvester downscale, byte-identical","recovered by 14_commons_provenance.py: the Commons original after 06_harvest_commons.py's downscale (RGB, max 1024 px, JPEG quality 90)"
casent0101924,Camponotus,train,p,data/images/Camponotus/casent0101924_p.jpg,93749902b1dab6fc9c67c70d8a1a9a0a2603fe5d43f4fc3d70a51d0ed039591a,1024,680,187764,commons,https://upload.wikimedia.org/wikipedia/commons/c/c4/Camponotus_hova_mixtellus_casent0101924_profile_1.jpg,Camponotus hova mixtellus casent0101924 profile 1.jpg,2f4095e72c556de07b54f8b46e8a82e529f165bd,2009-10-18T12:05:50Z,exact,"harvester downscale, byte-identical","recovered by 14_commons_provenance.py: the Commons original after 06_harvest_commons.py's downscale (RGB, max 1024 px, JPEG quality 90)"
casent0101926,Technomyrmex,train,p,data/images/Technomyrmex/casent0101926_p.jpg,755325f2c8f54898a7eb7595ee2164d62b47d6c4588b3649bd9f4f0e2568ed5d,1024,715,138012,commons,https://upload.wikimedia.org/wikipedia/commons/8/81/Technomyrmex_mayri_casent0101926_profile_1.jpg,Technomyrmex mayri casent0101926 profile 1.jpg,da33c045b683a30388b04246509e88c0c3271ccf,2009-10-21T09:09:55Z,exact,"harvester downscale, byte-identical","recovered by 14_commons_provenance.py: the Commons original after 06_harvest_commons.py's downscale (RGB, max 1024 px, JPEG quality 90)"
casent0101927,Nylanderia,train,p,data/images/Nylanderia/casent0101927_p.jpg,89475e21d5cebdfcc1b8582af7279423ccd6c73c5f511bbfb1352466878bb5ac,1024,771,141623,commons,https://upload.wikimedia.org/wikipedia/commons/1/17/Paratrechina_humbloti_casent0101927_profile_1.jpg,Paratrechina humbloti casent0101927 profile 1.jpg,4927d865c5595e15191aebf43256774a0777aad4,2009-10-19T06:42:35Z,exact,"harvester downscale, byte-identical","recovered by 14_commons_provenance.py: the Commons original after 06_harvest_commons.py's downscale (RGB, max 1024 px, JPEG quality 90)"
casent0101931,Camponotus,train,p,data/images/Camponotus/casent0101931_p.jpg,6d09fc264b0e239204404b3aadaf513d33323dc815d148f3f8c816787d862616,1024,662,159530,commons,https://upload.wikimedia.org/wikipedia/commons/b/b5/Camponotus_hova_hovoides_casent0101931_profile_1.jpg,Camponotus hova hovoides casent0101931 profile 1.jpg,e0516cd3036c31b174d8c76da81924d53c4e1ab4,2009-10-22T07:01:21Z,exact,"harvester downscale, byte-identical","recovered by 14_commons_provenance.py: the Commons original after 06_harvest_commons.py's downscale (RGB, max 1024 px, JPEG quality 90)"
casent0101932,Technomyrmex,train,p,data/images/Technomyrmex/casent0101932_p.jpg,fef170a2f6a45e8fcfdb3e2125a294f5373a67e348b515a86e667e3e664275c7,1280,628,204022,commons,https://upload.wikimedia.org/wikipedia/commons/f/ff/Technomyrmex_difficilis_casent0101932_profile_1.jpg,Technomyrmex difficilis casent0101932 profile 1.jpg,cf4eaaf27d8c0724909903758143cdb3ddf3c3a8,2009-10-19T05:02:40Z,exact,"Commons server thumbnail, byte-identical","recovered by 14_commons_provenance.py: Commons' own thumbnail of that original (requested at 1024 px, served at the next standard width); not what the current harvester fetches, so most likely an earlier version of it, whose docstring still describes 1024 px thumbnails"
casent0101938,Tetramorium,train,p,data/images/Tetramorium/casent0101938_p.jpg,168c8f9a8b8156d283954e8d43f9d01c04791a2ad0e21cd950b8fcfcbb44175e,1024,680,191007,commons,https://upload.wikimedia.org/wikipedia/commons/b/be/Tetramorium_kelleri_casent0101938_profile_1.jpg,Tetramorium kelleri casent0101938 profile 1.jpg,3d87f4280d175e3427fe3421cfa9e113206f52c1,2009-10-21T20:56:57Z,exact,"harvester downscale, byte-identical","recovered by 14_commons_provenance.py: the Commons original after 06_harvest_commons.py's downscale (RGB, max 1024 px, JPEG quality 90)"
casent0101940,Leptogenys,train,p,data/images/Leptogenys/casent0101940_p.jpg,46bcb94465ea9feb83854225435e82e373894749754dfc06f6dead01fc5462cc,1024,726,147354,commons,https://upload.wikimedia.org/wikipedia/commons/5/58/Leptogenys_truncatirostris_casent0101940_profile_1.jpg,Leptogenys truncatirostris casent0101940 profile 1.jpg,4c9b1003842a4f35359582d301b163dbde7e2266,2009-10-21T13:31:24Z,exact,"harvester downscale, byte-identical","recovered by 14_commons_provenance.py: the Commons original after 06_harvest_commons.py's downscale (RGB, max 1024 px, JPEG quality 90)"
casent0101941,Tetraponera,train,p,data/images/Tetraponera/casent0101941_p.jpg,ba349506a15ef523b95bebdd93054e935b9467b86b20454e8b58cbd2f78d7c4a,1024,509,117841,commons,https://upload.wikimedia.org/wikipedia/commons/4/4c/Tetraponera_hysterica_casent0101941_profile_1.jpg,Tetraponera hysterica casent0101941 profile 1.jpg,20085ecd09c2585215529eb447500aa60c04deb7,2009-10-21T11:50:51Z,exact,"harvester downscale, byte-identical","recovered by 14_commons_provenance.py: the Commons original after 06_harvest_commons.py's downscale (RGB, max 1024 px, JPEG quality 90)"
casent0101943,Pheidole,test,p,data/images/Pheidole/casent0101943_p.jpg,afb6faf6c639ef3222017a78d3dea61b0d716722515123f08f315b00c2523312,1024,771,173679,commons,https://upload.wikimedia.org/wikipedia/commons/7/73/Pheidole_grallatrix_casent0101943_profile_1.jpg,Pheidole grallatrix casent0101943 profile 1.jpg,491a22272a2197af08be3cc0c21bf7fba87b4df8,2009-10-22T20:24:42Z,exact,"harvester downscale, byte-identical","recovered by 14_commons_provenance.py: the Commons original after 06_harvest_commons.py's downscale (RGB, max 1024 px, JPEG quality 90)"
casent0101947,Leptogenys,train,p,data/images/Leptogenys/casent0101947_p.jpg,d1d4a0fdb1a20d0f00421f2a5a8aa03c23d321f59bc840ce31509d5cc98bb51e,1024,549,139496,commons,https://upload.wikimedia.org/wikipedia/commons/3/32/Leptogenys_voeltzkowi_casent0101947_profile_1.jpg,Leptogenys voeltzkowi casent0101947 profile 1.jpg,3649f1434e1faded0ab870995492d922a10780d7,2009-10-22T03:53:29Z,exact,"harvester downscale, byte-identical","recovered by 14_commons_provenance.py: the Commons original after 06_harvest_commons.py's downscale (RGB, max 1024 px, JPEG quality 90)"
casent0101952,Mystrium,train,p,data/images/Mystrium/casent0101952_p.jpg,77792441ebaf80381d889f2ed9e32e73e2770a89d295498899b1df7dd73a0087,1024,484,124501,commons,https://upload.wikimedia.org/wikipedia/commons/d/d0/Mystrium_voeltzkowi_casent0101952_profile_1.jpg,Mystrium voeltzkowi casent0101952 profile 1.jpg,2c3e00550d381266b773286975f4bff7d5d105f0,2009-10-22T16:33:41Z,exact,"harvester downscale, byte-identical","recovered by 14_commons_provenance.py: the Commons original after 06_harvest_commons.py's downscale (RGB, max 1024 px, JPEG quality 90)"
casent0101954,Camponotus,train,p,data/images/Camponotus/casent0101954_p.jpg,c48931a772bcb1b909e1a20d14de93323e6d327fcbcc505b83702a291e1101e2,1024,617,163299,commons,https://upload.wikimedia.org/wikipedia/commons/c/c1/Camponotus_hova_hovoides_casent0101954_profile_1.jpg,Camponotus hova hovoides casent0101954 profile 1.jpg,1324a21311696d181dab5df96df33be8917f8d47,2009-10-22T11:51:43Z,exact,"harvester downscale, byte-identical","recovered by 14_commons_provenance.py: the Commons original after 06_harvest_commons.py's downscale (RGB, max 1024 px, JPEG quality 90)"
casent0101955,Hypoponera,train,p,data/images/Hypoponera/casent0101955_p.jpg,c6f5f29f0c03f092cb48bc71425fd1b5b5ec7a61bc28cee24b915cc51ba2b383,1024,631,155349,commons,https://upload.wikimedia.org/wikipedia/commons/f/fd/Hypoponera_indigens_bellicosa_casent0101955_profile_1.jpg,Hypoponera indigens bellicosa casent0101955 profile 1.jpg,cb1a6fef891be30ad0a9516131e443a8465518c1,2009-10-21T02:43:42Z,exact,"harvester downscale, byte-identical","recovered by 14_commons_provenance.py: the Commons original after 06_harvest_commons.py's downscale (RGB, max 1024 px, JPEG quality 90)"
casent0101957,Anochetus,train,p,data/images/Anochetus/casent0101957_p.jpg,9345cd4c15de10687aabdee4a9edab50160c1ceb772f1b56fb3983d23827b9da,1280,572,218058,commons,https://upload.wikimedia.org/wikipedia/commons/4/45/Anochetus_madagascarensis_casent0101957_profile_1.jpg,Anochetus madagascarensis casent0101957 profile 1.jpg,14d7a76093eded294549d5b8935db66e3d1f3a61,2009-10-22T16:17:18Z,exact,"Commons server thumbnail, byte-identical","recovered by 14_commons_provenance.py: Commons' own thumbnail of that original (requested at 1024 px, served at the next standard width); not what the current harvester fetches, so most likely an earlier version of it, whose docstring still describes 1024 px thumbnails"
casent0101958,Hypoponera,train,p,data/images/Hypoponera/casent0101958_p.jpg,c1d067e7eb7c49aca23c8fe8902e007f3cb53bd77dbee74f7f38c33ec9b28fc1,1024,567,159773,commons,https://upload.wikimedia.org/wikipedia/commons/b/b8/Hypoponera_indigens_bellicosa_casent0101958_profile_1.jpg,Hypoponera indigens bellicosa casent0101958 profile 1.jpg,1f45e7b3d4ae080d44d5e8c7ab4da38175d71b9b,2009-10-22T06:02:11Z,exact,"harvester downscale, byte-identical","recovered by 14_commons_provenance.py: the Commons original after 06_harvest_commons.py's downscale (RGB, max 1024 px, JPEG quality 90)"
casent0101960,Technomyrmex,test,p,data/images/Technomyrmex/casent0101960_p.jpg,a952ca9893257099f9e2270b600857171f7d155a326284d807e21d7ff2a82839,1024,677,132740,commons,https://upload.wikimedia.org/wikipedia/commons/2/24/Technomyrmex_madecassus_casent0101960_profile_1.jpg,Technomyrmex madecassus casent0101960 profile 1.jpg,c4f1380d7a580a8ff4cc2cd969e4d1a584af36fb,2009-10-21T12:18:07Z,exact,"harvester downscale, byte-identical","recovered by 14_commons_provenance.py: the Commons original after 06_harvest_commons.py's downscale (RGB, max 1024 px, JPEG quality 90)"
casent0101969,Lioponera,train,p,data/images/Lioponera/casent0101969_p.jpg,e19a682d22d65f4b447b8eec10b9a6695ceb51a5598a8d1ca36acb8ccfa6eeed,1024,693,204484,commons,https://upload.wikimedia.org/wikipedia/commons/a/ac/Cerapachys_mayri_casent0101969_profile_1.jpg,Cerapachys mayri casent0101969 profile 1.jpg,131cb8fc6e4190287bdad1849d4164fd573831f7,2009-10-22T20:38:31Z,exact,"harvester downscale, byte-identical","recovered by 14_commons_provenance.py: the Commons original after 06_harvest_commons.py's downscale (RGB, max 1024 px, JPEG quality 90)"
casent0101971,Pheidole,train,p,data/images/Pheidole/casent0101971_p.jpg,6ab5062827c0ba5f5a190a60a974a7e4ea2d2eb364c5498403bc539aff4f42e8,1024,711,183175,commons,https://upload.wikimedia.org/wikipedia/commons/4/4e/Pheidole_picata_casent0101971_profile_1.jpg,Pheidole picata casent0101971 profile 1.jpg,5140b78b28fa72e28009dd0a5fc5737c32b4f620,2009-10-19T19:42:24Z,exact,"harvester downscale, byte-identical","recovered by 14_commons_provenance.py: the Commons original after 06_harvest_commons.py's downscale (RGB, max 1024 px, JPEG quality 90)"
casent0101972,Leptogenys,train,p,data/images/Leptogenys/casent0101972_p.jpg,9d73ce58e0f96c48e15c583ec48e7058bd0894d32b98c49d5ca295afac0d29ef,1024,422,108247,commons,https://upload.wikimedia.org/wikipedia/commons/1/10/Leptogenys_angusta_casent0101972_profile_1.jpg,Leptogenys angusta casent0101972 profile 1.jpg,7f650e3980a3dc316fc1345eaa64bdadc8bb27f5,2009-10-21T21:58:02Z,exact,"harvester downscale, byte-identical","recovered by 14_commons_provenance.py: the Commons original after 06_harvest_commons.py's downscale (RGB, max 1024 px, JPEG quality 90)"
casent0101974,Technomyrmex,train,p,data/images/Technomyrmex/casent0101974_p.jpg,b4413e38dfe590a205adac7fe366a8f41f40e17dd01ef4f5c6e7228bbf12089d,1024,613,162919,commons,https://upload.wikimedia.org/wikipedia/commons/5/5c/Technomyrmex_madecassus_casent0101974_profile_1.jpg,Technomyrmex madecassus casent0101974 profile 1.jpg,eeb8067846ec0c2114016748b2d5b2ac8ca47395,2009-10-22T07:16:37Z,exact,"harvester downscale, byte-identical","recovered by 14_commons_provenance.py: the Commons original after 06_harvest_commons.py's downscale (RGB, max 1024 px, JPEG quality 90)"
casent0101975,Leptogenys,train,p,data/images/Leptogenys/casent0101975_p.jpg,3ea479d423338e777170eabcbaaab4cca3c241d748b75df0b14457132204cbff,1024,392,112668,commons,https://upload.wikimedia.org/wikipedia/commons/5/5a/Leptogenys_truncatirostris_casent0101975_profile_1.jpg,Leptogenys truncatirostris casent0101975 profile 1.jpg,e91575cdcdc5bd4a71afe04a0182010bc0e70e86,2009-10-19T23:40:03Z,exact,"harvester downscale, byte-identical","recovered by 14_commons_provenance.py: the Commons original after 06_harvest_commons.py's downscale (RGB, max 1024 px, JPEG quality 90)"
casent0101979,Tetraponera,train,p,data/images/Tetraponera/casent0101979_p.jpg,df65377ebbb502f0d76ad2b9a66e150f25e625c18b4661f5000b544c1b5482a8,1024,375,98438,commons,https://upload.wikimedia.org/wikipedia/commons/8/83/Tetraponera_flexuosa_casent0101979_profile_1.jpg,Tetraponera flexuosa casent0101979 profile 1.jpg,3316c6283ee26eefc002cbb412b8b79f95542d5b,2009-10-20T07:16:40Z,exact,"harvester downscale, byte-identical","recovered by 14_commons_provenance.py: the Commons original after 06_harvest_commons.py's downscale (RGB, max 1024 px, JPEG quality 90)"
casent0101980,Lioponera,train,p,data/images/Lioponera/casent0101980_p.jpg,1e3678362fcdcf0f6f968c1e8a672255a66b26eb123d2d17a21f912f4d3a895d,1024,749,176858,commons,https://upload.wikimedia.org/wikipedia/commons/e/eb/Cerapachys_mayri_casent0101980_profile_1.jpg,Cerapachys mayri casent0101980 profile 1.jpg,5cbf5a585582c53a034d375ec6c1c8c1fe8558e6,2009-10-21T01:02:48Z,exact,"harvester downscale, byte-identical","recovered by 14_commons_provenance.py: the Commons original after 06_harvest_commons.py's downscale (RGB, max 1024 px, JPEG quality 90)"
casent0101985,Lioponera,train,p,data/images/Lioponera/casent0101985_p.jpg,3f57c6741d9cd6568fd6d6255db93b422c4cb653001d9d2ab98f88f9c9e4c4be,1280,731,182399,commons,https://upload.wikimedia.org/wikipedia/commons/7/7f/Cerapachys_imerinensis_casent0101985_profile_1.jpg,Cerapachys imerinensis casent0101985 profile 1.jpg,33e56aa84e4274ec3dc1c4f3044bf55113da1392,2009-10-20T03:16:05Z,exact,"Commons server thumbnail, pixel-identical","recovered by 14_commons_provenance.py: Commons' own thumbnail of that original (requested at 1024 px, served at the next standard width); not what the current harvester fetches, so most likely an earlier version of it, whose docstring still describes 1024 px thumbnails"
casent0101986,Odontomachus,train,p,data/images/Odontomachus/casent0101986_p.jpg,eb187f73e3154ff89d3217e4cf578092978e3df172453bf73c3bbf74f8dcb606,1024,482,125703,commons,https://upload.wikimedia.org/wikipedia/commons/e/e4/Odontomachus_coquereli_casent0101986_profile_1.jpg,Odontomachus coquereli casent0101986 profile 1.jpg,990264302ad70e16eb7ba43261f112610e5f82a8,2009-10-20T08:34:17Z,exact,"harvester downscale, byte-identical","recovered by 14_commons_provenance.py: the Commons original after 06_harvest_commons.py's downscale (RGB, max 1024 px, JPEG quality 90)"
casent0101987,Cataulacus,train,p,data/images/Cataulacus/casent0101987_p.jpg,77e3f35fd62c63bad605e927a71ede2520cbc7c0b718793c9f678ba48593ff82,1024,743,193812,commons,https://upload.wikimedia.org/wikipedia/commons/a/a8/Cataulacus_oberthueri_casent0101987_profile_1.jpg,Cataulacus oberthueri casent0101987 profile 1.jpg,05558a2d5e2bb18d877e8af5d7061a86c8afafb0,2009-10-21T19:19:14Z,exact,"harvester downscale, byte-identical","recovered by 14_commons_provenance.py: the Commons original after 06_harvest_commons.py's downscale (RGB, max 1024 px, JPEG quality 90)"
casent0101989,Leptogenys,train,p,data/images/Leptogenys/casent0101989_p.jpg,4fe4583658300422c554dad0b8609df8645510a20448e6c5549a980bb54362eb,1024,592,142825,commons,https://upload.wikimedia.org/wikipedia/commons/3/35/Leptogenys_voeltzkowi_casent0101989_profile_1.jpg,Leptogenys voeltzkowi casent0101989 profile 1.jpg,5d2079507d15a57856e91cefdf28e7d8cee9b152,2009-10-21T05:55:48Z,exact,"harvester downscale, byte-identical","recovered by 14_commons_provenance.py: the Commons original after 06_harvest_commons.py's downscale (RGB, max 1024 px, JPEG quality 90)"
casent0101992,Camponotus,train,p,data/images/Camponotus/casent0101992_p.jpg,6f6d426a5be8a8d8e952ee6df7ab132869a9e48cdc49b792592b10edbd5362a8,1024,531,137750,commons,https://upload.wikimedia.org/wikipedia/commons/9/99/Camponotus_hova_becki_casent0101992_profile_1.jpg,Camponotus hova becki casent0101992 profile 1.jpg,369c8ff967058a1186276d592a8facce1fde73c2,2009-10-21T08:42:22Z,exact,"harvester downscale, byte-identical","recovered by 14_commons_provenance.py: the Commons original after 06_harvest_commons.py's downscale (RGB, max 1024 px, JPEG quality 90)"
casent0101993,Mystrium,test,p,data/images/Mystrium/casent0101993_p.jpg,f5c8fb0f9797520ae07e0fa6d3da390e99455adcbeaac6c239583166571d72c2,1024,284,87595,commons,https://upload.wikimedia.org/wikipedia/commons/9/9f/Mystrium_oberthueri_casent0101993_profile_1.jpg,Mystrium oberthueri casent0101993 profile 1.jpg,007b0242c93bcc986b040c9d1aa4751fd47e6baa,2009-10-20T07:19:55Z,exact,"harvester downscale, byte-identical","recovered by 14_commons_provenance.py: the Commons original after 06_harvest_commons.py's downscale (RGB, max 1024 px, JPEG quality 90)"
casent0101995,Mystrium,train,p,data/images/Mystrium/casent0101995_p.jpg,325557f8a06ab55983c6559b2f86a6c68976a42ed2ff17ad677c398f07b2ff04,1024,771,166906,commons,https://upload.wikimedia.org/wikipedia/commons/4/43/Mystrium_fallax_casent0101995_profile_1.jpg,Mystrium fallax casent0101995 profile 1.jpg,96163c6e589558aaa329c218a79b124ebef43e0f,2009-10-19T22:21:57Z,exact,"harvester downscale, byte-identical","recovered by 14_commons_provenance.py: the Commons original after 06_harvest_commons.py's downscale (RGB, max 1024 px, JPEG quality 90)"
casent0101998,Cataulacus,train,p,data/images/Cataulacus/casent0101998_p.jpg,2ee44bf97ae83e300553ae90f46fdb41d7308e3bf2fbd8ef614191642dbe4c3d,1024,771,211513,commons,https://upload.wikimedia.org/wikipedia/commons/1/1f/Cataulacus_wasmanni_casent0101998_profile_1.jpg,Cataulacus wasmanni casent0101998 profile 1.jpg,b6160bbe7c09430b023e51f018544056f7e6fbd3,2009-10-20T14:39:07Z,exact,"harvester downscale, byte-identical","recovered by 14_commons_provenance.py: the Commons original after 06_harvest_commons.py's downscale (RGB, max 1024 px, JPEG quality 90)"
casent0102004,Platythyrea,test,p,data/images/Platythyrea/casent0102004_p.jpg,fe30e48dbbc50c9a74d1ba32080da23b9b6a07a6cfc2181dd50bbd9adaa476a3,1024,645,157627,commons,https://upload.wikimedia.org/wikipedia/commons/a/a4/Platythyrea_bicuspis_casent0102004_profile_1.jpg,Platythyrea bicuspis casent0102004 profile 1.jpg,d8f77226596015965176ba66bfdb01bf6fe246fe,2009-10-22T13:36:14Z,exact,"harvester downscale, byte-identical","recovered by 14_commons_provenance.py: the Commons original after 06_harvest_commons.py's downscale (RGB, max 1024 px, JPEG quality 90)"
casent0102005,Platythyrea,train,p,data/images/Platythyrea/casent0102005_p.jpg,2455cfe5456774c404848c0952864111e712b1384ae4a0d8d93ac50a007fcfa4,1024,746,162347,commons,https://upload.wikimedia.org/wikipedia/commons/1/15/Platythyrea_bicuspis_casent0102005_profile_1.jpg,Platythyrea bicuspis casent0102005 profile 1.jpg,402ec0acf08bd1b3a1391d98038eaa14b0633317,2009-10-19T03:00:49Z,exact,"harvester downscale, byte-identical","recovered by 14_commons_provenance.py: the Commons original after 06_harvest_commons.py's downscale (RGB, max 1024 px, JPEG quality 90)"
casent0102006,Platythyrea,train,p,data/images/Platythyrea/casent0102006_p.jpg,93ed8409f9743b8193a2461a0f5ba30329de38985e77f83a52fc8ebc35a645c7,1024,770,166704,commons,https://upload.wikimedia.org/wikipedia/commons/2/24/Platythyrea_bicuspis_casent0102006_profile_1.jpg,Platythyrea bicuspis casent0102006 profile 1.jpg,0cdf334f9aa919d4167869efae33caaadbcf012d,2009-10-21T06:19:53Z,exact,"harvester downscale, byte-identical","recovered by 14_commons_provenance.py: the Commons original after 06_harvest_commons.py's downscale (RGB, max 1024 px, JPEG quality 90)"
casent0102008,Platythyrea,train,p,data/images/Platythyrea/casent0102008_p.jpg,208fbe794a79cf24266ccf086d28de8254ab63f4493d74d42f66eeb7edf68f40,1024,528,105535,commons,https://upload.wikimedia.org/wikipedia/commons/b/bf/Platythyrea_mocquerysi_casent0102008_profile_1.jpg,Platythyrea mocquerysi casent0102008 profile 1.jpg,a0427dcbaae65efa77d09b932c388c5eeaf7742d,2009-10-19T06:01:10Z,exact,"harvester downscale, byte-identical","recovered by 14_commons_provenance.py: the Commons original after 06_harvest_commons.py's downscale (RGB, max 1024 px, JPEG quality 90)"
casent0102009,Platythyrea,train,p,data/images/Platythyrea/casent0102009_p.jpg,77bbc48335bef64ad4ab257389678122a790f5e5e02c7d27c5882173b5ccb50e,1024,761,151202,commons,https://upload.wikimedia.org/wikipedia/commons/9/97/Platythyrea_mocquerysi_casent0102009_profile_1.jpg,Platythyrea mocquerysi casent0102009 profile 1.jpg,0286b9d79b831e9d62780aa51a41e36fc201d35c,2009-10-22T00:34:32Z,exact,"harvester downscale, byte-identical","recovered by 14_commons_provenance.py: the Commons original after 06_harvest_commons.py's downscale (RGB, max 1024 px, JPEG quality 90)"
casent0102011,Bothroponera,train,p,data/images/Bothroponera/casent0102011_p.jpg,8e8917a696720db39f1975d7f23fc04bda750a705b4a11fbd2732212d13807fe,1024,690,177100,commons,https://upload.wikimedia.org/wikipedia/commons/d/de/Pachycondyla_comorensis_casent0102011_profile_1.jpg,Pachycondyla comorensis casent0102011 profile 1.jpg,9c6f4c330f60d93386beba7aa5de7e9f22d636c9,2009-10-21T13:06:27Z,exact,"harvester downscale, byte-identical","recovered by 14_commons_provenance.py: the Commons original after 06_harvest_commons.py's downscale (RGB, max 1024 px, JPEG quality 90)"
casent0102014,Leptogenys,train,p,data/images/Leptogenys/casent0102014_p.jpg,611b716bd2a169e290978bd4828a81e7bfdfd2e5ada8a053518f549a2804f1ce,1280,535,146434,commons,https://upload.wikimedia.org/wikipedia/commons/3/38/Leptogenys_incisa_casent0102014_profile_1.jpg,Leptogenys incisa casent0102014 profile 1.jpg,eeef8341c4997ba9d5db45c3f6fcec74d0c3bc3d,2009-10-19T06:56:28Z,exact,"Commons server thumbnail, byte-identical","recovered by 14_commons_provenance.py: Commons' own thumbnail of that original (requested at 1024 px, served at the next standard width); not what the current harvester fetches, so most likely an earlier version of it, whose docstring still describes 1024 px thumbnails"
casent0102015,Leptogenys,test,p,data/images/Leptogenys/casent0102015_p.jpg,e49581be0f95b1a00e01ed2c33c47268c6feadd0a90357330cd698bf92a9d8ff,1024,716,187735,commons,https://upload.wikimedia.org/wikipedia/commons/1/1a/Leptogenys_antongilensis_casent0102015_profile_1.jpg,Leptogenys antongilensis casent0102015 profile 1.jpg,9e94cbf0a5d091ee37011ad2c73f16e23eb43571,2009-10-21T11:05:12Z,exact,"harvester downscale, byte-identical","recovered by 14_commons_provenance.py: the Commons original after 06_harvest_commons.py's downscale (RGB, max 1024 px, JPEG quality 90)"
casent0102016,Leptogenys,train,p,data/images/Leptogenys/casent0102016_p.jpg,9f1b7ba6fa6380b0a0479ffd0eb4cca0c3ed6be77c55b953bf2200803011eac3,1024,691,154940,commons,https://upload.wikimedia.org/wikipedia/commons/5/57/Leptogenys_antongilensis_casent0102016_profile_1.jpg,Leptogenys antongilensis casent0102016 profile 1.jpg,c81df30a997772dc41238fba858d1b97874b04c7,2009-10-18T14:55:21Z,exact,"harvester downscale, byte-identical","recovered by 14_commons_provenance.py: the Commons original after 06_harvest_commons.py's downscale (RGB, max 1024 px, JPEG quality 90)"
casent0102017,Leptogenys,train,p,data/images/Leptogenys/casent0102017_p.jpg,47bffe637a0ae22bfda9dbe19eb87901792f8abd7dd38e1bd3397ffbd792771a,1024,698,166153,commons,https://upload.wikimedia.org/wikipedia/commons/4/4f/Leptogenys_gracilis_casent0102017_profile_1.jpg,Leptogenys gracilis casent0102017 profile 1.jpg,6ccb80a0a9f88c3b323c76c848a1cb906321d112,2009-10-18T22:12:02Z,exact,"harvester downscale, byte-identical","recovered by 14_commons_provenance.py: the Commons original after 06_harvest_commons.py's downscale (RGB, max 1024 px, JPEG quality 90)"
casent0102019,Odontomachus,test,p,data/images/Odontomachus/casent0102019_p.jpg,6d251cbb48bfd07e33ccd9a1c071cb12b0ecccae3d50f9051b29572871f94c53,1024,715,178948,commons,https://upload.wikimedia.org/wikipedia/commons/b/b8/Odontomachus_coquereli_casent0102019_profile_1.jpg,Odontomachus coquereli casent0102019 profile 1.jpg,719e8e5e8d85511fa70ada02155d6404cb2d998f,2009-10-20T19:27:34Z,exact,"harvester downscale, byte-identical","recovered by 14_commons_provenance.py: the Commons original after 06_harvest_commons.py's downscale (RGB, max 1024 px, JPEG quality 90)"
casent0102021,Odontomachus,train,p,data/images/Odontomachus/casent0102021_p.jpg,e2e24132f9216db016179aa87e8ec55c38d206bd3bd245ffcc45f35634b4e966,1024,659,171654,commons,https://upload.wikimedia.org/wikipedia/commons/4/46/Odontomachus_coquereli_casent0102021_profile_1.jpg,Odontomachus coquereli casent0102021 profile 1.jpg,6e67038bc004818742408a572791ab76802bf6f3,2009-10-21T19:02:14Z,exact,"harvester downscale, byte-identical","recovered by 14_commons_provenance.py: the Commons original after 06_harvest_commons.py's downscale (RGB, max 1024 px, JPEG quality 90)"
casent0102025,Leptogenys,test,p,data/images/Leptogenys/casent0102025_p.jpg,1147924fc1a3b0217ceb8f040758f3cdc375ed03e45da34e2913aee2e8d7b4be,1024,661,179095,commons,https://upload.wikimedia.org/wikipedia/commons/e/e3/Leptogenys_coerulescens_casent0102025_profile_1.jpg,Leptogenys coerulescens casent0102025 profile 1.jpg,35e2f229177df74087289a4739b2fe354538f3b5,2009-10-21T17:38:50Z,exact,"harvester downscale, byte-identical","recovered by 14_commons_provenance.py: the Commons original after 06_harvest_commons.py's downscale (RGB, max 1024 px, JPEG quality 90)"
casent0102026,Leptogenys,train,p,data/images/Leptogenys/casent0102026_p.jpg,444bdb8c0a0dbfe4207f78932a60693f56efdf5426b8f1257401c18c69cb0952,1024,654,146935,commons,https://upload.wikimedia.org/wikipedia/commons/3/32/Leptogenys_coerulescens_casent0102026_profile_1.jpg,Leptogenys coerulescens casent0102026 profile 1.jpg,ae93eec0ad0d3a718a8c24468a6b427502dc0b24,2009-10-18T16:54:00Z,exact,"harvester downscale, byte-identical","recovered by 14_commons_provenance.py: the Commons original after 06_harvest_commons.py's downscale (RGB, max 1024 px, JPEG quality 90)"
casent0102027,Leptogenys,train,p,data/images/Leptogenys/casent0102027_p.jpg,504ee45de6da9b3d896df30b573a4cad65bb6ee5206860b2e20f460388423af4,1280,759,195600,commons,https://upload.wikimedia.org/wikipedia/commons/5/58/Leptogenys_coerulescens_casent0102027_profile_1.jpg,Leptogenys coerulescens casent0102027 profile 1.jpg,621b86e64d857294d74e1dfdca243cf22b577e35,2009-10-19T01:02:13Z,exact,"Commons server thumbnail, byte-identical","recovered by 14_commons_provenance.py: Commons' own thumbnail of that original (requested at 1024 px, served at the next standard width); not what the current harvester fetches, so most likely an earlier version of it, whose docstring still describes 1024 px thumbnails"
casent0102029,Tetraponera,train,p,data/images/Tetraponera/casent0102029_p.jpg,e3cc4c5cee3ef78499cd45067104d80e42434d7e4cf4f51c42f72272af347c50,883,808,158912,commons,https://upload.wikimedia.org/wikipedia/commons/d/d4/Tetraponera_grandidieri_casent0102029_profile_1.jpg,Tetraponera grandidieri casent0102029 profile 1.jpg,a87cdccc7e2a309d6049a45465825a313897ab7e,2009-10-20T02:56:52Z,exact,"harvester downscale, byte-identical","recovered by 14_commons_provenance.py: the Commons original after 06_harvest_commons.py's downscale (RGB, max 1024 px, JPEG quality 90)"
casent0102032,Tetraponera,train,p,data/images/Tetraponera/casent0102032_p.jpg,ca04eb05dae0850b88b30b15db8bda7bffcbbc918e6da08176d8667f287e07eb,1024,771,197071,commons,https://upload.wikimedia.org/wikipedia/commons/a/a9/Tetraponera_hysterica_inflata_casent0102032_profile_1.jpg,Tetraponera hysterica inflata casent0102032 profile 1.jpg,ab9ea984b5f0ef2e943229e4c287dc8bf50c9b49,2009-10-20T17:00:11Z,exact,"harvester downscale, byte-identical","recovered by 14_commons_provenance.py: the Commons original after 06_harvest_commons.py's downscale (RGB, max 1024 px, JPEG quality 90)"
casent0102033,Tetraponera,train,p,data/images/Tetraponera/casent0102033_p.jpg,3b86c0db32ab7b23b11ab94f93b1d219ca111f2248145604b9c2034cb75558db,1024,646,167549,commons,https://upload.wikimedia.org/wikipedia/commons/6/62/Tetraponera_hysterica_inflata_casent0102033_profile_1.jpg,Tetraponera hysterica inflata casent0102033 profile 1.jpg,b3b7a5ce2a1fbd8266e247bc40c224736f0bd9a6,2009-10-22T02:32:44Z,exact,"harvester downscale, byte-identical","recovered by 14_commons_provenance.py: the Commons original after 06_harvest_commons.py's downscale (RGB, max 1024 px, JPEG quality 90)"
casent0102034,Tetraponera,train,p,data/images/Tetraponera/casent0102034_p.jpg,e068f3002412a56788244e03a00b84693efc30e762608a528969b904daa1f169,1024,784,154917,commons,https://upload.wikimedia.org/wikipedia/commons/d/da/Tetraponera_hysterica_casent0102034_profile_1.jpg,Tetraponera hysterica casent0102034 profile 1.jpg,088eefe53d17a47f87e3912353495ae26124e2fc,2009-10-20T02:11:05Z,exact,"harvester downscale, byte-identical","recovered by 14_commons_provenance.py: the Commons original after 06_harvest_commons.py's downscale (RGB, max 1024 px, JPEG quality 90)"
casent0102035,Tetraponera,test,p,data/images/Tetraponera/casent0102035_p.jpg,b54b2e64b83b25fbc7b16827511c6d2690ca857ff59122b053cccb89490e7c2e,1024,612,172684,commons,https://upload.wikimedia.org/wikipedia/commons/8/8a/Tetraponera_hysterica_dimidiata_casent0102035_profile_1.jpg,Tetraponera hysterica dimidiata casent0102035 profile 1.jpg,75c7755127c5c9db52e56d53ee6725cdebc1f78b,2009-10-18T07:53:13Z,exact,"harvester downscale, byte-identical","recovered by 14_commons_provenance.py: the Commons original after 06_harvest_commons.py's downscale (RGB, max 1024 px, JPEG quality 90)"
casent0102037,Tetraponera,test,p,data/images/Tetraponera/casent0102037_p.jpg,ed3f10d72b95fa096a969963cf0dcb1751339e80166466f1788d9dcc13b252fb,1024,574,118605,commons,https://upload.wikimedia.org/wikipedia/commons/b/b1/Tetraponera_rakotonis_casent0102037_profile_1.jpg,Tetraponera rakotonis casent0102037 profile 1.jpg,226176060e410ebb3f9e296f288655ccffdf36bb,2009-10-19T12:26:40Z,exact,"harvester downscale, byte-identical","recovered by 14_commons_provenance.py: the Commons original after 06_harvest_commons.py's downscale (RGB, max 1024 px, JPEG quality 90)"
casent0102038,Aphaenogaster,train,p,data/images/Aphaenogaster/casent0102038_p.jpg,e9283e15371d8afa76e5c69dc8abdc54e7231236d75c70f8ddc1f41bac0387ea,1024,671,171202,commons,https://upload.wikimedia.org/wikipedia/commons/2/29/Aphaenogaster_gonacantha_casent0102038_profile_1.jpg,Aphaenogaster gonacantha casent0102038 profile 1.jpg,ca0ae35b3da03fe3852c76519c3d7a44013bbf2f,2009-10-21T16:08:13Z,exact,"harvester downscale, byte-identical","recovered by 14_commons_provenance.py: the Commons original after 06_harvest_commons.py's downscale (RGB, max 1024 px, JPEG quality 90)"
casent0102039,Aphaenogaster,test,p,data/images/Aphaenogaster/casent0102039_p.jpg,f01db0f533771967d01b91bacdb2d8b950b817360eec1bfdeebc846452ef26fc,963,808,224247,commons,https://upload.wikimedia.org/wikipedia/commons/a/a3/Aphaenogaster_gonacantha_casent0102039_profile_1.jpg,Aphaenogaster gonacantha casent0102039 profile 1.jpg,2e92e1f7def8c97e05fb85c1306617ef0570c033,2009-10-20T07:24:53Z,exact,"harvester downscale, byte-identical","recovered by 14_commons_provenance.py: the Commons original after 06_harvest_commons.py's downscale (RGB, max 1024 px, JPEG quality 90)"
casent0102040,Aphaenogaster,train,p,data/images/Aphaenogaster/casent0102040_p.jpg,92b6315d28e6836102f487e9e788ddc3ddb5f81b6ed3c20f255e1514528813ed,1024,723,192641,commons,https://upload.wikimedia.org/wikipedia/commons/d/df/Aphaenogaster_gonacantha_casent0102040_profile_1.jpg,Aphaenogaster gonacantha casent0102040 profile 1.jpg,34aa9bd6f10616817ff4678dc8ad0faf57e0c3e2,2009-10-22T04:33:08Z,exact,"harvester downscale, byte-identical","recovered by 14_commons_provenance.py: the Commons original after 06_harvest_commons.py's downscale (RGB, max 1024 px, JPEG quality 90)"
casent0102047,Terataner,train,p,data/images/Terataner/casent0102047_p.jpg,23b532f2bce252dea20d550269a07a6c3187853b8a58ddf27c795ff684664a51,1024,687,159305,commons,https://upload.wikimedia.org/wikipedia/commons/c/c5/Terataner_alluaudi_casent0102047_profile_1.jpg,Terataner alluaudi casent0102047 profile 1.jpg,5766eba5c13bb3bb731c2b57876cdaca7f45815b,2009-10-22T23:38:55Z,exact,"harvester downscale, byte-identical","recovered by 14_commons_provenance.py: the Commons original after 06_harvest_commons.py's downscale (RGB, max 1024 px, JPEG quality 90)"
casent0102048,Terataner,train,p,data/images/Terataner/casent0102048_p.jpg,0184c4c7871b35efeadabab8fe31aeccf2aed3144e9b8cb50164e362a67d131d,1280,772,170361,commons,https://upload.wikimedia.org/wikipedia/commons/d/da/Terataner_rufipes_casent0102048_profile_1.jpg,Terataner rufipes casent0102048 profile 1.jpg,e516210f084733619421635828bb2498801b0372,2009-10-20T15:51:25Z,exact,"Commons server thumbnail, byte-identical","recovered by 14_commons_provenance.py: Commons' own thumbnail of that original (requested at 1024 px, served at the next standard width); not what the current harvester fetches, so most likely an earlier version of it, whose docstring still describes 1024 px thumbnails"
casent0102049,Terataner,train,p,data/images/Terataner/casent0102049_p.jpg,455db194bb65463a0b5368212e3285606d1b3f03df944215e450b2822df618e1,1024,714,189622,commons,https://upload.wikimedia.org/wikipedia/commons/c/c7/Terataner_rufipes_casent0102049_profile_1.jpg,Terataner rufipes casent0102049 profile 1.jpg,427e68dca924a5094a766f1c52d4ee8939977154,2009-10-22T05:57:42Z,exact,"harvester downscale, byte-identical","recovered by 14_commons_provenance.py: the Commons original after 06_harvest_commons.py's downscale (RGB, max 1024 px, JPEG quality 90)"
casent0102053,Crematogaster,train,p,data/images/Crematogaster/casent0102053_p.jpg,bb5cbc1a5c88d529d9d9871f5f50257f430a0b643f751934c6aca1c43bb084a8,1024,504,98521,commons,https://upload.wikimedia.org/wikipedia/commons/d/d5/Crematogaster_madecassa_casent0102053_profile_1.jpg,Crematogaster madecassa casent0102053 profile 1.jpg,c57477d3ce870e983ff123df459dc901d9c372cc,2009-10-21T08:30:09Z,exact,"harvester downscale, byte-identical","recovered by 14_commons_provenance.py: the Commons original after 06_harvest_commons.py's downscale (RGB, max 1024 px, JPEG quality 90)"
casent0102054,Crematogaster,train,p,data/images/Crematogaster/casent0102054_p.jpg,47aba737b86d6f7cf8b9025d49cc9f89f22274883e07e2e76059f5a8aaf0a806,1024,497,99964,commons,https://upload.wikimedia.org/wikipedia/commons/5/5f/Crematogaster_madecassa_casent0102054_profile_1.jpg,Crematogaster madecassa casent0102054 profile 1.jpg,bc16fc1fbf61b56886d148c907f6a1c0ea1b39a7,2009-10-22T10:58:15Z,exact,"harvester downscale, byte-identical","recovered by 14_commons_provenance.py: the Commons original after 06_harvest_commons.py's downscale (RGB, max 1024 px, JPEG quality 90)"
casent0102055,Crematogaster,train,p,data/images/Crematogaster/casent0102055_p.jpg,740ac878e053339c6caaef8528a225c456f3a19f73b54040e4b1b3b4d13bee40,869,808,185497,commons,https://upload.wikimedia.org/wikipedia/commons/0/03/Crematogaster_lobata_casent0102055_profile_1.jpg,Crematogaster lobata casent0102055 profile 1.jpg,6bc383ccd33f04137b8014eb774153b8f6ce9fe0,2009-10-20T08:00:25Z,exact,"harvester downscale, byte-identical","recovered by 14_commons_provenance.py: the Commons original after 06_harvest_commons.py's downscale (RGB, max 1024 px, JPEG quality 90)"
casent0102064,Nesomyrmex,train,p,data/images/Nesomyrmex/casent0102064_p.jpg,e8e23ce2702c2c13a3caa04360804f83cd69621a77533d862063691f634b8e48,1024,685,196030,commons,https://upload.wikimedia.org/wikipedia/commons/d/d9/Nesomyrmex_sikorai_casent0102064_profile_1.jpg,Nesomyrmex sikorai casent0102064 profile 1.jpg,7b3b7f71d337c4f8e655c6a8ca83f66af607ef5c,2009-10-19T16:39:00Z,exact,"harvester downscale, byte-identical","recovered by 14_commons_provenance.py: the Commons original after 06_harvest_commons.py's downscale (RGB, max 1024 px, JPEG quality 90)"
casent0102065,Nesomyrmex,train,p,data/images/Nesomyrmex/casent0102065_p.jpg,ebd0af9bea64516118b0dd424afd19b995695617551f17e2c9eb4a96dbd835e6,1024,544,152668,commons,https://upload.wikimedia.org/wikipedia/commons/d/de/Nesomyrmex_madecassus_casent0102065_profile_1.jpg,Nesomyrmex madecassus casent0102065 profile 1.jpg,9859e6e7bb6f31f958f8acc17b974eaa5cb93b94,2009-10-19T08:51:31Z,exact,"harvester downscale, byte-identical","recovered by 14_commons_provenance.py: the Commons original after 06_harvest_commons.py's downscale (RGB, max 1024 px, JPEG quality 90)"
casent0102066,Meranoplus,train,p,data/images/Meranoplus/casent0102066_p.jpg,deac346968726152f00a45a9c8cd9d4e7c14959614b6fb526dbce457ac646b9d,1024,779,189094,commons,https://upload.wikimedia.org/wikipedia/commons/8/83/Meranoplus_radamae_casent0102066_profile_1.jpg,Meranoplus radamae casent0102066 profile 1.jpg,748d48f745634d14ef1979efd6ac4e553248e54a,2009-10-20T18:10:56Z,exact,"harvester downscale, byte-identical","recovered by 14_commons_provenance.py: the Commons original after 06_harvest_commons.py's downscale (RGB, max 1024 px, JPEG quality 90)"
casent0102067,Meranoplus,test,p,data/images/Meranoplus/casent0102067_p.jpg,31c4a7b6239efaa72b5d4a1c42bc7fb655bf59ab518d0e3dfb4a4c509fb9fc61,1024,633,148167,commons,https://upload.wikimedia.org/wikipedia/commons/9/9e/Meranoplus_mayri_casent0102067_profile_1.jpg,Meranoplus mayri casent0102067 profile 1.jpg,cac384bb025c3f5246953e2c577a76b83b09ca1c,2009-10-18T23:54:49Z,exact,"harvester downscale, byte-identical","recovered by 14_commons_provenance.py: the Commons original after 06_harvest_commons.py's downscale (RGB, max 1024 px, JPEG quality 90)"
casent0102068,Cataulacus,train,p,data/images/Cataulacus/casent0102068_p.jpg,1cc02bc35a64cb6d456eaf8f2f44587cc80a5a20c47cbc16725477f67c63c798,1024,613,121481,commons,https://upload.wikimedia.org/wikipedia/commons/b/b0/Cataulacus_oberthueri_casent0102068_profile_1.jpg,Cataulacus oberthueri casent0102068 profile 1.jpg,6fd02f812a497c98300cf708df3f8fa8636c5a77,2009-10-21T17:51:57Z,exact,"harvester downscale, byte-identical","recovered by 14_commons_provenance.py: the Commons original after 06_harvest_commons.py's downscale (RGB, max 1024 px, JPEG quality 90)"
casent0102069,Cataulacus,train,p,data/images/Cataulacus/casent0102069_p.jpg,9b972b95368590b6200ce6a17eb5c5fabf6e6d5dc33851e563c4418f96031d09,1024,587,140530,commons,https://upload.wikimedia.org/wikipedia/commons/8/8e/Cataulacus_porcatus_casent0102069_profile_1.jpg,Cataulacus porcatus casent0102069 profile 1.jpg,81561bdafca9aac6708d9a59593f3d4eeae0e18b,2009-10-19T15:08:38Z,exact,"harvester downscale, byte-identical","recovered by 14_commons_provenance.py: the Commons original after 06_harvest_commons.py's downscale (RGB, max 1024 px, JPEG quality 90)"
casent0102071,Tetramorium,train,p,data/images/Tetramorium/casent0102071_p.jpg,16958e78aea431065d7020df3910a29f801ceda6149fc29c3c5f8693068113d2,1024,802,221143,commons,https://upload.wikimedia.org/wikipedia/commons/6/6f/Tetramorium_tosii_casent0102071_profile_1.jpg,Tetramorium tosii casent0102071 profile 1.jpg,3bda873d938df4856c73aaf94ca46c3b2130eac2,2009-10-21T22:24:39Z,exact,"harvester downscale, byte-identical","recovered by 14_commons_provenance.py: the Commons original after 06_harvest_commons.py's downscale (RGB, max 1024 px, JPEG quality 90)"
casent0102072,Tetramorium,train,p,data/images/Tetramorium/casent0102072_p.jpg,5658a109a9c7b753b49f30ab611566b15b21b272b85fb85fc949ed3f264c8182,1024,769,200821,commons,https://upload.wikimedia.org/wikipedia/commons/5/53/Tetramorium_tosii_casent0102072_profile_1.jpg,Tetramorium tosii casent0102072 profile 1.jpg,89a74114e26f1688d469ee74b04293295c088fef,2009-10-20T20:32:31Z,exact,"harvester downscale, byte-identical","recovered by 14_commons_provenance.py: the Commons original after 06_harvest_commons.py's downscale (RGB, max 1024 px, JPEG quality 90)"
casent0102078,Tetramorium,train,p,data/images/Tetramorium/casent0102078_p.jpg,98c85f3419064a8c3fedc31661ba1833c73a51e816c7b9b40a3c773848c7235b,1024,688,200388,commons,https://upload.wikimedia.org/wikipedia/commons/0/02/Tetramorium_severini_casent0102078_profile_1.jpg,Tetramorium severini casent0102078 profile 1.jpg,9c6aeb682749a81c30ac36da0493e7282c3f6ec5,2009-10-22T10:34:39Z,exact,"harvester downscale, byte-identical","recovered by 14_commons_provenance.py: the Commons original after 06_harvest_commons.py's downscale (RGB, max 1024 px, JPEG quality 90)"
casent0102092,Camponotus,train,p,data/images/Camponotus/casent0102092_p.jpg,3cfade82749ff0c53fd45439143d25d942db7dec857e77da3cc46fb6564ed997,1024,612,148845,commons,https://upload.wikimedia.org/wikipedia/commons/2/23/Camponotus_hildebrandti_dichromothrix_casent0102092_profile_1.jpg,Camponotus hildebrandti dichromothrix casent0102092 profile 1.jpg,0a986de45be07d099c618a1d33bcc065686a8a24,2009-10-22T20:51:11Z,exact,"harvester downscale, byte-identical","recovered by 14_commons_provenance.py: the Commons original after 06_harvest_commons.py's downscale (RGB, max 1024 px, JPEG quality 90)"
casent0102093,Terataner,train,p,data/images/Terataner/casent0102093_p.jpg,ec0024d51937523fcb4e08371bef5754076539553cadcb4c7afcde03febc81d2,1024,621,197830,commons,https://upload.wikimedia.org/wikipedia/commons/c/c3/Terataner_foreli_casent0102093_profile_1.jpg,Terataner foreli casent0102093 profile 1.jpg,1ebc69bd7924e19c435de53c695211f673cd7a5c,2009-10-19T19:58:08Z,exact,"harvester downscale, byte-identical","recovered by 14_commons_provenance.py: the Commons original after 06_harvest_commons.py's downscale (RGB, max 1024 px, JPEG quality 90)"
casent0102096,Camponotus,train,p,data/images/Camponotus/casent0102096_p.jpg,0a31270c801c79463c6970dc075f7041d04b78e8e1a8e4be46326389b2715dbc,1024,531,99926,commons,https://upload.wikimedia.org/wikipedia/commons/a/a1/Camponotus_sikorai_casent0102096_profile_1.jpg,Camponotus sikorai casent0102096 profile 1.jpg,e82a058e63b301a15ea432f2cdd1d204c76276af,2009-10-20T05:59:44Z,exact,"harvester downscale, byte-identical","recovered by 14_commons_provenance.py: the Commons original after 06_harvest_commons.py's downscale (RGB, max 1024 px, JPEG quality 90)"
casent0102097,Camponotus,train,p,data/images/Camponotus/casent0102097_p.jpg,31c5c693a382dfc068556540663c40c98f248db4ad010fb035515fd1fa6f7080,1024,694,166806,commons,https://upload.wikimedia.org/wikipedia/commons/0/04/Camponotus_mocquerysi_casent0102097_profile_1.jpg,Camponotus mocquerysi casent0102097 profile 1.jpg,7558714a722b6d19ee4feb43b29683a8b71b5345,2009-10-22T10:31:45Z,exact,"harvester downscale, byte-identical","recovered by 14_commons_provenance.py: the Commons original after 06_harvest_commons.py's downscale (RGB, max 1024 px, JPEG quality 90)"
casent0102098,Camponotus,train,p,data/images/Camponotus/casent0102098_p.jpg,ad6107b2373a2ba5bee5d78458c82685e5552afdb586f165847966ccaccf3a00,1024,650,160799,commons,https://upload.wikimedia.org/wikipedia/commons/6/6e/Camponotus_mocquerysi_casent0102098_profile_1.jpg,Camponotus mocquerysi casent0102098 profile 1.jpg,e69975395b258c7cd8198e6d004fd198c06c404f,2009-10-22T15:00:57Z,exact,"harvester downscale, byte-identical","recovered by 14_commons_provenance.py: the Commons original after 06_harvest_commons.py's downscale (RGB, max 1024 px, JPEG quality 90)"
casent0102099,Camponotus,train,p,data/images/Camponotus/casent0102099_p.jpg,7ce36e3afeeb159a7c4207c24eadb733a75b4d8fd772ec9aade2e24088edf7be,1024,628,146212,commons,https://upload.wikimedia.org/wikipedia/commons/e/e3/Camponotus_leveillei_casent0102099_profile_1.jpg,Camponotus leveillei casent0102099 profile 1.jpg,9e9c57d43acd3fad68f58109dd23ffc00f18fdc2,2009-10-19T15:07:01Z,exact,"harvester downscale, byte-identical","recovered by 14_commons_provenance.py: the Commons original after 06_harvest_commons.py's downscale (RGB, max 1024 px, JPEG quality 90)"
casent0102103,Camponotus,test,p,data/images/Camponotus/casent0102103_p.jpg,d085b18a529b141f6ae427ee0dfa49ed5e8546b34eb1c7027af8005fa3facc1d,1024,686,173978,commons,https://upload.wikimedia.org/wikipedia/commons/e/e3/Camponotus_christi_maculiventris_casent0102103_profile_1.jpg,Camponotus christi maculiventris casent0102103 profile 1.jpg,55e71a980a595345ce46fd5d92dd02342367a4a1,2009-10-20T20:18:44Z,exact,"harvester downscale, byte-identical","recovered by 14_commons_provenance.py: the Commons original after 06_harvest_commons.py's downscale (RGB, max 1024 px, JPEG quality 90)"
casent0102104,Camponotus,train,p,data/images/Camponotus/casent0102104_p.jpg,f7b687d378edb5d00a5b30fb6464274c600aa9f8ca9b9da9941b32fde7d2a9cf,1012,808,214372,commons,https://upload.wikimedia.org/wikipedia/commons/6/6e/Camponotus_christi_maculiventris_casent0102104_profile_1.jpg,Camponotus christi maculiventris casent0102104 profile 1.jpg,00e2fce5cb99e9cf28a04380c23fbfb2f102cd1a,2009-10-21T20:21:11Z,exact,"harvester downscale, byte-identical","recovered by 14_commons_provenance.py: the Commons original after 06_harvest_commons.py's downscale (RGB, max 1024 px, JPEG quality 90)"
casent0102106,Camponotus,train,p,data/images/Camponotus/casent0102106_p.jpg,b7258be84b934d3629a01a6bdc5c6b2463c961680f2f6e37ffdaa61352c6428e,1024,651,173830,commons,https://upload.wikimedia.org/wikipedia/commons/7/79/Camponotus_quadrimaculatus_opacatus_casent0102106_profile_1.jpg,Camponotus quadrimaculatus opacatus casent0102106 profile 1.jpg,10c073e92983c72fdfc02405c1923666158485c8,2009-10-22T09:18:54Z,exact,"harvester downscale, byte-identical","recovered by 14_commons_provenance.py: the Commons original after 06_harvest_commons.py's downscale (RGB, max 1024 px, JPEG quality 90)"
casent0102107,Camponotus,train,p,data/images/Camponotus/casent0102107_p.jpg,0bc5463cfdc75231ff8a2eff33bf526e061c13dd7e06e2c7d26e95b31e10f88a,1280,796,209053,commons,https://upload.wikimedia.org/wikipedia/commons/4/47/Camponotus_quadrimaculatus_opacatus_casent0102107_profile_1.jpg,Camponotus quadrimaculatus opacatus casent0102107 profile 1.jpg,ace1f88f3585e59c1af0fe0fc130faee1ec7cb48,2009-10-20T07:49:44Z,exact,"Commons server thumbnail, byte-identical","recovered by 14_commons_provenance.py: Commons' own thumbnail of that original (requested at 1024 px, served at the next standard width); not what the current harvester fetches, so most likely an earlier version of it, whose docstring still describes 1024 px thumbnails"
casent0102109,Camponotus,train,p,data/images/Camponotus/casent0102109_p.jpg,56459fa2583cd5a9ad705631c38743249113a1dd68b624016192048acb39abab,1024,768,195482,commons,https://upload.wikimedia.org/wikipedia/commons/c/c8/Camponotus_quadrimaculatus_sellaris_casent0102109_profile_1.jpg,Camponotus quadrimaculatus sellaris casent0102109 profile 1.jpg,d20371c2aeac5288caea7c4f1d71bbe2d07db222,2009-10-22T15:07:34Z,exact,"harvester downscale, byte-identical","recovered by 14_commons_provenance.py: the Commons original after 06_harvest_commons.py's downscale (RGB, max 1024 px, JPEG quality 90)"
casent0102110,Camponotus,train,p,data/images/Camponotus/casent0102110_p.jpg,cdf770ab3444023485bb702d3e2241e179163c1058e18543f15f6259999a4a74,1024,693,159837,commons,https://upload.wikimedia.org/wikipedia/commons/7/7d/Camponotus_quadrimaculatus_sellaris_casent0102110_profile_1.jpg,Camponotus quadrimaculatus sellaris casent0102110 profile 1.jpg,3c3fc3328fcbf9cb5007a2b85cae4bbd6c98e491,2009-10-19T07:56:53Z,exact,"harvester downscale, byte-identical","recovered by 14_commons_provenance.py: the Commons original after 06_harvest_commons.py's downscale (RGB, max 1024 px, JPEG quality 90)"
casent0102111,Camponotus,train,p,data/images/Camponotus/casent0102111_p.jpg,0d40c29b4dfc5a7741faf5030047d1c4f64b5ebd9f5bad017282ebe23823e1fb,1024,633,149407,commons,https://upload.wikimedia.org/wikipedia/commons/1/1a/Camponotus_quadrimaculatus_sellaris_casent0102111_profile_1.jpg,Camponotus quadrimaculatus sellaris casent0102111 profile 1.jpg,8944f1ec67cc8c3e6fa23bc51fdf4c9504ce3abb,2009-10-19T16:58:08Z,exact,"harvester downscale, byte-identical","recovered by 14_commons_provenance.py: the Commons original after 06_harvest_commons.py's downscale (RGB, max 1024 px, JPEG quality 90)"
casent0102136,Terataner,train,p,data/images/Terataner/casent0102136_p.jpg,ae6702d4e6c43bb5dc9e867866a5df74887594f0b6b6f7d1635f6215ac400633,1024,701,183172,commons,https://upload.wikimedia.org/wikipedia/commons/e/eb/Terataner_foreli_casent0102136_profile_1.jpg,Terataner foreli casent0102136 profile 1.jpg,7cd5442ac6f0ee563fdb87fccef2bcec421824bd,2009-10-20T03:45:23Z,exact,"harvester downscale, byte-identical","recovered by 14_commons_provenance.py: the Commons original after 06_harvest_commons.py's downscale (RGB, max 1024 px, JPEG quality 90)"
casent0102139,Hypoponera,train,p,data/images/Hypoponera/casent0102139_p.jpg,59ded75e830d710d915259ffd3a347529c469f77832c74e9f8b4812f1d2bd3e3,1024,771,151417,commons,https://upload.wikimedia.org/wikipedia/commons/e/ef/Hypoponera_johannae_casent0102139_profile_1.jpg,Hypoponera johannae casent0102139 profile 1.jpg,7406673a51d0775a26fe426ed4991a6f4e10cdc9,2009-10-19T21:37:55Z,exact,"harvester downscale, byte-identical","recovered by 14_commons_provenance.py: the Commons original after 06_harvest_commons.py's downscale (RGB, max 1024 px, JPEG quality 90)"
casent0102164,Lioponera,train,p,data/images/Lioponera/casent0102164_p.jpg,0cbe853417a6fd6428250fcf66fb4375d035932927c0259909db276d0a728f2d,1024,739,174803,commons,https://upload.wikimedia.org/wikipedia/commons/6/6f/Cerapachys_mayri_casent0102164_profile_1.jpg,Cerapachys mayri casent0102164 profile 1.jpg,6e59a2fc3551b88d3c7fd6e6306df4dc10acd32b,2009-10-20T22:19:15Z,exact,"harvester downscale, byte-identical","recovered by 14_commons_provenance.py: the Commons original after 06_harvest_commons.py's downscale (RGB, max 1024 px, JPEG quality 90)"
casent0102165,Lioponera,test,p,data/images/Lioponera/casent0102165_p.jpg,e6f79c23c8d7be1e7c3ff1bf2ddfd614e7ee67b9442797b19e40948796e3360a,1024,771,205394,commons,https://upload.wikimedia.org/wikipedia/commons/2/22/Cerapachys_mayri_casent0102165_profile_1.jpg,Cerapachys mayri casent0102165 profile 1.jpg,4518bd26a2113df44a62d1b6b35528fcdeecdbb8,2009-10-18T18:59:17Z,exact,"harvester downscale, byte-identical","recovered by 14_commons_provenance.py: the Commons original after 06_harvest_commons.py's downscale (RGB, max 1024 px, JPEG quality 90)"
casent0102171,Mystrium,test,p,data/images/Mystrium/casent0102171_p.jpg,ef32be8377dcd820e96a8f9adac244965d0807e242fdad67c19610e77c2734dc,949,808,139247,commons,https://upload.wikimedia.org/wikipedia/commons/d/d8/Mystrium_mysticum_casent0102171_profile_1.jpg,Mystrium mysticum casent0102171 profile 1.jpg,59651626fae51c0acc25a8bbbed44640662e05a5,2009-10-21T17:50:20Z,exact,"harvester downscale, byte-identical","recovered by 14_commons_provenance.py: the Commons original after 06_harvest_commons.py's downscale (RGB, max 1024 px, JPEG quality 90)"
casent0102172,Mystrium,test,p,data/images/Mystrium/casent0102172_p.jpg,42f40558e7b6ab861835940b9b1b95fda4b7d5085b6e7f1d7f4cfeea90ac3374,1280,677,204730,commons,https://upload.wikimedia.org/wikipedia/commons/9/96/Mystrium_rogeri_casent0102172_profile_1.jpg,Mystrium rogeri casent0102172 profile 1.jpg,73e89bcadbd98fff09536cfc857ba54a786fb59b,2009-10-21T17:54:51Z,exact,"Commons server thumbnail, byte-identical","recovered by 14_commons_provenance.py: Commons' own thumbnail of that original (requested at 1024 px, served at the next standard width); not what the current harvester fetches, so most likely an earlier version of it, whose docstring still describes 1024 px thumbnails"
casent0102235,Terataner,train,p,data/images/Terataner/casent0102235_p.jpg,6e20727710ecf83888f8148a190e9be532548c24f0a81c5f1219b9a7b2e093f7,1024,736,166298,commons,https://upload.wikimedia.org/wikipedia/commons/9/92/Terataner_rufipes_casent0102235_profile_1.jpg,Terataner rufipes casent0102235 profile 1.jpg,3a64c21b5647419dd6cfc6b76128353056bb1293,2009-10-19T11:37:32Z,exact,"harvester downscale, byte-identical","recovered by 14_commons_provenance.py: the Commons original after 06_harvest_commons.py's downscale (RGB, max 1024 px, JPEG quality 90)"
casent0102258,Strumigenys,train,p,data/images/Strumigenys/casent0102258_p.jpg,29f74ad5d6ec8ce94bda0738db0ccc18ed069b2bb54b3db81f170d88eed9a921,1024,606,111724,commons,https://upload.wikimedia.org/wikipedia/commons/b/b7/Strumigenys_fautrix_casent0102258_profile_1.jpg,Strumigenys fautrix casent0102258 profile 1.jpg,cd3817701c7f31111ca5733dfcc1e0f16e5789f8,2009-10-21T03:42:23Z,exact,"harvester downscale, byte-identical","recovered by 14_commons_provenance.py: the Commons original after 06_harvest_commons.py's downscale (RGB, max 1024 px, JPEG quality 90)"
casent0102259,Strumigenys,train,p,data/images/Strumigenys/casent0102259_p.jpg,c6e1138b7d01762dbce1c396571927249d4f4180cd5815153cb267a76585debd,1024,762,145432,commons,https://upload.wikimedia.org/wikipedia/commons/e/e5/Strumigenys_tathula_casent0102259_profile_1.jpg,Strumigenys tathula casent0102259 profile 1.jpg,711c6954d9fa98485a31a97f173e42f7225f90c5,2009-10-19T13:45:33Z,exact,"harvester downscale, byte-identical","recovered by 14_commons_provenance.py: the Commons original after 06_harvest_commons.py's downscale (RGB, max 1024 px, JPEG quality 90)"
casent0102260,Strumigenys,train,p,data/images/Strumigenys/casent0102260_p.jpg,98b1dffca61f22cb7fd35d5d4372bb14606abecc181391aa99dc4ad680f98f21,980,808,107725,commons,https://upload.wikimedia.org/wikipedia/commons/1/1d/Strumigenys_tathula_casent0102260_profile_1.jpg,Strumigenys tathula casent0102260 profile 1.jpg,cad4b36a6558f7e803baf1fbad92d5a247be6b07,2009-10-22T08:11:32Z,exact,"harvester downscale, byte-identical","recovered by 14_commons_provenance.py: the Commons original after 06_harvest_commons.py's downscale (RGB, max 1024 px, JPEG quality 90)"
casent0102262,Strumigenys,test,p,data/images/Strumigenys/casent0102262_p.jpg,59cd4e6f2ddf6cba0b9ec13dedd0478147fae546c8108101e31b9ed255eec9ac,1024,756,151104,commons,https://upload.wikimedia.org/wikipedia/commons/8/86/Pyramica_khakaura_casent0102262_profile_1.jpg,Pyramica khakaura casent0102262 profile 1.jpg,371ddff936ed507552922c87953b62cde7c7ccb1,2009-10-22T10:02:51Z,exact,"harvester downscale, byte-identical","recovered by 14_commons_provenance.py: the Commons original after 06_harvest_commons.py's downscale (RGB, max 1024 px, JPEG quality 90)"
casent0102263,Strumigenys,train,p,data/images/Strumigenys/casent0102263_p.jpg,c183d6874ec1500d1a1cb6b627bc8d51eb834e83cf52a4ebf10f9912db8ba802,1024,746,132994,commons,https://upload.wikimedia.org/wikipedia/commons/d/d4/Strumigenys_olsoni_casent0102263_profile_1.jpg,Strumigenys olsoni casent0102263 profile 1.jpg,efeff8409110c4f3f69046219dbb0049d2c722a0,2009-10-22T15:29:23Z,exact,"harvester downscale, byte-identical","recovered by 14_commons_provenance.py: the Commons original after 06_harvest_commons.py's downscale (RGB, max 1024 px, JPEG quality 90)"
casent0102265,Strumigenys,train,p,data/images/Strumigenys/casent0102265_p.jpg,7339f1de37ad978d84357e938c1f5003924f739a7193d9c5fecbae492773cfbd,1024,757,155979,commons,https://upload.wikimedia.org/wikipedia/commons/b/b6/Strumigenys_symmetrix_casent0102265_profile_1.jpg,Strumigenys symmetrix casent0102265 profile 1.jpg,bf384fb10973d67c80200ce985d04831db0334c1,2009-10-20T20:11:14Z,exact,"harvester downscale, byte-identical","recovered by 14_commons_provenance.py: the Commons original after 06_harvest_commons.py's downscale (RGB, max 1024 px, JPEG quality 90)"
casent0102275,Hypoponera,train,p,data/images/Hypoponera/casent0102275_p.jpg,6a040000d7a87ed7c256488f0b555bfd890ce1bb0f8a702c58360145cb62fcd7,1024,771,139500,commons,https://upload.wikimedia.org/wikipedia/commons/9/9e/Hypoponera_sakalava_casent0102275_profile_1.jpg,Hypoponera sakalava casent0102275 profile 1.jpg,5adb6720e73d2268d64950fc101e361606aeef25,2009-10-19T20:05:15Z,exact,"harvester downscale, byte-identical","recovered by 14_commons_provenance.py: the Commons original after 06_harvest_commons.py's downscale (RGB, max 1024 px, JPEG quality 90)"
casent0102309,Camponotus,train,p,data/images/Camponotus/casent0102309_p.jpg,91d31c4df930e68c4f1cbfc78b954051fddef3e17a6c9250b06e3052ac7ee5f6,1024,465,95980,commons,https://upload.wikimedia.org/wikipedia/commons/8/89/Camponotus_gerberti_casent0102309_profile_1.jpg,Camponotus gerberti casent0102309 profile 1.jpg,ed9b3747a4c83701d20ac3438120341d712246a4,2009-10-21T04:48:06Z,exact,"harvester downscale, byte-identical","recovered by 14_commons_provenance.py: the Commons original after 06_harvest_commons.py's downscale (RGB, max 1024 px, JPEG quality 90)"
casent0102310,Camponotus,test,p,data/images/Camponotus/casent0102310_p.jpg,8f7f9026c4706e879473873de178b644d7504ca3811a04a9a03bd1354049df66,1024,673,153718,commons,https://upload.wikimedia.org/wikipedia/commons/a/a5/Camponotus_gerberti_casent0102310_profile_1.jpg,Camponotus gerberti casent0102310 profile 1.jpg,fc53b1a772ac24ee466c2a12c7b87642f8ff4641,2009-10-19T13:51:56Z,exact,"harvester downscale, byte-identical","recovered by 14_commons_provenance.py: the Commons original after 06_harvest_commons.py's downscale (RGB, max 1024 px, JPEG quality 90)"
casent0102311,Camponotus,train,p,data/images/Camponotus/casent0102311_p.jpg,62444c689bc42e3852fc869b184ed463ba8ff5997cd734f5be511c9210f2ee8d,1024,735,149194,commons,https://upload.wikimedia.org/wikipedia/commons/2/22/Camponotus_gerberti_casent0102311_profile_1.jpg,Camponotus gerberti casent0102311 profile 1.jpg,c0c0cb7f722f02d9b76c9c1138e8dc4a8d65039a,2009-10-18T17:01:52Z,exact,"harvester downscale, byte-identical","recovered by 14_commons_provenance.py: the Commons original after 06_harvest_commons.py's downscale (RGB, max 1024 px, JPEG quality 90)"
casent0102334,Tetramorium,train,p,data/images/Tetramorium/casent0102334_p.jpg,1d42b0a0bbcb00284c24d1d5f2f31c2787245a082629d29eaa634d6a510f6ca3,1024,705,139938,commons,https://upload.wikimedia.org/wikipedia/commons/a/a6/Tetramorium_anodontion_casent0102334_profile_1.jpg,Tetramorium anodontion casent0102334 profile 1.jpg,42667e6e9b1659e002b390fd4f77ea28e50fafbf,2009-10-20T11:15:46Z,exact,"harvester downscale, byte-identical","recovered by 14_commons_provenance.py: the Commons original after 06_harvest_commons.py's downscale (RGB, max 1024 px, JPEG quality 90)"
casent0102335,Tetramorium,train,p,data/images/Tetramorium/casent0102335_p.jpg,abb4b590ff18ab14f9056f28124ed17da6d78b4ae52f7fea91a35ec1662eeb9b,1024,804,157352,commons,https://upload.wikimedia.org/wikipedia/commons/2/2d/Tetramorium_anodontion_casent0102335_profile_1.jpg,Tetramorium anodontion casent0102335 profile 1.jpg,32820327bcb871d1a323dce6838e2b3bfd2d4adc,2009-10-22T19:32:42Z,exact,"harvester downscale, byte-identical","recovered by 14_commons_provenance.py: the Commons original after 06_harvest_commons.py's downscale (RGB, max 1024 px, JPEG quality 90)"
casent0102336,Tetramorium,train,p,data/images/Tetramorium/casent0102336_p.jpg,e842cd0f0b9e90a15fcae478e3ffe013e78017835e276515097785c5179acccd,1024,730,125735,commons,https://upload.wikimedia.org/wikipedia/commons/1/1a/Tetramorium_scytalum_casent0102336_profile_1.jpg,Tetramorium scytalum casent0102336 profile 1.jpg,847c6b9a4378d233b3cd9453f82599b4851b61e7,2009-10-21T00:04:41Z,exact,"harvester downscale, byte-identical","recovered by 14_commons_provenance.py: the Commons original after 06_harvest_commons.py's downscale (RGB, max 1024 px, JPEG quality 90)"
casent0102337,Tetramorium,train,p,data/images/Tetramorium/casent0102337_p.jpg,faef85c3fc6d8b934cdbdbc1c604c8bae5e7396ec2941903d2447a051734707e,1024,747,132836,commons,https://upload.wikimedia.org/wikipedia/commons/1/16/Tetramorium_scytalum_casent0102337_profile_1.jpg,Tetramorium scytalum casent0102337 profile 1.jpg,11003a1ba33f9b265ebc97aa4255a119487906a8,2009-10-19T02:05:23Z,exact,"harvester downscale, byte-identical","recovered by 14_commons_provenance.py: the Commons original after 06_harvest_commons.py's downscale (RGB, max 1024 px, JPEG quality 90)"
casent0102338,Tetramorium,train,p,data/images/Tetramorium/casent0102338_p.jpg,9225439af3a8e37ed2eb4e25c50230b07b01c7b6099f4997d45cd09a4f37098a,1024,771,140686,commons,https://upload.wikimedia.org/wikipedia/commons/0/0d/Tetramorium_tantillum_casent0102338_profile_1.jpg,Tetramorium tantillum casent0102338 profile 1.jpg,3f1bcf1c82ba6363fb969b84630b89db6e61f875,2009-10-18T14:16:51Z,exact,"harvester downscale, byte-identical","recovered by 14_commons_provenance.py: the Commons original after 06_harvest_commons.py's downscale (RGB, max 1024 px, JPEG quality 90)"
casent0102339,Tetramorium,train,p,data/images/Tetramorium/casent0102339_p.jpg,409d58accb328ad3770eef642d76f032b141c45f047629744da9b2685fd97f18,1024,675,119879,commons,https://upload.wikimedia.org/wikipedia/commons/f/f5/Tetramorium_kelleri_casent0102339_profile_1.jpg,Tetramorium kelleri casent0102339 profile 1.jpg,19f611e9a77d6d1e854a10173e24e3bdf63a7c79,2009-10-18T14:05:39Z,exact,"harvester downscale, byte-identical","recovered by 14_commons_provenance.py: the Commons original after 06_harvest_commons.py's downscale (RGB, max 1024 px, JPEG quality 90)"
casent0102340,Tetramorium,train,p,data/images/Tetramorium/casent0102340_p.jpg,7fcfb0cb6466bc321d1d9f8b86c4afb2e895bcde78d7cc0eb99ba1fc543806af,1024,649,139331,commons,https://upload.wikimedia.org/wikipedia/commons/6/62/Tetramorium_latreillei_casent0102340_profile_1.jpg,Tetramorium latreillei casent0102340 profile 1.jpg,55b83d317f81b06f0457d946f1479220c0a5c71b,2009-10-18T07:30:20Z,exact,"harvester downscale, byte-identical","recovered by 14_commons_provenance.py: the Commons original after 06_harvest_commons.py's downscale (RGB, max 1024 px, JPEG quality 90)"
casent0102341,Tetramorium,train,p,data/images/Tetramorium/casent0102341_p.jpg,0fd6295a61ead677edeefe8b1679a74e73e8c563672c7c94d281d6a32054834f,1024,771,141881,commons,https://upload.wikimedia.org/wikipedia/commons/3/3e/Tetramorium_proximum_casent0102341_profile_1.jpg,Tetramorium proximum casent0102341 profile 1.jpg,e38d5f53c417e0b0a0ae36d29fdcefcff9ea1a93,2009-10-22T11:04:48Z,exact,"harvester downscale, byte-identical","recovered by 14_commons_provenance.py: the Commons original after 06_harvest_commons.py's downscale (RGB, max 1024 px, JPEG quality 90)"
casent0102342,Tetramorium,train,p,data/images/Tetramorium/casent0102342_p.jpg,395d932b37cd8874449c31a41038589fc6698604bb50e01346e8e72c907f1871,1024,721,139866,commons,https://upload.wikimedia.org/wikipedia/commons/7/7a/Tetramorium_proximum_casent0102342_profile_1.jpg,Tetramorium proximum casent0102342 profile 1.jpg,71f87757824e0b6fce892d9db20a4f76aa209e3a,2009-10-21T17:54:38Z,exact,"harvester downscale, byte-identical","recovered by 14_commons_provenance.py: the Commons original after 06_harvest_commons.py's downscale (RGB, max 1024 px, JPEG quality 90)"
casent0102343,Tetramorium,test,p,data/images/Tetramorium/casent0102343_p.jpg,86a27773950621341bffa792116a548040625ad15cfbec96c7c333ddcb54a660,1024,682,127986,commons,https://upload.wikimedia.org/wikipedia/commons/1/1f/Tetramorium_cognatum_casent0102343_profile_1.jpg,Tetramorium cognatum casent0102343 profile 1.jpg,be1cede34d8bc386996597de1222ee84f019d306,2009-10-22T10:04:04Z,exact,"harvester downscale, byte-identical","recovered by 14_commons_provenance.py: the Commons original after 06_harvest_commons.py's downscale (RGB, max 1024 px, JPEG quality 90)"
casent0102345,Tetramorium,test,p,data/images/Tetramorium/casent0102345_p.jpg,a462e4ba2b895e82d40b6502a68610c1393302e38a025cb4032648d96d5a8cac,972,808,125346,commons,https://upload.wikimedia.org/wikipedia/commons/7/73/Tetramorium_naganum_casent0102345_profile_1.jpg,Tetramorium naganum casent0102345 profile 1.jpg,cd2a82660307a9709fcfc220d14bcbfee0fcf962,2009-10-20T02:29:24Z,exact,"harvester downscale, byte-identical","recovered by 14_commons_provenance.py: the Commons original after 06_harvest_commons.py's downscale (RGB, max 1024 px, JPEG quality 90)"
casent0102346,Tetramorium,train,p,data/images/Tetramorium/casent0102346_p.jpg,4b3f0a83a849a1e75953241664517048831830c8fceaab24e1c60ac760ecb69e,1024,729,141116,commons,https://upload.wikimedia.org/wikipedia/commons/6/64/Tetramorium_naganum_casent0102346_profile_1.jpg,Tetramorium naganum casent0102346 profile 1.jpg,4466e7152d37c6207f82449dd164b057831a804f,2009-10-19T09:16:43Z,exact,"harvester downscale, byte-identical","recovered by 14_commons_provenance.py: the Commons original after 06_harvest_commons.py's downscale (RGB, max 1024 px, JPEG quality 90)"
casent0102347,Tetramorium,train,p,data/images/Tetramorium/casent0102347_p.jpg,f934662ee260a5ba5491fe3272a6ac4cdbb90b30d7cf24438adc70185ecba194,1024,735,141241,commons,https://upload.wikimedia.org/wikipedia/commons/0/01/Tetramorium_bessonii_casent0102347_profile_1.jpg,Tetramorium bessonii casent0102347 profile 1.jpg,6dbc5f430683aee6fd9f928df717d055edc1047b,2009-10-21T21:12:53Z,exact,"harvester downscale, byte-identical","recovered by 14_commons_provenance.py: the Commons original after 06_harvest_commons.py's downscale (RGB, max 1024 px, JPEG quality 90)"
casent0102348,Tetramorium,train,p,data/images/Tetramorium/casent0102348_p.jpg,2327c2e063dde711265fab92f13a916f010f39f9d9d1df806c8951950f45cd13,1024,759,129908,commons,https://upload.wikimedia.org/wikipedia/commons/4/4c/Tetramorium_dysalum_casent0102348_profile_1.jpg,Tetramorium dysalum casent0102348 profile 1.jpg,e71c580367d3f68624bbdb55aca2a85af502ed13,2009-10-21T17:14:17Z,exact,"harvester downscale, byte-identical","recovered by 14_commons_provenance.py: the Commons original after 06_harvest_commons.py's downscale (RGB, max 1024 px, JPEG quality 90)"
casent0102349,Tetramorium,train,p,data/images/Tetramorium/casent0102349_p.jpg,abe40bbb9446be796e1cd3faa5882d540ed701d6e31e8936f042a0bea2186a23,1024,782,134960,commons,https://upload.wikimedia.org/wikipedia/commons/8/8d/Tetramorium_dysalum_casent0102349_profile_1.jpg,Tetramorium dysalum casent0102349 profile 1.jpg,7bb4927c31b51f007c3add13d1064cb9187d63a3,2009-10-20T21:33:53Z,exact,"harvester downscale, byte-identical","recovered by 14_commons_provenance.py: the Commons original after 06_harvest_commons.py's downscale (RGB, max 1024 px, JPEG quality 90)"
casent0102350,Tetramorium,train,p,data/images/Tetramorium/casent0102350_p.jpg,f1aa61ad6ad3d2de60f5e8273a3f646810f6de39be7d66ce8e902f0a715412f0,1024,760,135325,commons,https://upload.wikimedia.org/wikipedia/commons/9/9e/Tetramorium_electrum_casent0102350_profile_1.jpg,Tetramorium electrum casent0102350 profile 1.jpg,bde19cfdee854afe74b1099eed2652f003695c55,2009-10-21T17:30:27Z,exact,"harvester downscale, byte-identical","recovered by 14_commons_provenance.py: the Commons original after 06_harvest_commons.py's downscale (RGB, max 1024 px, JPEG quality 90)"
casent0102352,Tetramorium,train,p,data/images/Tetramorium/casent0102352_p.jpg,70d334239db12db20cc2183fe53d006357be956da4ddb5d932428c8195a6fd4e,1024,725,140081,commons,https://upload.wikimedia.org/wikipedia/commons/f/ff/Tetramorium_coillum_casent0102352_profile_1.jpg,Tetramorium coillum casent0102352 profile 1.jpg,53f195eeadbde29b3709716f5efe5c19d71c6436,2009-10-18T13:37:03Z,exact,"harvester downscale, byte-identical","recovered by 14_commons_provenance.py: the Commons original after 06_harvest_commons.py's downscale (RGB, max 1024 px, JPEG quality 90)"
casent0102353,Tetramorium,train,p,data/images/Tetramorium/casent0102353_p.jpg,926650235b6a33e266606f63f40886e57ed786b30b1176aee9b391fb7034785c,1024,739,140215,commons,https://upload.wikimedia.org/wikipedia/commons/2/29/Tetramorium_quasirum_casent0102353_profile_1.jpg,Tetramorium quasirum casent0102353 profile 1.jpg,086bc5f9d300416a3abed5c83a1c524c628f1e67,2009-10-20T03:37:50Z,exact,"harvester downscale, byte-identical","recovered by 14_commons_provenance.py: the Commons original after 06_harvest_commons.py's downscale (RGB, max 1024 px, JPEG quality 90)"
casent0102354,Tetramorium,train,p,data/images/Tetramorium/casent0102354_p.jpg,f468b78890ffc6c4c43981cd8a3bed1fd153c020d3eb6326fba9886ce4c68f34,1024,730,143577,commons,https://upload.wikimedia.org/wikipedia/commons/f/fd/Tetramorium_quasirum_casent0102354_profile_1.jpg,Tetramorium quasirum casent0102354 profile 1.jpg,a95fc1eced1c61e73821d3464f4ca46769909202,2009-10-18T19:44:31Z,exact,"harvester downscale, byte-identical","recovered by 14_commons_provenance.py: the Commons original after 06_harvest_commons.py's downscale (RGB, max 1024 px, JPEG quality 90)"
casent0102355,Tetramorium,train,p,data/images/Tetramorium/casent0102355_p.jpg,2e20aaf4f94f4416ba601a828705aeb16bf75421777e45466200808956f8e966,1003,808,129753,commons,https://upload.wikimedia.org/wikipedia/commons/7/73/Tetramorium_zenatum_casent0102355_profile_1.jpg,Tetramorium zenatum casent0102355 profile 1.jpg,89968d990d7f820cb87d3b2f134d518bb3a55a93,2009-10-21T10:43:07Z,exact,"harvester downscale, byte-identical","recovered by 14_commons_provenance.py: the Commons original after 06_harvest_commons.py's downscale (RGB, max 1024 px, JPEG quality 90)"
casent0102385,Tetramorium,train,p,data/images/Tetramorium/casent0102385_p.jpg,ec20f90333275ef0b16c8961704dae1240a122a39f26dc2768c69f253fbe0f52,1024,778,138174,commons,https://upload.wikimedia.org/wikipedia/commons/1/16/Tetramorium_quadrispinosum_casent0102385_profile_1.jpg,Tetramorium quadrispinosum casent0102385 profile 1.jpg,99a621d7d9f1b25f8eddae8d7c1ed1609001f27e,2009-10-19T08:17:10Z,exact,"harvester downscale, byte-identical","recovered by 14_commons_provenance.py: the Commons original after 06_harvest_commons.py's downscale (RGB, max 1024 px, JPEG quality 90)"
casent0102387,Tetramorium,train,p,data/images/Tetramorium/casent0102387_p.jpg,0ee3a285d1df831179cc72e6ba2ea3d86fda839c0f88ef9ea5e8e30710424d41,1024,746,136890,commons,https://upload.wikimedia.org/wikipedia/commons/6/67/Tetramorium_quadrispinosum_casent0102387_profile_1.jpg,Tetramorium quadrispinosum casent0102387 profile 1.jpg,ece3981fc48c4ec3f4252bac1975fd6be54b49dc,2009-10-19T10:17:34Z,exact,"harvester downscale, byte-identical","recovered by 14_commons_provenance.py: the Commons original after 06_harvest_commons.py's downscale (RGB, max 1024 px, JPEG quality 90)"
casent0102388,Tetramorium,test,p,data/images/Tetramorium/casent0102388_p.jpg,a4c1557ae0eebb8cbb5681f13d2ea7e2dee5e524b85c14e65b5ff652330f6d2a,1024,771,141826,commons,https://upload.wikimedia.org/wikipedia/commons/6/6d/Tetramorium_sericeiventre_casent0102388_profile_1.jpg,Tetramorium sericeiventre casent0102388 profile 1.jpg,06f2894d566918b7da7cd2108e977fbc92a43b33,2009-10-20T11:46:35Z,exact,"harvester downscale, byte-identical","recovered by 14_commons_provenance.py: the Commons original after 06_harvest_commons.py's downscale (RGB, max 1024 px, JPEG quality 90)"
casent0102392,Tetramorium,test,p,data/images/Tetramorium/casent0102392_p.jpg,17ebebaad6ba6f4a8beb11c33ed70c50753eccbf6e30ab6c168ec052415ca655,1024,728,147365,commons,https://upload.wikimedia.org/wikipedia/commons/c/c2/Tetramorium_ranarum_casent0102392_profile_1.jpg,Tetramorium ranarum casent0102392 profile 1.jpg,f04f5ea9b5526c7496168df067b0494dff782d0a,2009-10-20T23:08:15Z,exact,"harvester downscale, byte-identical","recovered by 14_commons_provenance.py: the Commons original after 06_harvest_commons.py's downscale (RGB, max 1024 px, JPEG quality 90)"
casent0102393,Tetramorium,train,p,data/images/Tetramorium/casent0102393_p.jpg,53c6a9130a85bc6faa3c6b177b781b4cadde89f0d229511210b6c922d103eb5b,947,808,173728,commons,https://upload.wikimedia.org/wikipedia/commons/6/62/Tetramorium_steinheili_casent0102393_profile_1.jpg,Tetramorium steinheili casent0102393 profile 1.jpg,6d99076cd1fc7025163f0a5f9098baf9871bd62b,2009-10-19T13:11:51Z,exact,"harvester downscale, byte-identical","recovered by 14_commons_provenance.py: the Commons original after 06_harvest_commons.py's downscale (RGB, max 1024 px, JPEG quality 90)"
casent0102394,Tetramorium,train,p,data/images/Tetramorium/casent0102394_p.jpg,6243b0e1946b1a85fdbbf2a86cd4cac7c755b5e33b6121c09f4f3020181bd736,1024,805,157233,commons,https://upload.wikimedia.org/wikipedia/commons/1/18/Tetramorium_steinheili_casent0102394_profile_1.jpg,Tetramorium steinheili casent0102394 profile 1.jpg,e30b621847954b5c4869b905b2cfc466e2d8e92a,2009-10-19T13:34:04Z,exact,"harvester downscale, byte-identical","recovered by 14_commons_provenance.py: the Commons original after 06_harvest_commons.py's downscale (RGB, max 1024 px, JPEG quality 90)"
casent0102395,Tetramorium,train,p,data/images/Tetramorium/casent0102395_p.jpg,7e014634dfd5fd0d773a064cff841c5ff24ae89d7aab283a81d1506faf901931,1024,771,140869,commons,https://upload.wikimedia.org/wikipedia/commons/8/8e/Tetramorium_andrei_casent0102395_profile_1.jpg,Tetramorium andrei casent0102395 profile 1.jpg,e47b46737581b5965461de1932a197050bf0cede,2009-10-22T02:14:29Z,exact,"harvester downscale, byte-identical","recovered by 14_commons_provenance.py: the Commons original after 06_harvest_commons.py's downscale (RGB, max 1024 px, JPEG quality 90)"
casent0102398,Tetramorium,train,p,data/images/Tetramorium/casent0102398_p.jpg,c41770547f26b912c5ae2087be6ad56fdf87c3e87cc983d56f09ec64320b3c7c,1024,771,122314,commons,https://upload.wikimedia.org/wikipedia/commons/f/f3/Tetramorium_marginatum_casent0102398_profile_1.jpg,Tetramorium marginatum casent0102398 profile 1.jpg,bf708a61223ee20a4f8b9c2a1f2c3ef7e8b387f5,2009-10-18T17:26:13Z,exact,"harvester downscale, byte-identical","recovered by 14_commons_provenance.py: the Commons original after 06_harvest_commons.py's downscale (RGB, max 1024 px, JPEG quality 90)"
casent0102399,Tetramorium,train,p,data/images/Tetramorium/casent0102399_p.jpg,763c9186d884be31e440e5079783fea754d9abd481bd45c9a831f29d60fcbe88,1012,808,164038,commons,https://upload.wikimedia.org/wikipedia/commons/1/15/Tetramorium_pleganon_casent0102399_profile_1.jpg,Tetramorium pleganon casent0102399 profile 1.jpg,e29231c0c9e9492e36cb5835fac02de0ef9c2210,2009-10-22T08:03:28Z,exact,"harvester downscale, byte-identical","recovered by 14_commons_provenance.py: the Commons original after 06_harvest_commons.py's downscale (RGB, max 1024 px, JPEG quality 90)"
casent0102400,Tetramorium,train,p,data/images/Tetramorium/casent0102400_p.jpg,d262824ad9129a917c71c6b3a799dcd1d8a6a6ee25f7cdbeb119d817933c663b,1024,757,133982,commons,https://upload.wikimedia.org/wikipedia/commons/3/37/Tetramorium_xanthogaster_casent0102400_profile_1.jpg,Tetramorium xanthogaster casent0102400 profile 1.jpg,b867382ea4a19dafcca2c2ce5388b61d20dfa47c,2009-10-18T19:57:36Z,exact,"harvester downscale, byte-identical","recovered by 14_commons_provenance.py: the Commons original after 06_harvest_commons.py's downscale (RGB, max 1024 px, JPEG quality 90)"
casent0102401,Tetramorium,train,p,data/images/Tetramorium/casent0102401_p.jpg,e6334802772f8dd0b7aafe5f6d8dee4df03803d7038ea24372a01b34afcdf7f0,1024,705,136370,commons,https://upload.wikimedia.org/wikipedia/commons/3/3c/Tetramorium_schaufussii_casent0102401_profile_1.jpg,Tetramorium schaufussii casent0102401 profile 1.jpg,c5c57d3b65df83efe458324033a5d001f5dabf02,2009-10-22T04:06:38Z,exact,"harvester downscale, byte-identical","recovered by 14_commons_provenance.py: the Commons original after 06_harvest_commons.py's downscale (RGB, max 1024 px, JPEG quality 90)"
casent0102402,Tetramorium,train,p,data/images/Tetramorium/casent0102402_p.jpg,6a8dbc17a2a8fd2a8aab69f2e94681445030b67f09278b456448b2db94ca48fb,1024,742,128969,commons,https://upload.wikimedia.org/wikipedia/commons/1/12/Tetramorium_sikorae_casent0102402_profile_1.jpg,Tetramorium sikorae casent0102402 profile 1.jpg,2b4617095499bf994fcddced37b3e280811255f2,2009-10-19T02:38:32Z,exact,"harvester downscale, byte-identical","recovered by 14_commons_provenance.py: the Commons original after 06_harvest_commons.py's downscale (RGB, max 1024 px, JPEG quality 90)"
casent0102403,Tetramorium,train,p,data/images/Tetramorium/casent0102403_p.jpg,9db7af0b9063e53bb64a5066d67ab2b301dff017eedf6304e738198c525bbce7,1024,677,129534,commons,https://upload.wikimedia.org/wikipedia/commons/9/92/Tetramorium_degener_casent0102403_profile_1.jpg,Tetramorium degener casent0102403 profile 1.jpg,1787390f353ce5ec79d8ca37f4d63df1f34b7eb8,2009-10-21T07:14:30Z,exact,"harvester downscale, byte-identical","recovered by 14_commons_provenance.py: the Commons original after 06_harvest_commons.py's downscale (RGB, max 1024 px, JPEG quality 90)"
casent0102404,Tetramorium,test,p,data/images/Tetramorium/casent0102404_p.jpg,9357fbd269fb6b4e54c08948d9404fc0777a799debb872624e65b71bc3b7377e,1024,795,146168,commons,https://upload.wikimedia.org/wikipedia/commons/7/78/Tetramorium_bicarinatum_casent0102404_profile_1.jpg,Tetramorium bicarinatum casent0102404 profile 1.jpg,9d9817c1d96dd2aa11a60f71d7861e70790788be,2009-10-20T23:47:20Z,exact,"harvester downscale, byte-identical","recovered by 14_commons_provenance.py: the Commons original after 06_harvest_commons.py's downscale (RGB, max 1024 px, JPEG quality 90)"
casent0102407,Bothroponera,train,p,data/images/Bothroponera/casent0102407_p.jpg,01c458c9234e44cf2898f33d78ae18684580c411848f88592f5bb8e3d053f3e6,1021,808,194810,commons,https://upload.wikimedia.org/wikipedia/commons/d/df/Pachycondyla_cambouei_casent0102407_profile_1.jpg,Pachycondyla cambouei casent0102407 profile 1.jpg,1c9ddddd241297b5363786b53a373e26839ad2ef,2009-10-19T03:42:44Z,exact,"harvester downscale, byte-identical","recovered by 14_commons_provenance.py: the Commons original after 06_harvest_commons.py's downscale (RGB, max 1024 px, JPEG quality 90)"
casent0102408,Bothroponera,train,p,data/images/Bothroponera/casent0102408_p.jpg,be819a89543f9c8a8901d3e6fb60b78761737603ea2c462aedf04dcc90822db0,1024,748,157211,commons,https://upload.wikimedia.org/wikipedia/commons/e/e4/Pachycondyla_comorensis_casent0102408_profile_1.jpg,Pachycondyla comorensis casent0102408 profile 1.jpg,8fcdf099b56cf051f2c03ff949684afd54ac62af,2009-10-21T22:35:38Z,exact,"harvester downscale, byte-identical","recovered by 14_commons_provenance.py: the Commons original after 06_harvest_commons.py's downscale (RGB, max 1024 px, JPEG quality 90)"
casent0102409,Bothroponera,train,p,data/images/Bothroponera/casent0102409_p.jpg,b4b05a873290da86a4178b10f3f43a71fb11429f3836e23876dbe764e8c64f7f,1024,768,156289,commons,https://upload.wikimedia.org/wikipedia/commons/d/dd/Pachycondyla_wasmannii_casent0102409_profile_1.jpg,Pachycondyla wasmannii casent0102409 profile 1.jpg,251419e77bbc5ef63fe58d5f168ae43bab63c37d,2009-10-22T19:48:44Z,exact,"harvester downscale, byte-identical","recovered by 14_commons_provenance.py: the Commons original after 06_harvest_commons.py's downscale (RGB, max 1024 px, JPEG quality 90)"
casent0102410,Bothroponera,train,p,data/images/Bothroponera/casent0102410_p.jpg,1318e38805b11c88f4a8560d9ddaed39e8304aac3844d9060b64a2853995bb58,1024,761,159845,commons,https://upload.wikimedia.org/wikipedia/commons/4/41/Pachycondyla_cambouei_casent0102410_profile_1.jpg,Pachycondyla cambouei casent0102410 profile 1.jpg,e5d52953546e2cf96009d880b7bead74951f4550,2009-10-22T12:38:26Z,exact,"harvester downscale, byte-identical","recovered by 14_commons_provenance.py: the Commons original after 06_harvest_commons.py's downscale (RGB, max 1024 px, JPEG quality 90)"
casent0102411,Bothroponera,train,p,data/images/Bothroponera/casent0102411_p.jpg,333e6f99755d06c2d5558e7a3e776e9154dc78fe68110d6a49bc59b80b2538ba,1024,708,140413,commons,https://upload.wikimedia.org/wikipedia/commons/7/75/Pachycondyla_cambouei_casent0102411_profile_1.jpg,Pachycondyla cambouei casent0102411 profile 1.jpg,8cb29984254fe8374d4f7e34b06b09a056da564f,2009-10-20T13:56:58Z,exact,"harvester downscale, byte-identical","recovered by 14_commons_provenance.py: the Commons original after 06_harvest_commons.py's downscale (RGB, max 1024 px, JPEG quality 90)"
casent0102412,Leptogenys,test,p,data/images/Leptogenys/casent0102412_p.jpg,e1409e551047be093cb39749864775e2e38769ab1a68751048ac0a452e4865a7,1024,766,154512,commons,https://upload.wikimedia.org/wikipedia/commons/4/46/Leptogenys_truncatirostris_casent0102412_profile_1.jpg,Leptogenys truncatirostris casent0102412 profile 1.jpg,6112b90e70d590ad9690e42db843a881cf6e54eb,2009-10-20T08:33:54Z,exact,"harvester downscale, byte-identical","recovered by 14_commons_provenance.py: the Commons original after 06_harvest_commons.py's downscale (RGB, max 1024 px, JPEG quality 90)"
casent0102413,Leptogenys,test,p,data/images/Leptogenys/casent0102413_p.jpg,0f3ab1959e29112f2f8a53c381fd4f2c1f130a201c4ff2b8b994e403801bef95,949,808,152753,commons,https://upload.wikimedia.org/wikipedia/commons/6/69/Leptogenys_coerulescens_casent0102413_profile_1.jpg,Leptogenys coerulescens casent0102413 profile 1.jpg,de527bc678d51d98d082cb6fbe791757ddff0b05,2009-10-19T06:49:45Z,exact,"harvester downscale, byte-identical","recovered by 14_commons_provenance.py: the Commons original after 06_harvest_commons.py's downscale (RGB, max 1024 px, JPEG quality 90)"
casent0102414,Leptogenys,train,p,data/images/Leptogenys/casent0102414_p.jpg,5a8e5fcc5032ebd9ac27689d9a8190c7e6a6b3ffba18a1268db0888ab460354c,1024,656,142087,commons,https://upload.wikimedia.org/wikipedia/commons/2/27/Leptogenys_incisa_casent0102414_profile_1.jpg,Leptogenys incisa casent0102414 profile 1.jpg,85381c111391282c3aa231530de7e0257115643d,2009-10-20T15:53:37Z,exact,"harvester downscale, byte-identical","recovered by 14_commons_provenance.py: the Commons original after 06_harvest_commons.py's downscale (RGB, max 1024 px, JPEG quality 90)"
casent0102415,Camponotus,train,p,data/images/Camponotus/casent0102415_p.jpg,ffb6214d8babc9d60c0cafb4dfa8d6fb43135a09fe60462fdc10259e5424cbef,946,808,113274,commons,https://upload.wikimedia.org/wikipedia/commons/e/e8/Camponotus_putatus_casent0102415_profile_1.jpg,Camponotus putatus casent0102415 profile 1.jpg,76bf63894e362be66a63265405891cb24f9762f1,2009-10-19T12:30:31Z,exact,"harvester downscale, byte-identical","recovered by 14_commons_provenance.py: the Commons original after 06_harvest_commons.py's downscale (RGB, max 1024 px, JPEG quality 90)"
casent0102416,Camponotus,train,p,data/images/Camponotus/casent0102416_p.jpg,667cb3581c9dda2ee048c25de0188ecf4ff8ce53fc7c1d0311e0cba621839c18,1024,656,140530,commons,https://upload.wikimedia.org/wikipedia/commons/1/17/Camponotus_putatus_casent0102416_profile_1.jpg,Camponotus putatus casent0102416 profile 1.jpg,7cf6b45b957ce2f39e3f91bde5f2d9b0c64e0073,2009-10-20T00:23:10Z,exact,"harvester downscale, byte-identical","recovered by 14_commons_provenance.py: the Commons original after 06_harvest_commons.py's downscale (RGB, max 1024 px, JPEG quality 90)"
casent0102417,Camponotus,test,p,data/images/Camponotus/casent0102417_p.jpg,a600229beaf80ef2d0f354c7f03697b9fd830c8012b5135a74f7be9f4cc16e8f,1024,752,124890,commons,https://upload.wikimedia.org/wikipedia/commons/f/ff/Camponotus_putatus_casent0102417_profile_1.jpg,Camponotus putatus casent0102417 profile 1.jpg,4d88bba5825f46366cddb888713da16ccdee6cda,2009-10-22T08:12:20Z,exact,"harvester downscale, byte-identical","recovered by 14_commons_provenance.py: the Commons original after 06_harvest_commons.py's downscale (RGB, max 1024 px, JPEG quality 90)"
casent0102418,Camponotus,test,p,data/images/Camponotus/casent0102418_p.jpg,e549c0e4c8af4416aa2de70ae639c001a3fea6c73b8b051852e6886298986d3c,1024,771,146550,commons,https://upload.wikimedia.org/wikipedia/commons/b/ba/Camponotus_reaumuri_casent0102418_profile_1.jpg,Camponotus reaumuri casent0102418 profile 1.jpg,fe2d7ab200344f481856c9424f9bdfa7fb35a7bf,2009-10-18T16:58:07Z,exact,"harvester downscale, byte-identical","recovered by 14_commons_provenance.py: the Commons original after 06_harvest_commons.py's downscale (RGB, max 1024 px, JPEG quality 90)"
casent0102419,Camponotus,train,p,data/images/Camponotus/casent0102419_p.jpg,4d95380f1e5f6817dcebdda26fd7605787f7253dc2a9ae920d9960fd568fa690,1024,692,139370,commons,https://upload.wikimedia.org/wikipedia/commons/6/6a/Camponotus_reaumuri_casent0102419_profile_1.jpg,Camponotus reaumuri casent0102419 profile 1.jpg,3f7c84eefe4b4fc24884f8f07a1516368276e0b6,2009-10-20T12:38:57Z,exact,"harvester downscale, byte-identical","recovered by 14_commons_provenance.py: the Commons original after 06_harvest_commons.py's downscale (RGB, max 1024 px, JPEG quality 90)"
casent0102420,Camponotus,train,p,data/images/Camponotus/casent0102420_p.jpg,5aca5cdb1cbedefcb8303ebb24e4b29f6a8a621881b7d2f90bd5ea1387f8a7a0,1024,648,134205,commons,https://upload.wikimedia.org/wikipedia/commons/e/ef/Camponotus_reaumuri_casent0102420_profile_1.jpg,Camponotus reaumuri casent0102420 profile 1.jpg,1202aa56d90181795b2d714ecc6ee4b977e4ad2f,2009-10-21T10:48:13Z,exact,"harvester downscale, byte-identical","recovered by 14_commons_provenance.py: the Commons original after 06_harvest_commons.py's downscale (RGB, max 1024 px, JPEG quality 90)"
casent0102421,Camponotus,train,p,data/images/Camponotus/casent0102421_p.jpg,62098e418f8eb870396ebf605025de4aa7f9d0d8b0bd9df4a276fabc6beb5d13,1024,657,132183,commons,https://upload.wikimedia.org/wikipedia/commons/8/81/Camponotus_pictipes_casent0102421_profile_1.jpg,Camponotus pictipes casent0102421 profile 1.jpg,7c1e82b1eb7fedc533653d2679ea47a9b2f0758f,2009-10-21T05:34:56Z,exact,"harvester downscale, byte-identical","recovered by 14_commons_provenance.py: the Commons original after 06_harvest_commons.py's downscale (RGB, max 1024 px, JPEG quality 90)"
casent0102422,Camponotus,train,p,data/images/Camponotus/casent0102422_p.jpg,2b47fff07aa6fc90cd5428dd5789ff3ba087b345382fbb4375c97f651ce68628,1024,726,136179,commons,https://upload.wikimedia.org/wikipedia/commons/e/e3/Camponotus_pictipes_casent0102422_profile_1.jpg,Camponotus pictipes casent0102422 profile 1.jpg,1ab6ebc375ab355ab5f3e5c0bf42ebce3843c230,2009-10-18T17:59:45Z,exact,"harvester downscale, byte-identical","recovered by 14_commons_provenance.py: the Commons original after 06_harvest_commons.py's downscale (RGB, max 1024 px, JPEG quality 90)"
casent0102423,Camponotus,test,p,data/images/Camponotus/casent0102423_p.jpg,284734fc173d2bde91799cc423f7ca3990eecb64f19b34558d09b1fa46112617,1024,696,136320,commons,https://upload.wikimedia.org/wikipedia/commons/3/38/Camponotus_pictipes_casent0102423_profile_1.jpg,Camponotus pictipes casent0102423 profile 1.jpg,400a4650c71b165abd8a1973e2acecd0d0567d2b,2009-10-19T10:38:11Z,exact,"harvester downscale, byte-identical","recovered by 14_commons_provenance.py: the Commons original after 06_harvest_commons.py's downscale (RGB, max 1024 px, JPEG quality 90)"
casent0102426,Camponotus,train,p,data/images/Camponotus/casent0102426_p.jpg,4078a170c80f5804c086e2c1c44539eadbb2800b356f64358ac1eb362b77eebd,1024,771,135055,commons,https://upload.wikimedia.org/wikipedia/commons/f/fe/Camponotus_quadrimaculatus_casent0102426_profile_1.jpg,Camponotus quadrimaculatus casent0102426 profile 1.jpg,651a4015edecbbc526c99700daf31c6de053287b,2009-10-18T18:48:17Z,exact,"harvester downscale, byte-identical","recovered by 14_commons_provenance.py: the Commons original after 06_harvest_commons.py's downscale (RGB, max 1024 px, JPEG quality 90)"
casent0102427,Camponotus,test,p,data/images/Camponotus/casent0102427_p.jpg,4eb5a70226905e834085666035a34ab390bfb3d38225bfcd3b995a2b299aa1aa,1280,793,159603,commons,https://upload.wikimedia.org/wikipedia/commons/5/50/Camponotus_quadrimaculatus_casent0102427_profile_1.jpg,Camponotus quadrimaculatus casent0102427 profile 1.jpg,3855632de765224775a97d5254e4c4bb18149a56,2009-10-22T16:19:23Z,exact,"Commons server thumbnail, byte-identical","recovered by 14_commons_provenance.py: Commons' own thumbnail of that original (requested at 1024 px, served at the next standard width); not what the current harvester fetches, so most likely an earlier version of it, whose docstring still describes 1024 px thumbnails"
casent0102433,Camponotus,train,p,data/images/Camponotus/casent0102433_p.jpg,91e36c6cfc96b28518922adc24f2ee6aeff6b5addc2ff6248019ca639e1dc335,1280,781,168247,commons,https://upload.wikimedia.org/wikipedia/commons/1/19/Camponotus_quadrimaculatus_opacatus_casent0102433_profile_1.jpg,Camponotus quadrimaculatus opacatus casent0102433 profile 1.jpg,7866cb8011e3b11801b5ab8b029e672b1ed4b84c,2009-10-21T03:23:27Z,exact,"Commons server thumbnail, byte-identical","recovered by 14_commons_provenance.py: Commons' own thumbnail of that original (requested at 1024 px, served at the next standard width); not what the current harvester fetches, so most likely an earlier version of it, whose docstring still describes 1024 px thumbnails"
casent0102434,Camponotus,train,p,data/images/Camponotus/casent0102434_p.jpg,270177740c7ac1f748af403687296b6fcfbb1639d0cd894cf0ca3e5a9b16eeae,1024,669,138921,commons,https://upload.wikimedia.org/wikipedia/commons/2/2e/Camponotus_quadrimaculatus_opacatus_casent0102434_profile_1.jpg,Camponotus quadrimaculatus opacatus casent0102434 profile 1.jpg,9384ac349b862d71508f8d2748d77430497bc63a,2009-10-19T23:55:54Z,exact,"harvester downscale, byte-identical","recovered by 14_commons_provenance.py: the Commons original after 06_harvest_commons.py's downscale (RGB, max 1024 px, JPEG quality 90)"
casent0102435,Camponotus,train,p,data/images/Camponotus/casent0102435_p.jpg,e2eba90eeaf710c0694796902b1ed3458db6ea88ba167fbb3f7df77def8b7490,1024,638,148280,commons,https://upload.wikimedia.org/wikipedia/commons/e/eb/Camponotus_quadrimaculatus_sellaris_casent0102435_profile_1.jpg,Camponotus quadrimaculatus sellaris casent0102435 profile 1.jpg,acf0b453249898d18ca7b165bb44164a5585614e,2009-10-22T03:17:10Z,exact,"harvester downscale, byte-identical","recovered by 14_commons_provenance.py: the Commons original after 06_harvest_commons.py's downscale (RGB, max 1024 px, JPEG quality 90)"
casent0102436,Camponotus,train,p,data/images/Camponotus/casent0102436_p.jpg,77586206906f9bf310572e6ecd2de09a6aa08442de01b3c1f8dcb001abdb0883,1024,705,137045,commons,https://upload.wikimedia.org/wikipedia/commons/d/d2/Camponotus_quadrimaculatus_sellaris_casent0102436_profile_1.jpg,Camponotus quadrimaculatus sellaris casent0102436 profile 1.jpg,4d2d3cd40676f8dc751c8563cfab41598dee47f1,2009-10-22T23:39:19Z,exact,"harvester downscale, byte-identical","recovered by 14_commons_provenance.py: the Commons original after 06_harvest_commons.py's downscale (RGB, max 1024 px, JPEG quality 90)"
casent0102437,Camponotus,train,p,data/images/Camponotus/casent0102437_p.jpg,98ed7ed01ab426c48709bf1ff58ef6ffed293ce88f6a31455dcd0b0e3518ddc3,1024,783,144229,commons,https://upload.wikimedia.org/wikipedia/commons/5/57/Camponotus_repens_casent0102437_profile_1.jpg,Camponotus repens casent0102437 profile 1.jpg,9916cb8bfa1ae706682e1f36bddb1ea979a854c5,2009-10-22T14:04:23Z,exact,"harvester downscale, byte-identical","recovered by 14_commons_provenance.py: the Commons original after 06_harvest_commons.py's downscale (RGB, max 1024 px, JPEG quality 90)"
casent0102438,Camponotus,train,p,data/images/Camponotus/casent0102438_p.jpg,6388edb3703dc324de6a4c17ffde60e71160974eb77d17f288a86980da8caa83,1024,680,129871,commons,https://upload.wikimedia.org/wikipedia/commons/8/80/Camponotus_repens_casent0102438_profile_1.jpg,Camponotus repens casent0102438 profile 1.jpg,a3dc81762ee5c736a2ca96416ad782fe40faed8a,2009-10-18T19:09:34Z,exact,"harvester downscale, byte-identical","recovered by 14_commons_provenance.py: the Commons original after 06_harvest_commons.py's downscale (RGB, max 1024 px, JPEG quality 90)"
casent0102439,Camponotus,train,p,data/images/Camponotus/casent0102439_p.jpg,43e9fe331862e9417c891f9182b2dea58708a18f61950da2e151cfb079c9fe6d,1024,571,105141,commons,https://upload.wikimedia.org/wikipedia/commons/3/33/Camponotus_repens_casent0102439_profile_1.jpg,Camponotus repens casent0102439 profile 1.jpg,3fe116827da5ba8c3e4240a15ab120f49ae7f75c,2009-10-19T07:20:55Z,exact,"harvester downscale, byte-identical","recovered by 14_commons_provenance.py: the Commons original after 06_harvest_commons.py's downscale (RGB, max 1024 px, JPEG quality 90)"
casent0102440,Camponotus,train,p,data/images/Camponotus/casent0102440_p.jpg,1613b801df489311c4f5b1247ff12cb304e37c8cce760cf1ec71bdfe941fb249,1024,652,171809,commons,https://upload.wikimedia.org/wikipedia/commons/e/ea/Camponotus_ellioti_casent0102440_profile_1.jpg,Camponotus ellioti casent0102440 profile 1.jpg,5d3186b8a4eff9b3b1ae55cf1b11960aab2d4c2c,2009-10-22T08:58:55Z,exact,"harvester downscale, byte-identical","recovered by 14_commons_provenance.py: the Commons original after 06_harvest_commons.py's downscale (RGB, max 1024 px, JPEG quality 90)"
casent0102441,Camponotus,train,p,data/images/Camponotus/casent0102441_p.jpg,15d0f6de94d92a15bc418ed53ce36dc30f27782e8c2cf16da3f448a136568935,1024,701,176421,commons,https://upload.wikimedia.org/wikipedia/commons/4/4c/Camponotus_nossibeensis_casent0102441_profile_1.jpg,Camponotus nossibeensis casent0102441 profile 1.jpg,977ee684f2827b40d587401572fad06087c2c007,2009-10-19T00:15:15Z,exact,"harvester downscale, byte-identical","recovered by 14_commons_provenance.py: the Commons original after 06_harvest_commons.py's downscale (RGB, max 1024 px, JPEG quality 90)"
casent0102442,Camponotus,test,p,data/images/Camponotus/casent0102442_p.jpg,8710f6cd640793aa2fffb152d1022a7454e70b558462ae5740d1f9794cabffb6,1024,743,124384,commons,https://upload.wikimedia.org/wikipedia/commons/9/97/Camponotus_quadrimaculatus_casent0102442_profile_1.jpg,Camponotus quadrimaculatus casent0102442 profile 1.jpg,8771a3efb4f8b28bad9d9199c6156951a7a8f8a8,2009-10-22T16:58:25Z,exact,"harvester downscale, byte-identical","recovered by 14_commons_provenance.py: the Commons original after 06_harvest_commons.py's downscale (RGB, max 1024 px, JPEG quality 90)"
casent0102443,Camponotus,test,p,data/images/Camponotus/casent0102443_p.jpg,94830a5aa187d99fd9f8b800d03c1d412d512901d4fbf5f910b4a50ebf21cec8,1024,771,137225,commons,https://upload.wikimedia.org/wikipedia/commons/f/fa/Camponotus_quadrimaculatus_casent0102443_profile_1.jpg,Camponotus quadrimaculatus casent0102443 profile 1.jpg,0f482f5bb5827dae70f60d2115079e74fba2c9fa,2009-10-20T05:05:35Z,exact,"harvester downscale, byte-identical","recovered by 14_commons_provenance.py: the Commons original after 06_harvest_commons.py's downscale (RGB, max 1024 px, JPEG quality 90)"
casent0102452,Camponotus,train,p,data/images/Camponotus/casent0102452_p.jpg,cd70f9b338c69e0557d6499f145cf5c1b8db754eb05bd731455443f2bb57e4e2,1024,669,157051,commons,https://upload.wikimedia.org/wikipedia/commons/f/f8/Camponotus_grandidieri_casent0102452_profile_1.jpg,Camponotus grandidieri casent0102452 profile 1.jpg,be72fb249a000d98757cd643d618c509b815e037,2009-10-18T21:14:30Z,exact,"harvester downscale, byte-identical","recovered by 14_commons_provenance.py: the Commons original after 06_harvest_commons.py's downscale (RGB, max 1024 px, JPEG quality 90)"
casent0102930,Platythyrea,test,p,data/images/Platythyrea/casent0102930_p.jpg,1c1a77659bdfb490816e106594e2d07232f0fa0dfefe9684a247168a6e5f9a55,1024,723,155819,commons,https://upload.wikimedia.org/wikipedia/commons/c/c0/Platythyrea_bicuspis_casent0102930_profile_1.jpg,Platythyrea bicuspis casent0102930 profile 1.jpg,9cfc83c705438b32c2c60062cc276e0d26a7164a,2009-10-21T11:08:14Z,exact,"harvester downscale, byte-identical","recovered by 14_commons_provenance.py: the Commons original after 06_harvest_commons.py's downscale (RGB, max 1024 px, JPEG quality 90)"
casent0102931,Anochetus,train,p,data/images/Anochetus/casent0102931_p.jpg,2a2b6384795a813d140be730db8deb5c90dc80e8d33f1448ee1d52d76afa8c31,1024,682,177869,commons,https://upload.wikimedia.org/wikipedia/commons/4/4b/Anochetus_grandidieri_casent0102931_profile_1.jpg,Anochetus grandidieri casent0102931 profile 1.jpg,7891f34dde1d543f58b4c789f7d5bc418b4b423e,2009-10-21T19:55:37Z,exact,"harvester downscale, byte-identical","recovered by 14_commons_provenance.py: the Commons original after 06_harvest_commons.py's downscale (RGB, max 1024 px, JPEG quality 90)"
casent0102932,Anochetus,train,p,data/images/Anochetus/casent0102932_p.jpg,24efe50a472748f79d113593a91503447bfc51572698021260ca27798e9a181a,1024,711,144573,commons,https://upload.wikimedia.org/wikipedia/commons/4/4a/Anochetus_madagascarensis_casent0102932_profile_1.jpg,Anochetus madagascarensis casent0102932 profile 1.jpg,765ec31ffee4121c26b2feaa1e29a5039be56ff5,2009-10-19T02:38:44Z,exact,"harvester downscale, byte-identical","recovered by 14_commons_provenance.py: the Commons original after 06_harvest_commons.py's downscale (RGB, max 1024 px, JPEG quality 90)"
casent0102933,Anochetus,test,p,data/images/Anochetus/casent0102933_p.jpg,45803fc07925635a66b22c666be5fe462dad1a69adcf85486201102c1e500038,1024,687,167672,commons,https://upload.wikimedia.org/wikipedia/commons/6/65/Anochetus_madagascarensis_casent0102933_profile_1.jpg,Anochetus madagascarensis casent0102933 profile 1.jpg,f6b6909081a94fd3ad727c13e98e8c0a29519580,2009-10-20T08:28:39Z,exact,"harvester downscale, byte-identical","recovered by 14_commons_provenance.py: the Commons original after 06_harvest_commons.py's downscale (RGB, max 1024 px, JPEG quality 90)"
casent0102938,Crematogaster,train,p,data/images/Crematogaster/casent0102938_p.jpg,4ef58b4156f0a36f0d2879e20a4b7096abf9010e39ff2aaa561c67f5edb463b0,1280,711,197689,commons,https://upload.wikimedia.org/wikipedia/commons/b/b2/Crematogaster_madagascariensis_casent0102938_profile_1.jpg,Crematogaster madagascariensis casent0102938 profile 1.jpg,54923baae21fd59917ec2dca1b86f39fb71b8cd2,2009-10-18T21:14:06Z,exact,"Commons server thumbnail, byte-identical","recovered by 14_commons_provenance.py: Commons' own thumbnail of that original (requested at 1024 px, served at the next standard width); not what the current harvester fetches, so most likely an earlier version of it, whose docstring still describes 1024 px thumbnails"
casent0102939,Crematogaster,train,p,data/images/Crematogaster/casent0102939_p.jpg,6da08ae83844592b886a2a51a9c245aeb17770a7fea13d9384a63065f9d2af4e,1024,619,156839,commons,https://upload.wikimedia.org/wikipedia/commons/f/f4/Crematogaster_marthae_casent0102939_profile_1.jpg,Crematogaster marthae casent0102939 profile 1.jpg,a04ae2f9dc5519627d8910326ea0da1ffd4433d3,2009-10-21T16:59:33Z,exact,"harvester downscale, byte-identical","recovered by 14_commons_provenance.py: the Commons original after 06_harvest_commons.py's downscale (RGB, max 1024 px, JPEG quality 90)"
casent0102941,Crematogaster,train,p,data/images/Crematogaster/casent0102941_p.jpg,1831a62340df644a4438bf0a92d85e386f8fc26408e8aa97dcdec73ea7f82be7,1024,509,128081,commons,https://upload.wikimedia.org/wikipedia/commons/6/67/Crematogaster_degeeri_casent0102941_profile_1.jpg,Crematogaster degeeri casent0102941 profile 1.jpg,afe0c5f15cbf0d03aa33d86be4e1100b442af341,2009-10-22T20:33:13Z,exact,"harvester downscale, byte-identical","recovered by 14_commons_provenance.py: the Commons original after 06_harvest_commons.py's downscale (RGB, max 1024 px, JPEG quality 90)"
casent0102955,Crematogaster,train,p,data/images/Crematogaster/casent0102955_p.jpg,803130f1e852be305bf437969aca1234d631d7a0e36d93cc8c5d2d0fca9b983e,1024,633,159543,commons,https://upload.wikimedia.org/wikipedia/commons/d/d3/Crematogaster_hova_casent0102955_profile_1.jpg,Crematogaster hova casent0102955 profile 1.jpg,ea1d5acbcc01d4850bb02627d70314f643ee2a29,2009-10-22T16:09:47Z,exact,"harvester downscale, byte-identical","recovered by 14_commons_provenance.py: the Commons original after 06_harvest_commons.py's downscale (RGB, max 1024 px, JPEG quality 90)"
casent0102956,Crematogaster,train,p,data/images/Crematogaster/casent0102956_p.jpg,23ca2108d5947de8cc1568bdb9eff38bc40682898dd916a783832274a2c8dfa8,1024,788,190817,commons,https://upload.wikimedia.org/wikipedia/commons/6/6c/Crematogaster_schencki_casent0102956_profile_1.jpg,Crematogaster schencki casent0102956 profile 1.jpg,b61b87dd5ba696281e43b1b824a610afd1970dfe,2009-10-18T11:42:50Z,exact,"harvester downscale, byte-identical","recovered by 14_commons_provenance.py: the Commons original after 06_harvest_commons.py's downscale (RGB, max 1024 px, JPEG quality 90)"
casent0102957,Crematogaster,train,p,data/images/Crematogaster/casent0102957_p.jpg,7bfd79786bdb5f8b8c6ebeffc3f6a6c219841bf4799ff14399469d4b95a2ff7e,1024,574,131582,commons,https://upload.wikimedia.org/wikipedia/commons/6/6a/Crematogaster_ranavalonae_casent0102957_profile_1.jpg,Crematogaster ranavalonae casent0102957 profile 1.jpg,c6947293ff79f2f57efd1dcf1b4d75a62e029bbf,2009-10-19T10:56:05Z,exact,"harvester downscale, byte-identical","recovered by 14_commons_provenance.py: the Commons original after 06_harvest_commons.py's downscale (RGB, max 1024 px, JPEG quality 90)"
casent0102970,Crematogaster,train,p,data/images/Crematogaster/casent0102970_p.jpg,cdc26b190faa5d1b8db5b21a08b65fcdf5b16beb10065045028c571a884b49da,1024,596,140967,commons,https://upload.wikimedia.org/wikipedia/commons/c/c1/Crematogaster_castanea_casent0102970_profile_1.jpg,Crematogaster castanea casent0102970 profile 1.jpg,12a8582d41be71f8c91b3fde59d2ead7d2707f30,2009-10-18T14:17:27Z,exact,"harvester downscale, byte-identical","recovered by 14_commons_provenance.py: the Commons original after 06_harvest_commons.py's downscale (RGB, max 1024 px, JPEG quality 90)"
casent0102977,Nylanderia,train,p,data/images/Nylanderia/casent0102977_p.jpg,72cce69d8b5549609c2892d0e9748592ff83caf12b2d35299335d259e88c1e43,1024,741,157138,commons,https://upload.wikimedia.org/wikipedia/commons/1/16/Paratrechina_madagascarensis_ellisii_casent0102977_profile_1.jpg,Paratrechina madagascarensis ellisii casent0102977 profile 1.jpg,c481aee9b48e4eb63700944f9143c5d0217f920d,2009-10-18T16:11:17Z,exact,"harvester downscale, byte-identical","recovered by 14_commons_provenance.py: the Commons original after 06_harvest_commons.py's downscale (RGB, max 1024 px, JPEG quality 90)"
casent0102983,Tetramorium,train,p,data/images/Tetramorium/casent0102983_p.jpg,aca0dc058a8015955e3f8f69985bc3d3a2ec06a8ed1cecfe2702502be4c3c6f9,1024,771,206530,commons,https://upload.wikimedia.org/wikipedia/commons/d/de/Tetramorium_robustior_casent0102983_profile_1.jpg,Tetramorium robustior casent0102983 profile 1.jpg,103f3731ad65d7e534b2b1fae2fc5f8914465376,2009-10-19T05:47:30Z,exact,"harvester downscale, byte-identical","recovered by 14_commons_provenance.py: the Commons original after 06_harvest_commons.py's downscale (RGB, max 1024 px, JPEG quality 90)"
casent0102984,Cataulacus,train,p,data/images/Cataulacus/casent0102984_p.jpg,43bf8a7aa1155974526b11b8ead3338e405cd88374b176e7d81ea9ac02506fd2,1024,771,170425,commons,https://upload.wikimedia.org/wikipedia/commons/7/77/Cataulacus_ebrardi_casent0102984_profile_1.jpg,Cataulacus ebrardi casent0102984 profile 1.jpg,d6cfcb8e0c805603086364490afe17456cec5d95,2009-10-22T05:25:56Z,exact,"harvester downscale, byte-identical","recovered by 14_commons_provenance.py: the Commons original after 06_harvest_commons.py's downscale (RGB, max 1024 px, JPEG quality 90)"
casent0102996,Platythyrea,train,p,data/images/Platythyrea/casent0102996_p.jpg,2239e10917a3291ac57b7b86fb6c6e3c3009cfed5b9da41174ea58f7fd558f2b,1024,718,152745,commons,https://upload.wikimedia.org/wikipedia/commons/1/1e/Platythyrea_mocquerysi_casent0102996_profile_1.jpg,Platythyrea mocquerysi casent0102996 profile 1.jpg,5973544ceff852d215f64f735bf696e96e38f9cc,2009-10-21T11:03:36Z,exact,"harvester downscale, byte-identical","recovered by 14_commons_provenance.py: the Commons original after 06_harvest_commons.py's downscale (RGB, max 1024 px, JPEG quality 90)"
casent0103270,Technomyrmex,train,p,data/images/Technomyrmex/casent0103270_p.jpg,4aaddef2b3a2d8595845d449cdc7547e40ff59727586de257c8d6cab2cd48d2e,1024,739,152861,commons,https://upload.wikimedia.org/wikipedia/commons/5/5f/Technomyrmex_curiosus_casent0103270_profile_1.jpg,Technomyrmex curiosus casent0103270 profile 1.jpg,05f0640bb815ed1ab1b18df05851f084eee4a939,2009-10-18T09:17:46Z,exact,"harvester downscale, byte-identical","recovered by 14_commons_provenance.py: the Commons original after 06_harvest_commons.py's downscale (RGB, max 1024 px, JPEG quality 90)"
casent0103296,Pheidole,train,p,data/images/Pheidole/casent0103296_p.jpg,f5ac83e3a79e1678e9e63251becfafe4e7873c94f7ad30332d4ff9ce0f518342,1024,708,164745,commons,https://upload.wikimedia.org/wikipedia/commons/d/d0/Pheidole_picata_gietleni_casent0103296_profile_1.jpg,Pheidole picata gietleni casent0103296 profile 1.jpg,246d41e12b553982a880eb6a1cb1173db2a4ce9a,2009-10-19T00:03:43Z,exact,"harvester downscale, byte-identical","recovered by 14_commons_provenance.py: the Commons original after 06_harvest_commons.py's downscale (RGB, max 1024 px, JPEG quality 90)"
casent0103297,Pheidole,train,p,data/images/Pheidole/casent0103297_p.jpg,925ef470672d6155fc09f8f0064e502b2d327817e77f15e3e5ed76000c7dd814,1024,754,181610,commons,https://upload.wikimedia.org/wikipedia/commons/c/ca/Pheidole_picata_gietleni_casent0103297_profile_1.jpg,Pheidole picata gietleni casent0103297 profile 1.jpg,348b63151a3e96bebcb4157d0929f7346903cf61,2009-10-21T00:52:23Z,exact,"harvester downscale, byte-identical","recovered by 14_commons_provenance.py: the Commons original after 06_harvest_commons.py's downscale (RGB, max 1024 px, JPEG quality 90)"
casent0103307,Pheidole,train,p,data/images/Pheidole/casent0103307_p.jpg,c3c96f8eebfbdcd46082bf98e010fb04d37383ffe82e6b05edb46eae799b523e,1024,746,155696,commons,https://upload.wikimedia.org/wikipedia/commons/8/8d/Pheidole_picata_gietleni_casent0103307_profile_1.jpg,Pheidole picata gietleni casent0103307 profile 1.jpg,189a8459f51c767d7b94af0a90c95dd3983c81d3,2009-10-19T06:03:29Z,exact,"harvester downscale, byte-identical","recovered by 14_commons_provenance.py: the Commons original after 06_harvest_commons.py's downscale (RGB, max 1024 px, JPEG quality 90)"
casent0103308,Pheidole,train,p,data/images/Pheidole/casent0103308_p.jpg,6a6ee74d39e226f6fca25e215104e79a486902f44a2f2c4a7524f570ddc4648e,1009,808,208147,commons,https://upload.wikimedia.org/wikipedia/commons/5/54/Pheidole_picata_gietleni_casent0103308_profile_1.jpg,Pheidole picata gietleni casent0103308 profile 1.jpg,0bbe3a42e05e5b6c9a57d0c0a2dddf6e49a8fb7c,2009-10-19T14:24:54Z,exact,"harvester downscale, byte-identical","recovered by 14_commons_provenance.py: the Commons original after 06_harvest_commons.py's downscale (RGB, max 1024 px, JPEG quality 90)"
casent0103323,Tapinoma,train,p,data/images/Tapinoma/casent0103323_p.jpg,3e964d46591203299a5adf09e611fb0fe13f4cdac6d893ab312817aca9f253c7,1024,771,155191,commons,https://upload.wikimedia.org/wikipedia/commons/b/b2/Tapinoma_melanocephalum_casent0103323_profile_1.jpg,Tapinoma melanocephalum casent0103323 profile 1.jpg,9295a50a810731a470d4296c0a19bd9039d4dc30,2009-10-19T18:32:31Z,exact,"harvester downscale, byte-identical","recovered by 14_commons_provenance.py: the Commons original after 06_harvest_commons.py's downscale (RGB, max 1024 px, JPEG quality 90)"
casent0104343,Technomyrmex,train,p,data/images/Technomyrmex/casent0104343_p.jpg,c41a0b17ff2fb54fd18c954d0b20b8b29ca0f62757baae9d366bbb8b918aa3ee,1024,657,114155,commons,https://upload.wikimedia.org/wikipedia/commons/1/16/Technomyrmex_albipes_casent0104343_profile_1.jpg,Technomyrmex albipes casent0104343 profile 1.jpg,ee963b9fa0b980b78db4ed2158325ad326b810a2,2009-10-21T08:31:09Z,exact,"harvester downscale, byte-identical","recovered by 14_commons_provenance.py: the Commons original after 06_harvest_commons.py's downscale (RGB, max 1024 px, JPEG quality 90)"
casent0104542,Anochetus,train,p,data/images/Anochetus/casent0104542_p.jpg,37affd139494f4c5f3c2051dfbae83e5b6e9c1567c93ed954148f63dc04da36d,1024,1024,103497,gbif_cache,https://api.gbif.org/v1/image/cache/1024x1024/occurrence/865117376/media/ab7515770a081cc3d5717646bd2c9a6f,,,,,,GBIF image cache of https://www.antweb.org/images/casent0104542/casent0104542_p_1_high.jpg; download success recorded in download_status.csv; size variant (1024x1024 or original) not recorded
casent0104543,Anochetus,train,p,data/images/Anochetus/casent0104543_p.jpg,9d3e65e376b3dc78f829eb25887fee70031ea723c219bbfb79b0d826412d826d,1024,710,134735,commons,https://upload.wikimedia.org/wikipedia/commons/4/49/Anochetus_goodmani_casent0104543_profile_1.jpg,Anochetus goodmani casent0104543 profile 1.jpg,6dea7bfdbc44b313bd205e67bce7d09786689e53,2009-10-20T03:11:45Z,exact,"harvester downscale, byte-identical","recovered by 14_commons_provenance.py: the Commons original after 06_harvest_commons.py's downscale (RGB, max 1024 px, JPEG quality 90)"
casent0104547,Anochetus,test,p,data/images/Anochetus/casent0104547_p.jpg,de8c589e4e853487c178c237e7fd993c37a97277471682ce669001ac2913eda6,1024,771,146230,commons,https://upload.wikimedia.org/wikipedia/commons/9/97/Anochetus_madagascarensis_casent0104547_profile_1.jpg,Anochetus madagascarensis casent0104547 profile 1.jpg,f6ee5ac6adc398eb6986a995951ae1a0eed70346,2009-10-20T02:25:28Z,exact,"harvester downscale, byte-identical","recovered by 14_commons_provenance.py: the Commons original after 06_harvest_commons.py's downscale (RGB, max 1024 px, JPEG quality 90)"
casent0104548,Anochetus,test,p,data/images/Anochetus/casent0104548_p.jpg,ae53c2e8543191e8eeae534cbf4490b6b6fabb106333b3a65507d5c6a5625764,1024,771,142536,commons,https://upload.wikimedia.org/wikipedia/commons/1/1e/Anochetus_goodmani_casent0104548_profile_1.jpg,Anochetus goodmani casent0104548 profile 1.jpg,d25cad3b8bae463faee81f6bdebe80d9486366b4,2009-10-19T12:08:27Z,exact,"harvester downscale, byte-identical","recovered by 14_commons_provenance.py: the Commons original after 06_harvest_commons.py's downscale (RGB, max 1024 px, JPEG quality 90)"
casent0104549,Odontomachus,test,p,data/images/Odontomachus/casent0104549_p.jpg,eb681f8666cd82a7d8e011c48c9ec37c1b750b4003756240412eb91156762105,1024,771,196686,commons,https://upload.wikimedia.org/wikipedia/commons/b/bc/Odontomachus_coquereli_casent0104549_profile_1.jpg,Odontomachus coquereli casent0104549 profile 1.jpg,a31a131ecb5f1c614a67fd52f02dacb2d4e42849,2009-10-20T19:38:16Z,exact,"harvester downscale, byte-identical","recovered by 14_commons_provenance.py: the Commons original after 06_harvest_commons.py's downscale (RGB, max 1024 px, JPEG quality 90)"
casent0104550,Odontomachus,train,p,data/images/Odontomachus/casent0104550_p.jpg,bba05418e47cb31d2177da8807f14971b9652e2a3de61c20b26a5297f1bab87d,1024,737,191065,commons,https://upload.wikimedia.org/wikipedia/commons/8/87/Odontomachus_coquereli_casent0104550_profile_1.jpg,Odontomachus coquereli casent0104550 profile 1.jpg,718c52d1dac49fd9d7059331c6b93adf0fe842ef,2009-10-22T22:21:51Z,exact,"harvester downscale, byte-identical","recovered by 14_commons_provenance.py: the Commons original after 06_harvest_commons.py's downscale (RGB, max 1024 px, JPEG quality 90)"
casent0104551,Odontomachus,train,p,data/images/Odontomachus/casent0104551_p.jpg,a33bfdb220ec93fc3b325a74e41a3722fef1aeb532140c088ee8a69268f98b84,1024,733,191229,commons,https://upload.wikimedia.org/wikipedia/commons/3/36/Odontomachus_coquereli_casent0104551_profile_1.jpg,Odontomachus coquereli casent0104551 profile 1.jpg,cae005d52459380abe1d46be9942d506103b57b9,2009-10-22T09:27:04Z,exact,"harvester downscale, byte-identical","recovered by 14_commons_provenance.py: the Commons original after 06_harvest_commons.py's downscale (RGB, max 1024 px, JPEG quality 90)"
casent0104552,Odontomachus,train,p,data/images/Odontomachus/casent0104552_p.jpg,6ea57b0f0baa5b2ea686cf206f0d786067d3051092cef964387a96a4189e341c,1024,739,238805,commons,https://upload.wikimedia.org/wikipedia/commons/f/fe/Odontomachus_coquereli_casent0104552_profile_1.jpg,Odontomachus coquereli casent0104552 profile 1.jpg,d7b14258aac6aeacb6716310c8db49a1373507a7,2009-10-21T02:48:21Z,exact,"harvester downscale, byte-identical","recovered by 14_commons_provenance.py: the Commons original after 06_harvest_commons.py's downscale (RGB, max 1024 px, JPEG quality 90)"
casent0104554,Anochetus,train,p,data/images/Anochetus/casent0104554_p.jpg,17e1f250ea6a91d83f0a6f5a6cc076baf59cb99454d335f9f35699a3ce7d4f92,1024,705,150528,commons,https://upload.wikimedia.org/wikipedia/commons/d/d4/Anochetus_madagascarensis_casent0104554_profile_1.jpg,Anochetus madagascarensis casent0104554 profile 1.jpg,66fccb6b1a73a8cba6791a717698992aa87d66fa,2009-10-22T22:29:07Z,exact,"harvester downscale, byte-identical","recovered by 14_commons_provenance.py: the Commons original after 06_harvest_commons.py's downscale (RGB, max 1024 px, JPEG quality 90)"
casent0104555,Mystrium,train,p,data/images/Mystrium/casent0104555_p.jpg,c997fa3ef229ceb2390332ad51451291eb36e627252d895253ba5cf17f3bd0bf,1280,583,191782,commons,https://upload.wikimedia.org/wikipedia/commons/3/34/Mystrium_mysticum_casent0104555_profile_1.jpg,Mystrium mysticum casent0104555 profile 1.jpg,5aad359ca34c4b6530670a2f1600fa2ca87b7e0a,2009-10-19T02:21:35Z,exact,"Commons server thumbnail, byte-identical","recovered by 14_commons_provenance.py: Commons' own thumbnail of that original (requested at 1024 px, served at the next standard width); not what the current harvester fetches, so most likely an earlier version of it, whose docstring still describes 1024 px thumbnails"
casent0104556,Mystrium,train,p,data/images/Mystrium/casent0104556_p.jpg,78a5e6d4f4b416aba739f13fac15cc677ecb33478ae1363bf9bad991a1e86ca3,1280,593,157405,commons,https://upload.wikimedia.org/wikipedia/commons/1/19/Mystrium_mysticum_casent0104556_profile_1.jpg,Mystrium mysticum casent0104556 profile 1.jpg,ec759b0654145b3c151bf9e1f5c01d81e1810228,2009-10-20T09:39:11Z,exact,"Commons server thumbnail, pixel-identical","recovered by 14_commons_provenance.py: Commons' own thumbnail of that original (requested at 1024 px, served at the next standard width); not what the current harvester fetches, so most likely an earlier version of it, whose docstring still describes 1024 px thumbnails"
casent0104557,Mystrium,train,p,data/images/Mystrium/casent0104557_p.jpg,d9024d6d2cdf04190e49ef55f298e847c5aa0994fb2c0558197eec698130923f,1024,653,154795,commons,https://upload.wikimedia.org/wikipedia/commons/3/39/Mystrium_mysticum_casent0104557_profile_1.jpg,Mystrium mysticum casent0104557 profile 1.jpg,dec27af82ce8965cd5d027e66bf56a9db4747f69,2009-10-22T03:51:52Z,exact,"harvester downscale, byte-identical","recovered by 14_commons_provenance.py: the Commons original after 06_harvest_commons.py's downscale (RGB, max 1024 px, JPEG quality 90)"
casent0104560,Mystrium,train,p,data/images/Mystrium/casent0104560_p.jpg,30d70814e8881b6b5812973d5e91723cbeae816ca0811801254a354db8c9122d,1024,795,205109,commons,https://upload.wikimedia.org/wikipedia/commons/d/de/Mystrium_stadelmanni_casent0104560_profile_1.jpg,Mystrium stadelmanni casent0104560 profile 1.jpg,924a5ae3d9499c471799eb03dbca8643f1f594d5,2009-10-18T13:26:38Z,exact,"harvester downscale, byte-identical","recovered by 14_commons_provenance.py: the Commons original after 06_harvest_commons.py's downscale (RGB, max 1024 px, JPEG quality 90)"
casent0104561,Mystrium,train,p,data/images/Mystrium/casent0104561_p.jpg,ddefa4de459b2ee02477c49d5663277936f007ef5fc3ae5877bcd1fcbed995e4,1024,771,192134,commons,https://upload.wikimedia.org/wikipedia/commons/2/20/Mystrium_stadelmanni_casent0104561_profile_1.jpg,Mystrium stadelmanni casent0104561 profile 1.jpg,ac16a6ce6b75549e0e7044168b30799f49c9a4ba,2009-10-21T14:21:14Z,exact,"harvester downscale, byte-identical","recovered by 14_commons_provenance.py: the Commons original after 06_harvest_commons.py's downscale (RGB, max 1024 px, JPEG quality 90)"
casent0104562,Mystrium,train,p,data/images/Mystrium/casent0104562_p.jpg,993c3c80e7e9cfb3ffaf6a14a0d652965c8c4c823cbbb5019f40927be89db315,1024,771,204856,commons,https://upload.wikimedia.org/wikipedia/commons/a/a1/Mystrium_stadelmanni_casent0104562_profile_1.jpg,Mystrium stadelmanni casent0104562 profile 1.jpg,0ad82a8d9d43022c7a5d0a292485b56d3a4e7330,2009-10-21T22:10:53Z,exact,"harvester downscale, byte-identical","recovered by 14_commons_provenance.py: the Commons original after 06_harvest_commons.py's downscale (RGB, max 1024 px, JPEG quality 90)"
casent0104563,Mystrium,train,p,data/images/Mystrium/casent0104563_p.jpg,8ac70bf2e827461e82f42577fce6dba6b2c6bdcb9089cf694bc9a6be8c7d1e3d,1024,641,163034,commons,https://upload.wikimedia.org/wikipedia/commons/9/95/Mystrium_voeltzkowi_casent0104563_profile_1.jpg,Mystrium voeltzkowi casent0104563 profile 1.jpg,368a5deca5ae93a748be2667b182f0c3e24c2677,2009-10-20T14:45:25Z,exact,"harvester downscale, byte-identical","recovered by 14_commons_provenance.py: the Commons original after 06_harvest_commons.py's downscale (RGB, max 1024 px, JPEG quality 90)"
casent0104564,Leptogenys,train,p,data/images/Leptogenys/casent0104564_p.jpg,5e26aec1ff84996fd16c13b5db1a042582fd2419f81bcf9c9e11a6383042127f,1024,741,211963,commons,https://upload.wikimedia.org/wikipedia/commons/9/90/Leptogenys_voeltzkowi_casent0104564_profile_1.jpg,Leptogenys voeltzkowi casent0104564 profile 1.jpg,de22e8c107d9e86c70674bf4b136cce2af82e27d,2009-10-20T20:00:41Z,exact,"harvester downscale, byte-identical","recovered by 14_commons_provenance.py: the Commons original after 06_harvest_commons.py's downscale (RGB, max 1024 px, JPEG quality 90)"
casent0104582,Lioponera,train,p,data/images/Lioponera/casent0104582_p.jpg,a864f15cd520b67b7ae1f48abb6c1b1ce798424b7228960157444480b29d454d,1024,524,135946,commons,https://upload.wikimedia.org/wikipedia/commons/6/6e/Cerapachys_mayri_casent0104582_profile_1.jpg,Cerapachys mayri casent0104582 profile 1.jpg,eb2c02cf8583f24a393005701d8b318b805b53fc,2009-10-18T09:37:10Z,exact,"harvester downscale, byte-identical","recovered by 14_commons_provenance.py: the Commons original after 06_harvest_commons.py's downscale (RGB, max 1024 px, JPEG quality 90)"
casent0104583,Lioponera,test,p,data/images/Lioponera/casent0104583_p.jpg,f4a12d5b6c259fa8f17731037d41b40bc0aa7e58c2bc49e9b31a19f0e7ec90ee,1024,485,132484,commons,https://upload.wikimedia.org/wikipedia/commons/7/73/Cerapachys_mayri_casent0104583_profile_1.jpg,Cerapachys mayri casent0104583 profile 1.jpg,f1ace3f25383b168b68915b2b15631d38c85c0f2,2009-10-20T06:52:12Z,exact,"harvester downscale, byte-identical","recovered by 14_commons_provenance.py: the Commons original after 06_harvest_commons.py's downscale (RGB, max 1024 px, JPEG quality 90)"
casent0104587,Crematogaster,train,p,data/images/Crematogaster/casent0104587_p.jpg,d3a0b1055f013e1c8b85398ddef3241ebb0a262d411b12d8bccd084a2e28197d,1024,598,173808,commons,https://upload.wikimedia.org/wikipedia/commons/7/77/Crematogaster_ensifera_casent0104587_profile_1.jpg,Crematogaster ensifera casent0104587 profile 1.jpg,91f7d1ed5db086b3c1be68acd9bb707c79ff916f,2009-10-19T08:31:01Z,exact,"harvester downscale, byte-identical","recovered by 14_commons_provenance.py: the Commons original after 06_harvest_commons.py's downscale (RGB, max 1024 px, JPEG quality 90)"
casent0104593,Crematogaster,train,p,data/images/Crematogaster/casent0104593_p.jpg,7ac0f5b43408d795ac8c63680fb2be302d9c6108a527fe3f0d40090e68e23641,1024,574,133876,commons,https://upload.wikimedia.org/wikipedia/commons/b/b5/Crematogaster_adrepens_casent0104593_profile_1.jpg,Crematogaster adrepens casent0104593 profile 1.jpg,779e1e9733d871deb9a7fd68e16958a88570cc1b,2009-10-19T22:40:04Z,exact,"harvester downscale, byte-identical","recovered by 14_commons_provenance.py: the Commons original after 06_harvest_commons.py's downscale (RGB, max 1024 px, JPEG quality 90)"
casent0104594,Pheidole,train,p,data/images/Pheidole/casent0104594_p.jpg,7c2e7261db352fe3e1504bd7ce375d230faffec81be1387678fbbc687d8ff3e2,1024,648,177335,commons,https://upload.wikimedia.org/wikipedia/commons/b/b6/Pheidole_picata_casent0104594_profile_1.jpg,Pheidole picata casent0104594 profile 1.jpg,c5ca8f22779a4f3a5aa52d47102006e303852244,2009-10-20T19:22:40Z,exact,"harvester downscale, byte-identical","recovered by 14_commons_provenance.py: the Commons original after 06_harvest_commons.py's downscale (RGB, max 1024 px, JPEG quality 90)"
casent0104595,Pheidole,train,p,data/images/Pheidole/casent0104595_p.jpg,592859b4c8c539d2647489b9b1d8cf519b6397fc922e181df989156f15c96eaa,1280,793,241503,commons,https://upload.wikimedia.org/wikipedia/commons/f/f7/Pheidole_picata_casent0104595_profile_1.jpg,Pheidole picata casent0104595 profile 1.jpg,d533d0612aaa7dc8e1857d1647fa11077756c834,2009-10-19T10:38:39Z,exact,"Commons server thumbnail, pixel-identical","recovered by 14_commons_provenance.py: Commons' own thumbnail of that original (requested at 1024 px, served at the next standard width); not what the current harvester fetches, so most likely an earlier version of it, whose docstring still describes 1024 px thumbnails"
casent0104596,Pheidole,train,p,data/images/Pheidole/casent0104596_p.jpg,174ac1780314d9840f46550af002cf413d02734b3218758fbb57989cd24b27bc,1024,723,208572,commons,https://upload.wikimedia.org/wikipedia/commons/c/ca/Pheidole_annemariae_casent0104596_profile_1.jpg,Pheidole annemariae casent0104596 profile 1.jpg,b251afd54b38ef061d98fe37a54ce3f2e177b278,2009-10-18T14:35:51Z,exact,"harvester downscale, byte-identical","recovered by 14_commons_provenance.py: the Commons original after 06_harvest_commons.py's downscale (RGB, max 1024 px, JPEG quality 90)"
casent0104597,Pheidole,train,p,data/images/Pheidole/casent0104597_p.jpg,d27aec4cfcfb30eefd287f9fa9713822496431beecb685c3d4b1b0349df7905f,1024,771,178701,commons,https://upload.wikimedia.org/wikipedia/commons/0/05/Pheidole_annemariae_casent0104597_profile_1.jpg,Pheidole annemariae casent0104597 profile 1.jpg,2287c61170dba8d76423c2bf1e20d23a0854b833,2009-10-20T16:37:39Z,exact,"harvester downscale, byte-identical","recovered by 14_commons_provenance.py: the Commons original after 06_harvest_commons.py's downscale (RGB, max 1024 px, JPEG quality 90)"
casent0104600,Pheidole,train,p,data/images/Pheidole/casent0104600_p.jpg,46dd975abc366a15dad8563bdafe712fa805677ac0b3dc5c3f5c2c1be4f7e86e,1024,771,192381,commons,https://upload.wikimedia.org/wikipedia/commons/2/25/Pheidole_ensifera_casent0104600_profile_1.jpg,Pheidole ensifera casent0104600 profile 1.jpg,efdc8cd327f1a88aa126a3f6ef319bba7885086b,2009-10-20T12:17:09Z,exact,"harvester downscale, byte-identical","recovered by 14_commons_provenance.py: the Commons original after 06_harvest_commons.py's downscale (RGB, max 1024 px, JPEG quality 90)"
casent0104601,Pheidole,train,p,data/images/Pheidole/casent0104601_p.jpg,44bc3a9e21ae6c1b29ca5f015081955e51eec11c5abbeb8328ed3a310cc7c403,1024,696,186759,commons,https://upload.wikimedia.org/wikipedia/commons/5/5a/Pheidole_ensifera_casent0104601_profile_1.jpg,Pheidole ensifera casent0104601 profile 1.jpg,a180712e41ae58176ed3b9231cbe392c1a6550f2,2009-10-22T17:42:55Z,exact,"harvester downscale, byte-identical","recovered by 14_commons_provenance.py: the Commons original after 06_harvest_commons.py's downscale (RGB, max 1024 px, JPEG quality 90)"
casent0104604,Pheidole,train,p,data/images/Pheidole/casent0104604_p.jpg,bc0fdf55d178f1564b4a949cafc769e67c7fc362a1cc12ab9299abaa90e338e8,1024,662,197439,commons,https://upload.wikimedia.org/wikipedia/commons/4/4c/Pheidole_voeltzkowii_casent0104604_profile_1.jpg,Pheidole voeltzkowii casent0104604 profile 1.jpg,abd8ce5786bd5e6bd109bd55fc69b6b216df7748,2009-10-19T20:53:27Z,exact,"harvester downscale, byte-identical","recovered by 14_commons_provenance.py: the Commons original after 06_harvest_commons.py's downscale (RGB, max 1024 px, JPEG quality 90)"
casent0104605,Pheidole,train,p,data/images/Pheidole/casent0104605_p.jpg,2e437076a73405e200040e94d5621347e649a49ab218eb60541487f1af63efd4,1024,652,164633,commons,https://upload.wikimedia.org/wikipedia/commons/1/1f/Pheidole_voeltzkowii_casent0104605_profile_1.jpg,Pheidole voeltzkowii casent0104605 profile 1.jpg,20bebf127203fe7792188873ef202a300e0aa8fc,2009-10-22T11:15:24Z,exact,"harvester downscale, byte-identical","recovered by 14_commons_provenance.py: the Commons original after 06_harvest_commons.py's downscale (RGB, max 1024 px, JPEG quality 90)"
casent0104606,Tetramorium,train,p,data/images/Tetramorium/casent0104606_p.jpg,6412c517c110453b2a3fe8836fd1cc9c1d8e743faba6243291cfafa80c8c2969,1024,771,208473,commons,https://upload.wikimedia.org/wikipedia/commons/1/1a/Tetramorium_bessonii_casent0104606_profile_1.jpg,Tetramorium bessonii casent0104606 profile 1.jpg,6cbd7837f3b5455bb13ec9acf41d012b5b7663e7,2009-10-19T03:29:38Z,exact,"harvester downscale, byte-identical","recovered by 14_commons_provenance.py: the Commons original after 06_harvest_commons.py's downscale (RGB, max 1024 px, JPEG quality 90)"
casent0104607,Tetramorium,train,p,data/images/Tetramorium/casent0104607_p.jpg,9a7bf6c634589e9b91a348a652743da72c018ca7e26768a0cffae0aadbca7885,1024,723,197870,commons,https://upload.wikimedia.org/wikipedia/commons/5/5a/Tetramorium_kelleri_casent0104607_profile_1.jpg,Tetramorium kelleri casent0104607 profile 1.jpg,6e21a19268a003c5b4f31fd6c72b8ed5f7ec2b3c,2009-10-20T00:03:21Z,exact,"harvester downscale, byte-identical","recovered by 14_commons_provenance.py: the Commons original after 06_harvest_commons.py's downscale (RGB, max 1024 px, JPEG quality 90)"
casent0104611,Meranoplus,train,p,data/images/Meranoplus/casent0104611_p.jpg,32a2964bceff7d5aa9d133cedd0dfd44bcbad14db0c15b3be995c5fc02cb7060,1024,645,184930,commons,https://upload.wikimedia.org/wikipedia/commons/0/0e/Meranoplus_radamae_casent0104611_profile_1.jpg,Meranoplus radamae casent0104611 profile 1.jpg,0b953e8ca7dbf476877e851324326410aaca27c4,2009-10-21T16:59:59Z,exact,"harvester downscale, byte-identical","recovered by 14_commons_provenance.py: the Commons original after 06_harvest_commons.py's downscale (RGB, max 1024 px, JPEG quality 90)"
casent0104621,Camponotus,test,p,data/images/Camponotus/casent0104621_p.jpg,f91cc4f2f307324dafa3fd535e511c173bc7ed2c6db3151fc6e2ede20e7915f0,1024,771,233212,commons,https://upload.wikimedia.org/wikipedia/commons/5/52/Camponotus_robustus_casent0104621_profile_1.jpg,Camponotus robustus casent0104621 profile 1.jpg,f1b71309326b587d43ceba2175fb098e6f4b72fa,2009-10-19T02:32:11Z,exact,"harvester downscale, byte-identical","recovered by 14_commons_provenance.py: the Commons original after 06_harvest_commons.py's downscale (RGB, max 1024 px, JPEG quality 90)"
casent0104622,Camponotus,test,p,data/images/Camponotus/casent0104622_p.jpg,687ed3b3c9b8c6e8dc63d7739ac8160a27bfa031806cb0e9c982ba99a49734e8,1280,636,252236,commons,https://upload.wikimedia.org/wikipedia/commons/b/ba/Camponotus_robustus_casent0104622_profile_1.jpg,Camponotus robustus casent0104622 profile 1.jpg,7dfe0a3e60f0b57ca369120b32178aa64f3ebfa7,2009-10-20T07:21:45Z,exact,"Commons server thumbnail, pixel-identical","recovered by 14_commons_provenance.py: Commons' own thumbnail of that original (requested at 1024 px, served at the next standard width); not what the current harvester fetches, so most likely an earlier version of it, whose docstring still describes 1024 px thumbnails"
casent0104623,Camponotus,train,p,data/images/Camponotus/casent0104623_p.jpg,4b2c9d01b8931f5bd63a0c53b06f704ea6b70d14b112ab10525921555ef2a4cd,1024,710,169830,commons,https://upload.wikimedia.org/wikipedia/commons/3/39/Camponotus_repens_casent0104623_profile_1.jpg,Camponotus repens casent0104623 profile 1.jpg,18e26834150b98d85e4e79836c1687e5345a8282,2009-10-20T12:43:58Z,exact,"harvester downscale, byte-identical","recovered by 14_commons_provenance.py: the Commons original after 06_harvest_commons.py's downscale (RGB, max 1024 px, JPEG quality 90)"
casent0104626,Camponotus,train,p,data/images/Camponotus/casent0104626_p.jpg,735a436cf4555f75980b1ae4d67afff83069f1a1a555f4d38e99dcd8fcd5345e,1024,612,181843,commons,https://upload.wikimedia.org/wikipedia/commons/d/d0/Camponotus_darwinii_casent0104626_profile_1.jpg,Camponotus darwinii casent0104626 profile 1.jpg,01f52b579791fec1e2b2c0fea6661750ecfef6e9,2009-10-20T10:54:16Z,exact,"harvester downscale, byte-identical","recovered by 14_commons_provenance.py: the Commons original after 06_harvest_commons.py's downscale (RGB, max 1024 px, JPEG quality 90)"
casent0104627,Camponotus,train,p,data/images/Camponotus/casent0104627_p.jpg,cfd3beba2d97c1ef961e8b13e3a429e5e5221102b5e272edf6b84ec3ffea6a72,1024,738,227171,commons,https://upload.wikimedia.org/wikipedia/commons/f/fc/Camponotus_darwinii_casent0104627_profile_1.jpg,Camponotus darwinii casent0104627 profile 1.jpg,21e93da7ec60fa542984a7082a200a2d76f3239f,2009-10-20T16:29:32Z,exact,"harvester downscale, byte-identical","recovered by 14_commons_provenance.py: the Commons original after 06_harvest_commons.py's downscale (RGB, max 1024 px, JPEG quality 90)"
casent0104628,Camponotus,test,p,data/images/Camponotus/casent0104628_p.jpg,dcbc33026e83142fb42f1e2aeb2e22db762434c3bfdda1ec88328733e15f88ab,1024,705,217848,commons,https://upload.wikimedia.org/wikipedia/commons/6/61/Camponotus_darwinii_rubropilosus_casent0104628_profile_1.jpg,Camponotus darwinii rubropilosus casent0104628 profile 1.jpg,7cd039f1b05b41ca5a9452cd9bab19c8cd0bef02,2009-10-22T21:33:04Z,exact,"harvester downscale, byte-identical","recovered by 14_commons_provenance.py: the Commons original after 06_harvest_commons.py's downscale (RGB, max 1024 px, JPEG quality 90)"
casent0104629,Camponotus,train,p,data/images/Camponotus/casent0104629_p.jpg,7689c65a6c8b52f8b654c548aadd521ded65680ff303bc827e6efc8eacf8eed6,1024,723,215637,commons,https://upload.wikimedia.org/wikipedia/commons/f/fe/Camponotus_darwinii_rubropilosus_casent0104629_profile_1.jpg,Camponotus darwinii rubropilosus casent0104629 profile 1.jpg,254420c29f833307cccc1509781909592fc8e7d0,2009-10-18T11:04:07Z,exact,"harvester downscale, byte-identical","recovered by 14_commons_provenance.py: the Commons original after 06_harvest_commons.py's downscale (RGB, max 1024 px, JPEG quality 90)"
casent0104632,Camponotus,train,p,data/images/Camponotus/casent0104632_p.jpg,b14ecc22cef8fdb1996ab30d15668b6600be47271230341f558cd555d03f10a6,1024,739,206192,commons,https://upload.wikimedia.org/wikipedia/commons/d/dc/Camponotus_hagensii_casent0104632_profile_1.jpg,Camponotus hagensii casent0104632 profile 1.jpg,6b58bb8406b1ae4f24932758bd3cab33757e04f2,2009-10-20T07:01:45Z,exact,"harvester downscale, byte-identical","recovered by 14_commons_provenance.py: the Commons original after 06_harvest_commons.py's downscale (RGB, max 1024 px, JPEG quality 90)"
casent0104633,Camponotus,train,p,data/images/Camponotus/casent0104633_p.jpg,fbc6a73af438f307a2ece33d5bf2c0f78a2aa4750e3a6c1facf91cbc343ea19a,1024,1024,146880,gbif_cache,https://api.gbif.org/v1/image/cache/1024x1024/occurrence/865117363/media/2b964006b9c43a8cc2c1e9e992496764,,,,,,GBIF image cache of https://www.antweb.org/images/casent0104633/casent0104633_p_1_high.jpg; download success recorded in download_status.csv; size variant (1024x1024 or original) not recorded
casent0104634,Camponotus,train,p,data/images/Camponotus/casent0104634_p.jpg,a53478e62289497fdc94864a7d745916e4ba9ad8afe48b2d3b515184f9c38b49,1024,677,217066,commons,https://upload.wikimedia.org/wikipedia/commons/0/07/Camponotus_cervicalis_casent0104634_profile_1.jpg,Camponotus cervicalis casent0104634 profile 1.jpg,cfd70725595a0cff712f70dab998e0a2b5b383d7,2009-10-22T11:22:57Z,exact,"harvester downscale, byte-identical","recovered by 14_commons_provenance.py: the Commons original after 06_harvest_commons.py's downscale (RGB, max 1024 px, JPEG quality 90)"
casent0104638,Camponotus,train,p,data/images/Camponotus/casent0104638_p.jpg,1c39a59068dd62f3e9c4940355b47a746e2feae259346e05adbc476887ee2b56,1024,1024,119270,gbif_cache,https://api.gbif.org/v1/image/cache/1024x1024/occurrence/865117474/media/b812277aa5d2a6b1e53416acbdab994a,,,,,,GBIF image cache of https://www.antweb.org/images/casent0104638/casent0104638_p_1_high.jpg; download success recorded in download_status.csv; size variant (1024x1024 or original) not recorded
casent0104639,Camponotus,train,p,data/images/Camponotus/casent0104639_p.jpg,01d6ebe899fec6240fa644b62f79c444241f5f9a2deb187698441e3126782642,1024,1024,131577,gbif_cache,https://api.gbif.org/v1/image/cache/1024x1024/occurrence/865117497/media/5a80ee5da3aef1b16692d221b306bb85,,,,,,GBIF image cache of https://www.antweb.org/images/casent0104639/casent0104639_p_1_high.jpg; download success recorded in download_status.csv; size variant (1024x1024 or original) not recorded
casent0104640,Camponotus,train,p,data/images/Camponotus/casent0104640_p.jpg,cfab77cf0c39d230b8eaa281e83a9976413268f9ae45a10d7c71d64a4a39de46,1024,757,198291,commons,https://upload.wikimedia.org/wikipedia/commons/e/e9/Camponotus_hova_obscuratus_casent0104640_profile_1.jpg,Camponotus hova obscuratus casent0104640 profile 1.jpg,d6a6f91c9176ef221d60cd0c839d2e0e98a80f38,2009-10-19T01:46:35Z,exact,"harvester downscale, byte-identical","recovered by 14_commons_provenance.py: the Commons original after 06_harvest_commons.py's downscale (RGB, max 1024 px, JPEG quality 90)"
casent0104641,Camponotus,train,p,data/images/Camponotus/casent0104641_p.jpg,f1bece6ad6e7d8acf50e74b5b94efd9be270c32b72e7af42675f144a9f7eab95,1024,1024,140537,gbif_cache,https://api.gbif.org/v1/image/cache/1024x1024/occurrence/865117535/media/1784a671df56d5116ca73ddf15c181fa,,,,,,GBIF image cache of https://www.antweb.org/images/casent0104641/casent0104641_p_1_high.jpg; download success recorded in download_status.csv; size variant (1024x1024 or original) not recorded
casent0104642,Nylanderia,train,p,data/images/Nylanderia/casent0104642_p.jpg,1c77c1ed6262b048ab96ef747cf7c276ea257cf476eb3ce47fdb7c04bb9c6667,1024,735,191515,commons,https://upload.wikimedia.org/wikipedia/commons/b/bb/Paratrechina_humbloti_casent0104642_profile_1.jpg,Paratrechina humbloti casent0104642 profile 1.jpg,4df2eba33e8119c6c8bb4fa7b08b02fd60ad36ed,2009-10-20T08:13:57Z,exact,"harvester downscale, byte-identical","recovered by 14_commons_provenance.py: the Commons original after 06_harvest_commons.py's downscale (RGB, max 1024 px, JPEG quality 90)"
casent0104643,Nylanderia,train,p,data/images/Nylanderia/casent0104643_p.jpg,005e7dbfb28f7551a7d0520998bcc8fea71784e048615ed83cc3eecccb022f44,1024,612,167870,commons,https://upload.wikimedia.org/wikipedia/commons/9/9c/Paratrechina_madagascarensis_rufescens_casent0104643_profile_1.jpg,Paratrechina madagascarensis rufescens casent0104643 profile 1.jpg,c5e18b734987b8565762d532fb420c8e1a0fea84,2009-10-19T07:55:14Z,exact,"harvester downscale, byte-identical","recovered by 14_commons_provenance.py: the Commons original after 06_harvest_commons.py's downscale (RGB, max 1024 px, JPEG quality 90)"
casent0104646,Technomyrmex,train,p,data/images/Technomyrmex/casent0104646_p.jpg,34c8a902dc5730f6873aa9122952424845be48e2f03c237efc59a18ed7bf1d1f,1024,620,160076,commons,https://upload.wikimedia.org/wikipedia/commons/c/cc/Technomyrmex_madecassus_casent0104646_profile_1.jpg,Technomyrmex madecassus casent0104646 profile 1.jpg,0b006563bf6bb867cb4a9b4b0ebfc07edc51e3a5,2009-10-20T13:32:02Z,exact,"harvester downscale, byte-identical","recovered by 14_commons_provenance.py: the Commons original after 06_harvest_commons.py's downscale (RGB, max 1024 px, JPEG quality 90)"
casent0104647,Camponotus,train,p,data/images/Camponotus/casent0104647_p.jpg,608523e51ab016a34551fb051fd9bab49703a865b9b6a01b176d8d770585b577,1024,771,208437,commons,https://upload.wikimedia.org/wikipedia/commons/b/ba/Camponotus_imitator_casent0104647_profile_1.jpg,Camponotus imitator casent0104647 profile 1.jpg,fffb2aa007d52a45c76484527722f30b0e0fb22d,2009-10-21T13:54:47Z,exact,"harvester downscale, byte-identical","recovered by 14_commons_provenance.py: the Commons original after 06_harvest_commons.py's downscale (RGB, max 1024 px, JPEG quality 90)"
casent0106094,Platythyrea,train,p,data/images/Platythyrea/casent0106094_p.jpg,3b8fffc95b2c7f08294f4c1413be011a3be85da4b47149327be59d813f241193,1280,791,246215,commons,https://upload.wikimedia.org/wikipedia/commons/c/cd/Platythyrea_mocquerysi_casent0106094_profile_1.jpg,Platythyrea mocquerysi casent0106094 profile 1.jpg,df76acba4d7875d8469759aaa56cc0578e8889ab,2009-10-20T02:10:18Z,exact,"Commons server thumbnail, byte-identical","recovered by 14_commons_provenance.py: Commons' own thumbnail of that original (requested at 1024 px, served at the next standard width); not what the current harvester fetches, so most likely an earlier version of it, whose docstring still describes 1024 px thumbnails"
casent0106134,Tetraponera,train,p,data/images/Tetraponera/casent0106134_p.jpg,9a24cd3160b218b3f89f2a3783b7a3794074ecc55c62da2ffbc39106f66649c3,1024,739,155555,commons,https://upload.wikimedia.org/wikipedia/commons/a/a4/Tetraponera_phragmotica_casent0106134_profile_1.jpg,Tetraponera phragmotica casent0106134 profile 1.jpg,47835d878455f7435284fb8522716169881d5d71,2009-10-18T20:42:50Z,exact,"harvester downscale, byte-identical","recovered by 14_commons_provenance.py: the Commons original after 06_harvest_commons.py's downscale (RGB, max 1024 px, JPEG quality 90)"
casent0107566,Aphaenogaster,test,p,data/images/Aphaenogaster/casent0107566_p.jpg,aca66f89d613469dbcb672583e98ee99f2de1cdeac64b652f3d595acf3065291,1024,771,193285,commons,https://upload.wikimedia.org/wikipedia/commons/8/8b/Aphaenogaster_gonacantha_casent0107566_profile_1.jpg,Aphaenogaster gonacantha casent0107566 profile 1.jpg,75678d1d73835a2f0f2902323dadad6c4c0ef39f,2009-10-20T04:50:47Z,exact,"harvester downscale, byte-identical","recovered by 14_commons_provenance.py: the Commons original after 06_harvest_commons.py's downscale (RGB, max 1024 px, JPEG quality 90)"
casent0110604,Terataner,test,p,data/images/Terataner/casent0110604_p.jpg,8104d69dfb7103f48c0841657f97b03398738758c65871dd6a13b240b0ddd2ae,1024,784,194116,commons,https://upload.wikimedia.org/wikipedia/commons/0/09/Terataner_steinheili_casent0110604_profile_1.jpg,Terataner steinheili casent0110604 profile 1.jpg,c694de51d48728c4f7de16203e6bb90610147415,2009-10-22T06:17:42Z,exact,"harvester downscale, byte-identical","recovered by 14_commons_provenance.py: the Commons original after 06_harvest_commons.py's downscale (RGB, max 1024 px, JPEG quality 90)"
casent0121078,Crematogaster,train,p,data/images/Crematogaster/casent0121078_p.jpg,e2465271857995f12a6d9767da1669848ac8db655e711522a45cee66919cc3c6,1024,1024,177097,gbif_cache,https://api.gbif.org/v1/image/cache/1024x1024/occurrence/865127505/media/106cc1ffb24da04f8ce45e8d3082264b,,,,,,GBIF image cache of https://www.antweb.org/images/casent0121078/casent0121078_p_1_high.jpg; download success recorded in download_status.csv; size variant (1024x1024 or original) not recorded
casent0121244,Tetramorium,train,p,data/images/Tetramorium/casent0121244_p.jpg,0f1467976af98ae514c1f979cf6f6a9cca01abc523b7e8d67109f811c768eb7f,1024,1024,144290,gbif_cache,https://api.gbif.org/v1/image/cache/1024x1024/occurrence/865127968/media/759e73bd6fdfcfb042631801ae697185,,,,,,GBIF image cache of https://www.antweb.org/images/casent0121244/casent0121244_p_1_high.jpg; download success recorded in download_status.csv; size variant (1024x1024 or original) not recorded
casent0121525,Camponotus,test,d,data/images/Camponotus/casent0121525_d.jpg,74e98839a5e8ce9691d272e0c594e0102421d1c134679685a8eaa75cd2e5fa23,1024,1024,210520,gbif_cache,https://api.gbif.org/v1/image/cache/1024x1024/occurrence/865127866/media/a3933ee35f0cedfbc94c558631633d7a,,,,,,GBIF image cache of https://www.antweb.org/images/casent0121525/casent0121525_d_2_high.jpg; download success recorded in download_status.csv; size variant (1024x1024 or original) not recorded
casent0125609,Technomyrmex,train,p,data/images/Technomyrmex/casent0125609_p.jpg,4872438e48705b027c1104e6425a8517e36d189cba80c416a7e528d9f26b5ef3,1024,771,153340,commons,https://upload.wikimedia.org/wikipedia/commons/d/d6/Technomyrmex_vitiensis_casent0125609_profile_1.jpg,Technomyrmex vitiensis casent0125609 profile 1.jpg,bf032c22e17c32243ce712d049264252fa006480,2009-10-19T00:11:25Z,exact,"harvester downscale, byte-identical","recovered by 14_commons_provenance.py: the Commons original after 06_harvest_commons.py's downscale (RGB, max 1024 px, JPEG quality 90)"
casent0128362,Royidris,test,p,data/images/Royidris/casent0128362_p.jpg,32b2cc40b2e6f7c8935f0cbea695430dd32f9edbcaef1ba78c6d581e1027eb76,1024,1024,97214,gbif_cache,https://api.gbif.org/v1/image/cache/1024x1024/occurrence/865133051/media/f7a7d92c62ac83834b7757486aa1a1ea,,,,,,GBIF image cache of https://www.antweb.org/images/casent0128362/casent0128362_p_1_high.jpg; download success recorded in download_status.csv; size variant (1024x1024 or original) not recorded
casent0128740,Technomyrmex,train,p,data/images/Technomyrmex/casent0128740_p.jpg,8a523fdb1a0ed475ad14e2d3e40ffefbe2998205e5acddb58ecabdbdb45bc902,1024,746,160501,commons,https://upload.wikimedia.org/wikipedia/commons/7/7f/Technomyrmex_madecassus_casent0128740_profile_1.jpg,Technomyrmex madecassus casent0128740 profile 1.jpg,974070a7e1658fec0f872d1891892c402a6318cd,2009-10-18T11:31:53Z,exact,"harvester downscale, byte-identical","recovered by 14_commons_provenance.py: the Commons original after 06_harvest_commons.py's downscale (RGB, max 1024 px, JPEG quality 90)"
casent0128782,Tapinoma,train,p,data/images/Tapinoma/casent0128782_p.jpg,3404491d8008cd74c4eb7de04b289c67d1866c36d759ca6fcadc314a0e632fb7,1024,737,149346,commons,https://upload.wikimedia.org/wikipedia/commons/e/e0/Technomyrmex_pallipes_casent0128782_profile_1.jpg,Technomyrmex pallipes casent0128782 profile 1.jpg,9591afc69a22b2cc52aaf2ebb28d169c57765d4f,2009-10-18T16:12:20Z,exact,"harvester downscale, byte-identical","recovered by 14_commons_provenance.py: the Commons original after 06_harvest_commons.py's downscale (RGB, max 1024 px, JPEG quality 90)"
casent0136347,Cataulacus,train,p,data/images/Cataulacus/casent0136347_p.jpg,92f2eaa402cb2c458e37b74dba88a1da0f75dd913ac2f0ed7c0573c035b0d551,898,808,160423,commons,https://upload.wikimedia.org/wikipedia/commons/d/db/Cataulacus_oberthueri_casent0136347_profile_1.jpg,Cataulacus oberthueri casent0136347 profile 1.jpg,a22381892ddd76824c391b6c481c4c0d0dc5623e,2009-10-21T10:19:38Z,exact,"harvester downscale, byte-identical","recovered by 14_commons_provenance.py: the Commons original after 06_harvest_commons.py's downscale (RGB, max 1024 px, JPEG quality 90)"
casent0136420,Tetraponera,train,p,data/images/Tetraponera/casent0136420_p.jpg,b3eab923ad3c5f2ab07bef6f3d6ef4dd6645193da23a79e0f65adbdd70ab5646,1024,694,142562,commons,https://upload.wikimedia.org/wikipedia/commons/7/7b/Tetraponera_phragmotica_casent0136420_profile_1.jpg,Tetraponera phragmotica casent0136420 profile 1.jpg,79e10d116c2c5fdb0dc6871d3857840b88050483,2009-10-19T00:55:55Z,exact,"harvester downscale, byte-identical","recovered by 14_commons_provenance.py: the Commons original after 06_harvest_commons.py's downscale (RGB, max 1024 px, JPEG quality 90)"
casent0136493,Mystrium,train,p,data/images/Mystrium/casent0136493_p.jpg,30573ec33bb9adcbf13d185e1321434fce4a600cf3ab3e3b709c1921c2a7dc01,1024,609,140944,commons,https://upload.wikimedia.org/wikipedia/commons/6/61/Mystrium_oberthueri_casent0136493_profile_1.jpg,Mystrium oberthueri casent0136493 profile 1.jpg,5d4def41da628a6598fe44d2649b68b4955cd0cb,2009-10-20T06:59:04Z,exact,"harvester downscale, byte-identical","recovered by 14_commons_provenance.py: the Commons original after 06_harvest_commons.py's downscale (RGB, max 1024 px, JPEG quality 90)"
casent0136912,Tetraponera,train,p,data/images/Tetraponera/casent0136912_p.jpg,ce8a24cc19bdb67cbba152303a139705c884767d13cfaa25d82974b6cfbe4dbc,1024,725,133904,commons,https://upload.wikimedia.org/wikipedia/commons/2/28/Tetraponera_phragmotica_casent0136912_profile_1.jpg,Tetraponera phragmotica casent0136912 profile 1.jpg,b2e8f3e13fdbb4969438f396a7276f252839b651,2009-10-20T06:04:09Z,exact,"harvester downscale, byte-identical","recovered by 14_commons_provenance.py: the Commons original after 06_harvest_commons.py's downscale (RGB, max 1024 px, JPEG quality 90)"
casent0140925,Crematogaster,train,p,data/images/Crematogaster/casent0140925_p.jpg,13486d6b59e507c1b1971876a5c3021be5a0f12452eb78aa5750f51a47dc9fab,1024,1024,158919,gbif_cache,https://api.gbif.org/v1/image/cache/1024x1024/occurrence/865140602/media/d7773ae8e253483c60cc9871475772b2,,,,,,GBIF image cache of https://www.antweb.org/images/casent0140925/casent0140925_p_1_high.jpg; download success recorded in download_status.csv; size variant (1024x1024 or original) not recorded
casent0141843,Mystrium,train,p,data/images/Mystrium/casent0141843_p.jpg,37c2ba78e1739e4ee72c44a6e309b028da11ba99f2235609561e00c79a85db3e,1024,789,203354,commons,https://upload.wikimedia.org/wikipedia/commons/1/15/Mystrium_oberthueri_casent0141843_profile_1.jpg,Mystrium oberthueri casent0141843 profile 1.jpg,ebde349ea6937c1783409d96d74526f7c2376e85,2009-10-21T08:33:57Z,exact,"harvester downscale, byte-identical","recovered by 14_commons_provenance.py: the Commons original after 06_harvest_commons.py's downscale (RGB, max 1024 px, JPEG quality 90)"
casent0145284,Camponotus,train,p,data/images/Camponotus/casent0145284_p.jpg,517e6d4691f8b1c75bd9f654f9dc62dd6663982286ae4913ed66b1f97f497632,1024,1024,99808,gbif_cache,https://api.gbif.org/v1/image/cache/1024x1024/occurrence/865143445/media/a336f30a099c3f9b0062e153facc8c58,,,,,,GBIF image cache of https://www.antweb.org/images/casent0145284/casent0145284_p_1_high.jpg; download success recorded in download_status.csv; size variant (1024x1024 or original) not recorded
casent0148842,Monomorium,train,p,data/images/Monomorium/casent0148842_p.jpg,ae133ce53c1f08bfc77458f2a291663196379f19133ecf025669ccdba33ce9d8,1024,1024,88406,gbif_cache,https://api.gbif.org/v1/image/cache/1024x1024/occurrence/865145828/media/f15b4ec602442171577c9ec52389a274,,,,,,GBIF image cache of https://www.antweb.org/images/casent0148842/casent0148842_p_1_high.jpg; download success recorded in download_status.csv; size variant (1024x1024 or original) not recorded
casent0150215,Camponotus,train,p,data/images/Camponotus/casent0150215_p.jpg,480a6805b6176fe64e87f5e8b3ced753de825c476e6565b8ffc2223b4387d631,1024,1024,115392,gbif_cache,https://api.gbif.org/v1/image/cache/1024x1024/occurrence/865146841/media/397fb74d638015669220c06086d16d4a,,,,,,GBIF image cache of https://www.antweb.org/images/casent0150215/casent0150215_p_1_high.jpg; download success recorded in download_status.csv; size variant (1024x1024 or original) not recorded
casent0153610,Tetramorium,train,p,data/images/Tetramorium/casent0153610_p.jpg,aad21fd251ce9ba2c0b54c96c1d16c4afe3b85aa65dfd7496501718824f8c017,1024,1024,122834,gbif_cache,https://api.gbif.org/v1/image/cache/1024x1024/occurrence/865148753/media/2bf26fc028f1583e24be6c6bf5a7c568,,,,,,GBIF image cache of https://www.antweb.org/images/casent0153610/casent0153610_p_1_high.jpg; download success recorded in download_status.csv; size variant (1024x1024 or original) not recorded
casent0161442,Pheidole,test,p,data/images/Pheidole/casent0161442_p.jpg,75abe81ce2ee7da082aab782c89626fca46ee1d6c31a997606d5880068a94412,1024,1024,122900,gbif_cache,https://api.gbif.org/v1/image/cache/1024x1024/occurrence/865152647/media/1124f6a635df7deb5d9e358874f2ab47,,,,,,GBIF image cache of https://www.antweb.org/images/casent0161442/casent0161442_p_1_high.jpg; download success recorded in download_status.csv; size variant (1024x1024 or original) not recorded
casent0163357,Tetramorium,train,p,data/images/Tetramorium/casent0163357_p.jpg,23c33d6476af57534a384af4608f1165889d72ada4f65227c55641e78dba7d5d,1024,1024,145422,gbif_cache,https://api.gbif.org/v1/image/cache/1024x1024/occurrence/865154986/media/e28a9bc539d2b4daa0b489d4c2c32755,,,,,,GBIF image cache of https://www.antweb.org/images/casent0163357/casent0163357_p_1_high.jpg; download success recorded in download_status.csv; size variant (1024x1024 or original) not recorded
casent0164205,Pachycondyla,train,p,data/images/Pachycondyla/casent0164205_p.jpg,190f75b7d97aca476cdd2c82464d292e0beacf3b2379ac960e6ab699265fb2a6,1024,1024,187992,gbif_cache,https://api.gbif.org/v1/image/cache/1024x1024/occurrence/865154556/media/374d653fb8255aad48d5005e72332755,,,,,,GBIF image cache of https://www.antweb.org/images/casent0164205/casent0164205_p_1_high.jpg; download success recorded in download_status.csv; size variant (1024x1024 or original) not recorded
casent0172602,Mystrium,train,p,data/images/Mystrium/casent0172602_p.jpg,6126388e8d3de603ebb6fc6a4746c758c348feb0fed9b8152c4d1449242d1cec,1024,521,106555,commons,https://upload.wikimedia.org/wikipedia/commons/5/5c/Mystrium_rogeri_casent0172602_profile_1.jpg,Mystrium rogeri casent0172602 profile 1.jpg,bbced2a749d68937bcf280d9ad9d7b59a06bf422,2009-10-19T12:43:16Z,exact,"harvester downscale, byte-identical","recovered by 14_commons_provenance.py: the Commons original after 06_harvest_commons.py's downscale (RGB, max 1024 px, JPEG quality 90)"
casent0172819,Crematogaster,train,p,data/images/Crematogaster/casent0172819_p.jpg,962207339c98253f1bf18ccfe03fc20a0100206073dc7de7b25b0cc387b9f377,1024,771,180215,commons,https://upload.wikimedia.org/wikipedia/commons/7/76/Crematogaster_sewellii_casent0172819_profile_1.jpg,Crematogaster sewellii casent0172819 profile 1.jpg,c34a4d4cf6f389dd774f9fc64c280a37d42c2daa,2009-10-20T11:07:26Z,exact,"harvester downscale, byte-identical","recovered by 14_commons_provenance.py: the Commons original after 06_harvest_commons.py's downscale (RGB, max 1024 px, JPEG quality 90)"
casent0172822,Crematogaster,train,p,data/images/Crematogaster/casent0172822_p.jpg,2113a5d28da0b26436230a3ed20c05d9e7a56b327ed089bf9d110161a3112f71,1024,725,168955,commons,https://upload.wikimedia.org/wikipedia/commons/0/06/Crematogaster_schencki_casent0172822_profile_1.jpg,Crematogaster schencki casent0172822 profile 1.jpg,062ed8931669b9781ca07c99f9b6c87b5ae82996,2009-10-18T14:48:42Z,exact,"harvester downscale, byte-identical","recovered by 14_commons_provenance.py: the Commons original after 06_harvest_commons.py's downscale (RGB, max 1024 px, JPEG quality 90)"
casent0172826,Terataner,test,p,data/images/Terataner/casent0172826_p.jpg,efc79606c32e6d63f5e31c8bb1fc68fe0a235d4f6c6cfb158549844c43ca9289,1024,771,199962,commons,https://upload.wikimedia.org/wikipedia/commons/3/33/Terataner_steinheili_casent0172826_profile_1.jpg,Terataner steinheili casent0172826 profile 1.jpg,6fb5fce9e7b2f4de8da7bec70ea27c27f02ac696,2009-10-22T07:00:32Z,exact,"harvester downscale, byte-identical","recovered by 14_commons_provenance.py: the Commons original after 06_harvest_commons.py's downscale (RGB, max 1024 px, JPEG quality 90)"
casent0172827,Terataner,train,p,data/images/Terataner/casent0172827_p.jpg,f65a9ee61c72ecea68c28eb1d0ec03e3bd595c1d75ca11be480aceca323265dd,1024,771,184924,commons,https://upload.wikimedia.org/wikipedia/commons/9/9c/Terataner_steinheili_casent0172827_profile_1.jpg,Terataner steinheili casent0172827 profile 1.jpg,ae93c66d7d1c3eb520a5c0e66884f62908b91878,2009-10-22T20:38:44Z,exact,"harvester downscale, byte-identical","recovered by 14_commons_provenance.py: the Commons original after 06_harvest_commons.py's downscale (RGB, max 1024 px, JPEG quality 90)"
casent0172829,Tetramorium,test,p,data/images/Tetramorium/casent0172829_p.jpg,973a4edbdcd53070d9af046611f69e54eb1af8d6d086dc2e6239762ba1ad6a54,1024,771,182282,commons,https://upload.wikimedia.org/wikipedia/commons/5/5a/Tetramorium_isectum_casent0172829_profile_1.jpg,Tetramorium isectum casent0172829 profile 1.jpg,4c071254668d9074b0b0ee516956f6574d1af97a,2009-10-19T12:12:10Z,exact,"harvester downscale, byte-identical","recovered by 14_commons_provenance.py: the Commons original after 06_harvest_commons.py's downscale (RGB, max 1024 px, JPEG quality 90)"
casent0172830,Tetramorium,train,p,data/images/Tetramorium/casent0172830_p.jpg,f3a8a61a9df3c6630deb95f08ea74b493b1e15d89dc0275a3b7dc9a6a0e519c2,1024,777,189028,commons,https://upload.wikimedia.org/wikipedia/commons/a/a9/Tetramorium_ibycterum_casent0172830_profile_1.jpg,Tetramorium ibycterum casent0172830 profile 1.jpg,7ad255746300378ec997718cdb9744a137a34f1a,2009-10-19T15:15:16Z,exact,"harvester downscale, byte-identical","recovered by 14_commons_provenance.py: the Commons original after 06_harvest_commons.py's downscale (RGB, max 1024 px, JPEG quality 90)"
casent0172831,Tetramorium,test,p,data/images/Tetramorium/casent0172831_p.jpg,1cc843d914a92aedfc92fc1654a6db1a1b0b6d853cb1f9dc4984925ce50d8fa8,1024,779,195714,commons,https://upload.wikimedia.org/wikipedia/commons/d/d4/Tetramorium_plesiarum_casent0172831_profile_1.jpg,Tetramorium plesiarum casent0172831 profile 1.jpg,671c1eb26d5507b37539fe7e50c509b3ac8f90b1,2009-10-20T12:04:54Z,exact,"harvester downscale, byte-identical","recovered by 14_commons_provenance.py: the Commons original after 06_harvest_commons.py's downscale (RGB, max 1024 px, JPEG quality 90)"
casent0172864,Syllophopsis,train,p,data/images/Syllophopsis/casent0172864_p.jpg,673c476bc375ea6094e2fd8cbc19fc8bdef0f0a77f94888856e57106b55d94f3,1024,771,186329,commons,https://upload.wikimedia.org/wikipedia/commons/3/3c/Syllophopsis_adiastolon_casent0172864_profile_1.jpg,Syllophopsis adiastolon casent0172864 profile 1.jpg,0739d3259464b37ec72ad43ea6e72726da1c402f,2009-10-22T22:33:48Z,exact,"harvester downscale, byte-identical","recovered by 14_commons_provenance.py: the Commons original after 06_harvest_commons.py's downscale (RGB, max 1024 px, JPEG quality 90)"
casent0172919,Syllophopsis,test,p,data/images/Syllophopsis/casent0172919_p.jpg,e4cb095a2ea8e8dd0b8c54f93d605039e933115e054268ac58e0be13d732c34a,1024,771,193060,commons,https://upload.wikimedia.org/wikipedia/commons/4/4d/Syllophopsis_aureorugosa_casent0172919_profile_1.jpg,Syllophopsis aureorugosa casent0172919 profile 1.jpg,ab2bc6ea8a7c1b23908e65623d18055c1bebf560,2009-10-22T22:44:40Z,exact,"harvester downscale, byte-identical","recovered by 14_commons_provenance.py: the Commons original after 06_harvest_commons.py's downscale (RGB, max 1024 px, JPEG quality 90)"
casent0173078,Lioponera,train,p,data/images/Lioponera/casent0173078_p.jpg,06b66adb00ed95f0c7734f62a9ba539633f09e2cf66bc940514fca71a082c64f,1017,808,216522,commons,https://upload.wikimedia.org/wikipedia/commons/b/bc/Cerapachys_mayri_casent0173078_profile_1.jpg,Cerapachys mayri casent0173078 profile 1.jpg,b143f8eb33871792e06a4c16e0690f79d84a918c,2009-10-20T20:38:46Z,exact,"harvester downscale, byte-identical","recovered by 14_commons_provenance.py: the Commons original after 06_harvest_commons.py's downscale (RGB, max 1024 px, JPEG quality 90)"
casent0173211,Crematogaster,train,p,data/images/Crematogaster/casent0173211_p.jpg,071760814ee3b077511b2fc66753172731af6c5a4628ee833b62c53d88ef523d,1024,767,159031,commons,https://upload.wikimedia.org/wikipedia/commons/0/05/Crematogaster_madecassa_casent0173211_profile_1.jpg,Crematogaster madecassa casent0173211 profile 1.jpg,29a752a0e11ae749b11912c6d764ed9efa7afd46,2009-10-20T08:35:31Z,exact,"harvester downscale, byte-identical","recovered by 14_commons_provenance.py: the Commons original after 06_harvest_commons.py's downscale (RGB, max 1024 px, JPEG quality 90)"
casent0173312,Pheidole,train,p,data/images/Pheidole/casent0173312_p.jpg,2ae1ffcdfecee02ff073981bf5ce4b24ea51a2a1187df290ddaaa65eca264c4d,1280,794,221322,commons,https://upload.wikimedia.org/wikipedia/commons/f/fb/Pheidole_punctulata_casent0173312_profile_1.jpg,Pheidole punctulata casent0173312 profile 1.jpg,9368e07676d7e704a77ec7a58c01e690451c2d99,2009-10-22T14:07:51Z,exact,"Commons server thumbnail, byte-identical","recovered by 14_commons_provenance.py: Commons' own thumbnail of that original (requested at 1024 px, served at the next standard width); not what the current harvester fetches, so most likely an earlier version of it, whose docstring still describes 1024 px thumbnails"
casent0173547,Monomorium,train,p,data/images/Monomorium/casent0173547_p.jpg,ef77cbf5c1c88808b7f1dcafbd3860d648c0c47089f851ae7b05750ef456cf56,1024,755,166604,commons,https://upload.wikimedia.org/wikipedia/commons/d/dd/Monomorium_bifidoclypeatum_casent0173547_profile_1.jpg,Monomorium bifidoclypeatum casent0173547 profile 1.jpg,05c0d56aa5344e46424a25e766af3885ce5b9dae,2009-10-21T18:57:01Z,exact,"harvester downscale, byte-identical","recovered by 14_commons_provenance.py: the Commons original after 06_harvest_commons.py's downscale (RGB, max 1024 px, JPEG quality 90)"
casent0173584,Monomorium,train,p,data/images/Monomorium/casent0173584_p.jpg,d9779d09253a5b0fcf6e6dc32616526e4d459bdff3016bf9c249ff91ae4823ef,1024,683,153471,commons,https://upload.wikimedia.org/wikipedia/commons/f/f3/Syllophopsis_cryptobia_casent0173584_profile_1.jpg,Syllophopsis cryptobia casent0173584 profile 1.jpg,ed324f72560e9822ad917bfc6cb52b4de87f3cab,2009-10-22T00:30:16Z,exact,"harvester downscale, byte-identical","recovered by 14_commons_provenance.py: the Commons original after 06_harvest_commons.py's downscale (RGB, max 1024 px, JPEG quality 90)"
casent0173588,Syllophopsis,train,p,data/images/Syllophopsis/casent0173588_p.jpg,49faf1ccd7d560bfc71b5c501fd23de35f96a8ff0fdaaa2664a3b2e8f84d08c3,1024,802,174985,commons,https://upload.wikimedia.org/wikipedia/commons/8/82/Monomorium_ferodens_casent0173588_profile_1.jpg,Monomorium ferodens casent0173588 profile 1.jpg,3d20e8622c12e7c18e65cbc4297dc999130ff33b,2009-10-18T08:12:00Z,exact,"harvester downscale, byte-identical","recovered by 14_commons_provenance.py: the Commons original after 06_harvest_commons.py's downscale (RGB, max 1024 px, JPEG quality 90)"
casent0173589,Monomorium,train,p,data/images/Monomorium/casent0173589_p.jpg,33d656c717a16d2d4127c158b1a3759fcad9114875a2af56ec052e3746451149,1024,771,165532,commons,https://upload.wikimedia.org/wikipedia/commons/0/0f/Monomorium_bifidoclypeatum_casent0173589_profile_1.jpg,Monomorium bifidoclypeatum casent0173589 profile 1.jpg,88b1aa6905fef37335751399659af17728356ef0,2009-10-20T12:36:08Z,exact,"harvester downscale, byte-identical","recovered by 14_commons_provenance.py: the Commons original after 06_harvest_commons.py's downscale (RGB, max 1024 px, JPEG quality 90)"
casent0173590,Syllophopsis,train,p,data/images/Syllophopsis/casent0173590_p.jpg,6df44f07d5a0a5f62ce265c9aee3cf2db6728a0dc26306fcd4e16f79fcd2a76b,1024,705,155067,commons,https://upload.wikimedia.org/wikipedia/commons/d/d6/Syllophopsis_gongromos_casent0173590_profile_1.jpg,Syllophopsis gongromos casent0173590 profile 1.jpg,aaca8c857151d05e52543ecb5754d88f28252f6a,2009-10-20T10:57:18Z,exact,"harvester downscale, byte-identical","recovered by 14_commons_provenance.py: the Commons original after 06_harvest_commons.py's downscale (RGB, max 1024 px, JPEG quality 90)"
casent0173591,Syllophopsis,test,p,data/images/Syllophopsis/casent0173591_p.jpg,2a8c2f16e1fae355778dfe788b565dc7c2995bbd37b289c491d43d4220659471,1024,790,161066,commons,https://upload.wikimedia.org/wikipedia/commons/6/66/Syllophopsis_infusca_casent0173591_profile_1.jpg,Syllophopsis infusca casent0173591 profile 1.jpg,b3dffbfd156cc097713b76633e25f6070a085de1,2009-10-21T06:53:56Z,exact,"harvester downscale, byte-identical","recovered by 14_commons_provenance.py: the Commons original after 06_harvest_commons.py's downscale (RGB, max 1024 px, JPEG quality 90)"
casent0173593,Monomorium,train,p,data/images/Monomorium/casent0173593_p.jpg,379b610f3082e458e135274316a18fffdba0594ffc853b28958a2a66b5d49040,1024,739,164645,commons,https://upload.wikimedia.org/wikipedia/commons/a/ae/Monomorium_bifidoclypeatum_casent0173593_profile_1.jpg,Monomorium bifidoclypeatum casent0173593 profile 1.jpg,3a1272a0118452ed9d60371faedf371a6f09a4cf,2009-10-21T22:10:41Z,exact,"harvester downscale, byte-identical","recovered by 14_commons_provenance.py: the Commons original after 06_harvest_commons.py's downscale (RGB, max 1024 px, JPEG quality 90)"
casent0173599,Monomorium,train,p,data/images/Monomorium/casent0173599_p.jpg,910964d69fddc945abba47b4641c6fe92dc8629125be902eb0eed753365d71f1,1024,771,160246,commons,https://upload.wikimedia.org/wikipedia/commons/7/75/Monomorium_micrommaton_casent0173599_profile_1.jpg,Monomorium micrommaton casent0173599 profile 1.jpg,2b086d7de5b51da7db8c1c01764c6237a3cd8234,2009-10-22T14:39:11Z,exact,"harvester downscale, byte-identical","recovered by 14_commons_provenance.py: the Commons original after 06_harvest_commons.py's downscale (RGB, max 1024 px, JPEG quality 90)"
casent0178196,Aphaenogaster,train,p,data/images/Aphaenogaster/casent0178196_p.jpg,29719427237fc5e6881abe2c02ef93164e0d690cf33b0ddbcf721bc34c32036e,1024,771,201609,commons,https://upload.wikimedia.org/wikipedia/commons/e/e4/Aphaenogaster_swammerdami_casent0178196_profile_1.jpg,Aphaenogaster swammerdami casent0178196 profile 1.jpg,f9ab61b3bfb460ddc5292fadd0311f4a6af7b0e2,2009-10-20T11:30:57Z,exact,"harvester downscale, byte-identical","recovered by 14_commons_provenance.py: the Commons original after 06_harvest_commons.py's downscale (RGB, max 1024 px, JPEG quality 90)"
casent0178903,Cataulacus,train,p,data/images/Cataulacus/casent0178903_p.jpg,a8e078e7cf80b4934f73a80d60f99b77637a195b13a713ff01f3c105276f016e,1024,739,173294,commons,https://upload.wikimedia.org/wikipedia/commons/a/ad/Cataulacus_intrudens_casent0178903_profile_1.jpg,Cataulacus intrudens casent0178903 profile 1.jpg,7a0f0690b8bbef988d25868e6cf33477ac55a276,2009-10-18T09:53:20Z,exact,"harvester downscale, byte-identical","recovered by 14_commons_provenance.py: the Commons original after 06_harvest_commons.py's downscale (RGB, max 1024 px, JPEG quality 90)"
casent0179448,Camponotus,test,p,data/images/Camponotus/casent0179448_p.jpg,9000a423a1000b7ec4dcbebf8b352832cbb57012bbd80139963bb9f1c5c9da79,1024,1024,157470,gbif_cache,https://api.gbif.org/v1/image/cache/1024x1024/occurrence/865163468/media/80198975cb7c72d09ba66b13907f4cfb,,,,,,GBIF image cache of https://www.antweb.org/images/casent0179448/casent0179448_p_1_high.jpg; download success recorded in download_status.csv; size variant (1024x1024 or original) not recorded
casent0189276,Nesomyrmex,train,p,data/images/Nesomyrmex/casent0189276_p.jpg,cded2823d0623a75cfd9c32a2e62c2ac74af7066a97106c7b940540f6d1132aa,1024,708,175567,commons,https://upload.wikimedia.org/wikipedia/commons/b/ba/Nesomyrmex_madecassus_casent0189276_profile_1.jpg,Nesomyrmex madecassus casent0189276 profile 1.jpg,5191e2d63334bb608c999e9f3170a0d3885feeb3,2009-10-19T15:12:22Z,exact,"harvester downscale, byte-identical","recovered by 14_commons_provenance.py: the Commons original after 06_harvest_commons.py's downscale (RGB, max 1024 px, JPEG quality 90)"
casent0189277,Nesomyrmex,train,p,data/images/Nesomyrmex/casent0189277_p.jpg,ea8eb7fdbe5db34ded96c01fbdd080be542a55467566e6252584973efa83d0a0,1024,786,179809,commons,https://upload.wikimedia.org/wikipedia/commons/b/bc/Nesomyrmex_sikorai_casent0189277_profile_1.jpg,Nesomyrmex sikorai casent0189277 profile 1.jpg,7c7a961f2763a19b231a499e1c7f26ecce6eaf9c,2009-10-18T23:11:04Z,exact,"harvester downscale, byte-identical","recovered by 14_commons_provenance.py: the Commons original after 06_harvest_commons.py's downscale (RGB, max 1024 px, JPEG quality 90)"
casent0192117,Camponotus,train,p,data/images/Camponotus/casent0192117_p.jpg,8771a2e55a3bba102918f2c4d3a1c9f0062bf0c092dc4aff72ad86887cffbd07,1024,1024,141414,gbif_cache,https://api.gbif.org/v1/image/cache/1024x1024/occurrence/865173604/media/8bc256570ac60ce54f23e4edaa95e606,,,,,,GBIF image cache of https://www.antweb.org/images/casent0192117/casent0192117_p_2_high.jpg; download success recorded in download_status.csv; size variant (1024x1024 or original) not recorded
casent0193045,Crematogaster,train,d,data/images/Crematogaster/casent0193045_d.jpg,4fe658dadc874a2c5aadbef2d89267218061f80f6f8a9d22d36cfd0403bbf5d0,1024,1024,106186,gbif_cache,https://api.gbif.org/v1/image/cache/1024x1024/occurrence/865174302/media/031c32d84f2abffb004957d93f5bee15,,,,,,GBIF image cache of https://www.antweb.org/images/casent0193045/casent0193045_d_2_high.jpg; download success recorded in download_status.csv; size variant (1024x1024 or original) not recorded
casent0195294,Camponotus,train,p,data/images/Camponotus/casent0195294_p.jpg,740c7ec28e144f486d23729faf5ca89e398b6fde1a801458f9d912075c6ef236,1024,1024,115711,gbif_cache,https://api.gbif.org/v1/image/cache/1024x1024/occurrence/865175556/media/492ebbedd3dbc01b73bd4cb209f2e34e,,,,,,GBIF image cache of https://www.antweb.org/images/casent0195294/casent0195294_p_1_high.jpg; download success recorded in download_status.csv; size variant (1024x1024 or original) not recorded
casent0198009,Pheidole,train,p,data/images/Pheidole/casent0198009_p.jpg,4cbaa26f3ffcc51c4313f586ebf62a902ab24873843df1a9f313f5e0ae9ca3b8,1024,1024,132473,gbif_cache,https://api.gbif.org/v1/image/cache/1024x1024/occurrence/865176318/media/2e354fd5e2fca69b235f48bc6a8d83e4,,,,,,GBIF image cache of https://www.antweb.org/images/casent0198009/casent0198009_p_1_high.jpg; download success recorded in download_status.csv; size variant (1024x1024 or original) not recorded
casent0209055,Camponotus,train,p,data/images/Camponotus/casent0209055_p.jpg,fc05b94712cfd3971ef31697431e009c1608ea218d8435f09ef8abc9f0b0fb57,1024,1024,212180,gbif_cache,https://api.gbif.org/v1/image/cache/1024x1024/occurrence/865179373/media/8c0145bfe9ec8d6eaa95786ebfa8282c,,,,,,GBIF image cache of https://www.antweb.org/images/casent0209055/casent0209055_p_1_high.jpg; download success recorded in download_status.csv; size variant (1024x1024 or original) not recorded
casent0217757,Tetramorium,test,p,data/images/Tetramorium/casent0217757_p.jpg,c155c37e488ef95333db4993f4d7f5cb18c5088d158266e42b5db7f1842479ee,1024,1024,134627,gbif_cache,https://api.gbif.org/v1/image/cache/1024x1024/occurrence/865182645/media/8e834769071ee41169cb2e10d0f5d783,,,,,,GBIF image cache of https://www.antweb.org/images/casent0217757/casent0217757_p_1_high.jpg; download success recorded in download_status.csv; size variant (1024x1024 or original) not recorded
casent0230800,Pheidole,train,p,data/images/Pheidole/casent0230800_p.jpg,cf9f16bc84812547c762901de3d8dbe8f6b3c868e4c16037e9ffa12162eb797c,1024,1024,77703,gbif_cache,https://api.gbif.org/v1/image/cache/1024x1024/occurrence/865186641/media/a973d9b3b4bfb47ad7413549462e149e,,,,,,GBIF image cache of https://www.antweb.org/images/casent0230800/casent0230800_p_1_high.jpg; download success recorded in download_status.csv; size variant (1024x1024 or original) not recorded
casent0235036,Pheidole,train,p,data/images/Pheidole/casent0235036_p.jpg,8d5df220e69e8c63026f20da8bf730434c98a983b3856bc17c374f590c0c47ad,1024,1024,110607,gbif_cache,https://api.gbif.org/v1/image/cache/1024x1024/occurrence/865189428/media/7e1727c3f829696f1e497dee205d3714,,,,,,GBIF image cache of https://www.antweb.org/images/casent0235036/casent0235036_p_1_high.jpg; download success recorded in download_status.csv; size variant (1024x1024 or original) not recorded
casent0274442,Syllophopsis,train,d,data/images/Syllophopsis/casent0274442_d.jpg,86daf68e3d7c7d0f72daaee6e576229fe9a973a009ce5bd43e7c69ce318b1621,1024,1024,100849,gbif_cache,https://api.gbif.org/v1/image/cache/1024x1024/occurrence/865203684/media/035a005cc285991e2546167065056231,,,,,,GBIF image cache of https://www.antweb.org/images/casent0274442/casent0274442_d_2_high.jpg; download success recorded in download_status.csv; size variant (1024x1024 or original) not recorded
casent0274827,Cataulacus,train,p,data/images/Cataulacus/casent0274827_p.jpg,cf7ac59efd36b6c8857c87eda92bbbeb3101a02702f962e9be0ea2041f21c261,1024,1024,198823,gbif_cache,https://api.gbif.org/v1/image/cache/1024x1024/occurrence/865204005/media/f98f118eba49cb9c199bc9c670efa4e1,,,,,,GBIF image cache of https://www.antweb.org/images/casent0274827/casent0274827_p_2_high.jpg; download success recorded in download_status.csv; size variant (1024x1024 or original) not recorded
casent0291293,Syllophopsis,train,p,data/images/Syllophopsis/casent0291293_p.jpg,f0d1789278d8ff37b8265984ea4b905d1a3c7b92a2f5ebf0716e301c8db19832,1024,1024,47988,gbif_cache,https://api.gbif.org/v1/image/cache/1024x1024/occurrence/865208020/media/d08a13b41911e3972b2912ff6236fb1e,,,,,,GBIF image cache of https://www.antweb.org/images/casent0291293/casent0291293_p_2_high.jpg; download success recorded in download_status.csv; size variant (1024x1024 or original) not recorded
casent0299307,Pheidole,train,p,data/images/Pheidole/casent0299307_p.jpg,0eb2e9a40113b26b6b1c8408e92d6e6f029903d20d4484f4f9d66f246b36ffde,1024,1024,96524,gbif_cache,https://api.gbif.org/v1/image/cache/1024x1024/occurrence/2416978470/media/fbe768770da9c41ed20689879541714b,,,,,,GBIF image cache of https://www.antweb.org/images/casent0299307/casent0299307_p_1_high.jpg; download success recorded in download_status.csv; size variant (1024x1024 or original) not recorded
casent0300018,Camponotus,train,p,data/images/Camponotus/casent0300018_p.jpg,18d6a15727b6bd3983aa74eda01a8a75008ac1ea07753b8fe8ddf39cd763f5b2,1024,1024,107255,gbif_cache,https://api.gbif.org/v1/image/cache/1024x1024/occurrence/1213715136/media/8f05eb9c859a8d406f9c7e0513022cc9,,,,,,GBIF image cache of https://www.antweb.org/images/casent0300018/casent0300018_p_1_high.jpg; download success recorded in download_status.csv; size variant (1024x1024 or original) not recorded
casent0300904,Pachycondyla,test,p,data/images/Pachycondyla/casent0300904_p.jpg,638a0fe8f965fbbb4c3915cba878376755229874c8136043b5cd8fd5feeb71da,1024,1024,146710,gbif_cache,https://api.gbif.org/v1/image/cache/1024x1024/occurrence/865208156/media/7a6ed4e46d44995465394abef061704f,,,,,,GBIF image cache of https://www.antweb.org/images/casent0300904/casent0300904_p_2_high.jpg; download success recorded in download_status.csv; size variant (1024x1024 or original) not recorded
casent0317397,Mystrium,test,p,data/images/Mystrium/casent0317397_p.jpg,4a79f1c86be5072866b72e7515f3b27f7697e4b39ef8c9664a481819e8d5b337,1024,1024,133927,gbif_cache,https://api.gbif.org/v1/image/cache/1024x1024/occurrence/865209011/media/f531d2ad58cf4e0602af6ee57c23c853,,,,,,GBIF image cache of https://www.antweb.org/images/casent0317397/casent0317397_p_1_high.jpg; download success recorded in download_status.csv; size variant (1024x1024 or original) not recorded
casent0317582,Mystrium,test,p,data/images/Mystrium/casent0317582_p.jpg,77d49d840e74fe299f9dfe0cf0a8f43e81d409d6831ea0f38b2592ace9a47b60,1024,1024,103850,gbif_cache,https://api.gbif.org/v1/image/cache/1024x1024/occurrence/865209597/media/01453c625f33222d1427a404cb81f803,,,,,,GBIF image cache of https://www.antweb.org/images/casent0317582/casent0317582_p_2_high.jpg; download success recorded in download_status.csv; size variant (1024x1024 or original) not recorded
casent0317758,Crematogaster,train,p,data/images/Crematogaster/casent0317758_p.jpg,58c75220e04219bb9574c1be0bf355fa2faff8eeede2a0efba1dd8e94211681a,1024,1024,106753,gbif_cache,https://api.gbif.org/v1/image/cache/1024x1024/occurrence/865209356/media/804e5a64b206006388c4be14b4784a80,,,,,,GBIF image cache of https://www.antweb.org/images/casent0317758/casent0317758_p_1_high.jpg; download success recorded in download_status.csv; size variant (1024x1024 or original) not recorded
casent0317759,Crematogaster,test,p,data/images/Crematogaster/casent0317759_p.jpg,daedd6bd378234e9577687dd14b3e68bd61903694b571e6de052e0d245feffe7,1024,1024,105236,gbif_cache,https://api.gbif.org/v1/image/cache/1024x1024/occurrence/865209375/media/9e1ca197013a029317b8badd636b6c65,,,,,,GBIF image cache of https://www.antweb.org/images/casent0317759/casent0317759_p_1_high.jpg; download success recorded in download_status.csv; size variant (1024x1024 or original) not recorded
casent0318920,Mystrium,train,p,data/images/Mystrium/casent0318920_p.jpg,f469ad869f73acc09dd4adb42e0f68873f88a3d16e3dc9db445d02ac9fb6066e,1024,1024,153039,gbif_cache,https://api.gbif.org/v1/image/cache/1024x1024/occurrence/865209854/media/7f4f4c5ca855d9dde7d2b0bcea32aeb8,,,,,,GBIF image cache of https://www.antweb.org/images/casent0318920/casent0318920_p_1_high.jpg; download success recorded in download_status.csv; size variant (1024x1024 or original) not recorded
casent0389498,Pachycondyla,train,p,data/images/Pachycondyla/casent0389498_p.jpg,00d72df18dd606b7738179914acb35fd7a946c6a5585a14a94f49692f4812256,1024,1024,151426,gbif_cache,https://api.gbif.org/v1/image/cache/1024x1024/occurrence/1839280262/media/a652f00d491994329dc8e00e69a017c6,,,,,,GBIF image cache of https://www.antweb.org/images/casent0389498/casent0389498_p_2_high.jpg; download success recorded in download_status.csv; size variant (1024x1024 or original) not recorded
casent0393113,Nesomyrmex,train,p,data/images/Nesomyrmex/casent0393113_p.jpg,a29c22b901f7d112716e427765560077d05bebd05d5a2f600e6cc0ca3cec32f0,1024,1024,82399,gbif_cache,https://api.gbif.org/v1/image/cache/1024x1024/occurrence/1234560828/media/a051d6918c873784c2b7a49450bcf1d4,,,,,,GBIF image cache of https://www.antweb.org/images/casent0393113/casent0393113_p_1_high.jpg; download success recorded in download_status.csv; size variant (1024x1024 or original) not recorded
casent0393121,Nesomyrmex,train,p,data/images/Nesomyrmex/casent0393121_p.jpg,b0b167c48e4d2d5542819a7ea4e1d4968b118b890bca415ff734eb8741df45b2,1024,1024,132608,gbif_cache,https://api.gbif.org/v1/image/cache/1024x1024/occurrence/1213719255/media/090f6b794dc8a9e9e9c407cf8ce57591,,,,,,GBIF image cache of https://www.antweb.org/images/casent0393121/casent0393121_p_1_high.jpg; download success recorded in download_status.csv; size variant (1024x1024 or original) not recorded
casent0401520,Monomorium,train,p,data/images/Monomorium/casent0401520_p.jpg,3a5392f3ef54adedf938117707dcad450cdfa67e1e51cd95580bc7b182dfe3ba,1024,771,158416,commons,https://upload.wikimedia.org/wikipedia/commons/b/b0/Monomorium_flavimembra_casent0401520_profile_1.jpg,Monomorium flavimembra casent0401520 profile 1.jpg,bc2d104e9fe1cc514a4dbe7a3ddc5117e9fecf66,2009-10-20T11:52:59Z,exact,"harvester downscale, byte-identical","recovered by 14_commons_provenance.py: the Commons original after 06_harvest_commons.py's downscale (RGB, max 1024 px, JPEG quality 90)"
casent0403269,Pheidole,train,p,data/images/Pheidole/casent0403269_p.jpg,b2b6066c976e76bd64d7cd458619e86c1faf1360db4d23925e45a004f6fe3f49,1024,1024,106648,gbif_cache,https://api.gbif.org/v1/image/cache/1024x1024/occurrence/865210836/media/fcfb80744749350c6803b2c16e94f6ac,,,,,,GBIF image cache of https://www.antweb.org/images/casent0403269/casent0403269_p_1_high.jpg; download success recorded in download_status.csv; size variant (1024x1024 or original) not recorded
casent0408976,Camponotus,train,p,data/images/Camponotus/casent0408976_p.jpg,fd7079f712a600687708060aeb2ee3e54bedea17d2b3a54f5bdec6ad2f0d855a,1024,1024,159633,gbif_cache,https://api.gbif.org/v1/image/cache/1024x1024/occurrence/865212371/media/7d50d8672fa87b55cd12e2299c487596,,,,,,GBIF image cache of https://www.antweb.org/images/casent0408976/casent0408976_p_1_high.jpg; download success recorded in download_status.csv; size variant (1024x1024 or original) not recorded
casent0409559,Tetraponera,test,p,data/images/Tetraponera/casent0409559_p.jpg,71c95b41e494061fa40bcbaa68e9006624fe8bd70f47c36e35281ff0e6bd420a,866,808,151045,commons,https://upload.wikimedia.org/wikipedia/commons/3/3b/Tetraponera_grandidieri_casent0409559_profile_1.jpg,Tetraponera grandidieri casent0409559 profile 1.jpg,93b0429ab5cfad3cd38324097d630aacd58cdbcb,2009-10-20T13:21:23Z,exact,"harvester downscale, byte-identical","recovered by 14_commons_provenance.py: the Commons original after 06_harvest_commons.py's downscale (RGB, max 1024 px, JPEG quality 90)"
casent0410131,Bothroponera,train,p,data/images/Bothroponera/casent0410131_p.jpg,c1a8b3a3c98eb171d4ced3194a477c23e71005a12d68c75970f3faeb04db6683,1024,732,185708,commons,https://upload.wikimedia.org/wikipedia/commons/c/c8/Pachycondyla_cambouei_casent0410131_profile_1.jpg,Pachycondyla cambouei casent0410131 profile 1.jpg,1653c92b315f98e4a7fb89c18e0a0f04fa982ea0,2009-10-18T15:33:11Z,exact,"harvester downscale, byte-identical","recovered by 14_commons_provenance.py: the Commons original after 06_harvest_commons.py's downscale (RGB, max 1024 px, JPEG quality 90)"
casent0410152,Bothroponera,train,p,data/images/Bothroponera/casent0410152_p.jpg,336d0a863422ac8a141e64967c3ea140f667276571a06eada760aad6f4e44a14,1024,753,185289,commons,https://upload.wikimedia.org/wikipedia/commons/f/fd/Pachycondyla_comorensis_casent0410152_profile_1.jpg,Pachycondyla comorensis casent0410152 profile 1.jpg,93ce1b2da0c9c46fad893191734993ca5563bd5a,2009-10-20T04:19:57Z,exact,"harvester downscale, byte-identical","recovered by 14_commons_provenance.py: the Commons original after 06_harvest_commons.py's downscale (RGB, max 1024 px, JPEG quality 90)"
casent0410164,Bothroponera,train,p,data/images/Bothroponera/casent0410164_p.jpg,e1537677884b3c68f3449a16f814d0fe82a0f88fbff723589fddbc646b23ae89,1024,765,238090,commons,https://upload.wikimedia.org/wikipedia/commons/9/9e/Pachycondyla_comorensis_casent0410164_profile_1.jpg,Pachycondyla comorensis casent0410164 profile 1.jpg,fe14156a62f51d9f59cba27d483d5f870d0f3fa4,2009-10-22T15:23:02Z,exact,"harvester downscale, byte-identical","recovered by 14_commons_provenance.py: the Commons original after 06_harvest_commons.py's downscale (RGB, max 1024 px, JPEG quality 90)"
casent0412167,Monomorium,train,p,data/images/Monomorium/casent0412167_p.jpg,5c336e0a1ccc8eca31c7b15c732d743b1982ad4f368419957590e9aa9846f68d,1024,751,162119,commons,https://upload.wikimedia.org/wikipedia/commons/e/eb/Monomorium_termitobium_casent0412167_profile_1.jpg,Monomorium termitobium casent0412167 profile 1.jpg,0abfc99dc4ab6b1f293f0aa4a07c9633c55b4506,2009-10-20T11:58:42Z,exact,"harvester downscale, byte-identical","recovered by 14_commons_provenance.py: the Commons original after 06_harvest_commons.py's downscale (RGB, max 1024 px, JPEG quality 90)"
casent0416250,Platythyrea,train,p,data/images/Platythyrea/casent0416250_p.jpg,84b1d7b69f7f4fbb9d35af24b6385f212c14445ba46262122f6dd09e73fdc11e,1024,674,147621,commons,https://upload.wikimedia.org/wikipedia/commons/9/97/Platythyrea_arthuri_casent0416250_profile_1.jpg,Platythyrea arthuri casent0416250 profile 1.jpg,4651bcf79c35f9d343b343a855ce06af74967f48,2009-10-19T14:31:31Z,exact,"harvester downscale, byte-identical","recovered by 14_commons_provenance.py: the Commons original after 06_harvest_commons.py's downscale (RGB, max 1024 px, JPEG quality 90)"
casent0416368,Anochetus,train,p,data/images/Anochetus/casent0416368_p.jpg,324197d5adc2410e07bdec003800d3e87e6fbf7c6a38a336a40dbc1de29cf96d,1024,676,108602,commons,https://upload.wikimedia.org/wikipedia/commons/2/26/Anochetus_goodmani_casent0416368_profile_1.jpg,Anochetus goodmani casent0416368 profile 1.jpg,69aa6c35bb468c487b636c336ce645bc3041facb,2009-10-21T11:24:05Z,exact,"harvester downscale, byte-identical","recovered by 14_commons_provenance.py: the Commons original after 06_harvest_commons.py's downscale (RGB, max 1024 px, JPEG quality 90)"
casent0419034,Technomyrmex,train,p,data/images/Technomyrmex/casent0419034_p.jpg,e64ebe6497616bc0e0f95bbc5233a654903a6cf13e18286ed8351e70ca768835,1024,771,130884,commons,https://upload.wikimedia.org/wikipedia/commons/5/5d/Technomyrmex_difficilis_casent0419034_profile_1.jpg,Technomyrmex difficilis casent0419034 profile 1.jpg,94a862cade5210bf86397c04d336e56dbe521261,2009-10-19T04:13:31Z,exact,"harvester downscale, byte-identical","recovered by 14_commons_provenance.py: the Commons original after 06_harvest_commons.py's downscale (RGB, max 1024 px, JPEG quality 90)"
casent0419194,Technomyrmex,train,p,data/images/Technomyrmex/casent0419194_p.jpg,fe2f7094c244c650900635585d98ad8ef0d031890ef48068b3218aa132597aef,1024,771,159439,commons,https://upload.wikimedia.org/wikipedia/commons/a/a9/Technomyrmex_difficilis_casent0419194_profile_1.jpg,Technomyrmex difficilis casent0419194 profile 1.jpg,b31909fc883b64a7d9c1d974a2f53b2952ea212f,2009-10-20T18:29:41Z,exact,"harvester downscale, byte-identical","recovered by 14_commons_provenance.py: the Commons original after 06_harvest_commons.py's downscale (RGB, max 1024 px, JPEG quality 90)"
casent0421554,Aphaenogaster,train,p,data/images/Aphaenogaster/casent0421554_p.jpg,69867d081a366d6d5cb1a7b5925804c0d1602d7307694058ec343a019fc24db9,1024,771,174731,commons,https://upload.wikimedia.org/wikipedia/commons/8/8c/Aphaenogaster_swammerdami_casent0421554_profile_1.jpg,Aphaenogaster swammerdami casent0421554 profile 1.jpg,3d1ad1f7a039cae496d095f3bc2101dd0b7002c8,2009-10-18T08:05:12Z,exact,"harvester downscale, byte-identical","recovered by 14_commons_provenance.py: the Commons original after 06_harvest_commons.py's downscale (RGB, max 1024 px, JPEG quality 90)"
casent0422630,Nesomyrmex,train,p,data/images/Nesomyrmex/casent0422630_p.jpg,7a40a6e907ef7953bbaff482bb667cebcf65095e6fcb6128d5f5542b791e3c0d,1024,699,167560,commons,https://upload.wikimedia.org/wikipedia/commons/5/51/Nesomyrmex_madecassus_casent0422630_profile_1.jpg,Nesomyrmex madecassus casent0422630 profile 1.jpg,265db81ecdbb9b075e1c14a85df29ced9ded4ece,2009-10-22T02:35:59Z,exact,"harvester downscale, byte-identical","recovered by 14_commons_provenance.py: the Commons original after 06_harvest_commons.py's downscale (RGB, max 1024 px, JPEG quality 90)"
casent0423124,Crematogaster,train,p,data/images/Crematogaster/casent0423124_p.jpg,098d3d676637c5ac4195d17bdb46e6670e9cc7b22b6a5082c0973891b33cef26,1024,1024,139954,gbif_cache,https://api.gbif.org/v1/image/cache/1024x1024/occurrence/865214557/media/4b05608f80c59efffc9c77bab1cfbf15,,,,,,GBIF image cache of https://www.antweb.org/images/casent0423124/casent0423124_p_1_high.jpg; download success recorded in download_status.csv; size variant (1024x1024 or original) not recorded
casent0429930,Mystrium,test,p,data/images/Mystrium/casent0429930_p.jpg,d7536474b944265675608ce6f75df5a24f877277a7e62ec21d237f816427a97a,934,808,200192,commons,https://upload.wikimedia.org/wikipedia/commons/a/a5/Mystrium_rogeri_casent0429930_profile_1.jpg,Mystrium rogeri casent0429930 profile 1.jpg,6cc74664c70955c933a15499bfbaf13b8601171d,2009-10-20T00:11:07Z,exact,"harvester downscale, byte-identical","recovered by 14_commons_provenance.py: the Commons original after 06_harvest_commons.py's downscale (RGB, max 1024 px, JPEG quality 90)"
casent0429953,Mystrium,train,p,data/images/Mystrium/casent0429953_p.jpg,b77672d0f1093ec0f00656ad8a4959b68443a16679ddce8d9788909e3c4cc35c,1023,808,156702,commons,https://upload.wikimedia.org/wikipedia/commons/1/1b/Mystrium_rogeri_casent0429953_profile_1.jpg,Mystrium rogeri casent0429953 profile 1.jpg,72420f289cabb54c8caf5cf57977c2473f9d6156,2009-10-19T05:39:10Z,exact,"harvester downscale, byte-identical","recovered by 14_commons_provenance.py: the Commons original after 06_harvest_commons.py's downscale (RGB, max 1024 px, JPEG quality 90)"
casent0429955,Mystrium,train,p,data/images/Mystrium/casent0429955_p.jpg,46c933d862d72d3f2b0ea7497f2456042da54fa0c946f3e188a8050e463e399e,1024,773,173965,commons,https://upload.wikimedia.org/wikipedia/commons/8/84/Mystrium_rogeri_casent0429955_profile_1.jpg,Mystrium rogeri casent0429955 profile 1.jpg,67cff6b964f6591db5009ae802ff50b1375b4d2e,2009-10-20T19:41:32Z,exact,"harvester downscale, byte-identical","recovered by 14_commons_provenance.py: the Commons original after 06_harvest_commons.py's downscale (RGB, max 1024 px, JPEG quality 90)"
casent0430421,Meranoplus,train,p,data/images/Meranoplus/casent0430421_p.jpg,736972f26c464d92615210542ae62cfbc88d61a1ffdb3fa40c45c07dc9fc3734,1024,802,182159,commons,https://upload.wikimedia.org/wikipedia/commons/c/c3/Meranoplus_mayri_casent0430421_profile_1.jpg,Meranoplus mayri casent0430421 profile 1.jpg,4fe6f5c5304e97e3ef0b4f6a21b963e06caf33dd,2009-10-18T11:35:57Z,exact,"harvester downscale, byte-identical","recovered by 14_commons_provenance.py: the Commons original after 06_harvest_commons.py's downscale (RGB, max 1024 px, JPEG quality 90)"
casent0430841,Syllophopsis,train,p,data/images/Syllophopsis/casent0430841_p.jpg,202ec55e02d3df4b59097496cc3f2a9374128aa87702dd9c5da5150605be2ea7,1024,760,177457,commons,https://upload.wikimedia.org/wikipedia/commons/5/53/Syllophopsis_fisheri_casent0430841_profile_1.jpg,Syllophopsis fisheri casent0430841 profile 1.jpg,5775ee535606c7cee17b5a4016fd957f54de05e8,2009-10-20T22:58:04Z,exact,"harvester downscale, byte-identical","recovered by 14_commons_provenance.py: the Commons original after 06_harvest_commons.py's downscale (RGB, max 1024 px, JPEG quality 90)"
casent0433301,Monomorium,train,p,data/images/Monomorium/casent0433301_p.jpg,11f5491643973b00290ba6cb19891568055188a0b780c97cff8d3d79bbb70fd8,1024,771,173823,commons,https://upload.wikimedia.org/wikipedia/commons/e/ea/Monomorium_versicolor_casent0433301_profile_1.jpg,Monomorium versicolor casent0433301 profile 1.jpg,f44faab1cc62064e541914ed7f2847606ff6da2b,2009-10-20T08:56:35Z,exact,"harvester downscale, byte-identical","recovered by 14_commons_provenance.py: the Commons original after 06_harvest_commons.py's downscale (RGB, max 1024 px, JPEG quality 90)"
casent0435387,Technomyrmex,test,p,data/images/Technomyrmex/casent0435387_p.jpg,542b83a322204f282d731da1d304f21138b2f91fb68f3e1164549afa44cdc075,1024,771,157750,commons,https://upload.wikimedia.org/wikipedia/commons/8/85/Technomyrmex_fisheri_casent0435387_profile_1.jpg,Technomyrmex fisheri casent0435387 profile 1.jpg,f6ad06dccedf88d992f0245f820dae078915dd48,2009-10-20T14:07:35Z,exact,"harvester downscale, byte-identical","recovered by 14_commons_provenance.py: the Commons original after 06_harvest_commons.py's downscale (RGB, max 1024 px, JPEG quality 90)"
casent0435450,Technomyrmex,train,p,data/images/Technomyrmex/casent0435450_p.jpg,f8dabc4dd477efae96ac344a458f060f50222d5c1bf1da7234af5681c6e6c503,1024,735,158798,commons,https://upload.wikimedia.org/wikipedia/commons/9/98/Technomyrmex_docens_casent0435450_profile_1.jpg,Technomyrmex docens casent0435450 profile 1.jpg,6e97ba9248f5fa64e024109d3276d252235609c5,2009-10-19T06:07:23Z,exact,"harvester downscale, byte-identical","recovered by 14_commons_provenance.py: the Commons original after 06_harvest_commons.py's downscale (RGB, max 1024 px, JPEG quality 90)"
casent0435894,Cataulacus,train,p,data/images/Cataulacus/casent0435894_p.jpg,2037cc8cef70c68877a113c2acb35bf829f3fecb07c713b6728ec78baafd8557,1024,731,157654,commons,https://upload.wikimedia.org/wikipedia/commons/d/d2/Cataulacus_oberthueri_casent0435894_profile_1.jpg,Cataulacus oberthueri casent0435894 profile 1.jpg,c45d1adbe9e08f1a1b4b2ab273c7a0c7d54538fa,2009-10-18T13:53:36Z,exact,"harvester downscale, byte-identical","recovered by 14_commons_provenance.py: the Commons original after 06_harvest_commons.py's downscale (RGB, max 1024 px, JPEG quality 90)"
casent0435903,Cataulacus,train,p,data/images/Cataulacus/casent0435903_p.jpg,85d6e0b3865176fe35d13a38369e850e9d7fcfa02bc2797f932d88e96e39161f,1024,773,143261,commons,https://upload.wikimedia.org/wikipedia/commons/6/66/Cataulacus_oberthueri_casent0435903_profile_1.jpg,Cataulacus oberthueri casent0435903 profile 1.jpg,f3e5fb51c0a53e742e71e2486f3c20ee7d90aa6b,2009-10-20T15:35:36Z,exact,"harvester downscale, byte-identical","recovered by 14_commons_provenance.py: the Commons original after 06_harvest_commons.py's downscale (RGB, max 1024 px, JPEG quality 90)"
casent0436719,Strumigenys,train,p,data/images/Strumigenys/casent0436719_p.jpg,217829172b4507d7abd6eacfc1ca1e6086673c7a80e29d85f46b5830549bb542,1024,772,174763,commons,https://upload.wikimedia.org/wikipedia/commons/d/d1/Strumigenys_chroa_casent0436719_profile_1.jpg,Strumigenys chroa casent0436719 profile 1.jpg,75ddee402938a12c9baa616c6cc6d81ced5aeeea,2009-10-19T09:10:38Z,exact,"harvester downscale, byte-identical","recovered by 14_commons_provenance.py: the Commons original after 06_harvest_commons.py's downscale (RGB, max 1024 px, JPEG quality 90)"
casent0439766,Technomyrmex,train,p,data/images/Technomyrmex/casent0439766_p.jpg,7999ff4d2b729a4637d586b11d15a7c729fa3846c9268f5889600ae071494555,1024,733,163497,commons,https://upload.wikimedia.org/wikipedia/commons/4/4a/Technomyrmex_docens_casent0439766_profile_1.jpg,Technomyrmex docens casent0439766 profile 1.jpg,503591f1e30aeadc6a0bdcc6a97c93b48ca8dce0,2009-10-22T19:51:01Z,exact,"harvester downscale, byte-identical","recovered by 14_commons_provenance.py: the Commons original after 06_harvest_commons.py's downscale (RGB, max 1024 px, JPEG quality 90)"
casent0442208,Monomorium,test,p,data/images/Monomorium/casent0442208_p.jpg,942264c4d42d170e274d54be72839e31d152b70a25c8f22c8b7f1f4622ac445b,1024,771,169307,commons,https://upload.wikimedia.org/wikipedia/commons/5/5f/Monomorium_lepidum_casent0442208_profile_1.jpg,Monomorium lepidum casent0442208 profile 1.jpg,11312876a2827fe67791efe8e850a79d40db803e,2009-10-21T01:05:49Z,exact,"harvester downscale, byte-identical","recovered by 14_commons_provenance.py: the Commons original after 06_harvest_commons.py's downscale (RGB, max 1024 px, JPEG quality 90)"
casent0442524,Monomorium,train,p,data/images/Monomorium/casent0442524_p.jpg,82e0bb13aae5878b4942308560126c97183f3845d67d4547eed9c9e3a491567f,1024,737,169595,commons,https://upload.wikimedia.org/wikipedia/commons/7/7c/Monomorium_versicolor_casent0442524_profile_1.jpg,Monomorium versicolor casent0442524 profile 1.jpg,5f18a37b5350d43fb9857aa7d37be0f373b5c830,2009-10-22T16:21:03Z,exact,"harvester downscale, byte-identical","recovered by 14_commons_provenance.py: the Commons original after 06_harvest_commons.py's downscale (RGB, max 1024 px, JPEG quality 90)"
casent0443365,Technomyrmex,test,p,data/images/Technomyrmex/casent0443365_p.jpg,d3f9ebaea42a94f1697597c14a1d3d462b1864f19a4a30b551e19e76cdc50a99,1024,728,153353,commons,https://upload.wikimedia.org/wikipedia/commons/5/51/Technomyrmex_innocens_casent0443365_profile_1.jpg,Technomyrmex innocens casent0443365 profile 1.jpg,b6de72b6833a828c538d698dcfc1b4e98f2e4c42,2009-10-19T08:39:23Z,exact,"harvester downscale, byte-identical","recovered by 14_commons_provenance.py: the Commons original after 06_harvest_commons.py's downscale (RGB, max 1024 px, JPEG quality 90)"
casent0443515,Nesomyrmex,train,p,data/images/Nesomyrmex/casent0443515_p.jpg,179a00da14ed3191865e8272306ae8adf60c8d6e6c6441be69337d1a0d3f29eb,1024,1024,113146,gbif_cache,https://api.gbif.org/v1/image/cache/1024x1024/occurrence/865219079/media/b53c57504d8184e1e2adc31e768f3482,,,,,,GBIF image cache of https://www.antweb.org/images/casent0443515/casent0443515_p_1_high.jpg; download success recorded in download_status.csv; size variant (1024x1024 or original) not recorded
casent0446582,Terataner,train,p,data/images/Terataner/casent0446582_p.jpg,3c2f1420675cee8c8367c0083ebbc200e298963fce6567222cd578ffb994bcf6,1024,771,207411,commons,https://upload.wikimedia.org/wikipedia/commons/a/a4/Terataner_rufipes_casent0446582_profile_1.jpg,Terataner rufipes casent0446582 profile 1.jpg,ac359f48f8e272314df896405a93a87030f30915,2009-10-19T01:05:04Z,exact,"harvester downscale, byte-identical","recovered by 14_commons_provenance.py: the Commons original after 06_harvest_commons.py's downscale (RGB, max 1024 px, JPEG quality 90)"
casent0447670,Anochetus,train,p,data/images/Anochetus/casent0447670_p.jpg,d1dce4ec45d7c2f731d84bdd58f9f30b78e105b2d538fd23db1e882029cd68b9,1024,796,141412,commons,https://upload.wikimedia.org/wikipedia/commons/e/e8/Anochetus_madagascarensis_casent0447670_profile_1.jpg,Anochetus madagascarensis casent0447670 profile 1.jpg,b36a5036d6596f7fd807b11c6871b58226c2eadb,2009-10-21T12:59:50Z,exact,"harvester downscale, byte-identical","recovered by 14_commons_provenance.py: the Commons original after 06_harvest_commons.py's downscale (RGB, max 1024 px, JPEG quality 90)"
casent0451074,Technomyrmex,train,p,data/images/Technomyrmex/casent0451074_p.jpg,43a8247029374eadcc95acbe865fcd425255253aaa962236840eb548c6cf2bc1,1024,771,154217,commons,https://upload.wikimedia.org/wikipedia/commons/6/67/Technomyrmex_voeltzkowi_casent0451074_profile_1.jpg,Technomyrmex voeltzkowi casent0451074 profile 1.jpg,0d389c4b3f348da9c78429251f73404362b98152,2009-10-18T22:05:48Z,exact,"harvester downscale, byte-identical","recovered by 14_commons_provenance.py: the Commons original after 06_harvest_commons.py's downscale (RGB, max 1024 px, JPEG quality 90)"
casent0451572,Bothroponera,train,p,data/images/Bothroponera/casent0451572_p.jpg,49e3e09099d2700e26d6504851b4a5f0a0d9a83cf94ec3e916b50867727f243a,1024,704,159540,commons,https://upload.wikimedia.org/wikipedia/commons/1/1c/Pachycondyla_cambouei_casent0451572_profile_1.jpg,Pachycondyla cambouei casent0451572 profile 1.jpg,fd96158c7ad42d95c1eb319db9dcee64707f4a5a,2009-10-18T09:59:25Z,exact,"harvester downscale, byte-identical","recovered by 14_commons_provenance.py: the Commons original after 06_harvest_commons.py's downscale (RGB, max 1024 px, JPEG quality 90)"
casent0453961,Tapinoma,train,p,data/images/Tapinoma/casent0453961_p.jpg,2cab73d9b9e02500dd3c2aa82111818dcfdf0b769e712c5a31678685d679c461,1024,654,134059,commons,https://upload.wikimedia.org/wikipedia/commons/9/99/Tapinoma_subtile_casent0453961_profile_1.jpg,Tapinoma subtile casent0453961 profile 1.jpg,fc50d6a4eaba12619f4dec8010d3170d70c887ce,2009-10-21T03:33:44Z,exact,"harvester downscale, byte-identical","recovered by 14_commons_provenance.py: the Commons original after 06_harvest_commons.py's downscale (RGB, max 1024 px, JPEG quality 90)"
casent0453991,Tapinoma,test,p,data/images/Tapinoma/casent0453991_p.jpg,7b2762c25372842f9c232740da19a29a3cda563e05d58a45dad43829a7c57a88,1024,694,148956,commons,https://upload.wikimedia.org/wikipedia/commons/3/31/Tapinoma_subtile_casent0453991_profile_1.jpg,Tapinoma subtile casent0453991 profile 1.jpg,d8db30fff9d55c6cfe3fa77956d41b0fe6a40cae,2009-10-20T06:39:46Z,exact,"harvester downscale, byte-identical","recovered by 14_commons_provenance.py: the Commons original after 06_harvest_commons.py's downscale (RGB, max 1024 px, JPEG quality 90)"
casent0454495,Tetramorium,test,p,data/images/Tetramorium/casent0454495_p.jpg,95ad3b23b0a2ef9b27cc24859bcd078f0cccac204673697398a2abba7997e24a,1024,1024,147536,gbif_cache,https://api.gbif.org/v1/image/cache/1024x1024/occurrence/865221177/media/5b7533af71011c32695de21ac7b94333,,,,,,GBIF image cache of https://www.antweb.org/images/casent0454495/casent0454495_p_1_high.jpg; download success recorded in download_status.csv; size variant (1024x1024 or original) not recorded
casent0455428,Nesomyrmex,train,p,data/images/Nesomyrmex/casent0455428_p.jpg,ffa71c8eeea6cd3bc163d1ff5d889f07132683733b72ca4a1cf934eaac11c2db,1024,1024,121489,gbif_cache,https://api.gbif.org/v1/image/cache/1024x1024/occurrence/865220485/media/ae126f6397896980877f972ef2724acc,,,,,,GBIF image cache of https://www.antweb.org/images/casent0455428/casent0455428_p_1_high.jpg; download success recorded in download_status.csv; size variant (1024x1024 or original) not recorded
casent0456151,Strumigenys,train,p,data/images/Strumigenys/casent0456151_p.jpg,310be3e07239a765a50ec2fd03887eefd22b0eff819da74c3350ecfeca38aaea,1024,771,153180,commons,https://upload.wikimedia.org/wikipedia/commons/b/b3/Strumigenys_exiguaevitae_casent0456151_profile_1.jpg,Strumigenys exiguaevitae casent0456151 profile 1.jpg,4bcfb61060a604845ba68e95ca129806bd47d614,2009-10-21T13:22:37Z,exact,"harvester downscale, byte-identical","recovered by 14_commons_provenance.py: the Commons original after 06_harvest_commons.py's downscale (RGB, max 1024 px, JPEG quality 90)"
casent0456886,Tapinoma,train,p,data/images/Tapinoma/casent0456886_p.jpg,5526d8101a0cef001c79e66fb18561e2bf808f5b637740b2d72e0a9c31de9ebe,1024,771,151967,commons,https://upload.wikimedia.org/wikipedia/commons/3/3c/Technomyrmex_pallipes_casent0456886_profile_1.jpg,Technomyrmex pallipes casent0456886 profile 1.jpg,59f8eabb07c85ae5759d69ed7319b2fc817533e7,2009-10-20T16:50:23Z,exact,"harvester downscale, byte-identical","recovered by 14_commons_provenance.py: the Commons original after 06_harvest_commons.py's downscale (RGB, max 1024 px, JPEG quality 90)"
casent0467063,Tetramorium,test,p,data/images/Tetramorium/casent0467063_p.jpg,31b62264e78b475be210d412f87ef82f8ca67b4c4069c182122bb91988186c93,1024,771,148243,commons,https://upload.wikimedia.org/wikipedia/commons/d/d0/Tetramorium_kelleri_casent0467063_profile_1.jpg,Tetramorium kelleri casent0467063 profile 1.jpg,a3c3b47b52ac839f3e41c403e33664e48b456e05,2009-10-19T10:21:59Z,exact,"harvester downscale, byte-identical","recovered by 14_commons_provenance.py: the Commons original after 06_harvest_commons.py's downscale (RGB, max 1024 px, JPEG quality 90)"
casent0470383,Monomorium,train,p,data/images/Monomorium/casent0470383_p.jpg,ad2decb59d2c7645f469eba1515f33172d78b1f1b0313bddb91673392718a172,1024,713,155263,commons,https://upload.wikimedia.org/wikipedia/commons/4/41/Monomorium_termitobium_casent0470383_profile_1.jpg,Monomorium termitobium casent0470383 profile 1.jpg,40d1d57f60cc36a58708c2a9dfa951a4c824e71b,2009-10-19T14:55:48Z,exact,"harvester downscale, byte-identical","recovered by 14_commons_provenance.py: the Commons original after 06_harvest_commons.py's downscale (RGB, max 1024 px, JPEG quality 90)"
casent0470747,Monomorium,test,p,data/images/Monomorium/casent0470747_p.jpg,3baaa3e696de12c69074b20eb501acd4a395ae28bc144fb52f1ad417a3b6921e,1024,769,163759,commons,https://upload.wikimedia.org/wikipedia/commons/9/97/Monomorium_exiguum_casent0470747_profile_1.jpg,Monomorium exiguum casent0470747 profile 1.jpg,c291d8d83580bf08230a809440c6e57b2e6cec95,2009-10-21T03:09:15Z,exact,"harvester downscale, byte-identical","recovered by 14_commons_provenance.py: the Commons original after 06_harvest_commons.py's downscale (RGB, max 1024 px, JPEG quality 90)"
casent0475908,Monomorium,train,p,data/images/Monomorium/casent0475908_p.jpg,8ec1613ef1751dd34b81d0146503bf49f44ba5bcd36b9394c255128995ff7a57,1024,711,154068,commons,https://upload.wikimedia.org/wikipedia/commons/8/8b/Monomorium_sakalavum_casent0475908_profile_1.jpg,Monomorium sakalavum casent0475908 profile 1.jpg,0596b07a781219df3da105a8c00288e2fa79f61e,2009-10-20T17:23:37Z,exact,"harvester downscale, byte-identical","recovered by 14_commons_provenance.py: the Commons original after 06_harvest_commons.py's downscale (RGB, max 1024 px, JPEG quality 90)"
casent0478937,Syllophopsis,train,p,data/images/Syllophopsis/casent0478937_p.jpg,bd75559b819cc30641845164d35a7e99dc4c73f5f336b6ebfb8d44ac886f004c,1024,758,177476,commons,https://upload.wikimedia.org/wikipedia/commons/1/17/Monomorium_ferodens_casent0478937_profile_1.jpg,Monomorium ferodens casent0478937 profile 1.jpg,307f7fcd2a038900682e67473a6e92b68275b81b,2009-10-20T18:30:44Z,exact,"harvester downscale, byte-identical","recovered by 14_commons_provenance.py: the Commons original after 06_harvest_commons.py's downscale (RGB, max 1024 px, JPEG quality 90)"
casent0481865,Monomorium,train,p,data/images/Monomorium/casent0481865_p.jpg,9f34a9c18e5a06ef9c3f0b4c9bffee58ad263a013df0fe89d3cdd1dcf5f2fd81,1024,771,179466,commons,https://upload.wikimedia.org/wikipedia/commons/3/30/Trichomyrmex_destructor_casent0481865_profile_1.jpg,Trichomyrmex destructor casent0481865 profile 1.jpg,b30fb9917ed46900b4b8b93d8244edd3aba568cf,2009-10-20T06:30:53Z,exact,"harvester downscale, byte-identical","recovered by 14_commons_provenance.py: the Commons original after 06_harvest_commons.py's downscale (RGB, max 1024 px, JPEG quality 90)"
casent0481867,Monomorium,train,p,data/images/Monomorium/casent0481867_p.jpg,3370ceb91e9d2b8c269012ab54f7cea9994a4b6c0a998364f141340f0c3decce,1024,780,179482,commons,https://upload.wikimedia.org/wikipedia/commons/3/3f/Trichomyrmex_destructor_casent0481867_profile_1.jpg,Trichomyrmex destructor casent0481867 profile 1.jpg,6f212560503495bc48b7e70fd7ca031b63792f52,2009-10-21T18:38:20Z,exact,"harvester downscale, byte-identical","recovered by 14_commons_provenance.py: the Commons original after 06_harvest_commons.py's downscale (RGB, max 1024 px, JPEG quality 90)"
casent0481871,Monomorium,train,p,data/images/Monomorium/casent0481871_p.jpg,35733591d6530b91e08ebc281ab06eb63c831b73a5be0fe1f83a5918e469930e,959,808,199761,commons,https://upload.wikimedia.org/wikipedia/commons/d/dc/Monomorium_floricola_casent0481871_profile_1.jpg,Monomorium floricola casent0481871 profile 1.jpg,912806f5e35b375dee319809b8ad89fae76c1650,2009-10-22T02:25:34Z,exact,"harvester downscale, byte-identical","recovered by 14_commons_provenance.py: the Commons original after 06_harvest_commons.py's downscale (RGB, max 1024 px, JPEG quality 90)"
casent0485349,Technomyrmex,train,p,data/images/Technomyrmex/casent0485349_p.jpg,9563178b63ddb800c75addaf54da9175e62a32214c7d67d71a036ad87fa0da56,1024,771,168465,commons,https://upload.wikimedia.org/wikipedia/commons/3/32/Technomyrmex_fisheri_casent0485349_profile_1.jpg,Technomyrmex fisheri casent0485349 profile 1.jpg,44f2747d7f0ee8d10955e396cbe6ee984630bd3a,2009-10-19T04:14:43Z,exact,"harvester downscale, byte-identical","recovered by 14_commons_provenance.py: the Commons original after 06_harvest_commons.py's downscale (RGB, max 1024 px, JPEG quality 90)"
casent0485542,Technomyrmex,train,p,data/images/Technomyrmex/casent0485542_p.jpg,565c263ace65a75e4f9cf8801a17e99ad1681a5491167dce8659a2f907ffd487,1024,771,165631,commons,https://upload.wikimedia.org/wikipedia/commons/4/43/Technomyrmex_innocens_casent0485542_profile_1.jpg,Technomyrmex innocens casent0485542 profile 1.jpg,43a89f7ff9c9c5d668093c0da0b555baf0dde91d,2009-10-21T22:51:11Z,exact,"harvester downscale, byte-identical","recovered by 14_commons_provenance.py: the Commons original after 06_harvest_commons.py's downscale (RGB, max 1024 px, JPEG quality 90)"
casent0486683,Meranoplus,train,p,data/images/Meranoplus/casent0486683_p.jpg,bcb010abfe5c525421012e7bace2fa67ddf651ae6aead33dd6590545fa4e19e8,1024,1024,174374,gbif_cache,https://api.gbif.org/v1/image/cache/1024x1024/occurrence/865225106/media/f790f9cb50d020a0f57c5cd6de947926,,,,,,GBIF image cache of https://www.antweb.org/images/casent0486683/casent0486683_p_2_high.jpg; download success recorded in download_status.csv; size variant (1024x1024 or original) not recorded
casent0486686,Meranoplus,train,p,data/images/Meranoplus/casent0486686_p.jpg,572bef01df5fbb337693a6b0f8560f9f87195f0f535ebcdcf75b04e41bcee087,1024,805,251194,commons,https://upload.wikimedia.org/wikipedia/commons/e/e6/Meranoplus_radamae_casent0486686_profile_1.jpg,Meranoplus radamae casent0486686 profile 1.jpg,31b2a4818222f1cf0cf74769069270bdd193a73c,2009-10-20T04:02:45Z,exact,"harvester downscale, byte-identical","recovered by 14_commons_provenance.py: the Commons original after 06_harvest_commons.py's downscale (RGB, max 1024 px, JPEG quality 90)"
casent0487130,Nesomyrmex,train,p,data/images/Nesomyrmex/casent0487130_p.jpg,ca758ea17a7a52393ce381cbab7e3019163a6bd05af5f39fc8aabd6eeb3a8779,1024,723,177284,commons,https://upload.wikimedia.org/wikipedia/commons/c/c1/Nesomyrmex_madecassus_casent0487130_profile_1.jpg,Nesomyrmex madecassus casent0487130 profile 1.jpg,adb6bfa7cb4c52a8510f98e5c160b09019f48612,2009-10-21T03:19:41Z,exact,"harvester downscale, byte-identical","recovered by 14_commons_provenance.py: the Commons original after 06_harvest_commons.py's downscale (RGB, max 1024 px, JPEG quality 90)"
casent0487142,Nesomyrmex,train,p,data/images/Nesomyrmex/casent0487142_p.jpg,06c60e83ecb18775bc13907a6f2f5b37ef6e3592b8b8cad65304d4c76f6d9616,1024,693,172169,commons,https://upload.wikimedia.org/wikipedia/commons/1/1f/Nesomyrmex_madecassus_casent0487142_profile_1.jpg,Nesomyrmex madecassus casent0487142 profile 1.jpg,cdb71add1c679abcb50d52083c4921596eb9e8f5,2009-10-22T06:51:03Z,exact,"harvester downscale, byte-identical","recovered by 14_commons_provenance.py: the Commons original after 06_harvest_commons.py's downscale (RGB, max 1024 px, JPEG quality 90)"
casent0487553,Cataulacus,test,p,data/images/Cataulacus/casent0487553_p.jpg,e5e5e5d191d0a8f9feae298b1b641e1f5449bcaaff4dcb70e17ccd4065e21474,978,808,172257,commons,https://upload.wikimedia.org/wikipedia/commons/9/9c/Cataulacus_ebrardi_casent0487553_profile_1.jpg,Cataulacus ebrardi casent0487553 profile 1.jpg,2811b305d72c22cbc95c3361f74df85c07503eb3,2009-10-20T06:19:25Z,exact,"harvester downscale, byte-identical","recovered by 14_commons_provenance.py: the Commons original after 06_harvest_commons.py's downscale (RGB, max 1024 px, JPEG quality 90)"
casent0487725,Camponotus,train,p,data/images/Camponotus/casent0487725_p.jpg,dc8bf320025f04824eb657f8d55ef181096bd4599db85c51acb7b89a537f5fa3,1024,1024,163920,gbif_cache,https://api.gbif.org/v1/image/cache/1024x1024/occurrence/865226279/media/07e5d9fcc32f81799851243676bd65b2,,,,,,GBIF image cache of https://www.antweb.org/images/casent0487725/casent0487725_p_1_high.jpg; download success recorded in download_status.csv; size variant (1024x1024 or original) not recorded
casent0487769,Cataulacus,train,p,data/images/Cataulacus/casent0487769_p.jpg,8c9d5c703722eda71c043fc161424e0c7a06528322239c9df82e28eccb792f9b,1024,731,160981,commons,https://upload.wikimedia.org/wikipedia/commons/f/f4/Cataulacus_regularis_casent0487769_profile_1.jpg,Cataulacus regularis casent0487769 profile 1.jpg,2f677d426f7f5aa4e4621b7008656a2ae03c10c0,2009-10-22T14:18:09Z,exact,"harvester downscale, byte-identical","recovered by 14_commons_provenance.py: the Commons original after 06_harvest_commons.py's downscale (RGB, max 1024 px, JPEG quality 90)"
casent0487770,Cataulacus,train,p,data/images/Cataulacus/casent0487770_p.jpg,29f50183f79459c52bcae43f806f68561b9c42b5f5d08087609402f8e380eb89,1024,771,162926,commons,https://upload.wikimedia.org/wikipedia/commons/0/09/Cataulacus_regularis_casent0487770_profile_1.jpg,Cataulacus regularis casent0487770 profile 1.jpg,36a7872527b54a09fef75c264281878fc7157ddf,2009-10-21T22:20:33Z,exact,"harvester downscale, byte-identical","recovered by 14_commons_provenance.py: the Commons original after 06_harvest_commons.py's downscale (RGB, max 1024 px, JPEG quality 90)"
casent0487847,Pachycondyla,train,p,data/images/Pachycondyla/casent0487847_p.jpg,6830015fa4525dd915eee5fcc1dfbfb76f44c78159a4d1da227b5b03055b748b,956,808,157920,commons,https://upload.wikimedia.org/wikipedia/commons/4/4b/Pachycondyla_sikorae_casent0487847_profile_1.jpg,Pachycondyla sikorae casent0487847 profile 1.jpg,0d8617443b466da8217009ebce94408640cb8c44,2009-10-19T13:31:13Z,exact,"harvester downscale, byte-identical","recovered by 14_commons_provenance.py: the Commons original after 06_harvest_commons.py's downscale (RGB, max 1024 px, JPEG quality 90)"
casent0489647,Aphaenogaster,train,p,data/images/Aphaenogaster/casent0489647_p.jpg,5942e35e733059aa125291673696f95c14e3fcc5d64848c7871413987ecb857e,1024,712,185113,commons,https://upload.wikimedia.org/wikipedia/commons/0/08/Aphaenogaster_swammerdami_casent0489647_profile_1.jpg,Aphaenogaster swammerdami casent0489647 profile 1.jpg,4453df1b79bfc0bbc7b4bb4d3d209806f53724a0,2009-10-21T13:44:31Z,exact,"harvester downscale, byte-identical","recovered by 14_commons_provenance.py: the Commons original after 06_harvest_commons.py's downscale (RGB, max 1024 px, JPEG quality 90)"
casent0490190,Monomorium,train,p,data/images/Monomorium/casent0490190_p.jpg,8a1462abf43e3c31284ad503cd978933691f1324b4ff3d1010fc716c11dfe883,1024,784,187243,commons,https://upload.wikimedia.org/wikipedia/commons/c/c2/Monomorium_madecassum_casent0490190_profile_1.jpg,Monomorium madecassum casent0490190 profile 1.jpg,f62f2450b9ad7894e322b15dacb3526e2f005a7f,2009-10-20T03:50:01Z,exact,"harvester downscale, byte-identical","recovered by 14_commons_provenance.py: the Commons original after 06_harvest_commons.py's downscale (RGB, max 1024 px, JPEG quality 90)"
casent0491274,Cataulacus,train,p,data/images/Cataulacus/casent0491274_p.jpg,36fe099b3c806270baa90ad622a4ccec594cbeaa33a40b8c17c39dafdb820bb6,1024,771,183326,commons,https://upload.wikimedia.org/wikipedia/commons/2/29/Cataulacus_ebrardi_casent0491274_profile_1.jpg,Cataulacus ebrardi casent0491274 profile 1.jpg,edac858348a06bf5af442a02cca0ebe341b2f1ab,2009-10-18T10:32:44Z,exact,"harvester downscale, byte-identical","recovered by 14_commons_provenance.py: the Commons original after 06_harvest_commons.py's downscale (RGB, max 1024 px, JPEG quality 90)"
casent0491318,Cataulacus,train,p,data/images/Cataulacus/casent0491318_p.jpg,0aad3222db42f093edea029ba98d6aba7b312574e56905e00b9da11cc7edfd49,1024,745,184159,commons,https://upload.wikimedia.org/wikipedia/commons/4/44/Cataulacus_ebrardi_casent0491318_profile_1.jpg,Cataulacus ebrardi casent0491318 profile 1.jpg,7063c913a6112b739feddfcc1a9c2cceac771fea,2009-10-20T17:36:54Z,exact,"harvester downscale, byte-identical","recovered by 14_commons_provenance.py: the Commons original after 06_harvest_commons.py's downscale (RGB, max 1024 px, JPEG quality 90)"
casent0491427,Pheidole,train,p,data/images/Pheidole/casent0491427_p.jpg,6c9ef1958b8db821eb14080778d47d5295648533c0bb02d8c5920e208ddbc3d9,1024,1024,130816,gbif_cache,https://api.gbif.org/v1/image/cache/1024x1024/occurrence/2416978497/media/45d6e97bee8bb096e9266757f20098de,,,,,,GBIF image cache of https://www.antweb.org/images/casent0491427/casent0491427_p_1_high.jpg; download success recorded in download_status.csv; size variant (1024x1024 or original) not recorded
casent0491610,Syllophopsis,train,p,data/images/Syllophopsis/casent0491610_p.jpg,051b0676ab93e07cb42ab9ce06913403c4cad8338c6c3923bdb80c20b592f7aa,997,808,214868,commons,https://upload.wikimedia.org/wikipedia/commons/2/27/Syllophopsis_fisheri_casent0491610_profile_1.jpg,Syllophopsis fisheri casent0491610 profile 1.jpg,bfe3bee6a27a1c9d7433a5c7e4b758bd7eef2ad1,2009-10-20T03:28:20Z,exact,"harvester downscale, byte-identical","recovered by 14_commons_provenance.py: the Commons original after 06_harvest_commons.py's downscale (RGB, max 1024 px, JPEG quality 90)"
casent0492794,Tetramorium,train,p,data/images/Tetramorium/casent0492794_p.jpg,260ad5340b2da826e90e0f1385e42fd53488a8ff10bf459a267c696755fd072d,1024,1024,93804,gbif_cache,https://api.gbif.org/v1/image/cache/1024x1024/occurrence/865228573/media/1e75d8d9ad87cdfe840bef23e3643522,,,,,,GBIF image cache of https://www.antweb.org/images/casent0492794/casent0492794_p_1_high.jpg; download success recorded in download_status.csv; size variant (1024x1024 or original) not recorded
casent0492837,Crematogaster,train,p,data/images/Crematogaster/casent0492837_p.jpg,831222a8ceaf0b2d8ee8d44528f2d8a9d1eda26c546f0ff11def7c19326e6818,1024,1024,120190,gbif_cache,https://api.gbif.org/v1/image/cache/1024x1024/occurrence/865228209/media/9c629f93c81fdfc7e1be775971d2a90e,,,,,,GBIF image cache of https://www.antweb.org/images/casent0492837/casent0492837_p_1_high.jpg; download success recorded in download_status.csv; size variant (1024x1024 or original) not recorded
casent0492888,Camponotus,train,p,data/images/Camponotus/casent0492888_p.jpg,df5d8b83e6f19028dfbb9a805e890c13973fe60fcfe59c91d02721b304f24999,1024,1024,145204,gbif_cache,https://api.gbif.org/v1/image/cache/1024x1024/occurrence/865228737/media/73e428b64f12d5a667dc9f40153bd7d0,,,,,,GBIF image cache of https://www.antweb.org/images/casent0492888/casent0492888_p_1_high.jpg; download success recorded in download_status.csv; size variant (1024x1024 or original) not recorded
casent0494141,Hypoponera,train,p,data/images/Hypoponera/casent0494141_p.jpg,d212615ed2d1e5679c4a5e7edb8959f05035b2bd0ede89cc4382f092c9abc36d,1024,798,165082,commons,https://upload.wikimedia.org/wikipedia/commons/8/89/Hypoponera_sakalava_casent0494141_profile_1.jpg,Hypoponera sakalava casent0494141 profile 1.jpg,db36b2cc7048a144b8c99a09129e5282c85b02d8,2009-10-19T07:22:21Z,exact,"harvester downscale, byte-identical","recovered by 14_commons_provenance.py: the Commons original after 06_harvest_commons.py's downscale (RGB, max 1024 px, JPEG quality 90)"
casent0494149,Tetramorium,train,p,data/images/Tetramorium/casent0494149_p.jpg,a6668a1f64d6c9915d5446bc325af6af9657dd241b04f9541493d62abd6907f2,1024,771,191681,commons,https://upload.wikimedia.org/wikipedia/commons/f/f2/Tetramorium_severini_casent0494149_profile_1.jpg,Tetramorium severini casent0494149 profile 1.jpg,8ec9f7526dde1f4920cca0e1031539d1ffa516e5,2009-10-20T06:51:23Z,exact,"harvester downscale, byte-identical","recovered by 14_commons_provenance.py: the Commons original after 06_harvest_commons.py's downscale (RGB, max 1024 px, JPEG quality 90)"
casent0494701,Pheidole,train,p,data/images/Pheidole/casent0494701_p.jpg,c60a5709e14b7d798e485a5aa4ef23d19136693dda63a73795dab9da480ce7de,1024,771,163806,commons,https://upload.wikimedia.org/wikipedia/commons/b/be/Pheidole_longispinosa_casent0494701_profile_1.jpg,Pheidole longispinosa casent0494701 profile 1.jpg,6b04da91d1c769c167c295f5075c778fd61a9498,2009-10-21T11:25:30Z,exact,"harvester downscale, byte-identical","recovered by 14_commons_provenance.py: the Commons original after 06_harvest_commons.py's downscale (RGB, max 1024 px, JPEG quality 90)"
casent0495513,Bothroponera,train,p,data/images/Bothroponera/casent0495513_p.jpg,807e446a129b3b01e320e8d66a42e97d8f8a19f70f4f76af7baaf2177d1c9cab,1024,745,187782,commons,https://upload.wikimedia.org/wikipedia/commons/1/1a/Pachycondyla_cambouei_casent0495513_profile_1.jpg,Pachycondyla cambouei casent0495513 profile 1.jpg,c3de79db7d64bfe83937d873c8861af42b4895fb,2009-10-21T03:58:11Z,exact,"harvester downscale, byte-identical","recovered by 14_commons_provenance.py: the Commons original after 06_harvest_commons.py's downscale (RGB, max 1024 px, JPEG quality 90)"
casent0497202,Pachycondyla,train,p,data/images/Pachycondyla/casent0497202_p.jpg,ad90ca7ae1ce39f18ee3988bdca8b4e9819c1096b2a796a8e438974a540149f4,1024,719,202521,commons,https://upload.wikimedia.org/wikipedia/commons/1/19/Pachycondyla_sikorae_casent0497202_profile_1.jpg,Pachycondyla sikorae casent0497202 profile 1.jpg,370c0cd480fc8359a30e9d963e4ce46f39ac6d28,2009-10-21T12:12:36Z,exact,"harvester downscale, byte-identical","recovered by 14_commons_provenance.py: the Commons original after 06_harvest_commons.py's downscale (RGB, max 1024 px, JPEG quality 90)"
casent0497580,Anochetus,train,p,data/images/Anochetus/casent0497580_p.jpg,114ce488efb78d13187b65326d2547543f54f2142c55a23eabb0fb4723386f8c,1024,771,147499,commons,https://upload.wikimedia.org/wikipedia/commons/6/6f/Anochetus_grandidieri_casent0497580_profile_1.jpg,Anochetus grandidieri casent0497580 profile 1.jpg,c1d323aacb4bf553c46e48b004b6dc6e37c70ebf,2009-10-21T15:25:42Z,exact,"harvester downscale, byte-identical","recovered by 14_commons_provenance.py: the Commons original after 06_harvest_commons.py's downscale (RGB, max 1024 px, JPEG quality 90)"
casent0497789,Platythyrea,train,p,data/images/Platythyrea/casent0497789_p.jpg,73b1a7b29df1099ae258150118934da84db190138b5b3394d20da8cab81b102b,1024,771,132922,commons,https://upload.wikimedia.org/wikipedia/commons/4/45/Platythyrea_bicuspis_casent0497789_profile_1.jpg,Platythyrea bicuspis casent0497789 profile 1.jpg,8c856b39d63c0e4cf5ed19fa6356f54520a296bb,2009-10-22T07:45:24Z,exact,"harvester downscale, byte-identical","recovered by 14_commons_provenance.py: the Commons original after 06_harvest_commons.py's downscale (RGB, max 1024 px, JPEG quality 90)"
casent0498309,Anochetus,train,p,data/images/Anochetus/casent0498309_p.jpg,deaad0eb855855651594df1a7afd1c8eef8877f9e760bdc101fcd63f543e2240,1024,771,149709,commons,https://upload.wikimedia.org/wikipedia/commons/2/2e/Anochetus_goodmani_casent0498309_profile_1.jpg,Anochetus goodmani casent0498309 profile 1.jpg,17fb62f00c46876b8f5a9e9b5890e554ae46fb13,2009-10-21T00:40:13Z,exact,"harvester downscale, byte-identical","recovered by 14_commons_provenance.py: the Commons original after 06_harvest_commons.py's downscale (RGB, max 1024 px, JPEG quality 90)"
casent0498428,Aphaenogaster,train,p,data/images/Aphaenogaster/casent0498428_p.jpg,3f60dafb09ee7a2b732df1b37b6605af300980e251dec9141e54a722845e46c6,1024,771,180200,commons,https://upload.wikimedia.org/wikipedia/commons/a/ad/Aphaenogaster_swammerdami_casent0498428_profile_1.jpg,Aphaenogaster swammerdami casent0498428 profile 1.jpg,c2752319c0bee9cbe69a945783f7580b767bb65e,2009-10-19T05:01:16Z,exact,"harvester downscale, byte-identical","recovered by 14_commons_provenance.py: the Commons original after 06_harvest_commons.py's downscale (RGB, max 1024 px, JPEG quality 90)"
casent0498535,Platythyrea,train,p,data/images/Platythyrea/casent0498535_p.jpg,e6de58e376ab81565411961b2d867ef21323904da161d3ffadd7f620ffd9ca7c,1024,746,146179,commons,https://upload.wikimedia.org/wikipedia/commons/3/3c/Platythyrea_arthuri_casent0498535_profile_1.jpg,Platythyrea arthuri casent0498535 profile 1.jpg,ea50291d86566223469e7ef3fc14f6e3e2f53204,2009-10-20T10:45:46Z,exact,"harvester downscale, byte-identical","recovered by 14_commons_provenance.py: the Commons original after 06_harvest_commons.py's downscale (RGB, max 1024 px, JPEG quality 90)"
casent0498558,Cataulacus,train,p,data/images/Cataulacus/casent0498558_p.jpg,01b44f48d80dc4a2e317ee11e020b632809b22292dc7672fadc68d85c13a9a09,1024,1024,133822,gbif_cache,https://api.gbif.org/v1/image/cache/1024x1024/occurrence/865231951/media/96bbe49d6787246aa7e633b1920b1bb5,,,,,,GBIF image cache of https://www.antweb.org/images/casent0498558/casent0498558_p_1_high.jpg; download success recorded in download_status.csv; size variant (1024x1024 or original) not recorded
casent0498567,Cataulacus,test,p,data/images/Cataulacus/casent0498567_p.jpg,43d8eb89416eda0acabf938a771ac0a0fda3dade4badac5a96034b602896d58a,1024,794,164894,commons,https://upload.wikimedia.org/wikipedia/commons/f/f7/Cataulacus_wasmanni_casent0498567_profile_1.jpg,Cataulacus wasmanni casent0498567 profile 1.jpg,b171c0a591ca83100c92247659f3a83025694c2d,2009-10-18T07:58:52Z,exact,"harvester downscale, byte-identical","recovered by 14_commons_provenance.py: the Commons original after 06_harvest_commons.py's downscale (RGB, max 1024 px, JPEG quality 90)"
casent0498593,Anochetus,train,p,data/images/Anochetus/casent0498593_p.jpg,70093c3e904ca1cab98602f207f3c2d24a5747edc0f64e723b683a3cbd74f963,1024,771,169801,commons,https://upload.wikimedia.org/wikipedia/commons/7/70/Anochetus_madagascarensis_casent0498593_profile_1.jpg,Anochetus madagascarensis casent0498593 profile 1.jpg,6225682ea400ee4cf4cf7ec604b1d654db6baca7,2009-10-19T20:00:50Z,exact,"harvester downscale, byte-identical","recovered by 14_commons_provenance.py: the Commons original after 06_harvest_commons.py's downscale (RGB, max 1024 px, JPEG quality 90)"
casent0498885,Crematogaster,train,p,data/images/Crematogaster/casent0498885_p.jpg,5f8ac76a646ff4705a7390abad3f3f41ef3fdf4ae3e06fcf44461d4b81969db6,1024,741,155086,commons,https://upload.wikimedia.org/wikipedia/commons/e/e0/Crematogaster_adrepens_casent0498885_profile_1.jpg,Crematogaster adrepens casent0498885 profile 1.jpg,684f0481a65c768cdb572af8d78c0fbd207f57d4,2009-10-18T23:27:09Z,exact,"harvester downscale, byte-identical","recovered by 14_commons_provenance.py: the Commons original after 06_harvest_commons.py's downscale (RGB, max 1024 px, JPEG quality 90)"
casent0498916,Camponotus,train,p,data/images/Camponotus/casent0498916_p.jpg,8aabcc924171ccb4c03fe5d3472ec7c8d19e9f3263664c738591af17084e5834,1024,1024,159861,gbif_cache,https://api.gbif.org/v1/image/cache/1024x1024/occurrence/865231657/media/41792119d02ed585e8e19011189922f1,,,,,,GBIF image cache of https://www.antweb.org/images/casent0498916/casent0498916_p_1_high.jpg; download success recorded in download_status.csv; size variant (1024x1024 or original) not recorded
casent0499051,Camponotus,train,p,data/images/Camponotus/casent0499051_p.jpg,6c94eb1f10cea64a6c24edcd3f2f3d76cf7b63217806de06923def25769458e3,1024,1024,150874,gbif_cache,https://api.gbif.org/v1/image/cache/1024x1024/occurrence/865231559/media/82f8497e9331b5c15d6133656c916c05,,,,,,GBIF image cache of https://www.antweb.org/images/casent0499051/casent0499051_p_1_high.jpg; download success recorded in download_status.csv; size variant (1024x1024 or original) not recorded
casent0499163,Terataner,train,p,data/images/Terataner/casent0499163_p.jpg,3786aac9e28b4d24be321023421e8a4ad08fcacba4f50db524aadd0d3c0381d0,1024,771,190109,commons,https://upload.wikimedia.org/wikipedia/commons/c/c6/Terataner_alluaudi_casent0499163_profile_1.jpg,Terataner alluaudi casent0499163 profile 1.jpg,479ab912ceaf0f309d8fb5113ca161d5dee2491a,2009-10-21T14:05:09Z,exact,"harvester downscale, byte-identical","recovered by 14_commons_provenance.py: the Commons original after 06_harvest_commons.py's downscale (RGB, max 1024 px, JPEG quality 90)"
casent0499525,Odontomachus,train,p,data/images/Odontomachus/casent0499525_p.jpg,ba063f46e1d741fbb148de2a46cc0deec284ebd4d80645809fee27e04bfeb329,1024,769,163208,commons,https://upload.wikimedia.org/wikipedia/commons/5/56/Odontomachus_coquereli_casent0499525_profile_1.jpg,Odontomachus coquereli casent0499525 profile 1.jpg,f26384c9b7d83ec80afa527c5aca02ad492ad944,2009-10-21T20:30:46Z,exact,"harvester downscale, byte-identical","recovered by 14_commons_provenance.py: the Commons original after 06_harvest_commons.py's downscale (RGB, max 1024 px, JPEG quality 90)"
casent0499794,Technomyrmex,test,p,data/images/Technomyrmex/casent0499794_p.jpg,37dedf3417b6280a2e67452b2907f44f23aa939fbde678c7a6eebf4e24f0d271,1024,771,158849,commons,https://upload.wikimedia.org/wikipedia/commons/3/3b/Technomyrmex_mayri_casent0499794_profile_1.jpg,Technomyrmex mayri casent0499794 profile 1.jpg,f82ac0d3076208088a0abf8c3837814f368d64a9,2009-10-21T12:06:43Z,exact,"harvester downscale, byte-identical","recovered by 14_commons_provenance.py: the Commons original after 06_harvest_commons.py's downscale (RGB, max 1024 px, JPEG quality 90)"
casent0499800,Strumigenys,train,p,data/images/Strumigenys/casent0499800_p.jpg,6b4088ab48bba4ba32cf868751d1775d8bc604a0c5b5b23f0746af372467381c,1024,737,142331,commons,https://upload.wikimedia.org/wikipedia/commons/0/04/Strumigenys_dicomas_casent0499800_profile_1.jpg,Strumigenys dicomas casent0499800 profile 1.jpg,8443bd5f73da96fad5409b388daccb53cdc5194c,2009-10-18T11:33:31Z,exact,"harvester downscale, byte-identical","recovered by 14_commons_provenance.py: the Commons original after 06_harvest_commons.py's downscale (RGB, max 1024 px, JPEG quality 90)"
casent0704282,Pheidole,test,p,data/images/Pheidole/casent0704282_p.jpg,573fa9bc2d88198d9c94c6435dc1aa3bf663724c93200c0f376c5f36459c736c,1024,1024,102518,gbif_cache,https://api.gbif.org/v1/image/cache/1024x1024/occurrence/2425456555/media/8d9646d3c39f03abe3c15b5611be2e40,,,,,,GBIF image cache of https://www.antweb.org/images/casent0704282/casent0704282_p_1_high.jpg; download success recorded in download_status.csv; size variant (1024x1024 or original) not recorded
casent0720924,Pheidole,train,p,data/images/Pheidole/casent0720924_p.jpg,8e8a389b152eed04362beaa999ad87ccee3d14a8d2a17e4d25c2fb6f3b5c1056,1024,1024,122129,gbif_cache,https://api.gbif.org/v1/image/cache/1024x1024/occurrence/2425456579/media/06ef93a09227e7f6817f19eca369b5d9,,,,,,GBIF image cache of https://www.antweb.org/images/casent0720924/casent0720924_p_1_high.jpg; download success recorded in download_status.csv; size variant (1024x1024 or original) not recorded
casent0808080,Pheidole,test,p,data/images/Pheidole/casent0808080_p.jpg,aa8a3d7f21b3f4445a06cbc3e8e333b2de7aaefd2a287388bb46ddad0a5b36b0,1024,1024,110949,gbif_cache,https://api.gbif.org/v1/image/cache/1024x1024/occurrence/1935635118/media/3e4d1e673b8d09f84270e2cb82455bb6,,,,,,GBIF image cache of https://www.antweb.org/images/casent0808080/casent0808080_p_1_high.jpg; download success recorded in download_status.csv; size variant (1024x1024 or original) not recorded
casent0812061,Cardiocondyla,test,p,data/images/Cardiocondyla/casent0812061_p.jpg,e9d6c313ff89471e343af6dd696efa7d342165d5657d94d946744064201ca914,1024,1024,96792,gbif_cache,https://api.gbif.org/v1/image/cache/1024x1024/occurrence/1848239287/media/349afeeae940eccfbf801ed87287d877,,,,,,GBIF image cache of https://www.antweb.org/images/casent0812061/casent0812061_p_1_high.jpg; download success recorded in download_status.csv; size variant (1024x1024 or original) not recorded
casent0822320,Aphaenogaster,train,p,data/images/Aphaenogaster/casent0822320_p.jpg,2dec080e86e186ecd58c3bd08f3456f9a0f4c49aa3dfff20f4a3837ac261e286,1024,1024,70434,gbif_cache,https://api.gbif.org/v1/image/cache/1024x1024/occurrence/1413786162/media/bd6d9cf9062a1beae43668aa49e503e1,,,,,,GBIF image cache of https://www.antweb.org/images/casent0822320/casent0822320_p_2_high.jpg; download success recorded in download_status.csv; size variant (1024x1024 or original) not recorded
casent0840847,Pachycondyla,train,p,data/images/Pachycondyla/casent0840847_p.jpg,cdc336549c38bb010ae28a048aa9b6775ef92cce163488b0a9d9362c8535bd27,1024,1024,107222,gbif_cache,https://api.gbif.org/v1/image/cache/1024x1024/occurrence/1839282015/media/bc9958aae9198d7e514f0e6bb1f4a737,,,,,,GBIF image cache of https://www.antweb.org/images/casent0840847/casent0840847_p_1_high.jpg; download success recorded in download_status.csv; size variant (1024x1024 or original) not recorded
casent0905276,Camponotus,train,p,data/images/Camponotus/casent0905276_p.jpg,e5e0891866f4f7abe0bd2494fb66f19550aac5cd99805bd86fe97c70b937418e,1024,1024,143982,gbif_cache,https://api.gbif.org/v1/image/cache/1024x1024/occurrence/865266404/media/71dc28cdc27414d02e99f9c6e14414a4,,,,,,GBIF image cache of https://www.antweb.org/images/casent0905276/casent0905276_p_1_high.jpg; download success recorded in download_status.csv; size variant (1024x1024 or original) not recorded
casent0905277,Camponotus,train,p,data/images/Camponotus/casent0905277_p.jpg,5d191cbeaca815ba799fff7a72012789523cc332fdca7db19766a1a6b7c3d534,1024,1024,121658,gbif_cache,https://api.gbif.org/v1/image/cache/1024x1024/occurrence/865266429/media/9a51b2050cbf8050a98501ee07a9fc3d,,,,,,GBIF image cache of https://www.antweb.org/images/casent0905277/casent0905277_p_1_high.jpg; download success recorded in download_status.csv; size variant (1024x1024 or original) not recorded
casent0906497,Pheidole,train,p,data/images/Pheidole/casent0906497_p.jpg,2793dcc6136bdfb924f6242b69880e2663bbda4adb322ddde69925f19b1a0ed7,1024,1024,95312,gbif_cache,https://api.gbif.org/v1/image/cache/1024x1024/occurrence/1213737804/media/04a21ea63985b6bd3f334e2d4b69ec55,,,,,,GBIF image cache of https://www.antweb.org/images/casent0906497/casent0906497_p_1_high.jpg; download success recorded in download_status.csv; size variant (1024x1024 or original) not recorded
casent0906905,Mystrium,train,p,data/images/Mystrium/casent0906905_p.jpg,d50b336523423ff7acda03eb17fd6cb9dce50c0fc6557d24d9bd16ac68df8091,1024,1024,112678,gbif_cache,https://api.gbif.org/v1/image/cache/1024x1024/occurrence/1085685368/media/f5722b057506dabcc900465e1b03c945,,,,,,GBIF image cache of https://www.antweb.org/images/casent0906905/casent0906905_p_1_high.jpg; download success recorded in download_status.csv; size variant (1024x1024 or original) not recorded
casent0919664,Crematogaster,train,p,data/images/Crematogaster/casent0919664_p.jpg,6550e30c0178ae0baa983ee2403540a0752204775ceb50ef01c615391a6a4ff4,1024,1024,117376,gbif_cache,https://api.gbif.org/v1/image/cache/1024x1024/occurrence/1213738841/media/53e18f3fcbca6930c5b210dd7f572edf,,,,,,GBIF image cache of https://www.antweb.org/images/casent0919664/casent0919664_p_1_high.jpg; download success recorded in download_status.csv; size variant (1024x1024 or original) not recorded
casent0919845,Nesomyrmex,test,p,data/images/Nesomyrmex/casent0919845_p.jpg,2b9720d796da7529ef6810cffc8c4cc0d063d04b0fc77ce998d6c6a3c760dc90,1024,1024,89969,gbif_cache,https://api.gbif.org/v1/image/cache/1024x1024/occurrence/1249180806/media/2613dc73e513e4a2531351b1f0c668d8,,,,,,GBIF image cache of https://www.antweb.org/images/casent0919845/casent0919845_p_1_high.jpg; download success recorded in download_status.csv; size variant (1024x1024 or original) not recorded
casent0923194,Pheidole,train,p,data/images/Pheidole/casent0923194_p.jpg,625e692cf37366372bba8cc0ceebdeaf017bfea7579b6352b640ce489a6f777e,1024,1024,160638,gbif_cache,https://api.gbif.org/v1/image/cache/1024x1024/occurrence/2252113798/media/486cd3eea10d22b7b1c20f820bd1c098,,,,,,GBIF image cache of https://www.antweb.org/images/casent0923194/casent0923194_p_1_high.jpg; download success recorded in download_status.csv; size variant (1024x1024 or original) not recorded
casent0923257,Pheidole,train,p,data/images/Pheidole/casent0923257_p.jpg,eb5781c012a41ab3e64e3efb7c5c4cc7500e24ee60af79908cebf70de0df88f8,1024,1024,132816,gbif_cache,https://api.gbif.org/v1/image/cache/1024x1024/occurrence/2425456608/media/6cb6876177573bb3c1ff635de6d37f68,,,,,,GBIF image cache of https://www.antweb.org/images/casent0923257/casent0923257_p_1_high.jpg; download success recorded in download_status.csv; size variant (1024x1024 or original) not recorded
casent0923269,Pheidole,train,p,data/images/Pheidole/casent0923269_p.jpg,751978d1d16b04b68f6841c1cdc1c0916a69956e63460d47df2663f20a6ee299,1024,1024,111986,gbif_cache,https://api.gbif.org/v1/image/cache/1024x1024/occurrence/2425456602/media/8cea9e43f520e0b9c07c1546236e6c28,,,,,,GBIF image cache of https://www.antweb.org/images/casent0923269/casent0923269_p_1_high.jpg; download success recorded in download_status.csv; size variant (1024x1024 or original) not recorded
casent0923292,Pheidole,test,p,data/images/Pheidole/casent0923292_p.jpg,0624ef129c05aa8474bc6eccc37e40ed8974b6fc98a76de2653d6a4dc9ab17e5,1024,1024,109455,gbif_cache,https://api.gbif.org/v1/image/cache/1024x1024/occurrence/2459176539/media/875098ce6bab2f092429c40d7b631955,,,,,,GBIF image cache of https://www.antweb.org/images/casent0923292/casent0923292_p_1_high.jpg; download success recorded in download_status.csv; size variant (1024x1024 or original) not recorded
casent0923322,Pheidole,train,p,data/images/Pheidole/casent0923322_p.jpg,4faceb0e86e42b4baa1fdafee60448beff1a7a2ec2711a1459a0943900cfcbbf,1024,1024,103524,gbif_cache,https://api.gbif.org/v1/image/cache/1024x1024/occurrence/2451562124/media/7a1685acaa912fbe01bd90b56ce17ae1,,,,,,GBIF image cache of https://www.antweb.org/images/casent0923322/casent0923322_p_1_high.jpg; download success recorded in download_status.csv; size variant (1024x1024 or original) not recorded
casent0923668,Tapinoma,train,p,data/images/Tapinoma/casent0923668_p.jpg,5e977813e90b2963f6734ecd8229d21505a0513e4b1ed6ad051d9ee27f50e16f,1280,939,221886,commons,https://upload.wikimedia.org/wikipedia/commons/2/2b/Tapinoma_aberrans_casent0923668_profile_1.jpg,Tapinoma aberrans casent0923668 profile 1.jpg,6263d71a15499045d7ae9d9430a17c6b5ca7bc47,2024-10-31T03:36:32Z,exact,"Commons server thumbnail, byte-identical","recovered by 14_commons_provenance.py: Commons' own thumbnail of that original (requested at 1024 px, served at the next standard width); not what the current harvester fetches, so most likely an earlier version of it, whose docstring still describes 1024 px thumbnails"
focol2361,Camponotus,train,p,data/images/Camponotus/focol2361_p.jpg,6fdc78c7ad0a9363c15cde5f17e000e1d6ad32918a7b0e9ae1742ef9b0149ad4,1024,1024,121030,gbif_cache,https://api.gbif.org/v1/image/cache/1024x1024/occurrence/1229647630/media/8e9e43053d6dd392fee8c17b81db7c8a,,,,,,GBIF image cache of https://www.antweb.org/images/focol2361/focol2361_p_1_high.jpg; download success recorded in download_status.csv; size variant (1024x1024 or original) not recorded
focol2362,Camponotus,train,p,data/images/Camponotus/focol2362_p.jpg,fa245e3aea19ece0453cdc6fd89a867dfee5d4a95d33230dcfe144c3076e8b74,1024,1024,123511,gbif_cache,https://api.gbif.org/v1/image/cache/1024x1024/occurrence/1229647617/media/5027d3a264bcbba7d72bf6a03e0c61dd,,,,,,GBIF image cache of https://www.antweb.org/images/focol2362/focol2362_p_1_high.jpg; download success recorded in download_status.csv; size variant (1024x1024 or original) not recorded
focol2363,Camponotus,train,p,data/images/Camponotus/focol2363_p.jpg,89a68d47550da93746656134cec9d1316270cd4641f7dd6ef3a68df0255564de,1024,1024,120444,gbif_cache,https://api.gbif.org/v1/image/cache/1024x1024/occurrence/1229647615/media/c4fc502a0739465b43bb50cf7d53e931,,,,,,GBIF image cache of https://www.antweb.org/images/focol2363/focol2363_p_1_high.jpg; download success recorded in download_status.csv; size variant (1024x1024 or original) not recorded
focol2364,Camponotus,train,p,data/images/Camponotus/focol2364_p.jpg,00d19d8ee7acc63bc1fefaa629a7f30ea0765ec3f987f44401ed223e628ce326,1024,1024,132006,gbif_cache,https://api.gbif.org/v1/image/cache/1024x1024/occurrence/1229647609/media/833cd70dd08b3bb1c7816c85e7914ed9,,,,,,GBIF image cache of https://www.antweb.org/images/focol2364/focol2364_p_1_high.jpg; download success recorded in download_status.csv; size variant (1024x1024 or original) not recorded
focol2384,Camponotus,train,p,data/images/Camponotus/focol2384_p.jpg,d831b8624c325b866ae6987c545ad7e1936c32e76495e56f9f1a90912a9aec1d,1024,1024,132769,gbif_cache,https://api.gbif.org/v1/image/cache/1024x1024/occurrence/1229647637/media/53c962a850dfa2eae3b1214e8816d7c5,,,,,,GBIF image cache of https://www.antweb.org/images/focol2384/focol2384_p_1_high.jpg; download success recorded in download_status.csv; size variant (1024x1024 or original) not recorded
focol2385,Camponotus,test,p,data/images/Camponotus/focol2385_p.jpg,13ce3d6cedfe4d25a5cf534961b7317824714a4096031e72041c6cdb1e7929ad,1024,1024,121852,gbif_cache,https://api.gbif.org/v1/image/cache/1024x1024/occurrence/1229647626/media/06c02eda1d27bdbab3c5404a7d3b61e1,,,,,,GBIF image cache of https://www.antweb.org/images/focol2385/focol2385_p_1_high.jpg; download success recorded in download_status.csv; size variant (1024x1024 or original) not recorded
